episode,seg,ms0,ms1,direction,file_off0,bytes,lba0,lba1,in_slot
ep0,0,1810,1810,meta,,4096,0,7,False
ep0,1,1812,1812,meta,,4096,0,7,False
ep0,2,1828,1828,meta,,4096,0,7,False
ep0,3,1830,1830,meta,,4096,0,7,False
ep0,4,1832,1832,meta,,4096,32,39,False
ep0,5,1834,1834,meta,,4096,32,39,False
ep0,6,1836,1836,meta,,4096,40,47,False
ep0,7,1838,1838,meta,,4096,40,47,False
ep0,8,1840,1840,meta,,4096,48,55,False
ep0,9,1842,1842,meta,,4096,48,55,False
ep0,10,1843,1843,meta,,4096,56,63,False
ep0,11,1846,1846,meta,,4096,56,63,False
ep0,12,1847,1847,meta,,4096,64,71,False
ep0,13,1849,1849,meta,,4096,64,71,False
ep0,14,1853,1853,meta,,4096,8,15,False
ep0,15,1855,1855,meta,,4096,8,15,False
ep0,16,1858,1858,meta,,4096,24,31,False
ep0,17,1860,1860,meta,,4096,24,31,False
ep0,18,1863,1863,forward,19968,4096,120,127,True
ep0,19,1865,1865,forward,19968,4096,120,127,True
ep0,20,1878,1878,meta,,4096,16,23,False
ep0,21,1880,1880,meta,,4096,16,23,False
ep0,22,1882,1882,forward,24064,4096,128,135,True
ep0,23,1884,1884,forward,24064,4096,128,135,True
ep0,24,1886,1886,forward,220672,4096,512,519,True
ep0,25,1888,1888,forward,220672,4096,512,519,True
ep0,26,1890,1890,forward,2055680,4096,4096,4103,True
ep0,27,1892,1892,forward,2055680,4096,4096,4103,True
ep0,28,1904,1904,meta,,4096,0,7,False
ep0,29,1907,1907,meta,,4096,0,7,False
ep0,30,2024,2024,meta,,512,0,0,False
ep0,31,2026,2026,meta,,4096,1,8,False
ep0,32,2026,2026,meta,,512,0,0,False
ep0,33,2028,2028,meta,,4096,1,8,False
ep0,34,2031,2031,meta,,4096,9,16,False
ep0,35,2033,2033,meta,,4096,9,16,False
ep0,36,2035,2035,meta,,4096,33,40,False
ep0,37,2037,2037,meta,,4096,33,40,False
ep0,38,2039,2039,meta,,4096,41,48,False
ep0,39,2041,2041,meta,,4096,41,48,False
ep0,40,2043,2043,meta,,4096,49,56,False
ep0,41,2045,2045,meta,,4096,49,56,False
ep0,42,2047,2047,meta,,4096,57,64,False
ep0,43,2049,2049,meta,,4096,57,64,False
ep0,44,2085,2085,meta,,512,1,1,False
ep0,45,2086,2086,meta,,512,2,2,False
ep0,46,2087,2087,meta,,2560,3,7,False
ep0,47,2090,2090,meta,,4096,32,39,False
ep0,48,2094,2094,meta,,4096,40,47,False
ep0,49,2097,2097,meta,,4096,48,55,False
ep0,50,2098,2098,meta,,512,1,1,False
ep0,51,2099,2099,meta,,512,2,2,False
ep0,52,2100,2100,meta,,2560,3,7,False
ep0,53,2101,2101,meta,,4096,56,63,False
ep0,54,2105,2105,meta,,4096,64,71,False
ep0,55,2105,2105,meta,,4096,32,39,False
ep0,56,2108,2108,meta,,4096,40,47,False
ep0,57,2110,2110,meta,,4096,8,15,False
ep0,58,2112,2112,meta,,4096,48,55,False
ep0,59,2116,2116,meta,,4096,24,31,False
ep0,60,2116,2116,meta,,4096,56,63,False
ep0,61,2119,2119,meta,,4096,64,71,False
ep0,62,2120,2120,forward,19968,4096,120,127,True
ep0,63,2125,2125,meta,,4096,8,15,False
ep0,64,2126,2126,meta,,4096,16,23,False
ep0,65,2130,2130,forward,24064,4096,128,135,True
ep0,66,2131,2131,meta,,4096,24,31,False
ep0,67,2138,2138,forward,220672,4096,512,519,True
ep0,68,2138,2138,forward,19968,4096,120,127,True
ep0,69,2145,2145,meta,,4096,16,23,False
ep0,70,2150,2150,forward,24064,4096,128,135,True
ep0,71,2154,2154,forward,2055680,4096,4096,4103,True
ep0,72,2154,2154,forward,220672,4096,512,519,True
ep0,73,2158,2158,forward,2055680,4096,4096,4103,True
ep0,74,2230,2230,meta,,4096,65,72,False
ep0,75,2240,2240,meta,,4096,73,80,False
ep0,76,2254,2254,meta,,4096,65,72,False
ep0,77,2269,2269,meta,,4096,73,80,False
ep0,78,2291,2320,forward,0,32768,81,144,True
ep0,79,2321,2321,forward,0,4096,81,88,True
ep0,80,2324,2324,forward,32768,4096,145,152,True
ep0,81,2325,2325,forward,4096,4096,89,96,True
ep0,82,2328,2328,forward,36864,4096,153,160,True
ep0,83,2329,2329,forward,8192,4096,97,104,True
ep0,84,2332,2332,forward,40960,4096,161,168,True
ep0,85,2333,2333,forward,12288,4096,105,112,True
ep0,86,2336,2336,forward,45056,4096,169,176,True
ep0,87,2339,2339,forward,16384,4096,113,120,True
ep0,88,2340,2340,forward,49152,4096,177,184,True
ep0,89,2343,2343,forward,20480,4096,121,128,True
ep0,90,2344,2344,forward,53248,4096,185,192,True
ep0,91,2347,2347,forward,24576,4096,129,136,True
ep0,92,2348,2348,forward,57344,4096,193,200,True
ep0,93,2351,2351,forward,28672,4096,137,144,True
ep0,94,2352,2352,forward,61440,4096,201,208,True
ep0,95,2355,2355,forward,32768,4096,145,152,True
ep0,96,2356,2356,forward,65536,4096,209,216,True
ep0,97,2359,2359,forward,36864,4096,153,160,True
ep0,98,2360,2363,forward,69632,8192,217,232,True
ep0,99,2363,2363,forward,40960,4096,161,168,True
ep0,100,2367,2367,forward,77824,4096,233,240,True
ep0,101,2367,2367,forward,45056,4096,169,176,True
ep0,102,2371,2371,forward,8384512,4096,16457,16464,True
ep0,103,2371,2383,forward,49152,16384,177,208,True
ep0,104,2388,2396,forward,81920,12288,241,264,True
ep0,105,2397,2397,forward,65536,4096,209,216,True
ep0,106,2400,2400,forward,94208,4096,265,272,True
ep0,107,2401,2401,forward,69632,4096,217,224,True
ep0,108,2404,2404,forward,98304,4096,273,280,True
ep0,109,2405,2405,forward,73728,4096,225,232,True
ep0,110,2408,2408,forward,102400,4096,281,288,True
ep0,111,2409,2409,forward,77824,4096,233,240,True
ep0,112,2412,2630,forward,106496,237568,289,752,True
ep0,113,2634,2634,meta,,4096,16465,16472,False
ep0,114,2642,2642,meta,,4096,65,72,False
ep0,115,2649,2649,meta,,4096,16473,16480,False
ep0,116,2652,2652,meta,,4096,16481,16488,False
ep0,117,2656,2656,meta,,4096,16489,16496,False
ep0,118,2656,2656,meta,,4096,73,80,False
ep0,119,2660,2660,meta,,4096,17489,17496,False
ep0,120,2664,2664,meta,,4096,17497,17504,False
ep0,121,2664,2664,forward,0,4096,81,88,True
ep0,122,2667,2667,meta,,4096,17505,17512,False
ep0,123,2668,2668,forward,4096,4096,89,96,True
ep0,124,2671,2671,meta,,4096,17513,17520,False
ep0,125,2672,2672,forward,8192,4096,97,104,True
ep0,126,2675,2675,meta,,4096,17521,17528,False
ep0,127,2676,2676,forward,12288,4096,105,112,True
ep0,128,2678,2678,meta,,4096,17529,17536,False
ep0,129,2681,2681,forward,16384,4096,113,120,True
ep0,130,2682,2682,meta,,4096,17537,17544,False
ep0,131,2684,2684,forward,20480,4096,121,128,True
ep0,132,2686,2686,meta,,4096,17545,17552,False
ep0,133,2688,2688,forward,24576,4096,129,136,True
ep0,134,2689,2689,meta,,4096,17553,17560,False
ep0,135,2692,2692,forward,28672,4096,137,144,True
ep0,136,2693,2693,meta,,4096,17561,17568,False
ep0,137,2696,2696,forward,32768,4096,145,152,True
ep0,138,2697,2697,meta,,4096,17569,17576,False
ep0,139,2699,2699,forward,36864,4096,153,160,True
ep0,140,2700,2700,meta,,4096,17577,17584,False
ep0,141,2703,2703,forward,40960,4096,161,168,True
ep0,142,2704,2704,meta,,4096,17585,17592,False
ep0,143,2707,2707,forward,45056,4096,169,176,True
ep0,144,2708,2708,meta,,4096,17593,17600,False
ep0,145,2711,2711,meta,,4096,17601,17608,False
ep0,146,2711,2711,forward,49152,4096,177,184,True
ep0,147,2715,2715,meta,,4096,17609,17616,False
ep0,148,2715,2718,forward,53248,8192,185,200,True
ep0,149,2719,2719,meta,,4096,17617,17624,False
ep0,150,2722,2722,meta,,4096,17625,17632,False
ep0,151,2722,2722,forward,61440,4096,201,208,True
ep0,152,2726,2726,meta,,4096,17633,17640,False
ep0,153,2730,2730,meta,,4096,17641,17648,False
ep0,154,2733,2733,meta,,4096,17649,17656,False
ep0,155,2737,2737,meta,,4096,17657,17664,False
ep0,156,2737,2740,forward,65536,8192,209,224,True
ep0,157,2741,2741,meta,,4096,17665,17672,False
ep0,158,2744,2744,meta,,4096,17673,17680,False
ep0,159,2744,2744,forward,73728,4096,225,232,True
ep0,160,2748,2748,meta,,4096,17681,17688,False
ep0,161,2748,2748,forward,77824,4096,233,240,True
ep0,162,2752,2752,meta,,4096,17689,17696,False
ep0,163,2752,2752,forward,8384512,4096,16457,16464,True
ep0,164,2756,2756,meta,,4096,17697,17704,False
ep0,165,2759,2759,meta,,4096,17705,17712,False
ep0,166,2763,2763,meta,,4096,17713,17720,False
ep0,167,2767,2767,meta,,4096,17721,17728,False
ep0,168,2768,2768,forward,81920,4096,241,248,True
ep0,169,2771,2771,meta,,4096,17729,17736,False
ep0,170,2771,2771,forward,86016,4096,249,256,True
ep0,171,2775,2775,meta,,4096,17737,17744,False
ep0,172,2775,2775,forward,90112,4096,257,264,True
ep0,173,2779,2779,meta,,4096,17745,17752,False
ep0,174,2779,2779,forward,94208,4096,265,272,True
ep0,175,2782,2782,meta,,4096,17753,17760,False
ep0,176,2783,2783,forward,98304,4096,273,280,True
ep0,177,2786,2786,meta,,4096,17761,17768,False
ep0,178,2787,2787,forward,102400,4096,281,288,True
ep0,179,2790,2790,meta,,4096,17769,17776,False
ep0,180,2791,2791,forward,106496,4096,289,296,True
ep0,181,2793,2793,meta,,4096,17777,17784,False
ep0,182,2794,2794,forward,110592,4096,297,304,True
ep0,183,2797,2797,meta,,4096,17785,17792,False
ep0,184,2798,2798,forward,114688,4096,305,312,True
ep0,185,2801,2801,meta,,4096,17793,17800,False
ep0,186,2802,2802,forward,118784,4096,313,320,True
ep0,187,2805,2805,meta,,4096,17801,17808,False
ep0,188,2806,2806,forward,122880,4096,321,328,True
ep0,189,2809,2809,meta,,4096,17809,17816,False
ep0,190,2810,2810,forward,126976,4096,329,336,True
ep0,191,2812,2812,meta,,4096,17817,17824,False
ep0,192,2813,2813,forward,131072,4096,337,344,True
ep0,193,2816,2816,meta,,4096,17825,17832,False
ep0,194,2817,2817,forward,135168,4096,345,352,True
ep0,195,2817,2817,meta,,4096,17521,17528,False
ep0,196,2820,2820,meta,,4096,17833,17840,False
ep0,197,2820,2820,meta,,4096,17529,17536,False
ep0,198,2821,2821,forward,139264,4096,353,360,True
ep0,199,2824,2824,meta,,4096,17841,17848,False
ep0,200,2825,2825,forward,143360,4096,361,368,True
ep0,201,2825,2825,meta,,4096,17537,17544,False
ep0,202,2827,2827,meta,,4096,17849,17856,False
ep0,203,2829,2829,forward,147456,4096,369,376,True
ep0,204,2830,2830,meta,,4096,17545,17552,False
ep0,205,2831,2831,meta,,4096,17857,17864,False
ep0,206,2832,2832,meta,,4096,17769,17776,False
ep0,207,2832,2832,forward,151552,4096,377,384,True
ep0,208,2834,2834,meta,,4096,17553,17560,False
ep0,209,2835,2835,meta,,4096,17865,17872,False
ep0,210,2835,2835,meta,,4096,17777,17784,False
ep0,211,2836,2836,forward,155648,4096,385,392,True
ep0,212,2839,2839,meta,,4096,17873,17880,False
ep0,213,2839,2839,meta,,4096,17785,17792,False
ep0,214,2839,2839,meta,,4096,17561,17568,False
ep0,215,2840,2840,forward,159744,4096,393,400,True
ep0,216,2843,2843,meta,,4096,17881,17888,False
ep0,217,2843,2843,meta,,4096,17793,17800,False
ep0,218,2844,2844,forward,163840,4096,401,408,True
ep0,219,2844,2844,meta,,4096,17569,17576,False
ep0,220,2847,2847,meta,,4096,17889,17896,False
ep0,221,2847,2847,meta,,4096,17801,17808,False
ep0,222,2848,2848,forward,167936,4096,409,416,True
ep0,223,2849,2849,meta,,4096,17577,17584,False
ep0,224,2850,2850,meta,,4096,17809,17816,False
ep0,225,2851,2851,meta,,4096,17897,17904,False
ep0,226,2852,2852,forward,172032,4096,417,424,True
ep0,227,2853,2853,meta,,4096,17585,17592,False
ep0,228,2854,2854,meta,,4096,17817,17824,False
ep0,229,2855,2855,meta,,4096,17905,17912,False
ep0,230,2855,2855,forward,176128,4096,425,432,True
ep0,231,2858,2858,meta,,4096,17913,17920,False
ep0,232,2858,2858,meta,,4096,17825,17832,False
ep0,233,2858,2858,meta,,4096,17593,17600,False
ep0,234,2859,2859,forward,180224,4096,433,440,True
ep0,235,2861,2861,meta,,4096,17833,17840,False
ep0,236,2862,2862,meta,,4096,17921,17928,False
ep0,237,2863,2863,forward,184320,4096,441,448,True
ep0,238,2865,2865,meta,,4096,17841,17848,False
ep0,239,2866,2866,meta,,4096,17929,17936,False
ep0,240,2867,2867,forward,188416,4096,449,456,True
ep0,241,2869,2869,meta,,4096,17849,17856,False
ep0,242,2870,2870,meta,,4096,17937,17944,False
ep0,243,2871,2871,forward,192512,4096,457,464,True
ep0,244,2872,2872,meta,,4096,17857,17864,False
ep0,245,2874,2874,meta,,4096,17945,17952,False
ep0,246,2874,2874,forward,196608,4096,465,472,True
ep0,247,2876,2876,meta,,4096,17865,17872,False
ep0,248,2878,2878,meta,,4096,17953,17960,False
ep0,249,2878,2878,forward,200704,4096,473,480,True
ep0,250,2880,2880,meta,,4096,17873,17880,False
ep0,251,2881,2881,meta,,4096,17961,17968,False
ep0,252,2882,2882,forward,204800,4096,481,488,True
ep0,253,2884,2884,meta,,4096,17881,17888,False
ep0,254,2885,2885,meta,,4096,17969,17976,False
ep0,255,2886,2886,forward,208896,4096,489,496,True
ep0,256,2888,2888,meta,,4096,17889,17896,False
ep0,257,2889,2889,meta,,4096,17977,17984,False
ep0,258,2891,2891,meta,,4096,17897,17904,False
ep0,259,2892,2892,forward,212992,4096,497,504,True
ep0,260,2893,2893,meta,,4096,17985,17992,False
ep0,261,2895,2895,meta,,4096,17905,17912,False
ep0,262,2896,2896,meta,,4096,17993,18000,False
ep0,263,2896,2896,forward,217088,4096,505,512,True
ep0,264,2897,2897,meta,,4096,17601,17608,False
ep0,265,2899,2899,meta,,4096,17913,17920,False
ep0,266,2900,2900,meta,,4096,16497,16504,False
ep0,267,2900,2900,forward,221184,4096,513,520,True
ep0,268,2902,2902,meta,,4096,17921,17928,False
ep0,269,2902,2902,meta,,4096,17609,17616,False
ep0,270,2904,2904,forward,225280,4096,521,528,True
ep0,271,2906,2906,meta,,4096,17929,17936,False
ep0,272,2906,2906,meta,,4096,17617,17624,False
ep0,273,2907,2907,forward,229376,4096,529,536,True
ep0,274,2909,2909,meta,,4096,17937,17944,False
ep0,275,2910,2910,meta,,4096,17625,17632,False
ep0,276,2911,2911,forward,233472,4096,537,544,True
ep0,277,2913,2913,meta,,4096,17945,17952,False
ep0,278,2914,2914,meta,,4096,17633,17640,False
ep0,279,2915,2915,meta,,4096,16505,16512,False
ep0,280,2915,2915,forward,237568,4096,545,552,True
ep0,281,2917,2917,meta,,4096,17953,17960,False
ep0,282,2917,2917,meta,,4096,17641,17648,False
ep0,283,2918,2918,meta,,4096,16513,16520,False
ep0,284,2918,2918,forward,241664,4096,553,560,True
ep0,285,2921,2921,meta,,4096,17961,17968,False
ep0,286,2921,2921,meta,,4096,17649,17656,False
ep0,287,2922,2922,meta,,4096,16521,16528,False
ep0,288,2922,2922,forward,245760,4096,561,568,True
ep0,289,2925,2925,meta,,4096,17969,17976,False
ep0,290,2925,2925,meta,,4096,17657,17664,False
ep0,291,2926,2926,meta,,4096,16529,16536,False
ep0,292,2926,2926,forward,249856,4096,569,576,True
ep0,293,2928,2928,meta,,4096,17977,17984,False
ep0,294,2929,2929,forward,253952,4096,577,584,True
ep0,295,2929,2929,meta,,4096,17665,17672,False
ep0,296,2930,2930,meta,,4096,16537,16544,False
ep0,297,2932,2932,meta,,4096,17985,17992,False
ep0,298,2932,2932,meta,,4096,17673,17680,False
ep0,299,2933,2933,meta,,4096,16545,16552,False
ep0,300,2933,2933,forward,258048,4096,585,592,True
ep0,301,2936,2936,meta,,4096,17993,18000,False
ep0,302,2936,2936,meta,,4096,17681,17688,False
ep0,303,2937,2937,meta,,4096,16553,16560,False
ep0,304,2937,2937,forward,262144,4096,593,600,True
ep0,305,2940,2940,meta,,4096,16497,16504,False
ep0,306,2940,2940,forward,266240,4096,601,608,True
ep0,307,2940,2940,meta,,4096,17689,17696,False
ep0,308,2941,2941,meta,,4096,16561,16568,False
ep0,309,2943,2943,meta,,4096,16505,16512,False
ep0,310,2944,2944,meta,,4096,16569,16576,False
ep0,311,2944,2944,forward,270336,4096,609,616,True
ep0,312,2944,2944,meta,,4096,17697,17704,False
ep0,313,2947,2947,meta,,4096,16513,16520,False
ep0,314,2947,2947,forward,274432,4096,617,624,True
ep0,315,2947,2947,meta,,4096,17705,17712,False
ep0,316,2948,2948,meta,,4096,16577,16584,False
ep0,317,2950,2950,meta,,4096,16521,16528,False
ep0,318,2951,2951,forward,278528,4096,625,632,True
ep0,319,2951,2951,meta,,4096,17713,17720,False
ep0,320,2952,2952,meta,,4096,16585,16592,False
ep0,321,2954,2954,meta,,4096,16529,16536,False
ep0,322,2955,2955,meta,,4096,16593,16600,False
ep0,323,2955,2955,forward,282624,4096,633,640,True
ep0,324,2955,2955,meta,,4096,17721,17728,False
ep0,325,2957,2957,meta,,4096,16537,16544,False
ep0,326,2958,2958,forward,286720,4096,641,648,True
ep0,327,2959,2959,meta,,4096,16601,16608,False
ep0,328,2959,2959,meta,,4096,17729,17736,False
ep0,329,2961,2961,meta,,4096,16545,16552,False
ep0,330,2962,2962,forward,290816,4096,649,656,True
ep0,331,2963,2963,meta,,4096,16609,16616,False
ep0,332,2963,2963,meta,,4096,17737,17744,False
ep0,333,2965,2965,meta,,4096,16553,16560,False
ep0,334,2966,2966,meta,,4096,16617,16624,False
ep0,335,2966,2966,forward,294912,4096,657,664,True
ep0,336,2967,2967,meta,,4096,17745,17752,False
ep0,337,2968,2968,meta,,4096,16561,16568,False
ep0,338,2969,2969,forward,299008,4096,665,672,True
ep0,339,2970,2970,meta,,4096,17481,17488,False
ep0,340,2970,2970,meta,,4096,17753,17760,False
ep0,341,2972,2972,meta,,4096,16569,16576,False
ep0,342,2973,2973,meta,,4096,17841,17848,False
ep0,343,2973,2973,forward,303104,4096,673,680,True
ep0,344,2974,2974,meta,,4096,17761,17768,False
ep0,345,2975,2975,meta,,4096,18001,18008,False
ep0,346,2975,2975,meta,,4096,16577,16584,False
ep0,347,2977,2977,meta,,4096,17849,17856,False
ep0,348,2977,2977,forward,307200,4096,681,688,True
ep0,349,2977,2977,meta,,4096,17769,17776,False
ep0,350,2979,2979,meta,,4096,18009,18016,False
ep0,351,2979,2979,meta,,4096,16585,16592,False
ep0,352,2980,2980,meta,,4096,17857,17864,False
ep0,353,2981,2981,forward,311296,4096,689,696,True
ep0,354,2981,2981,meta,,4096,17777,17784,False
ep0,355,2983,2983,meta,,4096,18017,18024,False
ep0,356,2983,2983,meta,,4096,16593,16600,False
ep0,357,2984,2984,meta,,4096,17865,17872,False
ep0,358,2985,2985,forward,315392,4096,697,704,True
ep0,359,2985,2985,meta,,4096,17785,17792,False
ep0,360,2986,2986,meta,,4096,18025,18032,False
ep0,361,2986,2986,meta,,4096,16601,16608,False
ep0,362,2988,2988,meta,,4096,17873,17880,False
ep0,363,2988,2988,forward,319488,4096,705,712,True
ep0,364,2988,2988,meta,,4096,17793,17800,False
ep0,365,2990,2990,meta,,4096,18033,18040,False
ep0,366,2990,2990,meta,,4096,16609,16616,False
ep0,367,2991,2991,meta,,4096,17881,17888,False
ep0,368,2992,2992,forward,323584,4096,713,720,True
ep0,369,2992,2992,meta,,4096,17801,17808,False
ep0,370,2994,2994,meta,,4096,18041,18048,False
ep0,371,2994,2994,meta,,4096,16617,16624,False
ep0,372,2995,2995,meta,,4096,17889,17896,False
ep0,373,2995,2995,meta,,4096,17809,17816,False
ep0,374,2996,2996,forward,327680,4096,721,728,True
ep0,375,2997,2997,meta,,4096,18049,18056,False
ep0,376,2998,2998,meta,,4096,17481,17488,False
ep0,377,2999,2999,meta,,4096,17897,17904,False
ep0,378,2999,2999,forward,331776,4096,729,736,True
ep0,379,2999,2999,meta,,4096,17817,17824,False
ep0,380,3001,3001,meta,,4096,18057,18064,False
ep0,381,3002,3002,meta,,4096,17905,17912,False
ep0,382,3003,3003,forward,335872,4096,737,744,True
ep0,383,3003,3003,meta,,4096,17825,17832,False
ep0,384,3005,3005,meta,,4096,18065,18072,False
ep0,385,3006,3006,meta,,4096,17913,17920,False
ep0,386,3007,3007,forward,339968,4096,745,752,True
ep0,387,3007,3007,meta,,4096,17833,17840,False
ep0,388,3008,3008,meta,,4096,18073,18080,False
ep0,389,3010,3010,meta,,4096,17921,17928,False
ep0,390,3010,3010,meta,,4096,17489,17496,False
ep0,391,3011,3011,meta,,4096,17841,17848,False
ep0,392,3012,3012,meta,,4096,18081,18088,False
ep0,393,3013,3013,meta,,4096,18001,18008,False
ep0,394,3013,3013,meta,,4096,17929,17936,False
ep0,395,3015,3015,meta,,4096,17849,17856,False
ep0,396,3016,3016,meta,,4096,18089,18096,False
ep0,397,3017,3017,meta,,4096,18009,18016,False
ep0,398,3017,3017,meta,,4096,17937,17944,False
ep0,399,3019,3019,meta,,4096,18097,18104,False
ep0,400,3019,3019,meta,,4096,17857,17864,False
ep0,401,3021,3021,meta,,4096,18017,18024,False
ep0,402,3021,3021,meta,,4096,17945,17952,False
ep0,403,3022,3022,meta,,4096,17865,17872,False
ep0,404,3023,3023,meta,,4096,18105,18112,False
ep0,405,3024,3024,meta,,4096,18025,18032,False
ep0,406,3025,3025,meta,,4096,17953,17960,False
ep0,407,3025,3025,meta,,4096,17497,17504,False
ep0,408,3026,3026,meta,,4096,17873,17880,False
ep0,409,3027,3027,meta,,4096,18113,18120,False
ep0,410,3028,3028,meta,,4096,18033,18040,False
ep0,411,3028,3028,meta,,4096,17505,17512,False
ep0,412,3029,3029,meta,,4096,17961,17968,False
ep0,413,3030,3030,meta,,4096,18121,18128,False
ep0,414,3030,3030,meta,,4096,17881,17888,False
ep0,415,3032,3032,meta,,4096,18041,18048,False
ep0,416,3032,3032,meta,,4096,17513,17520,False
ep0,417,3033,3033,meta,,4096,17969,17976,False
ep0,418,3034,3034,meta,,4096,18129,18136,False
ep0,419,3034,3034,meta,,4096,17889,17896,False
ep0,420,3036,3036,meta,,4096,18049,18056,False
ep0,421,3036,3036,meta,,4096,17977,17984,False
ep0,422,3036,3036,meta,,4096,17521,17528,False
ep0,423,3038,3038,meta,,4096,18137,18144,False
ep0,424,3038,3038,meta,,4096,17897,17904,False
ep0,425,3039,3039,meta,,4096,17529,17536,False
ep0,426,3040,3040,meta,,4096,18057,18064,False
ep0,427,3040,3040,meta,,4096,17985,17992,False
ep0,428,3041,3041,meta,,4096,18145,18152,False
ep0,429,3041,3041,meta,,4096,17905,17912,False
ep0,430,3043,3043,meta,,4096,18065,18072,False
ep0,431,3043,3043,meta,,4096,17537,17544,False
ep0,432,3044,3044,meta,,4096,17993,18000,False
ep0,433,3045,3045,meta,,4096,18153,18160,False
ep0,434,3045,3045,meta,,4096,17913,17920,False
ep0,435,3046,3046,meta,,4096,17545,17552,False
ep0,436,3047,3047,meta,,4096,18073,18080,False
ep0,437,3048,3048,meta,,4096,16465,16472,False
ep0,438,3049,3049,meta,,4096,18161,18168,False
ep0,439,3049,3049,meta,,4096,17921,17928,False
ep0,440,3050,3050,meta,,4096,17553,17560,False
ep0,441,3051,3051,meta,,4096,18081,18088,False
ep0,442,3052,3052,meta,,4096,18169,18176,False
ep0,443,3052,3052,meta,,4096,16473,16480,False
ep0,444,3053,3053,meta,,4096,17929,17936,False
ep0,445,3055,3055,meta,,4096,18089,18096,False
ep0,446,3055,3055,meta,,4096,16481,16488,False
ep0,447,3056,3056,meta,,4096,18177,18184,False
ep0,448,3056,3056,meta,,4096,17937,17944,False
ep0,449,3059,3059,meta,,4096,18097,18104,False
ep0,450,3059,3059,meta,,4096,16489,16496,False
ep0,451,3060,3060,meta,,4096,18185,18192,False
ep0,452,3060,3060,meta,,4096,17945,17952,False
ep0,453,3062,3062,meta,,4096,18105,18112,False
ep0,454,3063,3063,meta,,4096,18193,18200,False
ep0,455,3063,3063,meta,,4096,18001,18008,False
ep0,456,3064,3064,meta,,4096,18409,18416,False
ep0,457,3064,3064,meta,,4096,17953,17960,False
ep0,458,3066,3066,meta,,4096,18113,18120,False
ep0,459,3067,3067,meta,,4096,18201,18208,False
ep0,460,3068,3068,meta,,4096,18417,18424,False
ep0,461,3068,3068,meta,,4096,17961,17968,False
ep0,462,3069,3069,meta,,4096,18121,18128,False
ep0,463,3071,3071,meta,,4096,18209,18216,False
ep0,464,3072,3072,meta,,4096,18425,18432,False
ep0,465,3072,3072,meta,,4096,17969,17976,False
ep0,466,3073,3073,meta,,4096,18129,18136,False
ep0,467,3074,3074,meta,,4096,18217,18224,False
ep0,468,3075,3075,meta,,4096,18433,18440,False
ep0,469,3076,3076,meta,,4096,17977,17984,False
ep0,470,3077,3077,meta,,4096,18137,18144,False
ep0,471,3078,3078,meta,,4096,18225,18232,False
ep0,472,3078,3078,meta,,4096,18009,18016,False
ep0,473,3079,3079,meta,,4096,18441,18448,False
ep0,474,3079,3079,meta,,4096,17985,17992,False
ep0,475,3080,3080,meta,,4096,18145,18152,False
ep0,476,3082,3082,meta,,4096,18233,18240,False
ep0,477,3082,3082,meta,,4096,18017,18024,False
ep0,478,3083,3083,meta,,4096,18449,18456,False
ep0,479,3083,3083,meta,,4096,17993,18000,False
ep0,480,3084,3084,meta,,4096,18153,18160,False
ep0,481,3086,3086,meta,,4096,18241,18248,False
ep0,482,3086,3086,meta,,4096,18025,18032,False
ep0,483,3087,3087,meta,,4096,18161,18168,False
ep0,484,3087,3087,meta,,4096,18457,18464,False
ep0,485,3087,3087,meta,,4096,16497,16504,False
ep0,486,3089,3089,meta,,4096,18249,18256,False
ep0,487,3089,3089,meta,,4096,18033,18040,False
ep0,488,3091,3091,meta,,4096,18169,18176,False
ep0,489,3091,3091,meta,,4096,18465,18472,False
ep0,490,3091,3091,meta,,4096,16505,16512,False
ep0,491,3093,3093,meta,,4096,18257,18264,False
ep0,492,3093,3093,meta,,4096,18041,18048,False
ep0,493,3094,3094,meta,,4096,18473,18480,False
ep0,494,3094,3094,meta,,4096,16513,16520,False
ep0,495,3095,3095,meta,,4096,18177,18184,False
ep0,496,3097,3097,meta,,4096,18265,18272,False
ep0,497,3097,3097,meta,,4096,18049,18056,False
ep0,498,3098,3098,meta,,4096,18185,18192,False
ep0,499,3098,3098,meta,,4096,16521,16528,False
ep0,500,3099,3099,meta,,4096,18481,18488,False
ep0,501,3101,3101,meta,,4096,18273,18280,False
ep0,502,3101,3101,meta,,4096,18057,18064,False
ep0,503,3102,3102,meta,,4096,18193,18200,False
ep0,504,3102,3102,meta,,4096,16529,16536,False
ep0,505,3103,3103,meta,,4096,18489,18496,False
ep0,506,3104,3104,meta,,4096,18281,18288,False
ep0,507,3104,3104,meta,,4096,18065,18072,False
ep0,508,3105,3105,meta,,4096,16537,16544,False
ep0,509,3106,3106,meta,,4096,18201,18208,False
ep0,510,3107,3107,meta,,4096,18497,18504,False
ep0,511,3107,3107,meta,,4096,18169,18176,False
ep0,512,3108,3108,meta,,4096,18289,18296,False
ep0,513,3108,3108,meta,,4096,18073,18080,False
ep0,514,3109,3109,meta,,4096,16545,16552,False
ep0,515,3110,3110,meta,,4096,18209,18216,False
ep0,516,3110,3110,meta,,4096,18505,18512,False
ep0,517,3111,3111,meta,,4096,18177,18184,False
ep0,518,3112,3112,meta,,4096,18297,18304,False
ep0,519,3112,3112,meta,,4096,18081,18088,False
ep0,520,3113,3113,meta,,4096,18217,18224,False
ep0,521,3113,3113,meta,,4096,16553,16560,False
ep0,522,3114,3114,meta,,4096,0,7,False
ep0,523,3114,3114,meta,,4096,16497,16504,False
ep0,524,3114,3114,meta,,4096,18185,18192,False
ep0,525,3116,3116,meta,,4096,18305,18312,False
ep0,526,3116,3116,meta,,4096,18089,18096,False
ep0,527,3117,3117,meta,,4096,18225,18232,False
ep0,528,3117,3117,meta,,4096,16561,16568,False
ep0,529,3118,3118,meta,,4096,18193,18200,False
ep0,530,3119,3119,meta,,4096,18097,18104,False
ep0,531,3120,3120,meta,,4096,18313,18320,False
ep0,532,3120,3120,meta,,4096,18233,18240,False
ep0,533,3120,3120,meta,,4096,16569,16576,False
ep0,534,3122,3122,meta,,4096,18201,18208,False
ep0,535,3123,3123,meta,,4096,18105,18112,False
ep0,536,3124,3124,meta,,4096,18321,18328,False
ep0,537,3124,3124,meta,,4096,18241,18248,False
ep0,538,3124,3124,meta,,4096,16577,16584,False
ep0,539,3126,3126,meta,,4096,18209,18216,False
ep0,540,3127,3127,meta,,4096,18329,18336,False
ep0,541,3127,3127,meta,,4096,18113,18120,False
ep0,542,3128,3128,meta,,4096,18249,18256,False
ep0,543,3128,3128,meta,,4096,16585,16592,False
ep0,544,3129,3129,meta,,4096,16505,16512,False
ep0,545,3130,3130,meta,,4096,18121,18128,False
ep0,546,3130,3130,meta,,4096,18217,18224,False
ep0,547,3131,3131,meta,,4096,18337,18344,False
ep0,548,3131,3131,meta,,4096,0,7,False
ep0,549,3131,3131,meta,,4096,16593,16600,False
ep0,550,3132,3132,meta,,4096,18257,18264,False
ep0,551,3133,3133,meta,,4096,16513,16520,False
ep0,552,3133,3133,meta,,4096,18225,18232,False
ep0,553,3134,3134,meta,,4096,18129,18136,False
ep0,554,3135,3135,meta,,4096,18345,18352,False
ep0,555,3135,3135,meta,,4096,16601,16608,False
ep0,556,3136,3136,meta,,4096,32,39,False
ep0,557,3136,3136,meta,,4096,18265,18272,False
ep0,558,3136,3136,meta,,4096,16521,16528,False
ep0,559,3137,3137,meta,,4096,18233,18240,False
ep0,560,3138,3138,meta,,4096,18353,18360,False
ep0,561,3138,3138,meta,,4096,18137,18144,False
ep0,562,3139,3139,meta,,4096,16609,16616,False
ep0,563,3140,3140,meta,,4096,18273,18280,False
ep0,564,3140,3140,meta,,4096,40,47,False
ep0,565,3140,3140,meta,,4096,18273,18280,False
ep0,566,3140,3140,meta,,4096,16529,16536,False
ep0,567,3142,3142,meta,,4096,18361,18368,False
ep0,568,3142,3142,meta,,4096,18145,18152,False
ep0,569,3142,3142,meta,,4096,18241,18248,False
ep0,570,3142,3142,meta,,4096,16617,16624,False
ep0,571,3143,3143,meta,,4096,48,55,False
ep0,572,3144,3144,meta,,4096,18281,18288,False
ep0,573,3144,3144,meta,,4096,18281,18288,False
ep0,574,3144,3144,meta,,4096,16537,16544,False
ep0,575,3145,3145,meta,,4096,18249,18256,False
ep0,576,3146,3146,meta,,4096,18369,18376,False
ep0,577,3146,3146,meta,,4096,18153,18160,False
ep0,578,3146,3146,meta,,4096,17481,17488,False
ep0,579,3147,3147,meta,,4096,18289,18296,False
ep0,580,3147,3147,meta,,4096,56,63,False
ep0,581,3147,3147,meta,,4096,18289,18296,False
ep0,582,3147,3147,meta,,4096,16545,16552,False
ep0,583,3149,3149,meta,,4096,18257,18264,False
ep0,584,3150,3150,meta,,4096,18377,18384,False
ep0,585,3150,3150,meta,,4096,18161,18168,False
ep0,586,3151,3151,meta,,4096,18297,18304,False
ep0,587,3151,3151,meta,,4096,64,71,False
ep0,588,3151,3151,meta,,4096,18297,18304,False
ep0,589,3151,3151,meta,,4096,16553,16560,False
ep0,590,3153,3153,meta,,4096,18265,18272,False
ep0,591,3154,3154,meta,,4096,18385,18392,False
ep0,592,3154,3154,meta,,4096,18169,18176,False
ep0,593,3155,3155,meta,,4096,18305,18312,False
ep0,594,3155,3155,meta,,4096,18305,18312,False
ep0,595,3155,3155,meta,,4096,16561,16568,False
ep0,596,3156,3156,meta,,4096,8,15,False
ep0,597,3157,3157,meta,,4096,18393,18400,False
ep0,598,3157,3157,meta,,4096,18177,18184,False
ep0,599,3157,3157,meta,,4096,18273,18280,False
ep0,600,3158,3158,meta,,4096,18313,18320,False
ep0,601,3158,3158,meta,,4096,18313,18320,False
ep0,602,3158,3158,meta,,4096,16569,16576,False
ep0,603,3161,3161,meta,,4096,18401,18408,False
ep0,604,3161,3161,meta,,4096,24,31,False
ep0,605,3161,3161,meta,,4096,18185,18192,False
ep0,606,3161,3161,meta,,4096,18281,18288,False
ep0,607,3161,3161,meta,,4096,18001,18008,False
ep0,608,3162,3162,meta,,4096,18321,18328,False
ep0,609,3162,3162,meta,,4096,18321,18328,False
ep0,610,3162,3162,meta,,4096,16577,16584,False
ep0,611,3165,3165,meta,,4096,18409,18416,False
ep0,612,3165,3165,meta,,4096,18329,18336,False
ep0,613,3165,3165,meta,,4096,18193,18200,False
ep0,614,3165,3165,meta,,4096,18289,18296,False
ep0,615,3165,3165,meta,,4096,18009,18016,False
ep0,616,3166,3166,forward,19968,4096,120,127,True
ep0,617,3166,3166,meta,,4096,18329,18336,False
ep0,618,3166,3166,meta,,4096,16585,16592,False
ep0,619,3168,3168,meta,,4096,18417,18424,False
ep0,620,3168,3168,meta,,4096,18201,18208,False
ep0,621,3168,3168,meta,,4096,18297,18304,False
ep0,622,3168,3168,meta,,4096,18017,18024,False
ep0,623,3169,3169,meta,,4096,18337,18344,False
ep0,624,3169,3169,meta,,4096,18337,18344,False
ep0,625,3169,3169,meta,,4096,16593,16600,False
ep0,626,3172,3172,meta,,4096,18425,18432,False
ep0,627,3172,3172,meta,,4096,18209,18216,False
ep0,628,3172,3172,meta,,4096,18305,18312,False
ep0,629,3172,3172,meta,,4096,18025,18032,False
ep0,630,3173,3173,meta,,4096,18345,18352,False
ep0,631,3173,3173,meta,,4096,18345,18352,False
ep0,632,3173,3173,meta,,4096,16601,16608,False
ep0,633,3176,3176,meta,,4096,18433,18440,False
ep0,634,3176,3176,meta,,4096,18353,18360,False
ep0,635,3176,3176,meta,,4096,18217,18224,False
ep0,636,3176,3176,meta,,4096,18313,18320,False
ep0,637,3176,3176,meta,,4096,18033,18040,False
ep0,638,3177,3177,meta,,4096,18353,18360,False
ep0,639,3177,3177,meta,,4096,16609,16616,False
ep0,640,3179,3179,meta,,4096,18441,18448,False
ep0,641,3179,3179,meta,,4096,18041,18048,False
ep0,642,3180,3180,meta,,4096,18361,18368,False
ep0,643,3180,3180,meta,,4096,16617,16624,False
ep0,644,3180,3180,meta,,4096,18225,18232,False
ep0,645,3180,3180,meta,,4096,18321,18328,False
ep0,646,3181,3181,meta,,4096,18361,18368,False
ep0,647,3182,3182,meta,,4096,16,23,False
ep0,648,3183,3183,meta,,4096,18449,18456,False
ep0,649,3183,3183,meta,,4096,18369,18376,False
ep0,650,3183,3183,meta,,4096,18233,18240,False
ep0,651,3183,3183,meta,,4096,18329,18336,False
ep0,652,3183,3183,meta,,4096,18049,18056,False
ep0,653,3184,3184,meta,,4096,18369,18376,False
ep0,654,3184,3184,meta,,4096,17481,17488,False
ep0,655,3186,3186,forward,24064,4096,128,135,True
ep0,656,3187,3187,meta,,4096,18457,18464,False
ep0,657,3187,3187,meta,,4096,18377,18384,False
ep0,658,3187,3187,meta,,4096,18241,18248,False
ep0,659,3187,3187,meta,,4096,18337,18344,False
ep0,660,3187,3187,meta,,4096,18057,18064,False
ep0,661,3188,3188,meta,,4096,18377,18384,False
ep0,662,3190,3190,meta,,4096,18465,18472,False
ep0,663,3190,3190,forward,220672,4096,512,519,True
ep0,664,3191,3191,meta,,4096,18385,18392,False
ep0,665,3191,3191,meta,,4096,18249,18256,False
ep0,666,3191,3191,meta,,4096,18345,18352,False
ep0,667,3191,3191,meta,,4096,18065,18072,False
ep0,668,3192,3192,meta,,4096,18385,18392,False
ep0,669,3194,3194,meta,,4096,18473,18480,False
ep0,670,3194,3194,meta,,4096,18393,18400,False
ep0,671,3194,3194,forward,2055680,4096,4096,4103,True
ep0,672,3194,3194,meta,,4096,18353,18360,False
ep0,673,3195,3195,meta,,4096,18257,18264,False
ep0,674,3195,3195,meta,,4096,18073,18080,False
ep0,675,3196,3196,meta,,4096,18393,18400,False
ep0,676,3198,3198,meta,,4096,18481,18488,False
ep0,677,3198,3198,meta,,4096,18401,18408,False
ep0,678,3198,3198,meta,,4096,18361,18368,False
ep0,679,3198,3198,meta,,4096,18081,18088,False
ep0,680,3199,3199,meta,,4096,16625,16632,False
ep0,681,3199,3199,meta,,4096,18265,18272,False
ep0,682,3200,3200,meta,,4096,18401,18408,False
ep0,683,3201,3201,meta,,4096,18489,18496,False
ep0,684,3202,3202,meta,,4096,18409,18416,False
ep0,685,3202,3202,meta,,4096,18369,18376,False
ep0,686,3202,3202,meta,,4096,18089,18096,False
ep0,687,3203,3203,meta,,4096,18409,18416,False
ep0,688,3203,3203,meta,,4096,16633,16640,False
ep0,689,3203,3203,meta,,4096,18273,18280,False
ep0,690,3205,3205,meta,,4096,18497,18504,False
ep0,691,3205,3205,meta,,4096,18417,18424,False
ep0,692,3206,3206,meta,,4096,18281,18288,False
ep0,693,3206,3206,meta,,4096,18377,18384,False
ep0,694,3206,3206,meta,,4096,18097,18104,False
ep0,695,3207,3207,meta,,4096,18417,18424,False
ep0,696,3207,3207,meta,,4096,16641,16648,False
ep0,697,3208,3208,meta,,4096,0,7,False
ep0,698,3209,3209,meta,,4096,18505,18512,False
ep0,699,3209,3209,meta,,4096,18425,18432,False
ep0,700,3209,3209,meta,,4096,18385,18392,False
ep0,701,3209,3209,meta,,4096,18105,18112,False
ep0,702,3210,3210,meta,,4096,18289,18296,False
ep0,703,3211,3211,meta,,4096,18425,18432,False
ep0,704,3211,3211,meta,,4096,16649,16656,False
ep0,705,3212,3212,meta,,4096,18433,18440,False
ep0,706,3213,3213,meta,,4096,17105,17112,False
ep0,707,3213,3213,meta,,4096,18393,18400,False
ep0,708,3213,3213,meta,,4096,18113,18120,False
ep0,709,3214,3214,meta,,4096,18433,18440,False
ep0,710,3214,3214,meta,,4096,16657,16664,False
ep0,711,3214,3214,meta,,4096,18297,18304,False
ep0,712,3216,3216,meta,,4096,17113,17120,False
ep0,713,3216,3216,meta,,4096,18441,18448,False
ep0,714,3217,3217,meta,,4096,18305,18312,False
ep0,715,3217,3217,meta,,4096,18401,18408,False
ep0,716,3217,3217,meta,,4096,18121,18128,False
ep0,717,3218,3218,meta,,4096,18441,18448,False
ep0,718,3218,3218,meta,,4096,16665,16672,False
ep0,719,3220,3220,meta,,4096,17121,17128,False
ep0,720,3220,3220,meta,,4096,18449,18456,False
ep0,721,3220,3220,meta,,4096,18409,18416,False
ep0,722,3221,3221,meta,,4096,18313,18320,False
ep0,723,3221,3221,meta,,4096,18129,18136,False
ep0,724,3222,3222,meta,,4096,18449,18456,False
ep0,725,3222,3222,meta,,4096,16673,16680,False
ep0,726,3223,3223,meta,,4096,18457,18464,False
ep0,727,3224,3224,meta,,4096,17129,17136,False
ep0,728,3224,3224,meta,,4096,18417,18424,False
ep0,729,3225,3225,meta,,4096,18457,18464,False
ep0,730,3225,3225,meta,,4096,16681,16688,False
ep0,731,3225,3225,meta,,4096,18321,18328,False
ep0,732,3225,3225,meta,,4096,18137,18144,False
ep0,733,3226,3226,meta,,4096,18409,18416,False
ep0,734,3227,3227,meta,,4096,18465,18472,False
ep0,735,3228,3228,meta,,4096,16865,16872,False
ep0,736,3228,3228,meta,,4096,18329,18336,False
ep0,737,3228,3228,meta,,4096,18425,18432,False
ep0,738,3229,3229,meta,,4096,18465,18472,False
ep0,739,3229,3229,meta,,4096,16689,16696,False
ep0,740,3229,3229,meta,,4096,18145,18152,False
ep0,741,3230,3230,meta,,4096,18473,18480,False
ep0,742,3230,3230,meta,,4096,18417,18424,False
ep0,743,3231,3231,meta,,4096,18433,18440,False
ep0,744,3232,3232,meta,,4096,16873,16880,False
ep0,745,3232,3232,meta,,4096,18337,18344,False
ep0,746,3233,3233,meta,,4096,18473,18480,False
ep0,747,3233,3233,meta,,4096,16697,16704,False
ep0,748,3233,3233,meta,,4096,18425,18432,False
ep0,749,3233,3233,meta,,4096,18153,18160,False
ep0,750,3234,3234,meta,,4096,18481,18488,False
ep0,751,3235,3235,meta,,4096,18441,18448,False
ep0,752,3236,3236,meta,,4096,16881,16888,False
ep0,753,3236,3236,meta,,4096,18481,18488,False
ep0,754,3236,3236,meta,,4096,18345,18352,False
ep0,755,3237,3237,meta,,4096,18273,18280,False
ep0,756,3237,3237,meta,,4096,16705,16712,False
ep0,757,3237,3237,meta,,4096,18433,18440,False
ep0,758,3237,3237,meta,,4096,18161,18168,False
ep0,759,3238,3238,meta,,4096,18489,18496,False
ep0,760,3239,3239,meta,,4096,16889,16896,False
ep0,761,3239,3239,meta,,4096,18449,18456,False
ep0,762,3240,3240,meta,,4096,18489,18496,False
ep0,763,3240,3240,meta,,4096,16713,16720,False
ep0,764,3240,3240,meta,,4096,18353,18360,False
ep0,765,3240,3240,meta,,4096,18441,18448,False
ep0,766,3240,3240,meta,,4096,18169,18176,False
ep0,767,3241,3241,meta,,4096,18281,18288,False
ep0,768,3242,3242,meta,,4096,18497,18504,False
ep0,769,3243,3243,meta,,4096,16897,16904,False
ep0,770,3243,3243,meta,,4096,18361,18368,False
ep0,771,3243,3243,meta,,4096,18457,18464,False
ep0,772,3244,3244,meta,,4096,18289,18296,False
ep0,773,3244,3244,meta,,4096,18497,18504,False
ep0,774,3244,3244,meta,,4096,16721,16728,False
ep0,775,3244,3244,meta,,4096,18449,18456,False
ep0,776,3244,3244,meta,,4096,18177,18184,False
ep0,777,3245,3245,meta,,4096,18505,18512,False
ep0,778,3246,3246,meta,,4096,18465,18472,False
ep0,779,3247,3247,meta,,4096,16905,16912,False
ep0,780,3247,3247,meta,,4096,18369,18376,False
ep0,781,3248,3248,meta,,4096,18297,18304,False
ep0,782,3248,3248,meta,,4096,18505,18512,False
ep0,783,3248,3248,meta,,4096,16729,16736,False
ep0,784,3248,3248,meta,,4096,18457,18464,False
ep0,785,3248,3248,meta,,4096,18185,18192,False
ep0,786,3249,3249,meta,,4096,17105,17112,False
ep0,787,3250,3250,meta,,4096,18473,18480,False
ep0,788,3251,3251,meta,,4096,16913,16920,False
ep0,789,3251,3251,meta,,4096,18305,18312,False
ep0,790,3251,3251,meta,,4096,16737,16744,False
ep0,791,3251,3251,meta,,4096,18377,18384,False
ep0,792,3251,3251,meta,,4096,18465,18472,False
ep0,793,3252,3252,meta,,4096,17105,17112,False
ep0,794,3252,3252,meta,,4096,18193,18200,False
ep0,795,3253,3253,meta,,4096,17113,17120,False
ep0,796,3254,3254,meta,,4096,18481,18488,False
ep0,797,3255,3255,meta,,4096,16921,16928,False
ep0,798,3255,3255,meta,,4096,18313,18320,False
ep0,799,3255,3255,meta,,4096,16745,16752,False
ep0,800,3255,3255,meta,,4096,18385,18392,False
ep0,801,3255,3255,meta,,4096,18473,18480,False
ep0,802,3256,3256,meta,,4096,17121,17128,False
ep0,803,3256,3256,meta,,4096,17113,17120,False
ep0,804,3256,3256,meta,,4096,18201,18208,False
ep0,805,3258,3258,meta,,4096,16929,16936,False
ep0,806,3258,3258,meta,,4096,18393,18400,False
ep0,807,3258,3258,meta,,4096,18489,18496,False
ep0,808,3259,3259,meta,,4096,18321,18328,False
ep0,809,3259,3259,meta,,4096,17121,17128,False
ep0,810,3259,3259,meta,,4096,16753,16760,False
ep0,811,3259,3259,meta,,4096,18481,18488,False
ep0,812,3260,3260,meta,,4096,17129,17136,False
ep0,813,3260,3260,meta,,4096,18209,18216,False
ep0,814,3262,3262,meta,,4096,16937,16944,False
ep0,815,3262,3262,meta,,4096,18329,18336,False
ep0,816,3262,3262,meta,,4096,16761,16768,False
ep0,817,3262,3262,meta,,4096,18401,18408,False
ep0,818,3262,3262,meta,,4096,18489,18496,False
ep0,819,3262,3262,meta,,4096,18497,18504,False
ep0,820,3263,3263,meta,,4096,17129,17136,False
ep0,821,3264,3264,meta,,4096,16865,16872,False
ep0,822,3264,3264,meta,,4096,18217,18224,False
ep0,823,3266,3266,meta,,4096,16945,16952,False
ep0,824,3266,3266,meta,,4096,18337,18344,False
ep0,825,3266,3266,meta,,4096,16769,16776,False
ep0,826,3266,3266,meta,,4096,18409,18416,False
ep0,827,3266,3266,meta,,4096,18497,18504,False
ep0,828,3266,3266,meta,,4096,18505,18512,False
ep0,829,3267,3267,meta,,4096,16865,16872,False
ep0,830,3267,3267,meta,,4096,18225,18232,False
ep0,831,3268,3268,meta,,4096,16873,16880,False
ep0,832,3270,3270,meta,,4096,16953,16960,False
ep0,833,3270,3270,meta,,4096,18273,18280,False
ep0,834,3270,3270,meta,,4096,18345,18352,False
ep0,835,3270,3270,meta,,4096,16777,16784,False
ep0,836,3270,3270,meta,,4096,18417,18424,False
ep0,837,3270,3270,meta,,4096,18505,18512,False
ep0,838,3270,3270,meta,,4096,16497,16504,False
ep0,839,3271,3271,meta,,4096,16873,16880,False
ep0,840,3271,3271,meta,,4096,18233,18240,False
ep0,841,3272,3272,meta,,4096,16881,16888,False
ep0,842,3273,3273,meta,,4096,16961,16968,False
ep0,843,3273,3273,meta,,4096,18281,18288,False
ep0,844,3273,3273,meta,,4096,18353,18360,False
ep0,845,3273,3273,meta,,4096,16785,16792,False
ep0,846,3273,3273,meta,,4096,18425,18432,False
ep0,847,3274,3274,meta,,4096,16881,16888,False
ep0,848,3274,3274,meta,,4096,16497,16504,False
ep0,849,3275,3275,meta,,4096,16889,16896,False
ep0,850,3275,3275,meta,,4096,18241,18248,False
ep0,851,3277,3277,meta,,4096,16969,16976,False
ep0,852,3277,3277,meta,,4096,18289,18296,False
ep0,853,3277,3277,meta,,4096,18361,18368,False
ep0,854,3277,3277,meta,,4096,16793,16800,False
ep0,855,3277,3277,meta,,4096,18433,18440,False
ep0,856,3278,3278,meta,,4096,16889,16896,False
ep0,857,3279,3279,meta,,4096,16897,16904,False
ep0,858,3279,3279,meta,,4096,18249,18256,False
ep0,859,3280,3280,meta,,4096,18409,18416,False
ep0,860,3281,3281,meta,,4096,16977,16984,False
ep0,861,3281,3281,meta,,4096,18297,18304,False
ep0,862,3281,3281,meta,,4096,18369,18376,False
ep0,863,3281,3281,meta,,4096,16897,16904,False
ep0,864,3281,3281,meta,,4096,16801,16808,False
ep0,865,3281,3281,meta,,4096,18441,18448,False
ep0,866,3282,3282,meta,,4096,16905,16912,False
ep0,867,3283,3283,meta,,4096,18257,18264,False
ep0,868,3284,3284,meta,,4096,18305,18312,False
ep0,869,3284,3284,meta,,4096,18417,18424,False
ep0,870,3284,3284,meta,,4096,16809,16816,False
ep0,871,3284,3284,meta,,4096,18449,18456,False
ep0,872,3284,3284,meta,,4096,16505,16512,False
ep0,873,3285,3285,meta,,4096,16985,16992,False
ep0,874,3285,3285,meta,,4096,18377,18384,False
ep0,875,3285,3285,meta,,4096,16905,16912,False
ep0,876,3286,3286,meta,,4096,16913,16920,False
ep0,877,3287,3287,meta,,4096,18425,18432,False
ep0,878,3287,3287,meta,,4096,18265,18272,False
ep0,879,3288,3288,meta,,4096,18313,18320,False
ep0,880,3288,3288,meta,,4096,16817,16824,False
ep0,881,3288,3288,meta,,4096,18457,18464,False
ep0,882,3288,3288,meta,,4096,16505,16512,False
ep0,883,3288,3288,meta,,4096,16513,16520,False
ep0,884,3289,3289,meta,,4096,16993,17000,False
ep0,885,3289,3289,meta,,4096,18385,18392,False
ep0,886,3289,3289,meta,,4096,16913,16920,False
ep0,887,3290,3290,meta,,4096,16921,16928,False
ep0,888,3290,3290,meta,,4096,18273,18280,False
ep0,889,3291,3291,meta,,4096,18433,18440,False
ep0,890,3291,3291,meta,,4096,16513,16520,False
ep0,891,3292,3292,meta,,4096,18321,18328,False
ep0,892,3292,3292,meta,,4096,16825,16832,False
ep0,893,3292,3292,meta,,4096,18465,18472,False
ep0,894,3292,3292,meta,,4096,16521,16528,False
ep0,895,3293,3293,meta,,4096,17001,17008,False
ep0,896,3293,3293,meta,,4096,18393,18400,False
ep0,897,3293,3293,meta,,4096,16929,16936,False
ep0,898,3293,3293,meta,,4096,16921,16928,False
ep0,899,3294,3294,meta,,4096,18281,18288,False
ep0,900,3295,3295,meta,,4096,18441,18448,False
ep0,901,3295,3295,meta,,512,0,0,False
ep0,902,3295,3295,meta,,4096,16833,16840,False
ep0,903,3295,3295,meta,,4096,16521,16528,False
ep0,904,3296,3296,meta,,4096,17009,17016,False
ep0,905,3296,3296,meta,,4096,18329,18336,False
ep0,906,3296,3296,meta,,4096,18401,18408,False
ep0,907,3296,3296,meta,,4096,18473,18480,False
ep0,908,3296,3296,meta,,4096,16529,16536,False
ep0,909,3297,3297,meta,,4096,16937,16944,False
ep0,910,3297,3297,meta,,4096,1,8,False
ep0,911,3297,3297,meta,,4096,16929,16936,False
ep0,912,3298,3298,meta,,4096,18289,18296,False
ep0,913,3299,3299,meta,,4096,18337,18344,False
ep0,914,3299,3299,meta,,4096,18449,18456,False
ep0,915,3299,3299,meta,,4096,16841,16848,False
ep0,916,3299,3299,meta,,4096,16529,16536,False
ep0,917,3300,3300,meta,,4096,17017,17024,False
ep0,918,3300,3300,meta,,4096,18409,18416,False
ep0,919,3300,3300,meta,,4096,16945,16952,False
ep0,920,3300,3300,meta,,4096,18481,18488,False
ep0,921,3300,3300,meta,,4096,16537,16544,False
ep0,922,3301,3301,meta,,4096,16937,16944,False
ep0,923,3301,3301,meta,,4096,18297,18304,False
ep0,924,3302,3302,meta,,4096,18457,18464,False
ep0,925,3302,3302,meta,,4096,9,16,False
ep0,926,3302,3302,meta,,4096,16537,16544,False
ep0,927,3303,3303,meta,,4096,18345,18352,False
ep0,928,3303,3303,meta,,4096,16849,16856,False
ep0,929,3303,3303,meta,,4096,16545,16552,False
ep0,930,3304,3304,meta,,4096,17025,17032,False
ep0,931,3304,3304,meta,,4096,18417,18424,False
ep0,932,3304,3304,meta,,4096,16953,16960,False
ep0,933,3304,3304,meta,,4096,18489,18496,False
ep0,934,3305,3305,meta,,4096,16945,16952,False
ep0,935,3305,3305,meta,,4096,18305,18312,False
ep0,936,3306,3306,meta,,4096,18465,18472,False
ep0,937,3306,3306,meta,,4096,33,40,False
ep0,938,3306,3306,meta,,4096,16545,16552,False
ep0,939,3307,3307,meta,,4096,17033,17040,False
ep0,940,3307,3307,meta,,4096,18353,18360,False
ep0,941,3307,3307,meta,,4096,16857,16864,False
ep0,942,3307,3307,meta,,4096,16553,16560,False
ep0,943,3308,3308,meta,,4096,18425,18432,False
ep0,944,3308,3308,meta,,4096,16961,16968,False
ep0,945,3308,3308,meta,,4096,16953,16960,False
ep0,946,3308,3308,meta,,4096,18497,18504,False
ep0,947,3309,3309,meta,,4096,18313,18320,False
ep0,948,3310,3310,meta,,4096,18473,18480,False
ep0,949,3310,3310,meta,,4096,41,48,False
ep0,950,3310,3310,meta,,4096,16553,16560,False
ep0,951,3311,3311,meta,,4096,17041,17048,False
ep0,952,3311,3311,meta,,4096,18361,18368,False
ep0,953,3311,3311,meta,,4096,18433,18440,False
ep0,954,3311,3311,meta,,4096,16969,16976,False
ep0,955,3311,3311,meta,,4096,16865,16872,False
ep0,956,3311,3311,meta,,4096,16561,16568,False
ep0,957,3312,3312,meta,,4096,16961,16968,False
ep0,958,3312,3312,meta,,4096,18505,18512,False
ep0,959,3313,3313,meta,,4096,16561,16568,False
ep0,960,3313,3313,meta,,4096,18321,18328,False
ep0,961,3314,3314,meta,,4096,18369,18376,False
ep0,962,3314,3314,meta,,4096,18481,18488,False
ep0,963,3314,3314,meta,,4096,49,56,False
ep0,964,3315,3315,meta,,4096,17049,17056,False
ep0,965,3315,3315,meta,,4096,18441,18448,False
ep0,966,3315,3315,meta,,4096,16977,16984,False
ep0,967,3315,3315,meta,,4096,16873,16880,False
ep0,968,3315,3315,meta,,4096,16569,16576,False
ep0,969,3316,3316,meta,,4096,16969,16976,False
ep0,970,3316,3316,meta,,4096,16497,16504,False
ep0,971,3317,3317,meta,,4096,18489,18496,False
ep0,972,3317,3317,meta,,4096,16569,16576,False
ep0,973,3317,3317,meta,,4096,18329,18336,False
ep0,974,3318,3318,meta,,4096,18377,18384,False
ep0,975,3318,3318,meta,,4096,16985,16992,False
ep0,976,3318,3318,meta,,4096,57,64,False
ep0,977,3318,3318,meta,,4096,16577,16584,False
ep0,978,3319,3319,meta,,4096,17057,17064,False
ep0,979,3319,3319,meta,,4096,18449,18456,False
ep0,980,3319,3319,meta,,4096,16881,16888,False
ep0,981,3320,3320,meta,,4096,16977,16984,False
ep0,982,3320,3320,meta,,4096,18337,18344,False
ep0,983,3321,3321,meta,,4096,18497,18504,False
ep0,984,3321,3321,meta,,4096,16577,16584,False
ep0,985,3322,3322,meta,,4096,18385,18392,False
ep0,986,3322,3322,meta,,4096,18457,18464,False
ep0,987,3322,3322,meta,,4096,16993,17000,False
ep0,988,3322,3322,meta,,4096,16889,16896,False
ep0,989,3322,3322,meta,,4096,16585,16592,False
ep0,990,3323,3323,meta,,4096,17065,17072,False
ep0,991,3323,3323,meta,,4096,16985,16992,False
ep0,992,3324,3324,meta,,4096,16585,16592,False
ep0,993,3324,3324,meta,,4096,18345,18352,False
ep0,994,3325,3325,meta,,4096,18393,18400,False
ep0,995,3325,3325,meta,,4096,18505,18512,False
ep0,996,3326,3326,meta,,4096,18465,18472,False
ep0,997,3326,3326,meta,,4096,17001,17008,False
ep0,998,3326,3326,meta,,4096,16897,16904,False
ep0,999,3326,3326,meta,,4096,16593,16600,False
ep0,1000,3327,3327,meta,,4096,17073,17080,False
ep0,1001,3327,3327,meta,,4096,16993,17000,False
ep0,1002,3328,3328,meta,,4096,16593,16600,False
ep0,1003,3328,3328,meta,,4096,18353,18360,False
ep0,1004,3329,3329,meta,,4096,18401,18408,False
ep0,1005,3329,3329,meta,,4096,16497,16504,False
ep0,1006,3329,3329,meta,,4096,16601,16608,False
ep0,1007,3330,3330,meta,,4096,18473,18480,False
ep0,1008,3330,3330,meta,,4096,17009,17016,False
ep0,1009,3330,3330,meta,,4096,17001,17008,False
ep0,1010,3330,3330,meta,,4096,16905,16912,False
ep0,1011,3330,3330,meta,,4096,16505,16512,False
ep0,1012,3331,3331,meta,,4096,17081,17088,False
ep0,1013,3331,3331,meta,,4096,16601,16608,False
ep0,1014,3332,3332,meta,,4096,18361,18368,False
ep0,1015,3333,3333,meta,,4096,18409,18416,False
ep0,1016,3333,3333,meta,,4096,17017,17024,False
ep0,1017,3333,3333,meta,,4096,16513,16520,False
ep0,1018,3333,3333,meta,,4096,16609,16616,False
ep0,1019,3334,3334,meta,,4096,18481,18488,False
ep0,1020,3334,3334,meta,,4096,17009,17016,False
ep0,1021,3334,3334,meta,,4096,16913,16920,False
ep0,1022,3335,3335,meta,,4096,17089,17096,False
ep0,1023,3335,3335,meta,,4096,16609,16616,False
ep0,1024,3336,3336,meta,,4096,18417,18424,False
ep0,1025,3336,3336,meta,,4096,18369,18376,False
ep0,1026,3337,3337,meta,,4096,17025,17032,False
ep0,1027,3337,3337,meta,,4096,16521,16528,False
ep0,1028,3337,3337,meta,,4096,16617,16624,False
ep0,1029,3338,3338,meta,,4096,18489,18496,False
ep0,1030,3338,3338,meta,,4096,17017,17024,False
ep0,1031,3338,3338,meta,,4096,16921,16928,False
ep0,1032,3339,3339,meta,,4096,17097,17104,False
ep0,1033,3339,3339,meta,,4096,16617,16624,False
ep0,1034,3340,3340,meta,,4096,18425,18432,False
ep0,1035,3340,3340,meta,,4096,17033,17040,False
ep0,1036,3340,3340,meta,,4096,18377,18384,False
ep0,1037,3341,3341,meta,,4096,16529,16536,False
ep0,1038,3341,3341,meta,,4096,17481,17488,False
ep0,1039,3341,3341,meta,,4096,18321,18328,False
ep0,1040,3342,3342,meta,,4096,18497,18504,False
ep0,1041,3342,3342,meta,,4096,17025,17032,False
ep0,1042,3342,3342,meta,,4096,16929,16936,False
ep0,1043,3343,3343,meta,,4096,16625,16632,False
ep0,1044,3343,3343,meta,,4096,16505,16512,False
ep0,1045,3343,3343,meta,,4096,17481,17488,False
ep0,1046,3344,3344,meta,,4096,18433,18440,False
ep0,1047,3344,3344,meta,,4096,17041,17048,False
ep0,1048,3344,3344,meta,,4096,18385,18392,False
ep0,1049,3345,3345,meta,,4096,17033,17040,False
ep0,1050,3345,3345,meta,,4096,16937,16944,False
ep0,1051,3345,3345,meta,,4096,16537,16544,False
ep0,1052,3345,3345,meta,,4096,18329,18336,False
ep0,1053,3346,3346,meta,,4096,18505,18512,False
ep0,1054,3347,3347,meta,,4096,16633,16640,False
ep0,1055,3347,3347,meta,,4096,18441,18448,False
ep0,1056,3347,3347,meta,,4096,16513,16520,False
ep0,1057,3347,3347,meta,,4096,18393,18400,False
ep0,1058,3348,3348,meta,,4096,17049,17056,False
ep0,1059,3349,3349,meta,,4096,17041,17048,False
ep0,1060,3349,3349,meta,,4096,16945,16952,False
ep0,1061,3349,3349,meta,,4096,16545,16552,False
ep0,1062,3349,3349,meta,,4096,18337,18344,False
ep0,1063,3350,3350,meta,,4096,17105,17112,False
ep0,1064,3350,3350,meta,,4096,16521,16528,False
ep0,1065,3351,3351,meta,,4096,16641,16648,False
ep0,1066,3351,3351,meta,,4096,18449,18456,False
ep0,1067,3351,3351,meta,,4096,18401,18408,False
ep0,1068,3352,3352,meta,,4096,17057,17064,False
ep0,1069,3353,3353,meta,,4096,17113,17120,False
ep0,1070,3353,3353,meta,,4096,17049,17056,False
ep0,1071,3353,3353,meta,,4096,16953,16960,False
ep0,1072,3353,3353,meta,,4096,16553,16560,False
ep0,1073,3353,3353,meta,,4096,18345,18352,False
ep0,1074,3354,3354,meta,,4096,16649,16656,False
ep0,1075,3354,3354,meta,,4096,16529,16536,False
ep0,1076,3355,3355,meta,,4096,18457,18464,False
ep0,1077,3355,3355,meta,,4096,17065,17072,False
ep0,1078,3355,3355,meta,,4096,18409,18416,False
ep0,1079,3356,3356,meta,,4096,16625,16632,False
ep0,1080,3356,3356,meta,,4096,18353,18360,False
ep0,1081,3357,3357,meta,,4096,17121,17128,False
ep0,1082,3357,3357,meta,,4096,17057,17064,False
ep0,1083,3357,3357,meta,,4096,16961,16968,False
ep0,1084,3357,3357,meta,,4096,16561,16568,False
ep0,1085,3358,3358,meta,,4096,16657,16664,False
ep0,1086,3358,3358,meta,,4096,16537,16544,False
ep0,1087,3358,3358,meta,,4096,16625,16632,False
ep0,1088,3359,3359,meta,,4096,18465,18472,False
ep0,1089,3359,3359,meta,,4096,17073,17080,False
ep0,1090,3359,3359,meta,,4096,18417,18424,False
ep0,1091,3360,3360,meta,,4096,16633,16640,False
ep0,1092,3360,3360,meta,,4096,18361,18368,False
ep0,1093,3361,3361,meta,,4096,17129,17136,False
ep0,1094,3361,3361,meta,,4096,16545,16552,False
ep0,1095,3361,3361,meta,,4096,17065,17072,False
ep0,1096,3361,3361,meta,,4096,16969,16976,False
ep0,1097,3361,3361,meta,,4096,16569,16576,False
ep0,1098,3362,3362,meta,,4096,16665,16672,False
ep0,1099,3362,3362,meta,,4096,18473,18480,False
ep0,1100,3362,3362,meta,,4096,16633,16640,False
ep0,1101,3363,3363,meta,,4096,17081,17088,False
ep0,1102,3363,3363,meta,,4096,18425,18432,False
ep0,1103,3364,3364,meta,,4096,16641,16648,False
ep0,1104,3364,3364,meta,,4096,18369,18376,False
ep0,1105,3365,3365,meta,,4096,16865,16872,False
ep0,1106,3365,3365,meta,,4096,16553,16560,False
ep0,1107,3365,3365,meta,,4096,17073,17080,False
ep0,1108,3365,3365,meta,,4096,16977,16984,False
ep0,1109,3365,3365,meta,,4096,16577,16584,False
ep0,1110,3365,3365,meta,,4096,16641,16648,False
ep0,1111,3366,3366,meta,,4096,16673,16680,False
ep0,1112,3366,3366,meta,,4096,18481,18488,False
ep0,1113,3366,3366,meta,,4096,17089,17096,False
ep0,1114,3366,3366,meta,,4096,18433,18440,False
ep0,1115,3367,3367,meta,,4096,16649,16656,False
ep0,1116,3367,3367,meta,,4096,18377,18384,False
ep0,1117,3368,3368,meta,,4096,17081,17088,False
ep0,1118,3368,3368,meta,,4096,16985,16992,False
ep0,1119,3368,3368,meta,,4096,16585,16592,False
ep0,1120,3369,3369,meta,,4096,16681,16688,False
ep0,1121,3369,3369,meta,,4096,16873,16880,False
ep0,1122,3369,3369,meta,,4096,16561,16568,False
ep0,1123,3369,3369,meta,,4096,16649,16656,False
ep0,1124,3370,3370,meta,,4096,18489,18496,False
ep0,1125,3370,3370,meta,,4096,17097,17104,False
ep0,1126,3370,3370,meta,,4096,18441,18448,False
ep0,1127,3371,3371,meta,,4096,16657,16664,False
ep0,1128,3371,3371,meta,,4096,18385,18392,False
ep0,1129,3372,3372,meta,,4096,16881,16888,False
ep0,1130,3372,3372,meta,,4096,16569,16576,False
ep0,1131,3372,3372,meta,,4096,17089,17096,False
ep0,1132,3372,3372,meta,,4096,16993,17000,False
ep0,1133,3372,3372,meta,,4096,16593,16600,False
ep0,1134,3373,3373,meta,,4096,16689,16696,False
ep0,1135,3373,3373,meta,,512,1,1,False
ep0,1136,3373,3373,meta,,4096,16657,16664,False
ep0,1137,3374,3374,meta,,4096,18497,18504,False
ep0,1138,3374,3374,meta,,4096,16625,16632,False
ep0,1139,3374,3374,meta,,512,2,2,False
ep0,1140,3374,3374,meta,,4096,18449,18456,False
ep0,1141,3375,3375,meta,,2560,3,7,False
ep0,1142,3375,3375,meta,,4096,16665,16672,False
ep0,1143,3375,3375,meta,,4096,18393,18400,False
ep0,1144,3376,3376,meta,,4096,16889,16896,False
ep0,1145,3376,3376,meta,,4096,16577,16584,False
ep0,1146,3376,3376,meta,,4096,17097,17104,False
ep0,1147,3376,3376,meta,,4096,17001,17008,False
ep0,1148,3376,3376,meta,,4096,16601,16608,False
ep0,1149,3376,3376,meta,,4096,16665,16672,False
ep0,1150,3377,3377,meta,,4096,16697,16704,False
ep0,1151,3377,3377,meta,,4096,18505,18512,False
ep0,1152,3378,3378,meta,,4096,16633,16640,False
ep0,1153,3378,3378,meta,,4096,16673,16680,False
ep0,1154,3378,3378,meta,,4096,18457,18464,False
ep0,1155,3379,3379,meta,,4096,32,39,False
ep0,1156,3379,3379,meta,,4096,16609,16616,False
ep0,1157,3379,3379,meta,,4096,18401,18408,False
ep0,1158,3380,3380,meta,,4096,16897,16904,False
ep0,1159,3380,3380,meta,,4096,16585,16592,False
ep0,1160,3380,3380,meta,,4096,16625,16632,False
ep0,1161,3380,3380,meta,,4096,17009,17016,False
ep0,1162,3380,3380,meta,,4096,16673,16680,False
ep0,1163,3381,3381,meta,,4096,16705,16712,False
ep0,1164,3381,3381,meta,,4096,17105,17112,False
ep0,1165,3382,3382,meta,,4096,16641,16648,False
ep0,1166,3382,3382,meta,,4096,40,47,False
ep0,1167,3382,3382,meta,,4096,16681,16688,False
ep0,1168,3382,3382,meta,,4096,18465,18472,False
ep0,1169,3383,3383,meta,,4096,16905,16912,False
ep0,1170,3383,3383,meta,,4096,16593,16600,False
ep0,1171,3383,3383,meta,,4096,16633,16640,False
ep0,1172,3383,3383,meta,,4096,16617,16624,False
ep0,1173,3383,3383,meta,,4096,16681,16688,False
ep0,1174,3383,3383,meta,,4096,18409,18416,False
ep0,1175,3384,3384,meta,,4096,16713,16720,False
ep0,1176,3384,3384,meta,,4096,17017,17024,False
ep0,1177,3385,3385,meta,,4096,17113,17120,False
ep0,1178,3385,3385,meta,,4096,16649,16656,False
ep0,1179,3386,3386,meta,,4096,48,55,False
ep0,1180,3386,3386,meta,,4096,16689,16696,False
ep0,1181,3386,3386,meta,,4096,18473,18480,False
ep0,1182,3387,3387,meta,,4096,16913,16920,False
ep0,1183,3387,3387,meta,,4096,16601,16608,False
ep0,1184,3387,3387,meta,,4096,16641,16648,False
ep0,1185,3387,3387,meta,,4096,17481,17488,False
ep0,1186,3387,3387,meta,,4096,16689,16696,False
ep0,1187,3387,3387,meta,,4096,18417,18424,False
ep0,1188,3388,3388,meta,,4096,16721,16728,False
ep0,1189,3388,3388,meta,,4096,17025,17032,False
ep0,1190,3389,3389,meta,,4096,17121,17128,False
ep0,1191,3389,3389,meta,,4096,16657,16664,False
ep0,1192,3390,3390,meta,,4096,56,63,False
ep0,1193,3390,3390,meta,,4096,16697,16704,False
ep0,1194,3390,3390,meta,,4096,18425,18432,False
ep0,1195,3390,3390,meta,,4096,18481,18488,False
ep0,1196,3391,3391,meta,,4096,16921,16928,False
ep0,1197,3391,3391,meta,,4096,16609,16616,False
ep0,1198,3391,3391,meta,,4096,16649,16656,False
ep0,1199,3391,3391,meta,,4096,17033,17040,False
ep0,1200,3391,3391,meta,,4096,16697,16704,False
ep0,1201,3392,3392,meta,,4096,16729,16736,False
ep0,1202,3393,3393,meta,,4096,17129,17136,False
ep0,1203,3393,3393,meta,,4096,16665,16672,False
ep0,1204,3393,3393,meta,,4096,64,71,False
ep0,1205,3394,3394,meta,,4096,16705,16712,False
ep0,1206,3394,3394,meta,,4096,16705,16712,False
ep0,1207,3394,3394,meta,,4096,18433,18440,False
ep0,1208,3394,3394,meta,,4096,18489,18496,False
ep0,1209,3395,3395,meta,,4096,16929,16936,False
ep0,1210,3395,3395,meta,,4096,16617,16624,False
ep0,1211,3395,3395,meta,,4096,16657,16664,False
ep0,1212,3395,3395,meta,,4096,17041,17048,False
ep0,1213,3396,3396,meta,,4096,16737,16744,False
ep0,1214,3396,3396,meta,,4096,16673,16680,False
ep0,1215,3397,3397,meta,,4096,16865,16872,False
ep0,1216,3397,3397,meta,,4096,16713,16720,False
ep0,1217,3398,3398,meta,,4096,16937,16944,False
ep0,1218,3398,3398,meta,,4096,16713,16720,False
ep0,1219,3398,3398,meta,,4096,18441,18448,False
ep0,1220,3398,3398,meta,,4096,18497,18504,False
ep0,1221,3399,3399,meta,,4096,17481,17488,False
ep0,1222,3399,3399,meta,,4096,8,15,False
ep0,1223,3399,3399,meta,,4096,16665,16672,False
ep0,1224,3399,3399,meta,,4096,17049,17056,False
ep0,1225,3400,3400,meta,,4096,16745,16752,False
ep0,1226,3400,3400,meta,,4096,16873,16880,False
ep0,1227,3400,3400,meta,,4096,16681,16688,False
ep0,1228,3401,3401,meta,,4096,16721,16728,False
ep0,1229,3401,3401,meta,,4096,18449,18456,False
ep0,1230,3402,3402,meta,,4096,16945,16952,False
ep0,1231,3402,3402,meta,,4096,17057,17064,False
ep0,1232,3402,3402,meta,,4096,16721,16728,False
ep0,1233,3402,3402,meta,,4096,18505,18512,False
ep0,1234,3403,3403,meta,,4096,16753,16760,False
ep0,1235,3403,3403,meta,,4096,16689,16696,False
ep0,1236,3403,3403,meta,,4096,16673,16680,False
ep0,1237,3403,3403,meta,,4096,16625,16632,False
ep0,1238,3404,3404,meta,,4096,16881,16888,False
ep0,1239,3405,3405,meta,,4096,24,31,False
ep0,1240,3405,3405,meta,,4096,16729,16736,False
ep0,1241,3405,3405,meta,,4096,16729,16736,False
ep0,1242,3405,3405,meta,,4096,18457,18464,False
ep0,1243,3406,3406,meta,,4096,16953,16960,False
ep0,1244,3406,3406,meta,,4096,16681,16688,False
ep0,1245,3406,3406,meta,,4096,17065,17072,False
ep0,1246,3406,3406,meta,,4096,17105,17112,False
ep0,1247,3407,3407,meta,,4096,16761,16768,False
ep0,1248,3407,3407,meta,,4096,16697,16704,False
ep0,1249,3407,3407,meta,,4096,16633,16640,False
ep0,1250,3408,3408,meta,,4096,16889,16896,False
ep0,1251,3409,3409,meta,,4096,16737,16744,False
ep0,1252,3409,3409,meta,,4096,16737,16744,False
ep0,1253,3409,3409,meta,,4096,18465,18472,False
ep0,1254,3409,3409,meta,,4096,17113,17120,False
ep0,1255,3410,3410,meta,,4096,16961,16968,False
ep0,1256,3410,3410,meta,,4096,16689,16696,False
ep0,1257,3410,3410,meta,,4096,17073,17080,False
ep0,1258,3411,3411,meta,,4096,16769,16776,False
ep0,1259,3411,3411,meta,,4096,16897,16904,False
ep0,1260,3411,3411,meta,,4096,16705,16712,False
ep0,1261,3411,3411,forward,19968,4096,120,127,True
ep0,1262,3411,3411,meta,,4096,16641,16648,False
ep0,1263,3412,3412,meta,,4096,16745,16752,False
ep0,1264,3412,3412,meta,,4096,18473,18480,False
ep0,1265,3413,3413,meta,,4096,17081,17088,False
ep0,1266,3413,3413,meta,,4096,16745,16752,False
ep0,1267,3413,3413,meta,,4096,17121,17128,False
ep0,1268,3414,3414,meta,,4096,16969,16976,False
ep0,1269,3414,3414,meta,,4096,16713,16720,False
ep0,1270,3414,3414,meta,,4096,16697,16704,False
ep0,1271,3414,3414,meta,,4096,16649,16656,False
ep0,1272,3415,3415,meta,,4096,16777,16784,False
ep0,1273,3415,3415,meta,,4096,16905,16912,False
ep0,1274,3416,3416,meta,,4096,16,23,False
ep0,1275,3416,3416,meta,,4096,16753,16760,False
ep0,1276,3416,3416,meta,,4096,16753,16760,False
ep0,1277,3416,3416,meta,,4096,18481,18488,False
ep0,1278,3417,3417,meta,,4096,16977,16984,False
ep0,1279,3417,3417,meta,,4096,17089,17096,False
ep0,1280,3417,3417,meta,,4096,17129,17136,False
ep0,1281,3418,3418,meta,,4096,16785,16792,False
ep0,1282,3418,3418,meta,,4096,17761,17768,False
ep0,1283,3418,3418,meta,,4096,16721,16728,False
ep0,1284,3418,3418,meta,,4096,16705,16712,False
ep0,1285,3418,3418,meta,,4096,16657,16664,False
ep0,1286,3419,3419,meta,,4096,16913,16920,False
ep0,1287,3420,3420,meta,,4096,17105,17112,False
ep0,1288,3420,3420,forward,24064,4096,128,135,True
ep0,1289,3420,3420,meta,,4096,16761,16768,False
ep0,1290,3420,3420,meta,,4096,16761,16768,False
ep0,1291,3420,3420,meta,,4096,18489,18496,False
ep0,1292,3421,3421,meta,,4096,17769,17776,False
ep0,1293,3421,3421,meta,,4096,16985,16992,False
ep0,1294,3421,3421,meta,,4096,17097,17104,False
ep0,1295,3421,3421,meta,,4096,16865,16872,False
ep0,1296,3422,3422,meta,,4096,16793,16800,False
ep0,1297,3422,3422,meta,,4096,16921,16928,False
ep0,1298,3422,3422,meta,,4096,16729,16736,False
ep0,1299,3422,3422,meta,,4096,16713,16720,False
ep0,1300,3422,3422,meta,,4096,16665,16672,False
ep0,1301,3423,3423,meta,,4096,18497,18504,False
ep0,1302,3424,3424,meta,,4096,17113,17120,False
ep0,1303,3424,3424,forward,220672,4096,512,519,True
ep0,1304,3424,3424,meta,,4096,16769,16776,False
ep0,1305,3424,3424,meta,,4096,16769,16776,False
ep0,1306,3425,3425,meta,,4096,17777,17784,False
ep0,1307,3425,3425,meta,,4096,16993,17000,False
ep0,1308,3425,3425,meta,,4096,16737,16744,False
ep0,1309,3425,3425,meta,,4096,16721,16728,False
ep0,1310,3425,3425,meta,,4096,17105,17112,False
ep0,1311,3425,3425,meta,,4096,16673,16680,False
ep0,1312,3425,3425,meta,,4096,16873,16880,False
ep0,1313,3426,3426,meta,,4096,16801,16808,False
ep0,1314,3426,3426,meta,,4096,16929,16936,False
ep0,1315,3427,3427,meta,,4096,16777,16784,False
ep0,1316,3427,3427,meta,,4096,18505,18512,False
ep0,1317,3428,3428,meta,,4096,17785,17792,False
ep0,1318,3428,3428,meta,,4096,17121,17128,False
ep0,1319,3428,3428,meta,,4096,16777,16784,False
ep0,1320,3429,3429,meta,,4096,17001,17008,False
ep0,1321,3429,3429,meta,,4096,16745,16752,False
ep0,1322,3429,3429,meta,,4096,16729,16736,False
ep0,1323,3429,3429,meta,,4096,17113,17120,False
ep0,1324,3429,3429,meta,,4096,16681,16688,False
ep0,1325,3429,3429,meta,,4096,16881,16888,False
ep0,1326,3430,3430,meta,,4096,16809,16816,False
ep0,1327,3430,3430,meta,,4096,16937,16944,False
ep0,1328,3430,3430,forward,2055680,4096,4096,4103,True
ep0,1329,3431,3431,meta,,4096,17129,17136,False
ep0,1330,3431,3431,meta,,4096,16785,16792,False
ep0,1331,3431,3431,meta,,4096,16785,16792,False
ep0,1332,3431,3431,meta,,4096,16497,16504,False
ep0,1333,3432,3432,meta,,4096,17793,17800,False
ep0,1334,3433,3433,meta,,4096,16945,16952,False
ep0,1335,3433,3433,meta,,4096,17009,17016,False
ep0,1336,3433,3433,meta,,4096,16753,16760,False
ep0,1337,3433,3433,meta,,4096,16737,16744,False
ep0,1338,3433,3433,meta,,4096,17121,17128,False
ep0,1339,3433,3433,meta,,4096,16689,16696,False
ep0,1340,3433,3433,meta,,4096,16889,16896,False
ep0,1341,3434,3434,meta,,4096,16817,16824,False
ep0,1342,3434,3434,meta,,4096,16793,16800,False
ep0,1343,3435,3435,meta,,4096,16865,16872,False
ep0,1344,3435,3435,meta,,4096,16793,16800,False
ep0,1345,3436,3436,meta,,4096,17801,17808,False
ep0,1346,3436,3436,meta,,4096,16761,16768,False
ep0,1347,3436,3436,meta,,4096,17129,17136,False
ep0,1348,3436,3436,meta,,4096,16697,16704,False
ep0,1349,3437,3437,meta,,4096,16825,16832,False
ep0,1350,3437,3437,meta,,4096,16953,16960,False
ep0,1351,3437,3437,meta,,4096,17017,17024,False
ep0,1352,3437,3437,meta,,4096,16745,16752,False
ep0,1353,3437,3437,meta,,4096,16897,16904,False
ep0,1354,3438,3438,meta,,4096,16801,16808,False
ep0,1355,3439,3439,meta,,4096,17809,17816,False
ep0,1356,3439,3439,meta,,4096,16873,16880,False
ep0,1357,3439,3439,meta,,4096,16801,16808,False
ep0,1358,3440,3440,meta,,4096,17025,17032,False
ep0,1359,3440,3440,meta,,4096,16769,16776,False
ep0,1360,3440,3440,meta,,4096,16705,16712,False
ep0,1361,3441,3441,meta,,4096,16833,16840,False
ep0,1362,3441,3441,meta,,4096,16961,16968,False
ep0,1363,3441,3441,meta,,4096,16753,16760,False
ep0,1364,3441,3441,meta,,4096,18513,18520,False
ep0,1365,3441,3441,meta,,4096,16905,16912,False
ep0,1366,3442,3442,meta,,4096,16809,16816,False
ep0,1367,3443,3443,meta,,4096,17817,17824,False
ep0,1368,3443,3443,meta,,4096,16881,16888,False
ep0,1369,3443,3443,meta,,4096,16809,16816,False
ep0,1370,3444,3444,meta,,4096,16969,16976,False
ep0,1371,3444,3444,meta,,4096,17033,17040,False
ep0,1372,3444,3444,meta,,4096,16777,16784,False
ep0,1373,3444,3444,meta,,4096,16713,16720,False
ep0,1374,3445,3445,meta,,4096,16841,16848,False
ep0,1375,3445,3445,meta,,4096,16761,16768,False
ep0,1376,3445,3445,meta,,4096,16817,16824,False
ep0,1377,3445,3445,meta,,4096,16913,16920,False
ep0,1378,3446,3446,meta,,4096,16889,16896,False
ep0,1379,3446,3446,meta,,4096,16505,16512,False
ep0,1380,3447,3447,meta,,4096,17825,17832,False
ep0,1381,3447,3447,meta,,4096,16785,16792,False
ep0,1382,3447,3447,meta,,4096,16721,16728,False
ep0,1383,3447,3447,meta,,4096,16817,16824,False
ep0,1384,3448,3448,meta,,4096,16849,16856,False
ep0,1385,3448,3448,meta,,4096,16977,16984,False
ep0,1386,3448,3448,meta,,4096,17041,17048,False
ep0,1387,3448,3448,meta,,4096,16921,16928,False
ep0,1388,3449,3449,meta,,4096,16769,16776,False
ep0,1389,3449,3449,meta,,4096,16825,16832,False
ep0,1390,3449,3449,meta,,4096,16513,16520,False
ep0,1391,3450,3450,meta,,4096,17833,17840,False
ep0,1392,3450,3450,meta,,4096,16897,16904,False
ep0,1393,3451,3451,meta,,4096,16793,16800,False
ep0,1394,3451,3451,meta,,4096,16729,16736,False
ep0,1395,3451,3451,meta,,4096,16825,16832,False
ep0,1396,3452,3452,meta,,4096,16857,16864,False
ep0,1397,3452,3452,meta,,4096,16985,16992,False
ep0,1398,3452,3452,meta,,4096,17049,17056,False
ep0,1399,3452,3452,meta,,4096,16777,16784,False
ep0,1400,3452,3452,meta,,4096,16833,16840,False
ep0,1401,3452,3452,meta,,4096,16929,16936,False
ep0,1402,3453,3453,meta,,4096,16521,16528,False
ep0,1403,3454,3454,meta,,4096,17841,17848,False
ep0,1404,3454,3454,meta,,4096,16905,16912,False
ep0,1405,3454,3454,meta,,4096,16833,16840,False
ep0,1406,3455,3455,meta,,4096,16801,16808,False
ep0,1407,3455,3455,meta,,2560,18521,18525,False
ep0,1408,3455,3455,meta,,4096,16737,16744,False
ep0,1409,3456,3456,meta,,4096,18513,18520,False
ep0,1410,3456,3456,meta,,4096,16993,17000,False
ep0,1411,3456,3456,meta,,4096,17057,17064,False
ep0,1412,3456,3456,meta,,4096,16785,16792,False
ep0,1413,3456,3456,meta,,4096,16841,16848,False
ep0,1414,3456,3456,meta,,4096,16937,16944,False
ep0,1415,3457,3457,meta,,4096,17849,17856,False
ep0,1416,3457,3457,meta,,4096,16913,16920,False
ep0,1417,3457,3457,meta,,4096,16529,16536,False
ep0,1418,3458,3458,meta,,4096,16809,16816,False
ep0,1419,3458,3458,meta,,4096,16841,16848,False
ep0,1420,3459,3459,meta,,4096,16745,16752,False
ep0,1421,3459,3459,meta,,4096,16945,16952,False
ep0,1422,3460,3460,meta,,4096,17001,17008,False
ep0,1423,3460,3460,meta,,4096,17065,17072,False
ep0,1424,3460,3460,meta,,4096,16793,16800,False
ep0,1425,3460,3460,meta,,4096,16849,16856,False
ep0,1426,3460,3460,meta,,4096,16537,16544,False
ep0,1427,3461,3461,meta,,4096,17857,17864,False
ep0,1428,3461,3461,meta,,4096,16921,16928,False
ep0,1429,3462,3462,meta,,4096,16817,16824,False
ep0,1430,3462,3462,meta,,4096,16753,16760,False
ep0,1431,3462,3462,meta,,4096,16849,16856,False
ep0,1432,3463,3463,meta,,4096,17009,17016,False
ep0,1433,3463,3463,meta,,4096,17073,17080,False
ep0,1434,3463,3463,meta,,4096,16953,16960,False
ep0,1435,3464,3464,meta,,4096,16801,16808,False
ep0,1436,3464,3464,meta,,4096,16857,16864,False
ep0,1437,3464,3464,meta,,4096,16545,16552,False
ep0,1438,3465,3465,meta,,4096,17865,17872,False
ep0,1439,3465,3465,meta,,4096,16929,16936,False
ep0,1440,3465,3465,meta,,4096,16825,16832,False
ep0,1441,3465,3465,meta,,4096,16857,16864,False
ep0,1442,3466,3466,meta,,4096,16761,16768,False
ep0,1443,3467,3467,meta,,4096,17017,17024,False
ep0,1444,3467,3467,meta,,4096,17081,17088,False
ep0,1445,3467,3467,meta,,4096,16961,16968,False
ep0,1446,3468,3468,meta,,4096,17873,17880,False
ep0,1447,3468,3468,meta,,4096,16937,16944,False
ep0,1448,3468,3468,meta,,4096,16809,16816,False
ep0,1449,3468,3468,meta,,4096,16865,16872,False
ep0,1450,3468,3468,meta,,4096,16553,16560,False
ep0,1451,3469,3469,meta,,4096,16833,16840,False
ep0,1452,3470,3470,meta,,4096,16769,16776,False
ep0,1453,3470,3470,meta,,4096,16865,16872,False
ep0,1454,3470,3470,meta,,4096,16969,16976,False
ep0,1455,3471,3471,meta,,2560,18521,18525,False
ep0,1456,3471,3471,meta,,4096,17025,17032,False
ep0,1457,3471,3471,meta,,4096,17089,17096,False
ep0,1458,3471,3471,meta,,4096,16817,16824,False
ep0,1459,3472,3472,meta,,4096,17881,17888,False
ep0,1460,3472,3472,meta,,4096,16945,16952,False
ep0,1461,3472,3472,meta,,4096,16873,16880,False
ep0,1462,3472,3472,meta,,4096,16561,16568,False
ep0,1463,3473,3473,meta,,4096,16841,16848,False
ep0,1464,3473,3473,meta,,4096,16873,16880,False
ep0,1465,3474,3474,meta,,4096,16777,16784,False
ep0,1466,3474,3474,meta,,4096,16977,16984,False
ep0,1467,3475,3475,meta,,4096,17033,17040,False
ep0,1468,3475,3475,meta,,4096,17097,17104,False
ep0,1469,3475,3475,meta,,4096,16825,16832,False
ep0,1470,3475,3475,meta,,4096,16881,16888,False
ep0,1471,3475,3475,meta,,4096,16569,16576,False
ep0,1472,3476,3476,meta,,4096,17889,17896,False
ep0,1473,3476,3476,meta,,4096,16953,16960,False
ep0,1474,3476,3476,meta,,4096,16849,16856,False
ep0,1475,3477,3477,meta,,4096,16881,16888,False
ep0,1476,3478,3478,meta,,4096,17041,17048,False
ep0,1477,3478,3478,meta,,4096,16785,16792,False
ep0,1478,3478,3478,meta,,4096,16985,16992,False
ep0,1479,3479,3479,meta,,4096,17897,17904,False
ep0,1480,3479,3479,meta,,4096,16625,16632,False
ep0,1481,3479,3479,meta,,4096,16961,16968,False
ep0,1482,3479,3479,meta,,4096,16833,16840,False
ep0,1483,3479,3479,meta,,4096,16889,16896,False
ep0,1484,3479,3479,meta,,4096,16577,16584,False
ep0,1485,3480,3480,meta,,4096,16857,16864,False
ep0,1486,3481,3481,meta,,4096,16793,16800,False
ep0,1487,3481,3481,meta,,4096,16889,16896,False
ep0,1488,3481,3481,meta,,4096,16993,17000,False
ep0,1489,3482,3482,meta,,4096,17049,17056,False
ep0,1490,3482,3482,meta,,4096,16897,16904,False
ep0,1491,3483,3483,meta,,4096,17905,17912,False
ep0,1492,3483,3483,meta,,4096,16633,16640,False
ep0,1493,3483,3483,meta,,4096,16969,16976,False
ep0,1494,3483,3483,meta,,4096,16841,16848,False
ep0,1495,3483,3483,meta,,4096,16585,16592,False
ep0,1496,3484,3484,meta,,4096,18513,18520,False
ep0,1497,3484,3484,meta,,4096,16897,16904,False
ep0,1498,3485,3485,meta,,4096,16801,16808,False
ep0,1499,3485,3485,meta,,4096,17001,17008,False
ep0,1500,3486,3486,meta,,4096,17057,17064,False
ep0,1501,3486,3486,meta,,4096,16641,16648,False
ep0,1502,3486,3486,meta,,4096,16905,16912,False
ep0,1503,3487,3487,meta,,4096,17913,17920,False
ep0,1504,3487,3487,meta,,4096,16977,16984,False
ep0,1505,3487,3487,meta,,4096,16849,16856,False
ep0,1506,3487,3487,meta,,4096,16593,16600,False
ep0,1507,3488,3488,meta,,4096,16905,16912,False
ep0,1508,3489,3489,meta,,4096,17065,17072,False
ep0,1509,3489,3489,meta,,4096,16809,16816,False
ep0,1510,3489,3489,meta,,4096,17009,17016,False
ep0,1511,3490,3490,meta,,4096,17921,17928,False
ep0,1512,3490,3490,meta,,4096,16649,16656,False
ep0,1513,3490,3490,meta,,4096,16913,16920,False
ep0,1514,3491,3491,meta,,4096,16985,16992,False
ep0,1515,3491,3491,meta,,4096,16857,16864,False
ep0,1516,3491,3491,meta,,4096,16601,16608,False
ep0,1517,3492,3492,meta,,4096,16913,16920,False
ep0,1518,3493,3493,meta,,4096,17073,17080,False
ep0,1519,3493,3493,meta,,4096,16817,16824,False
ep0,1520,3493,3493,meta,,4096,16921,16928,False
ep0,1521,3493,3493,meta,,4096,17017,17024,False
ep0,1522,3494,3494,meta,,4096,17929,17936,False
ep0,1523,3494,3494,meta,,4096,16657,16664,False
ep0,1524,3494,3494,meta,,4096,16993,17000,False
ep0,1525,3494,3494,meta,,4096,16609,16616,False
ep0,1526,3495,3495,meta,,4096,18513,18520,False
ep0,1527,3496,3496,meta,,4096,16921,16928,False
ep0,1528,3496,3496,meta,,4096,17025,17032,False
ep0,1529,3497,3497,meta,,4096,17081,17088,False
ep0,1530,3497,3497,meta,,4096,17937,17944,False
ep0,1531,3497,3497,meta,,4096,16825,16832,False
ep0,1532,3497,3497,meta,,4096,16929,16936,False
ep0,1533,3498,3498,meta,,4096,16665,16672,False
ep0,1534,3498,3498,meta,,4096,17001,17008,False
ep0,1535,3498,3498,meta,,2560,18521,18525,False
ep0,1536,3498,3498,meta,,4096,16617,16624,False
ep0,1537,3500,3500,meta,,4096,17089,17096,False
ep0,1538,3500,3500,meta,,4096,16833,16840,False
ep0,1539,3500,3500,meta,,4096,16929,16936,False
ep0,1540,3500,3500,meta,,4096,17033,17040,False
ep0,1541,3501,3501,meta,,4096,17945,17952,False
ep0,1542,3501,3501,meta,,4096,16937,16944,False
ep0,1543,3502,3502,meta,,4096,16673,16680,False
ep0,1544,3502,3502,meta,,4096,17009,17016,False
ep0,1545,3503,3503,meta,,4096,16937,16944,False
ep0,1546,3503,3503,meta,,4096,17481,17488,False
ep0,1547,3504,3504,meta,,4096,17097,17104,False
ep0,1548,3504,3504,meta,,4096,16841,16848,False
ep0,1549,3504,3504,meta,,4096,16945,16952,False
ep0,1550,3504,3504,meta,,4096,17041,17048,False
ep0,1551,3505,3505,meta,,4096,17953,17960,False
ep0,1552,3506,3506,meta,,4096,16681,16688,False
ep0,1553,3506,3506,meta,,4096,17017,17024,False
ep0,1554,3507,3507,meta,,4096,16945,16952,False
ep0,1555,3507,3507,meta,,4096,17049,17056,False
ep0,1556,3508,3508,meta,,4096,16625,16632,False
ep0,1557,3508,3508,meta,,4096,17961,17968,False
ep0,1558,3508,3508,meta,,4096,16849,16856,False
ep0,1559,3508,3508,meta,,4096,16953,16960,False
ep0,1560,3509,3509,meta,,4096,16689,16696,False
ep0,1561,3509,3509,meta,,2560,18521,18525,False
ep0,1562,3510,3510,meta,,4096,17025,17032,False
ep0,1563,3511,3511,meta,,4096,16857,16864,False
ep0,1564,3511,3511,meta,,4096,16961,16968,False
ep0,1565,3511,3511,meta,,4096,16953,16960,False
ep0,1566,3511,3511,meta,,4096,17057,17064,False
ep0,1567,3512,3512,meta,,4096,16633,16640,False
ep0,1568,3512,3512,meta,,4096,17969,17976,False
ep0,1569,3513,3513,meta,,4096,16697,16704,False
ep0,1570,3513,3513,meta,,4096,17033,17040,False
ep0,1571,3515,3515,meta,,4096,17977,17984,False
ep0,1572,3515,3515,meta,,4096,16969,16976,False
ep0,1573,3515,3515,meta,,4096,16961,16968,False
ep0,1574,3515,3515,meta,,4096,17065,17072,False
ep0,1575,3516,3516,meta,,4096,16641,16648,False
ep0,1576,3517,3517,meta,,4096,16705,16712,False
ep0,1577,3517,3517,meta,,4096,17041,17048,False
ep0,1578,3517,3517,meta,,4096,16865,16872,False
ep0,1579,3518,3518,meta,,4096,17073,17080,False
ep0,1580,3519,3519,meta,,4096,16649,16656,False
ep0,1581,3519,3519,meta,,4096,17985,17992,False
ep0,1582,3519,3519,meta,,4096,16977,16984,False
ep0,1583,3519,3519,meta,,4096,16969,16976,False
ep0,1584,3520,3520,meta,,4096,16625,16632,False
ep0,1585,3521,3521,meta,,4096,16713,16720,False
ep0,1586,3521,3521,meta,,4096,17049,17056,False
ep0,1587,3521,3521,meta,,4096,16873,16880,False
ep0,1588,3522,3522,meta,,4096,16985,16992,False
ep0,1589,3522,3522,meta,,4096,17081,17088,False
ep0,1590,3523,3523,meta,,4096,16657,16664,False
ep0,1591,3523,3523,meta,,4096,17993,18000,False
ep0,1592,3523,3523,meta,,4096,16977,16984,False
ep0,1593,3524,3524,meta,,4096,17057,17064,False
ep0,1594,3524,3524,meta,,4096,16881,16888,False
ep0,1595,3524,3524,meta,,4096,16633,16640,False
ep0,1596,3525,3525,meta,,4096,16721,16728,False
ep0,1597,3526,3526,meta,,4096,18001,18008,False
ep0,1598,3526,3526,meta,,4096,16993,17000,False
ep0,1599,3526,3526,meta,,4096,17089,17096,False
ep0,1600,3527,3527,meta,,4096,16665,16672,False
ep0,1601,3527,3527,meta,,4096,16985,16992,False
ep0,1602,3528,3528,meta,,4096,16729,16736,False
ep0,1603,3528,3528,meta,,4096,17065,17072,False
ep0,1604,3528,3528,meta,,4096,16889,16896,False
ep0,1605,3528,3528,meta,,4096,16641,16648,False
ep0,1606,3530,3530,meta,,4096,16673,16680,False
ep0,1607,3530,3530,meta,,4096,18009,18016,False
ep0,1608,3530,3530,meta,,4096,17001,17008,False
ep0,1609,3530,3530,meta,,4096,17097,17104,False
ep0,1610,3531,3531,meta,,4096,16897,16904,False
ep0,1611,3531,3531,meta,,4096,16993,17000,False
ep0,1612,3532,3532,meta,,4096,16737,16744,False
ep0,1613,3532,3532,meta,,4096,17073,17080,False
ep0,1614,3532,3532,meta,,4096,16649,16656,False
ep0,1615,3533,3533,meta,,4096,18017,18024,False
ep0,1616,3533,3533,meta,,4096,17009,17016,False
ep0,1617,3534,3534,meta,,4096,16681,16688,False
ep0,1618,3534,3534,meta,,4096,16625,16632,False
ep0,1619,3535,3535,meta,,4096,17081,17088,False
ep0,1620,3535,3535,meta,,4096,16905,16912,False
ep0,1621,3535,3535,meta,,4096,17001,17008,False
ep0,1622,3535,3535,meta,,4096,16657,16664,False
ep0,1623,3536,3536,meta,,4096,16745,16752,False
ep0,1624,3537,3537,meta,,4096,18025,18032,False
ep0,1625,3537,3537,meta,,4096,17017,17024,False
ep0,1626,3538,3538,meta,,4096,16689,16696,False
ep0,1627,3538,3538,meta,,4096,17009,17016,False
ep0,1628,3538,3538,meta,,4096,16633,16640,False
ep0,1629,3539,3539,meta,,4096,16753,16760,False
ep0,1630,3539,3539,meta,,4096,17089,17096,False
ep0,1631,3539,3539,meta,,4096,16913,16920,False
ep0,1632,3539,3539,meta,,4096,16665,16672,False
ep0,1633,3540,3540,meta,,4096,17025,17032,False
ep0,1634,3541,3541,meta,,4096,16697,16704,False
ep0,1635,3541,3541,meta,,4096,18033,18040,False
ep0,1636,3541,3541,meta,,4096,16641,16648,False
ep0,1637,3542,3542,meta,,4096,17017,17024,False
ep0,1638,3543,3543,meta,,4096,16761,16768,False
ep0,1639,3543,3543,meta,,4096,17097,17104,False
ep0,1640,3543,3543,meta,,4096,16921,16928,False
ep0,1641,3543,3543,meta,,4096,16673,16680,False
ep0,1642,3544,3544,meta,,4096,18041,18048,False
ep0,1643,3544,3544,meta,,4096,17033,17040,False
ep0,1644,3545,3545,meta,,4096,16705,16712,False
ep0,1645,3545,3545,meta,,4096,16649,16656,False
ep0,1646,3546,3546,meta,,4096,17025,17032,False
ep0,1647,3546,3546,meta,,4096,16681,16688,False
ep0,1648,3547,3547,meta,,4096,16769,16776,False
ep0,1649,3547,3547,meta,,4096,16625,16632,False
ep0,1650,3547,3547,meta,,4096,16929,16936,False
ep0,1651,3548,3548,meta,,4096,18049,18056,False
ep0,1652,3548,3548,meta,,4096,17041,17048,False
ep0,1653,3549,3549,meta,,4096,16713,16720,False
ep0,1654,3549,3549,meta,,4096,16657,16664,False
ep0,1655,3550,3550,meta,,4096,16777,16784,False
ep0,1656,3550,3550,meta,,4096,17033,17040,False
ep0,1657,3550,3550,meta,,4096,16689,16696,False
ep0,1658,3551,3551,meta,,4096,18057,18064,False
ep0,1659,3551,3551,meta,,4096,16633,16640,False
ep0,1660,3551,3551,meta,,4096,16937,16944,False
ep0,1661,3551,3551,meta,,4096,17049,17056,False
ep0,1662,3552,3552,meta,,4096,16721,16728,False
ep0,1663,3552,3552,meta,,4096,16665,16672,False
ep0,1664,3554,3554,meta,,4096,16785,16792,False
ep0,1665,3554,3554,meta,,4096,16641,16648,False
ep0,1666,3554,3554,meta,,4096,16945,16952,False
ep0,1667,3554,3554,meta,,4096,17041,17048,False
ep0,1668,3554,3554,meta,,4096,16697,16704,False
ep0,1669,3555,3555,meta,,4096,18065,18072,False
ep0,1670,3555,3555,meta,,4096,17057,17064,False
ep0,1671,3556,3556,meta,,4096,16729,16736,False
ep0,1672,3556,3556,meta,,4096,16673,16680,False
ep0,1673,3557,3557,meta,,4096,17049,17056,False
ep0,1674,3557,3557,meta,,4096,16705,16712,False
ep0,1675,3558,3558,meta,,4096,16793,16800,False
ep0,1676,3558,3558,meta,,4096,16649,16656,False
ep0,1677,3558,3558,meta,,4096,16953,16960,False
ep0,1678,3558,3558,meta,,4096,17065,17072,False
ep0,1679,3559,3559,meta,,4096,18073,18080,False
ep0,1680,3560,3560,meta,,4096,16737,16744,False
ep0,1681,3560,3560,meta,,4096,16681,16688,False
ep0,1682,3561,3561,meta,,4096,16801,16808,False
ep0,1683,3561,3561,meta,,4096,17057,17064,False
ep0,1684,3561,3561,meta,,4096,16713,16720,False
ep0,1685,3562,3562,meta,,4096,18081,18088,False
ep0,1686,3562,3562,meta,,4096,16657,16664,False
ep0,1687,3562,3562,meta,,4096,16961,16968,False
ep0,1688,3562,3562,meta,,4096,17073,17080,False
ep0,1689,3563,3563,meta,,4096,16689,16696,False
ep0,1690,3564,3564,meta,,4096,16745,16752,False
ep0,1691,3565,3565,meta,,4096,16809,16816,False
ep0,1692,3565,3565,meta,,4096,16665,16672,False
ep0,1693,3565,3565,meta,,4096,16969,16976,False
ep0,1694,3565,3565,meta,,4096,17065,17072,False
ep0,1695,3565,3565,meta,,4096,16721,16728,False
ep0,1696,3566,3566,meta,,4096,18089,18096,False
ep0,1697,3566,3566,meta,,4096,17081,17088,False
ep0,1698,3567,3567,meta,,4096,16697,16704,False
ep0,1699,3568,3568,meta,,4096,16753,16760,False
ep0,1700,3569,3569,meta,,4096,18097,18104,False
ep0,1701,3569,3569,meta,,4096,16817,16824,False
ep0,1702,3569,3569,meta,,4096,16673,16680,False
ep0,1703,3569,3569,meta,,4096,16977,16984,False
ep0,1704,3569,3569,meta,,4096,17073,17080,False
ep0,1705,3569,3569,meta,,4096,16729,16736,False
ep0,1706,3570,3570,meta,,4096,17089,17096,False
ep0,1707,3571,3571,meta,,4096,16705,16712,False
ep0,1708,3572,3572,meta,,4096,16761,16768,False
ep0,1709,3572,3572,meta,,4096,16825,16832,False
ep0,1710,3572,3572,meta,,4096,16985,16992,False
ep0,1711,3572,3572,meta,,4096,16737,16744,False
ep0,1712,3573,3573,meta,,4096,18105,18112,False
ep0,1713,3573,3573,meta,,4096,16681,16688,False
ep0,1714,3573,3573,meta,,4096,17097,17104,False
ep0,1715,3573,3573,meta,,4096,17081,17088,False
ep0,1716,3574,3574,meta,,4096,16713,16720,False
ep0,1717,3576,3576,meta,,4096,16769,16776,False
ep0,1718,3576,3576,meta,,4096,16833,16840,False
ep0,1719,3576,3576,meta,,4096,16689,16696,False
ep0,1720,3576,3576,meta,,4096,16993,17000,False
ep0,1721,3576,3576,meta,,4096,16745,16752,False
ep0,1722,3577,3577,meta,,4096,18113,18120,False
ep0,1723,3577,3577,meta,,4096,17089,17096,False
ep0,1724,3578,3578,meta,,4096,16721,16728,False
ep0,1725,3579,3579,meta,,4096,16777,16784,False
ep0,1726,3580,3580,meta,,4096,18121,18128,False
ep0,1727,3580,3580,meta,,4096,16841,16848,False
ep0,1728,3580,3580,meta,,4096,16697,16704,False
ep0,1729,3580,3580,meta,,4096,17001,17008,False
ep0,1730,3581,3581,meta,,4096,17097,17104,False
ep0,1731,3581,3581,meta,,4096,16753,16760,False
ep0,1732,3582,3582,meta,,4096,16729,16736,False
ep0,1733,3583,3583,meta,,4096,16785,16792,False
ep0,1734,3583,3583,meta,,4096,16849,16856,False
ep0,1735,3583,3583,meta,,4096,17009,17016,False
ep0,1736,3584,3584,meta,,4096,18129,18136,False
ep0,1737,3584,3584,meta,,4096,16705,16712,False
ep0,1738,3585,3585,meta,,4096,17105,17112,False
ep0,1739,3585,3585,meta,,4096,16761,16768,False
ep0,1740,3585,3585,meta,,4096,16737,16744,False
ep0,1741,3587,3587,meta,,4096,16793,16800,False
ep0,1742,3587,3587,meta,,4096,16857,16864,False
ep0,1743,3587,3587,meta,,4096,16713,16720,False
ep0,1744,3587,3587,meta,,4096,17017,17024,False
ep0,1745,3588,3588,meta,,4096,18137,18144,False
ep0,1746,3589,3589,meta,,4096,17113,17120,False
ep0,1747,3589,3589,meta,,4096,16769,16776,False
ep0,1748,3589,3589,meta,,4096,16745,16752,False
ep0,1749,3590,3590,meta,,4096,16801,16808,False
ep0,1750,3590,3590,meta,,4096,17105,17112,False
ep0,1751,3591,3591,meta,,4096,18513,18520,False
ep0,1752,3591,3591,meta,,4096,16721,16728,False
ep0,1753,3591,3591,meta,,4096,17025,17032,False
ep0,1754,3592,3592,meta,,4096,18145,18152,False
ep0,1755,3592,3592,meta,,4096,16777,16784,False
ep0,1756,3593,3593,meta,,4096,17113,17120,False
ep0,1757,3593,3593,meta,,4096,17121,17128,False
ep0,1758,3593,3593,meta,,4096,16753,16760,False
ep0,1759,3594,3594,meta,,4096,16809,16816,False
ep0,1760,3595,3595,meta,,4096,18153,18160,False
ep0,1761,3595,3595,meta,,4096,16729,16736,False
ep0,1762,3595,3595,meta,,4096,17033,17040,False
ep0,1763,3596,3596,meta,,4096,17129,17136,False
ep0,1764,3596,3596,meta,,4096,16785,16792,False
ep0,1765,3596,3596,meta,,4096,16761,16768,False
ep0,1766,3597,3597,meta,,4096,17121,17128,False
ep0,1767,3598,3598,meta,,4096,16817,16824,False
ep0,1768,3599,3599,meta,,4096,18161,18168,False
ep0,1769,3599,3599,meta,,4096,16737,16744,False
ep0,1770,3599,3599,meta,,4096,17041,17048,False
ep0,1771,3600,3600,meta,,4096,17129,17136,False
ep0,1772,3600,3600,meta,,4096,18513,18520,False
ep0,1773,3600,3600,meta,,4096,16793,16800,False
ep0,1774,3600,3600,meta,,4096,16769,16776,False
ep0,1775,3601,3601,meta,,4096,16825,16832,False
ep0,1776,3602,3602,meta,,4096,16745,16752,False
ep0,1777,3603,3603,meta,,4096,18169,18176,False
ep0,1778,3603,3603,meta,,4096,17049,17056,False
ep0,1779,3604,3604,meta,,4096,18513,18520,False
ep0,1780,3604,3604,meta,,4096,16801,16808,False
ep0,1781,3604,3604,meta,,4096,16777,16784,False
ep0,1782,3605,3605,meta,,4096,16833,16840,False
ep0,1783,3606,3606,meta,,4096,18177,18184,False
ep0,1784,3606,3606,meta,,2560,18521,18525,False
ep0,1785,3606,3606,meta,,4096,16753,16760,False
ep0,1786,3606,3606,meta,,4096,17057,17064,False
ep0,1787,3607,3607,meta,,4096,16809,16816,False
ep0,1788,3607,3607,meta,,4096,16785,16792,False
ep0,1789,3609,3609,meta,,4096,16841,16848,False
ep0,1790,3610,3610,meta,,4096,18185,18192,False
ep0,1791,3610,3610,meta,,4096,16761,16768,False
ep0,1792,3610,3610,meta,,4096,17065,17072,False
ep0,1793,3611,3611,meta,,4096,16817,16824,False
ep0,1794,3611,3611,meta,,4096,16793,16800,False
ep0,1795,3613,3613,meta,,4096,16849,16856,False
ep0,1796,3613,3613,meta,,4096,18193,18200,False
ep0,1797,3614,3614,meta,,4096,16769,16776,False
ep0,1798,3614,3614,meta,,4096,17073,17080,False
ep0,1799,3614,3614,meta,,4096,16825,16832,False
ep0,1800,3615,3615,meta,,2560,18521,18525,False
ep0,1801,3615,3615,meta,,4096,16801,16808,False
ep0,1802,3616,3616,meta,,4096,16857,16864,False
ep0,1803,3617,3617,meta,,4096,18201,18208,False
ep0,1804,3617,3617,meta,,4096,16777,16784,False
ep0,1805,3618,3618,meta,,4096,17081,17088,False
ep0,1806,3618,3618,meta,,2560,18521,18525,False
ep0,1807,3618,3618,meta,,4096,16833,16840,False
ep0,1808,3619,3619,meta,,4096,16809,16816,False
ep0,1809,3621,3621,meta,,4096,18209,18216,False
ep0,1810,3621,3621,meta,,4096,16785,16792,False
ep0,1811,3621,3621,meta,,4096,17089,17096,False
ep0,1812,3622,3622,meta,,4096,18513,18520,False
ep0,1813,3622,3622,meta,,4096,16841,16848,False
ep0,1814,3622,3622,meta,,4096,16817,16824,False
ep0,1815,3624,3624,meta,,4096,18217,18224,False
ep0,1816,3624,3624,meta,,4096,16793,16800,False
ep0,1817,3625,3625,meta,,4096,17097,17104,False
ep0,1818,3626,3626,meta,,4096,16849,16856,False
ep0,1819,3626,3626,meta,,4096,16825,16832,False
ep0,1820,3628,3628,meta,,4096,18225,18232,False
ep0,1821,3628,3628,meta,,4096,16801,16808,False
ep0,1822,3629,3629,meta,,4096,17105,17112,False
ep0,1823,3629,3629,meta,,4096,16857,16864,False
ep0,1824,3630,3630,meta,,4096,16833,16840,False
ep0,1825,3631,3631,meta,,4096,18233,18240,False
ep0,1826,3632,3632,meta,,4096,16809,16816,False
ep0,1827,3632,3632,meta,,4096,17113,17120,False
ep0,1828,3633,3633,meta,,4096,16841,16848,False
ep0,1829,3634,3634,meta,,4096,16865,16872,False
ep0,1830,3635,3635,meta,,4096,18241,18248,False
ep0,1831,3635,3635,meta,,4096,16817,16824,False
ep0,1832,3636,3636,meta,,4096,17121,17128,False
ep0,1833,3637,3637,meta,,2560,18521,18525,False
ep0,1834,3637,3637,meta,,4096,16849,16856,False
ep0,1835,3639,3639,meta,,4096,18249,18256,False
ep0,1836,3639,3639,meta,,4096,16825,16832,False
ep0,1837,3640,3640,meta,,4096,17129,17136,False
ep0,1838,3640,3640,meta,,4096,16873,16880,False
ep0,1839,3641,3641,meta,,4096,16857,16864,False
ep0,1840,3642,3642,meta,,4096,18257,18264,False
ep0,1841,3643,3643,meta,,4096,16833,16840,False
ep0,1842,3643,3643,meta,,4096,16881,16888,False
ep0,1843,3644,3644,meta,,4096,18513,18520,False
ep0,1844,3645,3645,meta,,4096,18513,18520,False
ep0,1845,3646,3646,meta,,4096,18265,18272,False
ep0,1846,3647,3647,meta,,4096,16841,16848,False
ep0,1847,3647,3647,meta,,4096,16889,16896,False
ep0,1848,3649,3649,meta,,4096,18273,18280,False
ep0,1849,3650,3650,meta,,4096,16849,16856,False
ep0,1850,3651,3651,meta,,4096,16897,16904,False
ep0,1851,3653,3653,meta,,4096,18281,18288,False
ep0,1852,3654,3654,meta,,4096,16857,16864,False
ep0,1853,3654,3654,meta,,4096,16905,16912,False
ep0,1854,3657,3657,meta,,4096,18289,18296,False
ep0,1855,3658,3658,meta,,4096,18513,18520,False
ep0,1856,3658,3658,meta,,2560,18521,18525,False
ep0,1857,3658,3658,meta,,4096,16913,16920,False
ep0,1858,3659,3659,meta,,2560,18521,18525,False
ep0,1859,3660,3660,meta,,4096,18297,18304,False
ep0,1860,3661,3661,meta,,4096,16921,16928,False
ep0,1861,3664,3664,meta,,4096,18305,18312,False
ep0,1862,3665,3665,meta,,4096,16929,16936,False
ep0,1863,3667,3667,meta,,4096,18313,18320,False
ep0,1864,3669,3669,meta,,4096,16937,16944,False
ep0,1865,3671,3671,meta,,4096,18321,18328,False
ep0,1866,3673,3673,meta,,2560,18521,18525,False
ep0,1867,3673,3673,meta,,4096,16945,16952,False
ep0,1868,3675,3675,meta,,4096,18329,18336,False
ep0,1869,3677,3677,meta,,4096,16953,16960,False
ep0,1870,3678,3678,meta,,4096,18337,18344,False
ep0,1871,3681,3681,meta,,4096,16961,16968,False
ep0,1872,3682,3682,meta,,4096,18345,18352,False
ep0,1873,3685,3685,meta,,4096,18353,18360,False
ep0,1874,3685,3685,meta,,4096,16969,16976,False
ep0,1875,3688,3688,meta,,4096,16977,16984,False
ep0,1876,3689,3689,meta,,4096,18361,18368,False
ep0,1877,3692,3692,meta,,4096,16985,16992,False
ep0,1878,3693,3693,meta,,4096,18369,18376,False
ep0,1879,3696,3696,meta,,4096,16993,17000,False
ep0,1880,3697,3697,meta,,4096,18377,18384,False
ep0,1881,3700,3700,meta,,4096,17001,17008,False
ep0,1882,3701,3701,meta,,4096,18385,18392,False
ep0,1883,3703,3703,meta,,4096,65,72,False
ep0,1884,3703,3703,meta,,4096,17009,17016,False
ep0,1885,3704,3704,meta,,4096,18393,18400,False
ep0,1886,3707,3707,meta,,4096,17017,17024,False
ep0,1887,3708,3708,meta,,4096,18401,18408,False
ep0,1888,3711,3711,meta,,4096,18409,18416,False
ep0,1889,3711,3711,meta,,4096,17025,17032,False
ep0,1890,3714,3714,meta,,4096,17033,17040,False
ep0,1891,3715,3715,meta,,4096,18417,18424,False
ep0,1892,3717,3717,meta,,4096,73,80,False
ep0,1893,3718,3718,meta,,4096,17041,17048,False
ep0,1894,3719,3719,meta,,4096,18425,18432,False
ep0,1895,3722,3722,meta,,4096,18433,18440,False
ep0,1896,3722,3722,meta,,4096,17049,17056,False
ep0,1897,3724,3724,forward,0,4096,81,88,True
ep0,1898,3726,3726,meta,,4096,18441,18448,False
ep0,1899,3726,3726,meta,,4096,17057,17064,False
ep0,1900,3729,3729,meta,,4096,18449,18456,False
ep0,1901,3729,3729,forward,4096,4096,89,96,True
ep0,1902,3730,3730,meta,,4096,17065,17072,False
ep0,1903,3733,3733,meta,,4096,18457,18464,False
ep0,1904,3733,3733,forward,8192,4096,97,104,True
ep0,1905,3733,3733,meta,,4096,17073,17080,False
ep0,1906,3737,3737,meta,,4096,18465,18472,False
ep0,1907,3737,3737,forward,12288,4096,105,112,True
ep0,1908,3737,3737,meta,,4096,17081,17088,False
ep0,1909,3740,3740,meta,,4096,18473,18480,False
ep0,1910,3741,3741,meta,,4096,17089,17096,False
ep0,1911,3744,3744,meta,,4096,18481,18488,False
ep0,1912,3745,3745,forward,16384,4096,113,120,True
ep0,1913,3745,3745,meta,,4096,17097,17104,False
ep0,1914,3747,3747,meta,,4096,18489,18496,False
ep0,1915,3749,3749,forward,20480,4096,121,128,True
ep0,1916,3749,3749,meta,,4096,17105,17112,False
ep0,1917,3751,3751,meta,,4096,18497,18504,False
ep0,1918,3753,3753,forward,24576,4096,129,136,True
ep0,1919,3753,3753,meta,,4096,17113,17120,False
ep0,1920,3755,3755,meta,,4096,18505,18512,False
ep0,1921,3756,3756,forward,28672,4096,137,144,True
ep0,1922,3756,3756,meta,,4096,17121,17128,False
ep0,1923,3760,3760,meta,,4096,18513,18520,False
ep0,1924,3760,3760,forward,32768,4096,145,152,True
ep0,1925,3760,3760,meta,,4096,17129,17136,False
ep0,1926,3763,3763,meta,,2560,18521,18525,False
ep0,1927,3764,3764,forward,36864,4096,153,160,True
ep0,1928,3764,3764,meta,,4096,18513,18520,False
ep0,1929,3768,3776,forward,40960,12288,161,184,True
ep0,1930,3778,3778,meta,,2560,18521,18525,False
ep0,1931,3780,3814,forward,53248,28672,185,240,True
ep0,1932,3819,3819,forward,8384512,4096,16457,16464,True
ep0,1933,3834,3865,forward,81920,36864,241,312,True
ep0,1934,3866,3866,meta,,4096,0,7,False
ep0,1935,3869,3888,forward,118784,24576,313,360,True
ep0,1936,3891,3891,meta,,4096,0,7,False
ep0,1937,3892,3892,forward,143360,4096,361,368,True
ep0,1938,3895,3895,meta,,4096,32,39,False
ep0,1939,3896,3896,forward,147456,4096,369,376,True
ep0,1940,3899,3899,meta,,4096,40,47,False
ep0,1941,3900,3900,forward,151552,4096,377,384,True
ep0,1942,3903,3903,meta,,4096,48,55,False
ep0,1943,3904,3904,forward,155648,4096,385,392,True
ep0,1944,3906,3906,meta,,4096,56,63,False
ep0,1945,3908,3908,forward,159744,4096,393,400,True
ep0,1946,3910,3910,meta,,4096,64,71,False
ep0,1947,3911,3915,forward,163840,8192,401,416,True
ep0,1948,3916,3916,meta,,4096,8,15,False
ep0,1949,3919,3919,forward,172032,4096,417,424,True
ep0,1950,3921,3921,meta,,4096,24,31,False
ep0,1951,3923,3923,forward,176128,4096,425,432,True
ep0,1952,3925,3925,forward,19968,4096,120,127,True
ep0,1953,3927,3939,forward,180224,16384,433,464,True
ep0,1954,3941,3941,meta,,4096,16,23,False
ep0,1955,3943,3943,forward,196608,4096,465,472,True
ep0,1956,3945,3945,forward,24064,4096,128,135,True
ep0,1957,3947,3947,forward,200704,4096,473,480,True
ep0,1958,3949,3949,forward,220672,4096,512,519,True
ep0,1959,3951,3951,forward,204800,4096,481,488,True
ep0,1960,3953,3953,forward,2055680,4096,4096,4103,True
ep0,1961,3955,3966,forward,208896,16384,489,520,True
ep0,1962,3967,3967,meta,,4096,0,7,False
ep0,1963,3970,3985,forward,225280,20480,521,560,True
ep0,1964,3987,3987,meta,,4096,0,7,False
ep0,1965,3989,4004,forward,245760,20480,561,600,True
ep0,1966,4007,4007,meta,,4096,0,7,False
ep0,1967,4008,4011,forward,266240,8192,601,616,True
ep0,1968,4012,4012,meta,,4096,32,39,False
ep0,1969,4015,4015,forward,274432,4096,617,624,True
ep0,1970,4016,4016,meta,,4096,40,47,False
ep0,1971,4019,4019,forward,278528,4096,625,632,True
ep0,1972,4020,4020,meta,,4096,48,55,False
ep0,1973,4023,4023,forward,282624,4096,633,640,True
ep0,1974,4024,4024,meta,,4096,56,63,False
ep0,1975,4027,4027,forward,286720,4096,641,648,True
ep0,1976,4028,4028,meta,,4096,64,71,False
ep0,1977,4030,4030,forward,290816,4096,649,656,True
ep0,1978,4033,4033,meta,,4096,8,15,False
ep0,1979,4034,4037,forward,294912,8192,657,672,True
ep0,1980,4038,4038,meta,,4096,24,31,False
ep0,1981,4038,4038,forward,262144,4096,593,600,True
ep0,1982,4041,4041,forward,303104,4096,673,680,True
ep0,1983,4042,4042,forward,19968,4096,120,127,True
ep0,1984,4045,4049,forward,307200,8192,681,696,True
ep0,1985,4051,4051,meta,,512,0,0,False
ep0,1986,4053,4053,meta,,4096,1,8,False
ep0,1987,4053,4056,forward,315392,8192,697,712,True
ep0,1988,4058,4058,meta,,4096,9,16,False
ep0,1989,4058,4058,meta,,4096,16,23,False
ep0,1990,4060,4060,forward,323584,4096,713,720,True
ep0,1991,4062,4062,meta,,4096,33,40,False
ep0,1992,4063,4063,forward,24064,4096,128,135,True
ep0,1993,4064,4064,forward,327680,4096,721,728,True
ep0,1994,4066,4066,meta,,4096,41,48,False
ep0,1995,4067,4067,forward,220672,4096,512,519,True
ep0,1996,4068,4068,forward,331776,4096,729,736,True
ep0,1997,4070,4070,meta,,4096,49,56,False
ep0,1998,4071,4071,forward,2055680,4096,4096,4103,True
ep0,1999,4071,4071,forward,335872,4096,737,744,True
ep0,2000,4074,4074,meta,,4096,57,64,False
ep0,2001,4075,4075,forward,339968,4096,745,752,True
ep0,2002,4079,4079,meta,,4096,16465,16472,False
ep0,2003,4088,4088,meta,,4096,0,7,False
ep0,2004,4091,4091,meta,,4096,0,7,False
ep0,2005,4093,4093,meta,,4096,16473,16480,False
ep0,2006,4097,4097,meta,,4096,16481,16488,False
ep0,2007,4101,4101,meta,,4096,16489,16496,False
ep0,2008,4105,4105,meta,,4096,17489,17496,False
ep0,2009,4109,4109,meta,,4096,0,7,False
ep0,2010,4109,4109,meta,,4096,17497,17504,False
ep0,2011,4112,4112,meta,,512,1,1,False
ep0,2012,4112,4112,meta,,512,2,2,False
ep0,2013,4112,4112,meta,,4096,17505,17512,False
ep0,2014,4113,4113,meta,,4096,32,39,False
ep0,2015,4114,4114,meta,,2560,3,7,False
ep0,2016,4116,4116,meta,,4096,17513,17520,False
ep0,2017,4117,4117,meta,,4096,40,47,False
ep0,2018,4117,4117,meta,,4096,32,39,False
ep0,2019,4120,4120,meta,,4096,40,47,False
ep0,2020,4120,4120,meta,,4096,17521,17528,False
ep0,2021,4121,4121,meta,,4096,48,55,False
ep0,2022,4123,4123,meta,,4096,17529,17536,False
ep0,2023,4124,4124,meta,,4096,48,55,False
ep0,2024,4125,4125,meta,,4096,56,63,False
ep0,2025,4127,4127,meta,,4096,17537,17544,False
ep0,2026,4128,4128,meta,,4096,56,63,False
ep0,2027,4129,4129,meta,,4096,64,71,False
ep0,2028,4131,4131,meta,,4096,64,71,False
ep0,2029,4131,4131,meta,,4096,17545,17552,False
ep0,2030,4134,4134,meta,,4096,8,15,False
ep0,2031,4135,4135,meta,,4096,17553,17560,False
ep0,2032,4137,4137,meta,,4096,8,15,False
ep0,2033,4138,4138,meta,,4096,17561,17568,False
ep0,2034,4140,4140,meta,,4096,24,31,False
ep0,2035,4142,4142,meta,,4096,24,31,False
ep0,2036,4142,4142,meta,,4096,17569,17576,False
ep0,2037,4144,4144,forward,19968,4096,120,127,True
ep0,2038,4146,4146,meta,,4096,17577,17584,False
ep0,2039,4147,4147,forward,19968,4096,120,127,True
ep0,2040,4149,4149,meta,,4096,17585,17592,False
ep0,2041,4153,4153,meta,,4096,16,23,False
ep0,2042,4153,4153,meta,,4096,17593,17600,False
ep0,2043,4157,4157,meta,,4096,17601,17608,False
ep0,2044,4158,4158,forward,24064,4096,128,135,True
ep0,2045,4160,4160,meta,,4096,16,23,False
ep0,2046,4160,4160,meta,,4096,17609,17616,False
ep0,2047,4164,4164,forward,24064,4096,128,135,True
ep0,2048,4164,4164,meta,,4096,17617,17624,False
ep0,2049,4165,4165,forward,220672,4096,512,519,True
ep0,2050,4168,4168,meta,,4096,17625,17632,False
ep0,2051,4169,4169,forward,220672,4096,512,519,True
ep0,2052,4171,4171,meta,,4096,17633,17640,False
ep0,2053,4173,4173,forward,2055680,4096,4096,4103,True
ep0,2054,4175,4175,meta,,4096,17641,17648,False
ep0,2055,4179,4179,meta,,4096,17649,17656,False
ep0,2056,4180,4180,forward,2055680,4096,4096,4103,True
ep0,2057,4183,4183,meta,,4096,17657,17664,False
ep0,2058,4186,4186,meta,,4096,0,7,False
ep0,2059,4187,4187,meta,,4096,17665,17672,False
ep0,2060,4190,4190,meta,,4096,17673,17680,False
ep0,2061,4194,4194,meta,,4096,17681,17688,False
ep0,2062,4198,4198,meta,,4096,17689,17696,False
ep0,2063,4202,4202,meta,,4096,17697,17704,False
ep0,2064,4205,4205,meta,,4096,17705,17712,False
ep0,2065,4209,4209,meta,,4096,17713,17720,False
ep0,2066,4213,4213,meta,,4096,17721,17728,False
ep0,2067,4217,4217,meta,,512,0,0,False
ep0,2068,4218,4218,meta,,4096,17729,17736,False
ep0,2069,4219,4219,meta,,4096,1,8,False
ep0,2070,4221,4221,meta,,4096,17737,17744,False
ep0,2071,4224,4224,meta,,4096,9,16,False
ep0,2072,4225,4225,meta,,4096,17745,17752,False
ep0,2073,4228,4228,meta,,4096,33,40,False
ep0,2074,4229,4229,meta,,4096,17753,17760,False
ep0,2075,4232,4232,meta,,4096,41,48,False
ep0,2076,4233,4233,meta,,4096,17761,17768,False
ep0,2077,4235,4235,meta,,4096,49,56,False
ep0,2078,4237,4237,meta,,4096,17769,17776,False
ep0,2079,4239,4239,meta,,4096,57,64,False
ep0,2080,4240,4240,meta,,4096,17777,17784,False
ep0,2081,4244,4244,meta,,4096,17785,17792,False
ep0,2082,4248,4248,meta,,4096,17793,17800,False
ep0,2083,4252,4252,meta,,4096,17801,17808,False
ep0,2084,4255,4255,meta,,4096,17809,17816,False
ep0,2085,4259,4259,meta,,4096,17817,17824,False
ep0,2086,4263,4263,meta,,4096,17825,17832,False
ep0,2087,4267,4267,meta,,4096,17833,17840,False
ep0,2088,4270,4270,meta,,4096,17841,17848,False
ep0,2089,4274,4274,meta,,4096,17849,17856,False
ep0,2090,4277,4277,meta,,4096,17857,17864,False
ep0,2091,4281,4281,meta,,4096,17865,17872,False
ep0,2092,4285,4285,meta,,4096,17873,17880,False
ep0,2093,4289,4289,meta,,4096,17881,17888,False
ep0,2094,4292,4292,meta,,512,1,1,False
ep0,2095,4293,4293,meta,,512,2,2,False
ep0,2096,4293,4293,meta,,4096,17889,17896,False
ep0,2097,4294,4294,meta,,2560,3,7,False
ep0,2098,4296,4296,meta,,4096,17897,17904,False
ep0,2099,4297,4297,meta,,4096,32,39,False
ep0,2100,4300,4300,meta,,4096,17905,17912,False
ep0,2101,4301,4301,meta,,4096,40,47,False
ep0,2102,4304,4304,meta,,4096,17913,17920,False
ep0,2103,4305,4305,meta,,4096,48,55,False
ep0,2104,4307,4307,meta,,4096,17921,17928,False
ep0,2105,4309,4309,meta,,4096,56,63,False
ep0,2106,4311,4311,meta,,4096,17929,17936,False
ep0,2107,4312,4312,meta,,4096,64,71,False
ep0,2108,4315,4315,meta,,4096,17937,17944,False
ep0,2109,4318,4318,meta,,4096,8,15,False
ep0,2110,4318,4318,meta,,4096,17945,17952,False
ep0,2111,4319,4319,meta,,512,0,0,False
ep0,2112,4321,4321,meta,,4096,1,8,False
ep0,2113,4322,4322,meta,,4096,17953,17960,False
ep0,2114,4324,4324,meta,,4096,24,31,False
ep0,2115,4325,4325,meta,,4096,9,16,False
ep0,2116,4326,4326,meta,,4096,17961,17968,False
ep0,2117,4329,4329,forward,19968,4096,120,127,True
ep0,2118,4330,4330,meta,,4096,33,40,False
ep0,2119,4330,4330,meta,,4096,17969,17976,False
ep0,2120,4333,4333,meta,,4096,41,48,False
ep0,2121,4334,4334,meta,,4096,16,23,False
ep0,2122,4334,4334,meta,,4096,17977,17984,False
ep0,2123,4337,4337,meta,,4096,49,56,False
ep0,2124,4338,4338,meta,,4096,17985,17992,False
ep0,2125,4340,4340,forward,24064,4096,128,135,True
ep0,2126,4341,4341,meta,,4096,57,64,False
ep0,2127,4342,4342,meta,,4096,17993,18000,False
ep0,2128,4343,4343,meta,,4096,65,72,False
ep0,2129,4344,4344,forward,220672,4096,512,519,True
ep0,2130,4346,4346,meta,,4096,16497,16504,False
ep0,2131,4349,4349,forward,2055680,4096,4096,4103,True
ep0,2132,4349,4349,meta,,4096,16505,16512,False
ep0,2133,4353,4353,meta,,4096,16513,16520,False
ep0,2134,4357,4357,meta,,4096,16521,16528,False
ep0,2135,4360,4360,meta,,4096,16529,16536,False
ep0,2136,4364,4364,meta,,4096,16537,16544,False
ep0,2137,4368,4368,meta,,4096,16545,16552,False
ep0,2138,4371,4371,meta,,4096,16553,16560,False
ep0,2139,4375,4375,meta,,4096,16561,16568,False
ep0,2140,4379,4379,meta,,4096,16569,16576,False
ep0,2141,4383,4383,meta,,4096,16577,16584,False
ep0,2142,4386,4386,meta,,4096,16585,16592,False
ep0,2143,4387,4387,meta,,512,1,1,False
ep0,2144,4388,4388,meta,,512,2,2,False
ep0,2145,4389,4389,meta,,2560,3,7,False
ep0,2146,4390,4390,meta,,4096,16593,16600,False
ep0,2147,4394,4394,meta,,4096,32,39,False
ep0,2148,4394,4394,meta,,4096,16601,16608,False
ep0,2149,4397,4397,meta,,4096,40,47,False
ep0,2150,4398,4398,meta,,4096,16609,16616,False
ep0,2151,4401,4401,meta,,4096,48,55,False
ep0,2152,4401,4401,meta,,4096,16617,16624,False
ep0,2153,4405,4405,meta,,4096,56,63,False
ep0,2154,4405,4405,meta,,4096,17481,17488,False
ep0,2155,4408,4408,meta,,4096,64,71,False
ep0,2156,4414,4414,meta,,4096,8,15,False
ep0,2157,4419,4419,meta,,4096,24,31,False
ep0,2158,4420,4420,meta,,4096,18001,18008,False
ep0,2159,4423,4423,forward,19968,4096,120,127,True
ep0,2160,4424,4424,meta,,4096,18009,18016,False
ep0,2161,4428,4428,meta,,4096,16,23,False
ep0,2162,4428,4428,meta,,4096,18017,18024,False
ep0,2163,4431,4431,meta,,4096,65,72,False
ep0,2164,4432,4432,meta,,4096,18025,18032,False
ep0,2165,4433,4433,forward,24064,4096,128,135,True
ep0,2166,4435,4435,meta,,4096,18033,18040,False
ep0,2167,4437,4437,forward,220672,4096,512,519,True
ep0,2168,4437,4437,meta,,4096,73,80,False
ep0,2169,4439,4439,meta,,4096,18041,18048,False
ep0,2170,4440,4440,meta,,4096,73,80,False
ep0,2171,4443,4443,meta,,4096,18049,18056,False
ep0,2172,4446,4446,forward,0,4096,81,88,True
ep0,2173,4447,4447,meta,,4096,18057,18064,False
ep0,2174,4450,4450,forward,4096,4096,89,96,True
ep0,2175,4451,4451,meta,,4096,18065,18072,False
ep0,2176,4453,4453,forward,2055680,4096,4096,4103,True
ep0,2177,4454,4454,forward,8192,4096,97,104,True
ep0,2178,4455,4455,meta,,4096,18073,18080,False
ep0,2179,4458,4458,forward,12288,4096,105,112,True
ep0,2180,4458,4458,meta,,4096,18081,18088,False
ep0,2181,4461,4461,forward,0,4096,81,88,True
ep0,2182,4462,4462,meta,,4096,18089,18096,False
ep0,2183,4463,4463,forward,16384,4096,113,120,True
ep0,2184,4465,4465,forward,4096,4096,89,96,True
ep0,2185,4466,4466,forward,20480,4096,121,128,True
ep0,2186,4466,4466,meta,,4096,18097,18104,False
ep0,2187,4469,4469,forward,8192,4096,97,104,True
ep0,2188,4470,4470,forward,24576,4096,129,136,True
ep0,2189,4470,4470,meta,,4096,18105,18112,False
ep0,2190,4473,4473,forward,12288,4096,105,112,True
ep0,2191,4473,4473,meta,,4096,18113,18120,False
ep0,2192,4474,4474,forward,28672,4096,137,144,True
ep0,2193,4475,4475,meta,,4096,0,7,False
ep0,2194,4477,4477,meta,,4096,18121,18128,False
ep0,2195,4478,4478,forward,32768,4096,145,152,True
ep0,2196,4479,4479,forward,16384,4096,113,120,True
ep0,2197,4481,4481,forward,36864,4096,153,160,True
ep0,2198,4481,4481,meta,,4096,18129,18136,False
ep0,2199,4483,4483,forward,20480,4096,121,128,True
ep0,2200,4485,4485,forward,40960,4096,161,168,True
ep0,2201,4485,4485,meta,,4096,18137,18144,False
ep0,2202,4487,4487,forward,24576,4096,129,136,True
ep0,2203,4489,4489,forward,45056,4096,169,176,True
ep0,2204,4489,4489,meta,,4096,18145,18152,False
ep0,2205,4490,4490,forward,28672,4096,137,144,True
ep0,2206,4492,4492,meta,,4096,18153,18160,False
ep0,2207,4493,4493,forward,49152,4096,177,184,True
ep0,2208,4494,4494,forward,32768,4096,145,152,True
ep0,2209,4496,4496,meta,,4096,18161,18168,False
ep0,2210,4497,4497,forward,53248,4096,185,192,True
ep0,2211,4497,4497,meta,,4096,0,7,False
ep0,2212,4498,4498,forward,36864,4096,153,160,True
ep0,2213,4500,4500,meta,,4096,18169,18176,False
ep0,2214,4501,4501,forward,57344,4096,193,200,True
ep0,2215,4502,4502,forward,40960,4096,161,168,True
ep0,2216,4502,4502,meta,,4096,32,39,False
ep0,2217,4503,4503,meta,,4096,18177,18184,False
ep0,2218,4505,4505,forward,61440,4096,201,208,True
ep0,2219,4506,4506,forward,45056,4096,169,176,True
ep0,2220,4506,4506,meta,,4096,40,47,False
ep0,2221,4507,4507,meta,,4096,18185,18192,False
ep0,2222,4509,4509,meta,,4096,48,55,False
ep0,2223,4510,4510,forward,49152,4096,177,184,True
ep0,2224,4511,4511,meta,,4096,18193,18200,False
ep0,2225,4513,4513,meta,,4096,56,63,False
ep0,2226,4514,4514,forward,53248,4096,185,192,True
ep0,2227,4514,4514,meta,,4096,18201,18208,False
ep0,2228,4517,4517,meta,,4096,64,71,False
ep0,2229,4518,4518,forward,57344,4096,193,200,True
ep0,2230,4518,4518,meta,,4096,18209,18216,False
ep0,2231,4519,4519,meta,,4096,65,72,False
ep0,2232,4519,4522,backward,61440,8192,201,216,True
ep0,2233,4522,4522,meta,,4096,8,15,False
ep0,2234,4522,4522,meta,,4096,18217,18224,False
ep0,2235,4523,4523,forward,69632,4096,217,224,True
ep0,2236,4525,4525,meta,,4096,18225,18232,False
ep0,2237,4526,4526,forward,65536,4096,209,216,True
ep0,2238,4527,4527,forward,73728,4096,225,232,True
ep0,2239,4528,4528,meta,,4096,24,31,False
ep0,2240,4529,4529,meta,,4096,18233,18240,False
ep0,2241,4530,4530,forward,69632,4096,217,224,True
ep0,2242,4530,4530,forward,77824,4096,233,240,True
ep0,2243,4532,4532,forward,19968,4096,120,127,True
ep0,2244,4533,4533,meta,,4096,18241,18248,False
ep0,2245,4534,4534,forward,73728,4096,225,232,True
ep0,2246,4535,4535,forward,8384512,4096,16457,16464,True
ep0,2247,4537,4537,meta,,4096,73,80,False
ep0,2248,4537,4537,meta,,4096,18249,18256,False
ep0,2249,4538,4538,forward,77824,4096,233,240,True
ep0,2250,4541,4541,meta,,4096,18257,18264,False
ep0,2251,4542,4542,forward,8384512,4096,16457,16464,True
ep0,2252,4545,4545,meta,,4096,18265,18272,False
ep0,2253,4547,4547,meta,,4096,16,23,False
ep0,2254,4549,4549,meta,,4096,18273,18280,False
ep0,2255,4550,4550,forward,81920,4096,241,248,True
ep0,2256,4551,4551,forward,24064,4096,128,135,True
ep0,2257,4553,4553,meta,,4096,18281,18288,False
ep0,2258,4554,4554,forward,86016,4096,249,256,True
ep0,2259,4555,4555,forward,220672,4096,512,519,True
ep0,2260,4556,4556,meta,,4096,18289,18296,False
ep0,2261,4558,4558,forward,81920,4096,241,248,True
ep0,2262,4558,4558,forward,90112,4096,257,264,True
ep0,2263,4559,4559,forward,2055680,4096,4096,4103,True
ep0,2264,4560,4560,meta,,4096,18297,18304,False
ep0,2265,4561,4561,forward,86016,4096,249,256,True
ep0,2266,4562,4562,forward,94208,4096,265,272,True
ep0,2267,4564,4564,meta,,4096,18305,18312,False
ep0,2268,4565,4565,forward,90112,4096,257,264,True
ep0,2269,4566,4566,forward,98304,4096,273,280,True
ep0,2270,4567,4567,meta,,4096,18313,18320,False
ep0,2271,4569,4569,forward,94208,4096,265,272,True
ep0,2272,4569,4569,forward,102400,4096,281,288,True
ep0,2273,4571,4571,meta,,4096,18321,18328,False
ep0,2274,4572,4572,meta,,4096,0,7,False
ep0,2275,4573,4573,forward,98304,4096,273,280,True
ep0,2276,4573,4573,forward,106496,4096,289,296,True
ep0,2277,4575,4575,meta,,4096,18329,18336,False
ep0,2278,4577,4577,forward,102400,4096,281,288,True
ep0,2279,4577,4577,forward,110592,4096,297,304,True
ep0,2280,4578,4578,meta,,4096,18337,18344,False
ep0,2281,4581,4581,forward,106496,4096,289,296,True
ep0,2282,4581,4581,forward,114688,4096,305,312,True
ep0,2283,4582,4582,meta,,4096,18345,18352,False
ep0,2284,4585,4585,forward,110592,4096,297,304,True
ep0,2285,4585,4585,forward,118784,4096,313,320,True
ep0,2286,4586,4586,meta,,4096,18353,18360,False
ep0,2287,4588,4588,forward,114688,4096,305,312,True
ep0,2288,4589,4589,forward,122880,4096,321,328,True
ep0,2289,4589,4589,meta,,4096,18361,18368,False
ep0,2290,4592,4592,forward,118784,4096,313,320,True
ep0,2291,4592,4592,forward,126976,4096,329,336,True
ep0,2292,4593,4593,meta,,4096,18369,18376,False
ep0,2293,4596,4596,forward,122880,4096,321,328,True
ep0,2294,4596,4596,forward,131072,4096,337,344,True
ep0,2295,4597,4597,meta,,4096,18377,18384,False
ep0,2296,4599,4599,meta,,4096,0,7,False
ep0,2297,4600,4600,forward,126976,4096,329,336,True
ep0,2298,4600,4600,forward,135168,4096,345,352,True
ep0,2299,4600,4600,meta,,4096,18385,18392,False
ep0,2300,4604,4604,forward,131072,4096,337,344,True
ep0,2301,4604,4604,forward,139264,4096,353,360,True
ep0,2302,4604,4604,meta,,4096,18393,18400,False
ep0,2303,4608,4608,forward,135168,4096,345,352,True
ep0,2304,4608,4608,forward,143360,4096,361,368,True
ep0,2305,4608,4608,meta,,4096,18401,18408,False
ep0,2306,4611,4611,forward,147456,4096,369,376,True
ep0,2307,4611,4611,meta,,4096,18409,18416,False
ep0,2308,4612,4612,forward,139264,4096,353,360,True
ep0,2309,4615,4615,forward,151552,4096,377,384,True
ep0,2310,4615,4615,meta,,4096,18417,18424,False
ep0,2311,4616,4616,forward,143360,4096,361,368,True
ep0,2312,4619,4619,forward,155648,4096,385,392,True
ep0,2313,4619,4619,meta,,4096,18425,18432,False
ep0,2314,4620,4620,forward,147456,4096,369,376,True
ep0,2315,4620,4620,meta,,4096,0,7,False
ep0,2316,4622,4622,meta,,4096,18433,18440,False
ep0,2317,4623,4623,forward,159744,4096,393,400,True
ep0,2318,4624,4624,forward,151552,4096,377,384,True
ep0,2319,4624,4624,meta,,4096,32,39,False
ep0,2320,4626,4626,meta,,4096,18441,18448,False
ep0,2321,4627,4627,forward,163840,4096,401,408,True
ep0,2322,4628,4628,forward,155648,4096,385,392,True
ep0,2323,4628,4628,meta,,4096,40,47,False
ep0,2324,4630,4630,meta,,4096,18449,18456,False
ep0,2325,4631,4631,forward,159744,4096,393,400,True
ep0,2326,4631,4631,forward,167936,4096,409,416,True
ep0,2327,4632,4632,meta,,4096,48,55,False
ep0,2328,4633,4633,meta,,4096,18457,18464,False
ep0,2329,4634,4634,forward,172032,4096,417,424,True
ep0,2330,4635,4635,forward,163840,4096,401,408,True
ep0,2331,4636,4636,meta,,4096,56,63,False
ep0,2332,4637,4637,meta,,4096,18465,18472,False
ep0,2333,4638,4638,forward,176128,4096,425,432,True
ep0,2334,4639,4639,forward,167936,4096,409,416,True
ep0,2335,4639,4639,meta,,4096,64,71,False
ep0,2336,4640,4640,meta,,4096,17377,17384,False
ep0,2337,4641,4641,meta,,4096,18473,18480,False
ep0,2338,4642,4642,forward,180224,4096,433,440,True
ep0,2339,4643,4643,forward,172032,4096,417,424,True
ep0,2340,4645,4645,meta,,4096,8,15,False
ep0,2341,4645,4645,meta,,4096,18481,18488,False
ep0,2342,4646,4646,forward,184320,4096,441,448,True
ep0,2343,4647,4647,forward,176128,4096,425,432,True
ep0,2344,4648,4648,meta,,4096,18489,18496,False
ep0,2345,4650,4650,forward,188416,4096,449,456,True
ep0,2346,4651,4651,forward,0,4096,81,88,True
ep0,2347,4651,4651,forward,180224,4096,433,440,True
ep0,2348,4652,4652,meta,,4096,18497,18504,False
ep0,2349,4653,4653,forward,192512,4096,457,464,True
ep0,2350,4654,4654,meta,,4096,17385,17392,False
ep0,2351,4656,4656,forward,184320,4096,441,448,True
ep0,2352,4656,4656,meta,,4096,24,31,False
ep0,2353,4656,4656,meta,,4096,18505,18512,False
ep0,2354,4657,4657,forward,196608,4096,465,472,True
ep0,2355,4658,4658,meta,,4096,17393,17400,False
ep0,2356,4660,4660,forward,188416,4096,449,456,True
ep0,2357,4660,4660,forward,19968,4096,120,127,True
ep0,2358,4660,4660,meta,,4096,17105,17112,False
ep0,2359,4661,4661,forward,200704,4096,473,480,True
ep0,2360,4661,4661,meta,,4096,17401,17408,False
ep0,2361,4663,4663,meta,,4096,17113,17120,False
ep0,2362,4664,4664,forward,192512,4096,457,464,True
ep0,2363,4665,4665,forward,4096,4096,89,96,True
ep0,2364,4665,4665,meta,,4096,17409,17416,False
ep0,2365,4667,4667,forward,204800,4096,481,488,True
ep0,2366,4667,4667,meta,,4096,17121,17128,False
ep0,2367,4668,4668,forward,196608,4096,465,472,True
ep0,2368,4669,4669,forward,8192,4096,97,104,True
ep0,2369,4669,4669,meta,,4096,17417,17424,False
ep0,2370,4671,4671,forward,208896,4096,489,496,True
ep0,2371,4671,4671,meta,,4096,17129,17136,False
ep0,2372,4672,4672,forward,200704,4096,473,480,True
ep0,2373,4672,4672,meta,,4096,17425,17432,False
ep0,2374,4673,4673,forward,12288,4096,105,112,True
ep0,2375,4675,4675,forward,212992,4096,497,504,True
ep0,2376,4675,4675,meta,,4096,16865,16872,False
ep0,2377,4676,4676,meta,,4096,16,23,False
ep0,2378,4676,4676,meta,,4096,17433,17440,False
ep0,2379,4677,4677,forward,204800,4096,481,488,True
ep0,2380,4678,4678,meta,,4096,16873,16880,False
ep0,2381,4679,4679,forward,16384,4096,113,120,True
ep0,2382,4679,4679,forward,217088,4096,505,512,True
ep0,2383,4679,4679,meta,,4096,17441,17448,False
ep0,2384,4680,4680,forward,24064,4096,128,135,True
ep0,2385,4681,4681,forward,208896,4096,489,496,True
ep0,2386,4682,4682,meta,,4096,16881,16888,False
ep0,2387,4683,4683,forward,20480,4096,121,128,True
ep0,2388,4683,4683,forward,221184,4096,513,520,True
ep0,2389,4683,4683,meta,,4096,17449,17456,False
ep0,2390,4684,4684,forward,220672,4096,512,519,True
ep0,2391,4685,4685,forward,212992,4096,497,504,True
ep0,2392,4686,4686,forward,24576,4096,129,136,True
ep0,2393,4686,4686,forward,225280,4096,521,528,True
ep0,2394,4686,4686,meta,,4096,16889,16896,False
ep0,2395,4687,4687,meta,,4096,17457,17464,False
ep0,2396,4688,4688,forward,2055680,4096,4096,4103,True
ep0,2397,4689,4689,forward,217088,4096,505,512,True
ep0,2398,4689,4689,meta,,4096,16897,16904,False
ep0,2399,4690,4690,forward,28672,4096,137,144,True
ep0,2400,4690,4690,forward,229376,4096,529,536,True
ep0,2401,4690,4690,meta,,4096,17465,17472,False
ep0,2402,4693,4693,forward,221184,4096,513,520,True
ep0,2403,4693,4693,meta,,4096,16905,16912,False
ep0,2404,4694,4694,forward,32768,4096,145,152,True
ep0,2405,4694,4694,forward,233472,4096,537,544,True
ep0,2406,4694,4694,meta,,4096,17473,17480,False
ep0,2407,4697,4697,forward,225280,4096,521,528,True
ep0,2408,4697,4697,forward,237568,4096,545,552,True
ep0,2409,4697,4697,meta,,4096,16913,16920,False
ep0,2410,4698,4698,forward,36864,4096,153,160,True
ep0,2411,4698,4698,meta,,512,0,0,False
ep0,2412,4698,4698,meta,,4096,17137,17144,False
ep0,2413,4699,4699,meta,,4096,1,8,False
ep0,2414,4700,4700,forward,229376,4096,529,536,True
ep0,2415,4700,4700,meta,,4096,16921,16928,False
ep0,2416,4701,4701,forward,241664,4096,553,560,True
ep0,2417,4702,4702,forward,40960,4096,161,168,True
ep0,2418,4702,4702,meta,,4096,17145,17152,False
ep0,2419,4703,4703,meta,,4096,0,7,False
ep0,2420,4704,4704,forward,233472,4096,537,544,True
ep0,2421,4704,4704,meta,,4096,9,16,False
ep0,2422,4704,4704,meta,,4096,16929,16936,False
ep0,2423,4705,4705,forward,245760,4096,561,568,True
ep0,2424,4705,4705,meta,,4096,17153,17160,False
ep0,2425,4706,4706,forward,45056,4096,169,176,True
ep0,2426,4708,4708,forward,237568,4096,545,552,True
ep0,2427,4708,4708,forward,249856,4096,569,576,True
ep0,2428,4708,4708,meta,,4096,33,40,False
ep0,2429,4708,4708,meta,,4096,16937,16944,False
ep0,2430,4709,4709,meta,,4096,17161,17168,False
ep0,2431,4710,4710,forward,49152,4096,177,184,True
ep0,2432,4712,4712,forward,241664,4096,553,560,True
ep0,2433,4712,4712,forward,253952,4096,577,584,True
ep0,2434,4712,4712,meta,,4096,41,48,False
ep0,2435,4712,4712,meta,,4096,16945,16952,False
ep0,2436,4713,4713,meta,,4096,17169,17176,False
ep0,2437,4714,4714,forward,53248,4096,185,192,True
ep0,2438,4715,4715,forward,245760,4096,561,568,True
ep0,2439,4715,4715,meta,,4096,16953,16960,False
ep0,2440,4716,4716,forward,258048,4096,585,592,True
ep0,2441,4716,4716,meta,,4096,49,56,False
ep0,2442,4717,4717,meta,,4096,17177,17184,False
ep0,2443,4718,4718,forward,57344,4096,193,200,True
ep0,2444,4719,4719,forward,249856,4096,569,576,True
ep0,2445,4719,4719,meta,,4096,16961,16968,False
ep0,2446,4720,4720,forward,262144,4096,593,600,True
ep0,2447,4720,4720,meta,,4096,57,64,False
ep0,2448,4720,4720,meta,,4096,17185,17192,False
ep0,2449,4722,4722,forward,61440,4096,201,208,True
ep0,2450,4723,4723,forward,253952,4096,577,584,True
ep0,2451,4723,4723,forward,266240,4096,601,608,True
ep0,2452,4723,4723,meta,,4096,16969,16976,False
ep0,2453,4724,4724,meta,,4096,17193,17200,False
ep0,2454,4726,4726,forward,65536,4096,209,216,True
ep0,2455,4726,4726,forward,258048,4096,585,592,True
ep0,2456,4727,4727,forward,270336,4096,609,616,True
ep0,2457,4727,4727,meta,,4096,16977,16984,False
ep0,2458,4728,4728,meta,,4096,17201,17208,False
ep0,2459,4729,4729,forward,69632,4096,217,224,True
ep0,2460,4730,4730,forward,262144,4096,593,600,True
ep0,2461,4730,4730,meta,,4096,16985,16992,False
ep0,2462,4731,4731,forward,274432,4096,617,624,True
ep0,2463,4731,4731,meta,,4096,17209,17216,False
ep0,2464,4733,4733,forward,73728,4096,225,232,True
ep0,2465,4734,4734,forward,266240,4096,601,608,True
ep0,2466,4734,4734,forward,278528,4096,625,632,True
ep0,2467,4734,4734,meta,,4096,16993,17000,False
ep0,2468,4735,4735,meta,,4096,17217,17224,False
ep0,2469,4737,4737,forward,77824,4096,233,240,True
ep0,2470,4737,4737,forward,270336,4096,609,616,True
ep0,2471,4738,4738,forward,282624,4096,633,640,True
ep0,2472,4738,4738,meta,,4096,17001,17008,False
ep0,2473,4738,4738,meta,,4096,17225,17232,False
ep0,2474,4741,4741,forward,8384512,4096,16457,16464,True
ep0,2475,4741,4741,forward,274432,4096,617,624,True
ep0,2476,4741,4741,meta,,4096,17009,17016,False
ep0,2477,4742,4742,forward,286720,4096,641,648,True
ep0,2478,4742,4742,meta,,4096,17233,17240,False
ep0,2479,4745,4745,forward,278528,4096,625,632,True
ep0,2480,4745,4745,meta,,4096,17017,17024,False
ep0,2481,4746,4746,forward,290816,4096,649,656,True
ep0,2482,4746,4746,meta,,4096,17241,17248,False
ep0,2483,4748,4748,forward,282624,4096,633,640,True
ep0,2484,4749,4749,forward,294912,4096,657,664,True
ep0,2485,4749,4749,meta,,4096,17025,17032,False
ep0,2486,4749,4749,meta,,4096,17249,17256,False
ep0,2487,4752,4752,forward,286720,4096,641,648,True
ep0,2488,4753,4753,forward,299008,4096,665,672,True
ep0,2489,4753,4753,meta,,4096,17033,17040,False
ep0,2490,4753,4753,meta,,4096,17257,17264,False
ep0,2491,4756,4756,forward,290816,4096,649,656,True
ep0,2492,4757,4757,forward,81920,4096,241,248,True
ep0,2493,4757,4757,forward,303104,4096,673,680,True
ep0,2494,4757,4757,meta,,4096,17041,17048,False
ep0,2495,4757,4757,meta,,4096,17265,17272,False
ep0,2496,4760,4760,forward,294912,4096,657,664,True
ep0,2497,4760,4760,meta,,4096,17049,17056,False
ep0,2498,4760,4760,meta,,4096,17273,17280,False
ep0,2499,4761,4761,forward,86016,4096,249,256,True
ep0,2500,4761,4761,forward,307200,4096,681,688,True
ep0,2501,4763,4763,forward,299008,4096,665,672,True
ep0,2502,4764,4764,forward,311296,4096,689,696,True
ep0,2503,4764,4764,meta,,4096,17057,17064,False
ep0,2504,4764,4764,meta,,4096,17281,17288,False
ep0,2505,4765,4765,forward,90112,4096,257,264,True
ep0,2506,4767,4767,forward,303104,4096,673,680,True
ep0,2507,4767,4767,meta,,512,1,1,False
ep0,2508,4768,4768,forward,315392,4096,697,704,True
ep0,2509,4768,4768,meta,,4096,17065,17072,False
ep0,2510,4768,4768,meta,,4096,17289,17296,False
ep0,2511,4769,4769,forward,94208,4096,265,272,True
ep0,2512,4769,4769,meta,,512,2,2,False
ep0,2513,4771,4771,forward,307200,4096,681,688,True
ep0,2514,4771,4771,meta,,512,3,3,False
ep0,2515,4771,4771,meta,,512,4,4,False
ep0,2516,4771,4771,meta,,4096,17073,17080,False
ep0,2517,4771,4771,meta,,4096,17297,17304,False
ep0,2518,4772,4772,forward,98304,4096,273,280,True
ep0,2519,4772,4772,forward,319488,4096,705,712,True
ep0,2520,4772,4772,meta,,1536,5,7,False
ep0,2521,4775,4775,forward,311296,4096,689,696,True
ep0,2522,4775,4775,meta,,4096,32,39,False
ep0,2523,4775,4775,meta,,4096,17081,17088,False
ep0,2524,4775,4775,meta,,4096,17305,17312,False
ep0,2525,4776,4776,forward,102400,4096,281,288,True
ep0,2526,4776,4776,forward,323584,4096,713,720,True
ep0,2527,4778,4778,forward,315392,4096,697,704,True
ep0,2528,4778,4778,meta,,4096,40,47,False
ep0,2529,4779,4779,meta,,4096,17089,17096,False
ep0,2530,4779,4779,meta,,4096,17313,17320,False
ep0,2531,4780,4780,forward,106496,4096,289,296,True
ep0,2532,4780,4780,forward,327680,4096,721,728,True
ep0,2533,4782,4782,forward,319488,4096,705,712,True
ep0,2534,4782,4782,meta,,4096,48,55,False
ep0,2535,4782,4782,meta,,4096,17097,17104,False
ep0,2536,4782,4782,meta,,4096,17321,17328,False
ep0,2537,4784,4784,forward,110592,4096,297,304,True
ep0,2538,4784,4784,forward,331776,4096,729,736,True
ep0,2539,4785,4785,meta,,4096,56,63,False
ep0,2540,4786,4786,forward,323584,4096,713,720,True
ep0,2541,4786,4786,meta,,4096,17329,17336,False
ep0,2542,4787,4787,forward,335872,4096,737,744,True
ep0,2543,4787,4787,meta,,4096,16625,16632,False
ep0,2544,4788,4788,forward,114688,4096,305,312,True
ep0,2545,4789,4789,meta,,4096,64,71,False
ep0,2546,4790,4790,forward,327680,4096,721,728,True
ep0,2547,4790,4790,meta,,4096,16633,16640,False
ep0,2548,4790,4790,meta,,4096,17337,17344,False
ep0,2549,4791,4791,forward,118784,4096,313,320,True
ep0,2550,4791,4791,forward,339968,4096,745,752,True
ep0,2551,4793,4793,forward,331776,4096,729,736,True
ep0,2552,4793,4793,meta,,4096,17345,17352,False
ep0,2553,4794,4794,meta,,4096,16641,16648,False
ep0,2554,4795,4795,forward,122880,4096,321,328,True
ep0,2555,4795,4795,meta,,4096,17489,17496,False
ep0,2556,4795,4795,meta,,4096,8,15,False
ep0,2557,4797,4797,forward,335872,4096,737,744,True
ep0,2558,4797,4797,meta,,4096,17353,17360,False
ep0,2559,4798,4798,meta,,4096,16649,16656,False
ep0,2560,4799,4799,forward,126976,4096,329,336,True
ep0,2561,4801,4801,forward,339968,4096,745,752,True
ep0,2562,4801,4801,meta,,4096,24,31,False
ep0,2563,4801,4801,meta,,4096,17361,17368,False
ep0,2564,4802,4802,meta,,4096,16657,16664,False
ep0,2565,4803,4803,forward,131072,4096,337,344,True
ep0,2566,4804,4804,meta,,4096,16465,16472,False
ep0,2567,4804,4804,meta,,4096,17369,17376,False
ep0,2568,4805,4805,meta,,4096,16665,16672,False
ep0,2569,4807,4807,forward,135168,4096,345,352,True
ep0,2570,4807,4807,forward,19968,4096,120,127,True
ep0,2571,4809,4809,meta,,4096,16673,16680,False
ep0,2572,4810,4810,meta,,4096,17497,17504,False
ep0,2573,4811,4811,forward,139264,4096,353,360,True
ep0,2574,4812,4812,meta,,4096,16,23,False
ep0,2575,4813,4813,meta,,4096,17505,17512,False
ep0,2576,4813,4813,meta,,4096,16681,16688,False
ep0,2577,4814,4814,forward,143360,4096,361,368,True
ep0,2578,4816,4816,meta,,4096,16689,16696,False
ep0,2579,4817,4817,meta,,4096,17513,17520,False
ep0,2580,4817,4817,forward,24064,4096,128,135,True
ep0,2581,4818,4818,forward,147456,4096,369,376,True
ep0,2582,4819,4819,meta,,4096,16473,16480,False
ep0,2583,4820,4820,meta,,4096,16697,16704,False
ep0,2584,4821,4821,meta,,4096,17521,17528,False
ep0,2585,4822,4822,forward,151552,4096,377,384,True
ep0,2586,4822,4822,forward,220672,4096,512,519,True
ep0,2587,4823,4823,meta,,4096,16481,16488,False
ep0,2588,4824,4824,meta,,4096,16705,16712,False
ep0,2589,4825,4825,meta,,4096,17529,17536,False
ep0,2590,4826,4826,forward,155648,4096,385,392,True
ep0,2591,4826,4826,meta,,4096,16489,16496,False
ep0,2592,4826,4826,forward,2055680,4096,4096,4103,True
ep0,2593,4827,4827,meta,,4096,16713,16720,False
ep0,2594,4829,4829,meta,,4096,17537,17544,False
ep0,2595,4830,4830,forward,159744,4096,393,400,True
ep0,2596,4830,4830,meta,,4096,17489,17496,False
ep0,2597,4831,4831,meta,,4096,16721,16728,False
ep0,2598,4833,4833,forward,163840,4096,401,408,True
ep0,2599,4833,4833,meta,,4096,17545,17552,False
ep0,2600,4834,4834,meta,,4096,17497,17504,False
ep0,2601,4834,4834,meta,,4096,16729,16736,False
ep0,2602,4836,4836,meta,,4096,17553,17560,False
ep0,2603,4837,4837,forward,167936,4096,409,416,True
ep0,2604,4838,4838,meta,,4096,17505,17512,False
ep0,2605,4838,4838,meta,,4096,16737,16744,False
ep0,2606,4840,4840,meta,,4096,17561,17568,False
ep0,2607,4841,4841,forward,172032,4096,417,424,True
ep0,2608,4841,4841,meta,,4096,17513,17520,False
ep0,2609,4842,4842,meta,,4096,16745,16752,False
ep0,2610,4843,4843,meta,,512,0,0,False
ep0,2611,4844,4844,meta,,4096,1,8,False
ep0,2612,4844,4844,meta,,4096,17569,17576,False
ep0,2613,4845,4845,forward,176128,4096,425,432,True
ep0,2614,4845,4845,meta,,4096,17521,17528,False
ep0,2615,4846,4846,meta,,4096,16753,16760,False
ep0,2616,4848,4848,meta,,4096,17577,17584,False
ep0,2617,4849,4849,forward,180224,4096,433,440,True
ep0,2618,4849,4849,meta,,4096,17529,17536,False
ep0,2619,4849,4849,meta,,4096,9,16,False
ep0,2620,4850,4850,meta,,4096,16761,16768,False
ep0,2621,4851,4851,meta,,4096,17585,17592,False
ep0,2622,4852,4852,forward,184320,4096,441,448,True
ep0,2623,4852,4852,meta,,4096,17537,17544,False
ep0,2624,4854,4854,meta,,4096,33,40,False
ep0,2625,4854,4854,meta,,4096,16769,16776,False
ep0,2626,4855,4855,meta,,4096,17593,17600,False
ep0,2627,4856,4856,forward,188416,4096,449,456,True
ep0,2628,4856,4856,meta,,4096,17545,17552,False
ep0,2629,4858,4858,meta,,4096,41,48,False
ep0,2630,4858,4858,meta,,4096,16777,16784,False
ep0,2631,4859,4859,meta,,4096,17601,17608,False
ep0,2632,4860,4860,forward,192512,4096,457,464,True
ep0,2633,4860,4860,meta,,4096,17553,17560,False
ep0,2634,4861,4861,meta,,4096,49,56,False
ep0,2635,4861,4861,meta,,4096,16785,16792,False
ep0,2636,4863,4863,meta,,4096,17561,17568,False
ep0,2637,4863,4863,meta,,4096,17609,17616,False
ep0,2638,4864,4864,forward,196608,4096,465,472,True
ep0,2639,4865,4865,meta,,4096,57,64,False
ep0,2640,4865,4865,meta,,4096,16793,16800,False
ep0,2641,4867,4867,meta,,4096,17569,17576,False
ep0,2642,4867,4867,meta,,4096,17617,17624,False
ep0,2643,4868,4868,forward,200704,4096,473,480,True
ep0,2644,4868,4868,meta,,4096,16801,16808,False
ep0,2645,4870,4870,meta,,4096,17625,17632,False
ep0,2646,4871,4871,meta,,4096,17577,17584,False
ep0,2647,4872,4872,forward,204800,4096,481,488,True
ep0,2648,4872,4872,meta,,4096,16809,16816,False
ep0,2649,4873,4873,meta,,4096,17377,17384,False
ep0,2650,4874,4874,meta,,4096,17585,17592,False
ep0,2651,4874,4874,meta,,4096,17633,17640,False
ep0,2652,4876,4876,forward,208896,4096,489,496,True
ep0,2653,4876,4876,meta,,4096,16817,16824,False
ep0,2654,4878,4878,meta,,4096,17593,17600,False
ep0,2655,4878,4878,meta,,4096,17641,17648,False
ep0,2656,4879,4879,meta,,4096,16825,16832,False
ep0,2657,4880,4880,forward,212992,4096,497,504,True
ep0,2658,4881,4881,meta,,4096,17649,17656,False
ep0,2659,4882,4882,meta,,4096,17601,17608,False
ep0,2660,4883,4883,meta,,4096,16833,16840,False
ep0,2661,4884,4884,forward,217088,4096,505,512,True
ep0,2662,4885,4885,meta,,4096,17609,17616,False
ep0,2663,4885,4885,meta,,4096,17657,17664,False
ep0,2664,4887,4887,forward,221184,4096,513,520,True
ep0,2665,4887,4887,meta,,4096,16841,16848,False
ep0,2666,4887,4887,meta,,4096,17385,17392,False
ep0,2667,4889,4889,meta,,4096,17617,17624,False
ep0,2668,4889,4889,meta,,4096,17665,17672,False
ep0,2669,4890,4890,meta,,4096,16849,16856,False
ep0,2670,4891,4891,forward,225280,4096,521,528,True
ep0,2671,4891,4891,meta,,4096,17393,17400,False
ep0,2672,4893,4893,meta,,4096,17625,17632,False
ep0,2673,4893,4893,meta,,4096,17673,17680,False
ep0,2674,4894,4894,meta,,4096,16857,16864,False
ep0,2675,4895,4895,forward,229376,4096,529,536,True
ep0,2676,4895,4895,meta,,4096,17401,17408,False
ep0,2677,4896,4896,meta,,4096,17633,17640,False
ep0,2678,4896,4896,meta,,4096,17681,17688,False
ep0,2679,4898,4898,meta,,4096,18513,18520,False
ep0,2680,4899,4899,forward,233472,4096,537,544,True
ep0,2681,4899,4899,meta,,4096,17409,17416,False
ep0,2682,4900,4900,meta,,4096,17641,17648,False
ep0,2683,4900,4900,meta,,4096,17689,17696,False
ep0,2684,4902,4902,forward,237568,4096,545,552,True
ep0,2685,4903,4903,meta,,4096,17417,17424,False
ep0,2686,4904,4904,meta,,4096,17649,17656,False
ep0,2687,4904,4904,meta,,4096,17697,17704,False
ep0,2688,4906,4906,forward,241664,4096,553,560,True
ep0,2689,4907,4907,meta,,4096,17657,17664,False
ep0,2690,4907,4907,meta,,4096,17705,17712,False
ep0,2691,4907,4907,meta,,4096,17425,17432,False
ep0,2692,4910,4910,forward,245760,4096,561,568,True
ep0,2693,4911,4911,meta,,4096,17665,17672,False
ep0,2694,4911,4911,meta,,4096,17713,17720,False
ep0,2695,4911,4911,meta,,4096,17433,17440,False
ep0,2696,4913,4913,meta,,2560,18521,18525,False
ep0,2697,4914,4914,forward,249856,4096,569,576,True
ep0,2698,4914,4914,meta,,4096,17441,17448,False
ep0,2699,4915,4915,meta,,4096,17673,17680,False
ep0,2700,4915,4915,meta,,512,1,1,False
ep0,2701,4915,4915,meta,,512,2,2,False
ep0,2702,4915,4915,meta,,4096,17721,17728,False
ep0,2703,4917,4917,meta,,2560,3,7,False
ep0,2704,4918,4918,forward,253952,4096,577,584,True
ep0,2705,4918,4918,meta,,4096,17681,17688,False
ep0,2706,4918,4918,meta,,4096,17449,17456,False
ep0,2707,4920,4920,meta,,4096,17729,17736,False
ep0,2708,4922,4922,forward,258048,4096,585,592,True
ep0,2709,4922,4922,meta,,4096,17689,17696,False
ep0,2710,4922,4922,meta,,4096,32,39,False
ep0,2711,4922,4922,meta,,4096,17457,17464,False
ep0,2712,4923,4923,meta,,4096,17737,17744,False
ep0,2713,4925,4925,meta,,4096,40,47,False
ep0,2714,4926,4926,forward,262144,4096,593,600,True
ep0,2715,4926,4926,meta,,4096,17697,17704,False
ep0,2716,4926,4926,meta,,4096,17465,17472,False
ep0,2717,4927,4927,meta,,4096,17745,17752,False
ep0,2718,4929,4929,forward,266240,4096,601,608,True
ep0,2719,4929,4929,meta,,4096,48,55,False
ep0,2720,4930,4930,meta,,4096,17705,17712,False
ep0,2721,4930,4930,meta,,4096,17473,17480,False
ep0,2722,4931,4931,meta,,4096,17753,17760,False
ep0,2723,4933,4933,forward,270336,4096,609,616,True
ep0,2724,4933,4933,meta,,4096,17713,17720,False
ep0,2725,4933,4933,meta,,4096,56,63,False
ep0,2726,4934,4934,meta,,4096,17761,17768,False
ep0,2727,4934,4934,meta,,4096,17137,17144,False
ep0,2728,4937,4937,forward,274432,4096,617,624,True
ep0,2729,4937,4937,meta,,4096,17721,17728,False
ep0,2730,4937,4937,meta,,4096,64,71,False
ep0,2731,4938,4938,meta,,4096,17769,17776,False
ep0,2732,4938,4938,meta,,4096,17145,17152,False
ep0,2733,4940,4940,forward,278528,4096,625,632,True
ep0,2734,4942,4942,meta,,4096,17729,17736,False
ep0,2735,4942,4942,meta,,4096,8,15,False
ep0,2736,4942,4942,meta,,4096,17777,17784,False
ep0,2737,4942,4942,meta,,4096,17153,17160,False
ep0,2738,4944,4944,forward,282624,4096,633,640,True
ep0,2739,4945,4945,meta,,4096,17161,17168,False
ep0,2740,4946,4946,meta,,4096,17737,17744,False
ep0,2741,4946,4946,meta,,4096,17785,17792,False
ep0,2742,4948,4948,forward,286720,4096,641,648,True
ep0,2743,4948,4948,meta,,4096,24,31,False
ep0,2744,4949,4949,meta,,4096,17169,17176,False
ep0,2745,4950,4950,meta,,4096,17745,17752,False
ep0,2746,4950,4950,meta,,4096,17793,17800,False
ep0,2747,4952,4952,forward,290816,4096,649,656,True
ep0,2748,4952,4952,forward,19968,4096,120,127,True
ep0,2749,4953,4953,meta,,4096,17801,17808,False
ep0,2750,4953,4953,meta,,4096,17177,17184,False
ep0,2751,4954,4954,meta,,4096,17753,17760,False
ep0,2752,4956,4956,forward,294912,4096,657,664,True
ep0,2753,4957,4957,meta,,4096,16,23,False
ep0,2754,4957,4957,meta,,4096,17809,17816,False
ep0,2755,4957,4957,meta,,4096,17185,17192,False
ep0,2756,4958,4958,meta,,4096,17761,17768,False
ep0,2757,4960,4960,forward,299008,4096,665,672,True
ep0,2758,4961,4961,meta,,4096,17817,17824,False
ep0,2759,4961,4961,meta,,4096,17193,17200,False
ep0,2760,4962,4962,meta,,4096,17769,17776,False
ep0,2761,4962,4962,forward,24064,4096,128,135,True
ep0,2762,4963,4963,forward,303104,4096,673,680,True
ep0,2763,4965,4965,meta,,4096,17777,17784,False
ep0,2764,4965,4965,meta,,4096,17825,17832,False
ep0,2765,4965,4965,meta,,4096,17201,17208,False
ep0,2766,4966,4966,forward,220672,4096,512,519,True
ep0,2767,4967,4967,forward,307200,4096,681,688,True
ep0,2768,4968,4968,meta,,4096,17833,17840,False
ep0,2769,4968,4968,meta,,4096,17209,17216,False
ep0,2770,4969,4969,meta,,4096,17785,17792,False
ep0,2771,4970,4970,forward,2055680,4096,4096,4103,True
ep0,2772,4971,4971,forward,311296,4096,689,696,True
ep0,2773,4972,4972,meta,,4096,17841,17848,False
ep0,2774,4972,4972,meta,,4096,17217,17224,False
ep0,2775,4973,4973,meta,,4096,17793,17800,False
ep0,2776,4974,4974,forward,315392,4096,697,704,True
ep0,2777,4976,4976,meta,,4096,17849,17856,False
ep0,2778,4976,4976,meta,,4096,17225,17232,False
ep0,2779,4977,4977,meta,,4096,17801,17808,False
ep0,2780,4978,4978,forward,319488,4096,705,712,True
ep0,2781,4979,4979,meta,,4096,17857,17864,False
ep0,2782,4980,4980,meta,,4096,17809,17816,False
ep0,2783,4980,4980,meta,,4096,17233,17240,False
ep0,2784,4982,4982,forward,323584,4096,713,720,True
ep0,2785,4983,4983,meta,,4096,17865,17872,False
ep0,2786,4983,4983,meta,,4096,17241,17248,False
ep0,2787,4984,4984,meta,,4096,17817,17824,False
ep0,2788,4986,4986,forward,327680,4096,721,728,True
ep0,2789,4987,4987,meta,,4096,17873,17880,False
ep0,2790,4987,4987,meta,,4096,17249,17256,False
ep0,2791,4988,4988,meta,,4096,17825,17832,False
ep0,2792,4990,4990,forward,331776,4096,729,736,True
ep0,2793,4990,4990,meta,,4096,17881,17888,False
ep0,2794,4991,4991,meta,,4096,17833,17840,False
ep0,2795,4991,4991,meta,,4096,17257,17264,False
ep0,2796,4994,4994,forward,335872,4096,737,744,True
ep0,2797,4994,4994,meta,,4096,17889,17896,False
ep0,2798,4994,4994,meta,,4096,17265,17272,False
ep0,2799,4995,4995,meta,,4096,17841,17848,False
ep0,2800,4997,4997,forward,339968,4096,745,752,True
ep0,2801,4998,4998,meta,,4096,17897,17904,False
ep0,2802,4998,4998,meta,,4096,17273,17280,False
ep0,2803,4999,4999,meta,,4096,17849,17856,False
ep0,2804,5001,5001,meta,,4096,16465,16472,False
ep0,2805,5002,5002,meta,,4096,17857,17864,False
ep0,2806,5002,5002,meta,,4096,17905,17912,False
ep0,2807,5002,5002,meta,,4096,17281,17288,False
ep0,2808,5005,5005,meta,,4096,17913,17920,False
ep0,2809,5005,5005,meta,,4096,17289,17296,False
ep0,2810,5006,5006,meta,,4096,17865,17872,False
ep0,2811,5009,5009,meta,,4096,17921,17928,False
ep0,2812,5009,5009,meta,,4096,17297,17304,False
ep0,2813,5010,5010,meta,,4096,17873,17880,False
ep0,2814,5013,5013,meta,,4096,17929,17936,False
ep0,2815,5013,5013,meta,,4096,17305,17312,False
ep0,2816,5014,5014,meta,,4096,17881,17888,False
ep0,2817,5016,5016,meta,,4096,16473,16480,False
ep0,2818,5016,5016,meta,,4096,17313,17320,False
ep0,2819,5017,5017,meta,,4096,17889,17896,False
ep0,2820,5017,5017,meta,,4096,17937,17944,False
ep0,2821,5019,5019,meta,,4096,16481,16488,False
ep0,2822,5020,5020,meta,,4096,17321,17328,False
ep0,2823,5021,5021,meta,,4096,17897,17904,False
ep0,2824,5021,5021,meta,,4096,17945,17952,False
ep0,2825,5023,5023,meta,,4096,16489,16496,False
ep0,2826,5024,5024,meta,,4096,17953,17960,False
ep0,2827,5024,5024,meta,,4096,17329,17336,False
ep0,2828,5025,5025,meta,,4096,17905,17912,False
ep0,2829,5027,5027,meta,,4096,17489,17496,False
ep0,2830,5027,5027,meta,,4096,17337,17344,False
ep0,2831,5028,5028,meta,,4096,17961,17968,False
ep0,2832,5029,5029,meta,,4096,17913,17920,False
ep0,2833,5031,5031,meta,,4096,17497,17504,False
ep0,2834,5031,5031,meta,,4096,17345,17352,False
ep0,2835,5032,5032,meta,,4096,17921,17928,False
ep0,2836,5033,5033,meta,,4096,17969,17976,False
ep0,2837,5034,5034,meta,,4096,17505,17512,False
ep0,2838,5035,5035,meta,,4096,17353,17360,False
ep0,2839,5036,5036,meta,,4096,17929,17936,False
ep0,2840,5036,5036,meta,,4096,17977,17984,False
ep0,2841,5038,5038,meta,,4096,17513,17520,False
ep0,2842,5038,5038,meta,,4096,17361,17368,False
ep0,2843,5040,5040,meta,,4096,17937,17944,False
ep0,2844,5040,5040,meta,,4096,17985,17992,False
ep0,2845,5042,5042,meta,,4096,17521,17528,False
ep0,2846,5042,5042,meta,,4096,17369,17376,False
ep0,2847,5043,5043,meta,,4096,17945,17952,False
ep0,2848,5044,5044,meta,,4096,17993,18000,False
ep0,2849,5045,5045,meta,,4096,17529,17536,False
ep0,2850,5047,5047,meta,,4096,17953,17960,False
ep0,2851,5048,5048,meta,,4096,16465,16472,False
ep0,2852,5049,5049,meta,,4096,17537,17544,False
ep0,2853,5051,5051,meta,,4096,17961,17968,False
ep0,2854,5052,5052,meta,,4096,16473,16480,False
ep0,2855,5053,5053,meta,,4096,17545,17552,False
ep0,2856,5055,5055,meta,,4096,17969,17976,False
ep0,2857,5055,5055,meta,,4096,16481,16488,False
ep0,2858,5057,5057,meta,,4096,17553,17560,False
ep0,2859,5058,5058,meta,,4096,17977,17984,False
ep0,2860,5059,5059,meta,,4096,16489,16496,False
ep0,2861,5060,5060,meta,,4096,17561,17568,False
ep0,2862,5062,5062,meta,,4096,17985,17992,False
ep0,2863,5063,5063,meta,,4096,18001,18008,False
ep0,2864,5064,5064,meta,,4096,17569,17576,False
ep0,2865,5066,5066,meta,,4096,17993,18000,False
ep0,2866,5068,5068,meta,,4096,17577,17584,False
ep0,2867,5070,5070,meta,,4096,16497,16504,False
ep0,2868,5071,5071,meta,,4096,65,72,False
ep0,2869,5072,5072,meta,,4096,17585,17592,False
ep0,2870,5075,5075,meta,,4096,17593,17600,False
ep0,2871,5078,5078,meta,,4096,18009,18016,False
ep0,2872,5079,5079,meta,,4096,17601,17608,False
ep0,2873,5082,5082,meta,,4096,18017,18024,False
ep0,2874,5083,5083,meta,,4096,17609,17616,False
ep0,2875,5084,5084,meta,,4096,16505,16512,False
ep0,2876,5086,5086,meta,,4096,18025,18032,False
ep0,2877,5087,5087,meta,,4096,17617,17624,False
ep0,2878,5088,5088,meta,,4096,16513,16520,False
ep0,2879,5089,5089,meta,,4096,18033,18040,False
ep0,2880,5090,5090,meta,,4096,17625,17632,False
ep0,2881,5091,5091,meta,,4096,16521,16528,False
ep0,2882,5093,5093,meta,,4096,18041,18048,False
ep0,2883,5093,5093,meta,,4096,73,80,False
ep0,2884,5094,5094,meta,,4096,17633,17640,False
ep0,2885,5095,5095,meta,,4096,16529,16536,False
ep0,2886,5097,5097,meta,,4096,18049,18056,False
ep0,2887,5098,5098,meta,,4096,17641,17648,False
ep0,2888,5099,5099,meta,,4096,16537,16544,False
ep0,2889,5101,5101,meta,,4096,18057,18064,False
ep0,2890,5102,5102,meta,,4096,17649,17656,False
ep0,2891,5102,5102,meta,,4096,16545,16552,False
ep0,2892,5102,5102,forward,0,4096,81,88,True
ep0,2893,5104,5104,meta,,4096,18065,18072,False
ep0,2894,5106,5106,meta,,4096,17657,17664,False
ep0,2895,5106,5106,meta,,4096,16553,16560,False
ep0,2896,5107,5107,forward,4096,4096,89,96,True
ep0,2897,5108,5108,meta,,4096,18073,18080,False
ep0,2898,5109,5109,meta,,4096,17665,17672,False
ep0,2899,5110,5110,meta,,4096,16561,16568,False
ep0,2900,5111,5111,forward,8192,4096,97,104,True
ep0,2901,5112,5112,meta,,4096,18081,18088,False
ep0,2902,5113,5113,meta,,4096,17673,17680,False
ep0,2903,5113,5113,meta,,4096,16569,16576,False
ep0,2904,5115,5115,meta,,4096,18089,18096,False
ep0,2905,5115,5115,forward,12288,4096,105,112,True
ep0,2906,5116,5116,meta,,4096,65,72,False
ep0,2907,5117,5117,meta,,4096,17681,17688,False
ep0,2908,5117,5117,meta,,4096,16577,16584,False
ep0,2909,5119,5119,meta,,4096,18097,18104,False
ep0,2910,5121,5121,meta,,4096,17689,17696,False
ep0,2911,5121,5121,meta,,4096,16585,16592,False
ep0,2912,5122,5122,meta,,4096,73,80,False
ep0,2913,5123,5123,meta,,4096,18105,18112,False
ep0,2914,5124,5124,meta,,4096,17697,17704,False
ep0,2915,5125,5125,meta,,4096,16593,16600,False
ep0,2916,5127,5127,meta,,4096,18113,18120,False
ep0,2917,5128,5128,meta,,4096,17705,17712,False
ep0,2918,5128,5128,meta,,4096,16601,16608,False
ep0,2919,5130,5130,forward,16384,4096,113,120,True
ep0,2920,5131,5131,meta,,4096,18121,18128,False
ep0,2921,5132,5132,meta,,4096,17713,17720,False
ep0,2922,5132,5132,meta,,4096,16609,16616,False
ep0,2923,5133,5133,forward,20480,4096,121,128,True
ep0,2924,5134,5134,meta,,4096,18129,18136,False
ep0,2925,5135,5135,meta,,4096,17721,17728,False
ep0,2926,5136,5136,meta,,4096,16617,16624,False
ep0,2927,5137,5137,forward,24576,4096,129,136,True
ep0,2928,5138,5138,meta,,4096,18137,18144,False
ep0,2929,5139,5139,meta,,4096,17729,17736,False
ep0,2930,5140,5140,meta,,4096,17481,17488,False
ep0,2931,5142,5142,meta,,4096,18145,18152,False
ep0,2932,5142,5142,forward,28672,4096,137,144,True
ep0,2933,5143,5143,meta,,4096,17737,17744,False
ep0,2934,5144,5144,meta,,4096,18001,18008,False
ep0,2935,5145,5145,meta,,4096,18153,18160,False
ep0,2936,5145,5145,forward,32768,4096,145,152,True
ep0,2937,5147,5147,meta,,4096,17745,17752,False
ep0,2938,5147,5147,meta,,4096,18009,18016,False
ep0,2939,5149,5149,meta,,4096,18161,18168,False
ep0,2940,5150,5150,forward,36864,4096,153,160,True
ep0,2941,5151,5151,meta,,4096,17753,17760,False
ep0,2942,5151,5151,meta,,4096,18017,18024,False
ep0,2943,5153,5153,meta,,4096,18169,18176,False
ep0,2944,5154,5154,meta,,4096,17761,17768,False
ep0,2945,5154,5154,forward,40960,4096,161,168,True
ep0,2946,5155,5155,meta,,4096,18025,18032,False
ep0,2947,5157,5157,meta,,4096,18177,18184,False
ep0,2948,5158,5158,meta,,4096,17769,17776,False
ep0,2949,5158,5158,forward,45056,4096,169,176,True
ep0,2950,5159,5159,meta,,4096,18033,18040,False
ep0,2951,5160,5160,meta,,4096,18185,18192,False
ep0,2952,5161,5161,forward,49152,4096,177,184,True
ep0,2953,5162,5162,meta,,4096,17777,17784,False
ep0,2954,5163,5163,meta,,4096,18041,18048,False
ep0,2955,5164,5164,meta,,4096,18193,18200,False
ep0,2956,5165,5165,forward,53248,4096,185,192,True
ep0,2957,5166,5166,meta,,4096,17785,17792,False
ep0,2958,5167,5167,meta,,4096,18049,18056,False
ep0,2959,5167,5167,meta,,4096,18201,18208,False
ep0,2960,5169,5169,meta,,4096,17793,17800,False
ep0,2961,5169,5169,forward,57344,4096,193,200,True
ep0,2962,5171,5171,meta,,4096,18057,18064,False
ep0,2963,5171,5171,meta,,4096,18209,18216,False
ep0,2964,5173,5173,meta,,4096,17801,17808,False
ep0,2965,5174,5174,forward,61440,4096,201,208,True
ep0,2966,5175,5175,meta,,4096,18065,18072,False
ep0,2967,5175,5175,meta,,4096,18217,18224,False
ep0,2968,5177,5177,meta,,4096,17809,17816,False
ep0,2969,5178,5178,meta,,4096,18073,18080,False
ep0,2970,5179,5179,meta,,4096,18225,18232,False
ep0,2971,5180,5180,meta,,4096,17817,17824,False
ep0,2972,5182,5182,meta,,4096,18081,18088,False
ep0,2973,5182,5182,meta,,4096,18233,18240,False
ep0,2974,5184,5184,meta,,4096,17825,17832,False
ep0,2975,5186,5186,meta,,4096,18089,18096,False
ep0,2976,5187,5187,meta,,4096,18241,18248,False
ep0,2977,5188,5188,meta,,4096,17833,17840,False
ep0,2978,5188,5188,forward,65536,4096,209,216,True
ep0,2979,5190,5190,meta,,4096,18097,18104,False
ep0,2980,5190,5190,meta,,4096,18249,18256,False
ep0,2981,5191,5191,meta,,4096,17841,17848,False
ep0,2982,5193,5193,forward,69632,4096,217,224,True
ep0,2983,5194,5194,meta,,4096,18105,18112,False
ep0,2984,5194,5194,meta,,4096,18257,18264,False
ep0,2985,5195,5195,meta,,4096,17849,17856,False
ep0,2986,5197,5197,meta,,4096,18113,18120,False
ep0,2987,5197,5197,forward,73728,4096,225,232,True
ep0,2988,5198,5198,meta,,4096,18265,18272,False
ep0,2989,5199,5199,meta,,4096,17857,17864,False
ep0,2990,5200,5200,forward,77824,4096,233,240,True
ep0,2991,5201,5201,meta,,4096,18121,18128,False
ep0,2992,5201,5201,meta,,4096,18273,18280,False
ep0,2993,5202,5202,meta,,4096,17865,17872,False
ep0,2994,5205,5205,meta,,4096,18129,18136,False
ep0,2995,5205,5205,meta,,4096,18281,18288,False
ep0,2996,5205,5205,forward,8384512,4096,16457,16464,True
ep0,2997,5206,5206,meta,,4096,17873,17880,False
ep0,2998,5209,5209,meta,,4096,18137,18144,False
ep0,2999,5209,5209,meta,,4096,18289,18296,False
ep0,3000,5210,5210,meta,,4096,17881,17888,False
ep0,3001,5212,5212,meta,,4096,18297,18304,False
ep0,3002,5213,5213,meta,,4096,18145,18152,False
ep0,3003,5213,5213,meta,,4096,17377,17384,False
ep0,3004,5214,5214,meta,,4096,17889,17896,False
ep0,3005,5216,5216,meta,,4096,18305,18312,False
ep0,3006,5217,5217,meta,,4096,18153,18160,False
ep0,3007,5218,5218,forward,0,4096,81,88,True
ep0,3008,5220,5220,meta,,4096,18161,18168,False
ep0,3009,5220,5220,meta,,4096,18313,18320,False
ep0,3010,5221,5221,forward,81920,4096,241,248,True
ep0,3011,5222,5222,forward,4096,4096,89,96,True
ep0,3012,5223,5223,meta,,4096,18321,18328,False
ep0,3013,5224,5224,meta,,4096,18169,18176,False
ep0,3014,5226,5226,forward,8192,4096,97,104,True
ep0,3015,5227,5227,meta,,4096,18329,18336,False
ep0,3016,5227,5227,meta,,4096,17385,17392,False
ep0,3017,5228,5228,meta,,4096,18177,18184,False
ep0,3018,5230,5230,forward,12288,4096,105,112,True
ep0,3019,5230,5230,meta,,4096,17393,17400,False
ep0,3020,5231,5231,meta,,4096,18185,18192,False
ep0,3021,5231,5231,meta,,4096,18337,18344,False
ep0,3022,5231,5231,meta,,4096,17377,17384,False
ep0,3023,5234,5234,meta,,4096,17401,17408,False
ep0,3024,5235,5235,meta,,4096,18193,18200,False
ep0,3025,5235,5235,meta,,4096,18345,18352,False
ep0,3026,5237,5237,forward,16384,4096,113,120,True
ep0,3027,5238,5238,meta,,4096,18353,18360,False
ep0,3028,5238,5238,meta,,4096,17409,17416,False
ep0,3029,5239,5239,meta,,4096,18201,18208,False
ep0,3030,5240,5240,forward,20480,4096,121,128,True
ep0,3031,5241,5241,meta,,4096,17417,17424,False
ep0,3032,5242,5242,meta,,4096,18361,18368,False
ep0,3033,5243,5243,meta,,4096,18209,18216,False
ep0,3034,5244,5244,forward,24576,4096,129,136,True
ep0,3035,5245,5245,meta,,4096,17425,17432,False
ep0,3036,5246,5246,meta,,4096,18369,18376,False
ep0,3037,5247,5247,meta,,4096,18217,18224,False
ep0,3038,5248,5248,forward,28672,4096,137,144,True
ep0,3039,5248,5248,meta,,4096,17385,17392,False
ep0,3040,5249,5249,meta,,4096,17433,17440,False
ep0,3041,5250,5250,meta,,4096,18225,18232,False
ep0,3042,5250,5250,meta,,4096,18377,18384,False
ep0,3043,5252,5252,forward,32768,4096,145,152,True
ep0,3044,5252,5252,meta,,4096,17393,17400,False
ep0,3045,5252,5252,meta,,4096,17441,17448,False
ep0,3046,5254,5254,meta,,4096,18233,18240,False
ep0,3047,5254,5254,meta,,4096,18385,18392,False
ep0,3048,5256,5256,forward,36864,4096,153,160,True
ep0,3049,5256,5256,meta,,4096,17401,17408,False
ep0,3050,5256,5256,meta,,4096,17449,17456,False
ep0,3051,5257,5257,meta,,4096,18393,18400,False
ep0,3052,5258,5258,meta,,4096,18241,18248,False
ep0,3053,5259,5259,forward,40960,4096,161,168,True
ep0,3054,5260,5260,meta,,4096,17409,17416,False
ep0,3055,5260,5260,meta,,4096,17457,17464,False
ep0,3056,5261,5261,meta,,4096,18401,18408,False
ep0,3057,5262,5262,meta,,4096,18249,18256,False
ep0,3058,5263,5263,forward,45056,4096,169,176,True
ep0,3059,5263,5263,meta,,4096,17465,17472,False
ep0,3060,5264,5264,meta,,4096,17417,17424,False
ep0,3061,5265,5265,meta,,4096,18257,18264,False
ep0,3062,5265,5265,meta,,4096,18409,18416,False
ep0,3063,5267,5267,forward,49152,4096,177,184,True
ep0,3064,5267,5267,meta,,4096,17425,17432,False
ep0,3065,5267,5267,meta,,4096,17473,17480,False
ep0,3066,5268,5268,meta,,4096,18417,18424,False
ep0,3067,5269,5269,meta,,4096,18265,18272,False
ep0,3068,5271,5271,forward,53248,4096,185,192,True
ep0,3069,5271,5271,meta,,4096,17433,17440,False
ep0,3070,5271,5271,meta,,4096,17137,17144,False
ep0,3071,5272,5272,meta,,4096,18425,18432,False
ep0,3072,5273,5273,meta,,4096,18273,18280,False
ep0,3073,5275,5275,forward,57344,4096,193,200,True
ep0,3074,5275,5275,meta,,4096,17441,17448,False
ep0,3075,5275,5275,meta,,4096,17145,17152,False
ep0,3076,5276,5276,meta,,4096,18281,18288,False
ep0,3077,5276,5276,meta,,4096,18433,18440,False
ep0,3078,5278,5278,forward,61440,4096,201,208,True
ep0,3079,5278,5278,meta,,4096,17449,17456,False
ep0,3080,5278,5278,meta,,4096,17153,17160,False
ep0,3081,5280,5280,meta,,4096,18289,18296,False
ep0,3082,5280,5280,meta,,4096,18441,18448,False
ep0,3083,5282,5282,meta,,4096,17457,17464,False
ep0,3084,5282,5282,meta,,4096,17161,17168,False
ep0,3085,5283,5283,meta,,4096,18449,18456,False
ep0,3086,5284,5284,meta,,4096,18297,18304,False
ep0,3087,5286,5286,meta,,4096,17465,17472,False
ep0,3088,5286,5286,meta,,4096,17169,17176,False
ep0,3089,5287,5287,meta,,4096,18305,18312,False
ep0,3090,5287,5287,meta,,4096,18457,18464,False
ep0,3091,5289,5289,meta,,4096,17473,17480,False
ep0,3092,5289,5289,meta,,4096,17177,17184,False
ep0,3093,5291,5291,meta,,4096,18313,18320,False
ep0,3094,5291,5291,meta,,4096,18465,18472,False
ep0,3095,5293,5293,forward,65536,4096,209,216,True
ep0,3096,5293,5293,meta,,4096,17137,17144,False
ep0,3097,5293,5293,meta,,4096,17185,17192,False
ep0,3098,5295,5295,meta,,4096,18321,18328,False
ep0,3099,5295,5295,meta,,4096,18473,18480,False
ep0,3100,5297,5297,meta,,4096,16537,16544,False
ep0,3101,5297,5297,forward,69632,4096,217,224,True
ep0,3102,5297,5297,meta,,4096,17145,17152,False
ep0,3103,5297,5297,meta,,4096,17193,17200,False
ep0,3104,5298,5298,meta,,4096,18329,18336,False
ep0,3105,5299,5299,meta,,4096,18481,18488,False
ep0,3106,5300,5300,meta,,4096,17201,17208,False
ep0,3107,5301,5301,meta,,4096,16545,16552,False
ep0,3108,5301,5301,forward,73728,4096,225,232,True
ep0,3109,5301,5301,meta,,4096,17153,17160,False
ep0,3110,5302,5302,meta,,4096,18337,18344,False
ep0,3111,5303,5303,meta,,4096,18489,18496,False
ep0,3112,5304,5304,meta,,4096,16553,16560,False
ep0,3113,5304,5304,meta,,4096,17209,17216,False
ep0,3114,5305,5305,forward,77824,4096,233,240,True
ep0,3115,5305,5305,meta,,4096,17161,17168,False
ep0,3116,5306,5306,meta,,4096,18345,18352,False
ep0,3117,5307,5307,meta,,4096,18497,18504,False
ep0,3118,5308,5308,meta,,4096,16561,16568,False
ep0,3119,5308,5308,meta,,4096,17169,17176,False
ep0,3120,5308,5308,meta,,4096,17217,17224,False
ep0,3121,5309,5309,meta,,4096,18353,18360,False
ep0,3122,5309,5309,forward,8384512,4096,16457,16464,True
ep0,3123,5311,5311,meta,,4096,18505,18512,False
ep0,3124,5311,5311,meta,,4096,17225,17232,False
ep0,3125,5312,5312,meta,,4096,16569,16576,False
ep0,3126,5312,5312,meta,,4096,17177,17184,False
ep0,3127,5313,5313,meta,,4096,18361,18368,False
ep0,3128,5315,5315,meta,,4096,16577,16584,False
ep0,3129,5315,5315,meta,,4096,16497,16504,False
ep0,3130,5315,5315,meta,,4096,17233,17240,False
ep0,3131,5316,5316,meta,,4096,17185,17192,False
ep0,3132,5317,5317,meta,,4096,18369,18376,False
ep0,3133,5319,5319,meta,,4096,16585,16592,False
ep0,3134,5319,5319,meta,,4096,17241,17248,False
ep0,3135,5320,5320,meta,,4096,18377,18384,False
ep0,3136,5320,5320,meta,,4096,17193,17200,False
ep0,3137,5323,5323,meta,,4096,16593,16600,False
ep0,3138,5323,5323,meta,,4096,17249,17256,False
ep0,3139,5324,5324,meta,,4096,18385,18392,False
ep0,3140,5324,5324,meta,,4096,17201,17208,False
ep0,3141,5326,5326,meta,,4096,16601,16608,False
ep0,3142,5327,5327,meta,,4096,17257,17264,False
ep0,3143,5328,5328,meta,,4096,18393,18400,False
ep0,3144,5328,5328,meta,,4096,17209,17216,False
ep0,3145,5329,5329,meta,,4096,16505,16512,False
ep0,3146,5330,5330,meta,,4096,16609,16616,False
ep0,3147,5330,5330,meta,,4096,17265,17272,False
ep0,3148,5331,5331,meta,,4096,18401,18408,False
ep0,3149,5331,5331,forward,327680,4096,721,728,True
ep0,3150,5332,5332,meta,,4096,17217,17224,False
ep0,3151,5333,5333,meta,,4096,16513,16520,False
ep0,3152,5334,5334,meta,,4096,16617,16624,False
ep0,3153,5334,5334,meta,,4096,17273,17280,False
ep0,3154,5335,5335,meta,,4096,18409,18416,False
ep0,3155,5335,5335,forward,331776,4096,729,736,True
ep0,3156,5336,5336,meta,,4096,17225,17232,False
ep0,3157,5337,5337,meta,,4096,16521,16528,False
ep0,3158,5338,5338,meta,,4096,17481,17488,False
ep0,3159,5338,5338,meta,,4096,17281,17288,False
ep0,3160,5339,5339,meta,,4096,18417,18424,False
ep0,3161,5339,5339,forward,335872,4096,737,744,True
ep0,3162,5339,5339,meta,,4096,17233,17240,False
ep0,3163,5341,5341,meta,,4096,16529,16536,False
ep0,3164,5341,5341,meta,,4096,17289,17296,False
ep0,3165,5342,5342,meta,,4096,18001,18008,False
ep0,3166,5342,5342,forward,339968,4096,745,752,True
ep0,3167,5343,5343,meta,,4096,18425,18432,False
ep0,3168,5343,5343,meta,,4096,17241,17248,False
ep0,3169,5344,5344,meta,,4096,16537,16544,False
ep0,3170,5345,5345,meta,,4096,18009,18016,False
ep0,3171,5345,5345,meta,,4096,17297,17304,False
ep0,3172,5346,5346,meta,,4096,18433,18440,False
ep0,3173,5346,5346,meta,,4096,17249,17256,False
ep0,3174,5347,5347,forward,204800,4096,481,488,True
ep0,3175,5348,5348,meta,,4096,16545,16552,False
ep0,3176,5349,5349,meta,,4096,18017,18024,False
ep0,3177,5349,5349,meta,,4096,17305,17312,False
ep0,3178,5350,5350,meta,,4096,18441,18448,False
ep0,3179,5350,5350,forward,208896,4096,489,496,True
ep0,3180,5350,5350,meta,,4096,17257,17264,False
ep0,3181,5352,5352,meta,,4096,16553,16560,False
ep0,3182,5352,5352,meta,,4096,17313,17320,False
ep0,3183,5353,5353,meta,,4096,18025,18032,False
ep0,3184,5354,5354,meta,,4096,18449,18456,False
ep0,3185,5354,5354,forward,212992,4096,497,504,True
ep0,3186,5354,5354,meta,,4096,17265,17272,False
ep0,3187,5356,5356,meta,,4096,18033,18040,False
ep0,3188,5356,5356,meta,,4096,16561,16568,False
ep0,3189,5356,5356,meta,,4096,17321,17328,False
ep0,3190,5357,5357,meta,,4096,18457,18464,False
ep0,3191,5357,5357,meta,,4096,17273,17280,False
ep0,3192,5358,5358,forward,217088,4096,505,512,True
ep0,3193,5360,5360,meta,,4096,18041,18048,False
ep0,3194,5360,5360,meta,,4096,16569,16576,False
ep0,3195,5360,5360,meta,,4096,17329,17336,False
ep0,3196,5361,5361,meta,,4096,18465,18472,False
ep0,3197,5361,5361,meta,,4096,17281,17288,False
ep0,3198,5362,5362,forward,221184,4096,513,520,True
ep0,3199,5363,5363,meta,,4096,17337,17344,False
ep0,3200,5364,5364,meta,,4096,18049,18056,False
ep0,3201,5364,5364,meta,,4096,16577,16584,False
ep0,3202,5365,5365,meta,,4096,18473,18480,False
ep0,3203,5365,5365,forward,225280,4096,521,528,True
ep0,3204,5365,5365,meta,,4096,17289,17296,False
ep0,3205,5367,5367,meta,,4096,18057,18064,False
ep0,3206,5367,5367,meta,,4096,16585,16592,False
ep0,3207,5367,5367,meta,,4096,17377,17384,False
ep0,3208,5367,5367,meta,,4096,17345,17352,False
ep0,3209,5368,5368,meta,,4096,17297,17304,False
ep0,3210,5369,5369,meta,,4096,18481,18488,False
ep0,3211,5369,5369,forward,229376,4096,529,536,True
ep0,3212,5371,5371,meta,,4096,18065,18072,False
ep0,3213,5371,5371,meta,,4096,16593,16600,False
ep0,3214,5371,5371,meta,,4096,17353,17360,False
ep0,3215,5372,5372,meta,,4096,18489,18496,False
ep0,3216,5372,5372,meta,,4096,17305,17312,False
ep0,3217,5373,5373,forward,233472,4096,537,544,True
ep0,3218,5374,5374,meta,,4096,17361,17368,False
ep0,3219,5375,5375,meta,,4096,18073,18080,False
ep0,3220,5375,5375,meta,,4096,16601,16608,False
ep0,3221,5376,5376,meta,,4096,18497,18504,False
ep0,3222,5376,5376,meta,,4096,17313,17320,False
ep0,3223,5377,5377,forward,237568,4096,545,552,True
ep0,3224,5378,5378,meta,,4096,18081,18088,False
ep0,3225,5378,5378,meta,,4096,17369,17376,False
ep0,3226,5379,5379,meta,,4096,16609,16616,False
ep0,3227,5379,5379,meta,,4096,17321,17328,False
ep0,3228,5380,5380,meta,,4096,18505,18512,False
ep0,3229,5380,5380,forward,241664,4096,553,560,True
ep0,3230,5381,5381,meta,,4096,17385,17392,False
ep0,3231,5382,5382,meta,,4096,18089,18096,False
ep0,3232,5382,5382,meta,,4096,16617,16624,False
ep0,3233,5383,5383,meta,,4096,17329,17336,False
ep0,3234,5384,5384,meta,,4096,17105,17112,False
ep0,3235,5384,5384,forward,245760,4096,561,568,True
ep0,3236,5385,5385,meta,,4096,17393,17400,False
ep0,3237,5386,5386,meta,,4096,18097,18104,False
ep0,3238,5386,5386,meta,,4096,17481,17488,False
ep0,3239,5387,5387,meta,,4096,17113,17120,False
ep0,3240,5387,5387,meta,,4096,17337,17344,False
ep0,3241,5388,5388,forward,249856,4096,569,576,True
ep0,3242,5388,5388,meta,,4096,17401,17408,False
ep0,3243,5389,5389,meta,,4096,18105,18112,False
ep0,3244,5391,5391,meta,,4096,17121,17128,False
ep0,3245,5391,5391,meta,,4096,17345,17352,False
ep0,3246,5392,5392,forward,253952,4096,577,584,True
ep0,3247,5393,5393,meta,,4096,18113,18120,False
ep0,3248,5395,5395,meta,,4096,17129,17136,False
ep0,3249,5395,5395,meta,,4096,17353,17360,False
ep0,3250,5396,5396,forward,258048,4096,585,592,True
ep0,3251,5397,5397,meta,,4096,18121,18128,False
ep0,3252,5399,5399,meta,,4096,16865,16872,False
ep0,3253,5399,5399,forward,262144,4096,593,600,True
ep0,3254,5399,5399,meta,,4096,17361,17368,False
ep0,3255,5400,5400,meta,,4096,18129,18136,False
ep0,3256,5402,5402,meta,,4096,16873,16880,False
ep0,3257,5403,5403,forward,266240,4096,601,608,True
ep0,3258,5403,5403,meta,,4096,17409,17416,False
ep0,3259,5403,5403,meta,,4096,17369,17376,False
ep0,3260,5404,5404,meta,,4096,18137,18144,False
ep0,3261,5406,5406,meta,,4096,16881,16888,False
ep0,3262,5406,5406,meta,,4096,16625,16632,False
ep0,3263,5406,5406,meta,,4096,17417,17424,False
ep0,3264,5407,5407,forward,270336,4096,609,616,True
ep0,3265,5408,5408,meta,,4096,18145,18152,False
ep0,3266,5409,5409,meta,,4096,16889,16896,False
ep0,3267,5410,5410,meta,,4096,16633,16640,False
ep0,3268,5410,5410,meta,,4096,17425,17432,False
ep0,3269,5411,5411,forward,274432,4096,617,624,True
ep0,3270,5412,5412,meta,,4096,18153,18160,False
ep0,3271,5413,5413,meta,,4096,16897,16904,False
ep0,3272,5414,5414,forward,278528,4096,625,632,True
ep0,3273,5414,5414,meta,,4096,16641,16648,False
ep0,3274,5414,5414,meta,,4096,17433,17440,False
ep0,3275,5415,5415,meta,,4096,18161,18168,False
ep0,3276,5417,5417,meta,,4096,16905,16912,False
ep0,3277,5417,5417,meta,,4096,16649,16656,False
ep0,3278,5417,5417,meta,,4096,17441,17448,False
ep0,3279,5418,5418,forward,282624,4096,633,640,True
ep0,3280,5419,5419,meta,,4096,18169,18176,False
ep0,3281,5421,5421,meta,,4096,16913,16920,False
ep0,3282,5421,5421,meta,,4096,16657,16664,False
ep0,3283,5421,5421,meta,,4096,17449,17456,False
ep0,3284,5422,5422,forward,286720,4096,641,648,True
ep0,3285,5423,5423,meta,,4096,18177,18184,False
ep0,3286,5424,5424,meta,,4096,16921,16928,False
ep0,3287,5424,5424,meta,,4096,17457,17464,False
ep0,3288,5425,5425,meta,,4096,16665,16672,False
ep0,3289,5426,5426,forward,290816,4096,649,656,True
ep0,3290,5427,5427,meta,,4096,18185,18192,False
ep0,3291,5428,5428,meta,,4096,16929,16936,False
ep0,3292,5428,5428,meta,,4096,16673,16680,False
ep0,3293,5428,5428,meta,,4096,17465,17472,False
ep0,3294,5430,5430,meta,,4096,18193,18200,False
ep0,3295,5430,5430,forward,294912,4096,657,664,True
ep0,3296,5432,5432,meta,,4096,16937,16944,False
ep0,3297,5432,5432,meta,,4096,16681,16688,False
ep0,3298,5432,5432,meta,,4096,17473,17480,False
ep0,3299,5434,5434,meta,,4096,18201,18208,False
ep0,3300,5434,5434,forward,299008,4096,665,672,True
ep0,3301,5436,5436,meta,,4096,16945,16952,False
ep0,3302,5436,5436,meta,,4096,16689,16696,False
ep0,3303,5436,5436,meta,,4096,17137,17144,False
ep0,3304,5437,5437,forward,303104,4096,673,680,True
ep0,3305,5438,5438,meta,,4096,18209,18216,False
ep0,3306,5439,5439,meta,,4096,16953,16960,False
ep0,3307,5440,5440,meta,,4096,16697,16704,False
ep0,3308,5440,5440,meta,,4096,17145,17152,False
ep0,3309,5441,5441,meta,,4096,18217,18224,False
ep0,3310,5441,5441,forward,307200,4096,681,688,True
ep0,3311,5443,5443,meta,,4096,16961,16968,False
ep0,3312,5443,5443,meta,,4096,16705,16712,False
ep0,3313,5444,5444,meta,,4096,17153,17160,False
ep0,3314,5445,5445,meta,,4096,18225,18232,False
ep0,3315,5445,5445,forward,311296,4096,689,696,True
ep0,3316,5447,5447,meta,,4096,16969,16976,False
ep0,3317,5447,5447,meta,,4096,16713,16720,False
ep0,3318,5447,5447,meta,,4096,17161,17168,False
ep0,3319,5449,5449,meta,,4096,18233,18240,False
ep0,3320,5449,5449,forward,315392,4096,697,704,True
ep0,3321,5451,5451,meta,,4096,16977,16984,False
ep0,3322,5451,5451,meta,,4096,16721,16728,False
ep0,3323,5451,5451,meta,,4096,17169,17176,False
ep0,3324,5452,5452,meta,,4096,18241,18248,False
ep0,3325,5452,5452,forward,319488,4096,705,712,True
ep0,3326,5455,5455,meta,,4096,16985,16992,False
ep0,3327,5455,5455,meta,,4096,16729,16736,False
ep0,3328,5455,5455,meta,,4096,17177,17184,False
ep0,3329,5456,5456,meta,,4096,18249,18256,False
ep0,3330,5456,5456,forward,323584,4096,713,720,True
ep0,3331,5459,5459,meta,,4096,16993,17000,False
ep0,3332,5459,5459,meta,,4096,16737,16744,False
ep0,3333,5459,5459,meta,,4096,17185,17192,False
ep0,3334,5460,5460,meta,,4096,18257,18264,False
ep0,3335,5460,5460,forward,81920,4096,241,248,True
ep0,3336,5462,5462,meta,,4096,17001,17008,False
ep0,3337,5462,5462,meta,,4096,16745,16752,False
ep0,3338,5462,5462,meta,,4096,17193,17200,False
ep0,3339,5464,5464,meta,,4096,18265,18272,False
ep0,3340,5464,5464,forward,86016,4096,249,256,True
ep0,3341,5466,5466,meta,,4096,17009,17016,False
ep0,3342,5466,5466,meta,,4096,16753,16760,False
ep0,3343,5466,5466,meta,,4096,17201,17208,False
ep0,3344,5467,5467,meta,,4096,18273,18280,False
ep0,3345,5468,5468,forward,90112,4096,257,264,True
ep0,3346,5470,5470,meta,,4096,17017,17024,False
ep0,3347,5470,5470,meta,,4096,16761,16768,False
ep0,3348,5470,5470,meta,,4096,17209,17216,False
ep0,3349,5471,5471,meta,,4096,18281,18288,False
ep0,3350,5472,5472,forward,94208,4096,265,272,True
ep0,3351,5473,5473,meta,,4096,16769,16776,False
ep0,3352,5473,5473,meta,,4096,17217,17224,False
ep0,3353,5474,5474,meta,,4096,17025,17032,False
ep0,3354,5475,5475,meta,,4096,18289,18296,False
ep0,3355,5476,5476,forward,98304,4096,273,280,True
ep0,3356,5477,5477,meta,,4096,16777,16784,False
ep0,3357,5477,5477,meta,,4096,17225,17232,False
ep0,3358,5478,5478,meta,,4096,18297,18304,False
ep0,3359,5478,5478,meta,,4096,17033,17040,False
ep0,3360,5479,5479,forward,102400,4096,281,288,True
ep0,3361,5481,5481,meta,,4096,16785,16792,False
ep0,3362,5481,5481,meta,,4096,17233,17240,False
ep0,3363,5482,5482,meta,,4096,18305,18312,False
ep0,3364,5482,5482,meta,,4096,17041,17048,False
ep0,3365,5483,5483,forward,106496,4096,289,296,True
ep0,3366,5484,5484,meta,,4096,16793,16800,False
ep0,3367,5485,5485,meta,,4096,17241,17248,False
ep0,3368,5486,5486,meta,,4096,18313,18320,False
ep0,3369,5486,5486,meta,,4096,17049,17056,False
ep0,3370,5487,5487,forward,110592,4096,297,304,True
ep0,3371,5488,5488,meta,,4096,16801,16808,False
ep0,3372,5489,5489,meta,,4096,18321,18328,False
ep0,3373,5489,5489,meta,,4096,17057,17064,False
ep0,3374,5489,5489,meta,,4096,17249,17256,False
ep0,3375,5491,5491,forward,114688,4096,305,312,True
ep0,3376,5492,5492,meta,,4096,16809,16816,False
ep0,3377,5492,5492,meta,,4096,17257,17264,False
ep0,3378,5493,5493,meta,,4096,18329,18336,False
ep0,3379,5493,5493,meta,,4096,17065,17072,False
ep0,3380,5495,5495,forward,118784,4096,313,320,True
ep0,3381,5496,5496,meta,,4096,16817,16824,False
ep0,3382,5496,5496,meta,,4096,17265,17272,False
ep0,3383,5497,5497,meta,,4096,18337,18344,False
ep0,3384,5497,5497,meta,,4096,17073,17080,False
ep0,3385,5499,5499,forward,122880,4096,321,328,True
ep0,3386,5500,5500,meta,,4096,18345,18352,False
ep0,3387,5500,5500,meta,,4096,17081,17088,False
ep0,3388,5500,5500,meta,,4096,16825,16832,False
ep0,3389,5500,5500,meta,,4096,17273,17280,False
ep0,3390,5503,5503,forward,126976,4096,329,336,True
ep0,3391,5503,5503,meta,,4096,16833,16840,False
ep0,3392,5504,5504,meta,,4096,18353,18360,False
ep0,3393,5504,5504,meta,,4096,17089,17096,False
ep0,3394,5504,5504,meta,,4096,17281,17288,False
ep0,3395,5506,5506,forward,131072,4096,337,344,True
ep0,3396,5507,5507,meta,,4096,16841,16848,False
ep0,3397,5507,5507,meta,,4096,17289,17296,False
ep0,3398,5508,5508,meta,,4096,18361,18368,False
ep0,3399,5508,5508,meta,,4096,17097,17104,False
ep0,3400,5510,5510,forward,135168,4096,345,352,True
ep0,3401,5511,5511,meta,,4096,18369,18376,False
ep0,3402,5511,5511,meta,,4096,16849,16856,False
ep0,3403,5511,5511,meta,,4096,17297,17304,False
ep0,3404,5512,5512,meta,,4096,16625,16632,False
ep0,3405,5514,5514,forward,139264,4096,353,360,True
ep0,3406,5514,5514,meta,,4096,17305,17312,False
ep0,3407,5515,5515,meta,,4096,18377,18384,False
ep0,3408,5515,5515,meta,,4096,16633,16640,False
ep0,3409,5515,5515,meta,,4096,16857,16864,False
ep0,3410,5518,5518,forward,143360,4096,361,368,True
ep0,3411,5518,5518,meta,,4096,17313,17320,False
ep0,3412,5519,5519,meta,,4096,18385,18392,False
ep0,3413,5519,5519,meta,,4096,16641,16648,False
ep0,3414,5520,5520,meta,,4096,0,7,False
ep0,3415,5520,5520,meta,,4096,16865,16872,False
ep0,3416,5522,5522,forward,147456,4096,369,376,True
ep0,3417,5522,5522,meta,,4096,17321,17328,False
ep0,3418,5523,5523,meta,,4096,18393,18400,False
ep0,3419,5523,5523,meta,,4096,16649,16656,False
ep0,3420,5524,5524,meta,,4096,16873,16880,False
ep0,3421,5525,5525,forward,151552,4096,377,384,True
ep0,3422,5525,5525,meta,,4096,17329,17336,False
ep0,3423,5526,5526,meta,,4096,16657,16664,False
ep0,3424,5527,5527,meta,,4096,18401,18408,False
ep0,3425,5528,5528,meta,,4096,16881,16888,False
ep0,3426,5529,5529,forward,155648,4096,385,392,True
ep0,3427,5529,5529,meta,,4096,17337,17344,False
ep0,3428,5530,5530,meta,,4096,18409,18416,False
ep0,3429,5530,5530,meta,,4096,16665,16672,False
ep0,3430,5532,5532,meta,,4096,16889,16896,False
ep0,3431,5533,5533,forward,159744,4096,393,400,True
ep0,3432,5533,5533,meta,,4096,17345,17352,False
ep0,3433,5534,5534,meta,,4096,18417,18424,False
ep0,3434,5534,5534,meta,,4096,16673,16680,False
ep0,3435,5536,5536,meta,,4096,0,7,False
ep0,3436,5536,5536,meta,,4096,16897,16904,False
ep0,3437,5537,5537,meta,,4096,16681,16688,False
ep0,3438,5537,5537,forward,163840,4096,401,408,True
ep0,3439,5537,5537,meta,,4096,17353,17360,False
ep0,3440,5538,5538,meta,,4096,18425,18432,False
ep0,3441,5539,5539,meta,,4096,16905,16912,False
ep0,3442,5541,5541,meta,,4096,18433,18440,False
ep0,3443,5541,5541,meta,,4096,32,39,False
ep0,3444,5541,5541,meta,,4096,16689,16696,False
ep0,3445,5541,5541,forward,167936,4096,409,416,True
ep0,3446,5541,5541,meta,,4096,17361,17368,False
ep0,3447,5543,5543,meta,,4096,16913,16920,False
ep0,3448,5545,5545,meta,,4096,18441,18448,False
ep0,3449,5545,5545,meta,,4096,40,47,False
ep0,3450,5545,5545,meta,,4096,16697,16704,False
ep0,3451,5545,5545,forward,172032,4096,417,424,True
ep0,3452,5545,5545,meta,,4096,17369,17376,False
ep0,3453,5547,5547,meta,,4096,16921,16928,False
ep0,3454,5548,5548,forward,176128,4096,425,432,True
ep0,3455,5549,5549,meta,,4096,18449,18456,False
ep0,3456,5549,5549,meta,,4096,48,55,False
ep0,3457,5549,5549,meta,,4096,16705,16712,False
ep0,3458,5551,5551,meta,,4096,16929,16936,False
ep0,3459,5552,5552,meta,,4096,56,63,False
ep0,3460,5552,5552,meta,,4096,16713,16720,False
ep0,3461,5552,5552,forward,180224,4096,433,440,True
ep0,3462,5553,5553,meta,,4096,18457,18464,False
ep0,3463,5555,5555,meta,,4096,16937,16944,False
ep0,3464,5556,5556,meta,,4096,64,71,False
ep0,3465,5556,5556,meta,,4096,16721,16728,False
ep0,3466,5556,5556,forward,184320,4096,441,448,True
ep0,3467,5557,5557,meta,,4096,18465,18472,False
ep0,3468,5558,5558,meta,,4096,16945,16952,False
ep0,3469,5560,5560,meta,,4096,18473,18480,False
ep0,3470,5560,5560,meta,,4096,16729,16736,False
ep0,3471,5560,5560,forward,188416,4096,449,456,True
ep0,3472,5562,5562,meta,,4096,8,15,False
ep0,3473,5562,5562,meta,,4096,16953,16960,False
ep0,3474,5563,5563,meta,,4096,16737,16744,False
ep0,3475,5564,5564,forward,192512,4096,457,464,True
ep0,3476,5565,5565,meta,,4096,18481,18488,False
ep0,3477,5566,5566,meta,,4096,16961,16968,False
ep0,3478,5567,5567,meta,,4096,24,31,False
ep0,3479,5567,5567,meta,,4096,16745,16752,False
ep0,3480,5568,5568,meta,,4096,18489,18496,False
ep0,3481,5568,5568,forward,196608,4096,465,472,True
ep0,3482,5570,5570,meta,,4096,16969,16976,False
ep0,3483,5571,5571,forward,19968,4096,120,127,True
ep0,3484,5571,5571,meta,,4096,16753,16760,False
ep0,3485,5571,5571,forward,200704,4096,473,480,True
ep0,3486,5572,5572,meta,,4096,18497,18504,False
ep0,3487,5573,5573,meta,,4096,16977,16984,False
ep0,3488,5574,5574,meta,,4096,16761,16768,False
ep0,3489,5575,5575,meta,,4096,16465,16472,False
ep0,3490,5576,5576,meta,,4096,18505,18512,False
ep0,3491,5577,5577,meta,,4096,16985,16992,False
ep0,3492,5578,5578,meta,,4096,16769,16776,False
ep0,3493,5580,5580,meta,,4096,17105,17112,False
ep0,3494,5581,5581,meta,,4096,16993,17000,False
ep0,3495,5582,5582,meta,,4096,16777,16784,False
ep0,3496,5584,5584,meta,,4096,17113,17120,False
ep0,3497,5584,5584,meta,,4096,17001,17008,False
ep0,3498,5585,5585,meta,,4096,16785,16792,False
ep0,3499,5587,5587,meta,,4096,16,23,False
ep0,3500,5588,5588,meta,,4096,17121,17128,False
ep0,3501,5588,5588,meta,,4096,17009,17016,False
ep0,3502,5589,5589,meta,,4096,16793,16800,False
ep0,3503,5590,5590,meta,,4096,16473,16480,False
ep0,3504,5591,5591,meta,,4096,17129,17136,False
ep0,3505,5591,5591,forward,24064,4096,128,135,True
ep0,3506,5592,5592,meta,,4096,17017,17024,False
ep0,3507,5593,5593,meta,,4096,16801,16808,False
ep0,3508,5593,5593,meta,,4096,16481,16488,False
ep0,3509,5595,5595,forward,220672,4096,512,519,True
ep0,3510,5596,5596,meta,,4096,16865,16872,False
ep0,3511,5596,5596,meta,,4096,17025,17032,False
ep0,3512,5597,5597,meta,,4096,16809,16816,False
ep0,3513,5597,5597,meta,,4096,16489,16496,False
ep0,3514,5599,5599,meta,,4096,16873,16880,False
ep0,3515,5599,5599,forward,2055680,4096,4096,4103,True
ep0,3516,5600,5600,meta,,4096,16817,16824,False
ep0,3517,5600,5600,meta,,4096,17033,17040,False
ep0,3518,5601,5601,meta,,4096,17489,17496,False
ep0,3519,5603,5603,meta,,4096,16881,16888,False
ep0,3520,5603,5603,meta,,4096,17041,17048,False
ep0,3521,5604,5604,meta,,4096,16825,16832,False
ep0,3522,5605,5605,meta,,4096,17497,17504,False
ep0,3523,5607,5607,meta,,4096,16889,16896,False
ep0,3524,5607,5607,meta,,4096,16833,16840,False
ep0,3525,5607,5607,meta,,4096,17049,17056,False
ep0,3526,5609,5609,meta,,4096,17505,17512,False
ep0,3527,5610,5610,meta,,4096,16897,16904,False
ep0,3528,5611,5611,meta,,4096,16841,16848,False
ep0,3529,5611,5611,meta,,4096,17057,17064,False
ep0,3530,5612,5612,meta,,4096,17513,17520,False
ep0,3531,5613,5613,meta,,4096,0,7,False
ep0,3532,5614,5614,meta,,4096,16905,16912,False
ep0,3533,5615,5615,meta,,4096,16849,16856,False
ep0,3534,5615,5615,meta,,4096,17065,17072,False
ep0,3535,5616,5616,meta,,4096,17521,17528,False
ep0,3536,5618,5618,meta,,4096,16913,16920,False
ep0,3537,5618,5618,meta,,4096,16857,16864,False
ep0,3538,5619,5619,meta,,4096,17073,17080,False
ep0,3539,5620,5620,meta,,4096,17529,17536,False
ep0,3540,5621,5621,meta,,4096,16921,16928,False
ep0,3541,5622,5622,meta,,4096,17081,17088,False
ep0,3542,5623,5623,meta,,4096,18513,18520,False
ep0,3543,5623,5623,meta,,4096,17537,17544,False
ep0,3544,5625,5625,meta,,4096,16929,16936,False
ep0,3545,5626,5626,meta,,4096,17089,17096,False
ep0,3546,5627,5627,meta,,4096,17545,17552,False
ep0,3547,5629,5629,meta,,4096,16937,16944,False
ep0,3548,5630,5630,meta,,4096,17097,17104,False
ep0,3549,5631,5631,meta,,4096,17553,17560,False
ep0,3550,5633,5633,meta,,4096,16945,16952,False
ep0,3551,5634,5634,meta,,4096,17105,17112,False
ep0,3552,5635,5635,meta,,4096,17561,17568,False
ep0,3553,5637,5637,meta,,4096,16953,16960,False
ep0,3554,5637,5637,meta,,2560,18521,18525,False
ep0,3555,5638,5638,meta,,4096,17569,17576,False
ep0,3556,5638,5638,meta,,4096,17113,17120,False
ep0,3557,5641,5641,meta,,4096,16961,16968,False
ep0,3558,5642,5642,meta,,4096,17577,17584,False
ep0,3559,5642,5642,meta,,4096,17121,17128,False
ep0,3560,5644,5644,meta,,4096,16969,16976,False
ep0,3561,5645,5645,meta,,4096,17585,17592,False
ep0,3562,5645,5645,meta,,4096,17129,17136,False
ep0,3563,5648,5648,meta,,4096,16977,16984,False
ep0,3564,5649,5649,meta,,4096,17593,17600,False
ep0,3565,5649,5649,meta,,4096,18513,18520,False
ep0,3566,5652,5652,meta,,4096,16985,16992,False
ep0,3567,5653,5653,meta,,4096,17601,17608,False
ep0,3568,5656,5656,meta,,4096,16993,17000,False
ep0,3569,5657,5657,meta,,4096,17609,17616,False
ep0,3570,5659,5659,meta,,4096,17001,17008,False
ep0,3571,5660,5660,meta,,4096,17617,17624,False
ep0,3572,5663,5663,meta,,4096,17009,17016,False
ep0,3573,5664,5664,meta,,4096,17625,17632,False
ep0,3574,5664,5664,meta,,2560,18521,18525,False
ep0,3575,5667,5667,meta,,4096,17017,17024,False
ep0,3576,5668,5668,meta,,4096,17633,17640,False
ep0,3577,5671,5671,meta,,4096,17025,17032,False
ep0,3578,5671,5671,meta,,4096,17641,17648,False
ep0,3579,5675,5675,meta,,4096,17033,17040,False
ep0,3580,5675,5675,meta,,4096,17649,17656,False
ep0,3581,5678,5678,meta,,4096,17041,17048,False
ep0,3582,5679,5679,meta,,4096,17657,17664,False
ep0,3583,5682,5682,meta,,4096,17049,17056,False
ep0,3584,5682,5682,meta,,4096,17665,17672,False
ep0,3585,5686,5686,meta,,4096,17057,17064,False
ep0,3586,5686,5686,meta,,4096,17673,17680,False
ep0,3587,5689,5689,meta,,4096,17065,17072,False
ep0,3588,5690,5690,meta,,4096,17681,17688,False
ep0,3589,5693,5693,meta,,4096,17073,17080,False
ep0,3590,5693,5693,meta,,4096,17689,17696,False
ep0,3591,5697,5697,meta,,4096,17081,17088,False
ep0,3592,5697,5697,meta,,4096,17697,17704,False
ep0,3593,5700,5700,meta,,4096,17089,17096,False
ep0,3594,5701,5701,meta,,4096,17705,17712,False
ep0,3595,5704,5704,meta,,4096,17097,17104,False
ep0,3596,5705,5705,meta,,4096,17713,17720,False
ep0,3597,5708,5708,meta,,4096,16625,16632,False
ep0,3598,5708,5708,meta,,4096,17721,17728,False
ep0,3599,5712,5712,meta,,4096,16633,16640,False
ep0,3600,5712,5712,meta,,4096,17729,17736,False
ep0,3601,5716,5716,meta,,4096,16641,16648,False
ep0,3602,5716,5716,meta,,4096,17737,17744,False
ep0,3603,5719,5719,meta,,4096,16649,16656,False
ep0,3604,5719,5719,meta,,512,0,0,False
ep0,3605,5720,5720,meta,,4096,17745,17752,False
ep0,3606,5721,5721,meta,,4096,1,8,False
ep0,3607,5723,5723,meta,,4096,16657,16664,False
ep0,3608,5724,5724,meta,,4096,17753,17760,False
ep0,3609,5726,5726,meta,,4096,9,16,False
ep0,3610,5727,5727,meta,,4096,16665,16672,False
ep0,3611,5727,5727,meta,,4096,17761,17768,False
ep0,3612,5730,5730,meta,,4096,16673,16680,False
ep0,3613,5730,5730,meta,,4096,33,40,False
ep0,3614,5731,5731,meta,,4096,17769,17776,False
ep0,3615,5734,5734,meta,,4096,16681,16688,False
ep0,3616,5734,5734,meta,,4096,41,48,False
ep0,3617,5735,5735,meta,,4096,17777,17784,False
ep0,3618,5738,5738,meta,,4096,16689,16696,False
ep0,3619,5738,5738,meta,,4096,49,56,False
ep0,3620,5739,5739,meta,,4096,17785,17792,False
ep0,3621,5742,5742,meta,,4096,16697,16704,False
ep0,3622,5742,5742,meta,,4096,57,64,False
ep0,3623,5743,5743,meta,,4096,17793,17800,False
ep0,3624,5746,5746,meta,,4096,16705,16712,False
ep0,3625,5746,5746,meta,,4096,17801,17808,False
ep0,3626,5750,5750,meta,,4096,16713,16720,False
ep0,3627,5750,5750,meta,,4096,17809,17816,False
ep0,3628,5754,5754,meta,,4096,16721,16728,False
ep0,3629,5754,5754,meta,,4096,17817,17824,False
ep0,3630,5758,5758,meta,,4096,16729,16736,False
ep0,3631,5758,5758,meta,,4096,17825,17832,False
ep0,3632,5762,5762,meta,,4096,16737,16744,False
ep0,3633,5762,5762,meta,,4096,17833,17840,False
ep0,3634,5765,5765,meta,,4096,17841,17848,False
ep0,3635,5766,5766,meta,,4096,16745,16752,False
ep0,3636,5769,5769,meta,,4096,16753,16760,False
ep0,3637,5769,5769,meta,,4096,17849,17856,False
ep0,3638,5773,5773,meta,,4096,16761,16768,False
ep0,3639,5773,5773,meta,,4096,17857,17864,False
ep0,3640,5777,5777,meta,,4096,16769,16776,False
ep0,3641,5777,5777,meta,,4096,17865,17872,False
ep0,3642,5780,5780,meta,,4096,17873,17880,False
ep0,3643,5781,5781,meta,,4096,16777,16784,False
ep0,3644,5784,5784,meta,,4096,16785,16792,False
ep0,3645,5784,5784,meta,,4096,17881,17888,False
ep0,3646,5788,5788,meta,,4096,16793,16800,False
ep0,3647,5788,5788,meta,,4096,17889,17896,False
ep0,3648,5792,5792,meta,,4096,16801,16808,False
ep0,3649,5792,5792,meta,,512,1,1,False
ep0,3650,5792,5792,meta,,4096,17897,17904,False
ep0,3651,5793,5793,meta,,512,2,2,False
ep0,3652,5794,5794,meta,,2560,3,7,False
ep0,3653,5795,5795,meta,,4096,16809,16816,False
ep0,3654,5796,5796,meta,,4096,17905,17912,False
ep0,3655,5798,5798,meta,,4096,32,39,False
ep0,3656,5799,5799,meta,,4096,16817,16824,False
ep0,3657,5800,5800,meta,,4096,17913,17920,False
ep0,3658,5801,5801,meta,,4096,40,47,False
ep0,3659,5803,5803,meta,,4096,16825,16832,False
ep0,3660,5804,5804,meta,,4096,17921,17928,False
ep0,3661,5805,5805,meta,,4096,48,55,False
ep0,3662,5806,5806,meta,,4096,16833,16840,False
ep0,3663,5808,5808,meta,,4096,17929,17936,False
ep0,3664,5809,5809,meta,,4096,56,63,False
ep0,3665,5810,5810,meta,,4096,16841,16848,False
ep0,3666,5812,5812,meta,,4096,17937,17944,False
ep0,3667,5813,5813,meta,,4096,64,71,False
ep0,3668,5814,5814,meta,,4096,16849,16856,False
ep0,3669,5815,5815,meta,,4096,17945,17952,False
ep0,3670,5817,5817,meta,,4096,16857,16864,False
ep0,3671,5818,5818,meta,,4096,8,15,False
ep0,3672,5819,5819,meta,,4096,17953,17960,False
ep0,3673,5822,5822,meta,,4096,18513,18520,False
ep0,3674,5823,5823,meta,,4096,17961,17968,False
ep0,3675,5824,5824,meta,,4096,24,31,False
ep0,3676,5827,5827,meta,,4096,17969,17976,False
ep0,3677,5828,5828,forward,19968,4096,120,127,True
ep0,3678,5831,5831,meta,,4096,17977,17984,False
ep0,3679,5833,5833,meta,,4096,16,23,False
ep0,3680,5835,5835,meta,,4096,17985,17992,False
ep0,3681,5836,5836,meta,,2560,18521,18525,False
ep0,3682,5838,5838,forward,24064,4096,128,135,True
ep0,3683,5838,5838,meta,,4096,17993,18000,False
ep0,3684,5842,5842,forward,220672,4096,512,519,True
ep0,3685,5842,5842,meta,,4096,16497,16504,False
ep0,3686,5846,5846,meta,,4096,16505,16512,False
ep0,3687,5849,5849,meta,,4096,16513,16520,False
ep0,3688,5853,5853,meta,,4096,16521,16528,False
ep0,3689,5857,5857,meta,,4096,16529,16536,False
ep0,3690,5861,5861,forward,2055680,4096,4096,4103,True
ep0,3691,5861,5861,meta,,4096,16537,16544,False
ep0,3692,5864,5864,meta,,4096,16545,16552,False
ep0,3693,5868,5868,meta,,4096,16553,16560,False
ep0,3694,5872,5872,meta,,4096,16561,16568,False
ep0,3695,5875,5875,meta,,4096,16569,16576,False
ep0,3696,5879,5879,meta,,4096,16577,16584,False
ep0,3697,5883,5883,meta,,4096,16585,16592,False
ep0,3698,5886,5886,meta,,4096,16593,16600,False
ep0,3699,5890,5890,meta,,4096,16601,16608,False
ep0,3700,5894,5894,meta,,4096,16609,16616,False
ep0,3701,5898,5898,meta,,4096,16617,16624,False
ep0,3702,5902,5902,meta,,4096,17481,17488,False
ep0,3703,5917,5917,meta,,4096,18001,18008,False
ep0,3704,5930,5930,meta,,4096,18273,18280,False
ep0,3705,5934,5934,meta,,4096,18281,18288,False
ep0,3706,5938,5938,meta,,4096,18289,18296,False
ep0,3707,5941,5941,meta,,4096,18297,18304,False
ep0,3708,5945,5945,meta,,4096,18305,18312,False
ep0,3709,5949,5949,meta,,4096,18313,18320,False
ep0,3710,5952,5952,meta,,4096,18321,18328,False
ep0,3711,5956,5956,meta,,4096,18329,18336,False
ep0,3712,5960,5960,meta,,4096,18337,18344,False
ep0,3713,5963,5963,meta,,4096,18345,18352,False
ep0,3714,5967,5967,meta,,4096,18353,18360,False
ep0,3715,5971,5971,meta,,4096,18361,18368,False
ep0,3716,5974,5974,meta,,4096,18369,18376,False
ep0,3717,5978,5978,meta,,4096,18377,18384,False
ep0,3718,5982,5982,meta,,4096,18385,18392,False
ep0,3719,5985,5985,meta,,4096,18393,18400,False
ep0,3720,5989,5989,meta,,4096,18401,18408,False
ep0,3721,5993,5993,meta,,4096,18409,18416,False
ep0,3722,5996,5996,meta,,4096,18417,18424,False
ep0,3723,6000,6000,meta,,4096,18425,18432,False
ep0,3724,6004,6004,meta,,4096,18433,18440,False
ep0,3725,6007,6007,meta,,4096,18441,18448,False
ep0,3726,6011,6011,meta,,4096,18449,18456,False
ep0,3727,6015,6015,meta,,4096,18457,18464,False
ep0,3728,6018,6018,meta,,4096,18465,18472,False
ep0,3729,6022,6022,meta,,4096,18473,18480,False
ep0,3730,6026,6026,meta,,4096,18481,18488,False
ep0,3731,6030,6030,meta,,4096,65,72,False
ep0,3732,6030,6030,meta,,4096,18489,18496,False
ep0,3733,6033,6033,meta,,4096,18497,18504,False
ep0,3734,6037,6037,meta,,4096,18505,18512,False
ep0,3735,6041,6041,meta,,4096,17105,17112,False
ep0,3736,6045,6045,meta,,4096,17113,17120,False
ep0,3737,6046,6046,meta,,4096,18273,18280,False
ep0,3738,6049,6049,meta,,4096,18281,18288,False
ep0,3739,6049,6049,meta,,4096,17121,17128,False
ep0,3740,6052,6052,meta,,4096,17129,17136,False
ep0,3741,6053,6053,meta,,4096,18289,18296,False
ep0,3742,6056,6056,meta,,4096,73,80,False
ep0,3743,6057,6057,meta,,4096,18297,18304,False
ep0,3744,6057,6057,meta,,4096,16865,16872,False
ep0,3745,6060,6060,meta,,4096,16873,16880,False
ep0,3746,6061,6061,meta,,4096,18305,18312,False
ep0,3747,6064,6064,meta,,4096,18313,18320,False
ep0,3748,6064,6064,meta,,4096,16881,16888,False
ep0,3749,6068,6068,meta,,4096,18321,18328,False
ep0,3750,6068,6068,meta,,4096,16889,16896,False
ep0,3751,6071,6071,meta,,4096,16897,16904,False
ep0,3752,6072,6072,meta,,4096,18329,18336,False
ep0,3753,6075,6075,meta,,4096,18337,18344,False
ep0,3754,6075,6075,meta,,4096,16905,16912,False
ep0,3755,6079,6079,meta,,4096,18345,18352,False
ep0,3756,6079,6079,meta,,4096,16913,16920,False
ep0,3757,6082,6082,meta,,4096,16921,16928,False
ep0,3758,6083,6083,meta,,4096,18353,18360,False
ep0,3759,6086,6086,meta,,4096,18361,18368,False
ep0,3760,6086,6086,meta,,4096,16929,16936,False
ep0,3761,6090,6090,meta,,4096,18369,18376,False
ep0,3762,6090,6090,meta,,4096,16937,16944,False
ep0,3763,6093,6093,meta,,4096,16945,16952,False
ep0,3764,6094,6094,meta,,4096,18377,18384,False
ep0,3765,6097,6097,meta,,4096,18385,18392,False
ep0,3766,6097,6097,meta,,4096,16953,16960,False
ep0,3767,6100,6100,forward,0,4096,81,88,True
ep0,3768,6101,6101,meta,,4096,18393,18400,False
ep0,3769,6101,6101,meta,,4096,16961,16968,False
ep0,3770,6104,6104,forward,4096,4096,89,96,True
ep0,3771,6104,6104,meta,,4096,16969,16976,False
ep0,3772,6105,6105,meta,,4096,18401,18408,False
ep0,3773,6108,6108,forward,8192,4096,97,104,True
ep0,3774,6108,6108,meta,,4096,18409,18416,False
ep0,3775,6108,6108,meta,,4096,16977,16984,False
ep0,3776,6112,6112,forward,12288,4096,105,112,True
ep0,3777,6112,6112,meta,,4096,18417,18424,False
ep0,3778,6112,6112,meta,,4096,16985,16992,False
ep0,3779,6115,6115,meta,,4096,16993,17000,False
ep0,3780,6116,6116,meta,,4096,18425,18432,False
ep0,3781,6119,6119,meta,,4096,17001,17008,False
ep0,3782,6120,6120,meta,,4096,18433,18440,False
ep0,3783,6121,6121,forward,16384,4096,113,120,True
ep0,3784,6123,6123,meta,,4096,18441,18448,False
ep0,3785,6123,6123,meta,,4096,17009,17016,False
ep0,3786,6124,6124,forward,20480,4096,121,128,True
ep0,3787,6126,6126,meta,,4096,17017,17024,False
ep0,3788,6127,6127,meta,,4096,18449,18456,False
ep0,3789,6128,6128,forward,24576,4096,129,136,True
ep0,3790,6130,6130,meta,,4096,17025,17032,False
ep0,3791,6131,6131,meta,,4096,18457,18464,False
ep0,3792,6132,6132,forward,28672,4096,137,144,True
ep0,3793,6134,6134,meta,,4096,17033,17040,False
ep0,3794,6135,6135,meta,,4096,18465,18472,False
ep0,3795,6136,6136,forward,32768,4096,145,152,True
ep0,3796,6137,6137,meta,,4096,17041,17048,False
ep0,3797,6138,6138,meta,,4096,18473,18480,False
ep0,3798,6140,6140,forward,36864,4096,153,160,True
ep0,3799,6141,6141,meta,,4096,17049,17056,False
ep0,3800,6142,6142,meta,,4096,18481,18488,False
ep0,3801,6143,6143,forward,40960,4096,161,168,True
ep0,3802,6145,6145,meta,,4096,17057,17064,False
ep0,3803,6146,6146,meta,,4096,18489,18496,False
ep0,3804,6147,6147,forward,45056,4096,169,176,True
ep0,3805,6148,6148,meta,,4096,17065,17072,False
ep0,3806,6149,6149,meta,,4096,18497,18504,False
ep0,3807,6151,6151,forward,49152,4096,177,184,True
ep0,3808,6152,6152,meta,,4096,17073,17080,False
ep0,3809,6153,6153,meta,,4096,18505,18512,False
ep0,3810,6155,6155,forward,53248,4096,185,192,True
ep0,3811,6156,6156,meta,,4096,17081,17088,False
ep0,3812,6157,6157,meta,,4096,17105,17112,False
ep0,3813,6159,6159,forward,57344,4096,193,200,True
ep0,3814,6160,6160,meta,,4096,17089,17096,False
ep0,3815,6161,6161,meta,,4096,17113,17120,False
ep0,3816,6162,6162,forward,61440,4096,201,208,True
ep0,3817,6164,6164,meta,,4096,17121,17128,False
ep0,3818,6164,6164,meta,,4096,17097,17104,False
ep0,3819,6166,6166,forward,65536,4096,209,216,True
ep0,3820,6168,6168,meta,,4096,17129,17136,False
ep0,3821,6168,6168,meta,,4096,16625,16632,False
ep0,3822,6170,6170,forward,69632,4096,217,224,True
ep0,3823,6171,6171,meta,,4096,16633,16640,False
ep0,3824,6172,6172,meta,,4096,16865,16872,False
ep0,3825,6174,6174,forward,73728,4096,225,232,True
ep0,3826,6175,6175,meta,,4096,16641,16648,False
ep0,3827,6176,6176,meta,,4096,16873,16880,False
ep0,3828,6178,6178,forward,77824,4096,233,240,True
ep0,3829,6179,6179,meta,,4096,16649,16656,False
ep0,3830,6180,6180,meta,,4096,16881,16888,False
ep0,3831,6182,6182,forward,8384512,4096,16457,16464,True
ep0,3832,6182,6182,meta,,4096,16657,16664,False
ep0,3833,6183,6183,meta,,4096,16889,16896,False
ep0,3834,6186,6186,meta,,4096,16665,16672,False
ep0,3835,6187,6187,meta,,4096,16897,16904,False
ep0,3836,6190,6190,meta,,4096,16673,16680,False
ep0,3837,6191,6191,meta,,4096,16905,16912,False
ep0,3838,6193,6193,meta,,4096,16681,16688,False
ep0,3839,6194,6194,meta,,4096,16913,16920,False
ep0,3840,6197,6197,forward,81920,4096,241,248,True
ep0,3841,6197,6197,meta,,4096,16689,16696,False
ep0,3842,6198,6198,meta,,4096,16921,16928,False
ep0,3843,6201,6201,forward,86016,4096,249,256,True
ep0,3844,6201,6201,meta,,4096,16697,16704,False
ep0,3845,6202,6202,meta,,4096,16929,16936,False
ep0,3846,6204,6204,meta,,4096,16705,16712,False
ep0,3847,6205,6205,forward,90112,4096,257,264,True
ep0,3848,6205,6205,meta,,4096,16937,16944,False
ep0,3849,6208,6208,forward,94208,4096,265,272,True
ep0,3850,6208,6208,meta,,4096,16713,16720,False
ep0,3851,6209,6209,meta,,4096,16945,16952,False
ep0,3852,6212,6212,forward,98304,4096,273,280,True
ep0,3853,6212,6212,meta,,4096,16721,16728,False
ep0,3854,6213,6213,meta,,4096,16953,16960,False
ep0,3855,6215,6215,meta,,4096,16729,16736,False
ep0,3856,6216,6216,forward,102400,4096,281,288,True
ep0,3857,6216,6216,meta,,4096,16961,16968,False
ep0,3858,6219,6219,meta,,4096,16737,16744,False
ep0,3859,6220,6220,forward,106496,4096,289,296,True
ep0,3860,6220,6220,meta,,4096,16969,16976,False
ep0,3861,6223,6223,meta,,4096,16745,16752,False
ep0,3862,6224,6224,forward,110592,4096,297,304,True
ep0,3863,6224,6224,meta,,4096,16977,16984,False
ep0,3864,6226,6226,meta,,4096,16753,16760,False
ep0,3865,6227,6227,meta,,4096,16985,16992,False
ep0,3866,6228,6228,forward,114688,4096,305,312,True
ep0,3867,6230,6230,meta,,4096,16761,16768,False
ep0,3868,6231,6231,meta,,4096,16993,17000,False
ep0,3869,6232,6232,forward,118784,4096,313,320,True
ep0,3870,6234,6234,meta,,4096,16769,16776,False
ep0,3871,6235,6235,meta,,4096,17001,17008,False
ep0,3872,6236,6236,forward,122880,4096,321,328,True
ep0,3873,6237,6237,meta,,4096,16777,16784,False
ep0,3874,6238,6238,meta,,4096,17009,17016,False
ep0,3875,6240,6240,forward,126976,4096,329,336,True
ep0,3876,6241,6241,meta,,4096,16785,16792,False
ep0,3877,6242,6242,meta,,4096,17017,17024,False
ep0,3878,6244,6244,forward,131072,4096,337,344,True
ep0,3879,6245,6245,meta,,4096,16793,16800,False
ep0,3880,6246,6246,meta,,4096,17025,17032,False
ep0,3881,6248,6248,forward,135168,4096,345,352,True
ep0,3882,6248,6248,meta,,4096,16801,16808,False
ep0,3883,6249,6249,meta,,4096,17033,17040,False
ep0,3884,6252,6252,forward,139264,4096,353,360,True
ep0,3885,6252,6252,meta,,4096,16809,16816,False
ep0,3886,6253,6253,meta,,4096,17041,17048,False
ep0,3887,6256,6256,forward,143360,4096,361,368,True
ep0,3888,6256,6256,meta,,4096,16817,16824,False
ep0,3889,6257,6257,meta,,4096,17049,17056,False
ep0,3890,6259,6259,meta,,4096,16825,16832,False
ep0,3891,6260,6260,forward,147456,4096,369,376,True
ep0,3892,6260,6260,meta,,4096,17057,17064,False
ep0,3893,6263,6263,meta,,4096,16833,16840,False
ep0,3894,6264,6264,forward,151552,4096,377,384,True
ep0,3895,6264,6264,meta,,4096,17065,17072,False
ep0,3896,6267,6267,meta,,4096,16841,16848,False
ep0,3897,6268,6268,forward,155648,4096,385,392,True
ep0,3898,6268,6268,meta,,4096,17073,17080,False
ep0,3899,6270,6270,meta,,4096,16849,16856,False
ep0,3900,6271,6271,meta,,4096,17081,17088,False
ep0,3901,6272,6272,forward,159744,4096,393,400,True
ep0,3902,6274,6274,meta,,4096,16857,16864,False
ep0,3903,6275,6275,forward,163840,4096,401,408,True
ep0,3904,6275,6275,meta,,4096,17089,17096,False
ep0,3905,6278,6278,meta,,4096,18513,18520,False
ep0,3906,6279,6279,forward,167936,4096,409,416,True
ep0,3907,6279,6279,meta,,4096,17097,17104,False
ep0,3908,6283,6283,forward,172032,4096,417,424,True
ep0,3909,6283,6283,meta,,4096,16625,16632,False
ep0,3910,6287,6287,forward,176128,4096,425,432,True
ep0,3911,6287,6287,meta,,4096,16633,16640,False
ep0,3912,6290,6290,meta,,4096,16641,16648,False
ep0,3913,6291,6291,forward,180224,4096,433,440,True
ep0,3914,6292,6292,meta,,2560,18521,18525,False
ep0,3915,6294,6294,meta,,4096,16649,16656,False
ep0,3916,6295,6295,forward,184320,4096,441,448,True
ep0,3917,6298,6298,meta,,4096,16657,16664,False
ep0,3918,6299,6299,forward,188416,4096,449,456,True
ep0,3919,6301,6301,meta,,4096,16665,16672,False
ep0,3920,6303,6303,forward,192512,4096,457,464,True
ep0,3921,6305,6305,meta,,4096,16673,16680,False
ep0,3922,6307,6307,forward,196608,4096,465,472,True
ep0,3923,6309,6309,meta,,4096,16681,16688,False
ep0,3924,6311,6311,forward,200704,4096,473,480,True
ep0,3925,6312,6312,meta,,4096,16689,16696,False
ep0,3926,6316,6316,forward,204800,4096,481,488,True
ep0,3927,6316,6316,meta,,4096,16697,16704,False
ep0,3928,6320,6320,forward,208896,4096,489,496,True
ep0,3929,6320,6320,meta,,4096,16705,16712,False
ep0,3930,6323,6323,meta,,4096,16713,16720,False
ep0,3931,6324,6324,forward,212992,4096,497,504,True
ep0,3932,6327,6327,meta,,4096,16721,16728,False
ep0,3933,6328,6328,forward,217088,4096,505,512,True
ep0,3934,6331,6331,meta,,4096,16729,16736,False
ep0,3935,6332,6332,forward,221184,4096,513,520,True
ep0,3936,6334,6334,meta,,4096,16737,16744,False
ep0,3937,6336,6336,forward,225280,4096,521,528,True
ep0,3938,6338,6338,meta,,4096,16745,16752,False
ep0,3939,6340,6340,forward,229376,4096,529,536,True
ep0,3940,6342,6342,meta,,4096,16753,16760,False
ep0,3941,6344,6344,forward,233472,4096,537,544,True
ep0,3942,6345,6345,meta,,4096,16761,16768,False
ep0,3943,6348,6348,forward,237568,4096,545,552,True
ep0,3944,6349,6349,meta,,4096,16769,16776,False
ep0,3945,6351,6351,forward,241664,4096,553,560,True
ep0,3946,6353,6353,meta,,4096,16777,16784,False
ep0,3947,6355,6355,forward,245760,4096,561,568,True
ep0,3948,6356,6356,meta,,4096,16785,16792,False
ep0,3949,6359,6359,forward,249856,4096,569,576,True
ep0,3950,6360,6360,meta,,4096,16793,16800,False
ep0,3951,6363,6363,forward,253952,4096,577,584,True
ep0,3952,6364,6364,meta,,4096,16801,16808,False
ep0,3953,6367,6367,forward,258048,4096,585,592,True
ep0,3954,6367,6367,meta,,4096,16809,16816,False
ep0,3955,6370,6370,forward,262144,4096,593,600,True
ep0,3956,6371,6371,meta,,4096,16817,16824,False
ep0,3957,6374,6374,forward,266240,4096,601,608,True
ep0,3958,6375,6375,meta,,4096,16825,16832,False
ep0,3959,6377,6377,forward,270336,4096,609,616,True
ep0,3960,6379,6379,meta,,4096,16833,16840,False
ep0,3961,6381,6381,forward,274432,4096,617,624,True
ep0,3962,6382,6382,meta,,4096,16841,16848,False
ep0,3963,6385,6385,forward,278528,4096,625,632,True
ep0,3964,6386,6386,meta,,4096,16849,16856,False
ep0,3965,6389,6389,forward,282624,4096,633,640,True
ep0,3966,6390,6390,meta,,4096,16857,16864,False
ep0,3967,6393,6393,forward,286720,4096,641,648,True
ep0,3968,6395,6395,meta,,4096,18513,18520,False
ep0,3969,6396,6408,forward,290816,16384,649,680,True
ep0,3970,6409,6409,meta,,2560,18521,18525,False
ep0,3971,6412,6443,forward,307200,36864,681,752,True
ep0,3972,6448,6448,meta,,4096,16465,16472,False
ep1,0,6452,6452,meta,,4096,17377,17384,False
ep1,1,6465,6465,meta,,4096,16473,16480,False
ep1,2,6467,6467,meta,,4096,17385,17392,False
ep1,3,6469,6469,meta,,4096,16481,16488,False
ep1,4,6470,6470,meta,,4096,17393,17400,False
ep1,5,6473,6473,meta,,4096,16489,16496,False
ep1,6,6474,6474,meta,,4096,17401,17408,False
ep1,7,6477,6477,meta,,4096,17489,17496,False
ep1,8,6477,6477,meta,,4096,17409,17416,False
ep1,9,6481,6481,meta,,4096,17497,17504,False
ep1,10,6481,6481,meta,,4096,17417,17424,False
ep1,11,6485,6485,meta,,4096,17505,17512,False
ep1,12,6485,6485,meta,,4096,17425,17432,False
ep1,13,6488,6488,meta,,4096,17513,17520,False
ep1,14,6492,6492,meta,,4096,17521,17528,False
ep1,15,6496,6496,meta,,4096,17529,17536,False
ep1,16,6499,6499,meta,,4096,17537,17544,False
ep1,17,6499,6499,meta,,4096,17433,17440,False
ep1,18,6503,6503,meta,,4096,17545,17552,False
ep1,19,6503,6503,meta,,4096,17441,17448,False
ep1,20,6507,6507,meta,,4096,17553,17560,False
ep1,21,6507,6507,meta,,4096,17449,17456,False
ep1,22,6510,6510,meta,,4096,17561,17568,False
ep1,23,6510,6510,meta,,4096,17457,17464,False
ep1,24,6514,6514,meta,,4096,17569,17576,False
ep1,25,6514,6514,meta,,4096,17465,17472,False
ep1,26,6517,6517,meta,,4096,17577,17584,False
ep1,27,6518,6518,meta,,4096,17473,17480,False
ep1,28,6521,6521,meta,,4096,17585,17592,False
ep1,29,6523,6523,meta,,4096,17137,17144,False
ep1,30,6525,6525,meta,,4096,17593,17600,False
ep1,31,6526,6526,meta,,4096,17145,17152,False
ep1,32,6529,6529,meta,,4096,17601,17608,False
ep1,33,6530,6530,meta,,4096,17153,17160,False
ep1,34,6532,6532,meta,,4096,17609,17616,False
ep1,35,6534,6534,meta,,4096,17161,17168,False
ep1,36,6536,6536,meta,,4096,17617,17624,False
ep1,37,6538,6538,meta,,4096,17169,17176,False
ep1,38,6540,6540,meta,,4096,17625,17632,False
ep1,39,6541,6541,meta,,4096,17177,17184,False
ep1,40,6544,6544,meta,,4096,17633,17640,False
ep1,41,6545,6545,meta,,4096,17185,17192,False
ep1,42,6548,6548,meta,,4096,17641,17648,False
ep1,43,6549,6549,meta,,4096,17193,17200,False
ep1,44,6551,6551,meta,,4096,17649,17656,False
ep1,45,6552,6552,meta,,4096,17201,17208,False
ep1,46,6555,6555,meta,,4096,17657,17664,False
ep1,47,6556,6556,meta,,4096,17209,17216,False
ep1,48,6558,6558,meta,,4096,17665,17672,False
ep1,49,6559,6559,meta,,4096,17217,17224,False
ep1,50,6562,6562,meta,,4096,17673,17680,False
ep1,51,6563,6563,meta,,4096,17225,17232,False
ep1,52,6566,6566,meta,,4096,17681,17688,False
ep1,53,6567,6567,meta,,4096,17233,17240,False
ep1,54,6569,6569,meta,,4096,17689,17696,False
ep1,55,6570,6570,meta,,4096,17241,17248,False
ep1,56,6573,6573,meta,,4096,17697,17704,False
ep1,57,6574,6574,meta,,4096,17249,17256,False
ep1,58,6577,6577,meta,,4096,17705,17712,False
ep1,59,6577,6577,meta,,4096,17257,17264,False
ep1,60,6581,6581,meta,,4096,17713,17720,False
ep1,61,6581,6581,meta,,4096,17265,17272,False
ep1,62,6585,6585,meta,,4096,17721,17728,False
ep1,63,6585,6585,meta,,4096,17273,17280,False
ep1,64,6588,6588,meta,,4096,17281,17288,False
ep1,65,6589,6589,meta,,4096,17729,17736,False
ep1,66,6592,6592,meta,,4096,17289,17296,False
ep1,67,6593,6593,meta,,4096,17737,17744,False
ep1,68,6596,6596,meta,,4096,17297,17304,False
ep1,69,6597,6597,meta,,4096,17745,17752,False
ep1,70,6599,6599,meta,,4096,17305,17312,False
ep1,71,6600,6600,meta,,4096,17753,17760,False
ep1,72,6603,6603,meta,,4096,17313,17320,False
ep1,73,6604,6604,meta,,4096,17761,17768,False
ep1,74,6607,6607,meta,,4096,17321,17328,False
ep1,75,6608,6608,meta,,4096,17769,17776,False
ep1,76,6610,6610,meta,,4096,17329,17336,False
ep1,77,6612,6612,meta,,4096,17777,17784,False
ep1,78,6614,6614,meta,,4096,17337,17344,False
ep1,79,6616,6616,meta,,4096,17785,17792,False
ep1,80,6617,6617,meta,,4096,17345,17352,False
ep1,81,6619,6619,meta,,4096,17793,17800,False
ep1,82,6621,6621,meta,,4096,17353,17360,False
ep1,83,6623,6623,meta,,4096,17801,17808,False
ep1,84,6625,6625,meta,,4096,17361,17368,False
ep1,85,6627,6627,meta,,4096,17809,17816,False
ep1,86,6629,6629,meta,,4096,17369,17376,False
ep1,87,6631,6631,meta,,4096,17817,17824,False
ep1,88,6634,6634,meta,,4096,17825,17832,False
ep1,89,6638,6638,meta,,4096,17833,17840,False
ep1,90,6643,6643,meta,,4096,17841,17848,False
ep1,91,6646,6646,meta,,4096,17849,17856,False
ep1,92,6650,6650,meta,,4096,17857,17864,False
ep1,93,6654,6654,meta,,4096,17865,17872,False
ep1,94,6658,6658,meta,,4096,17873,17880,False
ep1,95,6661,6661,meta,,4096,17881,17888,False
ep1,96,6665,6665,meta,,4096,17889,17896,False
ep2,0,6667,6667,meta,,4096,17377,17384,False
ep2,1,6669,6669,meta,,4096,17897,17904,False
ep2,2,6672,6672,meta,,4096,17905,17912,False
ep2,3,6676,6676,meta,,4096,17913,17920,False
ep2,4,6680,6680,meta,,4096,17921,17928,False
ep2,5,6681,6681,meta,,4096,17385,17392,False
ep2,6,6684,6684,meta,,4096,17929,17936,False
ep2,7,6685,6685,meta,,4096,17393,17400,False
ep2,8,6688,6688,meta,,4096,17937,17944,False
ep2,9,6689,6689,meta,,4096,17401,17408,False
ep2,10,6692,6692,meta,,4096,17945,17952,False
ep2,11,6693,6693,meta,,4096,17409,17416,False
ep2,12,6696,6696,meta,,4096,17953,17960,False
ep2,13,6697,6697,meta,,4096,17417,17424,False
ep2,14,6700,6700,meta,,4096,17961,17968,False
ep2,15,6700,6700,meta,,4096,17425,17432,False
ep2,16,6704,6704,meta,,4096,17969,17976,False
ep2,17,6708,6708,meta,,4096,17977,17984,False
ep2,18,6712,6712,meta,,4096,17985,17992,False
ep2,19,6714,6714,meta,,4096,17433,17440,False
ep2,20,6716,6716,meta,,4096,17993,18000,False
ep2,21,6718,6718,meta,,4096,17441,17448,False
ep2,22,6720,6720,meta,,4096,16497,16504,False
ep2,23,6722,6722,meta,,4096,17449,17456,False
ep2,24,6726,6726,meta,,4096,17457,17464,False
ep2,25,6729,6729,meta,,4096,17465,17472,False
ep2,26,6733,6733,meta,,4096,17473,17480,False
ep2,27,6737,6737,meta,,4096,16505,16512,False
ep2,28,6737,6737,meta,,4096,17137,17144,False
ep2,29,6741,6741,meta,,4096,16513,16520,False
ep2,30,6741,6741,meta,,4096,17145,17152,False
ep2,31,6745,6745,meta,,4096,16521,16528,False
ep2,32,6745,6745,meta,,4096,17153,17160,False
ep2,33,6749,6749,meta,,4096,16529,16536,False
ep2,34,6749,6749,meta,,4096,17161,17168,False
ep2,35,6753,6753,meta,,4096,16537,16544,False
ep2,36,6753,6753,meta,,4096,17169,17176,False
ep2,37,6756,6756,meta,,4096,17177,17184,False
ep2,38,6757,6757,meta,,4096,16545,16552,False
ep2,39,6760,6760,meta,,4096,16553,16560,False
ep2,40,6760,6760,meta,,4096,17185,17192,False
ep2,41,6764,6764,meta,,4096,16561,16568,False
ep2,42,6764,6764,meta,,4096,17193,17200,False
ep2,43,6768,6768,meta,,4096,16569,16576,False
ep2,44,6768,6768,meta,,4096,17201,17208,False
ep2,45,6772,6772,meta,,4096,16577,16584,False
ep2,46,6772,6772,meta,,4096,17209,17216,False
ep2,47,6776,6776,meta,,4096,16585,16592,False
ep2,48,6776,6776,meta,,4096,17217,17224,False
ep2,49,6779,6779,meta,,4096,17225,17232,False
ep2,50,6780,6780,meta,,4096,16593,16600,False
ep2,51,6783,6783,meta,,4096,16601,16608,False
ep2,52,6783,6783,meta,,4096,17233,17240,False
ep2,53,6787,6787,meta,,4096,16609,16616,False
ep2,54,6787,6787,meta,,4096,17241,17248,False
ep2,55,6791,6791,meta,,4096,16617,16624,False
ep2,56,6791,6791,meta,,4096,17249,17256,False
ep2,57,6794,6794,meta,,4096,17257,17264,False
ep2,58,6795,6795,meta,,4096,17481,17488,False
ep2,59,6798,6798,meta,,4096,17265,17272,False
ep2,60,6799,6799,meta,,4096,18001,18008,False
ep2,61,6802,6802,meta,,4096,17273,17280,False
ep2,62,6803,6803,meta,,4096,18009,18016,False
ep2,63,6805,6805,meta,,4096,17281,17288,False
ep2,64,6807,6807,meta,,4096,18017,18024,False
ep2,65,6809,6809,meta,,4096,17289,17296,False
ep2,66,6811,6811,meta,,4096,18025,18032,False
ep2,67,6813,6813,meta,,4096,17297,17304,False
ep2,68,6815,6815,meta,,4096,18033,18040,False
ep2,69,6816,6816,meta,,4096,17305,17312,False
ep2,70,6819,6819,meta,,4096,18041,18048,False
ep2,71,6820,6820,meta,,4096,17313,17320,False
ep2,72,6823,6823,meta,,4096,18049,18056,False
ep2,73,6824,6824,meta,,4096,17321,17328,False
ep2,74,6827,6827,meta,,4096,18057,18064,False
ep2,75,6827,6827,meta,,4096,17329,17336,False
ep2,76,6830,6830,meta,,4096,18065,18072,False
ep2,77,6831,6831,meta,,4096,17337,17344,False
ep2,78,6834,6834,meta,,4096,18073,18080,False
ep2,79,6835,6835,meta,,4096,17345,17352,False
ep2,80,6838,6838,meta,,4096,18081,18088,False
ep2,81,6838,6838,meta,,4096,17353,17360,False
ep2,82,6842,6842,meta,,4096,18089,18096,False
ep2,83,6842,6842,meta,,4096,17361,17368,False
ep2,84,6846,6846,meta,,4096,18097,18104,False
ep2,85,6846,6846,meta,,4096,17369,17376,False
ep2,86,6850,6850,meta,,4096,18105,18112,False
ep2,87,6854,6854,meta,,4096,18113,18120,False
ep2,88,6858,6858,meta,,4096,18121,18128,False
ep2,89,6861,6861,meta,,4096,18129,18136,False
ep2,90,6865,6865,meta,,4096,18137,18144,False
ep2,91,6869,6869,meta,,4096,18145,18152,False
ep2,92,6873,6873,meta,,4096,18153,18160,False
ep2,93,6877,6877,meta,,4096,18161,18168,False
ep2,94,6881,6881,meta,,4096,18169,18176,False
ep2,95,6884,6884,meta,,4096,18177,18184,False
ep2,96,6888,6888,meta,,4096,18185,18192,False
ep2,97,6892,6892,meta,,4096,18193,18200,False
ep2,98,6896,6896,meta,,4096,18201,18208,False
ep2,99,6900,6900,meta,,4096,18209,18216,False
ep2,100,6903,6903,meta,,4096,18217,18224,False
ep2,101,6907,6907,meta,,4096,18225,18232,False
ep2,102,6911,6911,meta,,4096,18233,18240,False
ep2,103,6915,6915,meta,,4096,18241,18248,False
ep2,104,6919,6919,meta,,4096,18249,18256,False
ep2,105,6923,6923,meta,,4096,18257,18264,False
ep2,106,6927,6927,meta,,4096,18265,18272,False
ep2,107,6931,6931,meta,,4096,18273,18280,False
ep2,108,6935,6935,meta,,4096,18281,18288,False
ep2,109,6939,6939,meta,,4096,18289,18296,False
ep2,110,6943,6943,meta,,4096,18297,18304,False
ep2,111,6947,6947,meta,,4096,18305,18312,False
ep2,112,6950,6950,meta,,4096,18313,18320,False
ep2,113,6954,6954,meta,,4096,18321,18328,False
ep2,114,6958,6958,meta,,4096,18329,18336,False
ep2,115,6962,6962,meta,,4096,18337,18344,False
ep2,116,6966,6966,meta,,4096,18345,18352,False
ep2,117,6970,6970,meta,,4096,18353,18360,False
ep2,118,6974,6974,meta,,4096,18361,18368,False
ep2,119,6977,6977,meta,,4096,18369,18376,False
ep2,120,6981,6981,meta,,4096,18377,18384,False
ep2,121,6985,6985,meta,,4096,18385,18392,False
ep2,122,6989,6989,meta,,4096,18393,18400,False
ep2,123,6993,6993,meta,,4096,18401,18408,False
ep2,124,6997,6997,meta,,4096,18409,18416,False
ep2,125,7001,7001,meta,,4096,18417,18424,False
ep2,126,7005,7005,meta,,4096,18425,18432,False
ep2,127,7009,7009,meta,,4096,18433,18440,False
ep2,128,7013,7013,meta,,4096,18441,18448,False
ep2,129,7016,7016,meta,,4096,18449,18456,False
ep2,130,7020,7020,meta,,4096,18457,18464,False
ep2,131,7024,7024,meta,,4096,18465,18472,False
ep2,132,7027,7027,meta,,4096,18473,18480,False
ep2,133,7032,7032,meta,,4096,18481,18488,False
ep2,134,7035,7035,meta,,4096,18489,18496,False
ep2,135,7039,7039,meta,,4096,18497,18504,False
ep2,136,7043,7043,meta,,4096,18505,18512,False
ep2,137,7047,7047,meta,,4096,17105,17112,False
ep2,138,7051,7051,meta,,4096,17113,17120,False
ep2,139,7055,7055,meta,,4096,17121,17128,False
ep2,140,7059,7059,meta,,4096,17129,17136,False
ep2,141,7063,7063,meta,,4096,16865,16872,False
ep2,142,7067,7067,meta,,4096,16873,16880,False
ep2,143,7071,7071,meta,,4096,16881,16888,False
ep2,144,7075,7075,meta,,4096,16889,16896,False
ep2,145,7079,7079,meta,,4096,16897,16904,False
ep2,146,7083,7083,meta,,4096,16905,16912,False
ep2,147,7087,7087,meta,,4096,16913,16920,False
ep2,148,7090,7090,meta,,4096,16921,16928,False
ep2,149,7094,7094,meta,,4096,16929,16936,False
ep2,150,7098,7098,meta,,4096,16937,16944,False
ep2,151,7102,7102,meta,,4096,16945,16952,False
ep2,152,7106,7106,meta,,4096,16953,16960,False
ep2,153,7110,7110,meta,,4096,16961,16968,False
ep2,154,7114,7114,meta,,4096,16969,16976,False
ep2,155,7118,7118,meta,,4096,16977,16984,False
ep2,156,7122,7122,meta,,4096,16985,16992,False
ep2,157,7125,7125,meta,,4096,16993,17000,False
ep2,158,7129,7129,meta,,4096,17001,17008,False
ep2,159,7133,7133,meta,,4096,17009,17016,False
ep2,160,7137,7137,meta,,4096,17017,17024,False
ep2,161,7140,7140,meta,,4096,17025,17032,False
ep2,162,7144,7144,meta,,4096,17033,17040,False
ep2,163,7148,7148,meta,,4096,17041,17048,False
ep2,164,7152,7152,meta,,4096,17049,17056,False
ep2,165,7156,7156,meta,,4096,17057,17064,False
ep2,166,7160,7160,meta,,4096,17065,17072,False
ep2,167,7164,7164,meta,,4096,17073,17080,False
ep2,168,7168,7168,meta,,4096,17081,17088,False
ep2,169,7172,7172,meta,,4096,17089,17096,False
ep2,170,7176,7176,meta,,4096,17097,17104,False
ep2,171,7180,7180,meta,,4096,16625,16632,False
ep2,172,7184,7184,meta,,4096,16633,16640,False
ep2,173,7188,7188,meta,,4096,16641,16648,False
ep2,174,7192,7192,meta,,4096,16649,16656,False
ep2,175,7195,7195,meta,,4096,16657,16664,False
ep2,176,7199,7199,meta,,4096,16665,16672,False
ep2,177,7203,7203,meta,,4096,16673,16680,False
ep2,178,7207,7207,meta,,4096,16681,16688,False
ep2,179,7211,7211,meta,,4096,16689,16696,False
ep2,180,7215,7215,meta,,4096,16697,16704,False
ep2,181,7218,7218,meta,,4096,16705,16712,False
ep2,182,7222,7222,meta,,4096,16713,16720,False
ep2,183,7226,7226,meta,,4096,16721,16728,False
ep2,184,7230,7230,meta,,4096,16729,16736,False
ep2,185,7234,7234,meta,,4096,16737,16744,False
ep2,186,7238,7238,meta,,4096,16745,16752,False
ep2,187,7242,7242,meta,,4096,16753,16760,False
ep2,188,7246,7246,meta,,4096,16761,16768,False
ep2,189,7249,7249,meta,,4096,16769,16776,False
ep2,190,7253,7253,meta,,4096,16777,16784,False
ep2,191,7257,7257,meta,,4096,16785,16792,False
ep2,192,7261,7261,meta,,4096,16793,16800,False
ep2,193,7265,7265,meta,,4096,16801,16808,False
ep2,194,7268,7268,meta,,4096,16809,16816,False
ep2,195,7272,7272,meta,,4096,16817,16824,False
ep2,196,7276,7276,meta,,4096,16825,16832,False
ep2,197,7280,7280,meta,,4096,16833,16840,False
ep2,198,7284,7284,meta,,4096,16841,16848,False
ep2,199,7288,7288,meta,,4096,16849,16856,False
ep2,200,7292,7292,meta,,4096,16857,16864,False
ep2,201,7297,7297,meta,,4096,18513,18520,False
ep2,202,7314,7314,meta,,2560,18521,18525,False
ep2,203,8928,8928,meta,,4096,0,7,False
ep2,204,8947,8947,meta,,4096,0,7,False
ep2,205,8951,8951,meta,,4096,32,39,False
ep2,206,8955,8955,meta,,4096,40,47,False
ep2,207,8959,8959,meta,,4096,48,55,False
ep2,208,8963,8963,meta,,4096,56,63,False
ep2,209,8967,8967,meta,,4096,64,71,False
ep2,210,8972,8972,meta,,4096,8,15,False
ep2,211,8978,8978,meta,,4096,24,31,False
ep2,212,8982,8982,forward,19968,4096,120,127,True
ep2,213,9028,9028,meta,,4096,16,23,False
ep2,214,9032,9032,forward,24064,4096,128,135,True
ep2,215,9036,9036,forward,220672,4096,512,519,True
ep2,216,9040,9040,forward,2055680,4096,4096,4103,True
ep2,217,9053,9053,meta,,4096,0,7,False
ep2,218,9164,9164,meta,,512,0,0,False
ep2,219,9166,9166,meta,,4096,1,8,False
ep2,220,9171,9171,meta,,4096,9,16,False
ep2,221,9175,9175,meta,,4096,33,40,False
ep2,222,9179,9179,meta,,4096,41,48,False
ep2,223,9183,9183,meta,,4096,49,56,False
ep2,224,9187,9187,meta,,4096,57,64,False
ep2,225,9233,9233,meta,,512,1,1,False
ep2,226,9234,9234,meta,,512,2,2,False
ep2,227,9235,9235,meta,,2560,3,7,False
ep2,228,9239,9239,meta,,4096,32,39,False
ep2,229,9242,9242,meta,,4096,40,47,False
ep2,230,9246,9246,meta,,4096,48,55,False
ep2,231,9250,9250,meta,,4096,56,63,False
ep2,232,9254,9254,meta,,4096,64,71,False
ep2,233,9260,9260,meta,,4096,8,15,False
ep2,234,9265,9265,meta,,4096,24,31,False
ep2,235,9270,9270,forward,19968,4096,120,127,True
ep2,236,9276,9276,meta,,4096,16,23,False
ep2,237,9280,9280,forward,24064,4096,128,135,True
ep2,238,9284,9284,forward,220672,4096,512,519,True
ep2,239,9289,9289,forward,2055680,4096,4096,4103,True
ep2,240,9391,9391,meta,,4096,65,72,False
ep2,241,9396,9396,meta,,4096,73,80,False
ep2,242,9620,10025,forward,2809856,430080,5569,6408,True
ep2,243,10027,10027,meta,,4096,18441,18448,False
ep2,244,10028,10028,forward,3239936,4096,6409,6416,True
ep2,245,10030,10030,meta,,4096,18449,18456,False
ep2,246,10032,10032,forward,3244032,4096,6417,6424,True
ep2,247,10034,10034,meta,,4096,18457,18464,False
ep2,248,10036,10036,forward,3248128,4096,6425,6432,True
ep2,249,10038,10038,meta,,4096,18465,18472,False
ep2,250,10040,10040,forward,3252224,4096,6433,6440,True
ep2,251,10041,10041,meta,,4096,18473,18480,False
ep2,252,10044,10044,forward,3256320,4096,6441,6448,True
ep2,253,10045,10045,meta,,4096,18481,18488,False
ep2,254,10048,10048,forward,3260416,4096,6449,6456,True
ep2,255,10049,10049,meta,,4096,18489,18496,False
ep2,256,10052,10052,forward,3264512,4096,6457,6464,True
ep2,257,10053,10053,meta,,4096,18497,18504,False
ep2,258,10056,10056,forward,3268608,4096,6465,6472,True
ep2,259,10056,10056,meta,,4096,18505,18512,False
ep2,260,10060,10060,forward,3272704,4096,6473,6480,True
ep2,261,10060,10060,meta,,4096,16465,16472,False
ep2,262,10064,10075,forward,3276800,16384,6481,6512,True
ep2,263,10077,10077,meta,,4096,16473,16480,False
ep2,264,10079,10079,forward,3293184,4096,6513,6520,True
ep2,265,10081,10081,meta,,4096,16481,16488,False
ep2,266,10083,10083,forward,3297280,4096,6521,6528,True
ep2,267,10084,10084,meta,,4096,16489,16496,False
ep2,268,10087,10087,forward,3301376,4096,6529,6536,True
ep2,269,10090,10090,meta,,4096,16497,16504,False
ep2,270,10091,10091,forward,3305472,4096,6537,6544,True
ep2,271,10093,10093,meta,,4096,16505,16512,False
ep2,272,10095,10095,forward,3309568,4096,6545,6552,True
ep2,273,10097,10097,meta,,4096,16513,16520,False
ep2,274,10099,10099,forward,3313664,4096,6553,6560,True
ep2,275,10101,10101,meta,,4096,16521,16528,False
ep2,276,10103,10103,forward,3317760,4096,6561,6568,True
ep2,277,10104,10104,meta,,4096,16529,16536,False
ep2,278,10106,10106,forward,3321856,4096,6569,6576,True
ep2,279,10108,10108,meta,,4096,16537,16544,False
ep2,280,10110,10110,forward,3325952,4096,6577,6584,True
ep2,281,10111,10111,meta,,4096,16545,16552,False
ep2,282,10114,10114,forward,3330048,4096,6585,6592,True
ep2,283,10115,10115,meta,,4096,16553,16560,False
ep2,284,10118,10118,forward,3334144,4096,6593,6600,True
ep2,285,10119,10119,meta,,4096,16561,16568,False
ep2,286,10122,10122,forward,3338240,4096,6601,6608,True
ep2,287,10122,10122,meta,,4096,16569,16576,False
ep2,288,10126,10126,forward,3342336,4096,6609,6616,True
ep2,289,10126,10126,meta,,4096,16577,16584,False
ep2,290,10129,10129,forward,3346432,4096,6617,6624,True
ep2,291,10129,10129,meta,,4096,16585,16592,False
ep2,292,10133,10133,forward,3350528,4096,6625,6632,True
ep2,293,10133,10133,meta,,4096,16593,16600,False
ep2,294,10137,10137,forward,3354624,4096,6633,6640,True
ep2,295,10137,10137,meta,,4096,16601,16608,False
ep2,296,10140,10140,forward,3358720,4096,6641,6648,True
ep2,297,10140,10140,meta,,4096,16609,16616,False
ep2,298,10144,10144,forward,3362816,4096,6649,6656,True
ep2,299,10144,10144,meta,,4096,16617,16624,False
ep2,300,10148,10148,forward,3366912,4096,6657,6664,True
ep2,301,10148,10148,meta,,4096,17481,17488,False
ep2,302,10151,10166,forward,3371008,20480,6665,6704,True
ep2,303,10166,10166,meta,,4096,16625,16632,False
ep2,304,10169,10169,forward,3391488,4096,6705,6712,True
ep2,305,10170,10170,meta,,4096,16633,16640,False
ep2,306,10173,10173,forward,3395584,4096,6713,6720,True
ep2,307,10174,10174,meta,,4096,16641,16648,False
ep2,308,10177,10177,forward,3399680,4096,6721,6728,True
ep2,309,10177,10177,meta,,4096,16649,16656,False
ep2,310,10181,10181,forward,3403776,4096,6729,6736,True
ep2,311,10181,10181,meta,,4096,16657,16664,False
ep2,312,10184,10184,forward,3407872,4096,6737,6744,True
ep2,313,10185,10185,meta,,4096,16665,16672,False
ep2,314,10188,10188,forward,3411968,4096,6745,6752,True
ep2,315,10188,10188,meta,,4096,16673,16680,False
ep2,316,10191,10191,forward,3416064,4096,6753,6760,True
ep2,317,10192,10192,meta,,4096,16681,16688,False
ep2,318,10195,10195,forward,3420160,4096,6761,6768,True
ep2,319,10195,10195,meta,,4096,16689,16696,False
ep2,320,10199,10199,forward,3424256,4096,6769,6776,True
ep2,321,10199,10199,meta,,4096,16697,16704,False
ep2,322,10202,10202,forward,3428352,4096,6777,6784,True
ep2,323,10203,10203,meta,,4096,16705,16712,False
ep2,324,10206,10206,meta,,4096,16713,16720,False
ep2,325,10207,10207,forward,3432448,4096,6785,6792,True
ep2,326,10210,10210,meta,,4096,16721,16728,False
ep2,327,10211,10214,forward,3436544,8192,6793,6808,True
ep2,328,10214,10214,meta,,4096,16729,16736,False
ep2,329,10217,10217,meta,,4096,16737,16744,False
ep2,330,10218,10218,forward,3444736,4096,6809,6816,True
ep2,331,10221,10221,meta,,4096,16745,16752,False
ep2,332,10222,10222,forward,3448832,4096,6817,6824,True
ep2,333,10224,10224,meta,,4096,16753,16760,False
ep2,334,10226,10226,forward,3452928,4096,6825,6832,True
ep2,335,10228,10228,meta,,4096,16761,16768,False
ep2,336,10230,10230,forward,3457024,4096,6833,6840,True
ep2,337,10232,10232,meta,,4096,16769,16776,False
ep2,338,10234,10234,forward,3461120,4096,6841,6848,True
ep2,339,10235,10235,meta,,4096,16777,16784,False
ep2,340,10238,10238,forward,3465216,4096,6849,6856,True
ep2,341,10239,10239,meta,,4096,16785,16792,False
ep2,342,10242,10242,forward,3469312,4096,6857,6864,True
ep2,343,10243,10243,meta,,4096,16793,16800,False
ep2,344,10246,10246,forward,3473408,4096,6865,6872,True
ep2,345,10246,10246,meta,,4096,16801,16808,False
ep2,346,10250,10250,forward,3477504,4096,6873,6880,True
ep2,347,10250,10250,meta,,4096,16809,16816,False
ep2,348,10253,10253,meta,,4096,16817,16824,False
ep2,349,10254,10257,forward,3481600,8192,6881,6896,True
ep2,350,10257,10257,meta,,4096,16825,16832,False
ep2,351,10261,10261,forward,3489792,4096,6897,6904,True
ep2,352,10261,10261,meta,,4096,16833,16840,False
ep2,353,10264,10264,meta,,4096,16841,16848,False
ep2,354,10265,10265,forward,3493888,4096,6905,6912,True
ep2,355,10268,10268,meta,,4096,16849,16856,False
ep2,356,10269,10269,forward,3497984,4096,6913,6920,True
ep2,357,10271,10271,meta,,4096,16857,16864,False
ep2,358,10273,10273,forward,3502080,4096,6921,6928,True
ep2,359,10276,10276,meta,,4096,16865,16872,False
ep2,360,10277,10277,forward,3506176,4096,6929,6936,True
ep2,361,10279,10279,meta,,4096,16873,16880,False
ep2,362,10281,10281,forward,3510272,4096,6937,6944,True
ep2,363,10283,10283,meta,,4096,16881,16888,False
ep2,364,10284,10284,forward,3514368,4096,6945,6952,True
ep2,365,10286,10286,meta,,4096,16889,16896,False
ep2,366,10288,10288,forward,3518464,4096,6953,6960,True
ep2,367,10290,10290,meta,,4096,16897,16904,False
ep2,368,10292,10292,forward,3522560,4096,6961,6968,True
ep2,369,10294,10294,meta,,4096,16905,16912,False
ep2,370,10296,10296,forward,3526656,4096,6969,6976,True
ep2,371,10298,10298,meta,,4096,16913,16920,False
ep2,372,10300,10300,forward,3530752,4096,6977,6984,True
ep2,373,10301,10301,meta,,4096,16921,16928,False
ep2,374,10304,10304,forward,3534848,4096,6985,6992,True
ep2,375,10305,10305,meta,,4096,16929,16936,False
ep2,376,10308,10308,forward,3538944,4096,6993,7000,True
ep2,377,10309,10309,meta,,4096,16937,16944,False
ep2,378,10312,10312,forward,3543040,4096,7001,7008,True
ep2,379,10312,10312,meta,,4096,16945,16952,False
ep2,380,10316,10316,forward,3547136,4096,7009,7016,True
ep2,381,10316,10316,meta,,4096,16953,16960,False
ep2,382,10319,10319,meta,,4096,16961,16968,False
ep2,383,10320,10320,forward,3551232,4096,7017,7024,True
ep2,384,10323,10323,meta,,4096,16969,16976,False
ep2,385,10324,10324,forward,3555328,4096,7025,7032,True
ep2,386,10327,10327,meta,,4096,16977,16984,False
ep2,387,10328,10328,forward,3559424,4096,7033,7040,True
ep2,388,10330,10330,meta,,4096,16985,16992,False
ep2,389,10332,10332,forward,3563520,4096,7041,7048,True
ep2,390,10334,10334,meta,,4096,16993,17000,False
ep2,391,10337,10337,meta,,4096,17001,17008,False
ep2,392,10341,10341,meta,,4096,17009,17016,False
ep2,393,10345,10345,meta,,4096,17017,17024,False
ep2,394,10348,10348,meta,,4096,17025,17032,False
ep2,395,10349,10349,forward,3567616,4096,7049,7056,True
ep2,396,10352,10352,meta,,4096,17033,17040,False
ep2,397,10353,10353,forward,3571712,4096,7057,7064,True
ep2,398,10355,10355,meta,,4096,17041,17048,False
ep2,399,10357,10357,forward,3575808,4096,7065,7072,True
ep2,400,10359,10359,meta,,4096,17049,17056,False
ep2,401,10361,10361,forward,3579904,4096,7073,7080,True
ep2,402,10363,10363,meta,,4096,17057,17064,False
ep2,403,10365,10365,forward,3584000,4096,7081,7088,True
ep2,404,10366,10366,meta,,4096,17065,17072,False
ep2,405,10368,10368,forward,3588096,4096,7089,7096,True
ep2,406,10370,10370,meta,,4096,17073,17080,False
ep2,407,10372,10372,forward,3592192,4096,7097,7104,True
ep2,408,10373,10373,meta,,4096,17081,17088,False
ep2,409,10375,10375,forward,3596288,4096,7105,7112,True
ep2,410,10377,10377,meta,,4096,17089,17096,False
ep2,411,10379,10379,forward,3600384,4096,7113,7120,True
ep2,412,10381,10381,meta,,4096,17097,17104,False
ep2,413,10383,10394,forward,3604480,16384,7121,7152,True
ep2,414,10395,10395,meta,,4096,17105,17112,False
ep2,415,10397,10397,forward,3620864,4096,7153,7160,True
ep2,416,10398,10398,meta,,4096,17113,17120,False
ep2,417,10401,10401,forward,3624960,4096,7161,7168,True
ep2,418,10402,10402,meta,,4096,17121,17128,False
ep2,419,10405,10405,forward,3629056,4096,7169,7176,True
ep2,420,10406,10406,meta,,4096,17129,17136,False
ep2,421,10409,10409,forward,3633152,4096,7177,7184,True
ep2,422,10409,10409,meta,,4096,18513,18520,False
ep2,423,10413,10424,forward,3637248,16384,7185,7216,True
ep2,424,10426,10426,meta,,2560,18521,18525,False
ep2,425,10428,11323,forward,3653632,925696,7217,9024,True
ep2,426,11437,12067,forward,4698112,684032,9257,10592,True
ep2,427,12067,12067,meta,,4096,0,7,False
ep2,428,12071,12090,forward,5382144,24576,10593,10640,True
ep2,429,12090,12090,meta,,4096,0,7,False
ep2,430,12094,12094,forward,5406720,4096,10641,10648,True
ep2,431,12094,12094,meta,,4096,32,39,False
ep2,432,12098,12098,forward,5410816,4096,10649,10656,True
ep2,433,12098,12098,meta,,4096,40,47,False
ep2,434,12102,12102,meta,,4096,48,55,False
ep2,435,12103,12106,forward,5414912,8192,10657,10672,True
ep2,436,12106,12106,meta,,4096,56,63,False
ep2,437,12110,12110,meta,,4096,64,71,False
ep2,438,12115,12115,meta,,4096,8,15,False
ep2,439,12121,12121,meta,,4096,24,31,False
ep2,440,12123,12123,forward,5423104,4096,10673,10680,True
ep2,441,12125,12125,forward,19968,4096,120,127,True
ep2,442,12127,12143,forward,5427200,20480,10681,10720,True
ep2,443,12144,12144,meta,,4096,16,23,False
ep2,444,12146,12146,forward,5447680,4096,10721,10728,True
ep2,445,12148,12148,forward,24064,4096,128,135,True
ep2,446,12150,12150,forward,5451776,4096,10729,10736,True
ep2,447,12152,12152,forward,220672,4096,512,519,True
ep2,448,12154,12154,forward,5455872,4096,10737,10744,True
ep2,449,12156,12156,forward,2055680,4096,4096,4103,True
ep2,450,12158,12169,forward,5459968,16384,10745,10776,True
ep2,451,12170,12170,meta,,4096,0,7,False
ep2,452,12173,12256,forward,5476352,94208,10777,10960,True
ep2,453,12258,12258,meta,,512,0,0,False
ep2,454,12260,12260,forward,5570560,4096,10961,10968,True
ep2,455,12260,12260,meta,,4096,1,8,False
ep2,456,12264,12264,forward,5574656,4096,10969,10976,True
ep2,457,12265,12265,meta,,4096,9,16,False
ep2,458,12268,12268,forward,5578752,4096,10977,10984,True
ep2,459,12269,12269,meta,,4096,33,40,False
ep2,460,12272,12272,forward,5582848,4096,10985,10992,True
ep2,461,12273,12273,meta,,4096,41,48,False
ep2,462,12275,12275,forward,5586944,4096,10993,11000,True
ep2,463,12277,12277,meta,,4096,49,56,False
ep2,464,12279,12279,forward,5591040,4096,11001,11008,True
ep2,465,12280,12280,meta,,4096,57,64,False
ep2,466,12283,12311,forward,5595136,32768,11009,11072,True
ep2,467,12314,12314,meta,,512,1,1,False
ep2,468,12315,12315,forward,5627904,4096,11073,11080,True
ep2,469,12315,12315,meta,,512,2,2,False
ep2,470,12316,12316,meta,,2560,3,7,False
ep2,471,12318,12318,forward,5632000,4096,11081,11088,True
ep2,472,12321,12321,meta,,4096,32,39,False
ep2,473,12322,12322,forward,5636096,4096,11089,11096,True
ep2,474,12324,12324,meta,,4096,40,47,False
ep2,475,12326,12326,forward,5640192,4096,11097,11104,True
ep2,476,12328,12328,meta,,4096,48,55,False
ep2,477,12330,12330,forward,5644288,4096,11105,11112,True
ep2,478,12331,12331,meta,,4096,56,63,False
ep2,479,12334,12334,forward,5648384,4096,11113,11120,True
ep2,480,12335,12335,meta,,4096,64,71,False
ep2,481,12339,12339,forward,5652480,4096,11121,11128,True
ep2,482,12341,12341,meta,,4096,8,15,False
ep2,483,12343,12347,forward,5656576,8192,11129,11144,True
ep2,484,12347,12347,meta,,4096,24,31,False
ep2,485,12351,12351,forward,5664768,4096,11145,11152,True
ep2,486,12351,12351,forward,19968,4096,120,127,True
ep2,487,12355,12355,forward,5668864,4096,11153,11160,True
ep2,488,12356,12356,meta,,4096,16,23,False
ep2,489,12359,12359,forward,5672960,4096,11161,11168,True
ep2,490,12360,12360,forward,24064,4096,128,135,True
ep2,491,12363,12363,forward,5677056,4096,11169,11176,True
ep2,492,12365,12365,forward,220672,4096,512,519,True
ep2,493,12366,12370,forward,5681152,8192,11177,11192,True
ep2,494,12370,12370,forward,2055680,4096,4096,4103,True
ep2,495,12374,12493,forward,5689344,131072,11193,11448,True
ep2,496,12494,12494,meta,,4096,65,72,False
ep2,497,12496,12520,forward,5820416,28672,11449,11504,True
ep2,498,12520,12520,meta,,4096,73,80,False
ep2,499,12523,12583,forward,5849088,69632,11505,11640,True
ep2,500,12583,12583,meta,,4096,17489,17496,False
ep2,501,12587,12647,forward,5918720,69632,11641,11776,True
ep2,502,12647,12647,meta,,4096,17497,17504,False
ep2,503,12650,12650,meta,,4096,17505,17512,False
ep2,504,12651,12651,forward,5988352,4096,11777,11784,True
ep2,505,12654,12654,meta,,4096,17513,17520,False
ep2,506,12655,12655,forward,5992448,4096,11785,11792,True
ep2,507,12657,12657,meta,,4096,17521,17528,False
ep2,508,12658,12658,forward,5996544,4096,11793,11800,True
ep2,509,12661,12661,meta,,4096,17529,17536,False
ep2,510,12662,12662,forward,6000640,4096,11801,11808,True
ep2,511,12665,12665,meta,,4096,17537,17544,False
ep2,512,12666,12666,forward,6004736,4096,11809,11816,True
ep2,513,12668,12668,meta,,4096,17545,17552,False
ep2,514,12669,12669,forward,6008832,4096,11817,11824,True
ep2,515,12672,12672,meta,,4096,17553,17560,False
ep2,516,12673,12673,forward,6012928,4096,11825,11832,True
ep2,517,12676,12676,meta,,4096,17561,17568,False
ep2,518,12677,12677,forward,6017024,4096,11833,11840,True
ep2,519,12679,12679,meta,,4096,17569,17576,False
ep2,520,12681,12681,forward,6021120,4096,11841,11848,True
ep2,521,12683,12683,meta,,4096,17577,17584,False
ep2,522,12684,12684,forward,6025216,4096,11849,11856,True
ep2,523,12687,12687,meta,,4096,17585,17592,False
ep2,524,12688,12688,forward,6029312,4096,11857,11864,True
ep2,525,12690,12690,meta,,4096,17593,17600,False
ep2,526,12692,12692,forward,6033408,4096,11865,11872,True
ep2,527,12694,12694,meta,,4096,17601,17608,False
ep2,528,12696,12696,forward,6037504,4096,11873,11880,True
ep2,529,12698,12698,meta,,4096,17609,17616,False
ep2,530,12700,12716,forward,6041600,20480,11881,11920,True
ep2,531,12717,12717,meta,,4096,17617,17624,False
ep2,532,12720,12720,forward,6062080,4096,11921,11928,True
ep2,533,12720,12720,meta,,4096,17625,17632,False
ep2,534,12724,12724,forward,6066176,4096,11929,11936,True
ep2,535,12724,12724,meta,,4096,17633,17640,False
ep2,536,12728,12728,forward,6070272,4096,11937,11944,True
ep2,537,12728,12728,meta,,4096,17641,17648,False
ep2,538,12732,12732,forward,6074368,4096,11945,11952,True
ep2,539,12732,12732,meta,,4096,17649,17656,False
ep2,540,12735,12735,meta,,4096,17657,17664,False
ep2,541,12736,12736,forward,6078464,4096,11953,11960,True
ep2,542,12739,12739,meta,,4096,17665,17672,False
ep2,543,12740,12740,forward,6082560,4096,11961,11968,True
ep2,544,12743,12743,meta,,4096,17673,17680,False
ep2,545,12744,12747,forward,6086656,8192,11969,11984,True
ep2,546,12747,12747,meta,,4096,17681,17688,False
ep2,547,12751,12751,forward,6094848,4096,11985,11992,True
ep2,548,12751,12751,meta,,4096,17689,17696,False
ep2,549,12754,12754,meta,,4096,17697,17704,False
ep2,550,12755,12755,forward,6098944,4096,11993,12000,True
ep2,551,12758,12758,meta,,4096,17705,17712,False
ep2,552,12759,12759,forward,6103040,4096,12001,12008,True
ep2,553,12761,12761,meta,,4096,17713,17720,False
ep2,554,12763,12763,forward,6107136,4096,12009,12016,True
ep2,555,12765,12765,meta,,4096,17721,17728,False
ep2,556,12767,12767,forward,6111232,4096,12017,12024,True
ep2,557,12769,12769,meta,,4096,17729,17736,False
ep2,558,12771,12771,forward,6115328,4096,12025,12032,True
ep2,559,12773,12773,meta,,4096,17737,17744,False
ep2,560,12774,12774,forward,6119424,4096,12033,12040,True
ep2,561,12777,12777,meta,,4096,17745,17752,False
ep2,562,12778,12778,forward,6123520,4096,12041,12048,True
ep2,563,12780,12780,meta,,4096,17753,17760,False
ep2,564,12782,12782,forward,6127616,4096,12049,12056,True
ep2,565,12784,12784,meta,,4096,17761,17768,False
ep2,566,12786,12786,forward,6131712,4096,12057,12064,True
ep2,567,12788,12788,meta,,4096,17769,17776,False
ep2,568,12790,12790,forward,6135808,4096,12065,12072,True
ep2,569,12792,12792,meta,,4096,17777,17784,False
ep2,570,12794,12794,forward,6139904,4096,12073,12080,True
ep2,571,12795,12795,meta,,4096,17785,17792,False
ep2,572,12798,12798,forward,6144000,4096,12081,12088,True
ep2,573,12799,12799,meta,,4096,17793,17800,False
ep2,574,12802,12802,forward,6148096,4096,12089,12096,True
ep2,575,12803,12803,meta,,4096,17801,17808,False
ep2,576,12807,12807,forward,6152192,4096,12097,12104,True
ep2,577,12807,12807,meta,,4096,17809,17816,False
ep2,578,12810,12810,forward,6156288,4096,12105,12112,True
ep2,579,12811,12811,meta,,4096,17817,17824,False
ep2,580,12814,12814,forward,6160384,4096,12113,12120,True
ep2,581,12814,12814,meta,,4096,17825,17832,False
ep2,582,12818,12818,forward,6164480,4096,12121,12128,True
ep2,583,12818,12818,meta,,4096,17833,17840,False
ep2,584,12822,12822,forward,6168576,4096,12129,12136,True
ep2,585,12822,12822,meta,,4096,17841,17848,False
ep2,586,12825,12825,meta,,4096,17849,17856,False
ep2,587,12826,12829,forward,6172672,8192,12137,12152,True
ep2,588,12829,12829,meta,,4096,17857,17864,False
ep2,589,12833,12833,forward,6180864,4096,12153,12160,True
ep2,590,12833,12833,meta,,4096,17865,17872,False
ep2,591,12836,12836,meta,,4096,17873,17880,False
ep2,592,12837,12837,forward,6184960,4096,12161,12168,True
ep2,593,12840,12840,meta,,4096,17881,17888,False
ep2,594,12841,12841,forward,6189056,4096,12169,12176,True
ep2,595,12844,12844,meta,,4096,17889,17896,False
ep2,596,12845,12845,forward,6193152,4096,12177,12184,True
ep2,597,12848,12848,meta,,4096,17897,17904,False
ep2,598,12849,12849,forward,6197248,4096,12185,12192,True
ep2,599,12851,12851,meta,,4096,17905,17912,False
ep2,600,12853,12853,forward,6201344,4096,12193,12200,True
ep2,601,12855,12855,meta,,4096,17913,17920,False
ep2,602,12857,12857,forward,6205440,4096,12201,12208,True
ep2,603,12859,12859,meta,,4096,17921,17928,False
ep2,604,12861,12861,forward,6209536,4096,12209,12216,True
ep2,605,12862,12862,meta,,4096,17929,17936,False
ep2,606,12864,12864,forward,6213632,4096,12217,12224,True
ep2,607,12866,12866,meta,,4096,17937,17944,False
ep2,608,12868,12868,forward,6217728,4096,12225,12232,True
ep2,609,12870,12870,meta,,4096,17945,17952,False
ep2,610,12872,12872,forward,6221824,4096,12233,12240,True
ep2,611,12873,12873,meta,,4096,17953,17960,False
ep2,612,12876,12876,forward,6225920,4096,12241,12248,True
ep2,613,12877,12877,meta,,4096,17961,17968,False
ep2,614,12880,12880,forward,6230016,4096,12249,12256,True
ep2,615,12881,12881,meta,,4096,17969,17976,False
ep2,616,12884,12884,forward,6234112,4096,12257,12264,True
ep2,617,12885,12885,meta,,4096,17977,17984,False
ep2,618,12888,12888,forward,6238208,4096,12265,12272,True
ep2,619,12888,12888,meta,,4096,17985,17992,False
ep2,620,12891,12891,forward,6242304,4096,12273,12280,True
ep2,621,12892,12892,meta,,4096,17993,18000,False
ep2,622,12895,12895,forward,6246400,4096,12281,12288,True
ep2,623,12896,12896,meta,,4096,18001,18008,False
ep2,624,12899,12899,forward,6250496,4096,12289,12296,True
ep2,625,12900,12900,meta,,4096,18009,18016,False
ep2,626,12902,12902,forward,6254592,4096,12297,12304,True
ep2,627,12904,12904,meta,,4096,18017,18024,False
ep2,628,12906,12906,forward,6258688,4096,12305,12312,True
ep2,629,12908,12908,meta,,4096,18025,18032,False
ep2,630,12911,12911,meta,,4096,18033,18040,False
ep2,631,12915,12915,meta,,4096,18041,18048,False
ep2,632,12919,12919,meta,,4096,18049,18056,False
ep2,633,12923,12923,meta,,4096,18057,18064,False
ep2,634,12924,12924,forward,6262784,4096,12313,12320,True
ep2,635,12927,12927,meta,,4096,18065,18072,False
ep2,636,12928,12928,forward,6266880,4096,12321,12328,True
ep2,637,12930,12930,meta,,4096,18073,18080,False
ep2,638,12932,12932,forward,6270976,4096,12329,12336,True
ep2,639,12934,12934,meta,,4096,18081,18088,False
ep2,640,12936,12936,forward,6275072,4096,12337,12344,True
ep2,641,12938,12938,meta,,4096,18089,18096,False
ep2,642,12940,12940,forward,6279168,4096,12345,12352,True
ep2,643,12941,12941,meta,,4096,18097,18104,False
ep2,644,12944,12944,forward,6283264,4096,12353,12360,True
ep2,645,12945,12945,meta,,4096,18105,18112,False
ep2,646,12948,12948,forward,6287360,4096,12361,12368,True
ep2,647,12949,12949,meta,,4096,18113,18120,False
ep2,648,12951,12951,forward,6291456,4096,12369,12376,True
ep2,649,12953,12953,meta,,4096,18121,18128,False
ep2,650,12955,12955,forward,6295552,4096,12377,12384,True
ep2,651,12957,12957,meta,,4096,18129,18136,False
ep2,652,12959,12959,forward,6299648,4096,12385,12392,True
ep2,653,12961,12961,meta,,4096,18137,18144,False
ep2,654,12963,12963,forward,6303744,4096,12393,12400,True
ep2,655,12964,12964,meta,,4096,18145,18152,False
ep2,656,12967,12967,forward,6307840,4096,12401,12408,True
ep2,657,12968,12968,meta,,4096,18153,18160,False
ep2,658,12971,12971,forward,6311936,4096,12409,12416,True
ep2,659,12971,12971,meta,,4096,18161,18168,False
ep2,660,12975,12975,forward,6316032,4096,12417,12424,True
ep2,661,12975,12975,meta,,4096,18169,18176,False
ep2,662,12978,12978,forward,6320128,4096,12425,12432,True
ep2,663,12979,12979,meta,,4096,18177,18184,False
ep2,664,12982,12982,forward,6324224,4096,12433,12440,True
ep2,665,12983,12983,meta,,4096,18185,18192,False
ep2,666,12986,12986,forward,6328320,4096,12441,12448,True
ep2,667,12986,12986,meta,,4096,18193,18200,False
ep2,668,12990,12990,forward,6332416,4096,12449,12456,True
ep2,669,12990,12990,meta,,4096,18201,18208,False
ep2,670,12994,12994,forward,6336512,4096,12457,12464,True
ep2,671,12994,12994,meta,,4096,18209,18216,False
ep2,672,12997,12997,meta,,4096,18217,18224,False
ep2,673,12998,12998,forward,6340608,4096,12465,12472,True
ep2,674,13001,13001,meta,,4096,18225,18232,False
ep2,675,13002,13002,forward,6344704,4096,12473,12480,True
ep2,676,13005,13005,meta,,4096,18233,18240,False
ep2,677,13006,13010,forward,6348800,8192,12481,12496,True
ep2,678,13010,13010,meta,,4096,18241,18248,False
ep2,679,13013,13013,forward,6356992,4096,12497,12504,True
ep2,680,13014,13014,meta,,4096,18249,18256,False
ep2,681,13017,13017,forward,6361088,4096,12505,12512,True
ep2,682,13017,13017,meta,,4096,18257,18264,False
ep2,683,13021,13021,forward,6365184,4096,12513,12520,True
ep2,684,13021,13021,meta,,4096,18265,18272,False
ep2,685,13024,13024,forward,6369280,4096,12521,12528,True
ep2,686,13025,13025,meta,,4096,18273,18280,False
ep2,687,13028,13028,forward,6373376,4096,12529,12536,True
ep2,688,13028,13028,meta,,4096,18281,18288,False
ep2,689,13032,13032,forward,6377472,4096,12537,12544,True
ep2,690,13032,13032,meta,,4096,18289,18296,False
ep2,691,13036,13036,forward,6381568,4096,12545,12552,True
ep2,692,13036,13036,meta,,4096,18297,18304,False
ep2,693,13039,13039,meta,,4096,18305,18312,False
ep2,694,13040,13040,forward,6385664,4096,12553,12560,True
ep2,695,13043,13043,meta,,4096,18313,18320,False
ep2,696,13044,13044,forward,6389760,4096,12561,12568,True
ep2,697,13047,13047,meta,,4096,18321,18328,False
ep2,698,13048,13048,forward,6393856,4096,12569,12576,True
ep2,699,13051,13051,meta,,4096,18329,18336,False
ep2,700,13052,13052,forward,6397952,4096,12577,12584,True
ep2,701,13055,13055,meta,,4096,18337,18344,False
ep2,702,13056,13056,forward,6402048,4096,12585,12592,True
ep2,703,13059,13059,meta,,4096,18345,18352,False
ep2,704,13060,13060,forward,6406144,4096,12593,12600,True
ep2,705,13063,13063,meta,,4096,18353,18360,False
ep2,706,13064,13064,forward,6410240,4096,12601,12608,True
ep2,707,13066,13066,meta,,4096,18361,18368,False
ep2,708,13068,13068,forward,6414336,4096,12609,12616,True
ep2,709,13070,13070,meta,,4096,18369,18376,False
ep2,710,13072,13072,forward,6418432,4096,12617,12624,True
ep2,711,13074,13074,meta,,4096,18377,18384,False
ep2,712,13076,13076,forward,6422528,4096,12625,12632,True
ep2,713,13077,13077,meta,,4096,18385,18392,False
ep2,714,13080,13080,forward,6426624,4096,12633,12640,True
ep2,715,13081,13081,meta,,4096,18393,18400,False
ep2,716,13084,13084,forward,6430720,4096,12641,12648,True
ep2,717,13084,13084,meta,,4096,18401,18408,False
ep2,718,13087,13087,forward,6434816,4096,12649,12656,True
ep2,719,13088,13088,meta,,4096,18409,18416,False
ep2,720,13091,13091,forward,6438912,4096,12657,12664,True
ep2,721,13092,13092,meta,,4096,18417,18424,False
ep2,722,13095,13095,forward,6443008,4096,12665,12672,True
ep2,723,13096,13096,meta,,4096,18425,18432,False
ep2,724,13099,13099,forward,6447104,4096,12673,12680,True
ep2,725,13100,13100,meta,,4096,18433,18440,False
ep2,726,13102,13102,forward,6451200,4096,12681,12688,True
ep2,727,13103,13103,meta,,4096,18441,18448,False
ep2,728,13106,13106,forward,6455296,4096,12689,12696,True
ep2,729,13107,13107,meta,,4096,18449,18456,False
ep2,730,13109,13109,forward,6459392,4096,12697,12704,True
ep2,731,13111,13111,meta,,4096,18457,18464,False
ep2,732,13113,13113,forward,6463488,4096,12705,12712,True
ep2,733,13115,13115,meta,,4096,18465,18472,False
ep2,734,13117,13117,forward,6467584,4096,12713,12720,True
ep2,735,13119,13119,meta,,4096,18473,18480,False
ep2,736,13121,13121,forward,6471680,4096,12721,12728,True
ep2,737,13123,13123,meta,,4096,18481,18488,False
ep2,738,13125,13125,forward,6475776,4096,12729,12736,True
ep2,739,13127,13127,meta,,4096,18489,18496,False
ep2,740,13129,13129,forward,6479872,4096,12737,12744,True
ep2,741,13130,13130,meta,,4096,18497,18504,False
ep2,742,13132,13132,forward,6483968,4096,12745,12752,True
ep2,743,13134,13134,meta,,4096,18505,18512,False
ep2,744,13136,13361,forward,6488064,225280,12753,13192,True
ep2,745,13490,14412,forward,6852608,999424,13465,15416,True
ep2,746,14457,14908,forward,7897088,487424,15505,16456,True
ep3,0,17417,17417,meta,,4096,0,7,False
ep4,0,17425,17425,meta,,4096,17377,17384,False
ep4,1,17434,17434,meta,,4096,0,7,False
ep4,2,17439,17439,meta,,4096,32,39,False
ep4,3,17443,17443,meta,,4096,17385,17392,False
ep4,4,17443,17443,meta,,4096,40,47,False
ep4,5,17446,17446,meta,,4096,17393,17400,False
ep4,6,17447,17447,meta,,4096,48,55,False
ep4,7,17450,17450,meta,,4096,17401,17408,False
ep4,8,17450,17450,meta,,4096,56,63,False
ep4,9,17454,17454,meta,,4096,17409,17416,False
ep4,10,17454,17454,meta,,4096,64,71,False
ep4,11,17458,17458,meta,,4096,17417,17424,False
ep4,12,17460,17460,meta,,4096,8,15,False
ep4,13,17461,17461,meta,,4096,17425,17432,False
ep4,14,17465,17465,meta,,4096,24,31,False
ep4,15,17469,17469,forward,19968,4096,120,127,True
ep4,16,17482,17482,meta,,4096,17433,17440,False
ep4,17,17486,17486,meta,,4096,17441,17448,False
ep4,18,17490,17490,meta,,4096,17449,17456,False
ep4,19,17494,17494,meta,,4096,17457,17464,False
ep4,20,17498,17498,meta,,4096,17465,17472,False
ep5,0,17500,17500,meta,,4096,17137,17144,False
ep5,1,17502,17502,meta,,4096,17473,17480,False
ep5,2,17506,17506,meta,,4096,17137,17144,False
ep5,3,17508,17508,meta,,4096,16,23,False
ep5,4,17510,17510,meta,,4096,17145,17152,False
ep5,5,17512,17512,forward,24064,4096,128,135,True
ep5,6,17514,17514,meta,,4096,17153,17160,False
ep5,7,17516,17516,forward,220672,4096,512,519,True
ep5,8,17517,17517,meta,,4096,17145,17152,False
ep5,9,17518,17518,meta,,4096,17161,17168,False
ep5,10,17520,17520,forward,2055680,4096,4096,4103,True
ep5,11,17521,17521,meta,,4096,17153,17160,False
ep5,12,17522,17522,meta,,4096,17169,17176,False
ep5,13,17524,17524,meta,,4096,17161,17168,False
ep5,14,17526,17526,meta,,4096,17177,17184,False
ep5,15,17528,17528,meta,,4096,17169,17176,False
ep5,16,17530,17530,meta,,4096,17185,17192,False
ep5,17,17532,17532,meta,,4096,17177,17184,False
ep5,18,17534,17534,meta,,4096,17193,17200,False
ep5,19,17536,17536,meta,,4096,17185,17192,False
ep5,20,17536,17536,meta,,4096,0,7,False
ep5,21,17538,17538,meta,,4096,17201,17208,False
ep5,22,17541,17541,meta,,4096,17209,17216,False
ep5,23,17545,17545,meta,,4096,17217,17224,False
ep5,24,17549,17549,meta,,4096,17225,17232,False
ep5,25,17553,17553,meta,,4096,17233,17240,False
ep5,26,17553,17553,meta,,4096,17193,17200,False
ep5,27,17557,17557,meta,,4096,17241,17248,False
ep5,28,17557,17557,meta,,4096,17201,17208,False
ep5,29,17561,17561,meta,,4096,17249,17256,False
ep5,30,17561,17561,meta,,4096,17209,17216,False
ep5,31,17565,17565,meta,,4096,17257,17264,False
ep5,32,17565,17565,meta,,4096,17217,17224,False
ep5,33,17568,17568,meta,,4096,17225,17232,False
ep5,34,17569,17569,meta,,4096,17265,17272,False
ep5,35,17572,17572,meta,,4096,17233,17240,False
ep5,36,17573,17573,meta,,4096,17273,17280,False
ep5,37,17576,17576,meta,,4096,17241,17248,False
ep5,38,17577,17577,meta,,4096,17281,17288,False
ep5,39,17580,17580,meta,,4096,17289,17296,False
ep5,40,17580,17580,meta,,4096,17249,17256,False
ep5,41,17583,17583,meta,,4096,17257,17264,False
ep5,42,17584,17584,meta,,4096,17297,17304,False
ep5,43,17587,17587,meta,,4096,17265,17272,False
ep5,44,17588,17588,meta,,4096,17305,17312,False
ep5,45,17591,17591,meta,,4096,17273,17280,False
ep5,46,17592,17592,meta,,4096,17313,17320,False
ep5,47,17594,17594,meta,,4096,17281,17288,False
ep5,48,17596,17596,meta,,4096,17321,17328,False
ep5,49,17598,17598,meta,,4096,17289,17296,False
ep5,50,17600,17600,meta,,4096,17329,17336,False
ep5,51,17602,17602,meta,,4096,17297,17304,False
ep5,52,17603,17603,meta,,4096,17337,17344,False
ep5,53,17605,17605,meta,,4096,17305,17312,False
ep5,54,17607,17607,meta,,4096,17345,17352,False
ep5,55,17609,17609,meta,,4096,17313,17320,False
ep5,56,17611,17611,meta,,4096,17353,17360,False
ep5,57,17612,17612,meta,,4096,17321,17328,False
ep5,58,17615,17615,meta,,4096,17361,17368,False
ep5,59,17616,17616,meta,,4096,17329,17336,False
ep5,60,17619,17619,meta,,4096,17369,17376,False
ep5,61,17620,17620,meta,,4096,17337,17344,False
ep5,62,17624,17624,meta,,4096,17345,17352,False
ep5,63,17628,17628,meta,,4096,17353,17360,False
ep5,64,17631,17631,meta,,4096,17361,17368,False
ep5,65,17635,17635,meta,,4096,17369,17376,False
ep5,66,17640,17640,meta,,4096,17377,17384,False
ep5,67,17643,17643,meta,,4096,17385,17392,False
ep5,68,17647,17647,meta,,4096,17393,17400,False
ep5,69,17651,17651,meta,,4096,17401,17408,False
ep5,70,17655,17655,meta,,4096,17409,17416,False
ep5,71,17659,17659,meta,,4096,17417,17424,False
ep5,72,17663,17663,meta,,4096,17425,17432,False
ep5,73,17667,17667,meta,,4096,17433,17440,False
ep5,74,17671,17671,meta,,4096,17441,17448,False
ep5,75,17675,17675,meta,,4096,17449,17456,False
ep5,76,17678,17678,meta,,4096,17457,17464,False
ep5,77,17682,17682,meta,,4096,17465,17472,False
ep5,78,17686,17686,meta,,4096,17473,17480,False
ep5,79,18152,18152,meta,,4096,17745,17752,False
ep5,80,18155,18155,meta,,4096,17753,17760,False
ep5,81,18159,18159,meta,,4096,17761,17768,False
ep5,82,18163,18163,meta,,4096,17769,17776,False
ep5,83,18166,18166,meta,,4096,17777,17784,False
ep5,84,18170,18170,meta,,4096,17785,17792,False
ep5,85,18174,18174,meta,,4096,17793,17800,False
ep5,86,18177,18177,meta,,4096,17801,17808,False
ep5,87,18181,18181,meta,,4096,17809,17816,False
ep5,88,18184,18184,meta,,4096,17817,17824,False
ep5,89,18188,18188,meta,,4096,17825,17832,False
ep5,90,18192,18192,meta,,4096,17833,17840,False
ep5,91,18195,18195,meta,,4096,17841,17848,False
ep5,92,18199,18199,meta,,4096,17849,17856,False
ep5,93,18202,18202,meta,,4096,17857,17864,False
ep5,94,18206,18206,meta,,4096,17865,17872,False
ep5,95,18210,18210,meta,,4096,17873,17880,False
ep5,96,18213,18213,meta,,4096,17881,17888,False
ep5,97,18217,18217,meta,,4096,17889,17896,False
ep5,98,18221,18221,meta,,4096,17897,17904,False
ep5,99,18224,18224,meta,,4096,17905,17912,False
ep5,100,18228,18228,meta,,4096,17913,17920,False
ep5,101,18232,18232,meta,,4096,17921,17928,False
ep5,102,18235,18235,meta,,4096,17929,17936,False
ep5,103,18239,18239,meta,,4096,17937,17944,False
ep5,104,18242,18242,meta,,4096,17945,17952,False
ep5,105,18246,18246,meta,,4096,17953,17960,False
ep5,106,18250,18250,meta,,4096,17961,17968,False
ep5,107,18254,18254,meta,,4096,17969,17976,False
ep5,108,18257,18257,meta,,4096,17977,17984,False
ep5,109,18261,18261,meta,,4096,17985,17992,False
ep5,110,18265,18265,meta,,4096,17993,18000,False
ep5,111,18269,18269,meta,,4096,18001,18008,False
ep5,112,18273,18273,meta,,4096,18009,18016,False
ep5,113,18276,18276,meta,,4096,18017,18024,False
ep5,114,18280,18280,meta,,4096,18025,18032,False
ep5,115,18284,18284,meta,,4096,18033,18040,False
ep5,116,18287,18287,meta,,4096,18041,18048,False
ep5,117,18291,18291,meta,,4096,18049,18056,False
ep5,118,18294,18294,meta,,4096,18057,18064,False
ep5,119,18298,18298,meta,,4096,18065,18072,False
ep5,120,18302,18302,meta,,4096,18073,18080,False
ep5,121,18305,18305,meta,,4096,18081,18088,False
ep5,122,18309,18309,meta,,4096,18089,18096,False
ep5,123,18312,18312,meta,,4096,18097,18104,False
ep5,124,18316,18316,meta,,4096,18105,18112,False
ep5,125,18320,18320,meta,,4096,18113,18120,False
ep5,126,18323,18323,meta,,4096,18121,18128,False
ep5,127,18327,18327,meta,,4096,18129,18136,False
ep5,128,18330,18330,meta,,4096,18137,18144,False
ep5,129,18334,18334,meta,,4096,18145,18152,False
ep5,130,18338,18338,meta,,4096,18153,18160,False
ep5,131,18341,18341,meta,,4096,18161,18168,False
ep5,132,18345,18345,meta,,4096,18169,18176,False
ep5,133,18348,18348,meta,,4096,18177,18184,False
ep5,134,18352,18352,meta,,4096,18185,18192,False
ep5,135,18356,18356,meta,,4096,18193,18200,False
ep5,136,18359,18359,meta,,4096,18201,18208,False
ep5,137,18363,18363,meta,,4096,18209,18216,False
ep5,138,18367,18367,meta,,4096,18217,18224,False
ep5,139,18370,18370,meta,,4096,18225,18232,False
ep5,140,18374,18374,meta,,4096,18233,18240,False
ep5,141,18378,18378,meta,,4096,18241,18248,False
ep5,142,18382,18382,meta,,4096,18249,18256,False
ep5,143,18385,18385,meta,,4096,18257,18264,False
ep5,144,18389,18389,meta,,4096,18265,18272,False
ep5,145,18393,18393,meta,,4096,18273,18280,False
ep5,146,18396,18396,meta,,4096,18281,18288,False
ep5,147,18400,18400,meta,,4096,18289,18296,False
ep5,148,18403,18403,meta,,4096,18297,18304,False
ep5,149,18407,18407,meta,,4096,18305,18312,False
ep5,150,18411,18411,meta,,4096,18313,18320,False
ep5,151,18414,18414,meta,,4096,18321,18328,False
ep5,152,18418,18418,meta,,4096,18329,18336,False
ep5,153,18421,18421,meta,,4096,18337,18344,False
ep5,154,18425,18425,meta,,4096,18345,18352,False
ep5,155,18429,18429,meta,,4096,18353,18360,False
ep5,156,18432,18432,meta,,4096,18361,18368,False
ep5,157,18436,18436,meta,,4096,18369,18376,False
ep5,158,18439,18439,meta,,4096,18377,18384,False
ep5,159,18443,18443,meta,,4096,18385,18392,False
ep5,160,18447,18447,meta,,4096,18393,18400,False
ep5,161,18450,18450,meta,,4096,18401,18408,False
ep5,162,18454,18454,meta,,4096,18409,18416,False
ep5,163,18457,18457,meta,,4096,18417,18424,False
ep5,164,18461,18461,meta,,4096,18425,18432,False
ep5,165,18465,18465,meta,,4096,18433,18440,False
ep5,166,18469,18469,meta,,4096,18441,18448,False
ep5,167,18472,18472,meta,,4096,18449,18456,False
ep5,168,18476,18476,meta,,4096,18457,18464,False
ep5,169,18480,18480,meta,,4096,18465,18472,False
ep5,170,18483,18483,meta,,4096,18473,18480,False
ep5,171,18487,18487,meta,,4096,18481,18488,False
ep5,172,18491,18491,meta,,4096,18489,18496,False
ep5,173,18495,18495,meta,,4096,18497,18504,False
ep5,174,18498,18498,meta,,4096,18505,18512,False
ep6,0,19672,19672,meta,,4096,17377,17384,False
ep6,1,19689,19689,meta,,4096,17385,17392,False
ep6,2,19693,19693,meta,,4096,17393,17400,False
ep6,3,19697,19697,meta,,4096,17401,17408,False
ep6,4,19701,19701,meta,,4096,17409,17416,False
ep6,5,19705,19705,meta,,4096,17417,17424,False
ep6,6,19708,19708,meta,,4096,17425,17432,False
ep6,7,19725,19725,meta,,4096,17433,17440,False
ep6,8,19729,19729,meta,,4096,17441,17448,False
ep6,9,19732,19732,meta,,4096,17449,17456,False
ep6,10,19736,19736,meta,,4096,17457,17464,False
ep6,11,19740,19740,meta,,4096,17465,17472,False
ep6,12,19744,19744,meta,,4096,17473,17480,False
ep6,13,19748,19748,meta,,4096,17137,17144,False
ep6,14,19752,19752,meta,,4096,17145,17152,False
ep6,15,19755,19755,meta,,4096,17153,17160,False
ep6,16,19759,19759,meta,,4096,17161,17168,False
ep6,17,19763,19763,meta,,4096,17169,17176,False
ep6,18,19766,19766,meta,,4096,17177,17184,False
ep6,19,19770,19770,meta,,4096,17185,17192,False
ep6,20,19774,19774,meta,,4096,17193,17200,False
ep6,21,19778,19778,meta,,4096,17201,17208,False
ep6,22,19782,19782,meta,,4096,17209,17216,False
ep6,23,19786,19786,meta,,4096,17217,17224,False
ep6,24,19790,19790,meta,,4096,17225,17232,False
ep6,25,19793,19793,meta,,4096,17233,17240,False
ep6,26,19797,19797,meta,,4096,17241,17248,False
ep6,27,19801,19801,meta,,4096,17249,17256,False
ep6,28,19805,19805,meta,,4096,17257,17264,False
ep6,29,19808,19808,meta,,4096,17265,17272,False
ep6,30,19812,19812,meta,,4096,17273,17280,False
ep6,31,19816,19816,meta,,4096,17281,17288,False
ep6,32,19820,19820,meta,,4096,17289,17296,False
ep6,33,19824,19824,meta,,4096,17297,17304,False
ep6,34,19828,19828,meta,,4096,17305,17312,False
ep6,35,19832,19832,meta,,4096,17313,17320,False
ep6,36,19835,19835,meta,,4096,17321,17328,False
ep6,37,19839,19839,meta,,4096,17329,17336,False
ep6,38,19843,19843,meta,,4096,17337,17344,False
ep6,39,19847,19847,meta,,4096,17345,17352,False
ep6,40,19851,19851,meta,,4096,17353,17360,False
ep6,41,19854,19854,meta,,4096,17361,17368,False
ep6,42,19858,19858,meta,,4096,17369,17376,False
ep7,0,19905,19905,meta,,4096,17377,17384,False
ep7,1,19922,19922,meta,,4096,17385,17392,False
ep7,2,19926,19926,meta,,4096,17393,17400,False
ep7,3,19929,19929,meta,,4096,17401,17408,False
ep7,4,19933,19933,meta,,4096,17409,17416,False
ep7,5,19937,19937,meta,,4096,17417,17424,False
ep7,6,19940,19940,meta,,4096,17425,17432,False
ep7,7,19959,19959,meta,,4096,17433,17440,False
ep7,8,19963,19963,meta,,4096,17441,17448,False
ep7,9,19966,19966,meta,,4096,17449,17456,False
ep7,10,19970,19970,meta,,4096,17457,17464,False
ep7,11,19974,19974,meta,,4096,17465,17472,False
ep7,12,19977,19977,meta,,4096,17473,17480,False
ep7,13,19981,19981,meta,,4096,17137,17144,False
ep7,14,19985,19985,meta,,4096,17145,17152,False
ep7,15,19989,19989,meta,,4096,17153,17160,False
ep7,16,19993,19993,meta,,4096,17161,17168,False
ep7,17,19996,19996,meta,,4096,17169,17176,False
ep7,18,20000,20000,meta,,4096,17177,17184,False
ep7,19,20004,20004,meta,,4096,17185,17192,False
ep7,20,20008,20008,meta,,4096,17193,17200,False
ep7,21,20012,20012,meta,,4096,17201,17208,False
ep7,22,20016,20016,meta,,4096,17209,17216,False
ep7,23,20019,20019,meta,,4096,17217,17224,False
ep7,24,20023,20023,meta,,4096,17225,17232,False
ep7,25,20027,20027,meta,,4096,17233,17240,False
ep7,26,20030,20030,meta,,4096,17241,17248,False
ep7,27,20034,20034,meta,,4096,17249,17256,False
ep7,28,20037,20037,meta,,4096,17257,17264,False
ep7,29,20041,20041,meta,,4096,17265,17272,False
ep7,30,20045,20045,meta,,4096,17273,17280,False
ep7,31,20048,20048,meta,,4096,17281,17288,False
ep7,32,20052,20052,meta,,4096,17289,17296,False
ep7,33,20056,20056,meta,,4096,17297,17304,False
ep7,34,20060,20060,meta,,4096,17305,17312,False
ep7,35,20064,20064,meta,,4096,17313,17320,False
ep7,36,20067,20067,meta,,4096,17321,17328,False
ep7,37,20071,20071,meta,,4096,17329,17336,False
ep7,38,20075,20075,meta,,4096,17337,17344,False
ep7,39,20079,20079,meta,,4096,17345,17352,False
ep7,40,20083,20083,meta,,4096,17353,17360,False
ep7,41,20087,20087,meta,,4096,17361,17368,False
ep7,42,20090,20090,meta,,4096,17369,17376,False
ep8,0,21040,21153,forward,868352,98304,1777,1968,True
ep8,1,21157,21251,forward,466944,106496,993,1200,True
ep8,2,21256,21364,forward,344064,122880,753,992,True
ep8,3,21368,21638,forward,573440,294912,1201,1776,True
ep8,4,21642,22704,forward,966656,1122304,1969,4160,True
ep8,5,22705,22705,meta,,4096,0,7,False
ep8,6,22708,22727,forward,2088960,24576,4161,4208,True
ep8,7,22729,22729,meta,,4096,0,7,False
ep8,8,22731,22731,forward,2113536,4096,4209,4216,True
ep8,9,22733,22733,meta,,4096,32,39,False
ep8,10,22735,22735,forward,2117632,4096,4217,4224,True
ep8,11,22737,22737,meta,,4096,40,47,False
ep8,12,22739,22739,forward,2121728,4096,4225,4232,True
ep8,13,22741,22741,meta,,4096,48,55,False
ep8,14,22743,22743,forward,2125824,4096,4233,4240,True
ep8,15,22745,22745,meta,,4096,56,63,False
ep8,16,22747,22747,forward,2129920,4096,4241,4248,True
ep8,17,22749,22749,meta,,4096,64,71,False
ep8,18,22751,22755,forward,2134016,8192,4249,4264,True
ep8,19,22755,22755,meta,,4096,8,15,False
ep8,20,22758,22758,forward,2142208,4096,4265,4272,True
ep8,21,22760,22760,meta,,4096,24,31,False
ep8,22,22762,22762,forward,2146304,4096,4273,4280,True
ep8,23,22764,22764,forward,19968,4096,120,127,True
ep8,24,22766,22817,forward,2150400,57344,4281,4392,True
ep8,25,22818,22818,meta,,4096,16,23,False
ep8,26,22821,22821,forward,2207744,4096,4393,4400,True
ep8,27,22823,22823,forward,24064,4096,128,135,True
ep8,28,22825,22825,forward,2211840,4096,4401,4408,True
ep8,29,22827,22827,forward,220672,4096,512,519,True
ep8,30,22829,22829,forward,2215936,4096,4409,4416,True
ep8,31,22831,22831,forward,2055680,4096,4096,4103,True
ep8,32,22832,22843,forward,2220032,16384,4417,4448,True
ep8,33,22845,22845,meta,,4096,0,7,False
ep8,34,22847,22960,forward,2236416,126976,4449,4696,True
ep8,35,22962,22962,meta,,512,0,0,False
ep8,36,22964,22964,forward,2363392,4096,4697,4704,True
ep8,37,22964,22964,meta,,4096,1,8,False
ep8,38,22967,22967,forward,2367488,4096,4705,4712,True
ep8,39,22969,22969,meta,,4096,9,16,False
ep8,40,22971,22971,forward,2371584,4096,4713,4720,True
ep8,41,22973,22973,meta,,4096,33,40,False
ep8,42,22975,22975,forward,2375680,4096,4721,4728,True
ep8,43,22977,22977,meta,,4096,41,48,False
ep8,44,22979,22979,forward,2379776,4096,4729,4736,True
ep8,45,22981,22981,meta,,4096,49,56,False
ep8,46,22983,22983,forward,2383872,4096,4737,4744,True
ep8,47,22985,22985,meta,,4096,57,64,False
ep8,48,22986,23025,forward,2387968,45056,4745,4832,True
ep8,49,23028,23028,meta,,512,1,1,False
ep8,50,23029,23029,forward,2433024,4096,4833,4840,True
ep8,51,23029,23029,meta,,512,2,2,False
ep8,52,23030,23030,meta,,512,3,3,False
ep8,53,23032,23032,meta,,2048,4,7,False
ep8,54,23033,23033,forward,2437120,4096,4841,4848,True
ep8,55,23035,23035,meta,,4096,32,39,False
ep8,56,23037,23037,forward,2441216,4096,4849,4856,True
ep8,57,23038,23038,meta,,4096,40,47,False
ep8,58,23041,23041,forward,2445312,4096,4857,4864,True
ep8,59,23042,23042,meta,,4096,48,55,False
ep8,60,23045,23045,forward,2449408,4096,4865,4872,True
ep8,61,23046,23046,meta,,4096,56,63,False
ep8,62,23048,23048,forward,2453504,4096,4873,4880,True
ep8,63,23050,23050,meta,,4096,64,71,False
ep8,64,23052,23055,forward,2457600,8192,4881,4896,True
ep8,65,23056,23056,meta,,4096,8,15,False
ep8,66,23059,23059,forward,2465792,4096,4897,4904,True
ep8,67,23062,23062,meta,,4096,24,31,False
ep8,68,23063,23063,forward,2469888,4096,4905,4912,True
ep8,69,23066,23066,forward,19968,4096,120,127,True
ep8,70,23067,23071,forward,2473984,8192,4913,4928,True
ep8,71,23071,23071,meta,,4096,16,23,False
ep8,72,23075,23075,forward,2482176,4096,4929,4936,True
ep8,73,23076,23076,forward,24064,4096,128,135,True
ep8,74,23078,23078,forward,2486272,4096,4937,4944,True
ep8,75,23080,23080,forward,220672,4096,512,519,True
ep8,76,23082,23082,forward,2490368,4096,4945,4952,True
ep8,77,23085,23085,forward,2055680,4096,4096,4103,True
ep8,78,23086,23265,forward,2494464,196608,4953,5336,True
ep8,79,23267,23267,meta,,4096,65,72,False
ep8,80,23269,23272,forward,2691072,8192,5337,5352,True
ep8,81,23273,23273,meta,,4096,73,80,False
ep8,82,23276,23341,forward,2699264,73728,5353,5496,True
ep8,83,23344,23344,meta,,4096,17489,17496,False
ep8,84,23345,23360,forward,2772992,20480,5497,5536,True
ep8,85,23362,23362,meta,,4096,17497,17504,False
ep8,86,23364,23364,forward,2793472,4096,5537,5544,True
ep8,87,23366,23366,meta,,4096,17505,17512,False
ep8,88,23367,23367,forward,2797568,4096,5545,5552,True
ep8,89,23369,23369,meta,,4096,17513,17520,False
ep8,90,23371,23371,forward,2801664,4096,5553,5560,True
ep8,91,23373,23373,meta,,4096,17521,17528,False
ep8,92,23375,23375,forward,2805760,4096,5561,5568,True
ep8,93,23377,23377,meta,,4096,17529,17536,False
ep8,94,23378,23378,forward,2809856,4096,5569,5576,True
ep8,95,23381,23381,meta,,4096,17537,17544,False
ep8,96,23382,23382,forward,2813952,4096,5577,5584,True
ep8,97,23384,23384,meta,,4096,17545,17552,False
ep8,98,23386,23386,forward,2818048,4096,5585,5592,True
ep8,99,23388,23388,meta,,4096,17553,17560,False
ep8,100,23390,23390,forward,2822144,4096,5593,5600,True
ep8,101,23392,23392,meta,,4096,17561,17568,False
ep8,102,23394,23394,forward,2826240,4096,5601,5608,True
ep8,103,23396,23396,meta,,4096,17569,17576,False
ep8,104,23398,23398,forward,2830336,4096,5609,5616,True
ep8,105,23399,23399,meta,,4096,17577,17584,False
ep8,106,23401,23401,forward,2834432,4096,5617,5624,True
ep8,107,23403,23403,meta,,4096,17585,17592,False
ep8,108,23405,23405,forward,2838528,4096,5625,5632,True
ep8,109,23407,23407,meta,,4096,17593,17600,False
ep8,110,23409,23409,forward,2842624,4096,5633,5640,True
ep8,111,23411,23411,meta,,4096,17601,17608,False
ep8,112,23412,23412,forward,2846720,4096,5641,5648,True
ep8,113,23414,23414,meta,,4096,17609,17616,False
ep8,114,23416,23435,forward,2850816,24576,5649,5696,True
ep8,115,23437,23437,meta,,4096,17617,17624,False
ep8,116,23438,23438,forward,2875392,4096,5697,5704,True
ep8,117,23441,23441,meta,,4096,17625,17632,False
ep8,118,23442,23442,forward,2879488,4096,5705,5712,True
ep8,119,23445,23445,meta,,4096,17633,17640,False
ep8,120,23448,23448,meta,,4096,17641,17648,False
ep8,121,23452,23452,meta,,4096,17649,17656,False
ep8,122,23456,23456,meta,,4096,17657,17664,False
ep8,123,23460,23460,meta,,4096,17665,17672,False
ep8,124,23463,23463,meta,,4096,17673,17680,False
ep8,125,23467,23467,forward,2883584,4096,5713,5720,True
ep8,126,23467,23467,meta,,4096,17681,17688,False
ep8,127,23471,23471,forward,2887680,4096,5721,5728,True
ep8,128,23471,23471,meta,,4096,17689,17696,False
ep8,129,23475,23475,forward,2891776,4096,5729,5736,True
ep8,130,23475,23475,meta,,4096,17697,17704,False
ep8,131,23478,23478,forward,2895872,4096,5737,5744,True
ep8,132,23478,23478,meta,,4096,17705,17712,False
ep8,133,23482,23482,forward,2899968,4096,5745,5752,True
ep8,134,23482,23482,meta,,4096,17713,17720,False
ep8,135,23486,23497,forward,2904064,16384,5753,5784,True
ep8,136,23498,23498,meta,,4096,17745,17752,False
ep8,137,23501,23501,forward,2920448,4096,5785,5792,True
ep8,138,23501,23501,meta,,4096,17753,17760,False
ep8,139,23505,23505,forward,2924544,4096,5793,5800,True
ep8,140,23505,23505,meta,,4096,17761,17768,False
ep8,141,23508,23508,forward,2928640,4096,5801,5808,True
ep8,142,23509,23509,meta,,4096,17769,17776,False
ep8,143,23512,23512,forward,2932736,4096,5809,5816,True
ep8,144,23512,23512,meta,,4096,17777,17784,False
ep8,145,23516,23516,forward,2936832,4096,5817,5824,True
ep8,146,23516,23516,meta,,4096,17785,17792,False
ep8,147,23519,23519,forward,2940928,4096,5825,5832,True
ep8,148,23519,23519,meta,,4096,17793,17800,False
ep8,149,23523,23523,forward,2945024,4096,5833,5840,True
ep8,150,23524,23524,meta,,4096,17801,17808,False
ep8,151,23527,23527,forward,2949120,4096,5841,5848,True
ep8,152,23527,23527,meta,,4096,17809,17816,False
ep8,153,23531,23531,forward,2953216,4096,5849,5856,True
ep8,154,23531,23531,meta,,4096,17817,17824,False
ep8,155,23535,23535,forward,2957312,4096,5857,5864,True
ep8,156,23535,23535,meta,,4096,17825,17832,False
ep8,157,23538,23538,meta,,4096,17833,17840,False
ep8,158,23539,23542,forward,2961408,8192,5865,5880,True
ep8,159,23542,23542,meta,,4096,17841,17848,False
ep8,160,23546,23546,forward,2969600,4096,5881,5888,True
ep8,161,23546,23546,meta,,4096,17849,17856,False
ep8,162,23550,23550,forward,2973696,4096,5889,5896,True
ep8,163,23550,23550,meta,,4096,17857,17864,False
ep8,164,23553,23553,meta,,4096,17865,17872,False
ep8,165,23554,23557,forward,2977792,8192,5897,5912,True
ep8,166,23557,23557,meta,,4096,17873,17880,False
ep8,167,23561,23561,forward,2985984,4096,5913,5920,True
ep8,168,23561,23561,meta,,4096,17881,17888,False
ep8,169,23564,23564,meta,,4096,17889,17896,False
ep8,170,23565,23568,forward,2990080,8192,5921,5936,True
ep8,171,23568,23568,meta,,4096,17897,17904,False
ep8,172,23572,23572,forward,2998272,4096,5937,5944,True
ep8,173,23572,23572,meta,,4096,17905,17912,False
ep8,174,23575,23575,meta,,4096,17913,17920,False
ep8,175,23576,23576,forward,3002368,4096,5945,5952,True
ep8,176,23579,23579,meta,,4096,17921,17928,False
ep8,177,23580,23580,forward,3006464,4096,5953,5960,True
ep8,178,23583,23583,meta,,4096,17929,17936,False
ep8,179,23584,23584,forward,3010560,4096,5961,5968,True
ep8,180,23586,23586,meta,,4096,17937,17944,False
ep8,181,23588,23588,forward,3014656,4096,5969,5976,True
ep8,182,23590,23590,meta,,4096,17945,17952,False
ep8,183,23591,23591,forward,3018752,4096,5977,5984,True
ep8,184,23594,23594,meta,,4096,17953,17960,False
ep8,185,23595,23595,forward,3022848,4096,5985,5992,True
ep8,186,23597,23597,meta,,4096,17961,17968,False
ep8,187,23599,23599,forward,3026944,4096,5993,6000,True
ep8,188,23601,23601,meta,,4096,17969,17976,False
ep8,189,23603,23603,forward,3031040,4096,6001,6008,True
ep8,190,23605,23605,meta,,4096,17977,17984,False
ep8,191,23607,23607,forward,3035136,4096,6009,6016,True
ep8,192,23609,23609,meta,,4096,17985,17992,False
ep8,193,23610,23610,forward,3039232,4096,6017,6024,True
ep8,194,23612,23612,meta,,4096,17993,18000,False
ep8,195,23614,23614,forward,3043328,4096,6025,6032,True
ep8,196,23616,23616,meta,,4096,18001,18008,False
ep8,197,23618,23618,forward,3047424,4096,6033,6040,True
ep8,198,23620,23620,meta,,4096,18009,18016,False
ep8,199,23621,23621,forward,3051520,4096,6041,6048,True
ep8,200,23624,23624,meta,,4096,18017,18024,False
ep8,201,23625,23625,forward,3055616,4096,6049,6056,True
ep8,202,23627,23627,meta,,4096,18025,18032,False
ep8,203,23629,23629,forward,3059712,4096,6057,6064,True
ep8,204,23631,23631,meta,,4096,18033,18040,False
ep8,205,23633,23633,forward,3063808,4096,6065,6072,True
ep8,206,23635,23635,meta,,4096,18041,18048,False
ep8,207,23636,23636,meta,,4096,0,7,False
ep8,208,23637,23637,forward,3067904,4096,6073,6080,True
ep8,209,23638,23638,meta,,4096,18049,18056,False
ep8,210,23641,23641,forward,3072000,4096,6081,6088,True
ep8,211,23642,23642,meta,,4096,18057,18064,False
ep8,212,23645,23645,forward,3076096,4096,6089,6096,True
ep8,213,23645,23645,meta,,4096,18065,18072,False
ep8,214,23648,23648,forward,3080192,4096,6097,6104,True
ep8,215,23649,23649,meta,,4096,18073,18080,False
ep8,216,23652,23652,forward,3084288,4096,6105,6112,True
ep8,217,23653,23653,meta,,4096,18081,18088,False
ep8,218,23655,23655,meta,,4096,0,7,False
ep8,219,23656,23656,forward,3088384,4096,6113,6120,True
ep8,220,23657,23657,meta,,4096,18089,18096,False
ep8,221,23660,23660,meta,,4096,32,39,False
ep8,222,23660,23660,forward,3092480,4096,6121,6128,True
ep8,223,23660,23660,meta,,4096,18097,18104,False
ep8,224,23664,23664,meta,,4096,40,47,False
ep8,225,23664,23664,forward,3096576,4096,6129,6136,True
ep8,226,23664,23664,meta,,4096,18105,18112,False
ep8,227,23668,23668,meta,,4096,48,55,False
ep8,228,23668,23668,forward,3100672,4096,6137,6144,True
ep8,229,23668,23668,meta,,4096,18113,18120,False
ep8,230,23672,23672,meta,,4096,56,63,False
ep8,231,23672,23672,forward,3104768,4096,6145,6152,True
ep8,232,23672,23672,meta,,4096,18121,18128,False
ep8,233,23676,23676,meta,,4096,64,71,False
ep8,234,23676,23676,forward,3108864,4096,6153,6160,True
ep8,235,23676,23676,meta,,4096,18129,18136,False
ep8,236,23680,23680,forward,3112960,4096,6161,6168,True
ep8,237,23680,23680,meta,,4096,18137,18144,False
ep8,238,23682,23682,meta,,4096,8,15,False
ep8,239,23683,23683,meta,,4096,18145,18152,False
ep8,240,23684,23684,forward,3117056,4096,6169,6176,True
ep8,241,23687,23687,meta,,4096,24,31,False
ep8,242,23687,23687,meta,,4096,18153,18160,False
ep8,243,23688,23688,forward,3121152,4096,6177,6184,True
ep8,244,23691,23691,forward,19968,4096,120,127,True
ep8,245,23691,23691,forward,3125248,4096,6185,6192,True
ep8,246,23691,23691,meta,,4096,18161,18168,False
ep8,247,23694,23694,meta,,4096,18169,18176,False
ep8,248,23695,23695,forward,3129344,4096,6193,6200,True
ep8,249,23698,23698,meta,,4096,18177,18184,False
ep8,250,23699,23699,forward,3133440,4096,6201,6208,True
ep8,251,23702,23702,meta,,4096,18185,18192,False
ep8,252,23703,23703,forward,3137536,4096,6209,6216,True
ep8,253,23705,23705,meta,,4096,18193,18200,False
ep8,254,23707,23707,forward,3141632,4096,6217,6224,True
ep8,255,23709,23709,meta,,4096,18201,18208,False
ep8,256,23711,23711,forward,3145728,4096,6225,6232,True
ep8,257,23712,23712,meta,,4096,16,23,False
ep8,258,23713,23713,meta,,4096,18209,18216,False
ep8,259,23715,23715,forward,3149824,4096,6233,6240,True
ep8,260,23716,23716,forward,24064,4096,128,135,True
ep8,261,23716,23716,meta,,4096,18217,18224,False
ep8,262,23719,23719,forward,3153920,4096,6241,6248,True
ep8,263,23720,23720,forward,220672,4096,512,519,True
ep8,264,23720,23720,meta,,4096,18225,18232,False
ep8,265,23723,23723,forward,3158016,4096,6249,6256,True
ep8,266,23724,23724,meta,,4096,18233,18240,False
ep8,267,23725,23725,forward,2055680,4096,4096,4103,True
ep8,268,23727,23727,forward,3162112,4096,6257,6264,True
ep8,269,23727,23727,meta,,4096,18241,18248,False
ep8,270,23731,23731,forward,3166208,4096,6265,6272,True
ep8,271,23731,23731,meta,,4096,18249,18256,False
ep8,272,23735,23735,forward,3170304,4096,6273,6280,True
ep8,273,23735,23735,meta,,4096,18257,18264,False
ep8,274,23738,23738,meta,,4096,0,7,False
ep8,275,23738,23738,meta,,4096,18265,18272,False
ep8,276,23739,23739,forward,3174400,4096,6281,6288,True
ep8,277,23742,23742,meta,,4096,18273,18280,False
ep8,278,23743,23746,forward,3178496,8192,6289,6304,True
ep8,279,23746,23746,meta,,4096,18281,18288,False
ep8,280,23749,23749,meta,,4096,18289,18296,False
ep8,281,23750,23750,forward,3186688,4096,6305,6312,True
ep8,282,23753,23753,meta,,4096,18297,18304,False
ep8,283,23754,23754,forward,3190784,4096,6313,6320,True
ep8,284,23757,23757,meta,,4096,18305,18312,False
ep8,285,23758,23761,forward,3194880,8192,6321,6336,True
ep8,286,23761,23761,meta,,4096,18313,18320,False
ep8,287,23765,23765,forward,3203072,4096,6337,6344,True
ep8,288,23765,23765,meta,,4096,18321,18328,False
ep8,289,23768,23768,meta,,4096,18329,18336,False
ep8,290,23769,23772,forward,3207168,8192,6345,6360,True
ep8,291,23772,23772,meta,,4096,18337,18344,False
ep8,292,23776,23776,forward,3215360,4096,6361,6368,True
ep8,293,23776,23776,meta,,4096,18345,18352,False
ep8,294,23780,23780,forward,3219456,4096,6369,6376,True
ep8,295,23780,23780,meta,,4096,18353,18360,False
ep8,296,23783,23783,forward,3223552,4096,6377,6384,True
ep8,297,23783,23783,meta,,4096,18361,18368,False
ep8,298,23787,23787,forward,3227648,4096,6385,6392,True
ep8,299,23787,23787,meta,,4096,18369,18376,False
ep8,300,23791,23791,forward,3231744,4096,6393,6400,True
ep8,301,23791,23791,meta,,4096,18377,18384,False
ep8,302,23794,23794,meta,,4096,18385,18392,False
ep8,303,23795,23795,forward,3235840,4096,6401,6408,True
ep8,304,23798,23798,meta,,4096,18393,18400,False
ep8,305,23799,23799,forward,3239936,4096,6409,6416,True
ep8,306,23802,23802,meta,,4096,18401,18408,False
ep8,307,23803,23803,forward,3244032,4096,6417,6424,True
ep8,308,23805,23805,meta,,4096,18409,18416,False
ep8,309,23807,23807,forward,3248128,4096,6425,6432,True
ep8,310,23809,23809,meta,,4096,18417,18424,False
ep8,311,23810,23810,forward,3252224,4096,6433,6440,True
ep8,312,23813,23813,meta,,4096,18425,18432,False
ep8,313,23814,23814,forward,3256320,4096,6441,6448,True
ep8,314,23816,23816,meta,,4096,18433,18440,False
ep8,315,23818,23818,forward,3260416,4096,6449,6456,True
ep8,316,23820,23820,meta,,4096,18441,18448,False
ep8,317,23821,23821,forward,3264512,4096,6457,6464,True
ep8,318,23822,23822,meta,,512,0,0,False
ep8,319,23823,23823,meta,,4096,18449,18456,False
ep8,320,23824,23824,meta,,4096,1,8,False
ep8,321,23825,23825,forward,3268608,4096,6465,6472,True
ep8,322,23827,23827,meta,,4096,18457,18464,False
ep8,323,23829,23829,meta,,4096,9,16,False
ep8,324,23829,23829,forward,3272704,4096,6473,6480,True
ep8,325,23831,23831,meta,,4096,18465,18472,False
ep8,326,23833,23833,forward,3276800,4096,6481,6488,True
ep8,327,23834,23834,meta,,4096,33,40,False
ep8,328,23834,23834,meta,,4096,18473,18480,False
ep8,329,23837,23837,meta,,4096,41,48,False
ep8,330,23837,23837,forward,3280896,4096,6489,6496,True
ep8,331,23838,23838,meta,,4096,18481,18488,False
ep8,332,23841,23841,meta,,4096,49,56,False
ep8,333,23841,23841,forward,3284992,4096,6497,6504,True
ep8,334,23842,23842,meta,,4096,18489,18496,False
ep8,335,23845,23845,meta,,4096,57,64,False
ep8,336,23845,23845,forward,3289088,4096,6505,6512,True
ep8,337,23846,23846,meta,,4096,18497,18504,False
ep8,338,23848,23848,forward,3293184,4096,6513,6520,True
ep8,339,23850,23850,meta,,4096,18505,18512,False
ep8,340,23852,23893,forward,3297280,49152,6521,6616,True
ep8,341,23894,23894,meta,,512,1,1,False
ep8,342,23895,23895,meta,,512,2,2,False
ep8,343,23896,23896,meta,,2560,3,7,False
ep8,344,23897,23897,forward,3346432,4096,6617,6624,True
ep8,345,23900,23900,meta,,4096,32,39,False
ep8,346,23900,23900,forward,3350528,4096,6625,6632,True
ep8,347,23903,23903,meta,,4096,40,47,False
ep8,348,23904,23904,forward,3354624,4096,6633,6640,True
ep8,349,23907,23907,meta,,4096,48,55,False
ep8,350,23908,23908,forward,3358720,4096,6641,6648,True
ep8,351,23911,23911,meta,,4096,56,63,False
ep8,352,23911,23911,forward,3362816,4096,6649,6656,True
ep8,353,23915,23915,meta,,4096,64,71,False
ep8,354,23915,23919,forward,3366912,8192,6657,6672,True
ep8,355,23921,23921,meta,,4096,8,15,False
ep8,356,23922,23926,forward,3375104,8192,6673,6688,True
ep8,357,23928,23928,meta,,4096,24,31,False
ep8,358,23930,23930,forward,3383296,4096,6689,6696,True
ep8,359,23932,23932,forward,19968,4096,120,127,True
ep8,360,23934,23934,forward,3387392,4096,6697,6704,True
ep8,361,23937,23937,meta,,4096,16,23,False
ep8,362,23937,23941,forward,3391488,8192,6705,6720,True
ep8,363,23942,23942,forward,24064,4096,128,135,True
ep8,364,23945,23945,forward,3399680,4096,6721,6728,True
ep8,365,23948,23948,forward,220672,4096,512,519,True
ep8,366,23949,23967,forward,3403776,24576,6729,6776,True
ep8,367,23970,23970,forward,2055680,4096,4096,4103,True
ep8,368,23971,24075,forward,3428352,118784,6777,7008,True
ep8,369,24077,24077,meta,,4096,65,72,False
ep8,370,24078,24078,forward,3547136,4096,7009,7016,True
ep8,371,24082,24082,meta,,4096,73,80,False
ep8,372,24096,24134,forward,3551232,45056,7017,7104,True
ep8,373,24136,24136,meta,,4096,17489,17496,False
ep8,374,24138,24149,forward,3596288,16384,7105,7136,True
ep8,375,24153,24153,meta,,4096,17497,17504,False
ep8,376,24153,24153,forward,3612672,4096,7137,7144,True
ep8,377,24157,24157,meta,,4096,17505,17512,False
ep8,378,24157,24157,forward,3616768,4096,7145,7152,True
ep8,379,24161,24161,meta,,4096,17513,17520,False
ep8,380,24161,24161,forward,3620864,4096,7153,7160,True
ep8,381,24165,24165,meta,,4096,17521,17528,False
ep8,382,24165,24165,forward,3624960,4096,7161,7168,True
ep8,383,24168,24168,meta,,4096,17529,17536,False
ep8,384,24169,24169,forward,3629056,4096,7169,7176,True
ep8,385,24172,24172,meta,,4096,17537,17544,False
ep8,386,24173,24173,forward,3633152,4096,7177,7184,True
ep8,387,24176,24176,meta,,4096,17545,17552,False
ep8,388,24177,24177,forward,3637248,4096,7185,7192,True
ep8,389,24180,24180,meta,,4096,17553,17560,False
ep8,390,24181,24181,forward,3641344,4096,7193,7200,True
ep8,391,24183,24183,meta,,4096,17561,17568,False
ep8,392,24185,24185,forward,3645440,4096,7201,7208,True
ep8,393,24187,24187,meta,,4096,17569,17576,False
ep8,394,24189,24189,forward,3649536,4096,7209,7216,True
ep8,395,24191,24191,meta,,4096,17577,17584,False
ep8,396,24193,24193,forward,3653632,4096,7217,7224,True
ep8,397,24194,24194,meta,,4096,17585,17592,False
ep8,398,24197,24197,forward,3657728,4096,7225,7232,True
ep8,399,24198,24198,meta,,4096,17593,17600,False
ep8,400,24200,24200,forward,3661824,4096,7233,7240,True
ep8,401,24202,24202,meta,,4096,17601,17608,False
ep8,402,24204,24204,forward,3665920,4096,7241,7248,True
ep8,403,24205,24205,meta,,4096,17609,17616,False
ep8,404,24208,24208,forward,3670016,4096,7249,7256,True
ep8,405,24209,24209,meta,,4096,17617,17624,False
ep8,406,24212,24212,forward,3674112,4096,7257,7264,True
ep8,407,24213,24213,meta,,4096,17625,17632,False
ep8,408,24216,24216,forward,3678208,4096,7265,7272,True
ep8,409,24217,24217,meta,,4096,17633,17640,False
ep8,410,24220,24220,meta,,4096,17641,17648,False
ep8,411,24220,24220,forward,3682304,4096,7273,7280,True
ep8,412,24224,24224,meta,,4096,17649,17656,False
ep8,413,24224,24227,forward,3686400,8192,7281,7296,True
ep8,414,24228,24228,meta,,4096,17657,17664,False
ep8,415,24231,24231,meta,,4096,17665,17672,False
ep8,416,24231,24231,forward,3694592,4096,7297,7304,True
ep8,417,24235,24235,meta,,4096,17673,17680,False
ep8,418,24235,24235,forward,3698688,4096,7305,7312,True
ep8,419,24239,24239,meta,,4096,17681,17688,False
ep8,420,24239,24239,forward,3702784,4096,7313,7320,True
ep8,421,24242,24242,meta,,4096,17689,17696,False
ep8,422,24243,24243,forward,3706880,4096,7321,7328,True
ep8,423,24246,24246,meta,,4096,17697,17704,False
ep8,424,24249,24249,meta,,4096,17705,17712,False
ep8,425,24253,24253,meta,,4096,17713,17720,False
ep8,426,24257,24257,meta,,4096,17721,17728,False
ep8,427,24260,24260,forward,3710976,4096,7329,7336,True
ep8,428,24262,24262,meta,,4096,17729,17736,False
ep8,429,24264,24264,forward,3715072,4096,7337,7344,True
ep8,430,24265,24265,meta,,4096,17737,17744,False
ep8,431,24268,24268,forward,3719168,4096,7345,7352,True
ep8,432,24269,24269,meta,,4096,17745,17752,False
ep8,433,24272,24272,forward,3723264,4096,7353,7360,True
ep8,434,24273,24273,meta,,4096,17753,17760,False
ep8,435,24275,24275,forward,3727360,4096,7361,7368,True
ep8,436,24276,24276,meta,,4096,17761,17768,False
ep8,437,24279,24279,forward,3731456,4096,7369,7376,True
ep8,438,24280,24280,meta,,4096,17769,17776,False
ep8,439,24282,24282,forward,3735552,4096,7377,7384,True
ep8,440,24284,24284,meta,,4096,17777,17784,False
ep8,441,24286,24286,forward,3739648,4096,7385,7392,True
ep8,442,24288,24288,meta,,4096,17785,17792,False
ep8,443,24290,24290,forward,3743744,4096,7393,7400,True
ep8,444,24292,24292,meta,,4096,17793,17800,False
ep8,445,24293,24293,forward,3747840,4096,7401,7408,True
ep8,446,24296,24296,meta,,4096,17801,17808,False
ep8,447,24297,24297,forward,3751936,4096,7409,7416,True
ep8,448,24299,24299,meta,,4096,17809,17816,False
ep8,449,24301,24301,forward,3756032,4096,7417,7424,True
ep8,450,24303,24303,meta,,4096,17817,17824,False
ep8,451,24304,24304,forward,3760128,4096,7425,7432,True
ep8,452,24307,24307,meta,,4096,17825,17832,False
ep8,453,24308,24308,forward,3764224,4096,7433,7440,True
ep8,454,24311,24311,meta,,4096,17833,17840,False
ep8,455,24312,24312,forward,3768320,4096,7441,7448,True
ep8,456,24315,24315,meta,,4096,17841,17848,False
ep8,457,24316,24316,forward,3772416,4096,7449,7456,True
ep8,458,24319,24319,meta,,4096,17849,17856,False
ep8,459,24320,24320,forward,3776512,4096,7457,7464,True
ep8,460,24322,24322,meta,,4096,17857,17864,False
ep8,461,24324,24324,forward,3780608,4096,7465,7472,True
ep8,462,24326,24326,meta,,4096,17865,17872,False
ep8,463,24327,24327,forward,3784704,4096,7473,7480,True
ep8,464,24330,24330,meta,,4096,17873,17880,False
ep8,465,24331,24331,forward,3788800,4096,7481,7488,True
ep8,466,24333,24333,meta,,4096,17881,17888,False
ep8,467,24335,24335,forward,3792896,4096,7489,7496,True
ep8,468,24337,24337,meta,,4096,17889,17896,False
ep8,469,24339,24339,forward,3796992,4096,7497,7504,True
ep8,470,24341,24341,meta,,4096,17897,17904,False
ep8,471,24342,24342,forward,3801088,4096,7505,7512,True
ep8,472,24344,24344,meta,,4096,17905,17912,False
ep8,473,24346,24346,forward,3805184,4096,7513,7520,True
ep8,474,24348,24348,meta,,4096,17913,17920,False
ep8,475,24350,24350,forward,3809280,4096,7521,7528,True
ep8,476,24352,24352,meta,,4096,17921,17928,False
ep8,477,24353,24353,forward,3813376,4096,7529,7536,True
ep8,478,24356,24356,meta,,4096,17929,17936,False
ep8,479,24357,24357,forward,3817472,4096,7537,7544,True
ep8,480,24359,24359,meta,,4096,17937,17944,False
ep8,481,24361,24361,forward,3821568,4096,7545,7552,True
ep8,482,24363,24363,meta,,4096,17945,17952,False
ep8,483,24364,24364,forward,3825664,4096,7553,7560,True
ep8,484,24367,24367,meta,,4096,17953,17960,False
ep8,485,24368,24368,forward,3829760,4096,7561,7568,True
ep8,486,24370,24370,meta,,4096,17961,17968,False
ep8,487,24371,24371,forward,3833856,4096,7569,7576,True
ep8,488,24375,24375,meta,,4096,17969,17976,False
ep8,489,24375,24375,forward,3837952,4096,7577,7584,True
ep8,490,24379,24379,meta,,4096,17977,17984,False
ep8,491,24379,24379,forward,3842048,4096,7585,7592,True
ep8,492,24382,24382,meta,,4096,17985,17992,False
ep8,493,24382,24382,forward,3846144,4096,7593,7600,True
ep8,494,24386,24386,meta,,4096,17993,18000,False
ep8,495,24386,24386,forward,3850240,4096,7601,7608,True
ep8,496,24390,24390,meta,,4096,18001,18008,False
ep8,497,24390,24390,forward,3854336,4096,7609,7616,True
ep8,498,24394,24394,meta,,4096,18009,18016,False
ep8,499,24394,24394,forward,3858432,4096,7617,7624,True
ep8,500,24398,24398,meta,,4096,18017,18024,False
ep8,501,24398,24398,forward,3862528,4096,7625,7632,True
ep8,502,24402,24402,meta,,4096,18025,18032,False
ep8,503,24402,24402,forward,3866624,4096,7633,7640,True
ep8,504,24405,24405,meta,,4096,18033,18040,False
ep8,505,24405,24405,forward,3870720,4096,7641,7648,True
ep8,506,24409,24409,meta,,4096,18041,18048,False
ep8,507,24409,24409,forward,3874816,4096,7649,7656,True
ep8,508,24413,24413,meta,,4096,18049,18056,False
ep8,509,24413,24416,forward,3878912,8192,7657,7672,True
ep8,510,24417,24417,meta,,4096,18057,18064,False
ep8,511,24420,24420,forward,3887104,4096,7673,7680,True
ep8,512,24421,24421,meta,,4096,18065,18072,False
ep8,513,24424,24424,meta,,4096,18073,18080,False
ep8,514,24424,24424,forward,3891200,4096,7681,7688,True
ep8,515,24428,24428,meta,,4096,18081,18088,False
ep8,516,24428,24428,forward,3895296,4096,7689,7696,True
ep8,517,24432,24432,meta,,4096,18089,18096,False
ep8,518,24432,24432,forward,3899392,4096,7697,7704,True
ep8,519,24435,24435,meta,,4096,18097,18104,False
ep8,520,24436,24436,forward,3903488,4096,7705,7712,True
ep8,521,24439,24439,meta,,4096,18105,18112,False
ep8,522,24439,24439,forward,3907584,4096,7713,7720,True
ep8,523,24443,24443,meta,,4096,18113,18120,False
ep8,524,24443,24443,forward,3911680,4096,7721,7728,True
ep8,525,24447,24447,meta,,4096,18121,18128,False
ep8,526,24447,24447,forward,3915776,4096,7729,7736,True
ep8,527,24451,24451,meta,,4096,18129,18136,False
ep8,528,24451,24451,forward,3919872,4096,7737,7744,True
ep8,529,24454,24454,meta,,4096,18137,18144,False
ep8,530,24455,24455,forward,3923968,4096,7745,7752,True
ep8,531,24458,24458,meta,,4096,18145,18152,False
ep8,532,24458,24458,forward,3928064,4096,7753,7760,True
ep8,533,24462,24462,meta,,4096,18153,18160,False
ep8,534,24462,24462,forward,3932160,4096,7761,7768,True
ep8,535,24466,24466,meta,,4096,18161,18168,False
ep8,536,24466,24466,forward,3936256,4096,7769,7776,True
ep8,537,24469,24469,meta,,4096,18169,18176,False
ep8,538,24469,24469,forward,3940352,4096,7777,7784,True
ep8,539,24473,24473,meta,,4096,18177,18184,False
ep8,540,24473,24476,forward,3944448,8192,7785,7800,True
ep8,541,24477,24477,meta,,4096,18185,18192,False
ep8,542,24480,24480,meta,,4096,18193,18200,False
ep8,543,24480,24480,forward,3952640,4096,7801,7808,True
ep8,544,24484,24484,meta,,4096,18201,18208,False
ep8,545,24484,24487,forward,3956736,8192,7809,7824,True
ep8,546,24488,24488,meta,,4096,18209,18216,False
ep8,547,24491,24491,meta,,4096,18217,18224,False
ep8,548,24491,24491,forward,3964928,4096,7825,7832,True
ep8,549,24495,24495,meta,,4096,18225,18232,False
ep8,550,24495,24495,forward,3969024,4096,7833,7840,True
ep8,551,24499,24499,meta,,4096,18233,18240,False
ep8,552,24499,24499,forward,3973120,4096,7841,7848,True
ep8,553,24503,24503,meta,,4096,18241,18248,False
ep8,554,24503,24506,forward,3977216,8192,7849,7864,True
ep8,555,24507,24507,meta,,4096,18249,18256,False
ep8,556,24510,24510,meta,,4096,18257,18264,False
ep8,557,24510,24510,forward,3985408,4096,7865,7872,True
ep8,558,24514,24514,meta,,4096,18265,18272,False
ep8,559,24514,24514,forward,3989504,4096,7873,7880,True
ep8,560,24517,24517,meta,,4096,18273,18280,False
ep8,561,24518,24518,forward,3993600,4096,7881,7888,True
ep8,562,24521,24521,meta,,4096,18281,18288,False
ep8,563,24521,24521,forward,3997696,4096,7889,7896,True
ep8,564,24525,24525,meta,,4096,18289,18296,False
ep8,565,24525,24525,forward,4001792,4096,7897,7904,True
ep8,566,24528,24528,meta,,4096,18297,18304,False
ep8,567,24529,24529,forward,4005888,4096,7905,7912,True
ep8,568,24532,24532,meta,,4096,18305,18312,False
ep8,569,24532,24532,forward,4009984,4096,7913,7920,True
ep8,570,24536,24536,meta,,4096,18313,18320,False
ep8,571,24536,24536,forward,4014080,4096,7921,7928,True
ep8,572,24540,24540,meta,,4096,18321,18328,False
ep8,573,24540,24540,forward,4018176,4096,7929,7936,True
ep8,574,24543,24543,meta,,4096,18329,18336,False
ep8,575,24543,24543,forward,4022272,4096,7937,7944,True
ep8,576,24547,24547,meta,,4096,18337,18344,False
ep8,577,24547,24547,forward,4026368,4096,7945,7952,True
ep8,578,24551,24551,meta,,4096,18345,18352,False
ep8,579,24551,24551,forward,4030464,4096,7953,7960,True
ep8,580,24555,24555,meta,,4096,18353,18360,False
ep8,581,24555,24555,forward,4034560,4096,7961,7968,True
ep8,582,24558,24558,meta,,4096,18361,18368,False
ep8,583,24559,24559,forward,4038656,4096,7969,7976,True
ep8,584,24562,24562,meta,,4096,18369,18376,False
ep8,585,24562,24562,forward,4042752,4096,7977,7984,True
ep8,586,24566,24566,meta,,4096,18377,18384,False
ep8,587,24566,24569,forward,4046848,8192,7985,8000,True
ep8,588,24570,24570,meta,,4096,18385,18392,False
ep8,589,24573,24573,forward,4055040,4096,8001,8008,True
ep8,590,24574,24574,meta,,4096,18393,18400,False
ep8,591,24577,24577,forward,4059136,4096,8009,8016,True
ep8,592,24578,24578,meta,,4096,18401,18408,False
ep8,593,24580,24580,forward,4063232,4096,8017,8024,True
ep8,594,24582,24582,meta,,4096,18409,18416,False
ep8,595,24584,24584,forward,4067328,4096,8025,8032,True
ep8,596,24585,24585,meta,,4096,18417,18424,False
ep8,597,24588,24588,forward,4071424,4096,8033,8040,True
ep8,598,24589,24589,meta,,4096,18425,18432,False
ep8,599,24591,24591,forward,4075520,4096,8041,8048,True
ep8,600,24593,24593,meta,,4096,18433,18440,False
ep8,601,24595,24595,forward,4079616,4096,8049,8056,True
ep8,602,24597,24597,meta,,4096,18441,18448,False
ep8,603,24599,24599,forward,4083712,4096,8057,8064,True
ep8,604,24601,24601,meta,,4096,18449,18456,False
ep8,605,24603,24603,forward,4087808,4096,8065,8072,True
ep8,606,24604,24604,meta,,4096,18457,18464,False
ep8,607,24606,24606,forward,4091904,4096,8073,8080,True
ep8,608,24608,24608,meta,,4096,18465,18472,False
ep8,609,24610,24610,forward,4096000,4096,8081,8088,True
ep8,610,24612,24612,meta,,4096,18473,18480,False
ep8,611,24614,24614,forward,4100096,4096,8089,8096,True
ep8,612,24617,24617,meta,,4096,18481,18488,False
ep8,613,24618,24618,forward,4104192,4096,8097,8104,True
ep8,614,24621,24621,meta,,4096,18489,18496,False
ep8,615,24621,24621,forward,4108288,4096,8105,8112,True
ep8,616,24625,24625,meta,,4096,18497,18504,False
ep8,617,24625,24625,forward,4112384,4096,8113,8120,True
ep8,618,24629,24629,meta,,4096,18505,18512,False
ep8,619,24629,24998,forward,4116480,405504,8121,8912,True
ep8,620,24999,24999,forward,5545984,4096,10913,10920,True
ep8,621,25002,25002,forward,4521984,4096,8913,8920,True
ep8,622,25003,25003,forward,5550080,4096,10921,10928,True
ep8,623,25006,25006,forward,4526080,4096,8921,8928,True
ep8,624,25007,25007,forward,5554176,4096,10929,10936,True
ep8,625,25009,25009,forward,4530176,4096,8929,8936,True
ep8,626,25011,25011,forward,5558272,4096,10937,10944,True
ep8,627,25013,25013,forward,4534272,4096,8937,8944,True
ep8,628,25015,25015,forward,5562368,4096,10945,10952,True
ep8,629,25017,25017,forward,4538368,4096,8945,8952,True
ep8,630,25019,25019,forward,5566464,4096,10953,10960,True
ep8,631,25020,25020,forward,4542464,4096,8953,8960,True
ep8,632,25022,25022,forward,5570560,4096,10961,10968,True
ep8,633,25024,25024,forward,4546560,4096,8961,8968,True
ep8,634,25026,25026,forward,5574656,4096,10969,10976,True
ep8,635,25028,25028,forward,4550656,4096,8969,8976,True
ep8,636,25030,25030,forward,5578752,4096,10977,10984,True
ep8,637,25031,25031,forward,4554752,4096,8977,8984,True
ep8,638,25034,25034,forward,5582848,4096,10985,10992,True
ep8,639,25035,25035,forward,4558848,4096,8985,8992,True
ep8,640,25038,25038,forward,5586944,4096,10993,11000,True
ep8,641,25039,25039,forward,4562944,4096,8993,9000,True
ep8,642,25042,25042,forward,5591040,4096,11001,11008,True
ep8,643,25042,25042,forward,4567040,4096,9001,9008,True
ep8,644,25046,25046,forward,5595136,4096,11009,11016,True
ep8,645,25046,25046,forward,4571136,4096,9009,9016,True
ep8,646,25050,25065,forward,5599232,20480,11017,11056,True
ep8,647,25065,25065,forward,4575232,4096,9017,9024,True
ep8,648,25069,25069,forward,5619712,4096,11057,11064,True
ep8,649,25069,25069,forward,4579328,4096,9025,9032,True
ep8,650,25073,25073,forward,5623808,4096,11065,11072,True
ep8,651,25073,25073,forward,4583424,4096,9033,9040,True
ep8,652,25077,25369,forward,5627904,311296,11073,11680,True
ep9,0,29693,29693,meta,,4096,0,7,False
ep9,1,29712,29712,meta,,4096,0,7,False
ep9,2,29717,29717,meta,,4096,32,39,False
ep9,3,29721,29721,meta,,4096,40,47,False
ep9,4,29725,29725,meta,,4096,48,55,False
ep9,5,29729,29729,meta,,4096,56,63,False
ep9,6,29733,29733,meta,,4096,64,71,False
ep9,7,29738,29738,meta,,4096,8,15,False
ep9,8,29743,29743,meta,,4096,24,31,False
ep9,9,29747,29747,forward,19968,4096,120,127,True
ep9,10,29813,29813,meta,,4096,16,23,False
ep9,11,29817,29817,forward,24064,4096,128,135,True
ep9,12,29821,29821,forward,220672,4096,512,519,True
ep9,13,29832,29832,forward,2055680,4096,4096,4103,True
ep9,14,29845,29845,meta,,4096,0,7,False
ep9,15,29919,29919,meta,,512,0,0,False
ep9,16,29921,29921,meta,,4096,1,8,False
ep9,17,29926,29926,meta,,4096,9,16,False
ep9,18,29930,29930,meta,,4096,33,40,False
ep9,19,29934,29934,meta,,4096,41,48,False
ep9,20,29938,29938,meta,,4096,49,56,False
ep9,21,29942,29942,meta,,4096,57,64,False
ep9,22,29977,29977,meta,,512,1,1,False
ep9,23,29978,29978,meta,,512,2,2,False
ep9,24,29980,29980,meta,,2560,3,7,False
ep9,25,29983,29983,meta,,4096,32,39,False
ep9,26,29987,29987,meta,,4096,40,47,False
ep9,27,29991,29991,meta,,4096,48,55,False
ep9,28,29994,29994,meta,,4096,56,63,False
ep9,29,29998,29998,meta,,4096,64,71,False
ep9,30,30004,30004,meta,,4096,8,15,False
ep9,31,30011,30011,meta,,4096,24,31,False
ep9,32,30015,30015,forward,19968,4096,120,127,True
ep9,33,30020,30020,meta,,4096,16,23,False
ep9,34,30025,30025,forward,24064,4096,128,135,True
ep9,35,30030,30030,forward,220672,4096,512,519,True
ep9,36,30034,30034,forward,2055680,4096,4096,4103,True
ep9,37,30262,30262,meta,,4096,65,72,False
ep9,38,30271,30271,meta,,4096,73,80,False
ep9,39,30293,30293,meta,,4096,17489,17496,False
ep9,40,30357,30357,meta,,4096,17497,17504,False
ep9,41,30360,30360,meta,,4096,17505,17512,False
ep9,42,30364,30364,meta,,4096,17513,17520,False
ep9,43,30368,30368,meta,,4096,17521,17528,False
ep9,44,30371,30371,meta,,4096,17529,17536,False
ep9,45,30375,30375,meta,,4096,17537,17544,False
ep9,46,30378,30378,meta,,4096,17545,17552,False
ep9,47,30382,30382,meta,,4096,17553,17560,False
ep9,48,30386,30386,meta,,4096,17561,17568,False
ep9,49,30389,30389,meta,,4096,17569,17576,False
ep9,50,30393,30393,meta,,4096,17577,17584,False
ep9,51,30484,30484,meta,,4096,17745,17752,False
ep9,52,30488,30488,meta,,4096,17753,17760,False
ep9,53,30491,30491,meta,,4096,17761,17768,False
ep9,54,30495,30495,meta,,4096,17769,17776,False
ep9,55,30499,30499,meta,,4096,17777,17784,False
ep9,56,30502,30502,meta,,4096,17785,17792,False
ep9,57,30506,30506,meta,,4096,17793,17800,False
ep9,58,30509,30509,meta,,4096,17801,17808,False
ep9,59,30513,30513,meta,,4096,17809,17816,False
ep9,60,30517,30517,meta,,4096,17817,17824,False
ep9,61,30521,30521,meta,,4096,17825,17832,False
ep9,62,30524,30524,meta,,4096,17833,17840,False
ep9,63,30528,30528,meta,,4096,17841,17848,False
ep9,64,30531,30531,meta,,4096,17849,17856,False
ep9,65,30535,30535,meta,,4096,17857,17864,False
ep9,66,30539,30539,meta,,4096,17865,17872,False
ep9,67,30542,30542,meta,,4096,17873,17880,False
ep9,68,30546,30546,meta,,4096,17881,17888,False
ep9,69,30550,30550,meta,,4096,17889,17896,False
ep9,70,30553,30553,meta,,4096,17897,17904,False
ep9,71,30557,30557,meta,,4096,17905,17912,False
ep9,72,30560,30560,meta,,4096,17913,17920,False
ep9,73,30564,30564,meta,,4096,17921,17928,False
ep9,74,30568,30568,meta,,4096,17929,17936,False
ep9,75,30571,30571,meta,,4096,17937,17944,False
ep9,76,30575,30575,meta,,4096,17945,17952,False
ep9,77,30579,30579,meta,,4096,17953,17960,False
ep9,78,30582,30582,meta,,4096,17961,17968,False
ep9,79,30587,30587,meta,,4096,17969,17976,False
ep9,80,30590,30590,meta,,4096,17977,17984,False
ep9,81,30594,30594,meta,,4096,17985,17992,False
ep9,82,30598,30598,meta,,4096,17993,18000,False
ep9,83,30602,30602,meta,,4096,18001,18008,False
ep9,84,30606,30606,meta,,4096,18009,18016,False
ep9,85,30610,30610,meta,,4096,18017,18024,False
ep9,86,30614,30614,meta,,4096,18025,18032,False
ep9,87,30617,30617,meta,,4096,18033,18040,False
ep9,88,30621,30621,meta,,4096,18041,18048,False
ep9,89,30624,30624,meta,,4096,18049,18056,False
ep9,90,30628,30628,meta,,4096,18057,18064,False
ep9,91,30632,30632,meta,,4096,18065,18072,False
ep9,92,30635,30635,meta,,4096,18073,18080,False
ep9,93,30639,30639,meta,,4096,18081,18088,False
ep9,94,30643,30643,meta,,4096,18089,18096,False
ep9,95,30646,30646,meta,,4096,18097,18104,False
ep9,96,30650,30650,meta,,4096,18105,18112,False
ep9,97,30654,30654,meta,,4096,18113,18120,False
ep9,98,30658,30658,meta,,4096,18121,18128,False
ep9,99,30661,30661,meta,,4096,18129,18136,False
ep9,100,30665,30665,meta,,4096,18137,18144,False
ep9,101,30669,30669,meta,,4096,18145,18152,False
ep9,102,30672,30672,meta,,4096,18153,18160,False
ep9,103,30676,30676,meta,,4096,18161,18168,False
ep9,104,30680,30680,meta,,4096,18169,18176,False
ep9,105,30684,30684,meta,,4096,18177,18184,False
ep9,106,30687,30687,meta,,4096,18185,18192,False
ep9,107,30691,30691,meta,,4096,18193,18200,False
ep9,108,30695,30695,meta,,4096,18201,18208,False
ep9,109,30699,30699,meta,,4096,18209,18216,False
ep9,110,30703,30703,meta,,4096,18217,18224,False
ep9,111,30706,30706,meta,,4096,18225,18232,False
ep9,112,30710,30710,meta,,4096,18233,18240,False
ep9,113,30714,30714,meta,,4096,18241,18248,False
ep9,114,30718,30718,meta,,4096,18249,18256,False
ep9,115,30722,30722,meta,,4096,18257,18264,False
ep9,116,30725,30725,meta,,4096,18265,18272,False
ep9,117,30729,30729,meta,,4096,18273,18280,False
ep9,118,30733,30733,meta,,4096,18281,18288,False
ep9,119,30736,30736,meta,,4096,18289,18296,False
ep9,120,30740,30740,meta,,4096,18297,18304,False
ep9,121,30744,30744,meta,,4096,18305,18312,False
ep9,122,30747,30747,meta,,4096,18313,18320,False
ep9,123,30751,30751,meta,,4096,18321,18328,False
ep9,124,30755,30755,meta,,4096,18329,18336,False
ep9,125,30758,30758,meta,,4096,18337,18344,False
ep9,126,30762,30762,meta,,4096,18345,18352,False
ep9,127,30765,30765,meta,,4096,18353,18360,False
ep9,128,30769,30769,meta,,4096,18361,18368,False
ep9,129,30773,30773,meta,,4096,18369,18376,False
ep9,130,30777,30777,meta,,4096,18377,18384,False
ep9,131,30780,30780,meta,,4096,18385,18392,False
ep9,132,30784,30784,meta,,4096,18393,18400,False
ep9,133,30788,30788,meta,,4096,18401,18408,False
ep9,134,30791,30791,meta,,4096,18409,18416,False
ep9,135,30795,30795,meta,,4096,18417,18424,False
ep9,136,30799,30799,meta,,4096,18425,18432,False
ep9,137,30802,30802,meta,,4096,18433,18440,False
ep9,138,30806,30806,meta,,4096,18441,18448,False
ep9,139,30809,30809,meta,,4096,18449,18456,False
ep9,140,30813,30813,meta,,4096,18457,18464,False
ep9,141,30817,30817,meta,,4096,18465,18472,False
ep9,142,30820,30820,meta,,4096,18473,18480,False
ep9,143,30824,30824,meta,,4096,18481,18488,False
ep9,144,30828,30828,meta,,4096,18489,18496,False
ep9,145,30832,30832,meta,,4096,18497,18504,False
ep9,146,30835,30835,meta,,4096,18505,18512,False
ep10,0,31128,31128,meta,,4096,17137,17144,False
ep10,1,31145,31145,meta,,4096,17145,17152,False
ep10,2,31149,31149,meta,,4096,17153,17160,False
ep10,3,31153,31153,meta,,4096,17161,17168,False
ep10,4,31157,31157,meta,,4096,17169,17176,False
ep10,5,31160,31160,meta,,4096,17177,17184,False
ep10,6,31164,31164,meta,,4096,17185,17192,False
ep10,7,31189,31189,meta,,4096,17193,17200,False
ep10,8,31193,31193,meta,,4096,17201,17208,False
ep10,9,31197,31197,meta,,4096,17209,17216,False
ep10,10,31201,31201,meta,,4096,17217,17224,False
ep10,11,31204,31204,meta,,4096,17225,17232,False
ep10,12,31208,31208,meta,,4096,17233,17240,False
ep10,13,31212,31212,meta,,4096,17241,17248,False
ep10,14,31216,31216,meta,,4096,17249,17256,False
ep10,15,31219,31219,meta,,4096,17257,17264,False
ep10,16,31223,31223,meta,,4096,17265,17272,False
ep10,17,31226,31226,meta,,4096,17273,17280,False
ep10,18,31230,31230,meta,,4096,17281,17288,False
ep10,19,31234,31234,meta,,4096,17289,17296,False
ep10,20,31237,31237,meta,,4096,17297,17304,False
ep10,21,31241,31241,meta,,4096,17305,17312,False
ep10,22,31244,31244,meta,,4096,17313,17320,False
ep10,23,31248,31248,meta,,4096,17321,17328,False
ep10,24,31252,31252,meta,,4096,17329,17336,False
ep10,25,31256,31256,meta,,4096,17337,17344,False
ep10,26,31260,31260,meta,,4096,17345,17352,False
ep10,27,31264,31264,meta,,4096,17353,17360,False
ep10,28,31268,31268,meta,,4096,17361,17368,False
ep10,29,31271,31271,meta,,4096,17369,17376,False
ep10,30,31275,31275,meta,,4096,17377,17384,False
ep10,31,31279,31279,meta,,4096,17385,17392,False
ep10,32,31283,31283,meta,,4096,17393,17400,False
ep10,33,31286,31286,meta,,4096,17401,17408,False
ep10,34,31290,31290,meta,,4096,17409,17416,False
ep10,35,31293,31293,meta,,4096,17417,17424,False
ep10,36,31297,31297,meta,,4096,17425,17432,False
ep10,37,31301,31301,meta,,4096,17433,17440,False
ep10,38,31304,31304,meta,,4096,17441,17448,False
ep10,39,31308,31308,meta,,4096,17449,17456,False
ep10,40,31312,31312,meta,,4096,17457,17464,False
ep10,41,31315,31315,meta,,4096,17465,17472,False
ep10,42,31319,31319,meta,,4096,17473,17480,False
ep11,0,34094,34094,meta,,4096,0,7,False
ep11,1,34117,34117,meta,,4096,0,7,False
ep11,2,34122,34122,meta,,4096,32,39,False
ep11,3,34125,34125,meta,,4096,40,47,False
ep11,4,34129,34129,meta,,4096,48,55,False
ep11,5,34133,34133,meta,,4096,56,63,False
ep11,6,34137,34137,meta,,4096,64,71,False
ep11,7,34142,34142,meta,,4096,8,15,False
ep11,8,34147,34147,meta,,4096,24,31,False
ep11,9,34152,34152,forward,19968,4096,120,127,True
ep11,10,34183,34183,meta,,4096,16,23,False
ep11,11,34187,34187,forward,24064,4096,128,135,True
ep11,12,34191,34191,forward,220672,4096,512,519,True
ep11,13,34196,34196,forward,2055680,4096,4096,4103,True
ep11,14,34215,34215,meta,,4096,0,7,False
ep11,15,34309,34309,meta,,512,0,0,False
ep11,16,34310,34310,meta,,4096,1,8,False
ep11,17,34316,34316,meta,,4096,9,16,False
ep11,18,34320,34320,meta,,4096,33,40,False
ep11,19,34324,34324,meta,,4096,41,48,False
ep11,20,34328,34328,meta,,4096,49,56,False
ep11,21,34332,34332,meta,,4096,57,64,False
ep11,22,34373,34373,meta,,512,1,1,False
ep11,23,34374,34374,meta,,512,2,2,False
ep11,24,34375,34375,meta,,2560,3,7,False
ep11,25,34379,34379,meta,,4096,32,39,False
ep11,26,34383,34383,meta,,4096,40,47,False
ep11,27,34386,34386,meta,,4096,48,55,False
ep11,28,34390,34390,meta,,4096,56,63,False
ep11,29,34394,34394,meta,,4096,64,71,False
ep11,30,34399,34399,meta,,4096,8,15,False
ep11,31,34405,34405,meta,,4096,24,31,False
ep11,32,34409,34409,forward,19968,4096,120,127,True
ep11,33,34414,34414,meta,,4096,16,23,False
ep11,34,34418,34418,forward,24064,4096,128,135,True
ep11,35,34423,34423,forward,220672,4096,512,519,True
ep11,36,34485,34485,forward,2055680,4096,4096,4103,True
ep11,37,34525,34525,meta,,4096,65,72,False
ep11,38,34538,34538,meta,,4096,73,80,False
ep11,39,34566,34566,meta,,4096,16465,16472,False
ep11,40,34630,34630,meta,,4096,16473,16480,False
ep11,41,34634,34634,meta,,4096,16481,16488,False
ep11,42,34637,34637,meta,,4096,16489,16496,False
ep11,43,34641,34641,meta,,4096,16497,16504,False
ep11,44,34644,34644,meta,,4096,16505,16512,False
ep11,45,34648,34648,meta,,4096,16513,16520,False
ep11,46,34652,34652,meta,,4096,16521,16528,False
ep11,47,34655,34655,meta,,4096,16529,16536,False
ep11,48,34659,34659,meta,,4096,16537,16544,False
ep11,49,34663,34663,meta,,4096,16545,16552,False
ep11,50,34666,34666,meta,,4096,16553,16560,False
ep11,51,34670,34670,meta,,4096,16561,16568,False
ep11,52,34673,34673,meta,,4096,16569,16576,False
ep11,53,34677,34677,meta,,4096,16577,16584,False
ep11,54,34681,34681,meta,,4096,16585,16592,False
ep11,55,34685,34685,meta,,4096,16593,16600,False
ep11,56,34689,34689,meta,,4096,16601,16608,False
ep11,57,34693,34693,meta,,4096,16609,16616,False
ep11,58,34696,34696,meta,,4096,16617,16624,False
ep11,59,34700,34700,meta,,4096,16625,16632,False
ep11,60,34704,34704,meta,,4096,16633,16640,False
ep11,61,34708,34708,meta,,4096,16641,16648,False
ep11,62,34712,34712,meta,,4096,16649,16656,False
ep11,63,34715,34715,meta,,4096,16657,16664,False
ep11,64,34719,34719,meta,,4096,16665,16672,False
ep11,65,34723,34723,meta,,4096,16673,16680,False
ep11,66,34726,34726,meta,,4096,16681,16688,False
ep11,67,34730,34730,meta,,4096,16689,16696,False
ep11,68,34733,34733,meta,,4096,16697,16704,False
ep11,69,34741,34741,meta,,4096,16705,16712,False
ep11,70,34745,34745,meta,,4096,16713,16720,False
ep11,71,34749,34749,meta,,4096,16721,16728,False
ep11,72,34752,34752,meta,,4096,16729,16736,False
ep11,73,34756,34756,meta,,4096,16737,16744,False
ep11,74,34759,34759,meta,,4096,16745,16752,False
ep11,75,34763,34763,meta,,4096,16753,16760,False
ep11,76,34767,34767,meta,,4096,16761,16768,False
ep11,77,34770,34770,meta,,4096,16769,16776,False
ep11,78,34774,34774,meta,,4096,16777,16784,False
ep11,79,34778,34778,meta,,4096,16785,16792,False
ep11,80,34782,34782,meta,,4096,16793,16800,False
ep11,81,34785,34785,meta,,4096,16801,16808,False
ep11,82,34789,34789,meta,,4096,16809,16816,False
ep11,83,34794,34794,meta,,4096,16817,16824,False
ep11,84,34798,34798,meta,,4096,16825,16832,False
ep11,85,34801,34801,meta,,4096,16833,16840,False
ep11,86,34805,34805,meta,,4096,16841,16848,False
ep11,87,34809,34809,meta,,4096,16849,16856,False
ep11,88,34813,34813,meta,,4096,16857,16864,False
ep11,89,34817,34817,meta,,4096,16865,16872,False
ep11,90,34820,34820,meta,,4096,16873,16880,False
ep11,91,34824,34824,meta,,4096,16881,16888,False
ep11,92,34828,34828,meta,,4096,16889,16896,False
ep11,93,34832,34832,meta,,4096,16897,16904,False
ep11,94,34835,34835,meta,,4096,16905,16912,False
ep11,95,34839,34839,meta,,4096,16913,16920,False
ep11,96,34842,34842,meta,,4096,16921,16928,False
ep11,97,34846,34846,meta,,4096,16929,16936,False
ep11,98,34850,34850,meta,,4096,16937,16944,False
ep11,99,34854,34854,meta,,4096,16945,16952,False
ep11,100,34857,34857,meta,,4096,16953,16960,False
ep11,101,34861,34861,meta,,4096,16961,16968,False
ep11,102,34865,34865,meta,,4096,16969,16976,False
ep11,103,34869,34869,meta,,4096,16977,16984,False
ep11,104,34872,34872,meta,,4096,16985,16992,False
ep11,105,34876,34876,meta,,4096,16993,17000,False
ep11,106,34880,34880,meta,,4096,17001,17008,False
ep11,107,34883,34883,meta,,4096,17009,17016,False
ep11,108,34887,34887,meta,,4096,17017,17024,False
ep11,109,34891,34891,meta,,4096,17025,17032,False
ep11,110,34895,34895,meta,,4096,17033,17040,False
ep11,111,34898,34898,meta,,4096,17041,17048,False
ep11,112,34902,34902,meta,,4096,17049,17056,False
ep11,113,34905,34905,meta,,4096,17057,17064,False
ep11,114,34909,34909,meta,,4096,17065,17072,False
ep11,115,34913,34913,meta,,4096,17073,17080,False
ep11,116,34916,34916,meta,,4096,17081,17088,False
ep11,117,34920,34920,meta,,4096,17089,17096,False
ep11,118,34924,34924,meta,,4096,17097,17104,False
ep11,119,34927,34927,meta,,4096,17105,17112,False
ep11,120,34931,34931,meta,,4096,17113,17120,False
ep11,121,34934,34934,meta,,4096,17121,17128,False
ep11,122,34938,34938,meta,,4096,17129,17136,False
ep11,123,34942,34942,meta,,4096,17137,17144,False
ep11,124,34945,34945,meta,,4096,17145,17152,False
ep11,125,34949,34949,meta,,4096,17153,17160,False
ep11,126,34952,34952,meta,,4096,17161,17168,False
ep11,127,34956,34956,meta,,4096,17169,17176,False
ep11,128,34960,34960,meta,,4096,17177,17184,False
ep11,129,34963,34963,meta,,4096,17185,17192,False
ep11,130,34967,34967,meta,,4096,17193,17200,False
ep11,131,34971,34971,meta,,4096,17201,17208,False
ep11,132,34974,34974,meta,,4096,17209,17216,False
ep11,133,34978,34978,meta,,4096,17217,17224,False
ep11,134,34982,34982,meta,,4096,17225,17232,False
ep11,135,34986,34986,meta,,4096,17233,17240,False
ep11,136,34990,34990,meta,,4096,17241,17248,False
ep11,137,34994,34994,meta,,4096,17249,17256,False
ep11,138,34997,34997,meta,,4096,17257,17264,False
ep11,139,35001,35001,meta,,4096,17265,17272,False
ep11,140,35004,35004,meta,,4096,0,7,False
ep11,141,35005,35005,meta,,4096,17273,17280,False
ep11,142,35008,35008,meta,,4096,17281,17288,False
ep11,143,35012,35012,meta,,4096,17289,17296,False
ep11,144,35016,35016,meta,,4096,17297,17304,False
ep11,145,35019,35019,meta,,4096,17305,17312,False
ep11,146,35023,35023,meta,,4096,17313,17320,False
ep11,147,35023,35023,meta,,4096,0,7,False
ep11,148,35027,35027,meta,,4096,17321,17328,False
ep11,149,35028,35028,meta,,4096,32,39,False
ep11,150,35030,35030,meta,,4096,17329,17336,False
ep11,151,35031,35031,meta,,4096,40,47,False
ep11,152,35034,35034,meta,,4096,17337,17344,False
ep11,153,35035,35035,meta,,4096,48,55,False
ep11,154,35038,35038,meta,,4096,17345,17352,False
ep11,155,35039,35039,meta,,4096,56,63,False
ep11,156,35041,35041,meta,,4096,17353,17360,False
ep11,157,35043,35043,meta,,4096,64,71,False
ep11,158,35045,35045,meta,,4096,17361,17368,False
ep11,159,35048,35048,meta,,4096,17369,17376,False
ep11,160,35049,35049,meta,,4096,8,15,False
ep11,161,35052,35052,meta,,4096,17377,17384,False
ep11,162,35054,35054,meta,,4096,24,31,False
ep11,163,35056,35056,meta,,4096,17385,17392,False
ep11,164,35058,35058,forward,19968,4096,120,127,True
ep11,165,35059,35059,meta,,4096,17393,17400,False
ep11,166,35063,35063,meta,,4096,17401,17408,False
ep11,167,35066,35066,meta,,4096,17409,17416,False
ep11,168,35070,35070,meta,,4096,17417,17424,False
ep11,169,35074,35074,meta,,4096,17425,17432,False
ep11,170,35077,35077,meta,,4096,17433,17440,False
ep11,171,35079,35079,meta,,4096,16,23,False
ep11,172,35081,35081,meta,,4096,17441,17448,False
ep11,173,35084,35084,forward,24064,4096,128,135,True
ep11,174,35085,35085,meta,,4096,17449,17456,False
ep11,175,35088,35088,forward,220672,4096,512,519,True
ep11,176,35089,35089,meta,,4096,17457,17464,False
ep11,177,35092,35092,forward,2055680,4096,4096,4103,True
ep11,178,35093,35093,meta,,4096,17465,17472,False
ep11,179,35096,35096,meta,,4096,17473,17480,False
ep11,180,35100,35100,meta,,4096,17481,17488,False
ep11,181,35107,35107,meta,,4096,0,7,False
ep11,182,35214,35214,meta,,512,0,0,False
ep11,183,35216,35216,meta,,4096,1,8,False
ep11,184,35221,35221,meta,,4096,9,16,False
ep11,185,35225,35225,meta,,4096,33,40,False
ep11,186,35229,35229,meta,,4096,41,48,False
ep11,187,35233,35233,meta,,4096,49,56,False
ep11,188,35237,35237,meta,,4096,57,64,False
ep11,189,35285,35285,meta,,512,1,1,False
ep11,190,35286,35286,meta,,512,2,2,False
ep11,191,35288,35288,meta,,2560,3,7,False
ep11,192,35291,35291,meta,,4096,32,39,False
ep11,193,35295,35295,meta,,4096,40,47,False
ep11,194,35299,35299,meta,,4096,48,55,False
ep11,195,35302,35302,meta,,4096,56,63,False
ep11,196,35307,35307,meta,,4096,64,71,False
ep11,197,35313,35313,meta,,4096,8,15,False
ep11,198,35325,35325,meta,,4096,24,31,False
ep11,199,35332,35332,forward,19968,4096,120,127,True
ep11,200,35341,35341,meta,,4096,16,23,False
ep11,201,35345,35345,forward,24064,4096,128,135,True
ep11,202,35350,35350,forward,220672,4096,512,519,True
ep11,203,35356,35356,forward,2055680,4096,4096,4103,True
ep11,204,35563,35563,meta,,4096,65,72,False
ep11,205,35580,35580,meta,,4096,73,80,False
ep11,206,35612,35612,meta,,4096,17489,17496,False
ep11,207,35630,35630,meta,,4096,17497,17504,False
ep11,208,35635,35635,meta,,4096,17505,17512,False
ep11,209,35640,35640,meta,,4096,17513,17520,False
ep11,210,35645,35645,meta,,4096,17521,17528,False
ep11,211,35650,35650,meta,,4096,17529,17536,False
ep11,212,35655,35655,meta,,4096,17537,17544,False
ep11,213,35660,35660,meta,,4096,17545,17552,False
ep11,214,35665,35665,meta,,4096,17553,17560,False
ep11,215,35670,35670,meta,,4096,17561,17568,False
ep11,216,35675,35675,meta,,4096,17569,17576,False
ep11,217,35680,35680,meta,,4096,17577,17584,False
ep11,218,35685,35685,meta,,4096,17585,17592,False
ep11,219,35690,35690,meta,,4096,17593,17600,False
ep11,220,35695,35695,meta,,4096,17601,17608,False
ep11,221,35701,35701,meta,,4096,17609,17616,False
ep11,222,35719,35719,meta,,4096,17617,17624,False
ep11,223,35724,35724,meta,,4096,17625,17632,False
ep11,224,35729,35729,meta,,4096,17633,17640,False
ep11,225,35734,35734,meta,,4096,17641,17648,False
ep11,226,35739,35739,meta,,4096,17649,17656,False
ep11,227,35744,35744,meta,,4096,17657,17664,False
ep11,228,35749,35749,meta,,4096,17665,17672,False
ep11,229,35754,35754,meta,,4096,17673,17680,False
ep11,230,35758,35758,meta,,4096,17681,17688,False
ep11,231,35763,35763,meta,,4096,17689,17696,False
ep11,232,35768,35768,meta,,4096,17697,17704,False
ep11,233,35773,35773,meta,,4096,17705,17712,False
ep11,234,35778,35778,meta,,4096,17713,17720,False
ep11,235,35782,35782,meta,,4096,17721,17728,False
ep11,236,35787,35787,meta,,4096,17729,17736,False
ep11,237,35792,35792,meta,,4096,17737,17744,False
ep11,238,35797,35797,meta,,4096,17745,17752,False
ep11,239,35802,35802,meta,,4096,17753,17760,False
ep11,240,35807,35807,meta,,4096,17761,17768,False
ep11,241,35812,35812,meta,,4096,17769,17776,False
ep11,242,35816,35816,meta,,4096,17777,17784,False
ep11,243,35821,35821,meta,,4096,17785,17792,False
ep11,244,35826,35826,meta,,4096,17793,17800,False
ep11,245,35831,35831,meta,,4096,17801,17808,False
ep11,246,35836,35836,meta,,4096,17809,17816,False
ep11,247,35841,35841,meta,,4096,17817,17824,False
ep11,248,35846,35846,meta,,4096,17825,17832,False
ep11,249,35851,35851,meta,,4096,17833,17840,False
ep11,250,35856,35856,meta,,4096,17841,17848,False
ep11,251,35861,35861,meta,,4096,17849,17856,False
ep11,252,35866,35866,meta,,4096,17857,17864,False
ep11,253,35871,35871,meta,,4096,17865,17872,False
ep11,254,35876,35876,meta,,4096,17873,17880,False
ep11,255,35880,35880,meta,,4096,17881,17888,False
ep11,256,35885,35885,meta,,4096,17889,17896,False
ep11,257,35890,35890,meta,,4096,17897,17904,False
ep11,258,35895,35895,meta,,4096,17905,17912,False
ep11,259,35900,35900,meta,,4096,17913,17920,False
ep11,260,35904,35904,meta,,4096,17921,17928,False
ep11,261,35909,35909,meta,,4096,17929,17936,False
ep11,262,35914,35914,meta,,4096,17937,17944,False
ep11,263,35919,35919,meta,,4096,17945,17952,False
ep11,264,35924,35924,meta,,4096,17953,17960,False
ep11,265,35929,35929,meta,,4096,17961,17968,False
ep11,266,35934,35934,meta,,4096,17969,17976,False
ep11,267,35939,35939,meta,,4096,17977,17984,False
ep11,268,35943,35943,meta,,4096,17985,17992,False
ep11,269,35948,35948,meta,,4096,17993,18000,False
ep11,270,35953,35953,meta,,4096,18001,18008,False
ep11,271,35958,35958,meta,,4096,18009,18016,False
ep11,272,35963,35963,meta,,4096,18017,18024,False
ep11,273,35968,35968,meta,,4096,18025,18032,False
ep11,274,35973,35973,meta,,4096,18033,18040,False
ep11,275,35977,35977,meta,,4096,18041,18048,False
ep11,276,35982,35982,meta,,4096,18049,18056,False
ep11,277,35987,35987,meta,,4096,18057,18064,False
ep11,278,35992,35992,meta,,4096,18065,18072,False
ep11,279,35996,35996,meta,,4096,18073,18080,False
ep11,280,36001,36001,meta,,4096,18081,18088,False
ep11,281,36006,36006,meta,,4096,18089,18096,False
ep11,282,36011,36011,meta,,4096,18097,18104,False
ep11,283,36016,36016,meta,,4096,18105,18112,False
ep11,284,36020,36020,meta,,4096,18113,18120,False
ep11,285,36025,36025,meta,,4096,18121,18128,False
ep11,286,36030,36030,meta,,4096,18129,18136,False
ep11,287,36036,36036,meta,,4096,18137,18144,False
ep11,288,36041,36041,meta,,4096,18145,18152,False
ep11,289,36046,36046,meta,,4096,18153,18160,False
ep11,290,36051,36051,meta,,4096,18161,18168,False
ep11,291,36056,36056,meta,,4096,18169,18176,False
ep11,292,36061,36061,meta,,4096,18177,18184,False
ep11,293,36066,36066,meta,,4096,18185,18192,False
ep11,294,36070,36070,meta,,4096,18193,18200,False
ep11,295,36075,36075,meta,,4096,18201,18208,False
ep11,296,36081,36081,meta,,4096,18209,18216,False
ep11,297,36086,36086,meta,,4096,18217,18224,False
ep11,298,36091,36091,meta,,4096,18225,18232,False
ep11,299,36097,36097,meta,,4096,18233,18240,False
ep11,300,36102,36102,meta,,4096,18241,18248,False
ep11,301,36107,36107,meta,,4096,18249,18256,False
ep11,302,36112,36112,meta,,4096,18257,18264,False
ep11,303,36117,36117,meta,,4096,18265,18272,False
ep11,304,36122,36122,meta,,4096,18273,18280,False
ep11,305,36127,36127,meta,,4096,18281,18288,False
ep11,306,36132,36132,meta,,4096,18289,18296,False
ep11,307,36136,36136,meta,,4096,18297,18304,False
ep11,308,36141,36141,meta,,4096,18305,18312,False
ep11,309,36146,36146,meta,,4096,18313,18320,False
ep11,310,36151,36151,meta,,4096,18321,18328,False
ep11,311,36156,36156,meta,,4096,18329,18336,False
ep11,312,36160,36160,meta,,4096,18337,18344,False
ep11,313,36165,36165,meta,,4096,18345,18352,False
ep11,314,36170,36170,meta,,4096,18353,18360,False
ep11,315,36175,36175,meta,,4096,18361,18368,False
ep11,316,36180,36180,meta,,4096,18369,18376,False
ep11,317,36184,36184,meta,,4096,18377,18384,False
ep11,318,36189,36189,meta,,4096,18385,18392,False
ep11,319,36194,36194,meta,,4096,18393,18400,False
ep11,320,36199,36199,meta,,4096,18401,18408,False
ep11,321,36203,36203,meta,,4096,18409,18416,False
ep11,322,36208,36208,meta,,4096,18417,18424,False
ep11,323,36213,36213,meta,,4096,18425,18432,False
ep11,324,36218,36218,meta,,4096,18433,18440,False
ep11,325,36223,36223,meta,,4096,18441,18448,False
ep11,326,36228,36228,meta,,4096,18449,18456,False
ep11,327,36232,36232,meta,,4096,18457,18464,False
ep11,328,36238,36238,meta,,4096,18465,18472,False
ep11,329,36243,36243,meta,,4096,18473,18480,False
ep11,330,36249,36249,meta,,4096,18481,18488,False
ep11,331,36253,36253,meta,,4096,18489,18496,False
ep11,332,36258,36258,meta,,4096,18497,18504,False
ep11,333,36263,36263,meta,,4096,18505,18512,False
ep12,0,40949,40966,forward,958464,8192,1953,1968,True
ep12,1,40973,41111,forward,835584,122880,1713,1952,True
ep12,2,41116,41225,forward,712704,122880,1473,1712,True
ep12,3,41230,41567,forward,966656,368640,1969,2688,True
ep12,4,41571,41920,forward,344064,368640,753,1472,True
ep12,5,41924,44576,forward,1335296,2813952,2689,8184,True
ep12,6,44628,45412,forward,4202496,843776,8289,9936,True
ep13,0,47738,47738,meta,,4096,17137,17144,False
ep13,1,47756,47756,meta,,4096,17145,17152,False
ep13,2,47759,47759,meta,,4096,17153,17160,False
ep13,3,47763,47763,meta,,4096,17161,17168,False
ep13,4,47767,47767,meta,,4096,17169,17176,False
ep13,5,47771,47771,meta,,4096,17177,17184,False
ep13,6,47774,47774,meta,,4096,17185,17192,False
ep13,7,47791,47791,meta,,4096,17193,17200,False
ep13,8,47795,47795,meta,,4096,17201,17208,False
ep13,9,47799,47799,meta,,4096,17209,17216,False
ep13,10,47803,47803,meta,,4096,17217,17224,False
ep13,11,47807,47807,meta,,4096,17225,17232,False
ep13,12,47811,47811,meta,,4096,17233,17240,False
ep13,13,47815,47815,meta,,4096,17241,17248,False
ep13,14,47819,47819,meta,,4096,17249,17256,False
ep13,15,47823,47823,meta,,4096,17257,17264,False
ep13,16,47827,47827,meta,,4096,17265,17272,False
ep13,17,47831,47831,meta,,4096,17273,17280,False
ep13,18,47835,47835,meta,,4096,17281,17288,False
ep13,19,47838,47838,meta,,4096,17289,17296,False
ep13,20,47842,47842,meta,,4096,17297,17304,False
ep13,21,47846,47846,meta,,4096,17305,17312,False
ep13,22,47850,47850,meta,,4096,17313,17320,False
ep13,23,47854,47854,meta,,4096,17321,17328,False
ep13,24,47858,47858,meta,,4096,17329,17336,False
ep13,25,47862,47862,meta,,4096,17337,17344,False
ep13,26,47866,47866,meta,,4096,17345,17352,False
ep13,27,47870,47870,meta,,4096,17353,17360,False
ep13,28,47874,47874,meta,,4096,17361,17368,False
ep13,29,47878,47878,meta,,4096,17369,17376,False
ep13,30,47883,47883,meta,,4096,17377,17384,False
ep13,31,47887,47887,meta,,4096,17385,17392,False
ep13,32,47891,47891,meta,,4096,17393,17400,False
ep13,33,47895,47895,meta,,4096,17401,17408,False
ep13,34,47898,47898,meta,,4096,17409,17416,False
ep13,35,47902,47902,meta,,4096,17417,17424,False
ep13,36,47906,47906,meta,,4096,17425,17432,False
ep13,37,47909,47909,meta,,4096,17433,17440,False
ep13,38,47913,47913,meta,,4096,17441,17448,False
ep13,39,47917,47917,meta,,4096,17449,17456,False
ep13,40,47921,47921,meta,,4096,17457,17464,False
ep13,41,47924,47924,meta,,4096,17465,17472,False
ep13,42,47928,47928,meta,,4096,17473,17480,False
ep14,0,51585,51610,forward,245760,16384,561,592,True
ep14,1,51615,51744,forward,122880,122880,321,560,True
ep14,2,51748,51881,forward,0,122880,81,320,True
ep14,3,51886,52316,forward,262144,368640,593,1312,True
ep14,4,52320,52320,forward,8384512,4096,16457,16464,True
ep14,5,52328,53096,forward,630784,647168,1313,2576,True
ep14,6,53101,53536,forward,1835008,368640,3665,4384,True
ep14,7,53541,53979,forward,1277952,368640,2577,3296,True
ep14,8,53984,54427,forward,2203648,368640,4385,5104,True
ep14,9,54432,54674,forward,1646592,188416,3297,3664,True
ep14,10,54679,61580,forward,2572288,5570560,5105,15984,True
ep15,0,67397,67397,meta,,4096,17377,17384,False
ep15,1,67416,67416,meta,,4096,17385,17392,False
ep15,2,67419,67419,meta,,4096,17393,17400,False
ep15,3,67423,67423,meta,,4096,17401,17408,False
ep15,4,67427,67427,meta,,4096,17409,17416,False
ep15,5,67431,67431,meta,,4096,17417,17424,False
ep15,6,67435,67435,meta,,4096,17425,17432,False
ep15,7,67453,67453,meta,,4096,17433,17440,False
ep15,8,67457,67457,meta,,4096,17441,17448,False
ep15,9,67460,67460,meta,,4096,17449,17456,False
ep15,10,67464,67464,meta,,4096,17457,17464,False
ep15,11,67468,67468,meta,,4096,17465,17472,False
ep15,12,67472,67472,meta,,4096,17473,17480,False
ep15,13,67476,67476,meta,,4096,17137,17144,False
ep15,14,67480,67480,meta,,4096,17145,17152,False
ep15,15,67484,67484,meta,,4096,17153,17160,False
ep15,16,67488,67488,meta,,4096,17161,17168,False
ep15,17,67492,67492,meta,,4096,17169,17176,False
ep15,18,67496,67496,meta,,4096,17177,17184,False
ep15,19,67500,67500,meta,,4096,17185,17192,False
ep15,20,67504,67504,meta,,4096,17193,17200,False
ep15,21,67507,67507,meta,,4096,17201,17208,False
ep15,22,67511,67511,meta,,4096,17209,17216,False
ep15,23,67515,67515,meta,,4096,17217,17224,False
ep15,24,67519,67519,meta,,4096,17225,17232,False
ep15,25,67523,67523,meta,,4096,17233,17240,False
ep15,26,67527,67527,meta,,4096,17241,17248,False
ep15,27,67531,67531,meta,,4096,17249,17256,False
ep15,28,67535,67535,meta,,4096,17257,17264,False
ep15,29,67538,67538,meta,,4096,17265,17272,False
ep15,30,67542,67542,meta,,4096,17273,17280,False
ep15,31,67546,67546,meta,,4096,17281,17288,False
ep15,32,67549,67549,meta,,4096,17289,17296,False
ep15,33,67553,67553,meta,,4096,17297,17304,False
ep15,34,67557,67557,meta,,4096,17305,17312,False
ep15,35,67560,67560,meta,,4096,17313,17320,False
ep15,36,67564,67564,meta,,4096,17321,17328,False
ep15,37,67568,67568,meta,,4096,17329,17336,False
ep15,38,67571,67571,meta,,4096,17337,17344,False
ep15,39,67575,67575,meta,,4096,17345,17352,False
ep15,40,67579,67579,meta,,4096,17353,17360,False
ep15,41,67582,67582,meta,,4096,17361,17368,False
ep15,42,67586,67586,meta,,4096,17369,17376,False
ep16,0,93549,93574,forward,245760,16384,561,592,True
ep16,1,93578,93703,forward,122880,122880,321,560,True
ep16,2,93707,93864,forward,0,122880,81,320,True
ep16,3,93869,94299,forward,262144,368640,593,1312,True
ep16,4,94305,94305,forward,8384512,4096,16457,16464,True
ep16,5,94315,94367,forward,630784,49152,1313,1408,True
ep16,6,94429,94833,forward,729088,303104,1505,2096,True
ep16,7,94838,94933,forward,1835008,90112,3665,3840,True
ep17,0,97696,98137,forward,3555328,393216,7025,7792,True
ep18,0,100683,101139,forward,3993600,393216,7881,8648,True
ep18,1,101488,102552,forward,4669440,851968,9201,10864,True
ep18,2,103747,104213,forward,6520832,393216,12817,13584,True
ep18,3,104903,105687,forward,7487488,655360,14705,15984,True
ep19,0,120322,120322,meta,,4096,0,7,False
ep19,1,120339,120339,meta,,4096,0,7,False
ep19,2,120344,120344,meta,,4096,32,39,False
ep19,3,120348,120348,meta,,4096,40,47,False
ep19,4,120352,120352,meta,,4096,48,55,False
ep19,5,120355,120355,meta,,4096,56,63,False
ep19,6,120360,120360,meta,,4096,64,71,False
ep19,7,120365,120365,meta,,4096,8,15,False
ep19,8,120371,120371,meta,,4096,24,31,False
ep19,9,120375,120375,forward,19968,4096,120,127,True
ep19,10,120394,120394,meta,,4096,16,23,False
ep19,11,120398,120398,forward,24064,4096,128,135,True
ep19,12,120402,120402,forward,220672,4096,512,519,True
ep19,13,120406,120406,forward,2055680,4096,4096,4103,True
ep19,14,120421,120421,meta,,4096,0,7,False
ep19,15,120560,120560,meta,,512,0,0,False
ep19,16,120562,120562,meta,,4096,1,8,False
ep19,17,120567,120567,meta,,4096,9,16,False
ep19,18,120571,120571,meta,,4096,33,40,False
ep19,19,120575,120575,meta,,4096,41,48,False
ep19,20,120579,120579,meta,,4096,49,56,False
ep19,21,120583,120583,meta,,4096,57,64,False
ep19,22,120630,120630,meta,,512,1,1,False
ep19,23,120631,120631,meta,,512,2,2,False
ep19,24,120632,120632,meta,,2560,3,7,False
ep19,25,120635,120635,meta,,4096,32,39,False
ep19,26,120639,120639,meta,,4096,40,47,False
ep19,27,120643,120643,meta,,4096,48,55,False
ep19,28,120647,120647,meta,,4096,56,63,False
ep19,29,120651,120651,meta,,4096,64,71,False
ep19,30,120657,120657,meta,,4096,8,15,False
ep19,31,120662,120662,meta,,4096,24,31,False
ep19,32,120667,120667,forward,19968,4096,120,127,True
ep19,33,120674,120674,meta,,4096,16,23,False
ep19,34,120679,120679,forward,24064,4096,128,135,True
ep19,35,120684,120684,forward,220672,4096,512,519,True
ep19,36,120702,120702,forward,2055680,4096,4096,4103,True
ep19,37,120768,120768,meta,,4096,65,72,False
ep19,38,120780,120780,meta,,4096,73,80,False
ep19,39,120900,120900,meta,,4096,17489,17496,False
ep19,40,120917,120917,meta,,4096,17497,17504,False
ep19,41,120921,120921,meta,,4096,17505,17512,False
ep19,42,120925,120925,meta,,4096,17513,17520,False
ep19,43,120929,120929,meta,,4096,17521,17528,False
ep19,44,120933,120933,meta,,4096,17529,17536,False
ep19,45,120937,120937,meta,,4096,17537,17544,False
ep19,46,120941,120941,meta,,4096,17545,17552,False
ep19,47,120945,120945,meta,,4096,17553,17560,False
ep19,48,120949,120949,meta,,4096,17561,17568,False
ep19,49,120953,120953,meta,,4096,17569,17576,False
ep19,50,120956,120956,meta,,4096,17577,17584,False
ep19,51,120960,120960,meta,,4096,17585,17592,False
ep19,52,120964,120964,meta,,4096,17593,17600,False
ep19,53,120968,120968,meta,,4096,17601,17608,False
ep19,54,120972,120972,meta,,4096,17609,17616,False
ep19,55,120976,120976,meta,,4096,17617,17624,False
ep19,56,120980,120980,meta,,4096,17625,17632,False
ep19,57,120984,120984,meta,,4096,17633,17640,False
ep19,58,120987,120987,meta,,4096,17641,17648,False
ep19,59,120991,120991,meta,,4096,17649,17656,False
ep19,60,120995,120995,meta,,4096,17657,17664,False
ep19,61,120999,120999,meta,,4096,17665,17672,False
ep19,62,121003,121003,meta,,4096,17673,17680,False
ep19,63,121007,121007,meta,,4096,17681,17688,False
ep19,64,121011,121011,meta,,4096,17689,17696,False
ep19,65,121015,121015,meta,,4096,17697,17704,False
ep19,66,121019,121019,meta,,4096,17705,17712,False
ep19,67,121023,121023,meta,,4096,17713,17720,False
ep19,68,121027,121027,meta,,4096,17721,17728,False
ep19,69,121031,121031,meta,,4096,17729,17736,False
ep19,70,121035,121035,meta,,4096,17737,17744,False
ep19,71,121039,121039,meta,,4096,17745,17752,False
ep19,72,121042,121042,meta,,4096,17753,17760,False
ep19,73,121046,121046,meta,,4096,17761,17768,False
ep19,74,121050,121050,meta,,4096,17769,17776,False
ep19,75,121054,121054,meta,,4096,17777,17784,False
ep19,76,121058,121058,meta,,4096,17785,17792,False
ep19,77,121062,121062,meta,,4096,17793,17800,False
ep19,78,121066,121066,meta,,4096,17801,17808,False
ep19,79,121070,121070,meta,,4096,17809,17816,False
ep19,80,121074,121074,meta,,4096,17817,17824,False
ep19,81,121077,121077,meta,,4096,17825,17832,False
ep19,82,121081,121081,meta,,4096,17833,17840,False
ep19,83,121085,121085,meta,,4096,17841,17848,False
ep19,84,121089,121089,meta,,4096,17849,17856,False
ep19,85,121093,121093,meta,,4096,17857,17864,False
ep19,86,121097,121097,meta,,4096,17865,17872,False
ep19,87,121100,121100,meta,,4096,17873,17880,False
ep19,88,121104,121104,meta,,4096,17881,17888,False
ep19,89,121108,121108,meta,,4096,17889,17896,False
ep19,90,121112,121112,meta,,4096,17897,17904,False
ep19,91,121116,121116,meta,,4096,17905,17912,False
ep19,92,121119,121119,meta,,4096,17913,17920,False
ep19,93,121123,121123,meta,,4096,17921,17928,False
ep19,94,121127,121127,meta,,4096,17929,17936,False
ep19,95,121131,121131,meta,,4096,17937,17944,False
ep19,96,121135,121135,meta,,4096,17945,17952,False
ep19,97,121139,121139,meta,,4096,17953,17960,False
ep19,98,121143,121143,meta,,4096,17961,17968,False
ep19,99,121148,121148,meta,,4096,17969,17976,False
ep19,100,121151,121151,meta,,4096,17977,17984,False
ep19,101,121155,121155,meta,,4096,17985,17992,False
ep19,102,121160,121160,meta,,4096,17993,18000,False
ep19,103,121164,121164,meta,,4096,18001,18008,False
ep19,104,121168,121168,meta,,4096,18009,18016,False
ep19,105,121171,121171,meta,,4096,18017,18024,False
ep19,106,121175,121175,meta,,4096,18025,18032,False
ep19,107,121179,121179,meta,,4096,18033,18040,False
ep19,108,121183,121183,meta,,4096,18041,18048,False
ep19,109,121187,121187,meta,,4096,18049,18056,False
ep19,110,121191,121191,meta,,4096,18057,18064,False
ep19,111,121195,121195,meta,,4096,18065,18072,False
ep19,112,121198,121198,meta,,4096,18073,18080,False
ep19,113,121202,121202,meta,,4096,18081,18088,False
ep19,114,121206,121206,meta,,4096,18089,18096,False
ep19,115,121210,121210,meta,,4096,18097,18104,False
ep19,116,121214,121214,meta,,4096,18105,18112,False
ep19,117,121218,121218,meta,,4096,18113,18120,False
ep19,118,121222,121222,meta,,4096,18121,18128,False
ep19,119,121226,121226,meta,,4096,18129,18136,False
ep19,120,121230,121230,meta,,4096,18137,18144,False
ep19,121,121233,121233,meta,,4096,18145,18152,False
ep19,122,121237,121237,meta,,4096,18153,18160,False
ep19,123,121241,121241,meta,,4096,18161,18168,False
ep19,124,121245,121245,meta,,4096,18169,18176,False
ep19,125,121249,121249,meta,,4096,18177,18184,False
ep19,126,121252,121252,meta,,4096,18185,18192,False
ep19,127,121256,121256,meta,,4096,18193,18200,False
ep19,128,121260,121260,meta,,4096,18201,18208,False
ep19,129,121264,121264,meta,,4096,18209,18216,False
ep19,130,121268,121268,meta,,4096,18217,18224,False
ep19,131,121272,121272,meta,,4096,18225,18232,False
ep19,132,121276,121276,meta,,4096,18233,18240,False
ep19,133,121280,121280,meta,,4096,18241,18248,False
ep19,134,121284,121284,meta,,4096,18249,18256,False
ep19,135,121288,121288,meta,,4096,18257,18264,False
ep19,136,121291,121291,meta,,4096,18265,18272,False
ep19,137,121295,121295,meta,,4096,18273,18280,False
ep19,138,121299,121299,meta,,4096,18281,18288,False
ep19,139,121303,121303,meta,,4096,18289,18296,False
ep19,140,121307,121307,meta,,4096,18297,18304,False
ep19,141,121311,121311,meta,,4096,18305,18312,False
ep19,142,121314,121314,meta,,4096,18313,18320,False
ep19,143,121319,121319,meta,,4096,18321,18328,False
ep19,144,121323,121323,meta,,4096,18329,18336,False
ep19,145,121326,121326,meta,,4096,18337,18344,False
ep19,146,121330,121330,meta,,4096,18345,18352,False
ep19,147,121334,121334,meta,,4096,18353,18360,False
ep19,148,121338,121338,meta,,4096,18361,18368,False
ep19,149,121342,121342,meta,,4096,18369,18376,False
ep19,150,121345,121345,meta,,4096,18377,18384,False
ep19,151,121349,121349,meta,,4096,18385,18392,False
ep19,152,121353,121353,meta,,4096,18393,18400,False
ep19,153,121357,121357,meta,,4096,18401,18408,False
ep19,154,121361,121361,meta,,4096,18409,18416,False
ep19,155,121365,121365,meta,,4096,18417,18424,False
ep19,156,121369,121369,meta,,4096,18425,18432,False
ep19,157,121373,121373,meta,,4096,18433,18440,False
ep19,158,121377,121377,meta,,4096,18441,18448,False
ep19,159,121381,121381,meta,,4096,18449,18456,False
ep19,160,121385,121385,meta,,4096,18457,18464,False
ep19,161,121389,121389,meta,,4096,18465,18472,False
ep19,162,121393,121393,meta,,4096,18473,18480,False
ep19,163,121397,121397,meta,,4096,18481,18488,False
ep19,164,121401,121401,meta,,4096,18489,18496,False
ep19,165,121405,121405,meta,,4096,18497,18504,False
ep19,166,121409,121409,meta,,4096,18505,18512,False
ep20,0,139878,139878,meta,,4096,0,7,False
ep20,1,139895,139895,meta,,4096,0,7,False
ep20,2,139900,139900,meta,,4096,32,39,False
ep20,3,139904,139904,meta,,4096,40,47,False
ep20,4,139908,139908,meta,,4096,48,55,False
ep20,5,139912,139912,meta,,4096,56,63,False
ep20,6,139916,139916,meta,,4096,64,71,False
ep20,7,139922,139922,meta,,4096,8,15,False
ep20,8,139927,139927,meta,,4096,24,31,False
ep20,9,139933,139933,forward,19968,4096,120,127,True
ep20,10,139952,139952,meta,,4096,16,23,False
ep20,11,139957,139957,forward,24064,4096,128,135,True
ep20,12,139962,139962,forward,220672,4096,512,519,True
ep20,13,139968,139968,forward,2055680,4096,4096,4103,True
ep20,14,139982,139982,meta,,4096,0,7,False
ep20,15,140057,140057,meta,,512,0,0,False
ep20,16,140058,140058,meta,,4096,1,8,False
ep20,17,140063,140063,meta,,4096,9,16,False
ep20,18,140067,140067,meta,,4096,33,40,False
ep20,19,140071,140071,meta,,4096,41,48,False
ep20,20,140075,140075,meta,,4096,49,56,False
ep20,21,140079,140079,meta,,4096,57,64,False
ep20,22,140113,140113,meta,,512,1,1,False
ep20,23,140114,140114,meta,,512,2,2,False
ep20,24,140116,140116,meta,,2560,3,7,False
ep20,25,140119,140119,meta,,4096,32,39,False
ep20,26,140122,140122,meta,,4096,40,47,False
ep20,27,140126,140126,meta,,4096,48,55,False
ep20,28,140130,140130,meta,,4096,56,63,False
ep20,29,140134,140134,meta,,4096,64,71,False
ep20,30,140142,140142,meta,,4096,8,15,False
ep20,31,140148,140148,meta,,4096,24,31,False
ep20,32,140154,140154,forward,19968,4096,120,127,True
ep20,33,140159,140159,meta,,4096,16,23,False
ep20,34,140166,140166,forward,24064,4096,128,135,True
ep20,35,140172,140172,forward,220672,4096,512,519,True
ep20,36,140177,140177,forward,2055680,4096,4096,4103,True
ep20,37,140405,140405,meta,,4096,65,72,False
ep20,38,140411,140411,meta,,4096,73,80,False
ep20,39,140416,140767,forward,0,262144,81,592,True
ep20,40,140772,140772,forward,8384512,4096,16457,16464,True
ep20,41,140830,150957,forward,262144,7962624,593,16144,True
ep21,0,202328,202328,meta,,4096,0,7,False
ep21,1,202346,202346,meta,,4096,0,7,False
ep21,2,202351,202351,meta,,4096,32,39,False
ep21,3,202355,202355,meta,,4096,40,47,False
ep21,4,202359,202359,meta,,4096,48,55,False
ep21,5,202363,202363,meta,,4096,56,63,False
ep21,6,202367,202367,meta,,4096,64,71,False
ep21,7,202373,202373,meta,,4096,8,15,False
ep21,8,202378,202378,meta,,4096,24,31,False
ep21,9,202382,202382,forward,19968,4096,120,127,True
ep21,10,202401,202401,meta,,4096,16,23,False
ep21,11,202406,202406,forward,24064,4096,128,135,True
ep21,12,202410,202410,forward,220672,4096,512,519,True
ep21,13,202414,202414,forward,2055680,4096,4096,4103,True
ep21,14,202429,202429,meta,,4096,0,7,False
ep21,15,202556,202556,meta,,512,0,0,False
ep21,16,202557,202557,meta,,4096,1,8,False
ep21,17,202563,202563,meta,,4096,9,16,False
ep21,18,202567,202567,meta,,4096,33,40,False
ep21,19,202571,202571,meta,,4096,41,48,False
ep21,20,202575,202575,meta,,4096,49,56,False
ep21,21,202578,202578,meta,,4096,57,64,False
ep21,22,202643,202643,meta,,512,1,1,False
ep21,23,202644,202644,meta,,512,2,2,False
ep21,24,202645,202645,meta,,2560,3,7,False
ep21,25,202648,202648,meta,,4096,32,39,False
ep21,26,202652,202652,meta,,4096,40,47,False
ep21,27,202656,202656,meta,,4096,48,55,False
ep21,28,202660,202660,meta,,4096,56,63,False
ep21,29,202664,202664,meta,,4096,64,71,False
ep21,30,202670,202670,meta,,4096,8,15,False
ep21,31,202678,202678,meta,,4096,24,31,False
ep21,32,202683,202683,forward,19968,4096,120,127,True
ep21,33,202688,202688,meta,,4096,16,23,False
ep21,34,202693,202693,forward,24064,4096,128,135,True
ep21,35,202698,202698,forward,220672,4096,512,519,True
ep21,36,202716,202716,forward,2055680,4096,4096,4103,True
ep21,37,202837,202837,meta,,4096,65,72,False
ep21,38,202883,202883,meta,,4096,73,80,False
ep21,39,202961,202961,meta,,4096,17489,17496,False
ep21,40,202978,202978,meta,,4096,17497,17504,False
ep21,41,202982,202982,meta,,4096,17505,17512,False
ep21,42,202986,202986,meta,,4096,17513,17520,False
ep21,43,202989,202989,meta,,4096,17521,17528,False
ep21,44,202993,202993,meta,,4096,17529,17536,False
ep21,45,202997,202997,meta,,4096,17537,17544,False
ep21,46,203001,203001,meta,,4096,17545,17552,False
ep21,47,203005,203005,meta,,4096,17553,17560,False
ep21,48,203008,203008,meta,,4096,17561,17568,False
ep21,49,203012,203012,meta,,4096,17569,17576,False
ep21,50,203016,203016,meta,,4096,17577,17584,False
ep21,51,203020,203020,meta,,4096,17585,17592,False
ep21,52,203024,203024,meta,,4096,17593,17600,False
ep21,53,203028,203028,meta,,4096,17601,17608,False
ep21,54,203032,203032,meta,,4096,17609,17616,False
ep21,55,203036,203036,meta,,4096,17617,17624,False
ep21,56,203039,203039,meta,,4096,17625,17632,False
ep21,57,203043,203043,meta,,4096,17633,17640,False
ep21,58,203047,203047,meta,,4096,17641,17648,False
ep21,59,203051,203051,meta,,4096,17649,17656,False
ep21,60,203055,203055,meta,,4096,17657,17664,False
ep21,61,203058,203058,meta,,4096,17665,17672,False
ep21,62,203062,203062,meta,,4096,17673,17680,False
ep21,63,203066,203066,meta,,4096,17681,17688,False
ep21,64,203070,203070,meta,,4096,17689,17696,False
ep21,65,203074,203074,meta,,4096,17697,17704,False
ep21,66,203078,203078,meta,,4096,17705,17712,False
ep21,67,203081,203081,meta,,4096,17713,17720,False
ep21,68,203085,203085,meta,,4096,17721,17728,False
ep21,69,203090,203090,meta,,4096,17729,17736,False
ep21,70,203094,203094,meta,,4096,17737,17744,False
ep21,71,203098,203098,meta,,4096,17745,17752,False
ep21,72,203102,203102,meta,,4096,17753,17760,False
ep21,73,203105,203105,meta,,4096,17761,17768,False
ep21,74,203109,203109,meta,,4096,17769,17776,False
ep21,75,203112,203112,meta,,4096,17777,17784,False
ep21,76,203116,203116,meta,,4096,17785,17792,False
ep21,77,203120,203120,meta,,4096,17793,17800,False
ep21,78,203124,203124,meta,,4096,17801,17808,False
ep21,79,203127,203127,meta,,4096,17809,17816,False
ep21,80,203131,203131,meta,,4096,17817,17824,False
ep21,81,203135,203135,meta,,4096,17825,17832,False
ep21,82,203138,203138,meta,,4096,17833,17840,False
ep21,83,203142,203142,meta,,4096,17841,17848,False
ep21,84,203145,203145,meta,,4096,17849,17856,False
ep21,85,203149,203149,meta,,4096,17857,17864,False
ep21,86,203153,203153,meta,,4096,17865,17872,False
ep21,87,203156,203156,meta,,4096,17873,17880,False
ep21,88,203160,203160,meta,,4096,17881,17888,False
ep21,89,203164,203164,meta,,4096,17889,17896,False
ep21,90,203167,203167,meta,,4096,17897,17904,False
ep21,91,203171,203171,meta,,4096,17905,17912,False
ep21,92,203175,203175,meta,,4096,17913,17920,False
ep21,93,203178,203178,meta,,4096,17921,17928,False
ep21,94,203182,203182,meta,,4096,17929,17936,False
ep21,95,203185,203185,meta,,4096,17937,17944,False
ep21,96,203189,203189,meta,,4096,17945,17952,False
ep21,97,203193,203193,meta,,4096,17953,17960,False
ep21,98,203196,203196,meta,,4096,17961,17968,False
ep21,99,203201,203201,meta,,4096,17969,17976,False
ep21,100,203205,203205,meta,,4096,17977,17984,False
ep21,101,203208,203208,meta,,4096,17985,17992,False
ep21,102,203212,203212,meta,,4096,17993,18000,False
ep21,103,203216,203216,meta,,4096,18001,18008,False
ep21,104,203220,203220,meta,,4096,18009,18016,False
ep21,105,203224,203224,meta,,4096,18017,18024,False
ep21,106,203228,203228,meta,,4096,18025,18032,False
ep21,107,203232,203232,meta,,4096,18033,18040,False
ep21,108,203236,203236,meta,,4096,18041,18048,False
ep21,109,203240,203240,meta,,4096,18049,18056,False
ep21,110,203244,203244,meta,,4096,18057,18064,False
ep21,111,203247,203247,meta,,4096,18065,18072,False
ep21,112,203251,203251,meta,,4096,18073,18080,False
ep21,113,203255,203255,meta,,4096,18081,18088,False
ep21,114,203258,203258,meta,,4096,18089,18096,False
ep21,115,203262,203262,meta,,4096,18097,18104,False
ep21,116,203266,203266,meta,,4096,18105,18112,False
ep21,117,203270,203270,meta,,4096,18113,18120,False
ep21,118,203274,203274,meta,,4096,18121,18128,False
ep21,119,203278,203278,meta,,4096,18129,18136,False
ep21,120,203282,203282,meta,,4096,18137,18144,False
ep21,121,203285,203285,meta,,4096,18145,18152,False
ep21,122,203289,203289,meta,,4096,18153,18160,False
ep21,123,203293,203293,meta,,4096,18161,18168,False
ep21,124,203297,203297,meta,,4096,18169,18176,False
ep21,125,203301,203301,meta,,4096,18177,18184,False
ep21,126,203305,203305,meta,,4096,18185,18192,False
ep21,127,203309,203309,meta,,4096,18193,18200,False
ep21,128,203313,203313,meta,,4096,18201,18208,False
ep21,129,203316,203316,meta,,4096,18209,18216,False
ep21,130,203320,203320,meta,,4096,18217,18224,False
ep21,131,203324,203324,meta,,4096,18225,18232,False
ep21,132,203328,203328,meta,,4096,18233,18240,False
ep21,133,203332,203332,meta,,4096,18241,18248,False
ep21,134,203336,203336,meta,,4096,18249,18256,False
ep21,135,203340,203340,meta,,4096,18257,18264,False
ep21,136,203344,203344,meta,,4096,18265,18272,False
ep21,137,203348,203348,meta,,4096,18273,18280,False
ep21,138,203351,203351,meta,,4096,18281,18288,False
ep21,139,203355,203355,meta,,4096,18289,18296,False
ep21,140,203359,203359,meta,,4096,18297,18304,False
ep21,141,203363,203363,meta,,4096,18305,18312,False
ep21,142,203366,203366,meta,,4096,18313,18320,False
ep21,143,203370,203370,meta,,4096,18321,18328,False
ep21,144,203374,203374,meta,,4096,18329,18336,False
ep21,145,203378,203378,meta,,4096,18337,18344,False
ep21,146,203382,203382,meta,,4096,18345,18352,False
ep21,147,203385,203385,meta,,4096,18353,18360,False
ep21,148,203389,203389,meta,,4096,18361,18368,False
ep21,149,203393,203393,meta,,4096,18369,18376,False
ep21,150,203397,203397,meta,,4096,18377,18384,False
ep21,151,203401,203401,meta,,4096,18385,18392,False
ep21,152,203405,203405,meta,,4096,18393,18400,False
ep21,153,203409,203409,meta,,4096,18401,18408,False
ep21,154,203412,203412,meta,,4096,18409,18416,False
ep21,155,203416,203416,meta,,4096,18417,18424,False
ep21,156,203420,203420,meta,,4096,18425,18432,False
ep21,157,203423,203423,meta,,4096,18433,18440,False
ep21,158,203427,203427,meta,,4096,18441,18448,False
ep21,159,203430,203430,meta,,4096,18449,18456,False
ep21,160,203434,203434,meta,,4096,18457,18464,False
ep21,161,203438,203438,meta,,4096,18465,18472,False
ep21,162,203441,203441,meta,,4096,18473,18480,False
ep21,163,203445,203445,meta,,4096,18481,18488,False
ep21,164,203449,203449,meta,,4096,18489,18496,False
ep21,165,203452,203452,meta,,4096,18497,18504,False
ep21,166,203456,203456,meta,,4096,18505,18512,False
ep22,0,247607,247607,meta,,4096,0,7,False
ep22,1,247628,247628,meta,,4096,0,7,False
ep22,2,247632,247632,meta,,4096,32,39,False
ep22,3,247636,247636,meta,,4096,40,47,False
ep22,4,247640,247640,meta,,4096,48,55,False
ep22,5,247644,247644,meta,,4096,56,63,False
ep22,6,247648,247648,meta,,4096,64,71,False
ep22,7,247654,247654,meta,,4096,8,15,False
ep22,8,247660,247660,meta,,4096,24,31,False
ep22,9,247668,247668,forward,19968,4096,120,127,True
ep22,10,247687,247687,meta,,4096,16,23,False
ep22,11,247692,247692,forward,24064,4096,128,135,True
ep22,12,247696,247696,forward,220672,4096,512,519,True
ep22,13,247700,247700,forward,2055680,4096,4096,4103,True
ep22,14,247717,247717,meta,,4096,0,7,False
ep22,15,247857,247857,meta,,512,0,0,False
ep22,16,247859,247859,meta,,4096,1,8,False
ep22,17,247864,247864,meta,,4096,9,16,False
ep22,18,247869,247869,meta,,4096,33,40,False
ep22,19,247873,247873,meta,,4096,41,48,False
ep22,20,247877,247877,meta,,4096,49,56,False
ep22,21,247881,247881,meta,,4096,57,64,False
ep22,22,247919,247919,meta,,512,1,1,False
ep22,23,247920,247920,meta,,512,2,2,False
ep22,24,247921,247921,meta,,512,3,3,False
ep22,25,247923,247923,meta,,2048,4,7,False
ep22,26,247926,247926,meta,,4096,32,39,False
ep22,27,247929,247929,meta,,4096,40,47,False
ep22,28,247933,247933,meta,,4096,48,55,False
ep22,29,247937,247937,meta,,4096,56,63,False
ep22,30,247941,247941,meta,,4096,64,71,False
ep22,31,247948,247948,meta,,4096,8,15,False
ep22,32,247954,247954,meta,,4096,24,31,False
ep22,33,247959,247959,forward,19968,4096,120,127,True
ep22,34,247964,247964,meta,,4096,16,23,False
ep22,35,247969,247969,forward,24064,4096,128,135,True
ep22,36,247973,247973,forward,220672,4096,512,519,True
ep22,37,247992,247992,forward,2055680,4096,4096,4103,True
ep22,38,248037,248037,meta,,4096,65,72,False
ep22,39,248050,248050,meta,,4096,73,80,False
ep22,40,248078,248078,meta,,4096,16465,16472,False
ep22,41,248095,248095,meta,,4096,16473,16480,False
ep22,42,248099,248099,meta,,4096,16481,16488,False
ep22,43,248103,248103,meta,,4096,16489,16496,False
ep22,44,248119,248119,meta,,4096,16497,16504,False
ep22,45,248123,248123,meta,,4096,16505,16512,False
ep22,46,248127,248127,meta,,4096,16513,16520,False
ep22,47,248131,248131,meta,,4096,16521,16528,False
ep22,48,248135,248135,meta,,4096,16529,16536,False
ep22,49,248139,248139,meta,,4096,16537,16544,False
ep22,50,248143,248143,meta,,4096,16545,16552,False
ep22,51,248147,248147,meta,,4096,16553,16560,False
ep22,52,248151,248151,meta,,4096,16561,16568,False
ep22,53,248154,248154,meta,,4096,16569,16576,False
ep22,54,248158,248158,meta,,4096,16577,16584,False
ep22,55,248162,248162,meta,,4096,16585,16592,False
ep22,56,248166,248166,meta,,4096,16593,16600,False
ep22,57,248170,248170,meta,,4096,16601,16608,False
ep22,58,248174,248174,meta,,4096,16609,16616,False
ep22,59,248178,248178,meta,,4096,16617,16624,False
ep22,60,248182,248182,meta,,4096,17481,17488,False
ep22,61,248205,248205,meta,,4096,16625,16632,False
ep22,62,248209,248209,meta,,4096,16633,16640,False
ep22,63,248213,248213,meta,,4096,16641,16648,False
ep22,64,248217,248217,meta,,4096,16649,16656,False
ep22,65,248220,248220,meta,,4096,16657,16664,False
ep22,66,248224,248224,meta,,4096,16665,16672,False
ep22,67,248228,248228,meta,,4096,16673,16680,False
ep22,68,248232,248232,meta,,4096,16681,16688,False
ep22,69,248236,248236,meta,,4096,16689,16696,False
ep22,70,248240,248240,meta,,4096,16697,16704,False
ep22,71,248244,248244,meta,,4096,16705,16712,False
ep22,72,248248,248248,meta,,4096,16713,16720,False
ep22,73,248251,248251,meta,,4096,16721,16728,False
ep22,74,248255,248255,meta,,4096,16729,16736,False
ep22,75,248259,248259,meta,,4096,16737,16744,False
ep22,76,248263,248263,meta,,4096,16745,16752,False
ep22,77,248267,248267,meta,,4096,16753,16760,False
ep22,78,248271,248271,meta,,4096,16761,16768,False
ep22,79,248275,248275,meta,,4096,16769,16776,False
ep22,80,248278,248278,meta,,4096,16777,16784,False
ep22,81,248282,248282,meta,,4096,16785,16792,False
ep22,82,248286,248286,meta,,4096,16793,16800,False
ep22,83,248290,248290,meta,,4096,16801,16808,False
ep22,84,248294,248294,meta,,4096,16809,16816,False
ep22,85,248298,248298,meta,,4096,16817,16824,False
ep22,86,248301,248301,meta,,4096,16825,16832,False
ep22,87,248305,248305,meta,,4096,16833,16840,False
ep22,88,248309,248309,meta,,4096,16841,16848,False
ep22,89,248313,248313,meta,,4096,16849,16856,False
ep22,90,248317,248317,meta,,4096,16857,16864,False
ep22,91,248322,248322,meta,,4096,16865,16872,False
ep22,92,248326,248326,meta,,4096,16873,16880,False
ep22,93,248330,248330,meta,,4096,16881,16888,False
ep22,94,248334,248334,meta,,4096,16889,16896,False
ep22,95,248338,248338,meta,,4096,16897,16904,False
ep22,96,248342,248342,meta,,4096,16905,16912,False
ep22,97,248346,248346,meta,,4096,16913,16920,False
ep22,98,248350,248350,meta,,4096,16921,16928,False
ep22,99,248353,248353,meta,,4096,16929,16936,False
ep22,100,248357,248357,meta,,4096,16937,16944,False
ep22,101,248361,248361,meta,,4096,16945,16952,False
ep22,102,248365,248365,meta,,4096,16953,16960,False
ep22,103,248369,248369,meta,,4096,16961,16968,False
ep22,104,248373,248373,meta,,4096,16969,16976,False
ep22,105,248377,248377,meta,,4096,16977,16984,False
ep22,106,248381,248381,meta,,4096,16985,16992,False
ep22,107,248384,248384,meta,,4096,16993,17000,False
ep22,108,248388,248388,meta,,4096,17001,17008,False
ep22,109,248392,248392,meta,,4096,17009,17016,False
ep22,110,248396,248396,meta,,4096,17017,17024,False
ep22,111,248400,248400,meta,,4096,17025,17032,False
ep22,112,248404,248404,meta,,4096,17033,17040,False
ep22,113,248408,248408,meta,,4096,17041,17048,False
ep22,114,248411,248411,meta,,4096,17049,17056,False
ep22,115,248415,248415,meta,,4096,17057,17064,False
ep22,116,248419,248419,meta,,4096,17065,17072,False
ep22,117,248423,248423,meta,,4096,17073,17080,False
ep22,118,248426,248426,meta,,4096,17081,17088,False
ep22,119,248430,248430,meta,,4096,17089,17096,False
ep22,120,248434,248434,meta,,4096,17097,17104,False
ep22,121,248439,248439,meta,,4096,17105,17112,False
ep22,122,248442,248442,meta,,4096,17113,17120,False
ep22,123,248446,248446,meta,,4096,17121,17128,False
ep22,124,248450,248450,meta,,4096,17129,17136,False
ep22,125,248469,248469,meta,,4096,17489,17496,False
ep22,126,248486,248486,meta,,4096,17497,17504,False
ep22,127,248490,248490,meta,,4096,17505,17512,False
ep22,128,248494,248494,meta,,4096,17513,17520,False
ep22,129,248498,248498,meta,,4096,17521,17528,False
ep22,130,248502,248502,meta,,4096,17529,17536,False
ep22,131,248505,248505,meta,,4096,17537,17544,False
ep22,132,248509,248509,meta,,4096,17545,17552,False
ep22,133,248513,248513,meta,,4096,17553,17560,False
ep22,134,248517,248517,meta,,4096,17561,17568,False
ep22,135,248521,248521,meta,,4096,17569,17576,False
ep22,136,248525,248525,meta,,4096,17577,17584,False
ep22,137,248529,248529,meta,,4096,17585,17592,False
ep22,138,248533,248533,meta,,4096,17593,17600,False
ep22,139,248537,248537,meta,,4096,17601,17608,False
ep22,140,248540,248540,meta,,4096,17609,17616,False
ep22,141,248544,248544,meta,,4096,17617,17624,False
ep22,142,248548,248548,meta,,4096,17625,17632,False
ep22,143,248552,248552,meta,,4096,17633,17640,False
ep22,144,248555,248555,meta,,4096,17641,17648,False
ep22,145,248559,248559,meta,,4096,17649,17656,False
ep22,146,248563,248563,meta,,4096,17657,17664,False
ep22,147,248566,248566,meta,,4096,17665,17672,False
ep22,148,248570,248570,meta,,4096,17673,17680,False
ep22,149,248574,248574,meta,,4096,17681,17688,False
ep22,150,248577,248577,meta,,4096,17689,17696,False
ep22,151,248581,248581,meta,,4096,17697,17704,False
ep22,152,248585,248585,meta,,4096,17705,17712,False
ep22,153,248589,248589,meta,,4096,17713,17720,False
ep22,154,248593,248593,meta,,4096,17721,17728,False
ep22,155,248597,248597,meta,,4096,17729,17736,False
ep22,156,248600,248600,meta,,4096,17737,17744,False
ep22,157,248604,248604,meta,,4096,17745,17752,False
ep22,158,248608,248608,meta,,4096,17753,17760,False
ep22,159,248612,248612,meta,,4096,17761,17768,False
ep22,160,248615,248615,meta,,4096,17769,17776,False
ep22,161,248619,248619,meta,,4096,17777,17784,False
ep22,162,248623,248623,meta,,4096,17785,17792,False
ep22,163,248627,248627,meta,,4096,17793,17800,False
ep22,164,248631,248631,meta,,4096,17801,17808,False
ep22,165,248635,248635,meta,,4096,17809,17816,False
ep22,166,248639,248639,meta,,4096,17817,17824,False
ep22,167,248642,248642,meta,,4096,17825,17832,False
ep22,168,248646,248646,meta,,4096,17833,17840,False
ep22,169,248650,248650,meta,,4096,17841,17848,False
ep22,170,248654,248654,meta,,4096,17849,17856,False
ep22,171,248658,248658,meta,,4096,17857,17864,False
ep22,172,248662,248662,meta,,4096,17865,17872,False
ep22,173,248666,248666,meta,,4096,17873,17880,False
ep22,174,248670,248670,meta,,4096,17881,17888,False
ep22,175,248673,248673,meta,,4096,17889,17896,False
ep22,176,248677,248677,meta,,4096,17897,17904,False
ep22,177,248681,248681,meta,,4096,17905,17912,False
ep22,178,248685,248685,meta,,4096,17913,17920,False
ep22,179,248689,248689,meta,,4096,17921,17928,False
ep22,180,248693,248693,meta,,4096,17929,17936,False
ep22,181,248697,248697,meta,,4096,17937,17944,False
ep22,182,248701,248701,meta,,4096,17945,17952,False
ep22,183,248704,248704,meta,,4096,17953,17960,False
ep22,184,248708,248708,meta,,4096,17961,17968,False
ep22,185,248713,248713,meta,,4096,17969,17976,False
ep22,186,248716,248716,meta,,4096,17977,17984,False
ep22,187,248720,248720,meta,,4096,17985,17992,False
ep22,188,248724,248724,meta,,4096,17993,18000,False
ep22,189,248728,248728,meta,,4096,18001,18008,False
ep22,190,248732,248732,meta,,4096,18009,18016,False
ep22,191,248736,248736,meta,,4096,18017,18024,False
ep22,192,248740,248740,meta,,4096,18025,18032,False
ep22,193,248744,248744,meta,,4096,18033,18040,False
ep22,194,248748,248748,meta,,4096,18041,18048,False
ep22,195,248752,248752,meta,,4096,18049,18056,False
ep22,196,248756,248756,meta,,4096,18057,18064,False
ep22,197,248759,248759,meta,,4096,18065,18072,False
ep22,198,248763,248763,meta,,4096,18073,18080,False
ep22,199,248767,248767,meta,,4096,18081,18088,False
ep22,200,248771,248771,meta,,4096,18089,18096,False
ep22,201,248775,248775,meta,,4096,18097,18104,False
ep22,202,248779,248779,meta,,4096,18105,18112,False
ep22,203,248783,248783,meta,,4096,18113,18120,False
ep22,204,248787,248787,meta,,4096,18121,18128,False
ep22,205,248790,248790,meta,,4096,18129,18136,False
ep22,206,248794,248794,meta,,4096,18137,18144,False
ep22,207,248798,248798,meta,,4096,18145,18152,False
ep22,208,248802,248802,meta,,4096,18153,18160,False
ep22,209,248806,248806,meta,,4096,18161,18168,False
ep22,210,248809,248809,meta,,4096,18169,18176,False
ep22,211,248813,248813,meta,,4096,18177,18184,False
ep22,212,248817,248817,meta,,4096,18185,18192,False
ep22,213,248821,248821,meta,,4096,18193,18200,False
ep22,214,248824,248824,meta,,4096,18201,18208,False
ep22,215,248828,248828,meta,,4096,18209,18216,False
ep22,216,248832,248832,meta,,4096,18217,18224,False
ep22,217,248836,248836,meta,,4096,18225,18232,False
ep22,218,248840,248840,meta,,4096,18233,18240,False
ep22,219,248844,248844,meta,,4096,18241,18248,False
ep22,220,248848,248848,meta,,4096,18249,18256,False
ep22,221,248852,248852,meta,,4096,18257,18264,False
ep22,222,248856,248856,meta,,4096,18265,18272,False
ep22,223,248860,248860,meta,,4096,18273,18280,False
ep22,224,248864,248864,meta,,4096,18281,18288,False
ep22,225,248868,248868,meta,,4096,18289,18296,False
ep22,226,248871,248871,meta,,4096,18297,18304,False
ep22,227,248875,248875,meta,,4096,18305,18312,False
ep22,228,248879,248879,meta,,4096,18313,18320,False
ep22,229,248883,248883,meta,,4096,18321,18328,False
ep22,230,248887,248887,meta,,4096,18329,18336,False
ep22,231,248890,248890,meta,,4096,18337,18344,False
ep22,232,248894,248894,meta,,4096,18345,18352,False
ep22,233,248898,248898,meta,,4096,18353,18360,False
ep22,234,248902,248902,meta,,4096,18361,18368,False
ep22,235,248906,248906,meta,,4096,18369,18376,False
ep22,236,248910,248910,meta,,4096,18377,18384,False
ep22,237,248913,248913,meta,,4096,18385,18392,False
ep22,238,248917,248917,meta,,4096,18393,18400,False
ep22,239,248921,248921,meta,,4096,18401,18408,False
ep22,240,248925,248925,meta,,4096,18409,18416,False
ep22,241,248929,248929,meta,,4096,18417,18424,False
ep22,242,248933,248933,meta,,4096,18425,18432,False
ep22,243,248937,248937,meta,,4096,18433,18440,False
ep22,244,248941,248941,meta,,4096,18441,18448,False
ep22,245,248945,248945,meta,,4096,18449,18456,False
ep22,246,248948,248948,meta,,4096,18457,18464,False
ep22,247,248952,248952,meta,,4096,18465,18472,False
ep22,248,248956,248956,meta,,4096,18473,18480,False
ep22,249,248960,248960,meta,,4096,18481,18488,False
ep22,250,248964,248964,meta,,4096,18489,18496,False
ep22,251,248968,248968,meta,,4096,18497,18504,False
ep22,252,248972,248972,meta,,4096,18505,18512,False
ep23,0,249320,249320,meta,,4096,16465,16472,False
ep23,1,249329,249329,meta,,4096,16473,16480,False
ep23,2,249346,249346,meta,,4096,16481,16488,False
ep23,3,249350,249350,meta,,4096,16489,16496,False
ep23,4,249354,249354,meta,,4096,16497,16504,False
ep23,5,249357,249357,meta,,4096,16505,16512,False
ep23,6,249361,249361,meta,,4096,16513,16520,False
ep23,7,249365,249365,meta,,4096,16521,16528,False
ep23,8,249368,249368,meta,,4096,16529,16536,False
ep23,9,249372,249372,meta,,4096,16537,16544,False
ep23,10,249375,249375,meta,,4096,16545,16552,False
ep23,11,249379,249379,meta,,4096,16553,16560,False
ep23,12,249383,249383,meta,,4096,16561,16568,False
ep23,13,249386,249386,meta,,4096,16569,16576,False
ep23,14,249390,249390,meta,,4096,16577,16584,False
ep23,15,249394,249394,meta,,4096,16585,16592,False
ep23,16,249410,249410,meta,,4096,16593,16600,False
ep23,17,249414,249414,meta,,4096,16601,16608,False
ep23,18,249418,249418,meta,,4096,16609,16616,False
ep23,19,249421,249421,meta,,4096,16617,16624,False
ep23,20,249425,249425,meta,,4096,16625,16632,False
ep23,21,249429,249429,meta,,4096,16633,16640,False
ep23,22,249432,249432,meta,,4096,16641,16648,False
ep23,23,249436,249436,meta,,4096,16649,16656,False
ep23,24,249440,249440,meta,,4096,16657,16664,False
ep23,25,249443,249443,meta,,4096,16665,16672,False
ep23,26,249447,249447,meta,,4096,16673,16680,False
ep23,27,249451,249451,meta,,4096,16681,16688,False
ep23,28,249454,249454,meta,,4096,16689,16696,False
ep23,29,249458,249458,meta,,4096,16697,16704,False
ep23,30,249462,249462,meta,,4096,16705,16712,False
ep23,31,249466,249466,meta,,4096,16713,16720,False
ep23,32,249470,249470,meta,,4096,16721,16728,False
ep23,33,249474,249474,meta,,4096,16729,16736,False
ep23,34,249478,249478,meta,,4096,16737,16744,False
ep23,35,249482,249482,meta,,4096,16745,16752,False
ep23,36,249486,249486,meta,,4096,16753,16760,False
ep23,37,249490,249490,meta,,4096,16761,16768,False
ep23,38,249494,249494,meta,,4096,16769,16776,False
ep23,39,249497,249497,meta,,4096,16777,16784,False
ep23,40,249501,249501,meta,,4096,16785,16792,False
ep23,41,249505,249505,meta,,4096,16793,16800,False
ep23,42,249509,249509,meta,,4096,16801,16808,False
ep23,43,249512,249512,meta,,4096,16809,16816,False
ep23,44,249516,249516,meta,,4096,16817,16824,False
ep23,45,249520,249520,meta,,4096,16825,16832,False
ep23,46,249523,249523,meta,,4096,16833,16840,False
ep23,47,249527,249527,meta,,4096,16841,16848,False
ep23,48,249531,249531,meta,,4096,16849,16856,False
ep23,49,249534,249534,meta,,4096,16857,16864,False
ep23,50,249538,249538,meta,,4096,16865,16872,False
ep23,51,249541,249541,meta,,4096,16873,16880,False
ep23,52,249545,249545,meta,,4096,16881,16888,False
ep23,53,249549,249549,meta,,4096,16889,16896,False
ep23,54,249553,249553,meta,,4096,16897,16904,False
ep23,55,249557,249557,meta,,4096,16905,16912,False
ep23,56,249561,249561,meta,,4096,16913,16920,False
ep23,57,249564,249564,meta,,4096,16921,16928,False
ep23,58,249568,249568,meta,,4096,16929,16936,False
ep23,59,249572,249572,meta,,4096,16937,16944,False
ep23,60,249576,249576,meta,,4096,16945,16952,False
ep23,61,249580,249580,meta,,4096,16953,16960,False
ep23,62,249583,249583,meta,,4096,16961,16968,False
ep23,63,249587,249587,meta,,4096,16969,16976,False
ep23,64,249591,249591,meta,,4096,16977,16984,False
ep23,65,249595,249595,meta,,4096,16985,16992,False
ep23,66,249599,249599,meta,,4096,16993,17000,False
ep23,67,249603,249603,meta,,4096,17001,17008,False
ep23,68,249606,249606,meta,,4096,17009,17016,False
ep23,69,249610,249610,meta,,4096,17017,17024,False
ep23,70,249614,249614,meta,,4096,17025,17032,False
ep23,71,249617,249617,meta,,4096,17033,17040,False
ep23,72,249621,249621,meta,,4096,17041,17048,False
ep23,73,249625,249625,meta,,4096,17049,17056,False
ep23,74,249628,249628,meta,,4096,17057,17064,False
ep23,75,249632,249632,meta,,4096,17065,17072,False
ep23,76,249635,249635,meta,,4096,17073,17080,False
ep23,77,249639,249639,meta,,4096,17081,17088,False
ep23,78,249643,249643,meta,,4096,17089,17096,False
ep23,79,249646,249646,meta,,4096,17097,17104,False
ep23,80,249650,249650,meta,,4096,17105,17112,False
ep23,81,249654,249654,meta,,4096,17113,17120,False
ep23,82,249657,249657,meta,,4096,17121,17128,False
ep23,83,249661,249661,meta,,4096,17129,17136,False
ep23,84,249665,249665,meta,,4096,17137,17144,False
ep23,85,249668,249668,meta,,4096,17145,17152,False
ep23,86,249672,249672,meta,,4096,17153,17160,False
ep23,87,249675,249675,meta,,4096,17161,17168,False
ep23,88,249679,249679,meta,,4096,17169,17176,False
ep23,89,249683,249683,meta,,4096,17177,17184,False
ep23,90,249687,249687,meta,,4096,17185,17192,False
ep23,91,249691,249691,meta,,4096,17193,17200,False
ep23,92,249694,249694,meta,,4096,17201,17208,False
ep23,93,249698,249698,meta,,4096,17209,17216,False
ep23,94,249702,249702,meta,,4096,17217,17224,False
ep23,95,249706,249706,meta,,4096,17225,17232,False
ep23,96,249710,249710,meta,,4096,17233,17240,False
ep23,97,249714,249714,meta,,4096,17241,17248,False
ep23,98,249717,249717,meta,,4096,17249,17256,False
ep23,99,249721,249721,meta,,4096,17257,17264,False
ep23,100,249725,249725,meta,,4096,17265,17272,False
ep23,101,249728,249728,meta,,4096,17273,17280,False
ep23,102,249732,249732,meta,,4096,17281,17288,False
ep23,103,249735,249735,meta,,4096,17289,17296,False
ep23,104,249739,249739,meta,,4096,17297,17304,False
ep23,105,249743,249743,meta,,4096,17305,17312,False
ep23,106,249747,249747,meta,,4096,17313,17320,False
ep23,107,249750,249750,meta,,4096,17321,17328,False
ep23,108,249754,249754,meta,,4096,17329,17336,False
ep23,109,249758,249758,meta,,4096,17337,17344,False
ep23,110,249761,249761,meta,,4096,17345,17352,False
ep23,111,249765,249765,meta,,4096,17353,17360,False
ep23,112,249769,249769,meta,,4096,17361,17368,False
ep23,113,249772,249772,meta,,4096,17369,17376,False
ep23,114,249776,249776,meta,,4096,17377,17384,False
ep23,115,249779,249779,meta,,4096,17385,17392,False
ep23,116,249783,249783,meta,,4096,17393,17400,False
ep23,117,249787,249787,meta,,4096,17401,17408,False
ep23,118,249790,249790,meta,,4096,17409,17416,False
ep23,119,249794,249794,meta,,4096,17417,17424,False
ep23,120,249798,249798,meta,,4096,17425,17432,False
ep23,121,249802,249802,meta,,4096,17433,17440,False
ep23,122,249806,249806,meta,,4096,17441,17448,False
ep23,123,249810,249810,meta,,4096,17449,17456,False
ep23,124,249814,249814,meta,,4096,17457,17464,False
ep23,125,249817,249817,meta,,4096,17465,17472,False
ep23,126,249821,249821,meta,,4096,17473,17480,False
ep23,127,249824,249824,meta,,4096,17481,17488,False
ep23,128,250726,250751,forward,245760,16384,561,592,True
ep23,129,250755,250871,forward,122880,122880,321,560,True
ep23,130,250876,251011,forward,0,122880,81,320,True
ep23,131,251016,251375,forward,262144,368640,593,1312,True
ep23,132,251379,251379,forward,8384512,4096,16457,16464,True
ep23,133,251388,252009,forward,630784,647168,1313,2576,True
ep23,134,252014,252356,forward,1835008,368640,3665,4384,True
ep23,135,252360,252718,forward,1277952,368640,2577,3296,True
ep23,136,252723,253066,forward,2203648,368640,4385,5104,True
ep23,137,253070,253244,forward,1646592,188416,3297,3664,True
ep23,138,253249,257168,forward,2572288,4050944,5105,13016,True
ep23,139,257168,257168,forward,7012352,4096,13777,13784,True
ep23,140,257172,258634,forward,6623232,1519616,13017,15984,True
ep23,141,260604,260604,meta,,4096,17137,17144,False
ep23,142,260622,260622,meta,,4096,17145,17152,False
ep23,143,260626,260626,meta,,4096,17153,17160,False
ep23,144,260629,260629,meta,,4096,17161,17168,False
ep23,145,260634,260634,meta,,4096,17169,17176,False
ep23,146,260638,260638,meta,,4096,17177,17184,False
ep23,147,260641,260641,meta,,4096,17185,17192,False
ep23,148,260659,260659,meta,,4096,17193,17200,False
ep23,149,260663,260663,meta,,4096,17201,17208,False
ep23,150,260667,260667,meta,,4096,17209,17216,False
ep23,151,260670,260670,meta,,4096,17217,17224,False
ep23,152,260674,260674,meta,,4096,17225,17232,False
ep23,153,260678,260678,meta,,4096,17233,17240,False
ep23,154,260682,260682,meta,,4096,17241,17248,False
ep23,155,260686,260686,meta,,4096,17249,17256,False
ep23,156,260690,260690,meta,,4096,17257,17264,False
ep23,157,260694,260694,meta,,4096,17265,17272,False
ep23,158,260698,260698,meta,,4096,17273,17280,False
ep23,159,260702,260702,meta,,4096,17281,17288,False
ep23,160,260706,260706,meta,,4096,17289,17296,False
ep23,161,260710,260710,meta,,4096,17297,17304,False
ep23,162,260714,260714,meta,,4096,17305,17312,False
ep23,163,260718,260718,meta,,4096,17313,17320,False
ep23,164,260721,260721,meta,,4096,17321,17328,False
ep23,165,260725,260725,meta,,4096,17329,17336,False
ep23,166,260729,260729,meta,,4096,17337,17344,False
ep23,167,260733,260733,meta,,4096,17345,17352,False
ep23,168,260737,260737,meta,,4096,17353,17360,False
ep23,169,260741,260741,meta,,4096,17361,17368,False
ep23,170,260745,260745,meta,,4096,17369,17376,False
ep23,171,260749,260749,meta,,4096,17377,17384,False
ep23,172,260754,260754,meta,,4096,17385,17392,False
ep23,173,260758,260758,meta,,4096,17393,17400,False
ep23,174,260761,260761,meta,,4096,17401,17408,False
ep23,175,260765,260765,meta,,4096,17409,17416,False
ep23,176,260769,260769,meta,,4096,17417,17424,False
ep23,177,260773,260773,meta,,4096,17425,17432,False
ep23,178,260777,260777,meta,,4096,17433,17440,False
ep23,179,260781,260781,meta,,4096,17441,17448,False
ep23,180,260785,260785,meta,,4096,17449,17456,False
ep23,181,260789,260789,meta,,4096,17457,17464,False
ep23,182,260792,260792,meta,,4096,17465,17472,False
ep23,183,260796,260796,meta,,4096,17473,17480,False
ep24,0,461576,461576,meta,,4096,0,7,False
ep24,1,461581,461581,meta,,4096,32,39,False
ep24,2,461585,461585,meta,,4096,40,47,False
ep24,3,461588,461588,meta,,4096,48,55,False
ep24,4,461592,461592,meta,,4096,56,63,False
ep24,5,461596,461596,meta,,4096,64,71,False
ep24,6,461602,461602,meta,,4096,8,15,False
ep24,7,461607,461607,meta,,4096,24,31,False
ep24,8,461612,461612,forward,19968,4096,120,127,True
ep24,9,461653,461653,meta,,4096,16,23,False
ep24,10,461657,461657,forward,24064,4096,128,135,True
ep24,11,461672,461672,forward,220672,4096,512,519,True
ep24,12,461725,461725,forward,2055680,4096,4096,4103,True
ep24,13,461739,461739,meta,,4096,0,7,False
ep24,14,461806,461806,meta,,512,0,0,False
ep24,15,461808,461808,meta,,4096,1,8,False
ep24,16,461813,461813,meta,,4096,9,16,False
ep24,17,461818,461818,meta,,4096,33,40,False
ep24,18,461822,461822,meta,,4096,41,48,False
ep24,19,461825,461825,meta,,4096,49,56,False
ep24,20,461829,461829,meta,,4096,57,64,False
ep24,21,461881,461881,meta,,512,1,1,False
ep24,22,461882,461882,meta,,512,2,2,False
ep24,23,461883,461883,meta,,2560,3,7,False
ep24,24,461886,461886,meta,,4096,32,39,False
ep24,25,461890,461890,meta,,4096,40,47,False
ep24,26,461893,461893,meta,,4096,48,55,False
ep24,27,461897,461897,meta,,4096,56,63,False
ep24,28,461901,461901,meta,,4096,64,71,False
ep24,29,461906,461906,meta,,4096,8,15,False
ep24,30,461913,461913,meta,,4096,24,31,False
ep24,31,461918,461918,forward,19968,4096,120,127,True
ep24,32,461926,461926,meta,,4096,16,23,False
ep24,33,461932,461932,forward,24064,4096,128,135,True
ep24,34,461937,461937,forward,220672,4096,512,519,True
ep24,35,462006,462006,forward,2055680,4096,4096,4103,True
ep25,0,489978,489978,meta,,4096,16721,16728,False
ep25,1,489982,489982,meta,,4096,16729,16736,False
ep25,2,489986,489986,meta,,4096,16737,16744,False
ep25,3,489989,489989,meta,,4096,16745,16752,False
ep25,4,489993,489993,meta,,4096,16753,16760,False
ep25,5,489997,489997,meta,,4096,16761,16768,False
ep25,6,490000,490000,meta,,4096,16769,16776,False
ep25,7,490004,490004,meta,,4096,16777,16784,False
ep25,8,490007,490007,meta,,4096,16785,16792,False
ep25,9,490011,490011,meta,,4096,16793,16800,False
ep25,10,490015,490015,meta,,4096,16801,16808,False
ep25,11,490018,490018,meta,,4096,16809,16816,False
ep25,12,490022,490022,meta,,4096,16817,16824,False
ep25,13,490026,490026,meta,,4096,16825,16832,False
ep25,14,490029,490029,meta,,4096,16833,16840,False
ep25,15,490033,490033,meta,,4096,16841,16848,False
ep25,16,490037,490037,meta,,4096,16849,16856,False
ep25,17,490040,490040,meta,,4096,16857,16864,False
ep25,18,490044,490044,meta,,4096,16865,16872,False
ep25,19,490048,490048,meta,,4096,16873,16880,False
ep25,20,490051,490051,meta,,4096,16881,16888,False
ep25,21,490055,490055,meta,,4096,16889,16896,False
ep25,22,490059,490059,meta,,4096,16897,16904,False
ep25,23,490062,490062,meta,,4096,16905,16912,False
ep25,24,490066,490066,meta,,4096,16913,16920,False
ep25,25,490070,490070,meta,,4096,16921,16928,False
ep25,26,490073,490073,meta,,4096,16929,16936,False
ep25,27,490077,490077,meta,,4096,16937,16944,False
ep25,28,490082,490082,meta,,4096,16945,16952,False
ep25,29,490085,490085,meta,,4096,16953,16960,False
ep25,30,490089,490089,meta,,4096,16961,16968,False
ep25,31,490093,490093,meta,,4096,16969,16976,False
ep25,32,490096,490096,meta,,4096,16977,16984,False
ep25,33,490100,490100,meta,,4096,16985,16992,False
ep25,34,490104,490104,meta,,4096,16993,17000,False
ep25,35,490107,490107,meta,,4096,17001,17008,False
ep25,36,490111,490111,meta,,4096,17009,17016,False
ep25,37,490114,490114,meta,,4096,17017,17024,False
ep25,38,490118,490118,meta,,4096,17025,17032,False
ep25,39,490122,490122,meta,,4096,17033,17040,False
ep25,40,490125,490125,meta,,4096,17041,17048,False
ep25,41,490129,490129,meta,,4096,17049,17056,False
ep25,42,490133,490133,meta,,4096,17057,17064,False
ep25,43,490136,490136,meta,,4096,17065,17072,False
ep25,44,490140,490140,meta,,4096,17073,17080,False
ep25,45,490144,490144,meta,,4096,17081,17088,False
ep25,46,490147,490147,meta,,4096,17089,17096,False
ep25,47,490151,490151,meta,,4096,17097,17104,False
ep25,48,490155,490155,meta,,4096,17105,17112,False
ep25,49,490158,490158,meta,,4096,17113,17120,False
ep25,50,490162,490162,meta,,4096,17121,17128,False
ep25,51,490165,490165,meta,,4096,17129,17136,False
ep25,52,490169,490169,meta,,4096,17137,17144,False
ep25,53,490173,490173,meta,,4096,17145,17152,False
ep25,54,490176,490176,meta,,4096,17153,17160,False
ep25,55,490180,490180,meta,,4096,17161,17168,False
ep25,56,490184,490184,meta,,4096,17169,17176,False
ep25,57,490187,490187,meta,,4096,17177,17184,False
ep25,58,490191,490191,meta,,4096,17185,17192,False
ep25,59,490194,490194,meta,,4096,17193,17200,False
ep25,60,490198,490198,meta,,4096,17201,17208,False
ep25,61,490202,490202,meta,,4096,17209,17216,False
ep25,62,490206,490206,meta,,4096,17217,17224,False
ep25,63,490209,490209,meta,,4096,17225,17232,False
ep25,64,490213,490213,meta,,4096,17233,17240,False
ep25,65,490216,490216,meta,,4096,17241,17248,False
ep25,66,490220,490220,meta,,4096,17249,17256,False
ep25,67,490224,490224,meta,,4096,17257,17264,False
ep25,68,490227,490227,meta,,4096,17265,17272,False
ep25,69,490231,490231,meta,,4096,17273,17280,False
ep25,70,490235,490235,meta,,4096,17281,17288,False
ep25,71,490238,490238,meta,,4096,17289,17296,False
ep25,72,490242,490242,meta,,4096,17297,17304,False
ep25,73,490245,490245,meta,,4096,17305,17312,False
ep25,74,490249,490249,meta,,4096,17313,17320,False
ep25,75,490253,490253,meta,,4096,17321,17328,False
ep25,76,490256,490256,meta,,4096,17329,17336,False
ep25,77,490260,490260,meta,,4096,17337,17344,False
ep25,78,490263,490263,meta,,4096,17345,17352,False
ep25,79,490267,490267,meta,,4096,17353,17360,False
ep25,80,490271,490271,meta,,4096,17361,17368,False
ep25,81,490274,490274,meta,,4096,17369,17376,False
ep25,82,490278,490278,meta,,4096,17377,17384,False
ep25,83,490282,490282,meta,,4096,17385,17392,False
ep25,84,490285,490285,meta,,4096,17393,17400,False
ep25,85,490289,490289,meta,,4096,17401,17408,False
ep25,86,490293,490293,meta,,4096,17409,17416,False
ep25,87,490296,490296,meta,,4096,17417,17424,False
ep25,88,490300,490300,meta,,4096,17425,17432,False
ep25,89,490303,490303,meta,,4096,17433,17440,False
ep25,90,490307,490307,meta,,4096,17441,17448,False
ep25,91,490311,490311,meta,,4096,17449,17456,False
ep25,92,490315,490315,meta,,4096,17457,17464,False
ep25,93,490318,490318,meta,,4096,17465,17472,False
ep25,94,490322,490322,meta,,4096,17473,17480,False
ep25,95,490325,490325,meta,,4096,17481,17488,False
ep26,0,494049,494075,forward,245760,16384,561,592,True
ep26,1,494079,494202,forward,122880,122880,321,560,True
ep26,2,494206,494229,forward,0,20480,81,120,True
ep26,3,494275,494324,forward,65536,57344,209,320,True
ep26,4,494329,494643,forward,262144,335872,593,1248,True
ep26,5,494885,495249,forward,851968,393216,1745,2512,True
ep26,6,495889,495953,forward,1585152,61440,3177,3296,True
ep26,7,495958,496251,forward,2203648,331776,4385,5032,True
ep26,8,497311,497673,forward,3440640,393216,6801,7568,True
ep26,9,497841,497841,meta,,4096,17585,17592,False
ep26,10,497844,497844,meta,,4096,17593,17600,False
ep26,11,497848,497848,meta,,4096,17601,17608,False
ep26,12,497852,497852,meta,,4096,17609,17616,False
ep26,13,497855,497855,meta,,4096,17617,17624,False
ep26,14,497859,497859,meta,,4096,17625,17632,False
ep26,15,497862,497862,meta,,4096,17633,17640,False
ep26,16,497866,497866,meta,,4096,17641,17648,False
ep26,17,497870,497870,meta,,4096,17649,17656,False
ep26,18,497873,497873,meta,,4096,17657,17664,False
ep26,19,497877,497877,meta,,4096,17665,17672,False
ep26,20,497881,497881,meta,,4096,17673,17680,False
ep26,21,497884,497884,meta,,4096,17681,17688,False
ep26,22,497888,497888,meta,,4096,17689,17696,False
ep26,23,497891,497891,meta,,4096,17697,17704,False
ep26,24,497895,497895,meta,,4096,17705,17712,False
ep26,25,497899,497899,meta,,4096,17713,17720,False
ep26,26,497902,497902,meta,,4096,17721,17728,False
ep26,27,497906,497906,meta,,4096,17729,17736,False
ep26,28,497910,497910,meta,,4096,17737,17744,False
ep26,29,497914,497914,meta,,4096,17745,17752,False
ep26,30,497917,497917,meta,,4096,17753,17760,False
ep26,31,497921,497921,meta,,4096,17761,17768,False
ep26,32,497924,497924,meta,,4096,17769,17776,False
ep26,33,497928,497928,meta,,4096,17777,17784,False
ep26,34,497932,497932,meta,,4096,17785,17792,False
ep26,35,497935,497935,meta,,4096,17793,17800,False
ep26,36,497939,497939,meta,,4096,17801,17808,False
ep26,37,497942,497942,meta,,4096,17809,17816,False
ep26,38,497946,497946,meta,,4096,17817,17824,False
ep26,39,497950,497950,meta,,4096,17825,17832,False
ep26,40,497953,497953,meta,,4096,17833,17840,False
ep26,41,497957,497957,meta,,4096,17841,17848,False
ep26,42,497960,497960,meta,,4096,17849,17856,False
ep26,43,497964,497964,meta,,4096,17857,17864,False
ep26,44,497968,497968,meta,,4096,17865,17872,False
ep26,45,497971,497971,meta,,4096,17873,17880,False
ep26,46,497975,497975,meta,,4096,17881,17888,False
ep26,47,497979,497979,meta,,4096,17889,17896,False
ep26,48,497982,497982,meta,,4096,17897,17904,False
ep26,49,497986,497986,meta,,4096,17905,17912,False
ep26,50,497989,497989,meta,,4096,17913,17920,False
ep26,51,497993,497993,meta,,4096,17921,17928,False
ep26,52,497997,497997,meta,,4096,17929,17936,False
ep26,53,498000,498000,meta,,4096,17937,17944,False
ep26,54,498004,498004,meta,,4096,17945,17952,False
ep26,55,498008,498008,meta,,4096,17953,17960,False
ep26,56,498011,498011,meta,,4096,17961,17968,False
ep26,57,498015,498015,meta,,4096,17969,17976,False
ep26,58,498019,498019,meta,,4096,17977,17984,False
ep26,59,498022,498022,meta,,4096,17985,17992,False
ep26,60,498026,498026,meta,,4096,17993,18000,False
ep26,61,498030,498030,meta,,4096,18001,18008,False
ep26,62,498034,498034,meta,,4096,18009,18016,False
ep26,63,498037,498037,meta,,4096,18017,18024,False
ep26,64,498041,498041,meta,,4096,18025,18032,False
ep26,65,498045,498045,meta,,4096,18033,18040,False
ep26,66,498048,498048,meta,,4096,18041,18048,False
ep26,67,498052,498052,meta,,4096,18049,18056,False
ep26,68,498056,498056,meta,,4096,18057,18064,False
ep26,69,498060,498060,meta,,4096,18065,18072,False
ep26,70,498063,498063,meta,,4096,18073,18080,False
ep26,71,498067,498067,meta,,4096,18081,18088,False
ep26,72,498071,498071,meta,,4096,18089,18096,False
ep26,73,498075,498075,meta,,4096,18097,18104,False
ep26,74,498079,498079,meta,,4096,18105,18112,False
ep26,75,498083,498083,meta,,4096,18113,18120,False
ep26,76,498087,498087,meta,,4096,18121,18128,False
ep26,77,498091,498091,meta,,4096,18129,18136,False
ep26,78,498095,498095,meta,,4096,18137,18144,False
ep26,79,498099,498099,meta,,4096,18145,18152,False
ep26,80,498103,498103,meta,,4096,18153,18160,False
ep26,81,498106,498106,meta,,4096,18161,18168,False
ep26,82,498110,498110,meta,,4096,18169,18176,False
ep26,83,498114,498114,meta,,4096,18177,18184,False
ep26,84,498118,498118,meta,,4096,18185,18192,False
ep26,85,498121,498121,meta,,4096,18193,18200,False
ep26,86,498125,498125,meta,,4096,18201,18208,False
ep26,87,498129,498129,meta,,4096,18209,18216,False
ep26,88,498132,498132,meta,,4096,18217,18224,False
ep26,89,498136,498136,meta,,4096,18225,18232,False
ep26,90,498140,498140,meta,,4096,18233,18240,False
ep26,91,498144,498144,meta,,4096,18241,18248,False
ep26,92,498147,498147,meta,,4096,18249,18256,False
ep26,93,498151,498151,meta,,4096,18257,18264,False
ep26,94,498154,498154,meta,,4096,18265,18272,False
ep26,95,498158,498158,meta,,4096,18273,18280,False
ep26,96,498162,498162,meta,,4096,18281,18288,False
ep26,97,498166,498166,meta,,4096,18289,18296,False
ep26,98,498170,498170,meta,,4096,18297,18304,False
ep26,99,498173,498173,meta,,4096,18305,18312,False
ep26,100,498177,498177,meta,,4096,18313,18320,False
ep26,101,498181,498181,meta,,4096,18321,18328,False
ep26,102,498185,498185,meta,,4096,18329,18336,False
ep26,103,498188,498188,meta,,4096,18337,18344,False
ep26,104,498192,498192,meta,,4096,18345,18352,False
ep26,105,498196,498196,meta,,4096,18353,18360,False
ep26,106,498200,498200,meta,,4096,18361,18368,False
ep26,107,498203,498203,meta,,4096,18369,18376,False
ep26,108,498207,498207,meta,,4096,18377,18384,False
ep26,109,498211,498211,meta,,4096,18385,18392,False
ep26,110,498215,498215,meta,,4096,18393,18400,False
ep26,111,498218,498218,meta,,4096,18401,18408,False
ep26,112,498222,498222,meta,,4096,18409,18416,False
ep26,113,498226,498226,meta,,4096,18417,18424,False
ep26,114,498229,498229,meta,,4096,18425,18432,False
ep26,115,498233,498233,meta,,4096,18433,18440,False
ep26,116,498237,498237,meta,,4096,18441,18448,False
ep26,117,498240,498240,meta,,4096,18449,18456,False
ep26,118,498244,498244,meta,,4096,18457,18464,False
ep26,119,498247,498247,meta,,4096,18465,18472,False
ep26,120,498251,498251,meta,,4096,18473,18480,False
ep26,121,498255,498255,meta,,4096,18481,18488,False
ep26,122,498259,498259,meta,,4096,18489,18496,False
ep26,123,498263,498263,meta,,4096,18497,18504,False
ep26,124,498266,498266,meta,,4096,18505,18512,False
ep27,0,508725,508862,forward,5791744,122880,11393,11632,True
ep27,1,508868,508977,forward,5668864,122880,11153,11392,True
ep27,2,508981,509091,forward,5914624,122880,11633,11872,True
ep27,3,509095,510707,forward,3948544,1720320,7793,11152,True
ep27,4,510711,512727,forward,6037504,2105344,11873,15984,True
ep28,0,574770,574770,meta,,4096,0,7,False
ep28,1,574796,574796,meta,,4096,0,7,False
ep28,2,574801,574801,meta,,4096,32,39,False
ep28,3,574805,574805,meta,,4096,40,47,False
ep28,4,574809,574809,meta,,4096,48,55,False
ep28,5,574813,574813,meta,,4096,56,63,False
ep28,6,574817,574817,meta,,4096,64,71,False
ep28,7,574822,574822,meta,,4096,8,15,False
ep28,8,574828,574828,meta,,4096,24,31,False
ep28,9,574832,574832,forward,19968,4096,120,127,True
ep28,10,574851,574851,meta,,4096,16,23,False
ep28,11,574855,574855,forward,24064,4096,128,135,True
ep28,12,574859,574859,forward,220672,4096,512,519,True
ep28,13,574863,574863,forward,2055680,4096,4096,4103,True
ep28,14,574878,574878,meta,,4096,0,7,False
ep28,15,574973,574973,meta,,512,0,0,False
ep28,16,574975,574975,meta,,4096,1,8,False
ep28,17,574980,574980,meta,,4096,9,16,False
ep28,18,574985,574985,meta,,4096,33,40,False
ep28,19,574989,574989,meta,,4096,41,48,False
ep28,20,574992,574992,meta,,4096,49,56,False
ep28,21,574996,574996,meta,,4096,57,64,False
ep28,22,575033,575033,meta,,512,1,1,False
ep28,23,575034,575034,meta,,512,2,2,False
ep28,24,575035,575035,meta,,2560,3,7,False
ep28,25,575039,575039,meta,,4096,32,39,False
ep28,26,575043,575043,meta,,4096,40,47,False
ep28,27,575047,575047,meta,,4096,48,55,False
ep28,28,575050,575050,meta,,4096,56,63,False
ep28,29,575054,575054,meta,,4096,64,71,False
ep28,30,575060,575060,meta,,4096,8,15,False
ep28,31,575065,575065,meta,,4096,24,31,False
ep28,32,575070,575070,forward,19968,4096,120,127,True
ep28,33,575074,575074,meta,,4096,16,23,False
ep28,34,575079,575079,forward,24064,4096,128,135,True
ep28,35,575083,575083,forward,220672,4096,512,519,True
ep28,36,575087,575087,forward,2055680,4096,4096,4103,True
ep28,37,575186,575186,meta,,4096,65,72,False
ep28,38,575195,575195,meta,,4096,73,80,False
ep28,39,575220,575312,forward,0,81920,81,240,True
ep28,40,575316,575316,forward,8384512,4096,16457,16464,True
ep28,41,575341,575580,forward,81920,262144,241,752,True
ep28,42,575585,575585,meta,,4096,16465,16472,False
ep28,43,575601,575601,meta,,4096,16473,16480,False
ep28,44,575605,575605,meta,,4096,16481,16488,False
ep28,45,575609,575609,meta,,4096,16489,16496,False
ep28,46,575613,575613,meta,,4096,17489,17496,False
ep28,47,575617,575617,meta,,4096,17497,17504,False
ep28,48,575621,575621,meta,,4096,17505,17512,False
ep28,49,575625,575625,meta,,4096,17513,17520,False
ep28,50,575629,575629,meta,,4096,17521,17528,False
ep28,51,575633,575633,meta,,4096,17529,17536,False
ep28,52,575636,575636,meta,,4096,17537,17544,False
ep28,53,575640,575640,meta,,4096,17545,17552,False
ep28,54,575644,575644,meta,,4096,17553,17560,False
ep28,55,575647,575647,meta,,4096,17561,17568,False
ep28,56,575651,575651,meta,,4096,17569,17576,False
ep28,57,575654,575654,meta,,4096,17577,17584,False
ep28,58,575658,575658,meta,,4096,17585,17592,False
ep28,59,575662,575662,meta,,4096,17593,17600,False
ep28,60,575666,575666,meta,,4096,17601,17608,False
ep28,61,575670,575670,meta,,4096,17609,17616,False
ep28,62,575673,575673,meta,,4096,17617,17624,False
ep28,63,575677,575677,meta,,4096,17625,17632,False
ep28,64,575681,575681,meta,,4096,17633,17640,False
ep28,65,575685,575685,meta,,4096,17641,17648,False
ep28,66,575688,575688,meta,,4096,17649,17656,False
ep28,67,575692,575692,meta,,4096,17657,17664,False
ep28,68,575696,575696,meta,,4096,17665,17672,False
ep28,69,575699,575699,meta,,4096,17673,17680,False
ep28,70,575703,575703,meta,,4096,17681,17688,False
ep28,71,575707,575707,meta,,4096,17689,17696,False
ep28,72,575710,575710,meta,,4096,17697,17704,False
ep28,73,575714,575714,meta,,4096,17705,17712,False
ep28,74,575718,575718,meta,,4096,17713,17720,False
ep28,75,575721,575721,meta,,4096,17721,17728,False
ep28,76,575725,575725,meta,,4096,17729,17736,False
ep28,77,575729,575729,meta,,4096,17737,17744,False
ep28,78,575733,575733,meta,,4096,17745,17752,False
ep28,79,575737,575737,meta,,4096,17753,17760,False
ep28,80,575741,575741,meta,,4096,17761,17768,False
ep28,81,575745,575745,meta,,4096,17769,17776,False
ep28,82,575749,575749,meta,,4096,17777,17784,False
ep28,83,575753,575753,meta,,4096,17785,17792,False
ep28,84,575756,575756,meta,,4096,17793,17800,False
ep28,85,575760,575760,meta,,4096,17801,17808,False
ep28,86,575764,575764,meta,,4096,17809,17816,False
ep28,87,575768,575768,meta,,4096,17817,17824,False
ep28,88,575772,575772,meta,,4096,17825,17832,False
ep28,89,575776,575776,meta,,4096,17833,17840,False
ep28,90,575780,575780,meta,,4096,17841,17848,False
ep28,91,575784,575784,meta,,4096,17849,17856,False
ep28,92,575787,575787,meta,,4096,17857,17864,False
ep28,93,575791,575791,meta,,4096,17865,17872,False
ep28,94,575795,575795,meta,,4096,17873,17880,False
ep28,95,575799,575799,meta,,4096,17881,17888,False
ep28,96,575803,575803,meta,,4096,17889,17896,False
ep28,97,575807,575807,meta,,4096,17897,17904,False
ep28,98,575811,575811,meta,,4096,17905,17912,False
ep28,99,575815,575815,meta,,4096,17913,17920,False
ep28,100,575819,575819,meta,,4096,17921,17928,False
ep28,101,575823,575823,meta,,4096,17929,17936,False
ep28,102,575826,575826,meta,,4096,17937,17944,False
ep28,103,575830,575830,meta,,4096,17945,17952,False
ep28,104,575834,575834,meta,,4096,17953,17960,False
ep28,105,575838,575838,meta,,4096,17961,17968,False
ep28,106,575842,575842,meta,,4096,17969,17976,False
ep28,107,575846,575846,meta,,4096,17977,17984,False
ep28,108,575849,575849,meta,,4096,17985,17992,False
ep28,109,575853,575853,meta,,4096,17993,18000,False
ep28,110,575857,575857,meta,,4096,16497,16504,False
ep28,111,575861,575861,meta,,4096,16505,16512,False
ep28,112,575864,575864,meta,,4096,16513,16520,False
ep28,113,575868,575868,meta,,4096,16521,16528,False
ep28,114,575871,575871,meta,,4096,16529,16536,False
ep28,115,575875,575875,meta,,4096,16537,16544,False
ep28,116,575879,575879,meta,,4096,16545,16552,False
ep28,117,575882,575882,meta,,4096,16553,16560,False
ep28,118,576052,576052,meta,,4096,18257,18264,False
ep28,119,576056,576056,meta,,4096,18265,18272,False
ep28,120,576059,576059,meta,,4096,18273,18280,False
ep28,121,576063,576063,meta,,4096,18281,18288,False
ep28,122,576067,576067,meta,,4096,18289,18296,False
ep28,123,576070,576070,meta,,4096,18297,18304,False
ep28,124,576074,576074,meta,,4096,18305,18312,False
ep28,125,576078,576078,meta,,4096,18313,18320,False
ep28,126,576082,576082,meta,,4096,18321,18328,False
ep28,127,576085,576085,meta,,4096,18329,18336,False
ep28,128,576089,576089,meta,,4096,18337,18344,False
ep28,129,576093,576093,meta,,4096,18345,18352,False
ep28,130,576096,576096,meta,,4096,18353,18360,False
ep28,131,576100,576100,meta,,4096,18361,18368,False
ep28,132,576103,576103,meta,,4096,18369,18376,False
ep28,133,576107,576107,meta,,4096,18377,18384,False
ep28,134,576111,576111,meta,,4096,18385,18392,False
ep28,135,576114,576114,meta,,4096,18393,18400,False
ep28,136,576118,576118,meta,,4096,18401,18408,False
ep28,137,576122,576122,meta,,4096,18409,18416,False
ep28,138,576125,576125,meta,,4096,18417,18424,False
ep28,139,576129,576129,meta,,4096,18425,18432,False
ep28,140,576132,576132,meta,,4096,18433,18440,False
ep28,141,576136,576136,meta,,4096,18441,18448,False
ep28,142,576140,576140,meta,,4096,18449,18456,False
ep28,143,576144,576144,meta,,4096,18457,18464,False
ep28,144,576148,576148,meta,,4096,18465,18472,False
ep28,145,576152,576152,meta,,4096,18473,18480,False
ep28,146,576156,576156,meta,,4096,18481,18488,False
ep28,147,576160,576160,meta,,4096,18489,18496,False
ep28,148,576163,576163,meta,,4096,18497,18504,False
ep28,149,576167,576167,meta,,4096,18505,18512,False
ep28,150,576171,576171,meta,,4096,17105,17112,False
ep28,151,576175,576175,meta,,4096,17113,17120,False
ep28,152,576178,576178,meta,,4096,17121,17128,False
ep28,153,576182,576182,meta,,4096,17129,17136,False
ep28,154,576186,576186,meta,,4096,16865,16872,False
ep28,155,576190,576190,meta,,4096,16873,16880,False
ep28,156,576193,576193,meta,,4096,16881,16888,False
ep28,157,576197,576197,meta,,4096,16889,16896,False
ep28,158,576201,576201,meta,,4096,16897,16904,False
ep28,159,576204,576204,meta,,4096,16905,16912,False
ep28,160,576208,576208,meta,,4096,16913,16920,False
ep28,161,576211,576211,meta,,4096,16921,16928,False
ep28,162,576215,576215,meta,,4096,16929,16936,False
ep28,163,576219,576219,meta,,4096,16937,16944,False
ep28,164,576222,576222,meta,,4096,16945,16952,False
ep28,165,576226,576226,meta,,4096,16953,16960,False
ep28,166,576230,576230,meta,,4096,16961,16968,False
ep28,167,576234,576234,meta,,4096,16969,16976,False
ep28,168,576238,576238,meta,,4096,16977,16984,False
ep28,169,576241,576241,meta,,4096,16985,16992,False
ep28,170,576245,576245,meta,,4096,16993,17000,False
ep28,171,576249,576249,meta,,4096,17001,17008,False
ep28,172,576253,576253,meta,,4096,17009,17016,False
ep28,173,576257,576257,meta,,4096,17017,17024,False
ep28,174,576261,576261,meta,,4096,17025,17032,False
ep28,175,576265,576265,meta,,4096,17033,17040,False
ep28,176,576268,576268,meta,,4096,17041,17048,False
ep28,177,576272,576272,meta,,4096,17049,17056,False
ep28,178,576276,576276,meta,,4096,17057,17064,False
ep28,179,576280,576280,meta,,4096,17065,17072,False
ep28,180,576283,576283,meta,,4096,17073,17080,False
ep28,181,576287,576287,meta,,4096,17081,17088,False
ep28,182,576291,576291,meta,,4096,17089,17096,False
ep28,183,576294,576294,meta,,4096,17097,17104,False
ep28,184,576299,576299,meta,,4096,16625,16632,False
ep28,185,576302,576302,meta,,4096,16633,16640,False
ep28,186,576306,576306,meta,,4096,16641,16648,False
ep28,187,576310,576310,meta,,4096,16649,16656,False
ep28,188,576314,576314,meta,,4096,16657,16664,False
ep28,189,576317,576317,meta,,4096,16665,16672,False
ep28,190,576321,576321,meta,,4096,16673,16680,False
ep28,191,576324,576324,meta,,4096,16681,16688,False
ep28,192,576328,576328,meta,,4096,16689,16696,False
ep28,193,576332,576332,meta,,4096,16697,16704,False
ep28,194,576336,576336,meta,,4096,16705,16712,False
ep28,195,576339,576339,meta,,4096,16713,16720,False
ep28,196,576343,576343,meta,,4096,16721,16728,False
ep28,197,576347,576347,meta,,4096,16729,16736,False
ep28,198,576351,576351,meta,,4096,16737,16744,False
ep28,199,576354,576354,meta,,4096,16745,16752,False
ep28,200,576358,576358,meta,,4096,16753,16760,False
ep28,201,576362,576362,meta,,4096,16761,16768,False
ep28,202,576365,576365,meta,,4096,16769,16776,False
ep28,203,576369,576369,meta,,4096,16777,16784,False
ep28,204,576373,576373,meta,,4096,16785,16792,False
ep28,205,576376,576376,meta,,4096,16793,16800,False
ep28,206,576380,576380,meta,,4096,16801,16808,False
ep28,207,576383,576383,meta,,4096,16809,16816,False
ep28,208,576387,576387,meta,,4096,16817,16824,False
ep28,209,576391,576391,meta,,4096,16825,16832,False
ep28,210,576394,576394,meta,,4096,16833,16840,False
ep28,211,576398,576398,meta,,4096,16841,16848,False
ep28,212,576401,576401,meta,,4096,16849,16856,False
ep28,213,576405,576405,meta,,4096,16857,16864,False
ep29,0,579885,579885,meta,,4096,17137,17144,False
ep29,1,579903,579903,meta,,4096,17145,17152,False
ep29,2,579906,579906,meta,,4096,17153,17160,False
ep29,3,579910,579910,meta,,4096,17161,17168,False
ep29,4,579914,579914,meta,,4096,17169,17176,False
ep29,5,579918,579918,meta,,4096,17177,17184,False
ep29,6,579921,579921,meta,,4096,17185,17192,False
ep29,7,579940,579940,meta,,4096,17193,17200,False
ep29,8,579944,579944,meta,,4096,17201,17208,False
ep29,9,579948,579948,meta,,4096,17209,17216,False
ep29,10,579951,579951,meta,,4096,17217,17224,False
ep29,11,579955,579955,meta,,4096,17225,17232,False
ep29,12,579959,579959,meta,,4096,17233,17240,False
ep29,13,579962,579962,meta,,4096,17241,17248,False
ep29,14,579966,579966,meta,,4096,17249,17256,False
ep29,15,579969,579969,meta,,4096,17257,17264,False
ep29,16,579973,579973,meta,,4096,17265,17272,False
ep29,17,579977,579977,meta,,4096,17273,17280,False
ep29,18,579981,579981,meta,,4096,17281,17288,False
ep29,19,579984,579984,meta,,4096,17289,17296,False
ep29,20,579988,579988,meta,,4096,17297,17304,False
ep29,21,579992,579992,meta,,4096,17305,17312,False
ep29,22,579996,579996,meta,,4096,17313,17320,False
ep29,23,580000,580000,meta,,4096,17321,17328,False
ep29,24,580003,580003,meta,,4096,17329,17336,False
ep29,25,580007,580007,meta,,4096,17337,17344,False
ep29,26,580011,580011,meta,,4096,17345,17352,False
ep29,27,580014,580014,meta,,4096,17353,17360,False
ep29,28,580018,580018,meta,,4096,17361,17368,False
ep29,29,580022,580022,meta,,4096,17369,17376,False
ep29,30,580026,580026,meta,,4096,17377,17384,False
ep29,31,580030,580030,meta,,4096,17385,17392,False
ep29,32,580033,580033,meta,,4096,17393,17400,False
ep29,33,580037,580037,meta,,4096,17401,17408,False
ep29,34,580041,580041,meta,,4096,17409,17416,False
ep29,35,580045,580045,meta,,4096,17417,17424,False
ep29,36,580048,580048,meta,,4096,17425,17432,False
ep29,37,580052,580052,meta,,4096,17433,17440,False
ep29,38,580056,580056,meta,,4096,17441,17448,False
ep29,39,580059,580059,meta,,4096,17449,17456,False
ep29,40,580063,580063,meta,,4096,17457,17464,False
ep29,41,580067,580067,meta,,4096,17465,17472,False
ep29,42,580070,580070,meta,,4096,17473,17480,False
ep30,0,597324,597343,forward,958464,8192,1953,1968,True
ep30,1,597348,597467,forward,835584,122880,1713,1952,True
ep30,2,597471,597582,forward,966656,122880,1969,2208,True
ep30,3,597587,598034,forward,344064,491520,753,1712,True
ep30,4,598038,598506,forward,1089536,491520,2209,3168,True
ep30,5,598511,598845,forward,2211840,368640,4401,5120,True
ep30,6,598849,599215,forward,1581056,368640,3169,3888,True
ep30,7,599219,599553,forward,2580480,368640,5121,5840,True
ep30,8,599557,599806,forward,1949696,262144,3889,4400,True
ep30,9,599811,601596,forward,2949120,1802240,5841,9360,True
