Oct 04 10:53:00 Pidrive python3[1245019]: [tx] {"t":"ping"}
Oct 04 10:53:00 Pidrive python3[1245019]: [rx] {"t":"pong"}
Oct 04 10:53:02 Pidrive python3[1245019]: [tx] {"t":"ping"}
Oct 04 10:53:02 Pidrive python3[1245019]: [rx] {"t":"pong"}
Oct 04 10:53:04 Pidrive python3[1245019]: [tx] {"t":"ping"}
Oct 04 10:53:04 Pidrive python3[1245019]: [rx] {"t":"pong"}
Oct 04 10:53:06 Pidrive python3[1245019]: [tx] {"t":"ping"}
Oct 04 10:53:06 Pidrive python3[1245019]: [rx] {"t":"pong"}
Oct 04 10:53:08 Pidrive python3[1245019]: [tx] {"t":"ping"}
Oct 04 10:53:08 Pidrive python3[1245019]: [rx] {"t":"pong"}
Oct 04 10:53:10 Pidrive python3[1245019]: [tx] {"t":"ping"}
Oct 04 10:53:10 Pidrive python3[1245019]: [rx] {"t":"pong"}
Oct 04 10:53:12 Pidrive python3[1245019]: [tx] {"t":"ping"}
Oct 04 10:53:12 Pidrive python3[1245019]: [rx] {"t":"pong"}
Oct 04 10:53:14 Pidrive python3[1245019]: [tx] {"t":"ping"}
Oct 04 10:53:14 Pidrive python3[1245019]: [rx] {"t":"pong"}
Oct 04 10:53:16 Pidrive python3[1245019]: [tx] {"t":"ping"}
Oct 04 10:53:16 Pidrive python3[1245019]: [rx] {"t":"pong"}
Oct 04 10:53:18 Pidrive python3[1245019]: [tx] {"t":"ping"}
Oct 04 10:53:18 Pidrive python3[1245019]: [rx] {"t":"pong"}
Oct 04 10:53:20 Pidrive python3[1245019]: [tx] {"t":"ping"}
Oct 04 10:53:20 Pidrive python3[1245019]: [rx] {"t":"pong"}
Oct 04 10:53:22 Pidrive python3[1245019]: [rx] {"t":"event","op":"diag","code":"msc.phase","detail":"idle unplug"}
Oct 04 10:53:22 Pidrive python3[1245019]: [msc] msc.phase idle unplug
Oct 04 10:53:22 Pidrive python3[1245019]: [msc-lock] USB_SESSION_END → MSC_MAP_RELEASED
Oct 04 10:53:22 Pidrive python3[1245019]: [tx] {"t":"ping"}
Oct 04 10:53:22 Pidrive python3[1245019]: [rx] {"t":"pong"}
Oct 04 10:53:24 Pidrive python3[1245019]: [tx] {"t":"ping"}
Oct 04 10:53:24 Pidrive python3[1245019]: [rx] {"t":"pong"}
Oct 04 10:53:26 Pidrive python3[1245019]: [tx] {"t":"ping"}
Oct 04 10:53:26 Pidrive python3[1245019]: [rx] {"t":"pong"}
Oct 04 10:53:30 Pidrive python3[1245019]: [tx] {"t":"ping"}
Oct 04 10:53:30 Pidrive python3[1245019]: [inject] goto:root
Oct 04 10:53:30 Pidrive python3[1245019]: [msc-lock] USB_SESSION_START → sealing (next menu_set freezes map)
Oct 04 10:53:30 Pidrive python3[1245019]: [bridge] link lost ([Errno 32] Broken pipe) — reconnect in 3.0s
Oct 04 10:53:34 Pidrive python3[1245019]: [tx] {"t":"hello","ver":1}
Oct 04 10:53:34 Pidrive python3[1245019]: [rx] {"t":"hello_ack","ver":"0.4.42-dev","fw":"pidrive","slots":4,"page":true,"audio":true,"bin":true,"tcp":true,"tcpPort":9090}
Oct 04 10:53:34 Pidrive python3[1245019]: [hello_ack] ver=0.4.42-dev slots=4 page=True tcp=True
Oct 04 10:53:34 Pidrive python3[1245019]: [tx] {"t":"menu_set","rev":4052,"page":0,"items":[{"uid":"fav0","name":"Rock Antenne","kind":"station"},{"uid":"fav1","name":"Rock Antenne Bayern","kind":"station"},{"uid":"fav2","name":"Radio BOB!","kind":"station"},{"uid":"pump:page_next","name":"Menue","kind":"action"}]}
Oct 04 10:53:34 Pidrive python3[1245019]: [bridge] reconnected tcp:192.168.178.89:9090 hello_ack=ok (menu snapshot resent rev=4052 grace=26)
Oct 04 10:53:34 Pidrive python3[1245019]: [tx] {"t":"ping"}
Oct 04 10:53:34 Pidrive python3[1245019]: [rx] {"t":"menu_ack","ok":true,"n":4,"rev":4052}
Oct 04 10:53:34 Pidrive python3[1245019]: [menu_ack] ok=True n=4 rev=4052
Oct 04 10:53:34 Pidrive python3[1245019]: [msc-lock] MSC_MAP_FROZEN [Rock Antenne,Rock Antenne Bayern,Radio BOB!,Menue]
Oct 04 10:53:34 Pidrive python3[1245019]: [rx] {"t":"pong"}
Oct 04 10:53:35 Pidrive python3[1245019]: [tx] {"t":"menu_set","rev":4053,"page":0,"items":[{"uid":"fav0","name":"Rock Antenne","kind":"station"},{"uid":"fav1","name":"Rock Antenne Bayern","kind":"station"},{"uid":"fav2","name":"Radio BOB!","kind":"station"},{"uid":"pump:page_next","name":"Menue","kind":"action"}]}
Oct 04 10:53:35 Pidrive python3[1245019]: [rx] {"t":"menu_ack","ok":true,"n":4,"rev":4053}
Oct 04 10:53:35 Pidrive python3[1245019]: [menu_ack] ok=True n=4 rev=4053
Oct 04 10:53:36 Pidrive python3[1245019]: [tx] {"t":"ping"}
Oct 04 10:53:36 Pidrive python3[1245019]: [rx] {"t":"pong"}
Oct 04 10:53:38 Pidrive python3[1245019]: [tx] {"t":"ping"}
Oct 04 10:53:38 Pidrive python3[1245019]: [rx] {"t":"pong"}
Oct 04 10:53:40 Pidrive python3[1245019]: [tx] {"t":"ping"}
Oct 04 10:53:40 Pidrive python3[1245019]: [rx] {"t":"pong"}
Oct 04 10:53:42 Pidrive python3[1245019]: [tx] {"t":"ping"}
Oct 04 10:53:42 Pidrive python3[1245019]: [rx] {"t":"pong"}
Oct 04 10:53:44 Pidrive python3[1245019]: [tx] {"t":"ping"}
Oct 04 10:53:44 Pidrive python3[1245019]: [rx] {"t":"pong"}
Oct 04 10:53:46 Pidrive python3[1245019]: [tx] {"t":"ping"}
Oct 04 10:53:46 Pidrive python3[1245019]: [rx] {"t":"pong"}
Oct 04 10:53:48 Pidrive python3[1245019]: [tx] {"t":"ping"}
Oct 04 10:53:48 Pidrive python3[1245019]: [rx] {"t":"pong"}
Oct 04 10:53:50 Pidrive python3[1245019]: [tx] {"t":"ping"}
Oct 04 10:53:50 Pidrive python3[1245019]: [rx] {"t":"pong"}
Oct 04 10:53:52 Pidrive python3[1245019]: [tx] {"t":"ping"}
Oct 04 10:53:52 Pidrive python3[1245019]: [rx] {"t":"pong"}
Oct 04 10:53:54 Pidrive python3[1245019]: [tx] {"t":"ping"}
Oct 04 10:53:54 Pidrive python3[1245019]: [rx] {"t":"pong"}
Oct 04 10:53:56 Pidrive python3[1245019]: [tx] {"t":"ping"}
Oct 04 10:53:56 Pidrive python3[1245019]: [rx] {"t":"pong"}
Oct 04 10:53:58 Pidrive python3[1245019]: [tx] {"t":"ping"}
Oct 04 10:53:58 Pidrive python3[1245019]: [rx] {"t":"pong"}
Oct 04 10:54:00 Pidrive python3[1245019]: [tx] {"t":"ping"}
Oct 04 10:54:00 Pidrive python3[1245019]: [rx] {"t":"pong"}
Oct 04 10:54:02 Pidrive python3[1245019]: [tx] {"t":"ping"}
Oct 04 10:54:02 Pidrive python3[1245019]: [rx] {"t":"pong"}
Oct 04 10:54:04 Pidrive python3[1245019]: [tx] {"t":"ping"}
Oct 04 10:54:04 Pidrive python3[1245019]: [rx] {"t":"pong"}
Oct 04 10:54:06 Pidrive python3[1245019]: [tx] {"t":"ping"}
Oct 04 10:54:06 Pidrive python3[1245019]: [rx] {"t":"pong"}
Oct 04 10:54:08 Pidrive python3[1245019]: [tx] {"t":"ping"}
Oct 04 10:54:08 Pidrive python3[1245019]: [rx] {"t":"pong"}
Oct 04 10:54:10 Pidrive python3[1245019]: [tx] {"t":"ping"}
Oct 04 10:54:10 Pidrive python3[1245019]: [rx] {"t":"pong"}
Oct 04 10:54:13 Pidrive python3[1245019]: [tx] {"t":"ping"}
Oct 04 10:54:13 Pidrive python3[1245019]: [rx] {"t":"pong"}
Oct 04 10:54:15 Pidrive python3[1245019]: [tx] {"t":"ping"}
Oct 04 10:54:15 Pidrive python3[1245019]: [rx] {"t":"pong"}
Oct 04 10:54:17 Pidrive python3[1245019]: [tx] {"t":"ping"}
Oct 04 10:54:17 Pidrive python3[1245019]: [rx] {"t":"pong"}
Oct 04 10:54:19 Pidrive python3[1245019]: [tx] {"t":"ping"}
Oct 04 10:54:19 Pidrive python3[1245019]: [rx] {"t":"pong"}
Oct 04 10:54:21 Pidrive python3[1245019]: [tx] {"t":"ping"}
Oct 04 10:54:21 Pidrive python3[1245019]: [rx] {"t":"pong"}
Oct 04 10:54:23 Pidrive python3[1245019]: [tx] {"t":"ping"}
Oct 04 10:54:23 Pidrive python3[1245019]: [rx] {"t":"pong"}
Oct 04 10:54:25 Pidrive python3[1245019]: [tx] {"t":"ping"}
Oct 04 10:54:25 Pidrive python3[1245019]: [rx] {"t":"pong"}
Oct 04 10:54:27 Pidrive python3[1245019]: [tx] {"t":"ping"}
Oct 04 10:54:27 Pidrive python3[1245019]: [rx] {"t":"pong"}
Oct 04 10:54:29 Pidrive python3[1245019]: [tx] {"t":"ping"}
Oct 04 10:54:29 Pidrive python3[1245019]: [rx] {"t":"pong"}
Oct 04 10:54:31 Pidrive python3[1245019]: [tx] {"t":"ping"}
Oct 04 10:54:31 Pidrive python3[1245019]: [rx] {"t":"pong"}
Oct 04 10:54:33 Pidrive python3[1245019]: [tx] {"t":"ping"}
Oct 04 10:54:33 Pidrive python3[1245019]: [rx] {"t":"pong"}
Oct 04 10:54:35 Pidrive python3[1245019]: [tx] {"t":"ping"}
Oct 04 10:54:35 Pidrive python3[1245019]: [rx] {"t":"pong"}
Oct 04 10:54:37 Pidrive python3[1245019]: [tx] {"t":"ping"}
Oct 04 10:54:37 Pidrive python3[1245019]: [rx] {"t":"pong"}
Oct 04 10:54:39 Pidrive python3[1245019]: [tx] {"t":"ping"}
Oct 04 10:54:39 Pidrive python3[1245019]: [rx] {"t":"pong"}
Oct 04 10:54:41 Pidrive python3[1245019]: [tx] {"t":"ping"}
Oct 04 10:54:41 Pidrive python3[1245019]: [rx] {"t":"pong"}
Oct 04 10:54:43 Pidrive python3[1245019]: [tx] {"t":"ping"}
Oct 04 10:54:43 Pidrive python3[1245019]: [rx] {"t":"pong"}
Oct 04 10:54:45 Pidrive python3[1245019]: [tx] {"t":"ping"}
Oct 04 10:54:45 Pidrive python3[1245019]: [rx] {"t":"pong"}
Oct 04 10:54:47 Pidrive python3[1245019]: [tx] {"t":"ping"}
Oct 04 10:54:47 Pidrive python3[1245019]: [rx] {"t":"pong"}
Oct 04 10:54:49 Pidrive python3[1245019]: [tx] {"t":"ping"}
Oct 04 10:54:49 Pidrive python3[1245019]: [rx] {"t":"pong"}
Oct 04 10:54:51 Pidrive python3[1245019]: [rx] {"t":"event","op":"diag","code":"play.reject","detail":"not_from_head uid=fav1 from=17377 +4096B age=82821ms prefetch"}
Oct 04 10:54:51 Pidrive python3[1245019]: [msc] play.reject not_from_head uid=fav1 from=17377 +4096B age=82821ms prefetch
Oct 04 10:54:51 Pidrive python3[1245019]: [rx] {"t":"event","op":"msc.reads","ms":83623,"gap":65535,"lba0":17377,"lba1":17377,"bytes":4096,"n":1,"kind":2,"ov":116}
Oct 04 10:54:51 Pidrive python3[1245019]: [msc.reads] n=1 bytes=4096 lba=17377..17377 gap=65535 ov=116
Oct 04 10:54:51 Pidrive python3[1245019]: [rx] {"t":"event","op":"msc.reads","ms":83641,"gap":18,"lba0":17385,"lba1":17385,"bytes":4096,"n":1,"kind":2,"ov":116}
Oct 04 10:54:51 Pidrive python3[1245019]: [msc.reads] n=1 bytes=4096 lba=17385..17385 gap=18 ov=116
Oct 04 10:54:51 Pidrive python3[1245019]: [rx] {"t":"event","op":"msc.reads","ms":83645,"gap":4,"lba0":17393,"lba1":17393,"bytes":4096,"n":1,"kind":2,"ov":116}
Oct 04 10:54:51 Pidrive python3[1245019]: [msc.reads] n=1 bytes=4096 lba=17393..17393 gap=4 ov=116
Oct 04 10:54:51 Pidrive python3[1245019]: [rx] {"t":"event","op":"msc.reads","ms":83649,"gap":4,"lba0":17401,"lba1":17401,"bytes":4096,"n":1,"kind":2,"ov":116}
Oct 04 10:54:51 Pidrive python3[1245019]: [msc.reads] n=1 bytes=4096 lba=17401..17401 gap=4 ov=116
Oct 04 10:54:51 Pidrive python3[1245019]: [rx] {"t":"event","op":"msc.reads","ms":83653,"gap":4,"lba0":17409,"lba1":17409,"bytes":4096,"n":1,"kind":2,"ov":116}
Oct 04 10:54:51 Pidrive python3[1245019]: [msc.reads] n=1 bytes=4096 lba=17409..17409 gap=4 ov=116
Oct 04 10:54:51 Pidrive python3[1245019]: [rx] {"t":"event","op":"msc.reads","ms":83657,"gap":4,"lba0":17417,"lba1":17417,"bytes":4096,"n":1,"kind":2,"ov":116}
Oct 04 10:54:51 Pidrive python3[1245019]: [msc.reads] n=1 bytes=4096 lba=17417..17417 gap=4 ov=116
Oct 04 10:54:51 Pidrive python3[1245019]: [rx] {"t":"event","op":"msc.reads","ms":83660,"gap":3,"lba0":17425,"lba1":17425,"bytes":4096,"n":1,"kind":2,"ov":116}
Oct 04 10:54:51 Pidrive python3[1245019]: [msc.reads] n=1 bytes=4096 lba=17425..17425 gap=3 ov=116
Oct 04 10:54:51 Pidrive python3[1245019]: [rx] {"t":"event","op":"msc.reads","ms":83664,"gap":4,"lba0":17433,"lba1":17465,"bytes":20480,"n":5,"kind":2,"ov":116}
Oct 04 10:54:51 Pidrive python3[1245019]: [msc.reads] n=5 bytes=20480 lba=17433..17465 gap=4 ov=116
Oct 04 10:54:51 Pidrive python3[1245019]: [rx] {"t":"event","op":"msc.reads","ms":83683,"gap":4,"lba0":17473,"lba1":17145,"bytes":12288,"n":3,"kind":2,"ov":116}
Oct 04 10:54:51 Pidrive python3[1245019]: [msc.reads] n=3 bytes=12288 lba=17473..17145 gap=4 ov=116
Oct 04 10:54:51 Pidrive python3[1245019]: [rx] {"t":"event","op":"msc.reads","ms":83694,"gap":4,"lba0":17153,"lba1":17153,"bytes":4096,"n":1,"kind":2,"ov":116}
Oct 04 10:54:51 Pidrive python3[1245019]: [msc.reads] n=1 bytes=4096 lba=17153..17153 gap=4 ov=116
Oct 04 10:54:51 Pidrive python3[1245019]: [rx] {"t":"event","op":"msc.reads","ms":83698,"gap":4,"lba0":17161,"lba1":17217,"bytes":32768,"n":8,"kind":2,"ov":116}
Oct 04 10:54:51 Pidrive python3[1245019]: [msc.reads] n=8 bytes=32768 lba=17161..17217 gap=4 ov=116
Oct 04 10:54:51 Pidrive python3[1245019]: [rx] {"t":"event","op":"msc.reads","ms":83728,"gap":4,"lba0":17225,"lba1":17225,"bytes":4096,"n":1,"kind":2,"ov":116}
Oct 04 10:54:51 Pidrive python3[1245019]: [msc.reads] n=1 bytes=4096 lba=17225..17225 gap=4 ov=116
Oct 04 10:54:51 Pidrive python3[1245019]: [rx] {"t":"event","op":"msc.reads","ms":83732,"gap":4,"lba0":17233,"lba1":17233,"bytes":4096,"n":1,"kind":2,"ov":116}
Oct 04 10:54:51 Pidrive python3[1245019]: [msc.reads] n=1 bytes=4096 lba=17233..17233 gap=4 ov=116
Oct 04 10:54:51 Pidrive python3[1245019]: [rx] {"t":"event","op":"msc.reads","ms":83735,"gap":3,"lba0":17241,"lba1":17249,"bytes":8192,"n":2,"kind":2,"ov":116}
Oct 04 10:54:51 Pidrive python3[1245019]: [msc.reads] n=2 bytes=8192 lba=17241..17249 gap=3 ov=116
Oct 04 10:54:51 Pidrive python3[1245019]: [rx] {"t":"event","op":"msc.reads","ms":83743,"gap":4,"lba0":17257,"lba1":17257,"bytes":4096,"n":1,"kind":2,"ov":116}
Oct 04 10:54:51 Pidrive python3[1245019]: [msc.reads] n=1 bytes=4096 lba=17257..17257 gap=4 ov=116
Oct 04 10:54:51 Pidrive python3[1245019]: [rx] {"t":"event","op":"msc.reads","ms":83747,"gap":4,"lba0":17265,"lba1":17265,"bytes":4096,"n":1,"kind":2,"ov":116}
Oct 04 10:54:51 Pidrive python3[1245019]: [msc.reads] n=1 bytes=4096 lba=17265..17265 gap=4 ov=116
Oct 04 10:54:51 Pidrive python3[1245019]: [rx] {"t":"event","op":"msc.reads","ms":83751,"gap":4,"lba0":17273,"lba1":17273,"bytes":4096,"n":1,"kind":2,"ov":116}
Oct 04 10:54:51 Pidrive python3[1245019]: [msc.reads] n=1 bytes=4096 lba=17273..17273 gap=4 ov=116
Oct 04 10:54:51 Pidrive python3[1245019]: [rx] {"t":"event","op":"msc.reads","ms":83755,"gap":4,"lba0":17281,"lba1":17281,"bytes":4096,"n":1,"kind":2,"ov":116}
Oct 04 10:54:51 Pidrive python3[1245019]: [msc.reads] n=1 bytes=4096 lba=17281..17281 gap=4 ov=116
Oct 04 10:54:51 Pidrive python3[1245019]: [rx] {"t":"event","op":"msc.reads","ms":83759,"gap":4,"lba0":17289,"lba1":17289,"bytes":4096,"n":1,"kind":2,"ov":116}
Oct 04 10:54:51 Pidrive python3[1245019]: [msc.reads] n=1 bytes=4096 lba=17289..17289 gap=4 ov=116
Oct 04 10:54:51 Pidrive python3[1245019]: [rx] {"t":"event","op":"msc.reads","ms":83762,"gap":3,"lba0":17297,"lba1":17361,"bytes":36864,"n":9,"kind":2,"ov":116}
Oct 04 10:54:51 Pidrive python3[1245019]: [msc.reads] n=9 bytes=36864 lba=17297..17361 gap=3 ov=116
Oct 04 10:54:51 Pidrive python3[1245019]: [rx] {"t":"event","op":"msc.reads","ms":83795,"gap":4,"lba0":17369,"lba1":17369,"bytes":4096,"n":1,"kind":2,"ov":116}
Oct 04 10:54:51 Pidrive python3[1245019]: [msc.reads] n=1 bytes=4096 lba=17369..17369 gap=4 ov=116
Oct 04 10:54:51 Pidrive python3[1245019]: [tx] {"t":"ping"}
Oct 04 10:54:51 Pidrive python3[1245019]: [rx] {"t":"pong"}
Oct 04 10:54:53 Pidrive python3[1245019]: [rx] {"t":"event","op":"diag","code":"msc.quiet","detail":"file=1436160B age=2000ms"}
Oct 04 10:54:53 Pidrive python3[1245019]: [msc] msc.quiet file=1436160B age=2000ms
Oct 04 10:54:53 Pidrive python3[1245019]: [tx] {"t":"ping"}
Oct 04 10:54:53 Pidrive python3[1245019]: [rx] {"t":"pong"}
Oct 04 10:54:55 Pidrive python3[1245019]: [tx] {"t":"ping"}
Oct 04 10:54:55 Pidrive python3[1245019]: [rx] {"t":"pong"}
Oct 04 10:54:57 Pidrive python3[1245019]: [tx] {"t":"ping"}
Oct 04 10:54:57 Pidrive python3[1245019]: [rx] {"t":"pong"}
Oct 04 10:55:00 Pidrive python3[1245019]: [tx] {"t":"ping"}
Oct 04 10:55:00 Pidrive python3[1245019]: [rx] {"t":"pong"}
Oct 04 10:55:02 Pidrive python3[1245019]: [tx] {"t":"ping"}
Oct 04 10:55:02 Pidrive python3[1245019]: [rx] {"t":"pong"}
Oct 04 10:55:03 Pidrive python3[1245019]: [tx] {"t":"ping"}
Oct 04 10:55:03 Pidrive python3[1245019]: [rx] {"t":"pong"}
Oct 04 10:55:05 Pidrive python3[1245019]: [tx] {"t":"ping"}
Oct 04 10:55:05 Pidrive python3[1245019]: [rx] {"t":"pong"}
Oct 04 10:55:08 Pidrive python3[1245019]: [tx] {"t":"ping"}
Oct 04 10:55:08 Pidrive python3[1245019]: [rx] {"t":"pong"}
Oct 04 10:55:10 Pidrive python3[1245019]: [tx] {"t":"ping"}
Oct 04 10:55:10 Pidrive python3[1245019]: [rx] {"t":"pong"}
Oct 04 10:55:12 Pidrive python3[1245019]: [tx] {"t":"ping"}
Oct 04 10:55:12 Pidrive python3[1245019]: [tx] {"t":"menu_set","rev":4054,"page":0,"items":[{"uid":"fav0","name":"Rock Antenne","kind":"station"},{"uid":"fav1","name":"Rock Antenne Bayern","kind":"station"},{"uid":"fav2","name":"Radio BOB!","kind":"station"},{"uid":"pump:page_next","name":"Menue","kind":"action"}]}
Oct 04 10:55:12 Pidrive python3[1245019]: [rx] {"t":"pong"}
Oct 04 10:55:12 Pidrive python3[1245019]: [rx] {"t":"menu_ack","ok":true,"n":4,"rev":4054}
Oct 04 10:55:12 Pidrive python3[1245019]: [menu_ack] ok=True n=4 rev=4054
Oct 04 10:55:14 Pidrive python3[1245019]: [tx] {"t":"ping"}
Oct 04 10:55:14 Pidrive python3[1245019]: [rx] {"t":"pong"}
Oct 04 10:55:16 Pidrive python3[1245019]: [tx] {"t":"ping"}
Oct 04 10:55:16 Pidrive python3[1245019]: [rx] {"t":"pong"}
Oct 04 10:55:18 Pidrive python3[1245019]: [tx] {"t":"ping"}
Oct 04 10:55:18 Pidrive python3[1245019]: [rx] {"t":"pong"}
Oct 04 10:55:20 Pidrive python3[1245019]: [tx] {"t":"ping"}
Oct 04 10:55:20 Pidrive python3[1245019]: [rx] {"t":"pong"}
Oct 04 10:55:22 Pidrive python3[1245019]: [tx] {"t":"ping"}
Oct 04 10:55:22 Pidrive python3[1245019]: [rx] {"t":"pong"}
Oct 04 10:55:24 Pidrive python3[1245019]: [tx] {"t":"ping"}
Oct 04 10:55:24 Pidrive python3[1245019]: [rx] {"t":"pong"}
Oct 04 10:55:26 Pidrive python3[1245019]: [tx] {"t":"ping"}
Oct 04 10:55:26 Pidrive python3[1245019]: [rx] {"t":"pong"}
Oct 04 10:55:28 Pidrive python3[1245019]: [tx] {"t":"ping"}
Oct 04 10:55:28 Pidrive python3[1245019]: [rx] {"t":"pong"}
Oct 04 10:55:30 Pidrive python3[1245019]: [tx] {"t":"ping"}
Oct 04 10:55:30 Pidrive python3[1245019]: [rx] {"t":"pong"}
Oct 04 10:55:32 Pidrive python3[1245019]: [tx] {"t":"ping"}
Oct 04 10:55:32 Pidrive python3[1245019]: [rx] {"t":"pong"}
Oct 04 10:55:34 Pidrive python3[1245019]: [tx] {"t":"ping"}
Oct 04 10:55:34 Pidrive python3[1245019]: [rx] {"t":"pong"}
Oct 04 10:55:36 Pidrive python3[1245019]: [tx] {"t":"ping"}
Oct 04 10:55:36 Pidrive python3[1245019]: [rx] {"t":"pong"}
Oct 04 10:55:38 Pidrive python3[1245019]: [tx] {"t":"ping"}
Oct 04 10:55:38 Pidrive python3[1245019]: [rx] {"t":"pong"}
Oct 04 10:55:40 Pidrive python3[1245019]: [tx] {"t":"ping"}
Oct 04 10:55:40 Pidrive python3[1245019]: [rx] {"t":"pong"}
Oct 04 10:55:42 Pidrive python3[1245019]: [tx] {"t":"ping"}
Oct 04 10:55:42 Pidrive python3[1245019]: [rx] {"t":"pong"}
Oct 04 10:55:44 Pidrive python3[1245019]: [tx] {"t":"ping"}
Oct 04 10:55:44 Pidrive python3[1245019]: [rx] {"t":"pong"}
Oct 04 10:55:46 Pidrive python3[1245019]: [tx] {"t":"ping"}
Oct 04 10:55:46 Pidrive python3[1245019]: [rx] {"t":"pong"}
Oct 04 10:55:48 Pidrive python3[1245019]: [tx] {"t":"ping"}
Oct 04 10:55:48 Pidrive python3[1245019]: [rx] {"t":"pong"}
Oct 04 10:55:50 Pidrive python3[1245019]: [tx] {"t":"ping"}
Oct 04 10:55:50 Pidrive python3[1245019]: [rx] {"t":"pong"}
Oct 04 10:55:52 Pidrive python3[1245019]: [tx] {"t":"ping"}
Oct 04 10:55:52 Pidrive python3[1245019]: [rx] {"t":"pong"}
Oct 04 10:55:54 Pidrive python3[1245019]: [tx] {"t":"ping"}
Oct 04 10:55:54 Pidrive python3[1245019]: [rx] {"t":"pong"}
Oct 04 10:55:56 Pidrive python3[1245019]: [tx] {"t":"ping"}
Oct 04 10:55:56 Pidrive python3[1245019]: [rx] {"t":"pong"}
Oct 04 10:55:58 Pidrive python3[1245019]: [tx] {"t":"ping"}
Oct 04 10:55:58 Pidrive python3[1245019]: [rx] {"t":"pong"}
Oct 04 10:56:00 Pidrive python3[1245019]: [tx] {"t":"ping"}
Oct 04 10:56:00 Pidrive python3[1245019]: [rx] {"t":"pong"}
Oct 04 10:56:03 Pidrive python3[1245019]: [tx] {"t":"ping"}
Oct 04 10:56:03 Pidrive python3[1245019]: [rx] {"t":"pong"}
Oct 04 10:56:04 Pidrive python3[1245019]: [tx] {"t":"ping"}
Oct 04 10:56:04 Pidrive python3[1245019]: [rx] {"t":"pong"}
Oct 04 10:56:06 Pidrive python3[1245019]: [tx] {"t":"menu_set","rev":4055,"page":0,"items":[{"uid":"fav0","name":"Rock Antenne","kind":"station"},{"uid":"fav1","name":"Rock Antenne Bayern","kind":"station"},{"uid":"fav2","name":"Radio BOB!","kind":"station"},{"uid":"pump:page_next","name":"Menue","kind":"action"}]}
Oct 04 10:56:06 Pidrive python3[1245019]: [rx] {"t":"menu_ack","ok":true,"n":4,"rev":4055}
Oct 04 10:56:06 Pidrive python3[1245019]: [menu_ack] ok=True n=4 rev=4055
Oct 04 10:56:06 Pidrive python3[1245019]: [tx] {"t":"ping"}
Oct 04 10:56:06 Pidrive python3[1245019]: [rx] {"t":"pong"}
Oct 04 10:56:08 Pidrive python3[1245019]: [tx] {"t":"ping"}
Oct 04 10:56:09 Pidrive python3[1245019]: [rx] {"t":"pong"}
Oct 04 10:56:11 Pidrive python3[1245019]: [tx] {"t":"ping"}
Oct 04 10:56:11 Pidrive python3[1245019]: [rx] {"t":"pong"}
Oct 04 10:56:12 Pidrive python3[1245019]: [tx] {"t":"ping"}
Oct 04 10:56:12 Pidrive python3[1245019]: [rx] {"t":"pong"}
Oct 04 10:56:14 Pidrive python3[1245019]: [tx] {"t":"ping"}
Oct 04 10:56:14 Pidrive python3[1245019]: [rx] {"t":"pong"}
Oct 04 10:56:17 Pidrive python3[1245019]: [tx] {"t":"ping"}
Oct 04 10:56:17 Pidrive python3[1245019]: [rx] {"t":"pong"}
Oct 04 10:56:18 Pidrive python3[1245019]: [tx] {"t":"ping"}
Oct 04 10:56:18 Pidrive python3[1245019]: [rx] {"t":"pong"}
Oct 04 10:56:18 Pidrive python3[1245019]: [rx] {"t":"event","op":"msc.reads","ms":171378,"gap":65535,"lba0":1953,"lba1":1953,"bytes":4096,"n":1,"kind":2,"ov":116}
Oct 04 10:56:18 Pidrive python3[1245019]: [msc.reads] n=1 bytes=4096 lba=1953..1953 gap=65535 ov=116
Oct 04 10:56:18 Pidrive python3[1245019]: [rx] {"t":"event","op":"diag","code":"play.reject","detail":"not_from_head uid=fav0 from=1953 +4096B age=170575ms prefetch"}
Oct 04 10:56:18 Pidrive python3[1245019]: [msc] play.reject not_from_head uid=fav0 from=1953 +4096B age=170575ms prefetch
Oct 04 10:56:18 Pidrive python3[1245019]: [rx] {"t":"event","op":"msc.reads","ms":171396,"gap":18,"lba0":1961,"lba1":1961,"bytes":4096,"n":1,"kind":2,"ov":116}
Oct 04 10:56:18 Pidrive python3[1245019]: [msc.reads] n=1 bytes=4096 lba=1961..1961 gap=18 ov=116
Oct 04 10:56:18 Pidrive python3[1245019]: [rx] {"t":"event","op":"msc.reads","ms":171400,"gap":4,"lba0":1713,"lba1":1713,"bytes":4096,"n":1,"kind":2,"ov":116}
Oct 04 10:56:18 Pidrive python3[1245019]: [msc.reads] n=1 bytes=4096 lba=1713..1713 gap=4 ov=116
Oct 04 10:56:19 Pidrive python3[1245019]: [rx] {"t":"event","op":"msc.reads","ms":171404,"gap":4,"lba0":1721,"lba1":1721,"bytes":4096,"n":1,"kind":2,"ov":116}
Oct 04 10:56:19 Pidrive python3[1245019]: [msc.reads] n=1 bytes=4096 lba=1721..1721 gap=4 ov=116
Oct 04 10:56:19 Pidrive python3[1245019]: [rx] {"t":"event","op":"msc.reads","ms":171408,"gap":4,"lba0":1729,"lba1":1729,"bytes":4096,"n":1,"kind":2,"ov":116}
Oct 04 10:56:19 Pidrive python3[1245019]: [msc.reads] n=1 bytes=4096 lba=1729..1729 gap=4 ov=116
Oct 04 10:56:19 Pidrive python3[1245019]: [rx] {"t":"event","op":"msc.reads","ms":171412,"gap":4,"lba0":1737,"lba1":1745,"bytes":8192,"n":2,"kind":2,"ov":116}
Oct 04 10:56:19 Pidrive python3[1245019]: [msc.reads] n=2 bytes=8192 lba=1737..1745 gap=4 ov=116
Oct 04 10:56:19 Pidrive python3[1245019]: [rx] {"t":"event","op":"msc.reads","ms":171419,"gap":3,"lba0":1753,"lba1":1753,"bytes":4096,"n":1,"kind":2,"ov":116}
Oct 04 10:56:19 Pidrive python3[1245019]: [msc.reads] n=1 bytes=4096 lba=1753..1753 gap=3 ov=116
Oct 04 10:56:19 Pidrive python3[1245019]: [rx] {"t":"event","op":"msc.reads","ms":171423,"gap":4,"lba0":1761,"lba1":1761,"bytes":4096,"n":1,"kind":2,"ov":116}
Oct 04 10:56:19 Pidrive python3[1245019]: [msc.reads] n=1 bytes=4096 lba=1761..1761 gap=4 ov=116
Oct 04 10:56:19 Pidrive python3[1245019]: [rx] {"t":"event","op":"msc.reads","ms":171427,"gap":4,"lba0":1769,"lba1":1769,"bytes":4096,"n":1,"kind":2,"ov":116}
Oct 04 10:56:19 Pidrive python3[1245019]: [msc.reads] n=1 bytes=4096 lba=1769..1769 gap=4 ov=116
Oct 04 10:56:19 Pidrive python3[1245019]: [rx] {"t":"event","op":"msc.reads","ms":171431,"gap":4,"lba0":1777,"lba1":1785,"bytes":8192,"n":2,"kind":2,"ov":116}
Oct 04 10:56:19 Pidrive python3[1245019]: [msc.reads] n=2 bytes=8192 lba=1777..1785 gap=4 ov=116
Oct 04 10:56:19 Pidrive python3[1245019]: [rx] {"t":"event","op":"msc.reads","ms":171439,"gap":4,"lba0":1793,"lba1":1793,"bytes":4096,"n":1,"kind":2,"ov":116}
Oct 04 10:56:19 Pidrive python3[1245019]: [msc.reads] n=1 bytes=4096 lba=1793..1793 gap=4 ov=116
Oct 04 10:56:19 Pidrive python3[1245019]: [rx] {"t":"event","op":"msc.reads","ms":171443,"gap":4,"lba0":1801,"lba1":1801,"bytes":4096,"n":1,"kind":2,"ov":116}
Oct 04 10:56:19 Pidrive python3[1245019]: [msc.reads] n=1 bytes=4096 lba=1801..1801 gap=4 ov=116
Oct 04 10:56:19 Pidrive python3[1245019]: [rx] {"t":"event","op":"msc.reads","ms":171447,"gap":4,"lba0":1809,"lba1":1809,"bytes":4096,"n":1,"kind":2,"ov":116}
Oct 04 10:56:19 Pidrive python3[1245019]: [msc.reads] n=1 bytes=4096 lba=1809..1809 gap=4 ov=116
Oct 04 10:56:19 Pidrive python3[1245019]: [rx] {"t":"event","op":"msc.reads","ms":171450,"gap":3,"lba0":1817,"lba1":1817,"bytes":4096,"n":1,"kind":2,"ov":116}
Oct 04 10:56:19 Pidrive python3[1245019]: [msc.reads] n=1 bytes=4096 lba=1817..1817 gap=3 ov=116
Oct 04 10:56:19 Pidrive python3[1245019]: [rx] {"t":"event","op":"msc.reads","ms":171454,"gap":4,"lba0":1825,"lba1":1825,"bytes":4096,"n":1,"kind":2,"ov":116}
Oct 04 10:56:19 Pidrive python3[1245019]: [msc.reads] n=1 bytes=4096 lba=1825..1825 gap=4 ov=116
Oct 04 10:56:19 Pidrive python3[1245019]: [rx] {"t":"event","op":"msc.reads","ms":171458,"gap":4,"lba0":1833,"lba1":1833,"bytes":4096,"n":1,"kind":2,"ov":116}
Oct 04 10:56:19 Pidrive python3[1245019]: [msc.reads] n=1 bytes=4096 lba=1833..1833 gap=4 ov=116
Oct 04 10:56:19 Pidrive python3[1245019]: [rx] {"t":"event","op":"msc.reads","ms":171462,"gap":4,"lba0":1841,"lba1":1841,"bytes":4096,"n":1,"kind":2,"ov":116}
Oct 04 10:56:19 Pidrive python3[1245019]: [msc.reads] n=1 bytes=4096 lba=1841..1841 gap=4 ov=116
Oct 04 10:56:19 Pidrive python3[1245019]: [rx] {"t":"event","op":"msc.reads","ms":171466,"gap":4,"lba0":1849,"lba1":1849,"bytes":4096,"n":1,"kind":2,"ov":116}
Oct 04 10:56:19 Pidrive python3[1245019]: [msc.reads] n=1 bytes=4096 lba=1849..1849 gap=4 ov=116
Oct 04 10:56:19 Pidrive python3[1245019]: [rx] {"t":"event","op":"msc.reads","ms":171470,"gap":4,"lba0":1857,"lba1":1857,"bytes":4096,"n":1,"kind":2,"ov":116}
Oct 04 10:56:19 Pidrive python3[1245019]: [msc.reads] n=1 bytes=4096 lba=1857..1857 gap=4 ov=116
Oct 04 10:56:19 Pidrive python3[1245019]: [rx] {"t":"event","op":"msc.reads","ms":171474,"gap":4,"lba0":1865,"lba1":1873,"bytes":8192,"n":2,"kind":2,"ov":116}
Oct 04 10:56:19 Pidrive python3[1245019]: [msc.reads] n=2 bytes=8192 lba=1865..1873 gap=4 ov=116
Oct 04 10:56:19 Pidrive python3[1245019]: [rx] {"t":"event","op":"msc.reads","ms":171481,"gap":4,"lba0":1881,"lba1":1881,"bytes":4096,"n":1,"kind":2,"ov":116}
Oct 04 10:56:19 Pidrive python3[1245019]: [msc.reads] n=1 bytes=4096 lba=1881..1881 gap=4 ov=116
Oct 04 10:56:19 Pidrive python3[1245019]: [rx] {"t":"event","op":"msc.reads","ms":171485,"gap":4,"lba0":1889,"lba1":1889,"bytes":4096,"n":1,"kind":2,"ov":116}
Oct 04 10:56:19 Pidrive python3[1245019]: [msc.reads] n=1 bytes=4096 lba=1889..1889 gap=4 ov=116
Oct 04 10:56:19 Pidrive python3[1245019]: [rx] {"t":"event","op":"msc.reads","ms":171489,"gap":4,"lba0":1897,"lba1":1897,"bytes":4096,"n":1,"kind":2,"ov":116}
Oct 04 10:56:19 Pidrive python3[1245019]: [msc.reads] n=1 bytes=4096 lba=1897..1897 gap=4 ov=116
Oct 04 10:56:19 Pidrive python3[1245019]: [rx] {"t":"event","op":"msc.reads","ms":171493,"gap":4,"lba0":1905,"lba1":1905,"bytes":4096,"n":1,"kind":2,"ov":116}
Oct 04 10:56:19 Pidrive python3[1245019]: [msc.reads] n=1 bytes=4096 lba=1905..1905 gap=4 ov=116
Oct 04 10:56:19 Pidrive python3[1245019]: [rx] {"t":"event","op":"msc.reads","ms":171497,"gap":4,"lba0":1913,"lba1":1913,"bytes":4096,"n":1,"kind":2,"ov":116}
Oct 04 10:56:19 Pidrive python3[1245019]: [msc.reads] n=1 bytes=4096 lba=1913..1913 gap=4 ov=116
Oct 04 10:56:19 Pidrive python3[1245019]: [rx] {"t":"event","op":"msc.reads","ms":171501,"gap":4,"lba0":1921,"lba1":1921,"bytes":4096,"n":1,"kind":2,"ov":116}
Oct 04 10:56:19 Pidrive python3[1245019]: [msc.reads] n=1 bytes=4096 lba=1921..1921 gap=4 ov=116
Oct 04 10:56:19 Pidrive python3[1245019]: [rx] {"t":"event","op":"msc.reads","ms":171505,"gap":4,"lba0":1929,"lba1":1937,"bytes":8192,"n":2,"kind":2,"ov":116}
Oct 04 10:56:19 Pidrive python3[1245019]: [msc.reads] n=2 bytes=8192 lba=1929..1937 gap=4 ov=116
Oct 04 10:56:19 Pidrive python3[1245019]: [rx] {"t":"event","op":"msc.reads","ms":171512,"gap":4,"lba0":1945,"lba1":1945,"bytes":4096,"n":1,"kind":2,"ov":116}
Oct 04 10:56:19 Pidrive python3[1245019]: [msc.reads] n=1 bytes=4096 lba=1945..1945 gap=4 ov=116
Oct 04 10:56:19 Pidrive python3[1245019]: [rx] {"t":"event","op":"msc.reads","ms":171516,"gap":4,"lba0":1473,"lba1":1473,"bytes":4096,"n":1,"kind":2,"ov":116}
Oct 04 10:56:19 Pidrive python3[1245019]: [msc.reads] n=1 bytes=4096 lba=1473..1473 gap=4 ov=116
Oct 04 10:56:19 Pidrive python3[1245019]: [rx] {"t":"event","op":"msc.reads","ms":171520,"gap":4,"lba0":1481,"lba1":1481,"bytes":4096,"n":1,"kind":2,"ov":116}
Oct 04 10:56:19 Pidrive python3[1245019]: [msc.reads] n=1 bytes=4096 lba=1481..1481 gap=4 ov=116
Oct 04 10:56:19 Pidrive python3[1245019]: [rx] {"t":"event","op":"msc.reads","ms":171524,"gap":4,"lba0":1489,"lba1":1489,"bytes":4096,"n":1,"kind":2,"ov":116}
Oct 04 10:56:19 Pidrive python3[1245019]: [msc.reads] n=1 bytes=4096 lba=1489..1489 gap=4 ov=116
Oct 04 10:56:19 Pidrive python3[1245019]: [rx] {"t":"event","op":"msc.reads","ms":171528,"gap":4,"lba0":1497,"lba1":1497,"bytes":4096,"n":1,"kind":2,"ov":116}
Oct 04 10:56:19 Pidrive python3[1245019]: [msc.reads] n=1 bytes=4096 lba=1497..1497 gap=4 ov=116
Oct 04 10:56:19 Pidrive python3[1245019]: [rx] {"t":"event","op":"msc.reads","ms":171532,"gap":4,"lba0":1505,"lba1":1505,"bytes":4096,"n":1,"kind":2,"ov":116}
Oct 04 10:56:19 Pidrive python3[1245019]: [msc.reads] n=1 bytes=4096 lba=1505..1505 gap=4 ov=116
Oct 04 10:56:19 Pidrive python3[1245019]: [rx] {"t":"event","op":"msc.reads","ms":171536,"gap":4,"lba0":1513,"lba1":1513,"bytes":4096,"n":1,"kind":2,"ov":116}
Oct 04 10:56:19 Pidrive python3[1245019]: [msc.reads] n=1 bytes=4096 lba=1513..1513 gap=4 ov=116
Oct 04 10:56:19 Pidrive python3[1245019]: [rx] {"t":"event","op":"msc.reads","ms":171540,"gap":4,"lba0":1521,"lba1":1521,"bytes":4096,"n":1,"kind":2,"ov":116}
Oct 04 10:56:19 Pidrive python3[1245019]: [msc.reads] n=1 bytes=4096 lba=1521..1521 gap=4 ov=116
Oct 04 10:56:19 Pidrive python3[1245019]: [rx] {"t":"event","op":"msc.reads","ms":171544,"gap":4,"lba0":1529,"lba1":1529,"bytes":4096,"n":1,"kind":2,"ov":116}
Oct 04 10:56:19 Pidrive python3[1245019]: [msc.reads] n=1 bytes=4096 lba=1529..1529 gap=4 ov=116
Oct 04 10:56:19 Pidrive python3[1245019]: [rx] {"t":"event","op":"msc.reads","ms":171548,"gap":4,"lba0":1537,"lba1":1545,"bytes":8192,"n":2,"kind":2,"ov":116}
Oct 04 10:56:19 Pidrive python3[1245019]: [msc.reads] n=2 bytes=8192 lba=1537..1545 gap=4 ov=116
Oct 04 10:56:19 Pidrive python3[1245019]: [rx] {"t":"event","op":"msc.reads","ms":171555,"gap":4,"lba0":1553,"lba1":1553,"bytes":4096,"n":1,"kind":2,"ov":116}
Oct 04 10:56:19 Pidrive python3[1245019]: [msc.reads] n=1 bytes=4096 lba=1553..1553 gap=4 ov=116
Oct 04 10:56:19 Pidrive python3[1245019]: [rx] {"t":"event","op":"msc.reads","ms":171559,"gap":4,"lba0":1561,"lba1":1561,"bytes":4096,"n":1,"kind":2,"ov":116}
Oct 04 10:56:19 Pidrive python3[1245019]: [msc.reads] n=1 bytes=4096 lba=1561..1561 gap=4 ov=116
Oct 04 10:56:19 Pidrive python3[1245019]: [rx] {"t":"event","op":"msc.reads","ms":171563,"gap":4,"lba0":1569,"lba1":1569,"bytes":4096,"n":1,"kind":2,"ov":116}
Oct 04 10:56:19 Pidrive python3[1245019]: [msc.reads] n=1 bytes=4096 lba=1569..1569 gap=4 ov=116
Oct 04 10:56:19 Pidrive python3[1245019]: [rx] {"t":"event","op":"msc.reads","ms":171567,"gap":4,"lba0":1577,"lba1":1577,"bytes":4096,"n":1,"kind":2,"ov":116}
Oct 04 10:56:19 Pidrive python3[1245019]: [msc.reads] n=1 bytes=4096 lba=1577..1577 gap=4 ov=116
Oct 04 10:56:19 Pidrive python3[1245019]: [rx] {"t":"event","op":"msc.reads","ms":171570,"gap":3,"lba0":1585,"lba1":1585,"bytes":4096,"n":1,"kind":2,"ov":116}
Oct 04 10:56:19 Pidrive python3[1245019]: [msc.reads] n=1 bytes=4096 lba=1585..1585 gap=3 ov=116
Oct 04 10:56:19 Pidrive python3[1245019]: [rx] {"t":"event","op":"msc.reads","ms":171574,"gap":4,"lba0":1593,"lba1":1593,"bytes":4096,"n":1,"kind":2,"ov":116}
Oct 04 10:56:19 Pidrive python3[1245019]: [msc.reads] n=1 bytes=4096 lba=1593..1593 gap=4 ov=116
Oct 04 10:56:19 Pidrive python3[1245019]: [rx] {"t":"event","op":"msc.reads","ms":171578,"gap":4,"lba0":1601,"lba1":1601,"bytes":4096,"n":1,"kind":2,"ov":116}
Oct 04 10:56:19 Pidrive python3[1245019]: [msc.reads] n=1 bytes=4096 lba=1601..1601 gap=4 ov=116
Oct 04 10:56:19 Pidrive python3[1245019]: [rx] {"t":"event","op":"msc.reads","ms":171582,"gap":4,"lba0":1609,"lba1":1625,"bytes":12288,"n":3,"kind":2,"ov":116}
Oct 04 10:56:19 Pidrive python3[1245019]: [msc.reads] n=3 bytes=12288 lba=1609..1625 gap=4 ov=116
Oct 04 10:56:19 Pidrive python3[1245019]: [rx] {"t":"event","op":"msc.reads","ms":171593,"gap":4,"lba0":1633,"lba1":1633,"bytes":4096,"n":1,"kind":2,"ov":116}
Oct 04 10:56:19 Pidrive python3[1245019]: [msc.reads] n=1 bytes=4096 lba=1633..1633 gap=4 ov=116
Oct 04 10:56:19 Pidrive python3[1245019]: [rx] {"t":"event","op":"msc.reads","ms":171597,"gap":4,"lba0":1641,"lba1":1641,"bytes":4096,"n":1,"kind":2,"ov":116}
Oct 04 10:56:19 Pidrive python3[1245019]: [msc.reads] n=1 bytes=4096 lba=1641..1641 gap=4 ov=116
Oct 04 10:56:19 Pidrive python3[1245019]: [rx] {"t":"event","op":"msc.reads","ms":171601,"gap":4,"lba0":1649,"lba1":1649,"bytes":4096,"n":1,"kind":2,"ov":116}
Oct 04 10:56:19 Pidrive python3[1245019]: [msc.reads] n=1 bytes=4096 lba=1649..1649 gap=4 ov=116
Oct 04 10:56:19 Pidrive python3[1245019]: [rx] {"t":"event","op":"msc.reads","ms":171605,"gap":4,"lba0":1657,"lba1":1657,"bytes":4096,"n":1,"kind":2,"ov":116}
Oct 04 10:56:19 Pidrive python3[1245019]: [msc.reads] n=1 bytes=4096 lba=1657..1657 gap=4 ov=116
Oct 04 10:56:19 Pidrive python3[1245019]: [rx] {"t":"event","op":"msc.reads","ms":171609,"gap":4,"lba0":1665,"lba1":1665,"bytes":4096,"n":1,"kind":2,"ov":116}
Oct 04 10:56:19 Pidrive python3[1245019]: [msc.reads] n=1 bytes=4096 lba=1665..1665 gap=4 ov=116
Oct 04 10:56:19 Pidrive python3[1245019]: [rx] {"t":"event","op":"msc.reads","ms":171613,"gap":4,"lba0":1673,"lba1":1673,"bytes":4096,"n":1,"kind":2,"ov":116}
Oct 04 10:56:19 Pidrive python3[1245019]: [msc.reads] n=1 bytes=4096 lba=1673..1673 gap=4 ov=116
Oct 04 10:56:19 Pidrive python3[1245019]: [rx] {"t":"event","op":"msc.reads","ms":171617,"gap":4,"lba0":1681,"lba1":1681,"bytes":4096,"n":1,"kind":2,"ov":116}
Oct 04 10:56:19 Pidrive python3[1245019]: [msc.reads] n=1 bytes=4096 lba=1681..1681 gap=4 ov=116
Oct 04 10:56:19 Pidrive python3[1245019]: [rx] {"t":"event","op":"msc.reads","ms":171621,"gap":4,"lba0":1689,"lba1":1689,"bytes":4096,"n":1,"kind":2,"ov":116}
Oct 04 10:56:19 Pidrive python3[1245019]: [msc.reads] n=1 bytes=4096 lba=1689..1689 gap=4 ov=116
Oct 04 10:56:19 Pidrive python3[1245019]: [rx] {"t":"event","op":"msc.reads","ms":171625,"gap":4,"lba0":1697,"lba1":1697,"bytes":4096,"n":1,"kind":2,"ov":116}
Oct 04 10:56:19 Pidrive python3[1245019]: [msc.reads] n=1 bytes=4096 lba=1697..1697 gap=4 ov=116
Oct 04 10:56:19 Pidrive python3[1245019]: [rx] {"t":"event","op":"msc.reads","ms":171629,"gap":4,"lba0":1705,"lba1":1705,"bytes":4096,"n":1,"kind":2,"ov":116}
Oct 04 10:56:19 Pidrive python3[1245019]: [msc.reads] n=1 bytes=4096 lba=1705..1705 gap=4 ov=116
Oct 04 10:56:19 Pidrive python3[1245019]: [rx] {"t":"event","op":"msc.reads","ms":171633,"gap":4,"lba0":1969,"lba1":1969,"bytes":4096,"n":1,"kind":2,"ov":116}
Oct 04 10:56:19 Pidrive python3[1245019]: [msc.reads] n=1 bytes=4096 lba=1969..1969 gap=4 ov=116
Oct 04 10:56:19 Pidrive python3[1245019]: [rx] {"t":"event","op":"msc.reads","ms":171637,"gap":4,"lba0":1977,"lba1":1977,"bytes":4096,"n":1,"kind":2,"ov":116}
Oct 04 10:56:19 Pidrive python3[1245019]: [msc.reads] n=1 bytes=4096 lba=1977..1977 gap=4 ov=116
Oct 04 10:56:19 Pidrive python3[1245019]: [rx] {"t":"event","op":"msc.reads","ms":171641,"gap":4,"lba0":1985,"lba1":1985,"bytes":4096,"n":1,"kind":2,"ov":116}
Oct 04 10:56:19 Pidrive python3[1245019]: [msc.reads] n=1 bytes=4096 lba=1985..1985 gap=4 ov=116
Oct 04 10:56:19 Pidrive python3[1245019]: [rx] {"t":"event","op":"msc.reads","ms":171645,"gap":4,"lba0":1993,"lba1":1993,"bytes":4096,"n":1,"kind":2,"ov":116}
Oct 04 10:56:19 Pidrive python3[1245019]: [msc.reads] n=1 bytes=4096 lba=1993..1993 gap=4 ov=116
Oct 04 10:56:19 Pidrive python3[1245019]: [rx] {"t":"event","op":"msc.reads","ms":171649,"gap":4,"lba0":2001,"lba1":2001,"bytes":4096,"n":1,"kind":2,"ov":116}
Oct 04 10:56:19 Pidrive python3[1245019]: [msc.reads] n=1 bytes=4096 lba=2001..2001 gap=4 ov=116
Oct 04 10:56:19 Pidrive python3[1245019]: [rx] {"t":"event","op":"msc.reads","ms":171653,"gap":4,"lba0":2009,"lba1":2017,"bytes":8192,"n":2,"kind":2,"ov":116}
Oct 04 10:56:19 Pidrive python3[1245019]: [msc.reads] n=2 bytes=8192 lba=2009..2017 gap=4 ov=116
Oct 04 10:56:19 Pidrive python3[1245019]: [rx] {"t":"event","op":"msc.reads","ms":171661,"gap":4,"lba0":2025,"lba1":2025,"bytes":4096,"n":1,"kind":2,"ov":116}
Oct 04 10:56:19 Pidrive python3[1245019]: [msc.reads] n=1 bytes=4096 lba=2025..2025 gap=4 ov=116
Oct 04 10:56:19 Pidrive python3[1245019]: [rx] {"t":"event","op":"msc.reads","ms":171665,"gap":4,"lba0":2033,"lba1":2033,"bytes":4096,"n":1,"kind":2,"ov":116}
Oct 04 10:56:19 Pidrive python3[1245019]: [msc.reads] n=1 bytes=4096 lba=2033..2033 gap=4 ov=116
Oct 04 10:56:19 Pidrive python3[1245019]: [rx] {"t":"event","op":"msc.reads","ms":171668,"gap":3,"lba0":2041,"lba1":2049,"bytes":8192,"n":2,"kind":2,"ov":116}
Oct 04 10:56:19 Pidrive python3[1245019]: [msc.reads] n=2 bytes=8192 lba=2041..2049 gap=3 ov=116
Oct 04 10:56:19 Pidrive python3[1245019]: [rx] {"t":"event","op":"msc.reads","ms":171676,"gap":4,"lba0":2057,"lba1":2065,"bytes":8192,"n":2,"kind":2,"ov":116}
Oct 04 10:56:19 Pidrive python3[1245019]: [msc.reads] n=2 bytes=8192 lba=2057..2065 gap=4 ov=116
Oct 04 10:56:19 Pidrive python3[1245019]: [rx] {"t":"event","op":"msc.reads","ms":171684,"gap":4,"lba0":2073,"lba1":2073,"bytes":4096,"n":1,"kind":2,"ov":116}
Oct 04 10:56:19 Pidrive python3[1245019]: [msc.reads] n=1 bytes=4096 lba=2073..2073 gap=4 ov=116
Oct 04 10:56:19 Pidrive python3[1245019]: [rx] {"t":"event","op":"msc.reads","ms":171687,"gap":3,"lba0":2081,"lba1":2089,"bytes":8192,"n":2,"kind":2,"ov":116}
Oct 04 10:56:19 Pidrive python3[1245019]: [msc.reads] n=2 bytes=8192 lba=2081..2089 gap=3 ov=116
Oct 04 10:56:19 Pidrive python3[1245019]: [rx] {"t":"event","op":"msc.reads","ms":171695,"gap":4,"lba0":2097,"lba1":2097,"bytes":4096,"n":1,"kind":2,"ov":116}
Oct 04 10:56:19 Pidrive python3[1245019]: [msc.reads] n=1 bytes=4096 lba=2097..2097 gap=4 ov=116
Oct 04 10:56:19 Pidrive python3[1245019]: [rx] {"t":"event","op":"msc.reads","ms":171699,"gap":4,"lba0":2105,"lba1":2113,"bytes":8192,"n":2,"kind":2,"ov":116}
Oct 04 10:56:19 Pidrive python3[1245019]: [msc.reads] n=2 bytes=8192 lba=2105..2113 gap=4 ov=116
Oct 04 10:56:19 Pidrive python3[1245019]: [rx] {"t":"event","op":"msc.reads","ms":171706,"gap":3,"lba0":2121,"lba1":2121,"bytes":4096,"n":1,"kind":2,"ov":116}
Oct 04 10:56:19 Pidrive python3[1245019]: [msc.reads] n=1 bytes=4096 lba=2121..2121 gap=3 ov=116
Oct 04 10:56:19 Pidrive python3[1245019]: [rx] {"t":"event","op":"msc.reads","ms":171710,"gap":4,"lba0":2129,"lba1":2129,"bytes":4096,"n":1,"kind":2,"ov":116}
Oct 04 10:56:19 Pidrive python3[1245019]: [msc.reads] n=1 bytes=4096 lba=2129..2129 gap=4 ov=116
Oct 04 10:56:19 Pidrive python3[1245019]: [rx] {"t":"event","op":"msc.reads","ms":171714,"gap":4,"lba0":2137,"lba1":2137,"bytes":4096,"n":1,"kind":2,"ov":116}
Oct 04 10:56:19 Pidrive python3[1245019]: [msc.reads] n=1 bytes=4096 lba=2137..2137 gap=4 ov=116
Oct 04 10:56:19 Pidrive python3[1245019]: [rx] {"t":"event","op":"msc.reads","ms":171718,"gap":4,"lba0":2145,"lba1":2145,"bytes":4096,"n":1,"kind":2,"ov":116}
Oct 04 10:56:19 Pidrive python3[1245019]: [msc.reads] n=1 bytes=4096 lba=2145..2145 gap=4 ov=116
Oct 04 10:56:19 Pidrive python3[1245019]: [rx] {"t":"event","op":"msc.reads","ms":171722,"gap":4,"lba0":2153,"lba1":2161,"bytes":8192,"n":2,"kind":2,"ov":116}
Oct 04 10:56:19 Pidrive python3[1245019]: [msc.reads] n=2 bytes=8192 lba=2153..2161 gap=4 ov=116
Oct 04 10:56:19 Pidrive python3[1245019]: [rx] {"t":"event","op":"msc.reads","ms":171730,"gap":4,"lba0":2169,"lba1":2169,"bytes":4096,"n":1,"kind":2,"ov":116}
Oct 04 10:56:19 Pidrive python3[1245019]: [msc.reads] n=1 bytes=4096 lba=2169..2169 gap=4 ov=116
Oct 04 10:56:19 Pidrive python3[1245019]: [rx] {"t":"event","op":"msc.reads","ms":171733,"gap":3,"lba0":2177,"lba1":2177,"bytes":4096,"n":1,"kind":2,"ov":116}
Oct 04 10:56:19 Pidrive python3[1245019]: [msc.reads] n=1 bytes=4096 lba=2177..2177 gap=3 ov=116
Oct 04 10:56:19 Pidrive python3[1245019]: [rx] {"t":"event","op":"msc.reads","ms":171737,"gap":4,"lba0":2185,"lba1":2185,"bytes":4096,"n":1,"kind":2,"ov":116}
Oct 04 10:56:19 Pidrive python3[1245019]: [msc.reads] n=1 bytes=4096 lba=2185..2185 gap=4 ov=116
Oct 04 10:56:19 Pidrive python3[1245019]: [rx] {"t":"event","op":"msc.reads","ms":171741,"gap":4,"lba0":2193,"lba1":2193,"bytes":4096,"n":1,"kind":2,"ov":116}
Oct 04 10:56:19 Pidrive python3[1245019]: [msc.reads] n=1 bytes=4096 lba=2193..2193 gap=4 ov=116
Oct 04 10:56:19 Pidrive python3[1245019]: [rx] {"t":"event","op":"msc.reads","ms":171745,"gap":4,"lba0":2201,"lba1":2201,"bytes":4096,"n":1,"kind":2,"ov":116}
Oct 04 10:56:19 Pidrive python3[1245019]: [msc.reads] n=1 bytes=4096 lba=2201..2201 gap=4 ov=116
Oct 04 10:56:19 Pidrive python3[1245019]: [rx] {"t":"event","op":"msc.reads","ms":171749,"gap":4,"lba0":2209,"lba1":2209,"bytes":4096,"n":1,"kind":2,"ov":116}
Oct 04 10:56:19 Pidrive python3[1245019]: [msc.reads] n=1 bytes=4096 lba=2209..2209 gap=4 ov=116
Oct 04 10:56:19 Pidrive python3[1245019]: [rx] {"t":"event","op":"msc.reads","ms":171753,"gap":4,"lba0":2217,"lba1":2217,"bytes":4096,"n":1,"kind":2,"ov":116}
Oct 04 10:56:19 Pidrive python3[1245019]: [msc.reads] n=1 bytes=4096 lba=2217..2217 gap=4 ov=116
Oct 04 10:56:19 Pidrive python3[1245019]: [rx] {"t":"event","op":"msc.reads","ms":171757,"gap":4,"lba0":2225,"lba1":2225,"bytes":4096,"n":1,"kind":2,"ov":116}
Oct 04 10:56:19 Pidrive python3[1245019]: [msc.reads] n=1 bytes=4096 lba=2225..2225 gap=4 ov=116
Oct 04 10:56:19 Pidrive python3[1245019]: [rx] {"t":"event","op":"msc.reads","ms":171761,"gap":4,"lba0":2233,"lba1":2233,"bytes":4096,"n":1,"kind":2,"ov":116}
Oct 04 10:56:19 Pidrive python3[1245019]: [msc.reads] n=1 bytes=4096 lba=2233..2233 gap=4 ov=116
Oct 04 10:56:19 Pidrive python3[1245019]: [rx] {"t":"event","op":"msc.reads","ms":171765,"gap":4,"lba0":2241,"lba1":2241,"bytes":4096,"n":1,"kind":2,"ov":116}
Oct 04 10:56:19 Pidrive python3[1245019]: [msc.reads] n=1 bytes=4096 lba=2241..2241 gap=4 ov=116
Oct 04 10:56:19 Pidrive python3[1245019]: [rx] {"t":"event","op":"msc.reads","ms":171769,"gap":4,"lba0":2249,"lba1":2249,"bytes":4096,"n":1,"kind":2,"ov":116}
Oct 04 10:56:19 Pidrive python3[1245019]: [msc.reads] n=1 bytes=4096 lba=2249..2249 gap=4 ov=116
Oct 04 10:56:19 Pidrive python3[1245019]: [rx] {"t":"event","op":"msc.reads","ms":171773,"gap":4,"lba0":2257,"lba1":2257,"bytes":4096,"n":1,"kind":2,"ov":116}
Oct 04 10:56:19 Pidrive python3[1245019]: [msc.reads] n=1 bytes=4096 lba=2257..2257 gap=4 ov=116
Oct 04 10:56:19 Pidrive python3[1245019]: [rx] {"t":"event","op":"msc.reads","ms":171776,"gap":3,"lba0":2265,"lba1":2273,"bytes":8192,"n":2,"kind":2,"ov":116}
Oct 04 10:56:19 Pidrive python3[1245019]: [msc.reads] n=2 bytes=8192 lba=2265..2273 gap=3 ov=116
Oct 04 10:56:19 Pidrive python3[1245019]: [rx] {"t":"event","op":"msc.reads","ms":171784,"gap":4,"lba0":2281,"lba1":2281,"bytes":4096,"n":1,"kind":2,"ov":116}
Oct 04 10:56:19 Pidrive python3[1245019]: [msc.reads] n=1 bytes=4096 lba=2281..2281 gap=4 ov=116
Oct 04 10:56:19 Pidrive python3[1245019]: [rx] {"t":"event","op":"msc.reads","ms":171788,"gap":4,"lba0":2289,"lba1":2289,"bytes":4096,"n":1,"kind":2,"ov":116}
Oct 04 10:56:19 Pidrive python3[1245019]: [msc.reads] n=1 bytes=4096 lba=2289..2289 gap=4 ov=116
Oct 04 10:56:19 Pidrive python3[1245019]: [rx] {"t":"event","op":"msc.reads","ms":171792,"gap":4,"lba0":2297,"lba1":2297,"bytes":4096,"n":1,"kind":2,"ov":116}
Oct 04 10:56:19 Pidrive python3[1245019]: [msc.reads] n=1 bytes=4096 lba=2297..2297 gap=4 ov=116
Oct 04 10:56:19 Pidrive python3[1245019]: [rx] {"t":"event","op":"msc.reads","ms":171796,"gap":4,"lba0":2305,"lba1":2305,"bytes":4096,"n":1,"kind":2,"ov":116}
Oct 04 10:56:19 Pidrive python3[1245019]: [msc.reads] n=1 bytes=4096 lba=2305..2305 gap=4 ov=116
Oct 04 10:56:19 Pidrive python3[1245019]: [rx] {"t":"event","op":"msc.reads","ms":171799,"gap":3,"lba0":2313,"lba1":2321,"bytes":8192,"n":2,"kind":2,"ov":116}
Oct 04 10:56:19 Pidrive python3[1245019]: [msc.reads] n=2 bytes=8192 lba=2313..2321 gap=3 ov=116
Oct 04 10:56:19 Pidrive python3[1245019]: [rx] {"t":"event","op":"msc.reads","ms":171807,"gap":4,"lba0":2329,"lba1":2329,"bytes":4096,"n":1,"kind":2,"ov":116}
Oct 04 10:56:19 Pidrive python3[1245019]: [msc.reads] n=1 bytes=4096 lba=2329..2329 gap=4 ov=116
Oct 04 10:56:19 Pidrive python3[1245019]: [rx] {"t":"event","op":"msc.reads","ms":171811,"gap":4,"lba0":2337,"lba1":2337,"bytes":4096,"n":1,"kind":2,"ov":116}
Oct 04 10:56:19 Pidrive python3[1245019]: [msc.reads] n=1 bytes=4096 lba=2337..2337 gap=4 ov=116
Oct 04 10:56:19 Pidrive python3[1245019]: [rx] {"t":"event","op":"msc.reads","ms":171815,"gap":4,"lba0":2345,"lba1":2345,"bytes":4096,"n":1,"kind":2,"ov":116}
Oct 04 10:56:19 Pidrive python3[1245019]: [msc.reads] n=1 bytes=4096 lba=2345..2345 gap=4 ov=116
Oct 04 10:56:19 Pidrive python3[1245019]: [rx] {"t":"event","op":"msc.reads","ms":171819,"gap":4,"lba0":2353,"lba1":2353,"bytes":4096,"n":1,"kind":2,"ov":116}
Oct 04 10:56:19 Pidrive python3[1245019]: [msc.reads] n=1 bytes=4096 lba=2353..2353 gap=4 ov=116
Oct 04 10:56:19 Pidrive python3[1245019]: [rx] {"t":"event","op":"msc.reads","ms":171823,"gap":4,"lba0":2361,"lba1":2361,"bytes":4096,"n":1,"kind":2,"ov":116}
Oct 04 10:56:19 Pidrive python3[1245019]: [msc.reads] n=1 bytes=4096 lba=2361..2361 gap=4 ov=116
Oct 04 10:56:19 Pidrive python3[1245019]: [rx] {"t":"event","op":"msc.reads","ms":171827,"gap":4,"lba0":2369,"lba1":2369,"bytes":4096,"n":1,"kind":2,"ov":116}
Oct 04 10:56:19 Pidrive python3[1245019]: [msc.reads] n=1 bytes=4096 lba=2369..2369 gap=4 ov=116
Oct 04 10:56:19 Pidrive python3[1245019]: [rx] {"t":"event","op":"msc.reads","ms":171831,"gap":4,"lba0":2377,"lba1":2385,"bytes":8192,"n":2,"kind":2,"ov":116}
Oct 04 10:56:19 Pidrive python3[1245019]: [msc.reads] n=2 bytes=8192 lba=2377..2385 gap=4 ov=116
Oct 04 10:56:19 Pidrive python3[1245019]: [rx] {"t":"event","op":"msc.reads","ms":171838,"gap":4,"lba0":2393,"lba1":2393,"bytes":4096,"n":1,"kind":2,"ov":116}
Oct 04 10:56:19 Pidrive python3[1245019]: [msc.reads] n=1 bytes=4096 lba=2393..2393 gap=4 ov=116
Oct 04 10:56:19 Pidrive python3[1245019]: [rx] {"t":"event","op":"msc.reads","ms":171842,"gap":4,"lba0":2401,"lba1":2401,"bytes":4096,"n":1,"kind":2,"ov":116}
Oct 04 10:56:19 Pidrive python3[1245019]: [msc.reads] n=1 bytes=4096 lba=2401..2401 gap=4 ov=116
Oct 04 10:56:19 Pidrive python3[1245019]: [rx] {"t":"event","op":"msc.reads","ms":171846,"gap":4,"lba0":2409,"lba1":2409,"bytes":4096,"n":1,"kind":2,"ov":116}
Oct 04 10:56:19 Pidrive python3[1245019]: [msc.reads] n=1 bytes=4096 lba=2409..2409 gap=4 ov=116
Oct 04 10:56:19 Pidrive python3[1245019]: [rx] {"t":"event","op":"msc.reads","ms":171850,"gap":4,"lba0":2417,"lba1":2417,"bytes":4096,"n":1,"kind":2,"ov":116}
Oct 04 10:56:19 Pidrive python3[1245019]: [msc.reads] n=1 bytes=4096 lba=2417..2417 gap=4 ov=116
Oct 04 10:56:19 Pidrive python3[1245019]: [rx] {"t":"event","op":"msc.reads","ms":171854,"gap":4,"lba0":2425,"lba1":2425,"bytes":4096,"n":1,"kind":2,"ov":116}
Oct 04 10:56:19 Pidrive python3[1245019]: [msc.reads] n=1 bytes=4096 lba=2425..2425 gap=4 ov=116
Oct 04 10:56:19 Pidrive python3[1245019]: [rx] {"t":"event","op":"msc.reads","ms":171858,"gap":4,"lba0":2433,"lba1":2433,"bytes":4096,"n":1,"kind":2,"ov":116}
Oct 04 10:56:19 Pidrive python3[1245019]: [msc.reads] n=1 bytes=4096 lba=2433..2433 gap=4 ov=116
Oct 04 10:56:19 Pidrive python3[1245019]: [rx] {"t":"event","op":"msc.reads","ms":171861,"gap":3,"lba0":2441,"lba1":2441,"bytes":4096,"n":1,"kind":2,"ov":116}
Oct 04 10:56:19 Pidrive python3[1245019]: [msc.reads] n=1 bytes=4096 lba=2441..2441 gap=3 ov=116
Oct 04 10:56:19 Pidrive python3[1245019]: [rx] {"t":"event","op":"msc.reads","ms":171866,"gap":5,"lba0":2449,"lba1":2457,"bytes":8192,"n":2,"kind":2,"ov":116}
Oct 04 10:56:19 Pidrive python3[1245019]: [msc.reads] n=2 bytes=8192 lba=2449..2457 gap=5 ov=116
Oct 04 10:56:19 Pidrive python3[1245019]: [rx] {"t":"event","op":"msc.reads","ms":171873,"gap":4,"lba0":2465,"lba1":2465,"bytes":4096,"n":1,"kind":2,"ov":116}
Oct 04 10:56:19 Pidrive python3[1245019]: [msc.reads] n=1 bytes=4096 lba=2465..2465 gap=4 ov=116
Oct 04 10:56:19 Pidrive python3[1245019]: [rx] {"t":"event","op":"msc.reads","ms":171877,"gap":4,"lba0":2473,"lba1":2473,"bytes":4096,"n":1,"kind":2,"ov":116}
Oct 04 10:56:19 Pidrive python3[1245019]: [msc.reads] n=1 bytes=4096 lba=2473..2473 gap=4 ov=116
Oct 04 10:56:19 Pidrive python3[1245019]: [rx] {"t":"event","op":"msc.reads","ms":171881,"gap":4,"lba0":2481,"lba1":2489,"bytes":8192,"n":2,"kind":2,"ov":116}
Oct 04 10:56:19 Pidrive python3[1245019]: [msc.reads] n=2 bytes=8192 lba=2481..2489 gap=4 ov=116
Oct 04 10:56:19 Pidrive python3[1245019]: [rx] {"t":"event","op":"msc.reads","ms":171889,"gap":4,"lba0":2497,"lba1":2497,"bytes":4096,"n":1,"kind":2,"ov":116}
Oct 04 10:56:19 Pidrive python3[1245019]: [msc.reads] n=1 bytes=4096 lba=2497..2497 gap=4 ov=116
Oct 04 10:56:19 Pidrive python3[1245019]: [rx] {"t":"event","op":"msc.reads","ms":171892,"gap":3,"lba0":2505,"lba1":2513,"bytes":8192,"n":2,"kind":2,"ov":116}
Oct 04 10:56:19 Pidrive python3[1245019]: [msc.reads] n=2 bytes=8192 lba=2505..2513 gap=3 ov=116
Oct 04 10:56:19 Pidrive python3[1245019]: [rx] {"t":"event","op":"msc.reads","ms":171900,"gap":4,"lba0":2521,"lba1":2521,"bytes":4096,"n":1,"kind":2,"ov":116}
Oct 04 10:56:19 Pidrive python3[1245019]: [msc.reads] n=1 bytes=4096 lba=2521..2521 gap=4 ov=116
Oct 04 10:56:19 Pidrive python3[1245019]: [rx] {"t":"event","op":"msc.reads","ms":171904,"gap":4,"lba0":2529,"lba1":2529,"bytes":4096,"n":1,"kind":2,"ov":116}
Oct 04 10:56:19 Pidrive python3[1245019]: [msc.reads] n=1 bytes=4096 lba=2529..2529 gap=4 ov=116
Oct 04 10:56:19 Pidrive python3[1245019]: [rx] {"t":"event","op":"msc.reads","ms":171908,"gap":4,"lba0":2537,"lba1":2537,"bytes":4096,"n":1,"kind":2,"ov":116}
Oct 04 10:56:19 Pidrive python3[1245019]: [msc.reads] n=1 bytes=4096 lba=2537..2537 gap=4 ov=116
Oct 04 10:56:19 Pidrive python3[1245019]: [rx] {"t":"event","op":"msc.reads","ms":171912,"gap":4,"lba0":2545,"lba1":2545,"bytes":4096,"n":1,"kind":2,"ov":116}
Oct 04 10:56:19 Pidrive python3[1245019]: [msc.reads] n=1 bytes=4096 lba=2545..2545 gap=4 ov=116
Oct 04 10:56:19 Pidrive python3[1245019]: [rx] {"t":"event","op":"msc.reads","ms":171916,"gap":4,"lba0":2553,"lba1":2553,"bytes":4096,"n":1,"kind":2,"ov":116}
Oct 04 10:56:19 Pidrive python3[1245019]: [msc.reads] n=1 bytes=4096 lba=2553..2553 gap=4 ov=116
Oct 04 10:56:19 Pidrive python3[1245019]: [rx] {"t":"event","op":"msc.reads","ms":171920,"gap":4,"lba0":2561,"lba1":2569,"bytes":8192,"n":2,"kind":2,"ov":116}
Oct 04 10:56:19 Pidrive python3[1245019]: [msc.reads] n=2 bytes=8192 lba=2561..2569 gap=4 ov=116
Oct 04 10:56:19 Pidrive python3[1245019]: [rx] {"t":"event","op":"msc.reads","ms":171927,"gap":4,"lba0":2577,"lba1":2577,"bytes":4096,"n":1,"kind":2,"ov":116}
Oct 04 10:56:19 Pidrive python3[1245019]: [msc.reads] n=1 bytes=4096 lba=2577..2577 gap=4 ov=116
Oct 04 10:56:19 Pidrive python3[1245019]: [rx] {"t":"event","op":"msc.reads","ms":171931,"gap":4,"lba0":2585,"lba1":2585,"bytes":4096,"n":1,"kind":2,"ov":116}
Oct 04 10:56:19 Pidrive python3[1245019]: [msc.reads] n=1 bytes=4096 lba=2585..2585 gap=4 ov=116
Oct 04 10:56:19 Pidrive python3[1245019]: [rx] {"t":"event","op":"msc.reads","ms":171935,"gap":4,"lba0":2593,"lba1":2641,"bytes":28672,"n":7,"kind":2,"ov":116}
Oct 04 10:56:19 Pidrive python3[1245019]: [msc.reads] n=7 bytes=28672 lba=2593..2641 gap=4 ov=116
Oct 04 10:56:19 Pidrive python3[1245019]: [rx] {"t":"event","op":"msc.reads","ms":171960,"gap":3,"lba0":2649,"lba1":2665,"bytes":12288,"n":3,"kind":2,"ov":116}
Oct 04 10:56:19 Pidrive python3[1245019]: [msc.reads] n=3 bytes=12288 lba=2649..2665 gap=3 ov=116
Oct 04 10:56:19 Pidrive python3[1245019]: [rx] {"t":"event","op":"msc.reads","ms":171972,"gap":4,"lba0":2673,"lba1":2673,"bytes":4096,"n":1,"kind":2,"ov":116}
Oct 04 10:56:19 Pidrive python3[1245019]: [msc.reads] n=1 bytes=4096 lba=2673..2673 gap=4 ov=116
Oct 04 10:56:19 Pidrive python3[1245019]: [rx] {"t":"event","op":"msc.reads","ms":171976,"gap":4,"lba0":2681,"lba1":2681,"bytes":4096,"n":1,"kind":2,"ov":116}
Oct 04 10:56:19 Pidrive python3[1245019]: [msc.reads] n=1 bytes=4096 lba=2681..2681 gap=4 ov=116
Oct 04 10:56:19 Pidrive python3[1245019]: [rx] {"t":"event","op":"msc.reads","ms":171980,"gap":4,"lba0":753,"lba1":753,"bytes":4096,"n":1,"kind":2,"ov":116}
Oct 04 10:56:19 Pidrive python3[1245019]: [msc.reads] n=1 bytes=4096 lba=753..753 gap=4 ov=116
Oct 04 10:56:19 Pidrive python3[1245019]: [rx] {"t":"event","op":"msc.reads","ms":171984,"gap":4,"lba0":761,"lba1":761,"bytes":4096,"n":1,"kind":2,"ov":116}
Oct 04 10:56:19 Pidrive python3[1245019]: [msc.reads] n=1 bytes=4096 lba=761..761 gap=4 ov=116
Oct 04 10:56:19 Pidrive python3[1245019]: [rx] {"t":"event","op":"msc.reads","ms":171988,"gap":4,"lba0":769,"lba1":769,"bytes":4096,"n":1,"kind":2,"ov":116}
Oct 04 10:56:19 Pidrive python3[1245019]: [msc.reads] n=1 bytes=4096 lba=769..769 gap=4 ov=116
Oct 04 10:56:19 Pidrive python3[1245019]: [rx] {"t":"event","op":"msc.reads","ms":171992,"gap":4,"lba0":777,"lba1":841,"bytes":36864,"n":9,"kind":2,"ov":116}
Oct 04 10:56:19 Pidrive python3[1245019]: [msc.reads] n=9 bytes=36864 lba=777..841 gap=4 ov=116
Oct 04 10:56:19 Pidrive python3[1245019]: [rx] {"t":"event","op":"msc.reads","ms":172025,"gap":3,"lba0":849,"lba1":849,"bytes":4096,"n":1,"kind":2,"ov":116}
Oct 04 10:56:19 Pidrive python3[1245019]: [msc.reads] n=1 bytes=4096 lba=849..849 gap=3 ov=116
Oct 04 10:56:19 Pidrive python3[1245019]: [rx] {"t":"event","op":"msc.reads","ms":172029,"gap":4,"lba0":857,"lba1":857,"bytes":4096,"n":1,"kind":2,"ov":116}
Oct 04 10:56:19 Pidrive python3[1245019]: [msc.reads] n=1 bytes=4096 lba=857..857 gap=4 ov=116
Oct 04 10:56:19 Pidrive python3[1245019]: [rx] {"t":"event","op":"msc.reads","ms":172033,"gap":4,"lba0":865,"lba1":865,"bytes":4096,"n":1,"kind":2,"ov":116}
Oct 04 10:56:19 Pidrive python3[1245019]: [msc.reads] n=1 bytes=4096 lba=865..865 gap=4 ov=116
Oct 04 10:56:19 Pidrive python3[1245019]: [rx] {"t":"event","op":"msc.reads","ms":172037,"gap":4,"lba0":873,"lba1":1049,"bytes":94208,"n":23,"kind":2,"ov":116}
Oct 04 10:56:19 Pidrive python3[1245019]: [msc.reads] n=23 bytes=94208 lba=873..1049 gap=4 ov=116
Oct 04 10:56:19 Pidrive python3[1245019]: [rx] {"t":"event","op":"msc.reads","ms":172123,"gap":4,"lba0":1057,"lba1":1057,"bytes":4096,"n":1,"kind":2,"ov":116}
Oct 04 10:56:19 Pidrive python3[1245019]: [msc.reads] n=1 bytes=4096 lba=1057..1057 gap=4 ov=116
Oct 04 10:56:19 Pidrive python3[1245019]: [rx] {"t":"event","op":"msc.reads","ms":172127,"gap":4,"lba0":1065,"lba1":1065,"bytes":4096,"n":1,"kind":2,"ov":116}
Oct 04 10:56:19 Pidrive python3[1245019]: [msc.reads] n=1 bytes=4096 lba=1065..1065 gap=4 ov=116
Oct 04 10:56:19 Pidrive python3[1245019]: [rx] {"t":"event","op":"msc.reads","ms":172131,"gap":4,"lba0":1073,"lba1":1073,"bytes":4096,"n":1,"kind":2,"ov":116}
Oct 04 10:56:19 Pidrive python3[1245019]: [msc.reads] n=1 bytes=4096 lba=1073..1073 gap=4 ov=116
Oct 04 10:56:19 Pidrive python3[1245019]: [rx] {"t":"event","op":"msc.reads","ms":172135,"gap":4,"lba0":1081,"lba1":1081,"bytes":4096,"n":1,"kind":2,"ov":116}
Oct 04 10:56:19 Pidrive python3[1245019]: [msc.reads] n=1 bytes=4096 lba=1081..1081 gap=4 ov=116
Oct 04 10:56:19 Pidrive python3[1245019]: [rx] {"t":"event","op":"msc.reads","ms":172139,"gap":4,"lba0":1089,"lba1":1137,"bytes":28672,"n":7,"kind":2,"ov":116}
Oct 04 10:56:19 Pidrive python3[1245019]: [msc.reads] n=7 bytes=28672 lba=1089..1137 gap=4 ov=116
Oct 04 10:56:19 Pidrive python3[1245019]: [rx] {"t":"event","op":"msc.reads","ms":172165,"gap":4,"lba0":1145,"lba1":1169,"bytes":16384,"n":4,"kind":2,"ov":116}
Oct 04 10:56:19 Pidrive python3[1245019]: [msc.reads] n=4 bytes=16384 lba=1145..1169 gap=4 ov=116
Oct 04 10:56:19 Pidrive python3[1245019]: [rx] {"t":"event","op":"diag","code":"play.reject","detail":"not_from_head uid=fav0 from=753 +221184B age=171377ms prefetch"}
Oct 04 10:56:19 Pidrive python3[1245019]: [msc] play.reject not_from_head uid=fav0 from=753 +221184B age=171377ms prefetch
Oct 04 10:56:19 Pidrive python3[1245019]: [rx] {"t":"event","op":"msc.reads","ms":172180,"gap":4,"lba0":1177,"lba1":1177,"bytes":4096,"n":1,"kind":2,"ov":116}
Oct 04 10:56:19 Pidrive python3[1245019]: [msc.reads] n=1 bytes=4096 lba=1177..1177 gap=4 ov=116
Oct 04 10:56:19 Pidrive python3[1245019]: [rx] {"t":"event","op":"msc.reads","ms":172197,"gap":17,"lba0":1185,"lba1":1185,"bytes":4096,"n":1,"kind":2,"ov":116}
Oct 04 10:56:19 Pidrive python3[1245019]: [msc.reads] n=1 bytes=4096 lba=1185..1185 gap=17 ov=116
Oct 04 10:56:19 Pidrive python3[1245019]: [rx] {"t":"event","op":"msc.reads","ms":172201,"gap":4,"lba0":1193,"lba1":1193,"bytes":4096,"n":1,"kind":2,"ov":116}
Oct 04 10:56:19 Pidrive python3[1245019]: [msc.reads] n=1 bytes=4096 lba=1193..1193 gap=4 ov=116
Oct 04 10:56:19 Pidrive python3[1245019]: [rx] {"t":"event","op":"msc.reads","ms":172205,"gap":4,"lba0":1201,"lba1":1241,"bytes":24576,"n":6,"kind":2,"ov":116}
Oct 04 10:56:19 Pidrive python3[1245019]: [msc.reads] n=6 bytes=24576 lba=1201..1241 gap=4 ov=116
Oct 04 10:56:19 Pidrive python3[1245019]: [rx] {"t":"event","op":"msc.reads","ms":172227,"gap":4,"lba0":1249,"lba1":1337,"bytes":49152,"n":12,"kind":2,"ov":116}
Oct 04 10:56:19 Pidrive python3[1245019]: [msc.reads] n=12 bytes=49152 lba=1249..1337 gap=4 ov=116
Oct 04 10:56:19 Pidrive python3[1245019]: [rx] {"t":"event","op":"msc.reads","ms":172271,"gap":4,"lba0":1345,"lba1":1345,"bytes":4096,"n":1,"kind":2,"ov":116}
Oct 04 10:56:19 Pidrive python3[1245019]: [msc.reads] n=1 bytes=4096 lba=1345..1345 gap=4 ov=116
Oct 04 10:56:19 Pidrive python3[1245019]: [rx] {"t":"event","op":"msc.reads","ms":172275,"gap":4,"lba0":1353,"lba1":1353,"bytes":4096,"n":1,"kind":2,"ov":116}
Oct 04 10:56:19 Pidrive python3[1245019]: [msc.reads] n=1 bytes=4096 lba=1353..1353 gap=4 ov=116
Oct 04 10:56:19 Pidrive python3[1245019]: [rx] {"t":"event","op":"msc.reads","ms":172279,"gap":4,"lba0":1361,"lba1":1361,"bytes":4096,"n":1,"kind":2,"ov":116}
Oct 04 10:56:19 Pidrive python3[1245019]: [msc.reads] n=1 bytes=4096 lba=1361..1361 gap=4 ov=116
Oct 04 10:56:19 Pidrive python3[1245019]: [rx] {"t":"event","op":"msc.reads","ms":172282,"gap":3,"lba0":1369,"lba1":1425,"bytes":32768,"n":8,"kind":2,"ov":116}
Oct 04 10:56:19 Pidrive python3[1245019]: [msc.reads] n=8 bytes=32768 lba=1369..1425 gap=3 ov=116
Oct 04 10:56:19 Pidrive python3[1245019]: [rx] {"t":"event","op":"msc.reads","ms":172312,"gap":4,"lba0":1433,"lba1":1433,"bytes":4096,"n":1,"kind":2,"ov":116}
Oct 04 10:56:19 Pidrive python3[1245019]: [msc.reads] n=1 bytes=4096 lba=1433..1433 gap=4 ov=116
Oct 04 10:56:19 Pidrive python3[1245019]: [rx] {"t":"event","op":"msc.reads","ms":172316,"gap":4,"lba0":1441,"lba1":1441,"bytes":4096,"n":1,"kind":2,"ov":116}
Oct 04 10:56:19 Pidrive python3[1245019]: [msc.reads] n=1 bytes=4096 lba=1441..1441 gap=4 ov=116
Oct 04 10:56:19 Pidrive python3[1245019]: [rx] {"t":"event","op":"msc.reads","ms":172320,"gap":4,"lba0":1449,"lba1":1457,"bytes":8192,"n":2,"kind":2,"ov":116}
Oct 04 10:56:19 Pidrive python3[1245019]: [msc.reads] n=2 bytes=8192 lba=1449..1457 gap=4 ov=116
Oct 04 10:56:19 Pidrive python3[1245019]: [rx] {"t":"event","op":"msc.reads","ms":172327,"gap":4,"lba0":1465,"lba1":1465,"bytes":4096,"n":1,"kind":2,"ov":116}
Oct 04 10:56:19 Pidrive python3[1245019]: [msc.reads] n=1 bytes=4096 lba=1465..1465 gap=4 ov=116
Oct 04 10:56:19 Pidrive python3[1245019]: [rx] {"t":"event","op":"msc.reads","ms":172332,"gap":5,"lba0":2689,"lba1":2689,"bytes":4096,"n":1,"kind":2,"ov":116}
Oct 04 10:56:19 Pidrive python3[1245019]: [msc.reads] n=1 bytes=4096 lba=2689..2689 gap=5 ov=116
Oct 04 10:56:19 Pidrive python3[1245019]: [rx] {"t":"event","op":"msc.reads","ms":172336,"gap":4,"lba0":2697,"lba1":2761,"bytes":36864,"n":9,"kind":2,"ov":116}
Oct 04 10:56:19 Pidrive python3[1245019]: [msc.reads] n=9 bytes=36864 lba=2697..2761 gap=4 ov=116
Oct 04 10:56:19 Pidrive python3[1245019]: [rx] {"t":"event","op":"msc.reads","ms":172369,"gap":4,"lba0":2769,"lba1":2769,"bytes":4096,"n":1,"kind":2,"ov":116}
Oct 04 10:56:19 Pidrive python3[1245019]: [msc.reads] n=1 bytes=4096 lba=2769..2769 gap=4 ov=116
Oct 04 10:56:19 Pidrive python3[1245019]: [rx] {"t":"event","op":"msc.reads","ms":172373,"gap":4,"lba0":2777,"lba1":2777,"bytes":4096,"n":1,"kind":2,"ov":116}
Oct 04 10:56:19 Pidrive python3[1245019]: [msc.reads] n=1 bytes=4096 lba=2777..2777 gap=4 ov=116
Oct 04 10:56:19 Pidrive python3[1245019]: [rx] {"t":"event","op":"msc.reads","ms":172377,"gap":4,"lba0":2785,"lba1":2785,"bytes":4096,"n":1,"kind":2,"ov":116}
Oct 04 10:56:19 Pidrive python3[1245019]: [msc.reads] n=1 bytes=4096 lba=2785..2785 gap=4 ov=116
Oct 04 10:56:20 Pidrive python3[1245019]: [rx] {"t":"event","op":"msc.reads","ms":172381,"gap":4,"lba0":2793,"lba1":2793,"bytes":4096,"n":1,"kind":2,"ov":116}
Oct 04 10:56:20 Pidrive python3[1245019]: [msc.reads] n=1 bytes=4096 lba=2793..2793 gap=4 ov=116
Oct 04 10:56:20 Pidrive python3[1245019]: [rx] {"t":"event","op":"msc.reads","ms":172385,"gap":4,"lba0":2801,"lba1":2801,"bytes":4096,"n":1,"kind":2,"ov":116}
Oct 04 10:56:20 Pidrive python3[1245019]: [msc.reads] n=1 bytes=4096 lba=2801..2801 gap=4 ov=116
Oct 04 10:56:20 Pidrive python3[1245019]: [rx] {"t":"event","op":"msc.reads","ms":172389,"gap":4,"lba0":2809,"lba1":2809,"bytes":4096,"n":1,"kind":2,"ov":116}
Oct 04 10:56:20 Pidrive python3[1245019]: [msc.reads] n=1 bytes=4096 lba=2809..2809 gap=4 ov=116
Oct 04 10:56:20 Pidrive python3[1245019]: [rx] {"t":"event","op":"msc.reads","ms":172393,"gap":4,"lba0":2817,"lba1":2817,"bytes":4096,"n":1,"kind":2,"ov":116}
Oct 04 10:56:20 Pidrive python3[1245019]: [msc.reads] n=1 bytes=4096 lba=2817..2817 gap=4 ov=116
Oct 04 10:56:20 Pidrive python3[1245019]: [rx] {"t":"event","op":"msc.reads","ms":172397,"gap":4,"lba0":2825,"lba1":2825,"bytes":4096,"n":1,"kind":2,"ov":116}
Oct 04 10:56:20 Pidrive python3[1245019]: [msc.reads] n=1 bytes=4096 lba=2825..2825 gap=4 ov=116
Oct 04 10:56:20 Pidrive python3[1245019]: [rx] {"t":"event","op":"msc.reads","ms":172401,"gap":4,"lba0":2833,"lba1":2881,"bytes":28672,"n":7,"kind":2,"ov":116}
Oct 04 10:56:20 Pidrive python3[1245019]: [msc.reads] n=7 bytes=28672 lba=2833..2881 gap=4 ov=116
Oct 04 10:56:20 Pidrive python3[1245019]: [rx] {"t":"event","op":"msc.reads","ms":172426,"gap":3,"lba0":2889,"lba1":2969,"bytes":45056,"n":11,"kind":2,"ov":116}
Oct 04 10:56:20 Pidrive python3[1245019]: [msc.reads] n=11 bytes=45056 lba=2889..2969 gap=3 ov=116
Oct 04 10:56:20 Pidrive python3[1245019]: [rx] {"t":"event","op":"msc.reads","ms":172467,"gap":4,"lba0":2977,"lba1":2977,"bytes":4096,"n":1,"kind":2,"ov":116}
Oct 04 10:56:20 Pidrive python3[1245019]: [msc.reads] n=1 bytes=4096 lba=2977..2977 gap=4 ov=116
Oct 04 10:56:20 Pidrive python3[1245019]: [rx] {"t":"event","op":"msc.reads","ms":172471,"gap":4,"lba0":2985,"lba1":2985,"bytes":4096,"n":1,"kind":2,"ov":116}
Oct 04 10:56:20 Pidrive python3[1245019]: [msc.reads] n=1 bytes=4096 lba=2985..2985 gap=4 ov=116
Oct 04 10:56:20 Pidrive python3[1245019]: [rx] {"t":"event","op":"msc.reads","ms":172474,"gap":3,"lba0":2993,"lba1":3001,"bytes":8192,"n":2,"kind":2,"ov":116}
Oct 04 10:56:20 Pidrive python3[1245019]: [msc.reads] n=2 bytes=8192 lba=2993..3001 gap=3 ov=116
Oct 04 10:56:20 Pidrive python3[1245019]: [rx] {"t":"event","op":"msc.reads","ms":172482,"gap":4,"lba0":3009,"lba1":3073,"bytes":36864,"n":9,"kind":2,"ov":116}
Oct 04 10:56:20 Pidrive python3[1245019]: [msc.reads] n=9 bytes=36864 lba=3009..3073 gap=4 ov=116
Oct 04 10:56:20 Pidrive python3[1245019]: [rx] {"t":"event","op":"msc.reads","ms":172515,"gap":4,"lba0":3081,"lba1":3081,"bytes":4096,"n":1,"kind":2,"ov":116}
Oct 04 10:56:20 Pidrive python3[1245019]: [msc.reads] n=1 bytes=4096 lba=3081..3081 gap=4 ov=116
Oct 04 10:56:20 Pidrive python3[1245019]: [rx] {"t":"event","op":"msc.reads","ms":172519,"gap":4,"lba0":3089,"lba1":3089,"bytes":4096,"n":1,"kind":2,"ov":116}
Oct 04 10:56:20 Pidrive python3[1245019]: [msc.reads] n=1 bytes=4096 lba=3089..3089 gap=4 ov=116
Oct 04 10:56:20 Pidrive python3[1245019]: [rx] {"t":"event","op":"msc.reads","ms":172523,"gap":4,"lba0":3097,"lba1":3217,"bytes":65536,"n":16,"kind":2,"ov":116}
Oct 04 10:56:20 Pidrive python3[1245019]: [msc.reads] n=16 bytes=65536 lba=3097..3217 gap=4 ov=116
Oct 04 10:56:20 Pidrive python3[1245019]: [rx] {"t":"event","op":"msc.reads","ms":172584,"gap":4,"lba0":3225,"lba1":3225,"bytes":4096,"n":1,"kind":2,"ov":116}
Oct 04 10:56:20 Pidrive python3[1245019]: [msc.reads] n=1 bytes=4096 lba=3225..3225 gap=4 ov=116
Oct 04 10:56:20 Pidrive python3[1245019]: [rx] {"t":"event","op":"msc.reads","ms":172588,"gap":4,"lba0":3233,"lba1":3233,"bytes":4096,"n":1,"kind":2,"ov":116}
Oct 04 10:56:20 Pidrive python3[1245019]: [msc.reads] n=1 bytes=4096 lba=3233..3233 gap=4 ov=116
Oct 04 10:56:20 Pidrive python3[1245019]: [rx] {"t":"event","op":"msc.reads","ms":172592,"gap":4,"lba0":3241,"lba1":3241,"bytes":4096,"n":1,"kind":2,"ov":116}
Oct 04 10:56:20 Pidrive python3[1245019]: [msc.reads] n=1 bytes=4096 lba=3241..3241 gap=4 ov=116
Oct 04 10:56:20 Pidrive python3[1245019]: [rx] {"t":"event","op":"msc.reads","ms":172595,"gap":3,"lba0":3249,"lba1":3249,"bytes":4096,"n":1,"kind":2,"ov":116}
Oct 04 10:56:20 Pidrive python3[1245019]: [msc.reads] n=1 bytes=4096 lba=3249..3249 gap=3 ov=116
Oct 04 10:56:20 Pidrive python3[1245019]: [rx] {"t":"event","op":"msc.reads","ms":172599,"gap":4,"lba0":3257,"lba1":3305,"bytes":28672,"n":7,"kind":2,"ov":116}
Oct 04 10:56:20 Pidrive python3[1245019]: [msc.reads] n=7 bytes=28672 lba=3257..3305 gap=4 ov=116
Oct 04 10:56:20 Pidrive python3[1245019]: [rx] {"t":"event","op":"msc.reads","ms":172625,"gap":4,"lba0":3313,"lba1":3329,"bytes":12288,"n":3,"kind":2,"ov":116}
Oct 04 10:56:20 Pidrive python3[1245019]: [msc.reads] n=3 bytes=12288 lba=3313..3329 gap=4 ov=116
Oct 04 10:56:20 Pidrive python3[1245019]: [rx] {"t":"event","op":"msc.reads","ms":172636,"gap":4,"lba0":3337,"lba1":3337,"bytes":4096,"n":1,"kind":2,"ov":116}
Oct 04 10:56:20 Pidrive python3[1245019]: [msc.reads] n=1 bytes=4096 lba=3337..3337 gap=4 ov=116
Oct 04 10:56:20 Pidrive python3[1245019]: [rx] {"t":"event","op":"msc.reads","ms":172640,"gap":4,"lba0":3345,"lba1":3345,"bytes":4096,"n":1,"kind":2,"ov":116}
Oct 04 10:56:20 Pidrive python3[1245019]: [msc.reads] n=1 bytes=4096 lba=3345..3345 gap=4 ov=116
Oct 04 10:56:20 Pidrive python3[1245019]: [rx] {"t":"event","op":"msc.reads","ms":172644,"gap":4,"lba0":3353,"lba1":3353,"bytes":4096,"n":1,"kind":2,"ov":116}
Oct 04 10:56:20 Pidrive python3[1245019]: [msc.reads] n=1 bytes=4096 lba=3353..3353 gap=4 ov=116
Oct 04 10:56:20 Pidrive python3[1245019]: [rx] {"t":"event","op":"msc.reads","ms":172648,"gap":4,"lba0":3361,"lba1":3417,"bytes":32768,"n":8,"kind":2,"ov":116}
Oct 04 10:56:20 Pidrive python3[1245019]: [msc.reads] n=8 bytes=32768 lba=3361..3417 gap=4 ov=116
Oct 04 10:56:20 Pidrive python3[1245019]: [rx] {"t":"event","op":"msc.reads","ms":172678,"gap":4,"lba0":3425,"lba1":3425,"bytes":4096,"n":1,"kind":2,"ov":116}
Oct 04 10:56:20 Pidrive python3[1245019]: [msc.reads] n=1 bytes=4096 lba=3425..3425 gap=4 ov=116
Oct 04 10:56:20 Pidrive python3[1245019]: [rx] {"t":"event","op":"msc.reads","ms":172682,"gap":4,"lba0":3433,"lba1":3457,"bytes":16384,"n":4,"kind":2,"ov":116}
Oct 04 10:56:20 Pidrive python3[1245019]: [msc.reads] n=4 bytes=16384 lba=3433..3457 gap=4 ov=116
Oct 04 10:56:20 Pidrive python3[1245019]: [rx] {"t":"event","op":"msc.reads","ms":172697,"gap":4,"lba0":3465,"lba1":3465,"bytes":4096,"n":1,"kind":2,"ov":116}
Oct 04 10:56:20 Pidrive python3[1245019]: [msc.reads] n=1 bytes=4096 lba=3465..3465 gap=4 ov=116
Oct 04 10:56:20 Pidrive python3[1245019]: [rx] {"t":"event","op":"msc.reads","ms":172701,"gap":4,"lba0":3473,"lba1":3473,"bytes":4096,"n":1,"kind":2,"ov":116}
Oct 04 10:56:20 Pidrive python3[1245019]: [msc.reads] n=1 bytes=4096 lba=3473..3473 gap=4 ov=116
Oct 04 10:56:20 Pidrive python3[1245019]: [rx] {"t":"event","op":"msc.reads","ms":172705,"gap":4,"lba0":3481,"lba1":3481,"bytes":4096,"n":1,"kind":2,"ov":116}
Oct 04 10:56:20 Pidrive python3[1245019]: [msc.reads] n=1 bytes=4096 lba=3481..3481 gap=4 ov=116
Oct 04 10:56:20 Pidrive python3[1245019]: [rx] {"t":"event","op":"msc.reads","ms":172708,"gap":3,"lba0":3489,"lba1":3545,"bytes":32768,"n":8,"kind":2,"ov":116}
Oct 04 10:56:20 Pidrive python3[1245019]: [msc.reads] n=8 bytes=32768 lba=3489..3545 gap=3 ov=116
Oct 04 10:56:20 Pidrive python3[1245019]: [rx] {"t":"event","op":"msc.reads","ms":172738,"gap":4,"lba0":3553,"lba1":3625,"bytes":40960,"n":10,"kind":2,"ov":116}
Oct 04 10:56:20 Pidrive python3[1245019]: [msc.reads] n=10 bytes=40960 lba=3553..3625 gap=4 ov=116
Oct 04 10:56:20 Pidrive python3[1245019]: [rx] {"t":"event","op":"msc.reads","ms":172775,"gap":4,"lba0":3633,"lba1":3633,"bytes":4096,"n":1,"kind":2,"ov":116}
Oct 04 10:56:20 Pidrive python3[1245019]: [msc.reads] n=1 bytes=4096 lba=3633..3633 gap=4 ov=116
Oct 04 10:56:20 Pidrive python3[1245019]: [rx] {"t":"event","op":"msc.reads","ms":172779,"gap":4,"lba0":3641,"lba1":3641,"bytes":4096,"n":1,"kind":2,"ov":116}
Oct 04 10:56:20 Pidrive python3[1245019]: [msc.reads] n=1 bytes=4096 lba=3641..3641 gap=4 ov=116
Oct 04 10:56:20 Pidrive python3[1245019]: [rx] {"t":"event","op":"msc.reads","ms":172783,"gap":4,"lba0":3649,"lba1":3649,"bytes":4096,"n":1,"kind":2,"ov":116}
Oct 04 10:56:20 Pidrive python3[1245019]: [msc.reads] n=1 bytes=4096 lba=3649..3649 gap=4 ov=116
Oct 04 10:56:20 Pidrive python3[1245019]: [rx] {"t":"event","op":"msc.reads","ms":172787,"gap":4,"lba0":3657,"lba1":3729,"bytes":40960,"n":10,"kind":2,"ov":116}
Oct 04 10:56:20 Pidrive python3[1245019]: [msc.reads] n=10 bytes=40960 lba=3657..3729 gap=4 ov=116
Oct 04 10:56:20 Pidrive python3[1245019]: [rx] {"t":"event","op":"msc.reads","ms":172823,"gap":3,"lba0":3737,"lba1":3737,"bytes":4096,"n":1,"kind":2,"ov":116}
Oct 04 10:56:20 Pidrive python3[1245019]: [msc.reads] n=1 bytes=4096 lba=3737..3737 gap=3 ov=116
Oct 04 10:56:20 Pidrive python3[1245019]: [rx] {"t":"event","op":"msc.reads","ms":172827,"gap":4,"lba0":3745,"lba1":3745,"bytes":4096,"n":1,"kind":2,"ov":116}
Oct 04 10:56:20 Pidrive python3[1245019]: [msc.reads] n=1 bytes=4096 lba=3745..3745 gap=4 ov=116
Oct 04 10:56:20 Pidrive python3[1245019]: [rx] {"t":"event","op":"msc.reads","ms":172831,"gap":4,"lba0":3753,"lba1":3761,"bytes":8192,"n":2,"kind":2,"ov":116}
Oct 04 10:56:20 Pidrive python3[1245019]: [msc.reads] n=2 bytes=8192 lba=3753..3761 gap=4 ov=116
Oct 04 10:56:20 Pidrive python3[1245019]: [rx] {"t":"event","op":"msc.reads","ms":172839,"gap":4,"lba0":3769,"lba1":3769,"bytes":4096,"n":1,"kind":2,"ov":116}
Oct 04 10:56:20 Pidrive python3[1245019]: [msc.reads] n=1 bytes=4096 lba=3769..3769 gap=4 ov=116
Oct 04 10:56:20 Pidrive python3[1245019]: [rx] {"t":"event","op":"msc.reads","ms":172843,"gap":4,"lba0":3777,"lba1":3777,"bytes":4096,"n":1,"kind":2,"ov":116}
Oct 04 10:56:20 Pidrive python3[1245019]: [msc.reads] n=1 bytes=4096 lba=3777..3777 gap=4 ov=116
Oct 04 10:56:20 Pidrive python3[1245019]: [rx] {"t":"event","op":"msc.reads","ms":172847,"gap":4,"lba0":3785,"lba1":3785,"bytes":4096,"n":1,"kind":2,"ov":116}
Oct 04 10:56:20 Pidrive python3[1245019]: [msc.reads] n=1 bytes=4096 lba=3785..3785 gap=4 ov=116
Oct 04 10:56:20 Pidrive python3[1245019]: [rx] {"t":"event","op":"msc.reads","ms":172850,"gap":3,"lba0":3793,"lba1":3849,"bytes":32768,"n":8,"kind":2,"ov":116}
Oct 04 10:56:20 Pidrive python3[1245019]: [msc.reads] n=8 bytes=32768 lba=3793..3849 gap=3 ov=116
Oct 04 10:56:20 Pidrive python3[1245019]: [rx] {"t":"event","op":"msc.reads","ms":172880,"gap":4,"lba0":3857,"lba1":3865,"bytes":8192,"n":2,"kind":2,"ov":116}
Oct 04 10:56:20 Pidrive python3[1245019]: [msc.reads] n=2 bytes=8192 lba=3857..3865 gap=4 ov=116
Oct 04 10:56:20 Pidrive python3[1245019]: [rx] {"t":"event","op":"msc.reads","ms":172888,"gap":4,"lba0":3873,"lba1":3873,"bytes":4096,"n":1,"kind":2,"ov":116}
Oct 04 10:56:20 Pidrive python3[1245019]: [msc.reads] n=1 bytes=4096 lba=3873..3873 gap=4 ov=116
Oct 04 10:56:20 Pidrive python3[1245019]: [rx] {"t":"event","op":"msc.reads","ms":172891,"gap":3,"lba0":3881,"lba1":3881,"bytes":4096,"n":1,"kind":2,"ov":116}
Oct 04 10:56:20 Pidrive python3[1245019]: [msc.reads] n=1 bytes=4096 lba=3881..3881 gap=3 ov=116
Oct 04 10:56:20 Pidrive python3[1245019]: [rx] {"t":"event","op":"msc.reads","ms":172895,"gap":4,"lba0":3889,"lba1":3897,"bytes":8192,"n":2,"kind":2,"ov":116}
Oct 04 10:56:20 Pidrive python3[1245019]: [msc.reads] n=2 bytes=8192 lba=3889..3897 gap=4 ov=116
Oct 04 10:56:20 Pidrive python3[1245019]: [rx] {"t":"event","op":"msc.reads","ms":172903,"gap":4,"lba0":3905,"lba1":3905,"bytes":4096,"n":1,"kind":2,"ov":116}
Oct 04 10:56:20 Pidrive python3[1245019]: [msc.reads] n=1 bytes=4096 lba=3905..3905 gap=4 ov=116
Oct 04 10:56:20 Pidrive python3[1245019]: [rx] {"t":"event","op":"msc.reads","ms":172907,"gap":4,"lba0":3913,"lba1":3961,"bytes":28672,"n":7,"kind":2,"ov":116}
Oct 04 10:56:20 Pidrive python3[1245019]: [msc.reads] n=7 bytes=28672 lba=3913..3961 gap=4 ov=116
Oct 04 10:56:20 Pidrive python3[1245019]: [rx] {"t":"event","op":"msc.reads","ms":172932,"gap":3,"lba0":3969,"lba1":3969,"bytes":4096,"n":1,"kind":2,"ov":116}
Oct 04 10:56:20 Pidrive python3[1245019]: [msc.reads] n=1 bytes=4096 lba=3969..3969 gap=3 ov=116
Oct 04 10:56:20 Pidrive python3[1245019]: [rx] {"t":"event","op":"msc.reads","ms":172936,"gap":4,"lba0":3977,"lba1":3993,"bytes":12288,"n":3,"kind":2,"ov":116}
Oct 04 10:56:20 Pidrive python3[1245019]: [msc.reads] n=3 bytes=12288 lba=3977..3993 gap=4 ov=116
Oct 04 10:56:20 Pidrive python3[1245019]: [rx] {"t":"event","op":"msc.reads","ms":172948,"gap":4,"lba0":4001,"lba1":4001,"bytes":4096,"n":1,"kind":2,"ov":116}
Oct 04 10:56:20 Pidrive python3[1245019]: [msc.reads] n=1 bytes=4096 lba=4001..4001 gap=4 ov=116
Oct 04 10:56:20 Pidrive python3[1245019]: [rx] {"t":"event","op":"msc.reads","ms":172952,"gap":4,"lba0":4009,"lba1":4009,"bytes":4096,"n":1,"kind":2,"ov":116}
Oct 04 10:56:20 Pidrive python3[1245019]: [msc.reads] n=1 bytes=4096 lba=4009..4009 gap=4 ov=116
Oct 04 10:56:20 Pidrive python3[1245019]: [rx] {"t":"event","op":"msc.reads","ms":172956,"gap":4,"lba0":4017,"lba1":4017,"bytes":4096,"n":1,"kind":2,"ov":116}
Oct 04 10:56:20 Pidrive python3[1245019]: [msc.reads] n=1 bytes=4096 lba=4017..4017 gap=4 ov=116
Oct 04 10:56:20 Pidrive python3[1245019]: [rx] {"t":"event","op":"diag","code":"play.reject","detail":"not_from_head uid=fav0 from=2689 +712704B age=172179ms prefetch"}
Oct 04 10:56:20 Pidrive python3[1245019]: [msc] play.reject not_from_head uid=fav0 from=2689 +712704B age=172179ms prefetch
Oct 04 10:56:20 Pidrive python3[1245019]: [rx] {"t":"event","op":"msc.reads","ms":172959,"gap":3,"lba0":4025,"lba1":4073,"bytes":28672,"n":7,"kind":2,"ov":116}
Oct 04 10:56:20 Pidrive python3[1245019]: [msc.reads] n=7 bytes=28672 lba=4025..4073 gap=3 ov=116
Oct 04 10:56:20 Pidrive python3[1245019]: [rx] {"t":"event","op":"msc.reads","ms":172999,"gap":17,"lba0":4081,"lba1":4081,"bytes":4096,"n":1,"kind":2,"ov":116}
Oct 04 10:56:20 Pidrive python3[1245019]: [msc.reads] n=1 bytes=4096 lba=4081..4081 gap=17 ov=116
Oct 04 10:56:20 Pidrive python3[1245019]: [rx] {"t":"event","op":"msc.reads","ms":173003,"gap":4,"lba0":4089,"lba1":4089,"bytes":4096,"n":1,"kind":2,"ov":116}
Oct 04 10:56:20 Pidrive python3[1245019]: [msc.reads] n=1 bytes=4096 lba=4089..4089 gap=4 ov=116
Oct 04 10:56:20 Pidrive python3[1245019]: [rx] {"t":"event","op":"msc.reads","ms":173007,"gap":4,"lba0":4097,"lba1":4097,"bytes":4096,"n":1,"kind":2,"ov":116}
Oct 04 10:56:20 Pidrive python3[1245019]: [msc.reads] n=1 bytes=4096 lba=4097..4097 gap=4 ov=116
Oct 04 10:56:20 Pidrive python3[1245019]: [rx] {"t":"event","op":"msc.reads","ms":173011,"gap":4,"lba0":4105,"lba1":4153,"bytes":28672,"n":7,"kind":2,"ov":116}
Oct 04 10:56:20 Pidrive python3[1245019]: [msc.reads] n=7 bytes=28672 lba=4105..4153 gap=4 ov=116
Oct 04 10:56:20 Pidrive python3[1245019]: [rx] {"t":"event","op":"msc.reads","ms":173037,"gap":4,"lba0":4161,"lba1":4169,"bytes":8192,"n":2,"kind":2,"ov":116}
Oct 04 10:56:20 Pidrive python3[1245019]: [msc.reads] n=2 bytes=8192 lba=4161..4169 gap=4 ov=116
Oct 04 10:56:20 Pidrive python3[1245019]: [rx] {"t":"event","op":"msc.reads","ms":173045,"gap":4,"lba0":4177,"lba1":4185,"bytes":8192,"n":2,"kind":2,"ov":116}
Oct 04 10:56:20 Pidrive python3[1245019]: [msc.reads] n=2 bytes=8192 lba=4177..4185 gap=4 ov=116
Oct 04 10:56:20 Pidrive python3[1245019]: [rx] {"t":"event","op":"msc.reads","ms":173052,"gap":4,"lba0":4193,"lba1":4193,"bytes":4096,"n":1,"kind":2,"ov":116}
Oct 04 10:56:20 Pidrive python3[1245019]: [msc.reads] n=1 bytes=4096 lba=4193..4193 gap=4 ov=116
Oct 04 10:56:20 Pidrive python3[1245019]: [rx] {"t":"event","op":"msc.reads","ms":173056,"gap":4,"lba0":4201,"lba1":4201,"bytes":4096,"n":1,"kind":2,"ov":116}
Oct 04 10:56:20 Pidrive python3[1245019]: [msc.reads] n=1 bytes=4096 lba=4201..4201 gap=4 ov=116
Oct 04 10:56:20 Pidrive python3[1245019]: [rx] {"t":"event","op":"msc.reads","ms":173060,"gap":4,"lba0":4209,"lba1":4265,"bytes":32768,"n":8,"kind":2,"ov":116}
Oct 04 10:56:20 Pidrive python3[1245019]: [msc.reads] n=8 bytes=32768 lba=4209..4265 gap=4 ov=116
Oct 04 10:56:20 Pidrive python3[1245019]: [rx] {"t":"event","op":"msc.reads","ms":173089,"gap":4,"lba0":4273,"lba1":4273,"bytes":4096,"n":1,"kind":2,"ov":116}
Oct 04 10:56:20 Pidrive python3[1245019]: [msc.reads] n=1 bytes=4096 lba=4273..4273 gap=4 ov=116
Oct 04 10:56:20 Pidrive python3[1245019]: [rx] {"t":"event","op":"msc.reads","ms":173093,"gap":4,"lba0":4281,"lba1":4297,"bytes":12288,"n":3,"kind":2,"ov":116}
Oct 04 10:56:20 Pidrive python3[1245019]: [msc.reads] n=3 bytes=12288 lba=4281..4297 gap=4 ov=116
Oct 04 10:56:20 Pidrive python3[1245019]: [rx] {"t":"event","op":"msc.reads","ms":173104,"gap":4,"lba0":4305,"lba1":4305,"bytes":4096,"n":1,"kind":2,"ov":116}
Oct 04 10:56:20 Pidrive python3[1245019]: [msc.reads] n=1 bytes=4096 lba=4305..4305 gap=4 ov=116
Oct 04 10:56:20 Pidrive python3[1245019]: [rx] {"t":"event","op":"msc.reads","ms":173108,"gap":4,"lba0":4313,"lba1":4313,"bytes":4096,"n":1,"kind":2,"ov":116}
Oct 04 10:56:20 Pidrive python3[1245019]: [msc.reads] n=1 bytes=4096 lba=4313..4313 gap=4 ov=116
Oct 04 10:56:20 Pidrive python3[1245019]: [rx] {"t":"event","op":"msc.reads","ms":173112,"gap":4,"lba0":4321,"lba1":4321,"bytes":4096,"n":1,"kind":2,"ov":116}
Oct 04 10:56:20 Pidrive python3[1245019]: [msc.reads] n=1 bytes=4096 lba=4321..4321 gap=4 ov=116
Oct 04 10:56:20 Pidrive python3[1245019]: [rx] {"t":"event","op":"msc.reads","ms":173116,"gap":4,"lba0":4329,"lba1":4329,"bytes":4096,"n":1,"kind":2,"ov":116}
Oct 04 10:56:20 Pidrive python3[1245019]: [msc.reads] n=1 bytes=4096 lba=4329..4329 gap=4 ov=116
Oct 04 10:56:20 Pidrive python3[1245019]: [rx] {"t":"event","op":"msc.reads","ms":173119,"gap":3,"lba0":4337,"lba1":4393,"bytes":32768,"n":8,"kind":2,"ov":116}
Oct 04 10:56:20 Pidrive python3[1245019]: [msc.reads] n=8 bytes=32768 lba=4337..4393 gap=3 ov=116
Oct 04 10:56:20 Pidrive python3[1245019]: [rx] {"t":"event","op":"msc.reads","ms":173149,"gap":3,"lba0":4401,"lba1":4409,"bytes":8192,"n":2,"kind":2,"ov":116}
Oct 04 10:56:20 Pidrive python3[1245019]: [msc.reads] n=2 bytes=8192 lba=4401..4409 gap=3 ov=116
Oct 04 10:56:20 Pidrive python3[1245019]: [rx] {"t":"event","op":"msc.reads","ms":173157,"gap":4,"lba0":4417,"lba1":4417,"bytes":4096,"n":1,"kind":2,"ov":116}
Oct 04 10:56:20 Pidrive python3[1245019]: [msc.reads] n=1 bytes=4096 lba=4417..4417 gap=4 ov=116
Oct 04 10:56:20 Pidrive python3[1245019]: [rx] {"t":"event","op":"msc.reads","ms":173161,"gap":4,"lba0":4425,"lba1":4425,"bytes":4096,"n":1,"kind":2,"ov":116}
Oct 04 10:56:20 Pidrive python3[1245019]: [msc.reads] n=1 bytes=4096 lba=4425..4425 gap=4 ov=116
Oct 04 10:56:20 Pidrive python3[1245019]: [rx] {"t":"event","op":"msc.reads","ms":173165,"gap":4,"lba0":4433,"lba1":4465,"bytes":20480,"n":5,"kind":2,"ov":116}
Oct 04 10:56:20 Pidrive python3[1245019]: [msc.reads] n=5 bytes=20480 lba=4433..4465 gap=4 ov=116
Oct 04 10:56:20 Pidrive python3[1245019]: [rx] {"t":"event","op":"msc.reads","ms":173183,"gap":4,"lba0":4473,"lba1":4569,"bytes":53248,"n":13,"kind":2,"ov":116}
Oct 04 10:56:20 Pidrive python3[1245019]: [msc.reads] n=13 bytes=53248 lba=4473..4569 gap=4 ov=116
Oct 04 10:56:20 Pidrive python3[1245019]: [rx] {"t":"event","op":"msc.reads","ms":173231,"gap":4,"lba0":4577,"lba1":4577,"bytes":4096,"n":1,"kind":2,"ov":116}
Oct 04 10:56:20 Pidrive python3[1245019]: [msc.reads] n=1 bytes=4096 lba=4577..4577 gap=4 ov=116
Oct 04 10:56:20 Pidrive python3[1245019]: [rx] {"t":"event","op":"msc.reads","ms":173234,"gap":3,"lba0":4585,"lba1":4585,"bytes":4096,"n":1,"kind":2,"ov":116}
Oct 04 10:56:20 Pidrive python3[1245019]: [msc.reads] n=1 bytes=4096 lba=4585..4585 gap=3 ov=116
Oct 04 10:56:20 Pidrive python3[1245019]: [rx] {"t":"event","op":"msc.reads","ms":173238,"gap":4,"lba0":4593,"lba1":4593,"bytes":4096,"n":1,"kind":2,"ov":116}
Oct 04 10:56:20 Pidrive python3[1245019]: [msc.reads] n=1 bytes=4096 lba=4593..4593 gap=4 ov=116
Oct 04 10:56:20 Pidrive python3[1245019]: [rx] {"t":"event","op":"msc.reads","ms":173242,"gap":4,"lba0":4601,"lba1":4601,"bytes":4096,"n":1,"kind":2,"ov":116}
Oct 04 10:56:20 Pidrive python3[1245019]: [msc.reads] n=1 bytes=4096 lba=4601..4601 gap=4 ov=116
Oct 04 10:56:20 Pidrive python3[1245019]: [rx] {"t":"event","op":"msc.reads","ms":173246,"gap":4,"lba0":4609,"lba1":4609,"bytes":4096,"n":1,"kind":2,"ov":116}
Oct 04 10:56:20 Pidrive python3[1245019]: [msc.reads] n=1 bytes=4096 lba=4609..4609 gap=4 ov=116
Oct 04 10:56:20 Pidrive python3[1245019]: [tx] {"t":"ping"}
Oct 04 10:56:20 Pidrive python3[1245019]: [rx] {"t":"event","op":"msc.reads","ms":173250,"gap":4,"lba0":4617,"lba1":4617,"bytes":4096,"n":1,"kind":2,"ov":116}
Oct 04 10:56:20 Pidrive python3[1245019]: [msc.reads] n=1 bytes=4096 lba=4617..4617 gap=4 ov=116
Oct 04 10:56:20 Pidrive python3[1245019]: [rx] {"t":"pong"}
Oct 04 10:56:22 Pidrive python3[1245019]: [tx] {"t":"ping"}
Oct 04 10:56:22 Pidrive python3[1245019]: [rx] {"t":"event","op":"diag","code":"msc.quiet","detail":"file=3418624B age=2000ms"}
Oct 04 10:56:22 Pidrive python3[1245019]: [msc] msc.quiet file=3418624B age=2000ms
Oct 04 10:56:22 Pidrive python3[1245019]: [rx] {"t":"pong"}
Oct 04 10:56:25 Pidrive python3[1245019]: [tx] {"t":"ping"}
Oct 04 10:56:25 Pidrive python3[1245019]: [rx] {"t":"pong"}
Oct 04 10:56:26 Pidrive python3[1245019]: [rx] {"t":"event","op":"msc.reads","ms":178422,"gap":5172,"lba0":4625,"lba1":4625,"bytes":4096,"n":1,"kind":2,"ov":116}
Oct 04 10:56:26 Pidrive python3[1245019]: [msc.reads] n=1 bytes=4096 lba=4625..4625 gap=5172 ov=116
Oct 04 10:56:26 Pidrive python3[1245019]: [rx] {"t":"event","op":"diag","code":"play.reject","detail":"not_from_head uid=fav0 from=2689 +995328B age=177619ms prefetch"}
Oct 04 10:56:26 Pidrive python3[1245019]: [msc] play.reject not_from_head uid=fav0 from=2689 +995328B age=177619ms prefetch
Oct 04 10:56:26 Pidrive python3[1245019]: [rx] {"t":"event","op":"msc.reads","ms":178439,"gap":17,"lba0":4633,"lba1":4633,"bytes":4096,"n":1,"kind":2,"ov":116}
Oct 04 10:56:26 Pidrive python3[1245019]: [msc.reads] n=1 bytes=4096 lba=4633..4633 gap=17 ov=116
Oct 04 10:56:26 Pidrive python3[1245019]: [rx] {"t":"event","op":"msc.reads","ms":178443,"gap":4,"lba0":4641,"lba1":4641,"bytes":4096,"n":1,"kind":2,"ov":116}
Oct 04 10:56:26 Pidrive python3[1245019]: [msc.reads] n=1 bytes=4096 lba=4641..4641 gap=4 ov=116
Oct 04 10:56:26 Pidrive python3[1245019]: [rx] {"t":"event","op":"msc.reads","ms":178447,"gap":4,"lba0":4649,"lba1":4649,"bytes":4096,"n":1,"kind":2,"ov":116}
Oct 04 10:56:26 Pidrive python3[1245019]: [msc.reads] n=1 bytes=4096 lba=4649..4649 gap=4 ov=116
Oct 04 10:56:26 Pidrive python3[1245019]: [rx] {"t":"event","op":"msc.reads","ms":178450,"gap":3,"lba0":4657,"lba1":4689,"bytes":20480,"n":5,"kind":2,"ov":116}
Oct 04 10:56:26 Pidrive python3[1245019]: [msc.reads] n=5 bytes=20480 lba=4657..4689 gap=3 ov=116
Oct 04 10:56:26 Pidrive python3[1245019]: [rx] {"t":"event","op":"msc.reads","ms":178469,"gap":4,"lba0":4697,"lba1":4705,"bytes":8192,"n":2,"kind":2,"ov":116}
Oct 04 10:56:26 Pidrive python3[1245019]: [msc.reads] n=2 bytes=8192 lba=4697..4705 gap=4 ov=116
Oct 04 10:56:26 Pidrive python3[1245019]: [rx] {"t":"event","op":"msc.reads","ms":178477,"gap":4,"lba0":4713,"lba1":4793,"bytes":45056,"n":11,"kind":2,"ov":116}
Oct 04 10:56:26 Pidrive python3[1245019]: [msc.reads] n=11 bytes=45056 lba=4713..4793 gap=4 ov=116
Oct 04 10:56:26 Pidrive python3[1245019]: [rx] {"t":"event","op":"msc.reads","ms":178519,"gap":4,"lba0":4801,"lba1":4801,"bytes":4096,"n":1,"kind":2,"ov":116}
Oct 04 10:56:26 Pidrive python3[1245019]: [msc.reads] n=1 bytes=4096 lba=4801..4801 gap=4 ov=116
Oct 04 10:56:26 Pidrive python3[1245019]: [rx] {"t":"event","op":"msc.reads","ms":178523,"gap":4,"lba0":4809,"lba1":4809,"bytes":4096,"n":1,"kind":2,"ov":116}
Oct 04 10:56:26 Pidrive python3[1245019]: [msc.reads] n=1 bytes=4096 lba=4809..4809 gap=4 ov=116
Oct 04 10:56:26 Pidrive python3[1245019]: [rx] {"t":"event","op":"msc.reads","ms":178527,"gap":4,"lba0":4817,"lba1":4825,"bytes":8192,"n":2,"kind":2,"ov":116}
Oct 04 10:56:26 Pidrive python3[1245019]: [msc.reads] n=2 bytes=8192 lba=4817..4825 gap=4 ov=116
Oct 04 10:56:26 Pidrive python3[1245019]: [rx] {"t":"event","op":"msc.reads","ms":178535,"gap":4,"lba0":4833,"lba1":4833,"bytes":4096,"n":1,"kind":2,"ov":116}
Oct 04 10:56:26 Pidrive python3[1245019]: [msc.reads] n=1 bytes=4096 lba=4833..4833 gap=4 ov=116
Oct 04 10:56:26 Pidrive python3[1245019]: [rx] {"t":"event","op":"msc.reads","ms":178539,"gap":4,"lba0":4841,"lba1":4841,"bytes":4096,"n":1,"kind":2,"ov":116}
Oct 04 10:56:26 Pidrive python3[1245019]: [msc.reads] n=1 bytes=4096 lba=4841..4841 gap=4 ov=116
Oct 04 10:56:26 Pidrive python3[1245019]: [rx] {"t":"event","op":"msc.reads","ms":178542,"gap":3,"lba0":4849,"lba1":4849,"bytes":4096,"n":1,"kind":2,"ov":116}
Oct 04 10:56:26 Pidrive python3[1245019]: [msc.reads] n=1 bytes=4096 lba=4849..4849 gap=3 ov=116
Oct 04 10:56:26 Pidrive python3[1245019]: [rx] {"t":"event","op":"msc.reads","ms":178546,"gap":4,"lba0":4857,"lba1":4857,"bytes":4096,"n":1,"kind":2,"ov":116}
Oct 04 10:56:26 Pidrive python3[1245019]: [msc.reads] n=1 bytes=4096 lba=4857..4857 gap=4 ov=116
Oct 04 10:56:26 Pidrive python3[1245019]: [rx] {"t":"event","op":"msc.reads","ms":178552,"gap":6,"lba0":4865,"lba1":4865,"bytes":4096,"n":1,"kind":2,"ov":116}
Oct 04 10:56:26 Pidrive python3[1245019]: [msc.reads] n=1 bytes=4096 lba=4865..4865 gap=6 ov=116
Oct 04 10:56:26 Pidrive python3[1245019]: [rx] {"t":"event","op":"msc.reads","ms":178556,"gap":4,"lba0":4873,"lba1":4873,"bytes":4096,"n":1,"kind":2,"ov":116}
Oct 04 10:56:26 Pidrive python3[1245019]: [msc.reads] n=1 bytes=4096 lba=4873..4873 gap=4 ov=116
Oct 04 10:56:26 Pidrive python3[1245019]: [rx] {"t":"event","op":"msc.reads","ms":178560,"gap":4,"lba0":4881,"lba1":4881,"bytes":4096,"n":1,"kind":2,"ov":116}
Oct 04 10:56:26 Pidrive python3[1245019]: [msc.reads] n=1 bytes=4096 lba=4881..4881 gap=4 ov=116
Oct 04 10:56:26 Pidrive python3[1245019]: [rx] {"t":"event","op":"msc.reads","ms":178564,"gap":4,"lba0":4889,"lba1":4889,"bytes":4096,"n":1,"kind":2,"ov":116}
Oct 04 10:56:26 Pidrive python3[1245019]: [msc.reads] n=1 bytes=4096 lba=4889..4889 gap=4 ov=116
Oct 04 10:56:26 Pidrive python3[1245019]: [rx] {"t":"event","op":"msc.reads","ms":178568,"gap":4,"lba0":4897,"lba1":4905,"bytes":8192,"n":2,"kind":2,"ov":116}
Oct 04 10:56:26 Pidrive python3[1245019]: [msc.reads] n=2 bytes=8192 lba=4897..4905 gap=4 ov=116
Oct 04 10:56:26 Pidrive python3[1245019]: [rx] {"t":"event","op":"msc.reads","ms":178575,"gap":3,"lba0":4913,"lba1":4913,"bytes":4096,"n":1,"kind":2,"ov":116}
Oct 04 10:56:26 Pidrive python3[1245019]: [msc.reads] n=1 bytes=4096 lba=4913..4913 gap=3 ov=116
Oct 04 10:56:26 Pidrive python3[1245019]: [rx] {"t":"event","op":"msc.reads","ms":178579,"gap":4,"lba0":4921,"lba1":4921,"bytes":4096,"n":1,"kind":2,"ov":116}
Oct 04 10:56:26 Pidrive python3[1245019]: [msc.reads] n=1 bytes=4096 lba=4921..4921 gap=4 ov=116
Oct 04 10:56:26 Pidrive python3[1245019]: [rx] {"t":"event","op":"msc.reads","ms":178583,"gap":4,"lba0":4929,"lba1":5001,"bytes":40960,"n":10,"kind":2,"ov":116}
Oct 04 10:56:26 Pidrive python3[1245019]: [msc.reads] n=10 bytes=40960 lba=4929..5001 gap=4 ov=116
Oct 04 10:56:26 Pidrive python3[1245019]: [rx] {"t":"event","op":"msc.reads","ms":178620,"gap":4,"lba0":5009,"lba1":5009,"bytes":4096,"n":1,"kind":2,"ov":116}
Oct 04 10:56:26 Pidrive python3[1245019]: [msc.reads] n=1 bytes=4096 lba=5009..5009 gap=4 ov=116
Oct 04 10:56:26 Pidrive python3[1245019]: [rx] {"t":"event","op":"msc.reads","ms":178624,"gap":4,"lba0":5017,"lba1":5017,"bytes":4096,"n":1,"kind":2,"ov":116}
Oct 04 10:56:26 Pidrive python3[1245019]: [msc.reads] n=1 bytes=4096 lba=5017..5017 gap=4 ov=116
Oct 04 10:56:26 Pidrive python3[1245019]: [rx] {"t":"event","op":"msc.reads","ms":178628,"gap":4,"lba0":5025,"lba1":5025,"bytes":4096,"n":1,"kind":2,"ov":116}
Oct 04 10:56:26 Pidrive python3[1245019]: [msc.reads] n=1 bytes=4096 lba=5025..5025 gap=4 ov=116
Oct 04 10:56:26 Pidrive python3[1245019]: [rx] {"t":"event","op":"msc.reads","ms":178632,"gap":4,"lba0":5033,"lba1":5065,"bytes":20480,"n":5,"kind":2,"ov":116}
Oct 04 10:56:26 Pidrive python3[1245019]: [msc.reads] n=5 bytes=20480 lba=5033..5065 gap=4 ov=116
Oct 04 10:56:26 Pidrive python3[1245019]: [rx] {"t":"event","op":"msc.reads","ms":178650,"gap":4,"lba0":5073,"lba1":5073,"bytes":4096,"n":1,"kind":2,"ov":116}
Oct 04 10:56:26 Pidrive python3[1245019]: [msc.reads] n=1 bytes=4096 lba=5073..5073 gap=4 ov=116
Oct 04 10:56:26 Pidrive python3[1245019]: [rx] {"t":"event","op":"msc.reads","ms":178654,"gap":4,"lba0":5081,"lba1":5081,"bytes":4096,"n":1,"kind":2,"ov":116}
Oct 04 10:56:26 Pidrive python3[1245019]: [msc.reads] n=1 bytes=4096 lba=5081..5081 gap=4 ov=116
Oct 04 10:56:26 Pidrive python3[1245019]: [rx] {"t":"event","op":"msc.reads","ms":178658,"gap":4,"lba0":5089,"lba1":5089,"bytes":4096,"n":1,"kind":2,"ov":116}
Oct 04 10:56:26 Pidrive python3[1245019]: [msc.reads] n=1 bytes=4096 lba=5089..5089 gap=4 ov=116
Oct 04 10:56:26 Pidrive python3[1245019]: [rx] {"t":"event","op":"msc.reads","ms":178661,"gap":3,"lba0":5097,"lba1":5201,"bytes":57344,"n":14,"kind":2,"ov":116}
Oct 04 10:56:26 Pidrive python3[1245019]: [msc.reads] n=14 bytes=57344 lba=5097..5201 gap=3 ov=116
Oct 04 10:56:26 Pidrive python3[1245019]: [rx] {"t":"event","op":"msc.reads","ms":178714,"gap":4,"lba0":5209,"lba1":5209,"bytes":4096,"n":1,"kind":2,"ov":116}
Oct 04 10:56:26 Pidrive python3[1245019]: [msc.reads] n=1 bytes=4096 lba=5209..5209 gap=4 ov=116
Oct 04 10:56:26 Pidrive python3[1245019]: [rx] {"t":"event","op":"msc.reads","ms":178717,"gap":3,"lba0":5217,"lba1":5217,"bytes":4096,"n":1,"kind":2,"ov":116}
Oct 04 10:56:26 Pidrive python3[1245019]: [msc.reads] n=1 bytes=4096 lba=5217..5217 gap=3 ov=116
Oct 04 10:56:26 Pidrive python3[1245019]: [rx] {"t":"event","op":"msc.reads","ms":178721,"gap":4,"lba0":5225,"lba1":5225,"bytes":4096,"n":1,"kind":2,"ov":116}
Oct 04 10:56:26 Pidrive python3[1245019]: [msc.reads] n=1 bytes=4096 lba=5225..5225 gap=4 ov=116
Oct 04 10:56:26 Pidrive python3[1245019]: [rx] {"t":"event","op":"msc.reads","ms":178725,"gap":4,"lba0":5233,"lba1":5233,"bytes":4096,"n":1,"kind":2,"ov":116}
Oct 04 10:56:26 Pidrive python3[1245019]: [msc.reads] n=1 bytes=4096 lba=5233..5233 gap=4 ov=116
Oct 04 10:56:26 Pidrive python3[1245019]: [rx] {"t":"event","op":"msc.reads","ms":178729,"gap":4,"lba0":5241,"lba1":5313,"bytes":40960,"n":10,"kind":2,"ov":116}
Oct 04 10:56:26 Pidrive python3[1245019]: [msc.reads] n=10 bytes=40960 lba=5241..5313 gap=4 ov=116
Oct 04 10:56:26 Pidrive python3[1245019]: [rx] {"t":"event","op":"msc.reads","ms":178766,"gap":4,"lba0":5321,"lba1":5321,"bytes":4096,"n":1,"kind":2,"ov":116}
Oct 04 10:56:26 Pidrive python3[1245019]: [msc.reads] n=1 bytes=4096 lba=5321..5321 gap=4 ov=116
Oct 04 10:56:26 Pidrive python3[1245019]: [rx] {"t":"event","op":"msc.reads","ms":178770,"gap":4,"lba0":5329,"lba1":5329,"bytes":4096,"n":1,"kind":2,"ov":116}
Oct 04 10:56:26 Pidrive python3[1245019]: [msc.reads] n=1 bytes=4096 lba=5329..5329 gap=4 ov=116
Oct 04 10:56:26 Pidrive python3[1245019]: [rx] {"t":"event","op":"msc.reads","ms":178773,"gap":3,"lba0":5337,"lba1":5345,"bytes":8192,"n":2,"kind":2,"ov":116}
Oct 04 10:56:26 Pidrive python3[1245019]: [msc.reads] n=2 bytes=8192 lba=5337..5345 gap=3 ov=116
Oct 04 10:56:26 Pidrive python3[1245019]: [rx] {"t":"event","op":"msc.reads","ms":178782,"gap":4,"lba0":5353,"lba1":5353,"bytes":4096,"n":1,"kind":2,"ov":116}
Oct 04 10:56:26 Pidrive python3[1245019]: [msc.reads] n=1 bytes=4096 lba=5353..5353 gap=4 ov=116
Oct 04 10:56:26 Pidrive python3[1245019]: [rx] {"t":"event","op":"msc.reads","ms":178786,"gap":4,"lba0":5361,"lba1":5361,"bytes":4096,"n":1,"kind":2,"ov":116}
Oct 04 10:56:26 Pidrive python3[1245019]: [msc.reads] n=1 bytes=4096 lba=5361..5361 gap=4 ov=116
Oct 04 10:56:26 Pidrive python3[1245019]: [rx] {"t":"event","op":"msc.reads","ms":178789,"gap":3,"lba0":5369,"lba1":5425,"bytes":32768,"n":8,"kind":2,"ov":116}
Oct 04 10:56:26 Pidrive python3[1245019]: [msc.reads] n=8 bytes=32768 lba=5369..5425 gap=3 ov=116
Oct 04 10:56:26 Pidrive python3[1245019]: [rx] {"t":"event","op":"msc.reads","ms":178819,"gap":4,"lba0":5433,"lba1":5433,"bytes":4096,"n":1,"kind":2,"ov":116}
Oct 04 10:56:26 Pidrive python3[1245019]: [msc.reads] n=1 bytes=4096 lba=5433..5433 gap=4 ov=116
Oct 04 10:56:26 Pidrive python3[1245019]: [rx] {"t":"event","op":"msc.reads","ms":178823,"gap":4,"lba0":5441,"lba1":5449,"bytes":8192,"n":2,"kind":2,"ov":116}
Oct 04 10:56:26 Pidrive python3[1245019]: [msc.reads] n=2 bytes=8192 lba=5441..5449 gap=4 ov=116
Oct 04 10:56:26 Pidrive python3[1245019]: [rx] {"t":"event","op":"msc.reads","ms":178830,"gap":4,"lba0":5457,"lba1":5473,"bytes":12288,"n":3,"kind":2,"ov":116}
Oct 04 10:56:26 Pidrive python3[1245019]: [msc.reads] n=3 bytes=12288 lba=5457..5473 gap=4 ov=116
Oct 04 10:56:26 Pidrive python3[1245019]: [rx] {"t":"event","op":"msc.reads","ms":178841,"gap":3,"lba0":5481,"lba1":5481,"bytes":4096,"n":1,"kind":2,"ov":116}
Oct 04 10:56:26 Pidrive python3[1245019]: [msc.reads] n=1 bytes=4096 lba=5481..5481 gap=3 ov=116
Oct 04 10:56:26 Pidrive python3[1245019]: [rx] {"t":"event","op":"msc.reads","ms":178845,"gap":4,"lba0":5489,"lba1":5489,"bytes":4096,"n":1,"kind":2,"ov":116}
Oct 04 10:56:26 Pidrive python3[1245019]: [msc.reads] n=1 bytes=4096 lba=5489..5489 gap=4 ov=116
Oct 04 10:56:26 Pidrive python3[1245019]: [rx] {"t":"event","op":"msc.reads","ms":178849,"gap":4,"lba0":5497,"lba1":5497,"bytes":4096,"n":1,"kind":2,"ov":116}
Oct 04 10:56:26 Pidrive python3[1245019]: [msc.reads] n=1 bytes=4096 lba=5497..5497 gap=4 ov=116
Oct 04 10:56:26 Pidrive python3[1245019]: [rx] {"t":"event","op":"msc.reads","ms":178853,"gap":4,"lba0":5505,"lba1":5545,"bytes":24576,"n":6,"kind":2,"ov":116}
Oct 04 10:56:26 Pidrive python3[1245019]: [msc.reads] n=6 bytes=24576 lba=5505..5545 gap=4 ov=116
Oct 04 10:56:26 Pidrive python3[1245019]: [rx] {"t":"event","op":"msc.reads","ms":178875,"gap":4,"lba0":5553,"lba1":5569,"bytes":12288,"n":3,"kind":2,"ov":116}
Oct 04 10:56:26 Pidrive python3[1245019]: [msc.reads] n=3 bytes=12288 lba=5553..5569 gap=4 ov=116
Oct 04 10:56:26 Pidrive python3[1245019]: [rx] {"t":"event","op":"msc.reads","ms":178886,"gap":4,"lba0":5577,"lba1":5577,"bytes":4096,"n":1,"kind":2,"ov":116}
Oct 04 10:56:26 Pidrive python3[1245019]: [msc.reads] n=1 bytes=4096 lba=5577..5577 gap=4 ov=116
Oct 04 10:56:26 Pidrive python3[1245019]: [rx] {"t":"event","op":"msc.reads","ms":178891,"gap":5,"lba0":5585,"lba1":5585,"bytes":4096,"n":1,"kind":2,"ov":116}
Oct 04 10:56:26 Pidrive python3[1245019]: [msc.reads] n=1 bytes=4096 lba=5585..5585 gap=5 ov=116
Oct 04 10:56:26 Pidrive python3[1245019]: [rx] {"t":"event","op":"msc.reads","ms":178895,"gap":4,"lba0":5593,"lba1":5593,"bytes":4096,"n":1,"kind":2,"ov":116}
Oct 04 10:56:26 Pidrive python3[1245019]: [msc.reads] n=1 bytes=4096 lba=5593..5593 gap=4 ov=116
Oct 04 10:56:26 Pidrive python3[1245019]: [rx] {"t":"event","op":"msc.reads","ms":178898,"gap":3,"lba0":5601,"lba1":5665,"bytes":36864,"n":9,"kind":2,"ov":116}
Oct 04 10:56:26 Pidrive python3[1245019]: [msc.reads] n=9 bytes=36864 lba=5601..5665 gap=3 ov=116
Oct 04 10:56:26 Pidrive python3[1245019]: [rx] {"t":"event","op":"msc.reads","ms":178932,"gap":4,"lba0":5673,"lba1":5673,"bytes":4096,"n":1,"kind":2,"ov":116}
Oct 04 10:56:26 Pidrive python3[1245019]: [msc.reads] n=1 bytes=4096 lba=5673..5673 gap=4 ov=116
Oct 04 10:56:26 Pidrive python3[1245019]: [rx] {"t":"event","op":"msc.reads","ms":178935,"gap":3,"lba0":5681,"lba1":5713,"bytes":20480,"n":5,"kind":2,"ov":116}
Oct 04 10:56:26 Pidrive python3[1245019]: [msc.reads] n=5 bytes=20480 lba=5681..5713 gap=3 ov=116
Oct 04 10:56:26 Pidrive python3[1245019]: [rx] {"t":"event","op":"msc.reads","ms":178954,"gap":4,"lba0":5721,"lba1":5721,"bytes":4096,"n":1,"kind":2,"ov":116}
Oct 04 10:56:26 Pidrive python3[1245019]: [msc.reads] n=1 bytes=4096 lba=5721..5721 gap=4 ov=116
Oct 04 10:56:26 Pidrive python3[1245019]: [rx] {"t":"event","op":"msc.reads","ms":178958,"gap":4,"lba0":5729,"lba1":5729,"bytes":4096,"n":1,"kind":2,"ov":116}
Oct 04 10:56:26 Pidrive python3[1245019]: [msc.reads] n=1 bytes=4096 lba=5729..5729 gap=4 ov=116
Oct 04 10:56:26 Pidrive python3[1245019]: [rx] {"t":"event","op":"msc.reads","ms":178962,"gap":4,"lba0":5737,"lba1":5737,"bytes":4096,"n":1,"kind":2,"ov":116}
Oct 04 10:56:26 Pidrive python3[1245019]: [msc.reads] n=1 bytes=4096 lba=5737..5737 gap=4 ov=116
Oct 04 10:56:26 Pidrive python3[1245019]: [rx] {"t":"event","op":"msc.reads","ms":178966,"gap":4,"lba0":5745,"lba1":5777,"bytes":20480,"n":5,"kind":2,"ov":116}
Oct 04 10:56:26 Pidrive python3[1245019]: [msc.reads] n=5 bytes=20480 lba=5745..5777 gap=4 ov=116
Oct 04 10:56:26 Pidrive python3[1245019]: [rx] {"t":"event","op":"msc.reads","ms":178984,"gap":4,"lba0":5785,"lba1":5873,"bytes":49152,"n":12,"kind":2,"ov":116}
Oct 04 10:56:26 Pidrive python3[1245019]: [msc.reads] n=12 bytes=49152 lba=5785..5873 gap=4 ov=116
Oct 04 10:56:26 Pidrive python3[1245019]: [rx] {"t":"event","op":"msc.reads","ms":179028,"gap":4,"lba0":5881,"lba1":5881,"bytes":4096,"n":1,"kind":2,"ov":116}
Oct 04 10:56:26 Pidrive python3[1245019]: [msc.reads] n=1 bytes=4096 lba=5881..5881 gap=4 ov=116
Oct 04 10:56:26 Pidrive python3[1245019]: [rx] {"t":"event","op":"msc.reads","ms":179032,"gap":4,"lba0":5889,"lba1":5889,"bytes":4096,"n":1,"kind":2,"ov":116}
Oct 04 10:56:26 Pidrive python3[1245019]: [msc.reads] n=1 bytes=4096 lba=5889..5889 gap=4 ov=116
Oct 04 10:56:26 Pidrive python3[1245019]: [rx] {"t":"event","op":"msc.reads","ms":179036,"gap":4,"lba0":5897,"lba1":5897,"bytes":4096,"n":1,"kind":2,"ov":116}
Oct 04 10:56:26 Pidrive python3[1245019]: [msc.reads] n=1 bytes=4096 lba=5897..5897 gap=4 ov=116
Oct 04 10:56:26 Pidrive python3[1245019]: [rx] {"t":"event","op":"msc.reads","ms":179040,"gap":4,"lba0":5905,"lba1":5905,"bytes":4096,"n":1,"kind":2,"ov":116}
Oct 04 10:56:26 Pidrive python3[1245019]: [msc.reads] n=1 bytes=4096 lba=5905..5905 gap=4 ov=116
Oct 04 10:56:26 Pidrive python3[1245019]: [rx] {"t":"event","op":"msc.reads","ms":179044,"gap":4,"lba0":5913,"lba1":5913,"bytes":4096,"n":1,"kind":2,"ov":116}
Oct 04 10:56:26 Pidrive python3[1245019]: [msc.reads] n=1 bytes=4096 lba=5913..5913 gap=4 ov=116
Oct 04 10:56:26 Pidrive python3[1245019]: [rx] {"t":"event","op":"msc.reads","ms":179048,"gap":4,"lba0":5921,"lba1":5929,"bytes":8192,"n":2,"kind":2,"ov":116}
Oct 04 10:56:26 Pidrive python3[1245019]: [msc.reads] n=2 bytes=8192 lba=5921..5929 gap=4 ov=116
Oct 04 10:56:26 Pidrive python3[1245019]: [rx] {"t":"event","op":"msc.reads","ms":179055,"gap":4,"lba0":5937,"lba1":5937,"bytes":4096,"n":1,"kind":2,"ov":116}
Oct 04 10:56:26 Pidrive python3[1245019]: [msc.reads] n=1 bytes=4096 lba=5937..5937 gap=4 ov=116
Oct 04 10:56:26 Pidrive python3[1245019]: [rx] {"t":"event","op":"msc.reads","ms":179059,"gap":4,"lba0":5945,"lba1":6081,"bytes":73728,"n":18,"kind":2,"ov":116}
Oct 04 10:56:26 Pidrive python3[1245019]: [msc.reads] n=18 bytes=73728 lba=5945..6081 gap=4 ov=116
Oct 04 10:56:26 Pidrive python3[1245019]: [rx] {"t":"event","op":"msc.reads","ms":179125,"gap":4,"lba0":6089,"lba1":6193,"bytes":57344,"n":14,"kind":2,"ov":116}
Oct 04 10:56:26 Pidrive python3[1245019]: [msc.reads] n=14 bytes=57344 lba=6089..6193 gap=4 ov=116
Oct 04 10:56:26 Pidrive python3[1245019]: [rx] {"t":"event","op":"msc.reads","ms":179177,"gap":4,"lba0":6201,"lba1":6209,"bytes":8192,"n":2,"kind":2,"ov":116}
Oct 04 10:56:26 Pidrive python3[1245019]: [msc.reads] n=2 bytes=8192 lba=6201..6209 gap=4 ov=116
Oct 04 10:56:26 Pidrive python3[1245019]: [rx] {"t":"event","op":"msc.reads","ms":179185,"gap":4,"lba0":6217,"lba1":6217,"bytes":4096,"n":1,"kind":2,"ov":116}
Oct 04 10:56:26 Pidrive python3[1245019]: [msc.reads] n=1 bytes=4096 lba=6217..6217 gap=4 ov=116
Oct 04 10:56:26 Pidrive python3[1245019]: [rx] {"t":"event","op":"msc.reads","ms":179189,"gap":4,"lba0":6225,"lba1":6225,"bytes":4096,"n":1,"kind":2,"ov":116}
Oct 04 10:56:26 Pidrive python3[1245019]: [msc.reads] n=1 bytes=4096 lba=6225..6225 gap=4 ov=116
Oct 04 10:56:26 Pidrive python3[1245019]: [rx] {"t":"event","op":"msc.reads","ms":179193,"gap":4,"lba0":6233,"lba1":6233,"bytes":4096,"n":1,"kind":2,"ov":116}
Oct 04 10:56:26 Pidrive python3[1245019]: [msc.reads] n=1 bytes=4096 lba=6233..6233 gap=4 ov=116
Oct 04 10:56:26 Pidrive python3[1245019]: [rx] {"t":"event","op":"diag","code":"play.reject","detail":"not_from_head uid=fav0 from=2689 +1851392B age=178419ms prefetch"}
Oct 04 10:56:26 Pidrive python3[1245019]: [msc] play.reject not_from_head uid=fav0 from=2689 +1851392B age=178419ms prefetch
Oct 04 10:56:26 Pidrive python3[1245019]: [rx] {"t":"event","op":"msc.reads","ms":179197,"gap":4,"lba0":6241,"lba1":6297,"bytes":32768,"n":8,"kind":2,"ov":116}
Oct 04 10:56:26 Pidrive python3[1245019]: [msc.reads] n=8 bytes=32768 lba=6241..6297 gap=4 ov=116
Oct 04 10:56:26 Pidrive python3[1245019]: [rx] {"t":"event","op":"msc.reads","ms":179240,"gap":18,"lba0":6305,"lba1":6305,"bytes":4096,"n":1,"kind":2,"ov":116}
Oct 04 10:56:26 Pidrive python3[1245019]: [msc.reads] n=1 bytes=4096 lba=6305..6305 gap=18 ov=116
Oct 04 10:56:26 Pidrive python3[1245019]: [rx] {"t":"event","op":"msc.reads","ms":179244,"gap":4,"lba0":6313,"lba1":6313,"bytes":4096,"n":1,"kind":2,"ov":116}
Oct 04 10:56:26 Pidrive python3[1245019]: [msc.reads] n=1 bytes=4096 lba=6313..6313 gap=4 ov=116
Oct 04 10:56:26 Pidrive python3[1245019]: [rx] {"t":"event","op":"msc.reads","ms":179247,"gap":3,"lba0":6321,"lba1":6321,"bytes":4096,"n":1,"kind":2,"ov":116}
Oct 04 10:56:26 Pidrive python3[1245019]: [msc.reads] n=1 bytes=4096 lba=6321..6321 gap=3 ov=116
Oct 04 10:56:26 Pidrive python3[1245019]: [rx] {"t":"event","op":"msc.reads","ms":179251,"gap":4,"lba0":6329,"lba1":6329,"bytes":4096,"n":1,"kind":2,"ov":116}
Oct 04 10:56:26 Pidrive python3[1245019]: [msc.reads] n=1 bytes=4096 lba=6329..6329 gap=4 ov=116
Oct 04 10:56:26 Pidrive python3[1245019]: [rx] {"t":"event","op":"msc.reads","ms":179255,"gap":4,"lba0":6337,"lba1":6337,"bytes":4096,"n":1,"kind":2,"ov":116}
Oct 04 10:56:26 Pidrive python3[1245019]: [msc.reads] n=1 bytes=4096 lba=6337..6337 gap=4 ov=116
Oct 04 10:56:26 Pidrive python3[1245019]: [rx] {"t":"event","op":"msc.reads","ms":179259,"gap":4,"lba0":6345,"lba1":6345,"bytes":4096,"n":1,"kind":2,"ov":116}
Oct 04 10:56:26 Pidrive python3[1245019]: [msc.reads] n=1 bytes=4096 lba=6345..6345 gap=4 ov=116
Oct 04 10:56:26 Pidrive python3[1245019]: [rx] {"t":"event","op":"msc.reads","ms":179263,"gap":4,"lba0":6353,"lba1":6353,"bytes":4096,"n":1,"kind":2,"ov":116}
Oct 04 10:56:26 Pidrive python3[1245019]: [msc.reads] n=1 bytes=4096 lba=6353..6353 gap=4 ov=116
Oct 04 10:56:26 Pidrive python3[1245019]: [rx] {"t":"event","op":"msc.reads","ms":179267,"gap":4,"lba0":6361,"lba1":6361,"bytes":4096,"n":1,"kind":2,"ov":116}
Oct 04 10:56:26 Pidrive python3[1245019]: [msc.reads] n=1 bytes=4096 lba=6361..6361 gap=4 ov=116
Oct 04 10:56:27 Pidrive python3[1245019]: [tx] {"t":"ping"}
Oct 04 10:56:27 Pidrive python3[1245019]: [rx] {"t":"event","op":"msc.reads","ms":179270,"gap":3,"lba0":6369,"lba1":6377,"bytes":8192,"n":2,"kind":2,"ov":116}
Oct 04 10:56:27 Pidrive python3[1245019]: [msc.reads] n=2 bytes=8192 lba=6369..6377 gap=3 ov=116
Oct 04 10:56:27 Pidrive python3[1245019]: [rx] {"t":"event","op":"msc.reads","ms":179278,"gap":4,"lba0":6385,"lba1":6385,"bytes":4096,"n":1,"kind":2,"ov":116}
Oct 04 10:56:27 Pidrive python3[1245019]: [msc.reads] n=1 bytes=4096 lba=6385..6385 gap=4 ov=116
Oct 04 10:56:27 Pidrive python3[1245019]: [rx] {"t":"event","op":"msc.reads","ms":179282,"gap":4,"lba0":6393,"lba1":6393,"bytes":4096,"n":1,"kind":2,"ov":116}
Oct 04 10:56:27 Pidrive python3[1245019]: [msc.reads] n=1 bytes=4096 lba=6393..6393 gap=4 ov=116
Oct 04 10:56:27 Pidrive python3[1245019]: [rx] {"t":"event","op":"msc.reads","ms":179286,"gap":4,"lba0":6401,"lba1":6401,"bytes":4096,"n":1,"kind":2,"ov":116}
Oct 04 10:56:27 Pidrive python3[1245019]: [msc.reads] n=1 bytes=4096 lba=6401..6401 gap=4 ov=116
Oct 04 10:56:27 Pidrive python3[1245019]: [rx] {"t":"event","op":"msc.reads","ms":179290,"gap":4,"lba0":6409,"lba1":6409,"bytes":4096,"n":1,"kind":2,"ov":116}
Oct 04 10:56:27 Pidrive python3[1245019]: [msc.reads] n=1 bytes=4096 lba=6409..6409 gap=4 ov=116
Oct 04 10:56:27 Pidrive python3[1245019]: [rx] {"t":"event","op":"msc.reads","ms":179294,"gap":4,"lba0":6417,"lba1":6665,"bytes":131072,"n":32,"kind":2,"ov":116}
Oct 04 10:56:27 Pidrive python3[1245019]: [msc.reads] n=32 bytes=131072 lba=6417..6665 gap=4 ov=116
Oct 04 10:56:27 Pidrive python3[1245019]: [rx] {"t":"event","op":"msc.reads","ms":179412,"gap":4,"lba0":6673,"lba1":6713,"bytes":24576,"n":6,"kind":2,"ov":116}
Oct 04 10:56:27 Pidrive python3[1245019]: [msc.reads] n=6 bytes=24576 lba=6673..6713 gap=4 ov=116
Oct 04 10:56:27 Pidrive python3[1245019]: [rx] {"t":"event","op":"msc.reads","ms":179434,"gap":4,"lba0":6721,"lba1":6729,"bytes":8192,"n":2,"kind":2,"ov":116}
Oct 04 10:56:27 Pidrive python3[1245019]: [msc.reads] n=2 bytes=8192 lba=6721..6729 gap=4 ov=116
Oct 04 10:56:27 Pidrive python3[1245019]: [rx] {"t":"pong"}
Oct 04 10:56:27 Pidrive python3[1245019]: [rx] {"t":"event","op":"msc.reads","ms":179442,"gap":4,"lba0":6737,"lba1":6745,"bytes":8192,"n":2,"kind":2,"ov":116}
Oct 04 10:56:27 Pidrive python3[1245019]: [msc.reads] n=2 bytes=8192 lba=6737..6745 gap=4 ov=116
Oct 04 10:56:27 Pidrive python3[1245019]: [rx] {"t":"event","op":"msc.reads","ms":179450,"gap":4,"lba0":6753,"lba1":6817,"bytes":36864,"n":9,"kind":2,"ov":116}
Oct 04 10:56:27 Pidrive python3[1245019]: [msc.reads] n=9 bytes=36864 lba=6753..6817 gap=4 ov=116
Oct 04 10:56:27 Pidrive python3[1245019]: [rx] {"t":"event","op":"msc.reads","ms":179483,"gap":4,"lba0":6825,"lba1":6825,"bytes":4096,"n":1,"kind":2,"ov":116}
Oct 04 10:56:27 Pidrive python3[1245019]: [msc.reads] n=1 bytes=4096 lba=6825..6825 gap=4 ov=116
Oct 04 10:56:27 Pidrive python3[1245019]: [rx] {"t":"event","op":"msc.reads","ms":179487,"gap":4,"lba0":6833,"lba1":6833,"bytes":4096,"n":1,"kind":2,"ov":116}
Oct 04 10:56:27 Pidrive python3[1245019]: [msc.reads] n=1 bytes=4096 lba=6833..6833 gap=4 ov=116
Oct 04 10:56:27 Pidrive python3[1245019]: [rx] {"t":"event","op":"msc.reads","ms":179491,"gap":4,"lba0":6841,"lba1":6841,"bytes":4096,"n":1,"kind":2,"ov":116}
Oct 04 10:56:27 Pidrive python3[1245019]: [msc.reads] n=1 bytes=4096 lba=6841..6841 gap=4 ov=116
Oct 04 10:56:27 Pidrive python3[1245019]: [rx] {"t":"event","op":"msc.reads","ms":179495,"gap":4,"lba0":6849,"lba1":6857,"bytes":8192,"n":2,"kind":2,"ov":116}
Oct 04 10:56:27 Pidrive python3[1245019]: [msc.reads] n=2 bytes=8192 lba=6849..6857 gap=4 ov=116
Oct 04 10:56:27 Pidrive python3[1245019]: [rx] {"t":"event","op":"msc.reads","ms":179503,"gap":4,"lba0":6865,"lba1":6865,"bytes":4096,"n":1,"kind":2,"ov":116}
Oct 04 10:56:27 Pidrive python3[1245019]: [msc.reads] n=1 bytes=4096 lba=6865..6865 gap=4 ov=116
Oct 04 10:56:27 Pidrive python3[1245019]: [rx] {"t":"event","op":"msc.reads","ms":179507,"gap":4,"lba0":6873,"lba1":6873,"bytes":4096,"n":1,"kind":2,"ov":116}
Oct 04 10:56:27 Pidrive python3[1245019]: [msc.reads] n=1 bytes=4096 lba=6873..6873 gap=4 ov=116
Oct 04 10:56:27 Pidrive python3[1245019]: [rx] {"t":"event","op":"msc.reads","ms":179511,"gap":4,"lba0":6881,"lba1":6881,"bytes":4096,"n":1,"kind":2,"ov":116}
Oct 04 10:56:27 Pidrive python3[1245019]: [msc.reads] n=1 bytes=4096 lba=6881..6881 gap=4 ov=116
Oct 04 10:56:27 Pidrive python3[1245019]: [rx] {"t":"event","op":"msc.reads","ms":179515,"gap":4,"lba0":6889,"lba1":7025,"bytes":73728,"n":18,"kind":2,"ov":116}
Oct 04 10:56:27 Pidrive python3[1245019]: [msc.reads] n=18 bytes=73728 lba=6889..7025 gap=4 ov=116
Oct 04 10:56:27 Pidrive python3[1245019]: [rx] {"t":"event","op":"msc.reads","ms":179581,"gap":4,"lba0":7033,"lba1":7033,"bytes":4096,"n":1,"kind":2,"ov":116}
Oct 04 10:56:27 Pidrive python3[1245019]: [msc.reads] n=1 bytes=4096 lba=7033..7033 gap=4 ov=116
Oct 04 10:56:27 Pidrive python3[1245019]: [rx] {"t":"event","op":"msc.reads","ms":179585,"gap":4,"lba0":7041,"lba1":7041,"bytes":4096,"n":1,"kind":2,"ov":116}
Oct 04 10:56:27 Pidrive python3[1245019]: [msc.reads] n=1 bytes=4096 lba=7041..7041 gap=4 ov=116
Oct 04 10:56:27 Pidrive python3[1245019]: [rx] {"t":"event","op":"msc.reads","ms":179589,"gap":4,"lba0":7049,"lba1":7057,"bytes":8192,"n":2,"kind":2,"ov":116}
Oct 04 10:56:27 Pidrive python3[1245019]: [msc.reads] n=2 bytes=8192 lba=7049..7057 gap=4 ov=116
Oct 04 10:56:27 Pidrive python3[1245019]: [rx] {"t":"event","op":"msc.reads","ms":179597,"gap":4,"lba0":7065,"lba1":7065,"bytes":4096,"n":1,"kind":2,"ov":116}
Oct 04 10:56:27 Pidrive python3[1245019]: [msc.reads] n=1 bytes=4096 lba=7065..7065 gap=4 ov=116
Oct 04 10:56:27 Pidrive python3[1245019]: [rx] {"t":"event","op":"msc.reads","ms":179601,"gap":4,"lba0":7073,"lba1":7073,"bytes":4096,"n":1,"kind":2,"ov":116}
Oct 04 10:56:27 Pidrive python3[1245019]: [msc.reads] n=1 bytes=4096 lba=7073..7073 gap=4 ov=116
Oct 04 10:56:27 Pidrive python3[1245019]: [rx] {"t":"event","op":"msc.reads","ms":179605,"gap":4,"lba0":7081,"lba1":7081,"bytes":4096,"n":1,"kind":2,"ov":116}
Oct 04 10:56:27 Pidrive python3[1245019]: [msc.reads] n=1 bytes=4096 lba=7081..7081 gap=4 ov=116
Oct 04 10:56:27 Pidrive python3[1245019]: [rx] {"t":"event","op":"msc.reads","ms":179609,"gap":4,"lba0":7089,"lba1":7089,"bytes":4096,"n":1,"kind":2,"ov":116}
Oct 04 10:56:27 Pidrive python3[1245019]: [msc.reads] n=1 bytes=4096 lba=7089..7089 gap=4 ov=116
Oct 04 10:56:27 Pidrive python3[1245019]: [rx] {"t":"event","op":"msc.reads","ms":179612,"gap":3,"lba0":7097,"lba1":7097,"bytes":4096,"n":1,"kind":2,"ov":116}
Oct 04 10:56:27 Pidrive python3[1245019]: [msc.reads] n=1 bytes=4096 lba=7097..7097 gap=3 ov=116
Oct 04 10:56:27 Pidrive python3[1245019]: [rx] {"t":"event","op":"msc.reads","ms":179616,"gap":4,"lba0":7105,"lba1":7153,"bytes":28672,"n":7,"kind":2,"ov":116}
Oct 04 10:56:27 Pidrive python3[1245019]: [msc.reads] n=7 bytes=28672 lba=7105..7153 gap=4 ov=116
Oct 04 10:56:27 Pidrive python3[1245019]: [rx] {"t":"event","op":"msc.reads","ms":179642,"gap":4,"lba0":7161,"lba1":7185,"bytes":16384,"n":4,"kind":2,"ov":116}
Oct 04 10:56:27 Pidrive python3[1245019]: [msc.reads] n=4 bytes=16384 lba=7161..7185 gap=4 ov=116
Oct 04 10:56:27 Pidrive python3[1245019]: [rx] {"t":"event","op":"msc.reads","ms":179656,"gap":3,"lba0":7193,"lba1":7201,"bytes":8192,"n":2,"kind":2,"ov":116}
Oct 04 10:56:27 Pidrive python3[1245019]: [msc.reads] n=2 bytes=8192 lba=7193..7201 gap=3 ov=116
Oct 04 10:56:27 Pidrive python3[1245019]: [rx] {"t":"event","op":"msc.reads","ms":179664,"gap":4,"lba0":7209,"lba1":7209,"bytes":4096,"n":1,"kind":2,"ov":116}
Oct 04 10:56:27 Pidrive python3[1245019]: [msc.reads] n=1 bytes=4096 lba=7209..7209 gap=4 ov=116
Oct 04 10:56:27 Pidrive python3[1245019]: [rx] {"t":"event","op":"msc.reads","ms":179668,"gap":4,"lba0":7217,"lba1":7217,"bytes":4096,"n":1,"kind":2,"ov":116}
Oct 04 10:56:27 Pidrive python3[1245019]: [msc.reads] n=1 bytes=4096 lba=7217..7217 gap=4 ov=116
Oct 04 10:56:27 Pidrive python3[1245019]: [rx] {"t":"event","op":"msc.reads","ms":179672,"gap":4,"lba0":7225,"lba1":7289,"bytes":36864,"n":9,"kind":2,"ov":116}
Oct 04 10:56:27 Pidrive python3[1245019]: [msc.reads] n=9 bytes=36864 lba=7225..7289 gap=4 ov=116
Oct 04 10:56:27 Pidrive python3[1245019]: [rx] {"t":"event","op":"msc.reads","ms":179705,"gap":3,"lba0":7297,"lba1":7305,"bytes":8192,"n":2,"kind":2,"ov":116}
Oct 04 10:56:27 Pidrive python3[1245019]: [msc.reads] n=2 bytes=8192 lba=7297..7305 gap=3 ov=116
Oct 04 10:56:27 Pidrive python3[1245019]: [rx] {"t":"event","op":"msc.reads","ms":179713,"gap":4,"lba0":7313,"lba1":7313,"bytes":4096,"n":1,"kind":2,"ov":116}
Oct 04 10:56:27 Pidrive python3[1245019]: [msc.reads] n=1 bytes=4096 lba=7313..7313 gap=4 ov=116
Oct 04 10:56:27 Pidrive python3[1245019]: [rx] {"t":"event","op":"msc.reads","ms":179717,"gap":4,"lba0":7321,"lba1":7321,"bytes":4096,"n":1,"kind":2,"ov":116}
Oct 04 10:56:27 Pidrive python3[1245019]: [msc.reads] n=1 bytes=4096 lba=7321..7321 gap=4 ov=116
Oct 04 10:56:27 Pidrive python3[1245019]: [rx] {"t":"event","op":"msc.reads","ms":179721,"gap":4,"lba0":7329,"lba1":7401,"bytes":40960,"n":10,"kind":2,"ov":116}
Oct 04 10:56:27 Pidrive python3[1245019]: [msc.reads] n=10 bytes=40960 lba=7329..7401 gap=4 ov=116
Oct 04 10:56:27 Pidrive python3[1245019]: [rx] {"t":"event","op":"msc.reads","ms":179757,"gap":4,"lba0":7409,"lba1":7409,"bytes":4096,"n":1,"kind":2,"ov":116}
Oct 04 10:56:27 Pidrive python3[1245019]: [msc.reads] n=1 bytes=4096 lba=7409..7409 gap=4 ov=116
Oct 04 10:56:27 Pidrive python3[1245019]: [rx] {"t":"event","op":"msc.reads","ms":179761,"gap":4,"lba0":7417,"lba1":7417,"bytes":4096,"n":1,"kind":2,"ov":116}
Oct 04 10:56:27 Pidrive python3[1245019]: [msc.reads] n=1 bytes=4096 lba=7417..7417 gap=4 ov=116
Oct 04 10:56:27 Pidrive python3[1245019]: [rx] {"t":"event","op":"msc.reads","ms":179765,"gap":4,"lba0":7425,"lba1":7425,"bytes":4096,"n":1,"kind":2,"ov":116}
Oct 04 10:56:27 Pidrive python3[1245019]: [msc.reads] n=1 bytes=4096 lba=7425..7425 gap=4 ov=116
Oct 04 10:56:27 Pidrive python3[1245019]: [rx] {"t":"event","op":"msc.reads","ms":179769,"gap":4,"lba0":7433,"lba1":7473,"bytes":24576,"n":6,"kind":2,"ov":116}
Oct 04 10:56:27 Pidrive python3[1245019]: [msc.reads] n=6 bytes=24576 lba=7433..7473 gap=4 ov=116
Oct 04 10:56:27 Pidrive python3[1245019]: [rx] {"t":"event","op":"msc.reads","ms":179791,"gap":4,"lba0":7481,"lba1":7505,"bytes":16384,"n":4,"kind":2,"ov":116}
Oct 04 10:56:27 Pidrive python3[1245019]: [msc.reads] n=4 bytes=16384 lba=7481..7505 gap=4 ov=116
Oct 04 10:56:27 Pidrive python3[1245019]: [rx] {"t":"event","op":"msc.reads","ms":179807,"gap":4,"lba0":7513,"lba1":7513,"bytes":4096,"n":1,"kind":2,"ov":116}
Oct 04 10:56:27 Pidrive python3[1245019]: [msc.reads] n=1 bytes=4096 lba=7513..7513 gap=4 ov=116
Oct 04 10:56:27 Pidrive python3[1245019]: [rx] {"t":"event","op":"msc.reads","ms":179811,"gap":4,"lba0":7521,"lba1":7521,"bytes":4096,"n":1,"kind":2,"ov":116}
Oct 04 10:56:27 Pidrive python3[1245019]: [msc.reads] n=1 bytes=4096 lba=7521..7521 gap=4 ov=116
Oct 04 10:56:27 Pidrive python3[1245019]: [rx] {"t":"event","op":"msc.reads","ms":179814,"gap":3,"lba0":7529,"lba1":7529,"bytes":4096,"n":1,"kind":2,"ov":116}
Oct 04 10:56:27 Pidrive python3[1245019]: [msc.reads] n=1 bytes=4096 lba=7529..7529 gap=3 ov=116
Oct 04 10:56:27 Pidrive python3[1245019]: [rx] {"t":"event","op":"msc.reads","ms":179818,"gap":4,"lba0":7537,"lba1":7585,"bytes":28672,"n":7,"kind":2,"ov":116}
Oct 04 10:56:27 Pidrive python3[1245019]: [msc.reads] n=7 bytes=28672 lba=7537..7585 gap=4 ov=116
Oct 04 10:56:27 Pidrive python3[1245019]: [rx] {"t":"event","op":"msc.reads","ms":179844,"gap":4,"lba0":7593,"lba1":7617,"bytes":16384,"n":4,"kind":2,"ov":116}
Oct 04 10:56:27 Pidrive python3[1245019]: [msc.reads] n=4 bytes=16384 lba=7593..7617 gap=4 ov=116
Oct 04 10:56:27 Pidrive python3[1245019]: [rx] {"t":"event","op":"msc.reads","ms":179859,"gap":4,"lba0":7625,"lba1":7625,"bytes":4096,"n":1,"kind":2,"ov":116}
Oct 04 10:56:27 Pidrive python3[1245019]: [msc.reads] n=1 bytes=4096 lba=7625..7625 gap=4 ov=116
Oct 04 10:56:27 Pidrive python3[1245019]: [rx] {"t":"event","op":"msc.reads","ms":179863,"gap":4,"lba0":7633,"lba1":7633,"bytes":4096,"n":1,"kind":2,"ov":116}
Oct 04 10:56:27 Pidrive python3[1245019]: [msc.reads] n=1 bytes=4096 lba=7633..7633 gap=4 ov=116
Oct 04 10:56:27 Pidrive python3[1245019]: [rx] {"t":"event","op":"msc.reads","ms":179867,"gap":4,"lba0":7641,"lba1":7641,"bytes":4096,"n":1,"kind":2,"ov":116}
Oct 04 10:56:27 Pidrive python3[1245019]: [msc.reads] n=1 bytes=4096 lba=7641..7641 gap=4 ov=116
Oct 04 10:56:27 Pidrive python3[1245019]: [rx] {"t":"event","op":"msc.reads","ms":179870,"gap":3,"lba0":7649,"lba1":7697,"bytes":28672,"n":7,"kind":2,"ov":116}
Oct 04 10:56:27 Pidrive python3[1245019]: [msc.reads] n=7 bytes=28672 lba=7649..7697 gap=3 ov=116
Oct 04 10:56:27 Pidrive python3[1245019]: [rx] {"t":"event","op":"msc.reads","ms":179896,"gap":4,"lba0":7705,"lba1":7729,"bytes":16384,"n":4,"kind":2,"ov":116}
Oct 04 10:56:27 Pidrive python3[1245019]: [msc.reads] n=4 bytes=16384 lba=7705..7729 gap=4 ov=116
Oct 04 10:56:27 Pidrive python3[1245019]: [rx] {"t":"event","op":"msc.reads","ms":179911,"gap":4,"lba0":7737,"lba1":7737,"bytes":4096,"n":1,"kind":2,"ov":116}
Oct 04 10:56:27 Pidrive python3[1245019]: [msc.reads] n=1 bytes=4096 lba=7737..7737 gap=4 ov=116
Oct 04 10:56:27 Pidrive python3[1245019]: [rx] {"t":"event","op":"msc.reads","ms":179915,"gap":4,"lba0":7745,"lba1":7745,"bytes":4096,"n":1,"kind":2,"ov":116}
Oct 04 10:56:27 Pidrive python3[1245019]: [msc.reads] n=1 bytes=4096 lba=7745..7745 gap=4 ov=116
Oct 04 10:56:27 Pidrive python3[1245019]: [rx] {"t":"event","op":"msc.reads","ms":179919,"gap":4,"lba0":7753,"lba1":7753,"bytes":4096,"n":1,"kind":2,"ov":116}
Oct 04 10:56:27 Pidrive python3[1245019]: [msc.reads] n=1 bytes=4096 lba=7753..7753 gap=4 ov=116
Oct 04 10:56:27 Pidrive python3[1245019]: [rx] {"t":"event","op":"msc.reads","ms":179923,"gap":4,"lba0":7761,"lba1":7817,"bytes":32768,"n":8,"kind":2,"ov":116}
Oct 04 10:56:27 Pidrive python3[1245019]: [msc.reads] n=8 bytes=32768 lba=7761..7817 gap=4 ov=116
Oct 04 10:56:27 Pidrive python3[1245019]: [rx] {"t":"event","op":"msc.reads","ms":179953,"gap":4,"lba0":7825,"lba1":7833,"bytes":8192,"n":2,"kind":2,"ov":116}
Oct 04 10:56:27 Pidrive python3[1245019]: [msc.reads] n=2 bytes=8192 lba=7825..7833 gap=4 ov=116
Oct 04 10:56:27 Pidrive python3[1245019]: [rx] {"t":"event","op":"msc.reads","ms":179960,"gap":4,"lba0":7841,"lba1":7841,"bytes":4096,"n":1,"kind":2,"ov":116}
Oct 04 10:56:27 Pidrive python3[1245019]: [msc.reads] n=1 bytes=4096 lba=7841..7841 gap=4 ov=116
Oct 04 10:56:27 Pidrive python3[1245019]: [rx] {"t":"event","op":"msc.reads","ms":179964,"gap":4,"lba0":7849,"lba1":7849,"bytes":4096,"n":1,"kind":2,"ov":116}
Oct 04 10:56:27 Pidrive python3[1245019]: [msc.reads] n=1 bytes=4096 lba=7849..7849 gap=4 ov=116
Oct 04 10:56:27 Pidrive python3[1245019]: [rx] {"t":"event","op":"msc.reads","ms":179968,"gap":4,"lba0":7857,"lba1":7857,"bytes":4096,"n":1,"kind":2,"ov":116}
Oct 04 10:56:27 Pidrive python3[1245019]: [msc.reads] n=1 bytes=4096 lba=7857..7857 gap=4 ov=116
Oct 04 10:56:27 Pidrive python3[1245019]: [rx] {"t":"event","op":"msc.reads","ms":179972,"gap":4,"lba0":7865,"lba1":7921,"bytes":32768,"n":8,"kind":2,"ov":116}
Oct 04 10:56:27 Pidrive python3[1245019]: [msc.reads] n=8 bytes=32768 lba=7865..7921 gap=4 ov=116
Oct 04 10:56:27 Pidrive python3[1245019]: [rx] {"t":"event","op":"msc.reads","ms":180002,"gap":4,"lba0":7929,"lba1":7937,"bytes":8192,"n":2,"kind":2,"ov":116}
Oct 04 10:56:27 Pidrive python3[1245019]: [msc.reads] n=2 bytes=8192 lba=7929..7937 gap=4 ov=116
Oct 04 10:56:27 Pidrive python3[1245019]: [rx] {"t":"event","op":"msc.reads","ms":180009,"gap":3,"lba0":7945,"lba1":7945,"bytes":4096,"n":1,"kind":2,"ov":116}
Oct 04 10:56:27 Pidrive python3[1245019]: [msc.reads] n=1 bytes=4096 lba=7945..7945 gap=3 ov=116
Oct 04 10:56:27 Pidrive python3[1245019]: [rx] {"t":"event","op":"msc.reads","ms":180013,"gap":4,"lba0":7953,"lba1":7953,"bytes":4096,"n":1,"kind":2,"ov":116}
Oct 04 10:56:27 Pidrive python3[1245019]: [msc.reads] n=1 bytes=4096 lba=7953..7953 gap=4 ov=116
Oct 04 10:56:27 Pidrive python3[1245019]: [rx] {"t":"event","op":"msc.reads","ms":180017,"gap":4,"lba0":7961,"lba1":7961,"bytes":4096,"n":1,"kind":2,"ov":116}
Oct 04 10:56:27 Pidrive python3[1245019]: [msc.reads] n=1 bytes=4096 lba=7961..7961 gap=4 ov=116
Oct 04 10:56:27 Pidrive python3[1245019]: [rx] {"t":"event","op":"diag","code":"play.reject","detail":"not_from_head uid=fav0 from=2689 +2711552B age=179222ms prefetch"}
Oct 04 10:56:27 Pidrive python3[1245019]: [msc] play.reject not_from_head uid=fav0 from=2689 +2711552B age=179222ms prefetch
Oct 04 10:56:27 Pidrive python3[1245019]: [rx] {"t":"event","op":"msc.reads","ms":180021,"gap":4,"lba0":7969,"lba1":7977,"bytes":8192,"n":2,"kind":2,"ov":116}
Oct 04 10:56:27 Pidrive python3[1245019]: [msc.reads] n=2 bytes=8192 lba=7969..7977 gap=4 ov=116
Oct 04 10:56:27 Pidrive python3[1245019]: [rx] {"t":"event","op":"msc.reads","ms":180061,"gap":36,"lba0":7985,"lba1":7985,"bytes":4096,"n":1,"kind":2,"ov":116}
Oct 04 10:56:27 Pidrive python3[1245019]: [msc.reads] n=1 bytes=4096 lba=7985..7985 gap=36 ov=116
Oct 04 10:56:27 Pidrive python3[1245019]: [rx] {"t":"event","op":"msc.reads","ms":180065,"gap":4,"lba0":7993,"lba1":7993,"bytes":4096,"n":1,"kind":2,"ov":116}
Oct 04 10:56:27 Pidrive python3[1245019]: [msc.reads] n=1 bytes=4096 lba=7993..7993 gap=4 ov=116
Oct 04 10:56:27 Pidrive python3[1245019]: [rx] {"t":"event","op":"msc.reads","ms":180069,"gap":4,"lba0":8001,"lba1":8001,"bytes":4096,"n":1,"kind":2,"ov":116}
Oct 04 10:56:27 Pidrive python3[1245019]: [msc.reads] n=1 bytes=4096 lba=8001..8001 gap=4 ov=116
Oct 04 10:56:27 Pidrive python3[1245019]: [rx] {"t":"event","op":"msc.reads","ms":180073,"gap":4,"lba0":8009,"lba1":8057,"bytes":28672,"n":7,"kind":2,"ov":116}
Oct 04 10:56:27 Pidrive python3[1245019]: [msc.reads] n=7 bytes=28672 lba=8009..8057 gap=4 ov=116
Oct 04 10:56:27 Pidrive python3[1245019]: [rx] {"t":"event","op":"msc.reads","ms":180099,"gap":4,"lba0":8065,"lba1":8065,"bytes":4096,"n":1,"kind":2,"ov":116}
Oct 04 10:56:27 Pidrive python3[1245019]: [msc.reads] n=1 bytes=4096 lba=8065..8065 gap=4 ov=116
Oct 04 10:56:27 Pidrive python3[1245019]: [rx] {"t":"event","op":"msc.reads","ms":180103,"gap":4,"lba0":8073,"lba1":8089,"bytes":12288,"n":3,"kind":2,"ov":116}
Oct 04 10:56:27 Pidrive python3[1245019]: [msc.reads] n=3 bytes=12288 lba=8073..8089 gap=4 ov=116
Oct 04 10:56:27 Pidrive python3[1245019]: [rx] {"t":"event","op":"msc.reads","ms":180114,"gap":4,"lba0":8097,"lba1":8097,"bytes":4096,"n":1,"kind":2,"ov":116}
Oct 04 10:56:27 Pidrive python3[1245019]: [msc.reads] n=1 bytes=4096 lba=8097..8097 gap=4 ov=116
Oct 04 10:56:27 Pidrive python3[1245019]: [rx] {"t":"event","op":"msc.reads","ms":180118,"gap":4,"lba0":8105,"lba1":8105,"bytes":4096,"n":1,"kind":2,"ov":116}
Oct 04 10:56:27 Pidrive python3[1245019]: [msc.reads] n=1 bytes=4096 lba=8105..8105 gap=4 ov=116
Oct 04 10:56:27 Pidrive python3[1245019]: [rx] {"t":"event","op":"msc.reads","ms":180122,"gap":4,"lba0":8113,"lba1":8113,"bytes":4096,"n":1,"kind":2,"ov":116}
Oct 04 10:56:27 Pidrive python3[1245019]: [msc.reads] n=1 bytes=4096 lba=8113..8113 gap=4 ov=116
Oct 04 10:56:27 Pidrive python3[1245019]: [rx] {"t":"event","op":"msc.reads","ms":180125,"gap":3,"lba0":8121,"lba1":8185,"bytes":36864,"n":9,"kind":2,"ov":116}
Oct 04 10:56:27 Pidrive python3[1245019]: [msc.reads] n=9 bytes=36864 lba=8121..8185 gap=3 ov=116
Oct 04 10:56:27 Pidrive python3[1245019]: [rx] {"t":"event","op":"msc.reads","ms":180158,"gap":3,"lba0":8193,"lba1":8265,"bytes":40960,"n":10,"kind":2,"ov":116}
Oct 04 10:56:27 Pidrive python3[1245019]: [msc.reads] n=10 bytes=40960 lba=8193..8265 gap=3 ov=116
Oct 04 10:56:27 Pidrive python3[1245019]: [rx] {"t":"event","op":"msc.reads","ms":180195,"gap":3,"lba0":8273,"lba1":8281,"bytes":8192,"n":2,"kind":2,"ov":116}
Oct 04 10:56:27 Pidrive python3[1245019]: [msc.reads] n=2 bytes=8192 lba=8273..8281 gap=3 ov=116
Oct 04 10:56:27 Pidrive python3[1245019]: [rx] {"t":"event","op":"msc.reads","ms":180203,"gap":4,"lba0":8289,"lba1":8289,"bytes":4096,"n":1,"kind":2,"ov":116}
Oct 04 10:56:27 Pidrive python3[1245019]: [msc.reads] n=1 bytes=4096 lba=8289..8289 gap=4 ov=116
Oct 04 10:56:27 Pidrive python3[1245019]: [rx] {"t":"event","op":"msc.reads","ms":180207,"gap":4,"lba0":8297,"lba1":8297,"bytes":4096,"n":1,"kind":2,"ov":116}
Oct 04 10:56:27 Pidrive python3[1245019]: [msc.reads] n=1 bytes=4096 lba=8297..8297 gap=4 ov=116
Oct 04 10:56:27 Pidrive python3[1245019]: [rx] {"t":"event","op":"msc.reads","ms":180211,"gap":4,"lba0":8305,"lba1":8313,"bytes":8192,"n":2,"kind":2,"ov":116}
Oct 04 10:56:27 Pidrive python3[1245019]: [msc.reads] n=2 bytes=8192 lba=8305..8313 gap=4 ov=116
Oct 04 10:56:27 Pidrive python3[1245019]: [rx] {"t":"event","op":"msc.reads","ms":180218,"gap":4,"lba0":8321,"lba1":8321,"bytes":4096,"n":1,"kind":2,"ov":116}
Oct 04 10:56:27 Pidrive python3[1245019]: [msc.reads] n=1 bytes=4096 lba=8321..8321 gap=4 ov=116
Oct 04 10:56:27 Pidrive python3[1245019]: [rx] {"t":"event","op":"msc.reads","ms":180222,"gap":4,"lba0":8329,"lba1":8329,"bytes":4096,"n":1,"kind":2,"ov":116}
Oct 04 10:56:27 Pidrive python3[1245019]: [msc.reads] n=1 bytes=4096 lba=8329..8329 gap=4 ov=116
Oct 04 10:56:27 Pidrive python3[1245019]: [rx] {"t":"event","op":"msc.reads","ms":180226,"gap":4,"lba0":8337,"lba1":8337,"bytes":4096,"n":1,"kind":2,"ov":116}
Oct 04 10:56:27 Pidrive python3[1245019]: [msc.reads] n=1 bytes=4096 lba=8337..8337 gap=4 ov=116
Oct 04 10:56:27 Pidrive python3[1245019]: [rx] {"t":"event","op":"msc.reads","ms":180230,"gap":4,"lba0":8345,"lba1":8401,"bytes":32768,"n":8,"kind":2,"ov":116}
Oct 04 10:56:27 Pidrive python3[1245019]: [msc.reads] n=8 bytes=32768 lba=8345..8401 gap=4 ov=116
Oct 04 10:56:27 Pidrive python3[1245019]: [rx] {"t":"event","op":"msc.reads","ms":180259,"gap":4,"lba0":8409,"lba1":8425,"bytes":12288,"n":3,"kind":2,"ov":116}
Oct 04 10:56:27 Pidrive python3[1245019]: [msc.reads] n=3 bytes=12288 lba=8409..8425 gap=4 ov=116
Oct 04 10:56:27 Pidrive python3[1245019]: [rx] {"t":"event","op":"msc.reads","ms":180271,"gap":4,"lba0":8433,"lba1":8433,"bytes":4096,"n":1,"kind":2,"ov":116}
Oct 04 10:56:27 Pidrive python3[1245019]: [msc.reads] n=1 bytes=4096 lba=8433..8433 gap=4 ov=116
Oct 04 10:56:27 Pidrive python3[1245019]: [rx] {"t":"event","op":"msc.reads","ms":180274,"gap":3,"lba0":8441,"lba1":8441,"bytes":4096,"n":1,"kind":2,"ov":116}
Oct 04 10:56:27 Pidrive python3[1245019]: [msc.reads] n=1 bytes=4096 lba=8441..8441 gap=3 ov=116
Oct 04 10:56:27 Pidrive python3[1245019]: [rx] {"t":"event","op":"msc.reads","ms":180278,"gap":4,"lba0":8449,"lba1":8449,"bytes":4096,"n":1,"kind":2,"ov":116}
Oct 04 10:56:27 Pidrive python3[1245019]: [msc.reads] n=1 bytes=4096 lba=8449..8449 gap=4 ov=116
Oct 04 10:56:27 Pidrive python3[1245019]: [rx] {"t":"event","op":"msc.reads","ms":180282,"gap":4,"lba0":8457,"lba1":8521,"bytes":36864,"n":9,"kind":2,"ov":116}
Oct 04 10:56:27 Pidrive python3[1245019]: [msc.reads] n=9 bytes=36864 lba=8457..8521 gap=4 ov=116
Oct 04 10:56:27 Pidrive python3[1245019]: [rx] {"t":"event","op":"msc.reads","ms":180316,"gap":4,"lba0":8529,"lba1":8601,"bytes":40960,"n":10,"kind":2,"ov":116}
Oct 04 10:56:27 Pidrive python3[1245019]: [msc.reads] n=10 bytes=40960 lba=8529..8601 gap=4 ov=116
Oct 04 10:56:27 Pidrive python3[1245019]: [rx] {"t":"event","op":"msc.reads","ms":180352,"gap":4,"lba0":8609,"lba1":8609,"bytes":4096,"n":1,"kind":2,"ov":116}
Oct 04 10:56:27 Pidrive python3[1245019]: [msc.reads] n=1 bytes=4096 lba=8609..8609 gap=4 ov=116
Oct 04 10:56:27 Pidrive python3[1245019]: [rx] {"t":"event","op":"msc.reads","ms":180356,"gap":4,"lba0":8617,"lba1":8617,"bytes":4096,"n":1,"kind":2,"ov":116}
Oct 04 10:56:27 Pidrive python3[1245019]: [msc.reads] n=1 bytes=4096 lba=8617..8617 gap=4 ov=116
Oct 04 10:56:27 Pidrive python3[1245019]: [rx] {"t":"event","op":"msc.reads","ms":180360,"gap":4,"lba0":8625,"lba1":8625,"bytes":4096,"n":1,"kind":2,"ov":116}
Oct 04 10:56:27 Pidrive python3[1245019]: [msc.reads] n=1 bytes=4096 lba=8625..8625 gap=4 ov=116
Oct 04 10:56:27 Pidrive python3[1245019]: [rx] {"t":"event","op":"msc.reads","ms":180364,"gap":4,"lba0":8633,"lba1":8697,"bytes":36864,"n":9,"kind":2,"ov":116}
Oct 04 10:56:27 Pidrive python3[1245019]: [msc.reads] n=9 bytes=36864 lba=8633..8697 gap=4 ov=116
Oct 04 10:56:27 Pidrive python3[1245019]: [rx] {"t":"event","op":"msc.reads","ms":180397,"gap":4,"lba0":8705,"lba1":8705,"bytes":4096,"n":1,"kind":2,"ov":116}
Oct 04 10:56:27 Pidrive python3[1245019]: [msc.reads] n=1 bytes=4096 lba=8705..8705 gap=4 ov=116
Oct 04 10:56:28 Pidrive python3[1245019]: [rx] {"t":"event","op":"msc.reads","ms":180401,"gap":4,"lba0":8713,"lba1":8713,"bytes":4096,"n":1,"kind":2,"ov":116}
Oct 04 10:56:28 Pidrive python3[1245019]: [msc.reads] n=1 bytes=4096 lba=8713..8713 gap=4 ov=116
Oct 04 10:56:28 Pidrive python3[1245019]: [rx] {"t":"event","op":"msc.reads","ms":180405,"gap":4,"lba0":8721,"lba1":8737,"bytes":12288,"n":3,"kind":2,"ov":116}
Oct 04 10:56:28 Pidrive python3[1245019]: [msc.reads] n=3 bytes=12288 lba=8721..8737 gap=4 ov=116
Oct 04 10:56:28 Pidrive python3[1245019]: [rx] {"t":"event","op":"msc.reads","ms":180416,"gap":4,"lba0":8745,"lba1":8745,"bytes":4096,"n":1,"kind":2,"ov":116}
Oct 04 10:56:28 Pidrive python3[1245019]: [msc.reads] n=1 bytes=4096 lba=8745..8745 gap=4 ov=116
Oct 04 10:56:28 Pidrive python3[1245019]: [rx] {"t":"event","op":"msc.reads","ms":180420,"gap":4,"lba0":8753,"lba1":8753,"bytes":4096,"n":1,"kind":2,"ov":116}
Oct 04 10:56:28 Pidrive python3[1245019]: [msc.reads] n=1 bytes=4096 lba=8753..8753 gap=4 ov=116
Oct 04 10:56:28 Pidrive python3[1245019]: [rx] {"t":"event","op":"msc.reads","ms":180424,"gap":4,"lba0":8761,"lba1":8761,"bytes":4096,"n":1,"kind":2,"ov":116}
Oct 04 10:56:28 Pidrive python3[1245019]: [msc.reads] n=1 bytes=4096 lba=8761..8761 gap=4 ov=116
Oct 04 10:56:28 Pidrive python3[1245019]: [rx] {"t":"event","op":"msc.reads","ms":180428,"gap":4,"lba0":8769,"lba1":8769,"bytes":4096,"n":1,"kind":2,"ov":116}
Oct 04 10:56:28 Pidrive python3[1245019]: [msc.reads] n=1 bytes=4096 lba=8769..8769 gap=4 ov=116
Oct 04 10:56:28 Pidrive python3[1245019]: [rx] {"t":"event","op":"msc.reads","ms":180431,"gap":3,"lba0":8777,"lba1":8817,"bytes":24576,"n":6,"kind":2,"ov":116}
Oct 04 10:56:28 Pidrive python3[1245019]: [msc.reads] n=6 bytes=24576 lba=8777..8817 gap=3 ov=116
Oct 04 10:56:28 Pidrive python3[1245019]: [rx] {"t":"event","op":"msc.reads","ms":180454,"gap":4,"lba0":8825,"lba1":8929,"bytes":57344,"n":14,"kind":2,"ov":116}
Oct 04 10:56:28 Pidrive python3[1245019]: [msc.reads] n=14 bytes=57344 lba=8825..8929 gap=4 ov=116
Oct 04 10:56:28 Pidrive python3[1245019]: [rx] {"t":"event","op":"msc.reads","ms":180505,"gap":4,"lba0":8937,"lba1":8937,"bytes":4096,"n":1,"kind":2,"ov":116}
Oct 04 10:56:28 Pidrive python3[1245019]: [msc.reads] n=1 bytes=4096 lba=8937..8937 gap=4 ov=116
Oct 04 10:56:28 Pidrive python3[1245019]: [rx] {"t":"event","op":"msc.reads","ms":180509,"gap":4,"lba0":8945,"lba1":8945,"bytes":4096,"n":1,"kind":2,"ov":116}
Oct 04 10:56:28 Pidrive python3[1245019]: [msc.reads] n=1 bytes=4096 lba=8945..8945 gap=4 ov=116
Oct 04 10:56:28 Pidrive python3[1245019]: [rx] {"t":"event","op":"msc.reads","ms":180512,"gap":3,"lba0":8953,"lba1":8953,"bytes":4096,"n":1,"kind":2,"ov":116}
Oct 04 10:56:28 Pidrive python3[1245019]: [msc.reads] n=1 bytes=4096 lba=8953..8953 gap=3 ov=116
Oct 04 10:56:28 Pidrive python3[1245019]: [rx] {"t":"event","op":"msc.reads","ms":180516,"gap":4,"lba0":8961,"lba1":8969,"bytes":8192,"n":2,"kind":2,"ov":116}
Oct 04 10:56:28 Pidrive python3[1245019]: [msc.reads] n=2 bytes=8192 lba=8961..8969 gap=4 ov=116
Oct 04 10:56:28 Pidrive python3[1245019]: [rx] {"t":"event","op":"msc.reads","ms":180524,"gap":4,"lba0":8977,"lba1":8977,"bytes":4096,"n":1,"kind":2,"ov":116}
Oct 04 10:56:28 Pidrive python3[1245019]: [msc.reads] n=1 bytes=4096 lba=8977..8977 gap=4 ov=116
Oct 04 10:56:28 Pidrive python3[1245019]: [rx] {"t":"event","op":"msc.reads","ms":180528,"gap":4,"lba0":8985,"lba1":8985,"bytes":4096,"n":1,"kind":2,"ov":116}
Oct 04 10:56:28 Pidrive python3[1245019]: [msc.reads] n=1 bytes=4096 lba=8985..8985 gap=4 ov=116
Oct 04 10:56:28 Pidrive python3[1245019]: [rx] {"t":"event","op":"msc.reads","ms":180531,"gap":3,"lba0":8993,"lba1":8993,"bytes":4096,"n":1,"kind":2,"ov":116}
Oct 04 10:56:28 Pidrive python3[1245019]: [msc.reads] n=1 bytes=4096 lba=8993..8993 gap=3 ov=116
Oct 04 10:56:28 Pidrive python3[1245019]: [rx] {"t":"event","op":"msc.reads","ms":180535,"gap":4,"lba0":9001,"lba1":9049,"bytes":28672,"n":7,"kind":2,"ov":116}
Oct 04 10:56:28 Pidrive python3[1245019]: [msc.reads] n=7 bytes=28672 lba=9001..9049 gap=4 ov=116
Oct 04 10:56:28 Pidrive python3[1245019]: [rx] {"t":"event","op":"msc.reads","ms":180561,"gap":4,"lba0":9057,"lba1":9193,"bytes":73728,"n":18,"kind":2,"ov":116}
Oct 04 10:56:28 Pidrive python3[1245019]: [msc.reads] n=18 bytes=73728 lba=9057..9193 gap=4 ov=116
Oct 04 10:56:28 Pidrive python3[1245019]: [rx] {"t":"event","op":"msc.reads","ms":180629,"gap":4,"lba0":9201,"lba1":9201,"bytes":4096,"n":1,"kind":2,"ov":116}
Oct 04 10:56:28 Pidrive python3[1245019]: [msc.reads] n=1 bytes=4096 lba=9201..9201 gap=4 ov=116
Oct 04 10:56:28 Pidrive python3[1245019]: [rx] {"t":"event","op":"msc.reads","ms":180633,"gap":4,"lba0":9209,"lba1":9209,"bytes":4096,"n":1,"kind":2,"ov":116}
Oct 04 10:56:28 Pidrive python3[1245019]: [msc.reads] n=1 bytes=4096 lba=9209..9209 gap=4 ov=116
Oct 04 10:56:28 Pidrive python3[1245019]: [rx] {"t":"event","op":"msc.reads","ms":180637,"gap":4,"lba0":9217,"lba1":9217,"bytes":4096,"n":1,"kind":2,"ov":116}
Oct 04 10:56:28 Pidrive python3[1245019]: [msc.reads] n=1 bytes=4096 lba=9217..9217 gap=4 ov=116
Oct 04 10:56:28 Pidrive python3[1245019]: [rx] {"t":"event","op":"msc.reads","ms":180641,"gap":4,"lba0":9225,"lba1":9225,"bytes":4096,"n":1,"kind":2,"ov":116}
Oct 04 10:56:28 Pidrive python3[1245019]: [msc.reads] n=1 bytes=4096 lba=9225..9225 gap=4 ov=116
Oct 04 10:56:28 Pidrive python3[1245019]: [rx] {"t":"event","op":"msc.reads","ms":180644,"gap":3,"lba0":9233,"lba1":9481,"bytes":131072,"n":32,"kind":2,"ov":116}
Oct 04 10:56:28 Pidrive python3[1245019]: [msc.reads] n=32 bytes=131072 lba=9233..9481 gap=3 ov=116
Oct 04 10:56:28 Pidrive python3[1245019]: [rx] {"t":"event","op":"msc.reads","ms":180762,"gap":3,"lba0":9489,"lba1":9505,"bytes":12288,"n":3,"kind":2,"ov":116}
Oct 04 10:56:28 Pidrive python3[1245019]: [msc.reads] n=3 bytes=12288 lba=9489..9505 gap=3 ov=116
Oct 04 10:56:28 Pidrive python3[1245019]: [rx] {"t":"event","op":"msc.reads","ms":180774,"gap":4,"lba0":9513,"lba1":9521,"bytes":8192,"n":2,"kind":2,"ov":116}
Oct 04 10:56:28 Pidrive python3[1245019]: [msc.reads] n=2 bytes=8192 lba=9513..9521 gap=4 ov=116
Oct 04 10:56:28 Pidrive python3[1245019]: [rx] {"t":"event","op":"msc.reads","ms":180782,"gap":4,"lba0":9529,"lba1":9529,"bytes":4096,"n":1,"kind":2,"ov":116}
Oct 04 10:56:28 Pidrive python3[1245019]: [msc.reads] n=1 bytes=4096 lba=9529..9529 gap=4 ov=116
Oct 04 10:56:28 Pidrive python3[1245019]: [rx] {"t":"event","op":"msc.reads","ms":180786,"gap":4,"lba0":9537,"lba1":9537,"bytes":4096,"n":1,"kind":2,"ov":116}
Oct 04 10:56:28 Pidrive python3[1245019]: [msc.reads] n=1 bytes=4096 lba=9537..9537 gap=4 ov=116
Oct 04 10:56:28 Pidrive python3[1245019]: [rx] {"t":"event","op":"msc.reads","ms":180790,"gap":4,"lba0":9545,"lba1":9545,"bytes":4096,"n":1,"kind":2,"ov":116}
Oct 04 10:56:28 Pidrive python3[1245019]: [msc.reads] n=1 bytes=4096 lba=9545..9545 gap=4 ov=116
Oct 04 10:56:28 Pidrive python3[1245019]: [rx] {"t":"event","op":"msc.reads","ms":180793,"gap":3,"lba0":9553,"lba1":9553,"bytes":4096,"n":1,"kind":2,"ov":116}
Oct 04 10:56:28 Pidrive python3[1245019]: [msc.reads] n=1 bytes=4096 lba=9553..9553 gap=3 ov=116
Oct 04 10:56:28 Pidrive python3[1245019]: [rx] {"t":"event","op":"msc.reads","ms":180797,"gap":4,"lba0":9561,"lba1":9561,"bytes":4096,"n":1,"kind":2,"ov":116}
Oct 04 10:56:28 Pidrive python3[1245019]: [msc.reads] n=1 bytes=4096 lba=9561..9561 gap=4 ov=116
Oct 04 10:56:28 Pidrive python3[1245019]: [rx] {"t":"event","op":"diag","code":"play.reject","detail":"not_from_head uid=fav0 from=2689 +3555328B age=180024ms prefetch"}
Oct 04 10:56:28 Pidrive python3[1245019]: [msc] play.reject not_from_head uid=fav0 from=2689 +3555328B age=180024ms prefetch
Oct 04 10:56:28 Pidrive python3[1245019]: [rx] {"t":"event","op":"msc.reads","ms":180801,"gap":4,"lba0":9569,"lba1":9625,"bytes":32768,"n":8,"kind":2,"ov":116}
Oct 04 10:56:28 Pidrive python3[1245019]: [msc.reads] n=8 bytes=32768 lba=9569..9625 gap=4 ov=116
Oct 04 10:56:28 Pidrive python3[1245019]: [rx] {"t":"event","op":"msc.reads","ms":180844,"gap":17,"lba0":9633,"lba1":9633,"bytes":4096,"n":1,"kind":2,"ov":116}
Oct 04 10:56:28 Pidrive python3[1245019]: [msc.reads] n=1 bytes=4096 lba=9633..9633 gap=17 ov=116
Oct 04 10:56:28 Pidrive python3[1245019]: [rx] {"t":"event","op":"msc.reads","ms":180848,"gap":4,"lba0":9641,"lba1":9641,"bytes":4096,"n":1,"kind":2,"ov":116}
Oct 04 10:56:28 Pidrive python3[1245019]: [msc.reads] n=1 bytes=4096 lba=9641..9641 gap=4 ov=116
Oct 04 10:56:28 Pidrive python3[1245019]: [rx] {"t":"event","op":"msc.reads","ms":180852,"gap":4,"lba0":9649,"lba1":9673,"bytes":16384,"n":4,"kind":2,"ov":116}
Oct 04 10:56:28 Pidrive python3[1245019]: [msc.reads] n=4 bytes=16384 lba=9649..9673 gap=4 ov=116
Oct 04 10:56:28 Pidrive python3[1245019]: [rx] {"t":"event","op":"msc.reads","ms":180867,"gap":4,"lba0":9681,"lba1":9777,"bytes":53248,"n":13,"kind":2,"ov":116}
Oct 04 10:56:28 Pidrive python3[1245019]: [msc.reads] n=13 bytes=53248 lba=9681..9777 gap=4 ov=116
Oct 04 10:56:28 Pidrive python3[1245019]: [rx] {"t":"event","op":"msc.reads","ms":180914,"gap":3,"lba0":9785,"lba1":9793,"bytes":8192,"n":2,"kind":2,"ov":116}
Oct 04 10:56:28 Pidrive python3[1245019]: [msc.reads] n=2 bytes=8192 lba=9785..9793 gap=3 ov=116
Oct 04 10:56:28 Pidrive python3[1245019]: [rx] {"t":"event","op":"msc.reads","ms":180922,"gap":4,"lba0":9801,"lba1":9801,"bytes":4096,"n":1,"kind":2,"ov":116}
Oct 04 10:56:28 Pidrive python3[1245019]: [msc.reads] n=1 bytes=4096 lba=9801..9801 gap=4 ov=116
Oct 04 10:56:28 Pidrive python3[1245019]: [rx] {"t":"event","op":"msc.reads","ms":180926,"gap":4,"lba0":9809,"lba1":9809,"bytes":4096,"n":1,"kind":2,"ov":116}
Oct 04 10:56:28 Pidrive python3[1245019]: [msc.reads] n=1 bytes=4096 lba=9809..9809 gap=4 ov=116
Oct 04 10:56:28 Pidrive python3[1245019]: [rx] {"t":"event","op":"msc.reads","ms":180930,"gap":4,"lba0":9817,"lba1":9817,"bytes":4096,"n":1,"kind":2,"ov":116}
Oct 04 10:56:28 Pidrive python3[1245019]: [msc.reads] n=1 bytes=4096 lba=9817..9817 gap=4 ov=116
Oct 04 10:56:28 Pidrive python3[1245019]: [rx] {"t":"event","op":"msc.reads","ms":180934,"gap":4,"lba0":9825,"lba1":9825,"bytes":4096,"n":1,"kind":2,"ov":116}
Oct 04 10:56:28 Pidrive python3[1245019]: [msc.reads] n=1 bytes=4096 lba=9825..9825 gap=4 ov=116
Oct 04 10:56:28 Pidrive python3[1245019]: [rx] {"t":"event","op":"msc.reads","ms":180938,"gap":4,"lba0":9833,"lba1":9897,"bytes":36864,"n":9,"kind":2,"ov":116}
Oct 04 10:56:28 Pidrive python3[1245019]: [msc.reads] n=9 bytes=36864 lba=9833..9897 gap=4 ov=116
Oct 04 10:56:28 Pidrive python3[1245019]: [rx] {"t":"event","op":"msc.reads","ms":180971,"gap":4,"lba0":9905,"lba1":9905,"bytes":4096,"n":1,"kind":2,"ov":116}
Oct 04 10:56:28 Pidrive python3[1245019]: [msc.reads] n=1 bytes=4096 lba=9905..9905 gap=4 ov=116
Oct 04 10:56:28 Pidrive python3[1245019]: [rx] {"t":"event","op":"msc.reads","ms":180975,"gap":4,"lba0":9913,"lba1":9921,"bytes":8192,"n":2,"kind":2,"ov":116}
Oct 04 10:56:28 Pidrive python3[1245019]: [msc.reads] n=2 bytes=8192 lba=9913..9921 gap=4 ov=116
Oct 04 10:56:28 Pidrive python3[1245019]: [rx] {"t":"event","op":"msc.reads","ms":180983,"gap":4,"lba0":9929,"lba1":9937,"bytes":8192,"n":2,"kind":2,"ov":116}
Oct 04 10:56:28 Pidrive python3[1245019]: [msc.reads] n=2 bytes=8192 lba=9929..9937 gap=4 ov=116
Oct 04 10:56:28 Pidrive python3[1245019]: [rx] {"t":"event","op":"msc.reads","ms":180991,"gap":4,"lba0":9945,"lba1":9945,"bytes":4096,"n":1,"kind":2,"ov":116}
Oct 04 10:56:28 Pidrive python3[1245019]: [msc.reads] n=1 bytes=4096 lba=9945..9945 gap=4 ov=116
Oct 04 10:56:28 Pidrive python3[1245019]: [rx] {"t":"event","op":"msc.reads","ms":180995,"gap":4,"lba0":9953,"lba1":9953,"bytes":4096,"n":1,"kind":2,"ov":116}
Oct 04 10:56:28 Pidrive python3[1245019]: [msc.reads] n=1 bytes=4096 lba=9953..9953 gap=4 ov=116
Oct 04 10:56:28 Pidrive python3[1245019]: [rx] {"t":"event","op":"msc.reads","ms":180998,"gap":3,"lba0":9961,"lba1":9961,"bytes":4096,"n":1,"kind":2,"ov":116}
Oct 04 10:56:28 Pidrive python3[1245019]: [msc.reads] n=1 bytes=4096 lba=9961..9961 gap=3 ov=116
Oct 04 10:56:28 Pidrive python3[1245019]: [rx] {"t":"event","op":"msc.reads","ms":181002,"gap":4,"lba0":9969,"lba1":10033,"bytes":36864,"n":9,"kind":2,"ov":116}
Oct 04 10:56:28 Pidrive python3[1245019]: [msc.reads] n=9 bytes=36864 lba=9969..10033 gap=4 ov=116
Oct 04 10:56:28 Pidrive python3[1245019]: [rx] {"t":"event","op":"msc.reads","ms":181036,"gap":4,"lba0":10041,"lba1":10105,"bytes":36864,"n":9,"kind":2,"ov":116}
Oct 04 10:56:28 Pidrive python3[1245019]: [msc.reads] n=9 bytes=36864 lba=10041..10105 gap=4 ov=116
Oct 04 10:56:28 Pidrive python3[1245019]: [rx] {"t":"event","op":"msc.reads","ms":181068,"gap":3,"lba0":10113,"lba1":10121,"bytes":8192,"n":2,"kind":2,"ov":116}
Oct 04 10:56:28 Pidrive python3[1245019]: [msc.reads] n=2 bytes=8192 lba=10113..10121 gap=3 ov=116
Oct 04 10:56:28 Pidrive python3[1245019]: [rx] {"t":"event","op":"msc.reads","ms":181076,"gap":4,"lba0":10129,"lba1":10129,"bytes":4096,"n":1,"kind":2,"ov":116}
Oct 04 10:56:28 Pidrive python3[1245019]: [msc.reads] n=1 bytes=4096 lba=10129..10129 gap=4 ov=116
Oct 04 10:56:28 Pidrive python3[1245019]: [rx] {"t":"event","op":"msc.reads","ms":181080,"gap":4,"lba0":10137,"lba1":10137,"bytes":4096,"n":1,"kind":2,"ov":116}
Oct 04 10:56:28 Pidrive python3[1245019]: [msc.reads] n=1 bytes=4096 lba=10137..10137 gap=4 ov=116
Oct 04 10:56:28 Pidrive python3[1245019]: [rx] {"t":"event","op":"msc.reads","ms":181084,"gap":4,"lba0":10145,"lba1":10145,"bytes":4096,"n":1,"kind":2,"ov":116}
Oct 04 10:56:28 Pidrive python3[1245019]: [msc.reads] n=1 bytes=4096 lba=10145..10145 gap=4 ov=116
Oct 04 10:56:28 Pidrive python3[1245019]: [rx] {"t":"event","op":"msc.reads","ms":181088,"gap":4,"lba0":10153,"lba1":10225,"bytes":40960,"n":10,"kind":2,"ov":116}
Oct 04 10:56:28 Pidrive python3[1245019]: [msc.reads] n=10 bytes=40960 lba=10153..10225 gap=4 ov=116
Oct 04 10:56:28 Pidrive python3[1245019]: [rx] {"t":"event","op":"msc.reads","ms":181124,"gap":3,"lba0":10233,"lba1":10249,"bytes":12288,"n":3,"kind":2,"ov":116}
Oct 04 10:56:28 Pidrive python3[1245019]: [msc.reads] n=3 bytes=12288 lba=10233..10249 gap=3 ov=116
Oct 04 10:56:28 Pidrive python3[1245019]: [rx] {"t":"event","op":"msc.reads","ms":181136,"gap":4,"lba0":10257,"lba1":10257,"bytes":4096,"n":1,"kind":2,"ov":116}
Oct 04 10:56:28 Pidrive python3[1245019]: [msc.reads] n=1 bytes=4096 lba=10257..10257 gap=4 ov=116
Oct 04 10:56:28 Pidrive python3[1245019]: [rx] {"t":"event","op":"msc.reads","ms":181140,"gap":4,"lba0":10265,"lba1":10265,"bytes":4096,"n":1,"kind":2,"ov":116}
Oct 04 10:56:28 Pidrive python3[1245019]: [msc.reads] n=1 bytes=4096 lba=10265..10265 gap=4 ov=116
Oct 04 10:56:28 Pidrive python3[1245019]: [rx] {"t":"event","op":"msc.reads","ms":181144,"gap":4,"lba0":10273,"lba1":10273,"bytes":4096,"n":1,"kind":2,"ov":116}
Oct 04 10:56:28 Pidrive python3[1245019]: [msc.reads] n=1 bytes=4096 lba=10273..10273 gap=4 ov=116
Oct 04 10:56:28 Pidrive python3[1245019]: [rx] {"t":"event","op":"msc.reads","ms":181147,"gap":3,"lba0":10281,"lba1":10337,"bytes":32768,"n":8,"kind":2,"ov":116}
Oct 04 10:56:28 Pidrive python3[1245019]: [msc.reads] n=8 bytes=32768 lba=10281..10337 gap=3 ov=116
Oct 04 10:56:28 Pidrive python3[1245019]: [rx] {"t":"event","op":"msc.reads","ms":181177,"gap":4,"lba0":10345,"lba1":10433,"bytes":49152,"n":12,"kind":2,"ov":116}
Oct 04 10:56:28 Pidrive python3[1245019]: [msc.reads] n=12 bytes=49152 lba=10345..10433 gap=4 ov=116
Oct 04 10:56:28 Pidrive python3[1245019]: [rx] {"t":"event","op":"msc.reads","ms":181221,"gap":4,"lba0":10441,"lba1":10441,"bytes":4096,"n":1,"kind":2,"ov":116}
Oct 04 10:56:28 Pidrive python3[1245019]: [msc.reads] n=1 bytes=4096 lba=10441..10441 gap=4 ov=116
Oct 04 10:56:28 Pidrive python3[1245019]: [rx] {"t":"event","op":"msc.reads","ms":181225,"gap":4,"lba0":10449,"lba1":10449,"bytes":4096,"n":1,"kind":2,"ov":116}
Oct 04 10:56:28 Pidrive python3[1245019]: [msc.reads] n=1 bytes=4096 lba=10449..10449 gap=4 ov=116
Oct 04 10:56:28 Pidrive python3[1245019]: [rx] {"t":"event","op":"msc.reads","ms":181229,"gap":4,"lba0":10457,"lba1":10457,"bytes":4096,"n":1,"kind":2,"ov":116}
Oct 04 10:56:28 Pidrive python3[1245019]: [msc.reads] n=1 bytes=4096 lba=10457..10457 gap=4 ov=116
Oct 04 10:56:28 Pidrive python3[1245019]: [rx] {"t":"event","op":"msc.reads","ms":181233,"gap":4,"lba0":10465,"lba1":10465,"bytes":4096,"n":1,"kind":2,"ov":116}
Oct 04 10:56:28 Pidrive python3[1245019]: [msc.reads] n=1 bytes=4096 lba=10465..10465 gap=4 ov=116
Oct 04 10:56:28 Pidrive python3[1245019]: [rx] {"t":"event","op":"msc.reads","ms":181237,"gap":4,"lba0":10473,"lba1":10481,"bytes":8192,"n":2,"kind":2,"ov":116}
Oct 04 10:56:28 Pidrive python3[1245019]: [msc.reads] n=2 bytes=8192 lba=10473..10481 gap=4 ov=116
Oct 04 10:56:28 Pidrive python3[1245019]: [rx] {"t":"event","op":"msc.reads","ms":181245,"gap":4,"lba0":10489,"lba1":10489,"bytes":4096,"n":1,"kind":2,"ov":116}
Oct 04 10:56:28 Pidrive python3[1245019]: [msc.reads] n=1 bytes=4096 lba=10489..10489 gap=4 ov=116
Oct 04 10:56:28 Pidrive python3[1245019]: [rx] {"t":"event","op":"msc.reads","ms":181249,"gap":4,"lba0":10497,"lba1":10497,"bytes":4096,"n":1,"kind":2,"ov":116}
Oct 04 10:56:28 Pidrive python3[1245019]: [msc.reads] n=1 bytes=4096 lba=10497..10497 gap=4 ov=116
Oct 04 10:56:28 Pidrive python3[1245019]: [tx] {"t":"ping"}
Oct 04 10:56:28 Pidrive python3[1245019]: [rx] {"t":"event","op":"msc.reads","ms":181252,"gap":3,"lba0":10505,"lba1":10553,"bytes":28672,"n":7,"kind":2,"ov":116}
Oct 04 10:56:28 Pidrive python3[1245019]: [msc.reads] n=7 bytes=28672 lba=10505..10553 gap=3 ov=116
Oct 04 10:56:28 Pidrive python3[1245019]: [rx] {"t":"event","op":"msc.reads","ms":181278,"gap":4,"lba0":10561,"lba1":10561,"bytes":4096,"n":1,"kind":2,"ov":116}
Oct 04 10:56:28 Pidrive python3[1245019]: [msc.reads] n=1 bytes=4096 lba=10561..10561 gap=4 ov=116
Oct 04 10:56:28 Pidrive python3[1245019]: [rx] {"t":"event","op":"msc.reads","ms":181282,"gap":4,"lba0":10569,"lba1":10577,"bytes":8192,"n":2,"kind":2,"ov":116}
Oct 04 10:56:28 Pidrive python3[1245019]: [msc.reads] n=2 bytes=8192 lba=10569..10577 gap=4 ov=116
Oct 04 10:56:28 Pidrive python3[1245019]: [rx] {"t":"event","op":"msc.reads","ms":181290,"gap":4,"lba0":10585,"lba1":10585,"bytes":4096,"n":1,"kind":2,"ov":116}
Oct 04 10:56:28 Pidrive python3[1245019]: [msc.reads] n=1 bytes=4096 lba=10585..10585 gap=4 ov=116
Oct 04 10:56:28 Pidrive python3[1245019]: [rx] {"t":"event","op":"msc.reads","ms":181294,"gap":4,"lba0":10593,"lba1":10697,"bytes":57344,"n":14,"kind":2,"ov":116}
Oct 04 10:56:28 Pidrive python3[1245019]: [msc.reads] n=14 bytes=57344 lba=10593..10697 gap=4 ov=116
Oct 04 10:56:28 Pidrive python3[1245019]: [rx] {"t":"event","op":"msc.reads","ms":181347,"gap":4,"lba0":10705,"lba1":10705,"bytes":4096,"n":1,"kind":2,"ov":116}
Oct 04 10:56:28 Pidrive python3[1245019]: [msc.reads] n=1 bytes=4096 lba=10705..10705 gap=4 ov=116
Oct 04 10:56:28 Pidrive python3[1245019]: [rx] {"t":"event","op":"msc.reads","ms":181351,"gap":4,"lba0":10713,"lba1":10713,"bytes":4096,"n":1,"kind":2,"ov":116}
Oct 04 10:56:28 Pidrive python3[1245019]: [msc.reads] n=1 bytes=4096 lba=10713..10713 gap=4 ov=116
Oct 04 10:56:28 Pidrive python3[1245019]: [rx] {"t":"event","op":"msc.reads","ms":181354,"gap":3,"lba0":10721,"lba1":10721,"bytes":4096,"n":1,"kind":2,"ov":116}
Oct 04 10:56:28 Pidrive python3[1245019]: [msc.reads] n=1 bytes=4096 lba=10721..10721 gap=3 ov=116
Oct 04 10:56:29 Pidrive python3[1245019]: [rx] {"t":"event","op":"msc.reads","ms":181358,"gap":4,"lba0":10729,"lba1":10729,"bytes":4096,"n":1,"kind":2,"ov":116}
Oct 04 10:56:29 Pidrive python3[1245019]: [msc.reads] n=1 bytes=4096 lba=10729..10729 gap=4 ov=116
Oct 04 10:56:29 Pidrive python3[1245019]: [rx] {"t":"pong"}
Oct 04 10:56:29 Pidrive python3[1245019]: [rx] {"t":"event","op":"msc.reads","ms":181362,"gap":4,"lba0":10737,"lba1":10873,"bytes":73728,"n":18,"kind":2,"ov":116}
Oct 04 10:56:29 Pidrive python3[1245019]: [msc.reads] n=18 bytes=73728 lba=10737..10873 gap=4 ov=116
Oct 04 10:56:29 Pidrive python3[1245019]: [rx] {"t":"event","op":"msc.reads","ms":181428,"gap":4,"lba0":10881,"lba1":10881,"bytes":4096,"n":1,"kind":2,"ov":116}
Oct 04 10:56:29 Pidrive python3[1245019]: [msc.reads] n=1 bytes=4096 lba=10881..10881 gap=4 ov=116
Oct 04 10:56:29 Pidrive python3[1245019]: [rx] {"t":"event","op":"msc.reads","ms":181432,"gap":4,"lba0":10889,"lba1":10889,"bytes":4096,"n":1,"kind":2,"ov":116}
Oct 04 10:56:29 Pidrive python3[1245019]: [msc.reads] n=1 bytes=4096 lba=10889..10889 gap=4 ov=116
Oct 04 10:56:29 Pidrive python3[1245019]: [rx] {"t":"event","op":"msc.reads","ms":181436,"gap":4,"lba0":10897,"lba1":10897,"bytes":4096,"n":1,"kind":2,"ov":116}
Oct 04 10:56:29 Pidrive python3[1245019]: [msc.reads] n=1 bytes=4096 lba=10897..10897 gap=4 ov=116
Oct 04 10:56:29 Pidrive python3[1245019]: [rx] {"t":"event","op":"msc.reads","ms":181440,"gap":4,"lba0":10905,"lba1":10905,"bytes":4096,"n":1,"kind":2,"ov":116}
Oct 04 10:56:29 Pidrive python3[1245019]: [msc.reads] n=1 bytes=4096 lba=10905..10905 gap=4 ov=116
Oct 04 10:56:29 Pidrive python3[1245019]: [rx] {"t":"event","op":"msc.reads","ms":181444,"gap":4,"lba0":10913,"lba1":10913,"bytes":4096,"n":1,"kind":2,"ov":116}
Oct 04 10:56:29 Pidrive python3[1245019]: [msc.reads] n=1 bytes=4096 lba=10913..10913 gap=4 ov=116
Oct 04 10:56:29 Pidrive python3[1245019]: [rx] {"t":"event","op":"msc.reads","ms":181448,"gap":4,"lba0":10921,"lba1":10993,"bytes":40960,"n":10,"kind":2,"ov":116}
Oct 04 10:56:29 Pidrive python3[1245019]: [msc.reads] n=10 bytes=40960 lba=10921..10993 gap=4 ov=116
Oct 04 10:56:29 Pidrive python3[1245019]: [rx] {"t":"event","op":"msc.reads","ms":181485,"gap":4,"lba0":11001,"lba1":11001,"bytes":4096,"n":1,"kind":2,"ov":116}
Oct 04 10:56:29 Pidrive python3[1245019]: [msc.reads] n=1 bytes=4096 lba=11001..11001 gap=4 ov=116
Oct 04 10:56:29 Pidrive python3[1245019]: [rx] {"t":"event","op":"msc.reads","ms":181488,"gap":3,"lba0":11009,"lba1":11009,"bytes":4096,"n":1,"kind":2,"ov":116}
Oct 04 10:56:29 Pidrive python3[1245019]: [msc.reads] n=1 bytes=4096 lba=11009..11009 gap=3 ov=116
Oct 04 10:56:29 Pidrive python3[1245019]: [rx] {"t":"event","op":"msc.reads","ms":181492,"gap":4,"lba0":11017,"lba1":11089,"bytes":40960,"n":10,"kind":2,"ov":116}
Oct 04 10:56:29 Pidrive python3[1245019]: [msc.reads] n=10 bytes=40960 lba=11017..11089 gap=4 ov=116
Oct 04 10:56:29 Pidrive python3[1245019]: [rx] {"t":"event","op":"msc.reads","ms":181529,"gap":4,"lba0":11097,"lba1":11097,"bytes":4096,"n":1,"kind":2,"ov":116}
Oct 04 10:56:29 Pidrive python3[1245019]: [msc.reads] n=1 bytes=4096 lba=11097..11097 gap=4 ov=116
Oct 04 10:56:29 Pidrive python3[1245019]: [rx] {"t":"event","op":"msc.reads","ms":181533,"gap":4,"lba0":11105,"lba1":11121,"bytes":12288,"n":3,"kind":2,"ov":116}
Oct 04 10:56:29 Pidrive python3[1245019]: [msc.reads] n=3 bytes=12288 lba=11105..11121 gap=4 ov=116
Oct 04 10:56:29 Pidrive python3[1245019]: [rx] {"t":"event","op":"msc.reads","ms":181544,"gap":4,"lba0":11129,"lba1":11129,"bytes":4096,"n":1,"kind":2,"ov":116}
Oct 04 10:56:29 Pidrive python3[1245019]: [msc.reads] n=1 bytes=4096 lba=11129..11129 gap=4 ov=116
Oct 04 10:56:29 Pidrive python3[1245019]: [rx] {"t":"event","op":"msc.reads","ms":181548,"gap":4,"lba0":11137,"lba1":11137,"bytes":4096,"n":1,"kind":2,"ov":116}
Oct 04 10:56:29 Pidrive python3[1245019]: [msc.reads] n=1 bytes=4096 lba=11137..11137 gap=4 ov=116
Oct 04 10:56:29 Pidrive python3[1245019]: [rx] {"t":"event","op":"msc.reads","ms":181552,"gap":4,"lba0":11145,"lba1":11145,"bytes":4096,"n":1,"kind":2,"ov":116}
Oct 04 10:56:29 Pidrive python3[1245019]: [msc.reads] n=1 bytes=4096 lba=11145..11145 gap=4 ov=116
Oct 04 10:56:29 Pidrive python3[1245019]: [rx] {"t":"event","op":"msc.reads","ms":181556,"gap":4,"lba0":11153,"lba1":11209,"bytes":32768,"n":8,"kind":2,"ov":116}
Oct 04 10:56:29 Pidrive python3[1245019]: [msc.reads] n=8 bytes=32768 lba=11153..11209 gap=4 ov=116
Oct 04 10:56:29 Pidrive python3[1245019]: [rx] {"t":"event","op":"msc.reads","ms":181585,"gap":4,"lba0":11217,"lba1":11217,"bytes":4096,"n":1,"kind":2,"ov":116}
Oct 04 10:56:29 Pidrive python3[1245019]: [msc.reads] n=1 bytes=4096 lba=11217..11217 gap=4 ov=116
Oct 04 10:56:29 Pidrive python3[1245019]: [rx] {"t":"event","op":"msc.reads","ms":181589,"gap":4,"lba0":11225,"lba1":11233,"bytes":8192,"n":2,"kind":2,"ov":116}
Oct 04 10:56:29 Pidrive python3[1245019]: [msc.reads] n=2 bytes=8192 lba=11225..11233 gap=4 ov=116
Oct 04 10:56:29 Pidrive python3[1245019]: [rx] {"t":"event","op":"msc.reads","ms":181597,"gap":4,"lba0":11241,"lba1":11241,"bytes":4096,"n":1,"kind":2,"ov":116}
Oct 04 10:56:29 Pidrive python3[1245019]: [msc.reads] n=1 bytes=4096 lba=11241..11241 gap=4 ov=116
Oct 04 10:56:29 Pidrive python3[1245019]: [rx] {"t":"event","op":"msc.reads","ms":181601,"gap":4,"lba0":11249,"lba1":11249,"bytes":4096,"n":1,"kind":2,"ov":116}
Oct 04 10:56:29 Pidrive python3[1245019]: [msc.reads] n=1 bytes=4096 lba=11249..11249 gap=4 ov=116
Oct 04 10:56:29 Pidrive python3[1245019]: [rx] {"t":"event","op":"msc.reads","ms":181605,"gap":4,"lba0":11257,"lba1":11257,"bytes":4096,"n":1,"kind":2,"ov":116}
Oct 04 10:56:29 Pidrive python3[1245019]: [msc.reads] n=1 bytes=4096 lba=11257..11257 gap=4 ov=116
Oct 04 10:56:29 Pidrive python3[1245019]: [rx] {"t":"event","op":"diag","code":"play.reject","detail":"not_from_head uid=fav0 from=2689 +4419584B age=180827ms prefetch"}
Oct 04 10:56:29 Pidrive python3[1245019]: [msc] play.reject not_from_head uid=fav0 from=2689 +4419584B age=180827ms prefetch
Oct 04 10:56:29 Pidrive python3[1245019]: [rx] {"t":"event","op":"msc.reads","ms":181608,"gap":3,"lba0":11265,"lba1":11313,"bytes":28672,"n":7,"kind":2,"ov":116}
Oct 04 10:56:29 Pidrive python3[1245019]: [msc.reads] n=7 bytes=28672 lba=11265..11313 gap=3 ov=116
Oct 04 10:56:29 Pidrive python3[1245019]: [rx] {"t":"event","op":"msc.reads","ms":181647,"gap":17,"lba0":11321,"lba1":11329,"bytes":8192,"n":2,"kind":2,"ov":116}
Oct 04 10:56:29 Pidrive python3[1245019]: [msc.reads] n=2 bytes=8192 lba=11321..11329 gap=17 ov=116
Oct 04 10:56:29 Pidrive python3[1245019]: [rx] {"t":"event","op":"msc.reads","ms":181655,"gap":4,"lba0":11337,"lba1":11337,"bytes":4096,"n":1,"kind":2,"ov":116}
Oct 04 10:56:29 Pidrive python3[1245019]: [msc.reads] n=1 bytes=4096 lba=11337..11337 gap=4 ov=116
Oct 04 10:56:29 Pidrive python3[1245019]: [rx] {"t":"event","op":"msc.reads","ms":181659,"gap":4,"lba0":11345,"lba1":11345,"bytes":4096,"n":1,"kind":2,"ov":116}
Oct 04 10:56:29 Pidrive python3[1245019]: [msc.reads] n=1 bytes=4096 lba=11345..11345 gap=4 ov=116
Oct 04 10:56:29 Pidrive python3[1245019]: [rx] {"t":"event","op":"msc.reads","ms":181663,"gap":4,"lba0":11353,"lba1":11353,"bytes":4096,"n":1,"kind":2,"ov":116}
Oct 04 10:56:29 Pidrive python3[1245019]: [msc.reads] n=1 bytes=4096 lba=11353..11353 gap=4 ov=116
Oct 04 10:56:29 Pidrive python3[1245019]: [rx] {"t":"event","op":"msc.reads","ms":181667,"gap":4,"lba0":11361,"lba1":11497,"bytes":73728,"n":18,"kind":2,"ov":116}
Oct 04 10:56:29 Pidrive python3[1245019]: [msc.reads] n=18 bytes=73728 lba=11361..11497 gap=4 ov=116
Oct 04 10:56:29 Pidrive python3[1245019]: [rx] {"t":"event","op":"msc.reads","ms":181733,"gap":4,"lba0":11505,"lba1":11505,"bytes":4096,"n":1,"kind":2,"ov":116}
Oct 04 10:56:29 Pidrive python3[1245019]: [msc.reads] n=1 bytes=4096 lba=11505..11505 gap=4 ov=116
Oct 04 10:56:29 Pidrive python3[1245019]: [rx] {"t":"event","op":"msc.reads","ms":181737,"gap":4,"lba0":11513,"lba1":11513,"bytes":4096,"n":1,"kind":2,"ov":116}
Oct 04 10:56:29 Pidrive python3[1245019]: [msc.reads] n=1 bytes=4096 lba=11513..11513 gap=4 ov=116
Oct 04 10:56:29 Pidrive python3[1245019]: [rx] {"t":"event","op":"msc.reads","ms":181741,"gap":4,"lba0":11521,"lba1":11521,"bytes":4096,"n":1,"kind":2,"ov":116}
Oct 04 10:56:29 Pidrive python3[1245019]: [msc.reads] n=1 bytes=4096 lba=11521..11521 gap=4 ov=116
Oct 04 10:56:29 Pidrive python3[1245019]: [rx] {"t":"event","op":"msc.reads","ms":181745,"gap":4,"lba0":11529,"lba1":11537,"bytes":8192,"n":2,"kind":2,"ov":116}
Oct 04 10:56:29 Pidrive python3[1245019]: [msc.reads] n=2 bytes=8192 lba=11529..11537 gap=4 ov=116
Oct 04 10:56:29 Pidrive python3[1245019]: [rx] {"t":"event","op":"msc.reads","ms":181753,"gap":4,"lba0":11545,"lba1":11545,"bytes":4096,"n":1,"kind":2,"ov":116}
Oct 04 10:56:29 Pidrive python3[1245019]: [msc.reads] n=1 bytes=4096 lba=11545..11545 gap=4 ov=116
Oct 04 10:56:29 Pidrive python3[1245019]: [rx] {"t":"event","op":"msc.reads","ms":181757,"gap":4,"lba0":11553,"lba1":11553,"bytes":4096,"n":1,"kind":2,"ov":116}
Oct 04 10:56:29 Pidrive python3[1245019]: [msc.reads] n=1 bytes=4096 lba=11553..11553 gap=4 ov=116
Oct 04 10:56:29 Pidrive python3[1245019]: [rx] {"t":"event","op":"msc.reads","ms":181760,"gap":3,"lba0":11561,"lba1":11617,"bytes":32768,"n":8,"kind":2,"ov":116}
Oct 04 10:56:29 Pidrive python3[1245019]: [msc.reads] n=8 bytes=32768 lba=11561..11617 gap=3 ov=116
Oct 04 10:56:29 Pidrive python3[1245019]: [rx] {"t":"event","op":"msc.reads","ms":181791,"gap":4,"lba0":11625,"lba1":11625,"bytes":4096,"n":1,"kind":2,"ov":116}
Oct 04 10:56:29 Pidrive python3[1245019]: [msc.reads] n=1 bytes=4096 lba=11625..11625 gap=4 ov=116
Oct 04 10:56:29 Pidrive python3[1245019]: [rx] {"t":"event","op":"msc.reads","ms":181795,"gap":4,"lba0":11633,"lba1":11641,"bytes":8192,"n":2,"kind":2,"ov":116}
Oct 04 10:56:29 Pidrive python3[1245019]: [msc.reads] n=2 bytes=8192 lba=11633..11641 gap=4 ov=116
Oct 04 10:56:29 Pidrive python3[1245019]: [rx] {"t":"event","op":"msc.reads","ms":181802,"gap":4,"lba0":11649,"lba1":11649,"bytes":4096,"n":1,"kind":2,"ov":116}
Oct 04 10:56:29 Pidrive python3[1245019]: [msc.reads] n=1 bytes=4096 lba=11649..11649 gap=4 ov=116
Oct 04 10:56:29 Pidrive python3[1245019]: [rx] {"t":"event","op":"msc.reads","ms":181806,"gap":4,"lba0":11657,"lba1":11657,"bytes":4096,"n":1,"kind":2,"ov":116}
Oct 04 10:56:29 Pidrive python3[1245019]: [msc.reads] n=1 bytes=4096 lba=11657..11657 gap=4 ov=116
Oct 04 10:56:29 Pidrive python3[1245019]: [rx] {"t":"event","op":"msc.reads","ms":181810,"gap":4,"lba0":11665,"lba1":11665,"bytes":4096,"n":1,"kind":2,"ov":116}
Oct 04 10:56:29 Pidrive python3[1245019]: [msc.reads] n=1 bytes=4096 lba=11665..11665 gap=4 ov=116
Oct 04 10:56:29 Pidrive python3[1245019]: [rx] {"t":"event","op":"msc.reads","ms":181814,"gap":4,"lba0":11673,"lba1":11673,"bytes":4096,"n":1,"kind":2,"ov":116}
Oct 04 10:56:29 Pidrive python3[1245019]: [msc.reads] n=1 bytes=4096 lba=11673..11673 gap=4 ov=116
Oct 04 10:56:29 Pidrive python3[1245019]: [rx] {"t":"event","op":"msc.reads","ms":181818,"gap":4,"lba0":11681,"lba1":11681,"bytes":4096,"n":1,"kind":2,"ov":116}
Oct 04 10:56:29 Pidrive python3[1245019]: [msc.reads] n=1 bytes=4096 lba=11681..11681 gap=4 ov=116
Oct 04 10:56:29 Pidrive python3[1245019]: [rx] {"t":"event","op":"msc.reads","ms":181822,"gap":4,"lba0":11689,"lba1":11833,"bytes":77824,"n":19,"kind":2,"ov":116}
Oct 04 10:56:29 Pidrive python3[1245019]: [msc.reads] n=19 bytes=77824 lba=11689..11833 gap=4 ov=116
Oct 04 10:56:29 Pidrive python3[1245019]: [rx] {"t":"event","op":"msc.reads","ms":181892,"gap":4,"lba0":11841,"lba1":11841,"bytes":4096,"n":1,"kind":2,"ov":116}
Oct 04 10:56:29 Pidrive python3[1245019]: [msc.reads] n=1 bytes=4096 lba=11841..11841 gap=4 ov=116
Oct 04 10:56:29 Pidrive python3[1245019]: [rx] {"t":"event","op":"msc.reads","ms":181895,"gap":3,"lba0":11849,"lba1":11849,"bytes":4096,"n":1,"kind":2,"ov":116}
Oct 04 10:56:29 Pidrive python3[1245019]: [msc.reads] n=1 bytes=4096 lba=11849..11849 gap=3 ov=116
Oct 04 10:56:29 Pidrive python3[1245019]: [rx] {"t":"event","op":"msc.reads","ms":181900,"gap":5,"lba0":11857,"lba1":11857,"bytes":4096,"n":1,"kind":2,"ov":116}
Oct 04 10:56:29 Pidrive python3[1245019]: [msc.reads] n=1 bytes=4096 lba=11857..11857 gap=5 ov=116
Oct 04 10:56:29 Pidrive python3[1245019]: [rx] {"t":"event","op":"msc.reads","ms":181904,"gap":4,"lba0":11865,"lba1":11873,"bytes":8192,"n":2,"kind":2,"ov":116}
Oct 04 10:56:29 Pidrive python3[1245019]: [msc.reads] n=2 bytes=8192 lba=11865..11873 gap=4 ov=116
Oct 04 10:56:29 Pidrive python3[1245019]: [rx] {"t":"event","op":"msc.reads","ms":181911,"gap":4,"lba0":11881,"lba1":11881,"bytes":4096,"n":1,"kind":2,"ov":116}
Oct 04 10:56:29 Pidrive python3[1245019]: [msc.reads] n=1 bytes=4096 lba=11881..11881 gap=4 ov=116
Oct 04 10:56:29 Pidrive python3[1245019]: [rx] {"t":"event","op":"msc.reads","ms":181915,"gap":4,"lba0":11889,"lba1":11889,"bytes":4096,"n":1,"kind":2,"ov":116}
Oct 04 10:56:29 Pidrive python3[1245019]: [msc.reads] n=1 bytes=4096 lba=11889..11889 gap=4 ov=116
Oct 04 10:56:29 Pidrive python3[1245019]: [rx] {"t":"event","op":"msc.reads","ms":181919,"gap":4,"lba0":11897,"lba1":11897,"bytes":4096,"n":1,"kind":2,"ov":116}
Oct 04 10:56:29 Pidrive python3[1245019]: [msc.reads] n=1 bytes=4096 lba=11897..11897 gap=4 ov=116
Oct 04 10:56:29 Pidrive python3[1245019]: [rx] {"t":"event","op":"msc.reads","ms":181923,"gap":4,"lba0":11905,"lba1":11977,"bytes":40960,"n":10,"kind":2,"ov":116}
Oct 04 10:56:29 Pidrive python3[1245019]: [msc.reads] n=10 bytes=40960 lba=11905..11977 gap=4 ov=116
Oct 04 10:56:29 Pidrive python3[1245019]: [rx] {"t":"event","op":"msc.reads","ms":181959,"gap":4,"lba0":11985,"lba1":11993,"bytes":8192,"n":2,"kind":2,"ov":116}
Oct 04 10:56:29 Pidrive python3[1245019]: [msc.reads] n=2 bytes=8192 lba=11985..11993 gap=4 ov=116
Oct 04 10:56:29 Pidrive python3[1245019]: [rx] {"t":"event","op":"msc.reads","ms":181967,"gap":4,"lba0":12001,"lba1":12001,"bytes":4096,"n":1,"kind":2,"ov":116}
Oct 04 10:56:29 Pidrive python3[1245019]: [msc.reads] n=1 bytes=4096 lba=12001..12001 gap=4 ov=116
Oct 04 10:56:29 Pidrive python3[1245019]: [rx] {"t":"event","op":"msc.reads","ms":181971,"gap":4,"lba0":12009,"lba1":12009,"bytes":4096,"n":1,"kind":2,"ov":116}
Oct 04 10:56:29 Pidrive python3[1245019]: [msc.reads] n=1 bytes=4096 lba=12009..12009 gap=4 ov=116
Oct 04 10:56:29 Pidrive python3[1245019]: [rx] {"t":"event","op":"msc.reads","ms":181975,"gap":4,"lba0":12017,"lba1":12089,"bytes":40960,"n":10,"kind":2,"ov":116}
Oct 04 10:56:29 Pidrive python3[1245019]: [msc.reads] n=10 bytes=40960 lba=12017..12089 gap=4 ov=116
Oct 04 10:56:29 Pidrive python3[1245019]: [rx] {"t":"event","op":"msc.reads","ms":182012,"gap":5,"lba0":12097,"lba1":12097,"bytes":4096,"n":1,"kind":2,"ov":116}
Oct 04 10:56:29 Pidrive python3[1245019]: [msc.reads] n=1 bytes=4096 lba=12097..12097 gap=5 ov=116
Oct 04 10:56:29 Pidrive python3[1245019]: [rx] {"t":"event","op":"msc.reads","ms":182015,"gap":3,"lba0":12105,"lba1":12105,"bytes":4096,"n":1,"kind":2,"ov":116}
Oct 04 10:56:29 Pidrive python3[1245019]: [msc.reads] n=1 bytes=4096 lba=12105..12105 gap=3 ov=116
Oct 04 10:56:29 Pidrive python3[1245019]: [rx] {"t":"event","op":"msc.reads","ms":182019,"gap":4,"lba0":12113,"lba1":12113,"bytes":4096,"n":1,"kind":2,"ov":116}
Oct 04 10:56:29 Pidrive python3[1245019]: [msc.reads] n=1 bytes=4096 lba=12113..12113 gap=4 ov=116
Oct 04 10:56:29 Pidrive python3[1245019]: [rx] {"t":"event","op":"msc.reads","ms":182023,"gap":4,"lba0":12121,"lba1":12169,"bytes":28672,"n":7,"kind":2,"ov":116}
Oct 04 10:56:29 Pidrive python3[1245019]: [msc.reads] n=7 bytes=28672 lba=12121..12169 gap=4 ov=116
Oct 04 10:56:29 Pidrive python3[1245019]: [rx] {"t":"event","op":"msc.reads","ms":182049,"gap":4,"lba0":12177,"lba1":12193,"bytes":12288,"n":3,"kind":2,"ov":116}
Oct 04 10:56:29 Pidrive python3[1245019]: [msc.reads] n=3 bytes=12288 lba=12177..12193 gap=4 ov=116
Oct 04 10:56:29 Pidrive python3[1245019]: [rx] {"t":"event","op":"msc.reads","ms":182060,"gap":3,"lba0":12201,"lba1":12201,"bytes":4096,"n":1,"kind":2,"ov":116}
Oct 04 10:56:29 Pidrive python3[1245019]: [msc.reads] n=1 bytes=4096 lba=12201..12201 gap=3 ov=116
Oct 04 10:56:29 Pidrive python3[1245019]: [rx] {"t":"event","op":"msc.reads","ms":182064,"gap":4,"lba0":12209,"lba1":12209,"bytes":4096,"n":1,"kind":2,"ov":116}
Oct 04 10:56:29 Pidrive python3[1245019]: [msc.reads] n=1 bytes=4096 lba=12209..12209 gap=4 ov=116
Oct 04 10:56:29 Pidrive python3[1245019]: [rx] {"t":"event","op":"msc.reads","ms":182068,"gap":4,"lba0":12217,"lba1":12217,"bytes":4096,"n":1,"kind":2,"ov":116}
Oct 04 10:56:29 Pidrive python3[1245019]: [msc.reads] n=1 bytes=4096 lba=12217..12217 gap=4 ov=116
Oct 04 10:56:29 Pidrive python3[1245019]: [rx] {"t":"event","op":"msc.reads","ms":182072,"gap":4,"lba0":12225,"lba1":12273,"bytes":28672,"n":7,"kind":2,"ov":116}
Oct 04 10:56:29 Pidrive python3[1245019]: [msc.reads] n=7 bytes=28672 lba=12225..12273 gap=4 ov=116
Oct 04 10:56:29 Pidrive python3[1245019]: [rx] {"t":"event","op":"msc.reads","ms":182097,"gap":3,"lba0":12281,"lba1":12305,"bytes":16384,"n":4,"kind":2,"ov":116}
Oct 04 10:56:29 Pidrive python3[1245019]: [msc.reads] n=4 bytes=16384 lba=12281..12305 gap=3 ov=116
Oct 04 10:56:29 Pidrive python3[1245019]: [rx] {"t":"event","op":"msc.reads","ms":182112,"gap":4,"lba0":12313,"lba1":12313,"bytes":4096,"n":1,"kind":2,"ov":116}
Oct 04 10:56:29 Pidrive python3[1245019]: [msc.reads] n=1 bytes=4096 lba=12313..12313 gap=4 ov=116
Oct 04 10:56:29 Pidrive python3[1245019]: [rx] {"t":"event","op":"msc.reads","ms":182116,"gap":4,"lba0":12321,"lba1":12321,"bytes":4096,"n":1,"kind":2,"ov":116}
Oct 04 10:56:29 Pidrive python3[1245019]: [msc.reads] n=1 bytes=4096 lba=12321..12321 gap=4 ov=116
Oct 04 10:56:29 Pidrive python3[1245019]: [rx] {"t":"event","op":"msc.reads","ms":182120,"gap":4,"lba0":12329,"lba1":12329,"bytes":4096,"n":1,"kind":2,"ov":116}
Oct 04 10:56:29 Pidrive python3[1245019]: [msc.reads] n=1 bytes=4096 lba=12329..12329 gap=4 ov=116
Oct 04 10:56:29 Pidrive python3[1245019]: [rx] {"t":"event","op":"msc.reads","ms":182124,"gap":4,"lba0":12337,"lba1":12393,"bytes":32768,"n":8,"kind":2,"ov":116}
Oct 04 10:56:29 Pidrive python3[1245019]: [msc.reads] n=8 bytes=32768 lba=12337..12393 gap=4 ov=116
Oct 04 10:56:29 Pidrive python3[1245019]: [rx] {"t":"event","op":"msc.reads","ms":182153,"gap":4,"lba0":12401,"lba1":12409,"bytes":8192,"n":2,"kind":2,"ov":116}
Oct 04 10:56:29 Pidrive python3[1245019]: [msc.reads] n=2 bytes=8192 lba=12401..12409 gap=4 ov=116
Oct 04 10:56:29 Pidrive python3[1245019]: [rx] {"t":"event","op":"msc.reads","ms":182161,"gap":4,"lba0":12417,"lba1":12425,"bytes":8192,"n":2,"kind":2,"ov":116}
Oct 04 10:56:29 Pidrive python3[1245019]: [msc.reads] n=2 bytes=8192 lba=12417..12425 gap=4 ov=116
Oct 04 10:56:29 Pidrive python3[1245019]: [rx] {"t":"event","op":"msc.reads","ms":182168,"gap":4,"lba0":12433,"lba1":12433,"bytes":4096,"n":1,"kind":2,"ov":116}
Oct 04 10:56:29 Pidrive python3[1245019]: [msc.reads] n=1 bytes=4096 lba=12433..12433 gap=4 ov=116
Oct 04 10:56:29 Pidrive python3[1245019]: [rx] {"t":"event","op":"msc.reads","ms":182172,"gap":4,"lba0":12441,"lba1":12441,"bytes":4096,"n":1,"kind":2,"ov":116}
Oct 04 10:56:29 Pidrive python3[1245019]: [msc.reads] n=1 bytes=4096 lba=12441..12441 gap=4 ov=116
Oct 04 10:56:29 Pidrive python3[1245019]: [rx] {"t":"event","op":"msc.reads","ms":182176,"gap":4,"lba0":12449,"lba1":12497,"bytes":28672,"n":7,"kind":2,"ov":116}
Oct 04 10:56:29 Pidrive python3[1245019]: [msc.reads] n=7 bytes=28672 lba=12449..12497 gap=4 ov=116
Oct 04 10:56:29 Pidrive python3[1245019]: [rx] {"t":"event","op":"msc.reads","ms":182201,"gap":3,"lba0":12505,"lba1":12529,"bytes":16384,"n":4,"kind":2,"ov":116}
Oct 04 10:56:29 Pidrive python3[1245019]: [msc.reads] n=4 bytes=16384 lba=12505..12529 gap=3 ov=116
Oct 04 10:56:29 Pidrive python3[1245019]: [rx] {"t":"event","op":"msc.reads","ms":182216,"gap":3,"lba0":12537,"lba1":12545,"bytes":8192,"n":2,"kind":2,"ov":116}
Oct 04 10:56:29 Pidrive python3[1245019]: [msc.reads] n=2 bytes=8192 lba=12537..12545 gap=3 ov=116
Oct 04 10:56:29 Pidrive python3[1245019]: [rx] {"t":"event","op":"msc.reads","ms":182224,"gap":4,"lba0":12553,"lba1":12553,"bytes":4096,"n":1,"kind":2,"ov":116}
Oct 04 10:56:29 Pidrive python3[1245019]: [msc.reads] n=1 bytes=4096 lba=12553..12553 gap=4 ov=116
Oct 04 10:56:29 Pidrive python3[1245019]: [rx] {"t":"event","op":"msc.reads","ms":182228,"gap":4,"lba0":12561,"lba1":12561,"bytes":4096,"n":1,"kind":2,"ov":116}
Oct 04 10:56:29 Pidrive python3[1245019]: [msc.reads] n=1 bytes=4096 lba=12561..12561 gap=4 ov=116
Oct 04 10:56:29 Pidrive python3[1245019]: [rx] {"t":"event","op":"msc.reads","ms":182232,"gap":4,"lba0":12569,"lba1":12569,"bytes":4096,"n":1,"kind":2,"ov":116}
Oct 04 10:56:29 Pidrive python3[1245019]: [msc.reads] n=1 bytes=4096 lba=12569..12569 gap=4 ov=116
Oct 04 10:56:29 Pidrive python3[1245019]: [rx] {"t":"event","op":"msc.reads","ms":182236,"gap":4,"lba0":12577,"lba1":12633,"bytes":32768,"n":8,"kind":2,"ov":116}
Oct 04 10:56:29 Pidrive python3[1245019]: [msc.reads] n=8 bytes=32768 lba=12577..12633 gap=4 ov=116
Oct 04 10:56:29 Pidrive python3[1245019]: [rx] {"t":"event","op":"msc.reads","ms":182265,"gap":3,"lba0":12641,"lba1":12649,"bytes":8192,"n":2,"kind":2,"ov":116}
Oct 04 10:56:29 Pidrive python3[1245019]: [msc.reads] n=2 bytes=8192 lba=12641..12649 gap=3 ov=116
Oct 04 10:56:29 Pidrive python3[1245019]: [rx] {"t":"event","op":"msc.reads","ms":182273,"gap":4,"lba0":12657,"lba1":12657,"bytes":4096,"n":1,"kind":2,"ov":116}
Oct 04 10:56:29 Pidrive python3[1245019]: [msc.reads] n=1 bytes=4096 lba=12657..12657 gap=4 ov=116
Oct 04 10:56:29 Pidrive python3[1245019]: [rx] {"t":"event","op":"msc.reads","ms":182277,"gap":4,"lba0":12665,"lba1":12665,"bytes":4096,"n":1,"kind":2,"ov":116}
Oct 04 10:56:29 Pidrive python3[1245019]: [msc.reads] n=1 bytes=4096 lba=12665..12665 gap=4 ov=116
Oct 04 10:56:29 Pidrive python3[1245019]: [rx] {"t":"event","op":"msc.reads","ms":182281,"gap":4,"lba0":12673,"lba1":12705,"bytes":20480,"n":5,"kind":2,"ov":116}
Oct 04 10:56:29 Pidrive python3[1245019]: [msc.reads] n=5 bytes=20480 lba=12673..12705 gap=4 ov=116
Oct 04 10:56:30 Pidrive python3[1245019]: [rx] {"t":"event","op":"msc.reads","ms":182299,"gap":4,"lba0":12713,"lba1":12945,"bytes":122880,"n":30,"kind":2,"ov":116}
Oct 04 10:56:30 Pidrive python3[1245019]: [msc.reads] n=30 bytes=122880 lba=12713..12945 gap=4 ov=116
Oct 04 10:56:30 Pidrive python3[1245019]: [rx] {"t":"event","op":"msc.reads","ms":182410,"gap":4,"lba0":12953,"lba1":12961,"bytes":8192,"n":2,"kind":2,"ov":116}
Oct 04 10:56:30 Pidrive python3[1245019]: [msc.reads] n=2 bytes=8192 lba=12953..12961 gap=4 ov=116
Oct 04 10:56:30 Pidrive python3[1245019]: [rx] {"t":"event","op":"msc.reads","ms":182418,"gap":4,"lba0":12969,"lba1":12969,"bytes":4096,"n":1,"kind":2,"ov":116}
Oct 04 10:56:30 Pidrive python3[1245019]: [msc.reads] n=1 bytes=4096 lba=12969..12969 gap=4 ov=116
Oct 04 10:56:30 Pidrive python3[1245019]: [rx] {"t":"event","op":"msc.reads","ms":182422,"gap":4,"lba0":12977,"lba1":12977,"bytes":4096,"n":1,"kind":2,"ov":116}
Oct 04 10:56:30 Pidrive python3[1245019]: [msc.reads] n=1 bytes=4096 lba=12977..12977 gap=4 ov=116
Oct 04 10:56:30 Pidrive python3[1245019]: [rx] {"t":"event","op":"msc.reads","ms":182426,"gap":4,"lba0":12985,"lba1":12985,"bytes":4096,"n":1,"kind":2,"ov":116}
Oct 04 10:56:30 Pidrive python3[1245019]: [msc.reads] n=1 bytes=4096 lba=12985..12985 gap=4 ov=116
Oct 04 10:56:30 Pidrive python3[1245019]: [rx] {"t":"event","op":"diag","code":"play.reject","detail":"not_from_head uid=fav0 from=2689 +5283840B age=181630ms prefetch"}
Oct 04 10:56:30 Pidrive python3[1245019]: [msc] play.reject not_from_head uid=fav0 from=2689 +5283840B age=181630ms prefetch
Oct 04 10:56:30 Pidrive python3[1245019]: [rx] {"t":"event","op":"msc.reads","ms":182429,"gap":3,"lba0":12993,"lba1":13001,"bytes":8192,"n":2,"kind":2,"ov":116}
Oct 04 10:56:30 Pidrive python3[1245019]: [msc.reads] n=2 bytes=8192 lba=12993..13001 gap=3 ov=116
Oct 04 10:56:30 Pidrive python3[1245019]: [rx] {"t":"event","op":"msc.reads","ms":182457,"gap":24,"lba0":13009,"lba1":13025,"bytes":12288,"n":3,"kind":2,"ov":116}
Oct 04 10:56:30 Pidrive python3[1245019]: [msc.reads] n=3 bytes=12288 lba=13009..13025 gap=24 ov=116
Oct 04 10:56:30 Pidrive python3[1245019]: [rx] {"t":"event","op":"msc.reads","ms":182468,"gap":4,"lba0":13033,"lba1":13033,"bytes":4096,"n":1,"kind":2,"ov":116}
Oct 04 10:56:30 Pidrive python3[1245019]: [msc.reads] n=1 bytes=4096 lba=13033..13033 gap=4 ov=116
Oct 04 10:56:30 Pidrive python3[1245019]: [rx] {"t":"event","op":"msc.reads","ms":182472,"gap":4,"lba0":13041,"lba1":13041,"bytes":4096,"n":1,"kind":2,"ov":116}
Oct 04 10:56:30 Pidrive python3[1245019]: [msc.reads] n=1 bytes=4096 lba=13041..13041 gap=4 ov=116
Oct 04 10:56:30 Pidrive python3[1245019]: [rx] {"t":"event","op":"msc.reads","ms":182476,"gap":4,"lba0":13049,"lba1":13049,"bytes":4096,"n":1,"kind":2,"ov":116}
Oct 04 10:56:30 Pidrive python3[1245019]: [msc.reads] n=1 bytes=4096 lba=13049..13049 gap=4 ov=116
Oct 04 10:56:30 Pidrive python3[1245019]: [rx] {"t":"event","op":"msc.reads","ms":182481,"gap":5,"lba0":13057,"lba1":13105,"bytes":28672,"n":7,"kind":2,"ov":116}
Oct 04 10:56:30 Pidrive python3[1245019]: [msc.reads] n=7 bytes=28672 lba=13057..13105 gap=5 ov=116
Oct 04 10:56:30 Pidrive python3[1245019]: [rx] {"t":"event","op":"msc.reads","ms":182506,"gap":4,"lba0":13113,"lba1":13137,"bytes":16384,"n":4,"kind":2,"ov":116}
Oct 04 10:56:30 Pidrive python3[1245019]: [msc.reads] n=4 bytes=16384 lba=13113..13137 gap=4 ov=116
Oct 04 10:56:30 Pidrive python3[1245019]: [rx] {"t":"event","op":"msc.reads","ms":182521,"gap":4,"lba0":13145,"lba1":13145,"bytes":4096,"n":1,"kind":2,"ov":116}
Oct 04 10:56:30 Pidrive python3[1245019]: [msc.reads] n=1 bytes=4096 lba=13145..13145 gap=4 ov=116
Oct 04 10:56:30 Pidrive python3[1245019]: [rx] {"t":"event","op":"msc.reads","ms":182525,"gap":4,"lba0":13153,"lba1":13153,"bytes":4096,"n":1,"kind":2,"ov":116}
Oct 04 10:56:30 Pidrive python3[1245019]: [msc.reads] n=1 bytes=4096 lba=13153..13153 gap=4 ov=116
Oct 04 10:56:30 Pidrive python3[1245019]: [rx] {"t":"event","op":"msc.reads","ms":182529,"gap":4,"lba0":13161,"lba1":13161,"bytes":4096,"n":1,"kind":2,"ov":116}
Oct 04 10:56:30 Pidrive python3[1245019]: [msc.reads] n=1 bytes=4096 lba=13161..13161 gap=4 ov=116
Oct 04 10:56:30 Pidrive python3[1245019]: [rx] {"t":"event","op":"msc.reads","ms":182533,"gap":4,"lba0":13169,"lba1":13217,"bytes":28672,"n":7,"kind":2,"ov":116}
Oct 04 10:56:30 Pidrive python3[1245019]: [msc.reads] n=7 bytes=28672 lba=13169..13217 gap=4 ov=116
Oct 04 10:56:30 Pidrive python3[1245019]: [rx] {"t":"event","op":"msc.reads","ms":182559,"gap":4,"lba0":13225,"lba1":13249,"bytes":16384,"n":4,"kind":2,"ov":116}
Oct 04 10:56:30 Pidrive python3[1245019]: [msc.reads] n=4 bytes=16384 lba=13225..13249 gap=4 ov=116
Oct 04 10:56:30 Pidrive python3[1245019]: [rx] {"t":"event","op":"msc.reads","ms":182574,"gap":4,"lba0":13257,"lba1":13257,"bytes":4096,"n":1,"kind":2,"ov":116}
Oct 04 10:56:30 Pidrive python3[1245019]: [msc.reads] n=1 bytes=4096 lba=13257..13257 gap=4 ov=116
Oct 04 10:56:30 Pidrive python3[1245019]: [rx] {"t":"event","op":"msc.reads","ms":182578,"gap":4,"lba0":13265,"lba1":13265,"bytes":4096,"n":1,"kind":2,"ov":116}
Oct 04 10:56:30 Pidrive python3[1245019]: [msc.reads] n=1 bytes=4096 lba=13265..13265 gap=4 ov=116
Oct 04 10:56:30 Pidrive python3[1245019]: [rx] {"t":"event","op":"msc.reads","ms":182581,"gap":3,"lba0":13273,"lba1":13273,"bytes":4096,"n":1,"kind":2,"ov":116}
Oct 04 10:56:30 Pidrive python3[1245019]: [msc.reads] n=1 bytes=4096 lba=13273..13273 gap=3 ov=116
Oct 04 10:56:30 Pidrive python3[1245019]: [rx] {"t":"event","op":"msc.reads","ms":182585,"gap":4,"lba0":13281,"lba1":13345,"bytes":36864,"n":9,"kind":2,"ov":116}
Oct 04 10:56:30 Pidrive python3[1245019]: [msc.reads] n=9 bytes=36864 lba=13281..13345 gap=4 ov=116
Oct 04 10:56:30 Pidrive python3[1245019]: [rx] {"t":"event","op":"msc.reads","ms":182619,"gap":4,"lba0":13353,"lba1":13433,"bytes":45056,"n":11,"kind":2,"ov":116}
Oct 04 10:56:30 Pidrive python3[1245019]: [msc.reads] n=11 bytes=45056 lba=13353..13433 gap=4 ov=116
Oct 04 10:56:30 Pidrive python3[1245019]: [rx] {"t":"event","op":"msc.reads","ms":182659,"gap":4,"lba0":13441,"lba1":13441,"bytes":4096,"n":1,"kind":2,"ov":116}
Oct 04 10:56:30 Pidrive python3[1245019]: [msc.reads] n=1 bytes=4096 lba=13441..13441 gap=4 ov=116
Oct 04 10:56:30 Pidrive python3[1245019]: [rx] {"t":"event","op":"msc.reads","ms":182663,"gap":4,"lba0":13449,"lba1":13449,"bytes":4096,"n":1,"kind":2,"ov":116}
Oct 04 10:56:30 Pidrive python3[1245019]: [msc.reads] n=1 bytes=4096 lba=13449..13449 gap=4 ov=116
Oct 04 10:56:30 Pidrive python3[1245019]: [rx] {"t":"event","op":"msc.reads","ms":182667,"gap":4,"lba0":13457,"lba1":13457,"bytes":4096,"n":1,"kind":2,"ov":116}
Oct 04 10:56:30 Pidrive python3[1245019]: [msc.reads] n=1 bytes=4096 lba=13457..13457 gap=4 ov=116
Oct 04 10:56:30 Pidrive python3[1245019]: [rx] {"t":"event","op":"msc.reads","ms":182670,"gap":3,"lba0":13465,"lba1":13553,"bytes":49152,"n":12,"kind":2,"ov":116}
Oct 04 10:56:30 Pidrive python3[1245019]: [msc.reads] n=12 bytes=49152 lba=13465..13553 gap=3 ov=116
Oct 04 10:56:30 Pidrive python3[1245019]: [rx] {"t":"event","op":"msc.reads","ms":182715,"gap":4,"lba0":13561,"lba1":13689,"bytes":69632,"n":17,"kind":2,"ov":116}
Oct 04 10:56:30 Pidrive python3[1245019]: [msc.reads] n=17 bytes=69632 lba=13561..13689 gap=4 ov=116
Oct 04 10:56:30 Pidrive python3[1245019]: [rx] {"t":"event","op":"msc.reads","ms":182778,"gap":3,"lba0":13697,"lba1":13697,"bytes":4096,"n":1,"kind":2,"ov":116}
Oct 04 10:56:30 Pidrive python3[1245019]: [msc.reads] n=1 bytes=4096 lba=13697..13697 gap=3 ov=116
Oct 04 10:56:30 Pidrive python3[1245019]: [rx] {"t":"event","op":"msc.reads","ms":182782,"gap":4,"lba0":13705,"lba1":13705,"bytes":4096,"n":1,"kind":2,"ov":116}
Oct 04 10:56:30 Pidrive python3[1245019]: [msc.reads] n=1 bytes=4096 lba=13705..13705 gap=4 ov=116
Oct 04 10:56:30 Pidrive python3[1245019]: [rx] {"t":"event","op":"msc.reads","ms":182786,"gap":4,"lba0":13713,"lba1":13713,"bytes":4096,"n":1,"kind":2,"ov":116}
Oct 04 10:56:30 Pidrive python3[1245019]: [msc.reads] n=1 bytes=4096 lba=13713..13713 gap=4 ov=116
Oct 04 10:56:30 Pidrive python3[1245019]: [rx] {"t":"event","op":"msc.reads","ms":182790,"gap":4,"lba0":13721,"lba1":13721,"bytes":4096,"n":1,"kind":2,"ov":116}
Oct 04 10:56:30 Pidrive python3[1245019]: [msc.reads] n=1 bytes=4096 lba=13721..13721 gap=4 ov=116
Oct 04 10:56:30 Pidrive python3[1245019]: [rx] {"t":"event","op":"msc.reads","ms":182794,"gap":4,"lba0":13729,"lba1":13785,"bytes":32768,"n":8,"kind":2,"ov":116}
Oct 04 10:56:30 Pidrive python3[1245019]: [msc.reads] n=8 bytes=32768 lba=13729..13785 gap=4 ov=116
Oct 04 10:56:30 Pidrive python3[1245019]: [rx] {"t":"event","op":"msc.reads","ms":182825,"gap":4,"lba0":13793,"lba1":13793,"bytes":4096,"n":1,"kind":2,"ov":116}
Oct 04 10:56:30 Pidrive python3[1245019]: [msc.reads] n=1 bytes=4096 lba=13793..13793 gap=4 ov=116
Oct 04 10:56:30 Pidrive python3[1245019]: [rx] {"t":"event","op":"msc.reads","ms":182829,"gap":4,"lba0":13801,"lba1":13865,"bytes":36864,"n":9,"kind":2,"ov":116}
Oct 04 10:56:30 Pidrive python3[1245019]: [msc.reads] n=9 bytes=36864 lba=13801..13865 gap=4 ov=116
Oct 04 10:56:30 Pidrive python3[1245019]: [rx] {"t":"event","op":"msc.reads","ms":182862,"gap":4,"lba0":13873,"lba1":13873,"bytes":4096,"n":1,"kind":2,"ov":116}
Oct 04 10:56:30 Pidrive python3[1245019]: [msc.reads] n=1 bytes=4096 lba=13873..13873 gap=4 ov=116
Oct 04 10:56:30 Pidrive python3[1245019]: [rx] {"t":"event","op":"msc.reads","ms":182866,"gap":4,"lba0":13881,"lba1":13881,"bytes":4096,"n":1,"kind":2,"ov":116}
Oct 04 10:56:30 Pidrive python3[1245019]: [msc.reads] n=1 bytes=4096 lba=13881..13881 gap=4 ov=116
Oct 04 10:56:30 Pidrive python3[1245019]: [rx] {"t":"event","op":"msc.reads","ms":182869,"gap":3,"lba0":13889,"lba1":13897,"bytes":8192,"n":2,"kind":2,"ov":116}
Oct 04 10:56:30 Pidrive python3[1245019]: [msc.reads] n=2 bytes=8192 lba=13889..13897 gap=3 ov=116
Oct 04 10:56:30 Pidrive python3[1245019]: [rx] {"t":"event","op":"msc.reads","ms":182877,"gap":4,"lba0":13905,"lba1":13905,"bytes":4096,"n":1,"kind":2,"ov":116}
Oct 04 10:56:30 Pidrive python3[1245019]: [msc.reads] n=1 bytes=4096 lba=13905..13905 gap=4 ov=116
Oct 04 10:56:30 Pidrive python3[1245019]: [rx] {"t":"event","op":"msc.reads","ms":182881,"gap":4,"lba0":13913,"lba1":13913,"bytes":4096,"n":1,"kind":2,"ov":116}
Oct 04 10:56:30 Pidrive python3[1245019]: [msc.reads] n=1 bytes=4096 lba=13913..13913 gap=4 ov=116
Oct 04 10:56:30 Pidrive python3[1245019]: [rx] {"t":"event","op":"msc.reads","ms":182885,"gap":4,"lba0":13921,"lba1":13985,"bytes":36864,"n":9,"kind":2,"ov":116}
Oct 04 10:56:30 Pidrive python3[1245019]: [msc.reads] n=9 bytes=36864 lba=13921..13985 gap=4 ov=116
Oct 04 10:56:30 Pidrive python3[1245019]: [rx] {"t":"event","op":"msc.reads","ms":182918,"gap":4,"lba0":13993,"lba1":13993,"bytes":4096,"n":1,"kind":2,"ov":116}
Oct 04 10:56:30 Pidrive python3[1245019]: [msc.reads] n=1 bytes=4096 lba=13993..13993 gap=4 ov=116
Oct 04 10:56:30 Pidrive python3[1245019]: [rx] {"t":"event","op":"msc.reads","ms":182922,"gap":4,"lba0":14001,"lba1":14001,"bytes":4096,"n":1,"kind":2,"ov":116}
Oct 04 10:56:30 Pidrive python3[1245019]: [msc.reads] n=1 bytes=4096 lba=14001..14001 gap=4 ov=116
Oct 04 10:56:30 Pidrive python3[1245019]: [rx] {"t":"event","op":"msc.reads","ms":182926,"gap":4,"lba0":14009,"lba1":14009,"bytes":4096,"n":1,"kind":2,"ov":116}
Oct 04 10:56:30 Pidrive python3[1245019]: [msc.reads] n=1 bytes=4096 lba=14009..14009 gap=4 ov=116
Oct 04 10:56:30 Pidrive python3[1245019]: [rx] {"t":"event","op":"msc.reads","ms":182930,"gap":4,"lba0":14017,"lba1":14017,"bytes":4096,"n":1,"kind":2,"ov":116}
Oct 04 10:56:30 Pidrive python3[1245019]: [msc.reads] n=1 bytes=4096 lba=14017..14017 gap=4 ov=116
Oct 04 10:56:30 Pidrive python3[1245019]: [rx] {"t":"event","op":"msc.reads","ms":182933,"gap":3,"lba0":14025,"lba1":14033,"bytes":8192,"n":2,"kind":2,"ov":116}
Oct 04 10:56:30 Pidrive python3[1245019]: [msc.reads] n=2 bytes=8192 lba=14025..14033 gap=3 ov=116
Oct 04 10:56:30 Pidrive python3[1245019]: [rx] {"t":"event","op":"msc.reads","ms":182941,"gap":4,"lba0":14041,"lba1":14041,"bytes":4096,"n":1,"kind":2,"ov":116}
Oct 04 10:56:30 Pidrive python3[1245019]: [msc.reads] n=1 bytes=4096 lba=14041..14041 gap=4 ov=116
Oct 04 10:56:30 Pidrive python3[1245019]: [rx] {"t":"event","op":"msc.reads","ms":182945,"gap":4,"lba0":14049,"lba1":14049,"bytes":4096,"n":1,"kind":2,"ov":116}
Oct 04 10:56:30 Pidrive python3[1245019]: [msc.reads] n=1 bytes=4096 lba=14049..14049 gap=4 ov=116
Oct 04 10:56:30 Pidrive python3[1245019]: [rx] {"t":"event","op":"msc.reads","ms":182949,"gap":4,"lba0":14057,"lba1":14193,"bytes":73728,"n":18,"kind":2,"ov":116}
Oct 04 10:56:30 Pidrive python3[1245019]: [msc.reads] n=18 bytes=73728 lba=14057..14193 gap=4 ov=116
Oct 04 10:56:30 Pidrive python3[1245019]: [rx] {"t":"event","op":"msc.reads","ms":183015,"gap":3,"lba0":14201,"lba1":14201,"bytes":4096,"n":1,"kind":2,"ov":116}
Oct 04 10:56:30 Pidrive python3[1245019]: [msc.reads] n=1 bytes=4096 lba=14201..14201 gap=3 ov=116
Oct 04 10:56:30 Pidrive python3[1245019]: [rx] {"t":"event","op":"msc.reads","ms":183019,"gap":4,"lba0":14209,"lba1":14209,"bytes":4096,"n":1,"kind":2,"ov":116}
Oct 04 10:56:30 Pidrive python3[1245019]: [msc.reads] n=1 bytes=4096 lba=14209..14209 gap=4 ov=116
Oct 04 10:56:30 Pidrive python3[1245019]: [rx] {"t":"event","op":"msc.reads","ms":183023,"gap":4,"lba0":14217,"lba1":14217,"bytes":4096,"n":1,"kind":2,"ov":116}
Oct 04 10:56:30 Pidrive python3[1245019]: [msc.reads] n=1 bytes=4096 lba=14217..14217 gap=4 ov=116
Oct 04 10:56:30 Pidrive python3[1245019]: [rx] {"t":"event","op":"msc.reads","ms":183027,"gap":4,"lba0":14225,"lba1":14433,"bytes":110592,"n":27,"kind":2,"ov":116}
Oct 04 10:56:30 Pidrive python3[1245019]: [msc.reads] n=27 bytes=110592 lba=14225..14433 gap=4 ov=116
Oct 04 10:56:30 Pidrive python3[1245019]: [rx] {"t":"event","op":"msc.reads","ms":183127,"gap":4,"lba0":14441,"lba1":14449,"bytes":8192,"n":2,"kind":2,"ov":116}
Oct 04 10:56:30 Pidrive python3[1245019]: [msc.reads] n=2 bytes=8192 lba=14441..14449 gap=4 ov=116
Oct 04 10:56:30 Pidrive python3[1245019]: [rx] {"t":"event","op":"msc.reads","ms":183135,"gap":4,"lba0":14457,"lba1":14457,"bytes":4096,"n":1,"kind":2,"ov":116}
Oct 04 10:56:30 Pidrive python3[1245019]: [msc.reads] n=1 bytes=4096 lba=14457..14457 gap=4 ov=116
Oct 04 10:56:30 Pidrive python3[1245019]: [rx] {"t":"event","op":"msc.reads","ms":183138,"gap":3,"lba0":14465,"lba1":14465,"bytes":4096,"n":1,"kind":2,"ov":116}
Oct 04 10:56:30 Pidrive python3[1245019]: [msc.reads] n=1 bytes=4096 lba=14465..14465 gap=3 ov=116
Oct 04 10:56:30 Pidrive python3[1245019]: [rx] {"t":"event","op":"msc.reads","ms":183142,"gap":4,"lba0":14473,"lba1":14473,"bytes":4096,"n":1,"kind":2,"ov":116}
Oct 04 10:56:30 Pidrive python3[1245019]: [msc.reads] n=1 bytes=4096 lba=14473..14473 gap=4 ov=116
Oct 04 10:56:30 Pidrive python3[1245019]: [rx] {"t":"event","op":"msc.reads","ms":183146,"gap":4,"lba0":14481,"lba1":14529,"bytes":28672,"n":7,"kind":2,"ov":116}
Oct 04 10:56:30 Pidrive python3[1245019]: [msc.reads] n=7 bytes=28672 lba=14481..14529 gap=4 ov=116
Oct 04 10:56:30 Pidrive python3[1245019]: [rx] {"t":"event","op":"msc.reads","ms":183172,"gap":4,"lba0":14537,"lba1":14537,"bytes":4096,"n":1,"kind":2,"ov":116}
Oct 04 10:56:30 Pidrive python3[1245019]: [msc.reads] n=1 bytes=4096 lba=14537..14537 gap=4 ov=116
Oct 04 10:56:30 Pidrive python3[1245019]: [rx] {"t":"event","op":"msc.reads","ms":183176,"gap":4,"lba0":14545,"lba1":14561,"bytes":12288,"n":3,"kind":2,"ov":116}
Oct 04 10:56:30 Pidrive python3[1245019]: [msc.reads] n=3 bytes=12288 lba=14545..14561 gap=4 ov=116
Oct 04 10:56:30 Pidrive python3[1245019]: [rx] {"t":"event","op":"msc.reads","ms":183187,"gap":4,"lba0":14569,"lba1":14569,"bytes":4096,"n":1,"kind":2,"ov":116}
Oct 04 10:56:30 Pidrive python3[1245019]: [msc.reads] n=1 bytes=4096 lba=14569..14569 gap=4 ov=116
Oct 04 10:56:30 Pidrive python3[1245019]: [rx] {"t":"event","op":"msc.reads","ms":183191,"gap":4,"lba0":14577,"lba1":14577,"bytes":4096,"n":1,"kind":2,"ov":116}
Oct 04 10:56:30 Pidrive python3[1245019]: [msc.reads] n=1 bytes=4096 lba=14577..14577 gap=4 ov=116
Oct 04 10:56:30 Pidrive python3[1245019]: [rx] {"t":"event","op":"msc.reads","ms":183195,"gap":4,"lba0":14585,"lba1":14585,"bytes":4096,"n":1,"kind":2,"ov":116}
Oct 04 10:56:30 Pidrive python3[1245019]: [msc.reads] n=1 bytes=4096 lba=14585..14585 gap=4 ov=116
Oct 04 10:56:30 Pidrive python3[1245019]: [rx] {"t":"event","op":"msc.reads","ms":183199,"gap":4,"lba0":14593,"lba1":14641,"bytes":28672,"n":7,"kind":2,"ov":116}
Oct 04 10:56:30 Pidrive python3[1245019]: [msc.reads] n=7 bytes=28672 lba=14593..14641 gap=4 ov=116
Oct 04 10:56:30 Pidrive python3[1245019]: [rx] {"t":"event","op":"msc.reads","ms":183224,"gap":3,"lba0":14649,"lba1":14665,"bytes":12288,"n":3,"kind":2,"ov":116}
Oct 04 10:56:30 Pidrive python3[1245019]: [msc.reads] n=3 bytes=12288 lba=14649..14665 gap=3 ov=116
Oct 04 10:56:30 Pidrive python3[1245019]: [rx] {"t":"event","op":"diag","code":"play.reject","detail":"not_from_head uid=fav0 from=2689 +6139904B age=182432ms prefetch"}
Oct 04 10:56:30 Pidrive python3[1245019]: [msc] play.reject not_from_head uid=fav0 from=2689 +6139904B age=182432ms prefetch
Oct 04 10:56:30 Pidrive python3[1245019]: [rx] {"t":"event","op":"msc.reads","ms":183235,"gap":3,"lba0":14673,"lba1":14673,"bytes":4096,"n":1,"kind":2,"ov":116}
Oct 04 10:56:30 Pidrive python3[1245019]: [msc.reads] n=1 bytes=4096 lba=14673..14673 gap=3 ov=116
Oct 04 10:56:30 Pidrive python3[1245019]: [rx] {"t":"event","op":"msc.reads","ms":183252,"gap":17,"lba0":14681,"lba1":14681,"bytes":4096,"n":1,"kind":2,"ov":116}
Oct 04 10:56:30 Pidrive python3[1245019]: [msc.reads] n=1 bytes=4096 lba=14681..14681 gap=17 ov=116
Oct 04 10:56:30 Pidrive python3[1245019]: [rx] {"t":"event","op":"msc.reads","ms":183256,"gap":4,"lba0":14689,"lba1":14729,"bytes":24576,"n":6,"kind":2,"ov":116}
Oct 04 10:56:30 Pidrive python3[1245019]: [msc.reads] n=6 bytes=24576 lba=14689..14729 gap=4 ov=116
Oct 04 10:56:30 Pidrive python3[1245019]: [rx] {"t":"event","op":"msc.reads","ms":183278,"gap":4,"lba0":14737,"lba1":14745,"bytes":8192,"n":2,"kind":2,"ov":116}
Oct 04 10:56:30 Pidrive python3[1245019]: [msc.reads] n=2 bytes=8192 lba=14737..14745 gap=4 ov=116
Oct 04 10:56:31 Pidrive python3[1245019]: [tx] {"t":"ping"}
Oct 04 10:56:31 Pidrive python3[1245019]: [rx] {"t":"event","op":"msc.reads","ms":183286,"gap":4,"lba0":14753,"lba1":14753,"bytes":4096,"n":1,"kind":2,"ov":116}
Oct 04 10:56:31 Pidrive python3[1245019]: [msc.reads] n=1 bytes=4096 lba=14753..14753 gap=4 ov=116
Oct 04 10:56:31 Pidrive python3[1245019]: [rx] {"t":"event","op":"msc.reads","ms":183290,"gap":4,"lba0":14761,"lba1":14761,"bytes":4096,"n":1,"kind":2,"ov":116}
Oct 04 10:56:31 Pidrive python3[1245019]: [msc.reads] n=1 bytes=4096 lba=14761..14761 gap=4 ov=116
Oct 04 10:56:31 Pidrive python3[1245019]: [rx] {"t":"event","op":"msc.reads","ms":183294,"gap":4,"lba0":14769,"lba1":14769,"bytes":4096,"n":1,"kind":2,"ov":116}
Oct 04 10:56:31 Pidrive python3[1245019]: [msc.reads] n=1 bytes=4096 lba=14769..14769 gap=4 ov=116
Oct 04 10:56:31 Pidrive python3[1245019]: [rx] {"t":"event","op":"msc.reads","ms":183298,"gap":4,"lba0":14777,"lba1":14833,"bytes":32768,"n":8,"kind":2,"ov":116}
Oct 04 10:56:31 Pidrive python3[1245019]: [msc.reads] n=8 bytes=32768 lba=14777..14833 gap=4 ov=116
Oct 04 10:56:31 Pidrive python3[1245019]: [rx] {"t":"event","op":"msc.reads","ms":183328,"gap":4,"lba0":14841,"lba1":15033,"bytes":102400,"n":25,"kind":2,"ov":116}
Oct 04 10:56:31 Pidrive python3[1245019]: [msc.reads] n=25 bytes=102400 lba=14841..15033 gap=4 ov=116
Oct 04 10:56:31 Pidrive python3[1245019]: [rx] {"t":"event","op":"msc.reads","ms":183421,"gap":4,"lba0":15041,"lba1":15049,"bytes":8192,"n":2,"kind":2,"ov":116}
Oct 04 10:56:31 Pidrive python3[1245019]: [msc.reads] n=2 bytes=8192 lba=15041..15049 gap=4 ov=116
Oct 04 10:56:31 Pidrive python3[1245019]: [rx] {"t":"event","op":"msc.reads","ms":183428,"gap":4,"lba0":15057,"lba1":15057,"bytes":4096,"n":1,"kind":2,"ov":116}
Oct 04 10:56:31 Pidrive python3[1245019]: [msc.reads] n=1 bytes=4096 lba=15057..15057 gap=4 ov=116
Oct 04 10:56:31 Pidrive python3[1245019]: [rx] {"t":"event","op":"msc.reads","ms":183432,"gap":4,"lba0":15065,"lba1":15065,"bytes":4096,"n":1,"kind":2,"ov":116}
Oct 04 10:56:31 Pidrive python3[1245019]: [msc.reads] n=1 bytes=4096 lba=15065..15065 gap=4 ov=116
Oct 04 10:56:31 Pidrive python3[1245019]: [rx] {"t":"pong"}
Oct 04 10:56:31 Pidrive python3[1245019]: [rx] {"t":"event","op":"msc.reads","ms":183436,"gap":4,"lba0":15073,"lba1":15081,"bytes":8192,"n":2,"kind":2,"ov":116}
Oct 04 10:56:31 Pidrive python3[1245019]: [msc.reads] n=2 bytes=8192 lba=15073..15081 gap=4 ov=116
Oct 04 10:56:31 Pidrive python3[1245019]: [rx] {"t":"event","op":"msc.reads","ms":183443,"gap":3,"lba0":15089,"lba1":15089,"bytes":4096,"n":1,"kind":2,"ov":116}
Oct 04 10:56:31 Pidrive python3[1245019]: [msc.reads] n=1 bytes=4096 lba=15089..15089 gap=3 ov=116
Oct 04 10:56:31 Pidrive python3[1245019]: [rx] {"t":"event","op":"msc.reads","ms":183447,"gap":4,"lba0":15097,"lba1":15137,"bytes":24576,"n":6,"kind":2,"ov":116}
Oct 04 10:56:31 Pidrive python3[1245019]: [msc.reads] n=6 bytes=24576 lba=15097..15137 gap=4 ov=116
Oct 04 10:56:31 Pidrive python3[1245019]: [rx] {"t":"event","op":"msc.reads","ms":183469,"gap":4,"lba0":15145,"lba1":15153,"bytes":8192,"n":2,"kind":2,"ov":116}
Oct 04 10:56:31 Pidrive python3[1245019]: [msc.reads] n=2 bytes=8192 lba=15145..15153 gap=4 ov=116
Oct 04 10:56:31 Pidrive python3[1245019]: [rx] {"t":"event","op":"msc.reads","ms":183477,"gap":4,"lba0":15161,"lba1":15169,"bytes":8192,"n":2,"kind":2,"ov":116}
Oct 04 10:56:31 Pidrive python3[1245019]: [msc.reads] n=2 bytes=8192 lba=15161..15169 gap=4 ov=116
Oct 04 10:56:31 Pidrive python3[1245019]: [rx] {"t":"event","op":"msc.reads","ms":183485,"gap":4,"lba0":15177,"lba1":15177,"bytes":4096,"n":1,"kind":2,"ov":116}
Oct 04 10:56:31 Pidrive python3[1245019]: [msc.reads] n=1 bytes=4096 lba=15177..15177 gap=4 ov=116
Oct 04 10:56:31 Pidrive python3[1245019]: [rx] {"t":"event","op":"msc.reads","ms":183489,"gap":4,"lba0":15185,"lba1":15185,"bytes":4096,"n":1,"kind":2,"ov":116}
Oct 04 10:56:31 Pidrive python3[1245019]: [msc.reads] n=1 bytes=4096 lba=15185..15185 gap=4 ov=116
Oct 04 10:56:31 Pidrive python3[1245019]: [rx] {"t":"event","op":"msc.reads","ms":183493,"gap":4,"lba0":15193,"lba1":15193,"bytes":4096,"n":1,"kind":2,"ov":116}
Oct 04 10:56:31 Pidrive python3[1245019]: [msc.reads] n=1 bytes=4096 lba=15193..15193 gap=4 ov=116
Oct 04 10:56:31 Pidrive python3[1245019]: [rx] {"t":"event","op":"msc.reads","ms":183496,"gap":3,"lba0":15201,"lba1":15209,"bytes":8192,"n":2,"kind":2,"ov":116}
Oct 04 10:56:31 Pidrive python3[1245019]: [msc.reads] n=2 bytes=8192 lba=15201..15209 gap=3 ov=116
Oct 04 10:56:31 Pidrive python3[1245019]: [rx] {"t":"event","op":"msc.reads","ms":183504,"gap":4,"lba0":15217,"lba1":15257,"bytes":24576,"n":6,"kind":2,"ov":116}
Oct 04 10:56:31 Pidrive python3[1245019]: [msc.reads] n=6 bytes=24576 lba=15217..15257 gap=4 ov=116
Oct 04 10:56:31 Pidrive python3[1245019]: [rx] {"t":"event","op":"msc.reads","ms":183526,"gap":3,"lba0":15265,"lba1":15265,"bytes":4096,"n":1,"kind":2,"ov":116}
Oct 04 10:56:31 Pidrive python3[1245019]: [msc.reads] n=1 bytes=4096 lba=15265..15265 gap=3 ov=116
Oct 04 10:56:31 Pidrive python3[1245019]: [rx] {"t":"event","op":"msc.reads","ms":183530,"gap":4,"lba0":15273,"lba1":15313,"bytes":24576,"n":6,"kind":2,"ov":116}
Oct 04 10:56:31 Pidrive python3[1245019]: [msc.reads] n=6 bytes=24576 lba=15273..15313 gap=4 ov=116
Oct 04 10:56:31 Pidrive python3[1245019]: [rx] {"t":"event","op":"msc.reads","ms":183552,"gap":4,"lba0":15321,"lba1":15321,"bytes":4096,"n":1,"kind":2,"ov":116}
Oct 04 10:56:31 Pidrive python3[1245019]: [msc.reads] n=1 bytes=4096 lba=15321..15321 gap=4 ov=116
Oct 04 10:56:31 Pidrive python3[1245019]: [rx] {"t":"event","op":"msc.reads","ms":183556,"gap":4,"lba0":15329,"lba1":15329,"bytes":4096,"n":1,"kind":2,"ov":116}
Oct 04 10:56:31 Pidrive python3[1245019]: [msc.reads] n=1 bytes=4096 lba=15329..15329 gap=4 ov=116
Oct 04 10:56:31 Pidrive python3[1245019]: [rx] {"t":"event","op":"msc.reads","ms":183560,"gap":4,"lba0":15337,"lba1":15337,"bytes":4096,"n":1,"kind":2,"ov":116}
Oct 04 10:56:31 Pidrive python3[1245019]: [msc.reads] n=1 bytes=4096 lba=15337..15337 gap=4 ov=116
Oct 04 10:56:31 Pidrive python3[1245019]: [rx] {"t":"event","op":"msc.reads","ms":183564,"gap":4,"lba0":15345,"lba1":15385,"bytes":24576,"n":6,"kind":2,"ov":116}
Oct 04 10:56:31 Pidrive python3[1245019]: [msc.reads] n=6 bytes=24576 lba=15345..15385 gap=4 ov=116
Oct 04 10:56:31 Pidrive python3[1245019]: [rx] {"t":"event","op":"msc.reads","ms":183586,"gap":3,"lba0":15393,"lba1":15393,"bytes":4096,"n":1,"kind":2,"ov":116}
Oct 04 10:56:31 Pidrive python3[1245019]: [msc.reads] n=1 bytes=4096 lba=15393..15393 gap=3 ov=116
Oct 04 10:56:31 Pidrive python3[1245019]: [rx] {"t":"event","op":"msc.reads","ms":183590,"gap":4,"lba0":15401,"lba1":15401,"bytes":4096,"n":1,"kind":2,"ov":116}
Oct 04 10:56:31 Pidrive python3[1245019]: [msc.reads] n=1 bytes=4096 lba=15401..15401 gap=4 ov=116
Oct 04 10:56:31 Pidrive python3[1245019]: [rx] {"t":"event","op":"msc.reads","ms":183594,"gap":4,"lba0":15409,"lba1":15409,"bytes":4096,"n":1,"kind":2,"ov":116}
Oct 04 10:56:31 Pidrive python3[1245019]: [msc.reads] n=1 bytes=4096 lba=15409..15409 gap=4 ov=116
Oct 04 10:56:31 Pidrive python3[1245019]: [rx] {"t":"event","op":"msc.reads","ms":183598,"gap":4,"lba0":15417,"lba1":15417,"bytes":4096,"n":1,"kind":2,"ov":116}
Oct 04 10:56:31 Pidrive python3[1245019]: [msc.reads] n=1 bytes=4096 lba=15417..15417 gap=4 ov=116
Oct 04 10:56:31 Pidrive python3[1245019]: [rx] {"t":"event","op":"msc.reads","ms":183602,"gap":4,"lba0":15425,"lba1":15425,"bytes":4096,"n":1,"kind":2,"ov":116}
Oct 04 10:56:31 Pidrive python3[1245019]: [msc.reads] n=1 bytes=4096 lba=15425..15425 gap=4 ov=116
Oct 04 10:56:31 Pidrive python3[1245019]: [rx] {"t":"event","op":"msc.reads","ms":183606,"gap":4,"lba0":15433,"lba1":15489,"bytes":32768,"n":8,"kind":2,"ov":116}
Oct 04 10:56:31 Pidrive python3[1245019]: [msc.reads] n=8 bytes=32768 lba=15433..15489 gap=4 ov=116
Oct 04 10:56:31 Pidrive python3[1245019]: [rx] {"t":"event","op":"msc.reads","ms":183636,"gap":4,"lba0":15497,"lba1":15529,"bytes":20480,"n":5,"kind":2,"ov":116}
Oct 04 10:56:31 Pidrive python3[1245019]: [msc.reads] n=5 bytes=20480 lba=15497..15529 gap=4 ov=116
Oct 04 10:56:31 Pidrive python3[1245019]: [rx] {"t":"event","op":"msc.reads","ms":183655,"gap":4,"lba0":15537,"lba1":15537,"bytes":4096,"n":1,"kind":2,"ov":116}
Oct 04 10:56:31 Pidrive python3[1245019]: [msc.reads] n=1 bytes=4096 lba=15537..15537 gap=4 ov=116
Oct 04 10:56:31 Pidrive python3[1245019]: [rx] {"t":"event","op":"msc.reads","ms":183658,"gap":3,"lba0":15545,"lba1":15545,"bytes":4096,"n":1,"kind":2,"ov":116}
Oct 04 10:56:31 Pidrive python3[1245019]: [msc.reads] n=1 bytes=4096 lba=15545..15545 gap=3 ov=116
Oct 04 10:56:31 Pidrive python3[1245019]: [rx] {"t":"event","op":"msc.reads","ms":183662,"gap":4,"lba0":15553,"lba1":15553,"bytes":4096,"n":1,"kind":2,"ov":116}
Oct 04 10:56:31 Pidrive python3[1245019]: [msc.reads] n=1 bytes=4096 lba=15553..15553 gap=4 ov=116
Oct 04 10:56:31 Pidrive python3[1245019]: [rx] {"t":"event","op":"msc.reads","ms":183666,"gap":4,"lba0":15561,"lba1":15705,"bytes":77824,"n":19,"kind":2,"ov":116}
Oct 04 10:56:31 Pidrive python3[1245019]: [msc.reads] n=19 bytes=77824 lba=15561..15705 gap=4 ov=116
Oct 04 10:56:31 Pidrive python3[1245019]: [rx] {"t":"event","op":"msc.reads","ms":183736,"gap":4,"lba0":15713,"lba1":15713,"bytes":4096,"n":1,"kind":2,"ov":116}
Oct 04 10:56:31 Pidrive python3[1245019]: [msc.reads] n=1 bytes=4096 lba=15713..15713 gap=4 ov=116
Oct 04 10:56:31 Pidrive python3[1245019]: [rx] {"t":"event","op":"msc.reads","ms":183740,"gap":4,"lba0":15721,"lba1":15721,"bytes":4096,"n":1,"kind":2,"ov":116}
Oct 04 10:56:31 Pidrive python3[1245019]: [msc.reads] n=1 bytes=4096 lba=15721..15721 gap=4 ov=116
Oct 04 10:56:31 Pidrive python3[1245019]: [rx] {"t":"event","op":"msc.reads","ms":183744,"gap":4,"lba0":15729,"lba1":15729,"bytes":4096,"n":1,"kind":2,"ov":116}
Oct 04 10:56:31 Pidrive python3[1245019]: [msc.reads] n=1 bytes=4096 lba=15729..15729 gap=4 ov=116
Oct 04 10:56:31 Pidrive python3[1245019]: [rx] {"t":"event","op":"msc.reads","ms":183748,"gap":4,"lba0":15737,"lba1":15745,"bytes":8192,"n":2,"kind":2,"ov":116}
Oct 04 10:56:31 Pidrive python3[1245019]: [msc.reads] n=2 bytes=8192 lba=15737..15745 gap=4 ov=116
Oct 04 10:56:31 Pidrive python3[1245019]: [rx] {"t":"event","op":"msc.reads","ms":183755,"gap":3,"lba0":15753,"lba1":15753,"bytes":4096,"n":1,"kind":2,"ov":116}
Oct 04 10:56:31 Pidrive python3[1245019]: [msc.reads] n=1 bytes=4096 lba=15753..15753 gap=3 ov=116
Oct 04 10:56:31 Pidrive python3[1245019]: [rx] {"t":"event","op":"msc.reads","ms":183759,"gap":4,"lba0":15761,"lba1":15761,"bytes":4096,"n":1,"kind":2,"ov":116}
Oct 04 10:56:31 Pidrive python3[1245019]: [msc.reads] n=1 bytes=4096 lba=15761..15761 gap=4 ov=116
Oct 04 10:56:31 Pidrive python3[1245019]: [rx] {"t":"event","op":"msc.reads","ms":183763,"gap":4,"lba0":15769,"lba1":15769,"bytes":4096,"n":1,"kind":2,"ov":116}
Oct 04 10:56:31 Pidrive python3[1245019]: [msc.reads] n=1 bytes=4096 lba=15769..15769 gap=4 ov=116
Oct 04 10:56:31 Pidrive python3[1245019]: [rx] {"t":"event","op":"msc.reads","ms":183767,"gap":4,"lba0":15777,"lba1":15849,"bytes":40960,"n":10,"kind":2,"ov":116}
Oct 04 10:56:31 Pidrive python3[1245019]: [msc.reads] n=10 bytes=40960 lba=15777..15849 gap=4 ov=116
Oct 04 10:56:31 Pidrive python3[1245019]: [rx] {"t":"event","op":"msc.reads","ms":183803,"gap":4,"lba0":15857,"lba1":15857,"bytes":4096,"n":1,"kind":2,"ov":116}
Oct 04 10:56:31 Pidrive python3[1245019]: [msc.reads] n=1 bytes=4096 lba=15857..15857 gap=4 ov=116
Oct 04 10:56:31 Pidrive python3[1245019]: [rx] {"t":"event","op":"msc.reads","ms":183807,"gap":4,"lba0":15865,"lba1":15865,"bytes":4096,"n":1,"kind":2,"ov":116}
Oct 04 10:56:31 Pidrive python3[1245019]: [msc.reads] n=1 bytes=4096 lba=15865..15865 gap=4 ov=116
Oct 04 10:56:31 Pidrive python3[1245019]: [rx] {"t":"event","op":"msc.reads","ms":183811,"gap":4,"lba0":15873,"lba1":15873,"bytes":4096,"n":1,"kind":2,"ov":116}
Oct 04 10:56:31 Pidrive python3[1245019]: [msc.reads] n=1 bytes=4096 lba=15873..15873 gap=4 ov=116
Oct 04 10:56:31 Pidrive python3[1245019]: [rx] {"t":"event","op":"msc.reads","ms":183815,"gap":4,"lba0":15881,"lba1":15961,"bytes":45056,"n":11,"kind":2,"ov":116}
Oct 04 10:56:31 Pidrive python3[1245019]: [msc.reads] n=11 bytes=45056 lba=15881..15961 gap=4 ov=116
Oct 04 10:56:31 Pidrive python3[1245019]: [rx] {"t":"event","op":"msc.reads","ms":183856,"gap":4,"lba0":15969,"lba1":15969,"bytes":4096,"n":1,"kind":2,"ov":116}
Oct 04 10:56:31 Pidrive python3[1245019]: [msc.reads] n=1 bytes=4096 lba=15969..15969 gap=4 ov=116
Oct 04 10:56:31 Pidrive python3[1245019]: [rx] {"t":"event","op":"msc.reads","ms":183860,"gap":4,"lba0":15977,"lba1":15977,"bytes":4096,"n":1,"kind":2,"ov":116}
Oct 04 10:56:31 Pidrive python3[1245019]: [msc.reads] n=1 bytes=4096 lba=15977..15977 gap=4 ov=116
Oct 04 10:56:31 Pidrive python3[1245019]: [rx] {"t":"event","op":"msc.reads","ms":183863,"gap":3,"lba0":15985,"lba1":15985,"bytes":4096,"n":1,"kind":2,"ov":116}
Oct 04 10:56:31 Pidrive python3[1245019]: [msc.reads] n=1 bytes=4096 lba=15985..15985 gap=3 ov=116
Oct 04 10:56:31 Pidrive python3[1245019]: [rx] {"t":"event","op":"msc.reads","ms":183867,"gap":4,"lba0":15993,"lba1":16065,"bytes":40960,"n":10,"kind":2,"ov":116}
Oct 04 10:56:31 Pidrive python3[1245019]: [msc.reads] n=10 bytes=40960 lba=15993..16065 gap=4 ov=116
Oct 04 10:56:31 Pidrive python3[1245019]: [rx] {"t":"event","op":"msc.reads","ms":183904,"gap":4,"lba0":16073,"lba1":16073,"bytes":4096,"n":1,"kind":2,"ov":116}
Oct 04 10:56:31 Pidrive python3[1245019]: [msc.reads] n=1 bytes=4096 lba=16073..16073 gap=4 ov=116
Oct 04 10:56:31 Pidrive python3[1245019]: [rx] {"t":"event","op":"msc.reads","ms":183908,"gap":4,"lba0":16081,"lba1":16081,"bytes":4096,"n":1,"kind":2,"ov":116}
Oct 04 10:56:31 Pidrive python3[1245019]: [msc.reads] n=1 bytes=4096 lba=16081..16081 gap=4 ov=116
Oct 04 10:56:31 Pidrive python3[1245019]: [rx] {"t":"event","op":"msc.reads","ms":183911,"gap":3,"lba0":16089,"lba1":16089,"bytes":4096,"n":1,"kind":2,"ov":116}
Oct 04 10:56:31 Pidrive python3[1245019]: [msc.reads] n=1 bytes=4096 lba=16089..16089 gap=3 ov=116
Oct 04 10:56:31 Pidrive python3[1245019]: [rx] {"t":"event","op":"msc.reads","ms":183915,"gap":4,"lba0":16097,"lba1":16145,"bytes":28672,"n":7,"kind":2,"ov":116}
Oct 04 10:56:31 Pidrive python3[1245019]: [msc.reads] n=7 bytes=28672 lba=16097..16145 gap=4 ov=116
Oct 04 10:56:31 Pidrive python3[1245019]: [rx] {"t":"event","op":"msc.reads","ms":183941,"gap":4,"lba0":16153,"lba1":16273,"bytes":65536,"n":16,"kind":2,"ov":116}
Oct 04 10:56:31 Pidrive python3[1245019]: [msc.reads] n=16 bytes=65536 lba=16153..16273 gap=4 ov=116
Oct 04 10:56:31 Pidrive python3[1245019]: [rx] {"t":"event","op":"msc.reads","ms":184002,"gap":4,"lba0":16281,"lba1":16281,"bytes":4096,"n":1,"kind":2,"ov":116}
Oct 04 10:56:31 Pidrive python3[1245019]: [msc.reads] n=1 bytes=4096 lba=16281..16281 gap=4 ov=116
Oct 04 10:56:31 Pidrive python3[1245019]: [rx] {"t":"event","op":"msc.reads","ms":184005,"gap":3,"lba0":16289,"lba1":16297,"bytes":8192,"n":2,"kind":2,"ov":116}
Oct 04 10:56:31 Pidrive python3[1245019]: [msc.reads] n=2 bytes=8192 lba=16289..16297 gap=3 ov=116
Oct 04 10:56:31 Pidrive python3[1245019]: [rx] {"t":"event","op":"msc.reads","ms":184013,"gap":4,"lba0":16305,"lba1":16305,"bytes":4096,"n":1,"kind":2,"ov":116}
Oct 04 10:56:31 Pidrive python3[1245019]: [msc.reads] n=1 bytes=4096 lba=16305..16305 gap=4 ov=116
Oct 04 10:56:31 Pidrive python3[1245019]: [rx] {"t":"event","op":"msc.reads","ms":184017,"gap":4,"lba0":16313,"lba1":16313,"bytes":4096,"n":1,"kind":2,"ov":116}
Oct 04 10:56:31 Pidrive python3[1245019]: [msc.reads] n=1 bytes=4096 lba=16313..16313 gap=4 ov=116
Oct 04 10:56:31 Pidrive python3[1245019]: [rx] {"t":"event","op":"diag","code":"play.reject","detail":"not_from_head uid=fav0 from=2689 +7000064B age=183232ms prefetch"}
Oct 04 10:56:31 Pidrive python3[1245019]: [msc] play.reject not_from_head uid=fav0 from=2689 +7000064B age=183232ms prefetch
Oct 04 10:56:31 Pidrive python3[1245019]: [rx] {"t":"event","op":"msc.reads","ms":184021,"gap":4,"lba0":16321,"lba1":16353,"bytes":20480,"n":5,"kind":2,"ov":116}
Oct 04 10:56:31 Pidrive python3[1245019]: [msc.reads] n=5 bytes=20480 lba=16321..16353 gap=4 ov=116
Oct 04 10:56:31 Pidrive python3[1245019]: [rx] {"t":"event","op":"msc.reads","ms":184088,"gap":53,"lba0":16361,"lba1":16361,"bytes":4096,"n":1,"kind":2,"ov":116}
Oct 04 10:56:31 Pidrive python3[1245019]: [msc.reads] n=1 bytes=4096 lba=16361..16361 gap=53 ov=116
Oct 04 10:56:31 Pidrive python3[1245019]: [rx] {"t":"event","op":"msc.reads","ms":184092,"gap":4,"lba0":16369,"lba1":16369,"bytes":4096,"n":1,"kind":2,"ov":116}
Oct 04 10:56:31 Pidrive python3[1245019]: [msc.reads] n=1 bytes=4096 lba=16369..16369 gap=4 ov=116
Oct 04 10:56:31 Pidrive python3[1245019]: [rx] {"t":"event","op":"msc.reads","ms":184096,"gap":4,"lba0":16377,"lba1":16377,"bytes":4096,"n":1,"kind":2,"ov":116}
Oct 04 10:56:31 Pidrive python3[1245019]: [msc.reads] n=1 bytes=4096 lba=16377..16377 gap=4 ov=116
Oct 04 10:56:31 Pidrive python3[1245019]: [rx] {"t":"event","op":"msc.reads","ms":184099,"gap":3,"lba0":16385,"lba1":16385,"bytes":4096,"n":1,"kind":2,"ov":116}
Oct 04 10:56:31 Pidrive python3[1245019]: [msc.reads] n=1 bytes=4096 lba=16385..16385 gap=3 ov=116
Oct 04 10:56:31 Pidrive python3[1245019]: [rx] {"t":"event","op":"msc.reads","ms":184103,"gap":4,"lba0":16393,"lba1":16393,"bytes":4096,"n":1,"kind":2,"ov":116}
Oct 04 10:56:31 Pidrive python3[1245019]: [msc.reads] n=1 bytes=4096 lba=16393..16393 gap=4 ov=116
Oct 04 10:56:31 Pidrive python3[1245019]: [rx] {"t":"event","op":"msc.reads","ms":184107,"gap":4,"lba0":16401,"lba1":16401,"bytes":4096,"n":1,"kind":2,"ov":116}
Oct 04 10:56:31 Pidrive python3[1245019]: [msc.reads] n=1 bytes=4096 lba=16401..16401 gap=4 ov=116
Oct 04 10:56:31 Pidrive python3[1245019]: [rx] {"t":"event","op":"msc.reads","ms":184111,"gap":4,"lba0":16409,"lba1":16449,"bytes":24576,"n":6,"kind":2,"ov":116}
Oct 04 10:56:31 Pidrive python3[1245019]: [msc.reads] n=6 bytes=24576 lba=16409..16449 gap=4 ov=116
Oct 04 10:56:32 Pidrive python3[1245019]: [tx] {"t":"ping"}
Oct 04 10:56:33 Pidrive python3[1245019]: [rx] {"t":"pong"}
Oct 04 10:56:33 Pidrive python3[1245019]: [rx] {"t":"event","op":"diag","code":"msc.quiet","detail":"file=9476608B age=2000ms"}
Oct 04 10:56:33 Pidrive python3[1245019]: [msc] msc.quiet file=9476608B age=2000ms
Oct 04 10:56:35 Pidrive python3[1245019]: [tx] {"t":"ping"}
Oct 04 10:56:35 Pidrive python3[1245019]: [rx] {"t":"pong"}
Oct 04 10:56:37 Pidrive python3[1245019]: [tx] {"t":"ping"}
Oct 04 10:56:37 Pidrive python3[1245019]: [rx] {"t":"pong"}
Oct 04 10:56:39 Pidrive python3[1245019]: [tx] {"t":"ping"}
Oct 04 10:56:39 Pidrive python3[1245019]: [rx] {"t":"pong"}
Oct 04 10:56:41 Pidrive python3[1245019]: [tx] {"t":"ping"}
Oct 04 10:56:41 Pidrive python3[1245019]: [rx] {"t":"pong"}
