episode,seg,ms0,ms1,direction,file_off0,bytes,lba0,lba1,in_slot
ep0,0,1810,1810,meta,,4096,0,7,False
ep0,1,1811,1811,meta,,4096,0,7,False
ep0,2,1812,1812,meta,,4096,0,7,False
ep0,3,1814,1814,meta,,4096,0,7,False
ep0,4,1814,1814,meta,,4096,0,7,False
ep0,5,1814,1814,meta,,4096,0,7,False
ep0,6,1818,1818,meta,,4096,0,7,False
ep0,7,1819,1819,meta,,4096,0,7,False
ep0,8,1821,1821,meta,,4096,0,7,False
ep0,9,1827,1827,meta,,4096,0,7,False
ep0,10,1827,1827,meta,,4096,0,7,False
ep0,11,1830,1830,meta,,4096,0,7,False
ep0,12,1830,1830,meta,,4096,0,7,False
ep0,13,1831,1831,meta,,4096,32,39,False
ep0,14,1831,1831,meta,,4096,0,7,False
ep0,15,1832,1832,meta,,4096,32,39,False
ep0,16,1832,1832,meta,,4096,0,7,False
ep0,17,1835,1835,meta,,4096,32,39,False
ep0,18,1835,1835,meta,,4096,40,47,False
ep0,19,1835,1835,meta,,4096,32,39,False
ep0,20,1836,1836,meta,,4096,40,47,False
ep0,21,1836,1836,meta,,4096,32,39,False
ep0,22,1836,1836,meta,,4096,0,7,False
ep0,23,1837,1837,meta,,4096,0,7,False
ep0,24,1837,1837,meta,,4096,32,39,False
ep0,25,1838,1838,meta,,4096,40,47,False
ep0,26,1839,1839,meta,,4096,48,55,False
ep0,27,1839,1839,meta,,4096,40,47,False
ep0,28,1839,1839,meta,,4096,48,55,False
ep0,29,1839,1839,meta,,4096,40,47,False
ep0,30,1840,1840,meta,,4096,32,39,False
ep0,31,1840,1840,meta,,4096,40,47,False
ep0,32,1841,1841,meta,,4096,0,7,False
ep0,33,1842,1842,meta,,4096,32,39,False
ep0,34,1842,1842,meta,,4096,48,55,False
ep0,35,1842,1842,meta,,4096,48,55,False
ep0,36,1843,1843,meta,,4096,56,63,False
ep0,37,1843,1843,meta,,4096,56,63,False
ep0,38,1843,1843,meta,,4096,48,55,False
ep0,39,1844,1844,meta,,4096,40,47,False
ep0,40,1844,1844,meta,,4096,48,55,False
ep0,41,1846,1846,meta,,4096,40,47,False
ep0,42,1846,1846,meta,,4096,56,63,False
ep0,43,1846,1846,meta,,4096,64,71,False
ep0,44,1846,1846,meta,,4096,32,39,False
ep0,45,1846,1846,meta,,4096,56,63,False
ep0,46,1847,1847,meta,,4096,64,71,False
ep0,47,1847,1847,meta,,4096,56,63,False
ep0,48,1848,1848,meta,,4096,48,55,False
ep0,49,1848,1848,meta,,4096,56,63,False
ep0,50,1849,1849,meta,,4096,48,55,False
ep0,51,1849,1849,meta,,4096,40,47,False
ep0,52,1850,1850,meta,,4096,64,71,False
ep0,53,1850,1850,meta,,4096,64,71,False
ep0,54,1851,1851,meta,,4096,64,71,False
ep0,55,1851,1851,meta,,4096,56,63,False
ep0,56,1852,1852,meta,,4096,8,15,False
ep0,57,1852,1852,meta,,4096,64,71,False
ep0,58,1853,1853,meta,,4096,8,15,False
ep0,59,1853,1853,meta,,4096,56,63,False
ep0,60,1853,1853,meta,,4096,48,55,False
ep0,61,1855,1855,meta,,4096,64,71,False
ep0,62,1856,1856,meta,,4096,8,15,False
ep0,63,1856,1856,meta,,4096,8,15,False
ep0,64,1856,1856,meta,,4096,8,15,False
ep0,65,1857,1857,meta,,4096,64,71,False
ep0,66,1857,1857,meta,,4096,24,31,False
ep0,67,1857,1857,meta,,4096,56,63,False
ep0,68,1857,1857,meta,,4096,8,15,False
ep0,69,1858,1858,meta,,4096,24,31,False
ep0,70,1861,1861,meta,,4096,24,31,False
ep0,71,1861,1861,meta,,4096,64,71,False
ep0,72,1861,1861,meta,,4096,8,15,False
ep0,73,1861,1861,meta,,4096,24,31,False
ep0,74,1862,1862,forward,19968,4096,120,127,True
ep0,75,1862,1862,forward,19968,4096,120,127,True
ep0,76,1862,1862,meta,,4096,24,31,False
ep0,77,1863,1863,meta,,4096,8,15,False
ep0,78,1863,1863,meta,,4096,24,31,False
ep0,79,1865,1865,forward,19968,4096,120,127,True
ep0,80,1865,1865,forward,19968,4096,120,127,True
ep0,81,1866,1866,forward,19968,4096,120,127,True
ep0,82,1866,1866,meta,,4096,8,15,False
ep0,83,1866,1866,meta,,4096,24,31,False
ep0,84,1867,1867,forward,19968,4096,120,127,True
ep0,85,1868,1868,meta,,4096,24,31,False
ep0,86,1871,1871,forward,19968,4096,120,127,True
ep0,87,1872,1872,forward,19968,4096,120,127,True
ep0,88,1872,1872,meta,,4096,24,31,False
ep0,89,1876,1876,forward,19968,4096,120,127,True
ep0,90,1878,1878,meta,,4096,16,23,False
ep0,91,1878,1878,meta,,4096,16,23,False
ep0,92,1881,1881,meta,,4096,16,23,False
ep0,93,1881,1881,meta,,4096,16,23,False
ep0,94,1881,1881,meta,,4096,16,23,False
ep0,95,1882,1882,forward,24064,4096,128,135,True
ep0,96,1882,1882,forward,24064,4096,128,135,True
ep0,97,1883,1883,meta,,4096,16,23,False
ep0,98,1885,1885,forward,24064,4096,128,135,True
ep0,99,1886,1886,forward,220672,4096,512,519,True
ep0,100,1886,1886,forward,220672,4096,512,519,True
ep0,101,1886,1886,forward,24064,4096,128,135,True
ep0,102,1886,1886,meta,,4096,16,23,False
ep0,103,1886,1886,forward,24064,4096,128,135,True
ep0,104,1887,1887,forward,24064,4096,128,135,True
ep0,105,1888,1888,meta,,4096,16,23,False
ep0,106,1889,1889,forward,220672,4096,512,519,True
ep0,107,1890,1890,forward,2055680,4096,4096,4103,True
ep0,108,1890,1890,forward,2055680,4096,4096,4103,True
ep0,109,1890,1890,forward,220672,4096,512,519,True
ep0,110,1890,1890,forward,24064,4096,128,135,True
ep0,111,1890,1890,forward,220672,4096,512,519,True
ep0,112,1891,1891,forward,220672,4096,512,519,True
ep0,113,1892,1892,forward,24064,4096,128,135,True
ep0,114,1892,1892,meta,,4096,16,23,False
ep0,115,1893,1893,forward,2055680,4096,4096,4103,True
ep0,116,1894,1894,forward,2055680,4096,4096,4103,True
ep0,117,1894,1894,forward,220672,4096,512,519,True
ep0,118,1895,1895,forward,2055680,4096,4096,4103,True
ep0,119,1895,1895,forward,2055680,4096,4096,4103,True
ep0,120,1896,1896,forward,220672,4096,512,519,True
ep0,121,1896,1896,forward,24064,4096,128,135,True
ep0,122,1898,1898,forward,2055680,4096,4096,4103,True
ep0,123,1900,1900,forward,2055680,4096,4096,4103,True
ep0,124,1900,1900,forward,220672,4096,512,519,True
ep0,125,1904,1904,meta,,4096,0,7,False
ep0,126,1904,1904,meta,,4096,0,7,False
ep0,127,1904,1904,forward,2055680,4096,4096,4103,True
ep0,128,1906,1906,meta,,4096,0,7,False
ep0,129,1909,1909,meta,,4096,0,7,False
ep0,130,1909,1909,meta,,4096,0,7,False
ep0,131,1910,1910,meta,,4096,0,7,False
ep0,132,1913,1913,meta,,4096,0,7,False
ep0,133,1914,1914,meta,,4096,0,7,False
ep0,134,1918,1918,meta,,4096,0,7,False
ep0,135,1995,1995,meta,,512,0,0,False
ep0,136,1997,1997,meta,,512,0,0,False
ep0,137,1997,1997,meta,,4096,1,8,False
ep0,138,1998,1998,meta,,512,0,0,False
ep0,139,1999,1999,meta,,4096,1,8,False
ep0,140,1999,1999,meta,,4096,1,8,False
ep0,141,2002,2002,meta,,4096,9,16,False
ep0,142,2002,2002,meta,,512,0,0,False
ep0,143,2003,2003,meta,,512,0,0,False
ep0,144,2004,2004,meta,,4096,9,16,False
ep0,145,2004,2004,meta,,4096,1,8,False
ep0,146,2004,2004,meta,,4096,9,16,False
ep0,147,2005,2005,meta,,4096,1,8,False
ep0,148,2006,2006,meta,,4096,33,40,False
ep0,149,2008,2008,meta,,4096,33,40,False
ep0,150,2009,2009,meta,,4096,9,16,False
ep0,151,2009,2009,meta,,4096,33,40,False
ep0,152,2010,2010,meta,,4096,41,48,False
ep0,153,2010,2010,meta,,4096,9,16,False
ep0,154,2012,2012,meta,,4096,41,48,False
ep0,155,2013,2013,meta,,4096,33,40,False
ep0,156,2014,2014,meta,,4096,49,56,False
ep0,157,2014,2014,meta,,4096,33,40,False
ep0,158,2015,2015,meta,,4096,41,48,False
ep0,159,2016,2016,meta,,4096,49,56,False
ep0,160,2017,2017,meta,,4096,41,48,False
ep0,161,2018,2018,meta,,4096,41,48,False
ep0,162,2019,2019,meta,,4096,57,64,False
ep0,163,2019,2019,meta,,4096,49,56,False
ep0,164,2020,2020,meta,,4096,57,64,False
ep0,165,2021,2021,meta,,4096,49,56,False
ep0,166,2022,2022,meta,,4096,57,64,False
ep0,167,2023,2023,meta,,4096,49,56,False
ep0,168,2025,2025,meta,,4096,57,64,False
ep0,169,2027,2027,meta,,4096,57,64,False
ep0,170,2029,2029,meta,,512,0,0,False
ep0,171,2031,2031,meta,,4096,1,8,False
ep0,172,2036,2036,meta,,4096,9,16,False
ep0,173,2039,2039,meta,,512,0,0,False
ep0,174,2040,2040,meta,,4096,1,8,False
ep0,175,2040,2040,meta,,4096,33,40,False
ep0,176,2042,2042,meta,,512,0,0,False
ep0,177,2042,2042,meta,,512,0,0,False
ep0,178,2043,2043,meta,,4096,1,8,False
ep0,179,2044,2044,meta,,4096,1,8,False
ep0,180,2044,2044,meta,,4096,41,48,False
ep0,181,2045,2045,meta,,4096,9,16,False
ep0,182,2048,2048,meta,,4096,9,16,False
ep0,183,2048,2048,meta,,4096,49,56,False
ep0,184,2049,2049,meta,,4096,9,16,False
ep0,185,2050,2050,meta,,4096,33,40,False
ep0,186,2052,2052,meta,,4096,57,64,False
ep0,187,2053,2053,meta,,4096,33,40,False
ep0,188,2053,2053,meta,,4096,33,40,False
ep0,189,2053,2053,meta,,4096,41,48,False
ep0,190,2057,2057,meta,,4096,41,48,False
ep0,191,2057,2057,meta,,4096,41,48,False
ep0,192,2057,2057,meta,,4096,49,56,False
ep0,193,2061,2061,meta,,4096,49,56,False
ep0,194,2061,2061,meta,,4096,49,56,False
ep0,195,2061,2061,meta,,4096,57,64,False
ep0,196,2062,2062,meta,,512,1,1,False
ep0,197,2063,2063,meta,,512,1,1,False
ep0,198,2063,2063,meta,,512,2,2,False
ep0,199,2064,2064,meta,,512,1,1,False
ep0,200,2064,2064,meta,,2560,3,7,False
ep0,201,2064,2064,meta,,4096,57,64,False
ep0,202,2065,2065,meta,,512,2,2,False
ep0,203,2065,2065,meta,,512,2,2,False
ep0,204,2065,2065,meta,,4096,57,64,False
ep0,205,2066,2066,meta,,2560,3,7,False
ep0,206,2066,2066,meta,,2560,3,7,False
ep0,207,2068,2068,meta,,4096,32,39,False
ep0,208,2069,2069,meta,,512,1,1,False
ep0,209,2069,2069,meta,,512,2,2,False
ep0,210,2070,2070,meta,,4096,32,39,False
ep0,211,2071,2071,meta,,4096,40,47,False
ep0,212,2071,2071,meta,,2560,3,7,False
ep0,213,2073,2073,meta,,4096,40,47,False
ep0,214,2074,2074,meta,,4096,32,39,False
ep0,215,2074,2074,meta,,4096,32,39,False
ep0,216,2075,2075,meta,,512,1,1,False
ep0,217,2075,2075,meta,,4096,48,55,False
ep0,218,2076,2076,meta,,512,2,2,False
ep0,219,2077,2077,meta,,4096,48,55,False
ep0,220,2077,2077,meta,,2560,3,7,False
ep0,221,2078,2078,meta,,4096,40,47,False
ep0,222,2078,2078,meta,,4096,40,47,False
ep0,223,2079,2079,meta,,4096,56,63,False
ep0,224,2081,2081,meta,,4096,56,63,False
ep0,225,2081,2081,meta,,4096,32,39,False
ep0,226,2081,2081,meta,,4096,48,55,False
ep0,227,2082,2082,meta,,4096,48,55,False
ep0,228,2083,2083,meta,,4096,64,71,False
ep0,229,2084,2084,meta,,4096,40,47,False
ep0,230,2085,2085,meta,,4096,64,71,False
ep0,231,2085,2085,meta,,4096,56,63,False
ep0,232,2085,2085,meta,,4096,56,63,False
ep0,233,2088,2088,meta,,4096,48,55,False
ep0,234,2088,2088,meta,,4096,8,15,False
ep0,235,2089,2089,meta,,4096,64,71,False
ep0,236,2089,2089,meta,,4096,64,71,False
ep0,237,2091,2091,meta,,4096,8,15,False
ep0,238,2092,2092,meta,,4096,56,63,False
ep0,239,2094,2094,meta,,4096,24,31,False
ep0,240,2095,2095,meta,,4096,64,71,False
ep0,241,2096,2096,meta,,4096,24,31,False
ep0,242,2096,2096,meta,,4096,8,15,False
ep0,243,2096,2096,meta,,4096,8,15,False
ep0,244,2098,2098,forward,19968,4096,120,127,True
ep0,245,2101,2101,forward,19968,4096,120,127,True
ep0,246,2101,2101,meta,,4096,8,15,False
ep0,247,2101,2101,meta,,4096,24,31,False
ep0,248,2102,2102,meta,,4096,24,31,False
ep0,249,2103,2103,meta,,512,1,1,False
ep0,250,2104,2104,meta,,4096,16,23,False
ep0,251,2105,2105,meta,,512,1,1,False
ep0,252,2105,2105,meta,,512,2,2,False
ep0,253,2105,2105,meta,,512,1,1,False
ep0,254,2106,2106,meta,,4096,16,23,False
ep0,255,2106,2106,meta,,512,2,2,False
ep0,256,2106,2106,meta,,2560,3,7,False
ep0,257,2106,2106,meta,,512,2,2,False
ep0,258,2107,2107,meta,,4096,24,31,False
ep0,259,2107,2107,meta,,2560,3,7,False
ep0,260,2107,2107,forward,19968,4096,120,127,True
ep0,261,2107,2107,meta,,2560,3,7,False
ep0,262,2108,2108,forward,19968,8192,120,135,True
ep0,263,2110,2110,forward,24064,4096,128,135,True
ep0,264,2110,2110,meta,,4096,32,39,False
ep0,265,2110,2110,meta,,4096,32,39,False
ep0,266,2111,2111,forward,19968,4096,120,127,True
ep0,267,2111,2111,meta,,4096,32,39,False
ep0,268,2112,2112,forward,220672,4096,512,519,True
ep0,269,2112,2112,meta,,4096,16,23,False
ep0,270,2113,2113,meta,,512,1,1,False
ep0,271,2113,2113,meta,,4096,40,47,False
ep0,272,2114,2114,forward,220672,4096,512,519,True
ep0,273,2114,2114,meta,,4096,16,23,False
ep0,274,2114,2114,meta,,4096,40,47,False
ep0,275,2115,2115,meta,,512,2,2,False
ep0,276,2115,2115,meta,,512,3,3,False
ep0,277,2115,2115,meta,,4096,40,47,False
ep0,278,2116,2116,forward,24064,4096,128,135,True
ep0,279,2117,2117,meta,,2048,4,7,False
ep0,280,2117,2117,meta,,4096,48,55,False
ep0,281,2117,2117,meta,,4096,48,55,False
ep0,282,2118,2118,meta,,4096,16,23,False
ep0,283,2118,2118,meta,,4096,48,55,False
ep0,284,2119,2119,forward,24064,4096,128,135,True
ep0,285,2119,2119,meta,,4096,32,39,False
ep0,286,2120,2120,forward,220672,4096,512,519,True
ep0,287,2120,2120,meta,,4096,56,63,False
ep0,288,2121,2121,meta,,4096,56,63,False
ep0,289,2122,2122,forward,24064,4096,128,135,True
ep0,290,2122,2122,meta,,4096,56,63,False
ep0,291,2123,2123,forward,220672,4096,512,519,True
ep0,292,2123,2123,meta,,4096,40,47,False
ep0,293,2124,2124,meta,,4096,64,71,False
ep0,294,2125,2125,meta,,4096,64,71,False
ep0,295,2126,2126,meta,,4096,48,55,False
ep0,296,2126,2126,meta,,4096,64,71,False
ep0,297,2127,2127,forward,220672,4096,512,519,True
ep0,298,2128,2128,forward,2055680,4096,4096,4103,True
ep0,299,2129,2129,forward,2055680,4096,4096,4103,True
ep0,300,2130,2130,meta,,4096,56,63,False
ep0,301,2130,2130,meta,,4096,8,15,False
ep0,302,2130,2130,meta,,4096,8,15,False
ep0,303,2132,2132,meta,,4096,8,15,False
ep0,304,2134,2134,meta,,4096,64,71,False
ep0,305,2135,2135,forward,2055680,4096,4096,4103,True
ep0,306,2135,2135,meta,,4096,24,31,False
ep0,307,2136,2136,meta,,4096,24,31,False
ep0,308,2139,2139,meta,,4096,24,31,False
ep0,309,2140,2140,meta,,4096,8,15,False
ep0,310,2140,2140,forward,19968,4096,120,127,True
ep0,311,2140,2140,forward,19968,4096,120,127,True
ep0,312,2142,2142,forward,2055680,4096,4096,4103,True
ep0,313,2143,2143,forward,19968,4096,120,127,True
ep0,314,2145,2145,forward,2055680,4096,4096,4103,True
ep0,315,2145,2145,meta,,4096,16,23,False
ep0,316,2146,2146,meta,,4096,24,31,False
ep0,317,2146,2146,meta,,4096,16,23,False
ep0,318,2148,2148,meta,,4096,16,23,False
ep0,319,2150,2151,backward,19968,8192,120,135,True
ep0,320,2151,2151,forward,24064,4096,128,135,True
ep0,321,2153,2153,forward,24064,4096,128,135,True
ep0,322,2154,2154,forward,220672,4096,512,519,True
ep0,323,2155,2155,forward,220672,4096,512,519,True
ep0,324,2156,2156,meta,,4096,16,23,False
ep0,325,2157,2157,forward,220672,4096,512,519,True
ep0,326,2160,2160,forward,24064,4096,128,135,True
ep0,327,2164,2164,forward,220672,4096,512,519,True
ep0,328,2169,2169,forward,2055680,4096,4096,4103,True
ep0,329,2170,2170,forward,2055680,4096,4096,4103,True
ep0,330,2172,2172,forward,2055680,4096,4096,4103,True
ep0,331,2179,2179,forward,2055680,4096,4096,4103,True
ep0,332,2207,2207,meta,,4096,65,72,False
ep0,333,2211,2211,meta,,4096,65,72,False
ep0,334,2213,2213,meta,,4096,73,80,False
ep0,335,2216,2216,meta,,4096,73,80,False
ep0,336,2217,2217,meta,,4096,65,72,False
ep0,337,2223,2223,meta,,4096,73,80,False
ep0,338,2249,2276,forward,0,32768,81,144,True
ep0,339,2279,2279,forward,0,4096,81,88,True
ep0,340,2280,2280,forward,32768,4096,145,152,True
ep0,341,2283,2283,forward,4096,4096,89,96,True
ep0,342,2284,2284,forward,36864,4096,153,160,True
ep0,343,2287,2287,forward,8192,4096,97,104,True
ep0,344,2288,2288,forward,40960,4096,161,168,True
ep0,345,2291,2291,forward,12288,4096,105,112,True
ep0,346,2292,2292,forward,45056,4096,169,176,True
ep0,347,2295,2295,forward,16384,4096,113,120,True
ep0,348,2296,2296,forward,49152,4096,177,184,True
ep0,349,2300,2300,forward,20480,4096,121,128,True
ep0,350,2300,2300,meta,,4096,65,72,False
ep0,351,2300,2303,forward,53248,8192,185,200,True
ep0,352,2304,2304,forward,24576,4096,129,136,True
ep0,353,2305,2305,meta,,4096,65,72,False
ep0,354,2307,2307,forward,61440,4096,201,208,True
ep0,355,2308,2308,forward,28672,4096,137,144,True
ep0,356,2311,2311,forward,65536,4096,209,216,True
ep0,357,2312,2312,forward,32768,4096,145,152,True
ep0,358,2315,2315,forward,69632,4096,217,224,True
ep0,359,2316,2316,forward,0,4096,81,88,True
ep0,360,2316,2316,forward,36864,4096,153,160,True
ep0,361,2319,2319,forward,73728,4096,225,232,True
ep0,362,2320,2320,forward,0,4096,81,88,True
ep0,363,2320,2320,forward,40960,4096,161,168,True
ep0,364,2322,2322,forward,77824,4096,233,240,True
ep0,365,2324,2324,forward,45056,4096,169,176,True
ep0,366,2326,2326,forward,81920,4096,241,248,True
ep0,367,2328,2328,meta,,4096,65,72,False
ep0,368,2328,2328,forward,49152,4096,177,184,True
ep0,369,2330,2330,meta,,4096,73,80,False
ep0,370,2330,2330,forward,86016,4096,249,256,True
ep0,371,2331,2331,forward,4096,4096,89,96,True
ep0,372,2332,2332,forward,53248,4096,185,192,True
ep0,373,2334,2334,forward,90112,4096,257,264,True
ep0,374,2335,2335,backward,4096,8192,89,104,True
ep0,375,2336,2336,meta,,4096,65,72,False
ep0,376,2336,2336,forward,57344,4096,193,200,True
ep0,377,2338,2338,forward,8192,4096,97,104,True
ep0,378,2338,2338,forward,94208,4096,265,272,True
ep0,379,2339,2339,forward,12288,4096,105,112,True
ep0,380,2340,2340,forward,61440,4096,201,208,True
ep0,381,2342,2342,forward,12288,4096,105,112,True
ep0,382,2342,2342,forward,98304,4096,273,280,True
ep0,383,2343,2343,forward,16384,4096,113,120,True
ep0,384,2343,2343,forward,65536,4096,209,216,True
ep0,385,2344,2344,meta,,4096,73,80,False
ep0,386,2345,2345,forward,102400,4096,281,288,True
ep0,387,2346,2347,forward,16384,8192,113,128,True
ep0,388,2347,2347,forward,69632,4096,217,224,True
ep0,389,2349,2349,meta,,4096,73,80,False
ep0,390,2349,2349,forward,106496,4096,289,296,True
ep0,391,2350,2350,meta,,4096,65,72,False
ep0,392,2350,2351,forward,20480,8192,121,136,True
ep0,393,2351,2351,forward,73728,4096,225,232,True
ep0,394,2353,2353,forward,110592,4096,297,304,True
ep0,395,2354,2355,forward,24576,8192,129,144,True
ep0,396,2355,2355,forward,77824,4096,233,240,True
ep0,397,2357,2357,forward,114688,4096,305,312,True
ep0,398,2358,2359,forward,28672,8192,137,152,True
ep0,399,2359,2359,forward,81920,4096,241,248,True
ep0,400,2362,2362,forward,32768,4096,145,152,True
ep0,401,2362,2362,forward,118784,4096,313,320,True
ep0,402,2363,2363,forward,36864,4096,153,160,True
ep0,403,2363,2363,forward,86016,4096,249,256,True
ep0,404,2364,2364,meta,,4096,73,80,False
ep0,405,2366,2366,forward,36864,4096,153,160,True
ep0,406,2366,2366,forward,122880,4096,321,328,True
ep0,407,2367,2367,forward,40960,4096,161,168,True
ep0,408,2367,2367,forward,90112,4096,257,264,True
ep0,409,2370,2370,forward,40960,4096,161,168,True
ep0,410,2370,2370,forward,126976,4096,329,336,True
ep0,411,2371,2371,forward,45056,4096,169,176,True
ep0,412,2371,2371,forward,94208,4096,265,272,True
ep0,413,2373,2373,meta,,4096,17489,17496,False
ep0,414,2374,2374,forward,45056,4096,169,176,True
ep0,415,2374,2374,forward,98304,4096,273,280,True
ep0,416,2374,2374,forward,131072,4096,337,344,True
ep0,417,2375,2375,forward,49152,4096,177,184,True
ep0,418,2378,2378,forward,49152,4096,177,184,True
ep0,419,2378,2378,forward,102400,4096,281,288,True
ep0,420,2378,2378,forward,135168,4096,345,352,True
ep0,421,2379,2379,forward,53248,4096,185,192,True
ep0,422,2382,2382,meta,,4096,17489,17496,False
ep0,423,2382,2382,forward,53248,4096,185,192,True
ep0,424,2382,2382,forward,106496,4096,289,296,True
ep0,425,2382,2382,forward,139264,4096,353,360,True
ep0,426,2383,2383,forward,57344,4096,193,200,True
ep0,427,2386,2386,forward,57344,4096,193,200,True
ep0,428,2386,2386,forward,110592,4096,297,304,True
ep0,429,2386,2386,forward,143360,4096,361,368,True
ep0,430,2387,2387,forward,61440,4096,201,208,True
ep0,431,2388,2388,meta,,4096,17497,17504,False
ep0,432,2389,2389,forward,147456,4096,369,376,True
ep0,433,2390,2390,forward,61440,4096,201,208,True
ep0,434,2390,2390,forward,114688,4096,305,312,True
ep0,435,2391,2391,forward,65536,4096,209,216,True
ep0,436,2392,2392,meta,,4096,17505,17512,False
ep0,437,2393,2393,forward,151552,4096,377,384,True
ep0,438,2394,2394,forward,118784,4096,313,320,True
ep0,439,2395,2395,backward,65536,8192,209,224,True
ep0,440,2395,2395,meta,,4096,17513,17520,False
ep0,441,2396,2396,meta,,4096,17497,17504,False
ep0,442,2397,2397,forward,155648,4096,385,392,True
ep0,443,2399,2399,backward,69632,8192,217,232,True
ep0,444,2399,2399,forward,122880,4096,321,328,True
ep0,445,2399,2399,meta,,4096,17521,17528,False
ep0,446,2400,2400,meta,,4096,17505,17512,False
ep0,447,2401,2401,forward,159744,4096,393,400,True
ep0,448,2402,2402,forward,77824,4096,233,240,True
ep0,449,2403,2403,meta,,4096,17513,17520,False
ep0,450,2403,2403,forward,73728,4096,225,232,True
ep0,451,2403,2403,forward,126976,4096,329,336,True
ep0,452,2403,2403,meta,,4096,17529,17536,False
ep0,453,2404,2404,forward,0,4096,81,88,True
ep0,454,2404,2404,meta,,4096,17489,17496,False
ep0,455,2405,2405,forward,163840,4096,401,408,True
ep0,456,2406,2406,backward,77824,8192,233,248,True
ep0,457,2407,2407,meta,,4096,17521,17528,False
ep0,458,2407,2407,forward,131072,4096,337,344,True
ep0,459,2407,2407,meta,,4096,17537,17544,False
ep0,460,2409,2409,forward,4096,4096,89,96,True
ep0,461,2409,2409,forward,167936,4096,409,416,True
ep0,462,2410,2410,backward,81920,8192,241,256,True
ep0,463,2411,2411,meta,,4096,17529,17536,False
ep0,464,2411,2411,forward,135168,4096,345,352,True
ep0,465,2411,2411,meta,,4096,17545,17552,False
ep0,466,2412,2412,forward,8192,4096,97,104,True
ep0,467,2413,2413,forward,172032,4096,417,424,True
ep0,468,2414,2414,forward,90112,4096,257,264,True
ep0,469,2414,2414,meta,,4096,17537,17544,False
ep0,470,2414,2414,forward,86016,4096,249,256,True
ep0,471,2414,2414,meta,,4096,17553,17560,False
ep0,472,2415,2415,forward,139264,4096,353,360,True
ep0,473,2416,2416,forward,12288,4096,105,112,True
ep0,474,2417,2417,forward,176128,4096,425,432,True
ep0,475,2418,2418,forward,94208,4096,265,272,True
ep0,476,2418,2418,meta,,4096,17545,17552,False
ep0,477,2418,2418,meta,,4096,17561,17568,False
ep0,478,2419,2419,meta,,4096,65,72,False
ep0,479,2419,2419,forward,90112,4096,257,264,True
ep0,480,2419,2419,meta,,4096,17497,17504,False
ep0,481,2419,2419,forward,143360,4096,361,368,True
ep0,482,2420,2420,forward,16384,4096,113,120,True
ep0,483,2421,2421,forward,180224,4096,433,440,True
ep0,484,2422,2422,forward,98304,4096,273,280,True
ep0,485,2422,2422,meta,,4096,17553,17560,False
ep0,486,2422,2422,meta,,4096,17505,17512,False
ep0,487,2422,2422,meta,,4096,17569,17576,False
ep0,488,2423,2423,forward,94208,4096,265,272,True
ep0,489,2424,2424,forward,20480,4096,121,128,True
ep0,490,2424,2424,forward,147456,4096,369,376,True
ep0,491,2425,2425,meta,,4096,17561,17568,False
ep0,492,2425,2425,forward,184320,4096,441,448,True
ep0,493,2426,2426,forward,102400,4096,281,288,True
ep0,494,2426,2426,meta,,4096,17513,17520,False
ep0,495,2426,2426,meta,,4096,17577,17584,False
ep0,496,2427,2427,forward,98304,4096,273,280,True
ep0,497,2428,2428,forward,24576,4096,129,136,True
ep0,498,2428,2428,forward,151552,4096,377,384,True
ep0,499,2429,2429,forward,106496,4096,289,296,True
ep0,500,2429,2429,meta,,4096,17569,17576,False
ep0,501,2429,2429,meta,,4096,17521,17528,False
ep0,502,2429,2429,meta,,4096,17585,17592,False
ep0,503,2429,2429,forward,188416,4096,449,456,True
ep0,504,2431,2431,forward,28672,4096,137,144,True
ep0,505,2431,2431,forward,102400,4096,281,288,True
ep0,506,2432,2432,forward,155648,4096,385,392,True
ep0,507,2433,2433,forward,110592,4096,297,304,True
ep0,508,2433,2433,meta,,4096,17577,17584,False
ep0,509,2433,2433,meta,,4096,17529,17536,False
ep0,510,2433,2433,meta,,4096,17593,17600,False
ep0,511,2433,2433,forward,192512,4096,457,464,True
ep0,512,2435,2435,forward,32768,4096,145,152,True
ep0,513,2435,2435,forward,106496,4096,289,296,True
ep0,514,2436,2436,meta,,4096,73,80,False
ep0,515,2436,2436,meta,,4096,17585,17592,False
ep0,516,2436,2436,forward,159744,4096,393,400,True
ep0,517,2437,2437,forward,114688,4096,305,312,True
ep0,518,2437,2437,meta,,4096,17537,17544,False
ep0,519,2437,2437,meta,,4096,17601,17608,False
ep0,520,2437,2437,forward,196608,4096,465,472,True
ep0,521,2439,2439,forward,36864,4096,153,160,True
ep0,522,2439,2439,forward,110592,4096,297,304,True
ep0,523,2439,2439,forward,163840,4096,401,408,True
ep0,524,2440,2440,meta,,4096,17593,17600,False
ep0,525,2440,2440,meta,,4096,17545,17552,False
ep0,526,2441,2441,forward,118784,4096,313,320,True
ep0,527,2441,2441,meta,,4096,17489,17496,False
ep0,528,2441,2441,meta,,4096,17609,17616,False
ep0,529,2441,2441,forward,200704,4096,473,480,True
ep0,530,2443,2443,forward,40960,4096,161,168,True
ep0,531,2443,2443,forward,114688,4096,305,312,True
ep0,532,2443,2443,forward,167936,4096,409,416,True
ep0,533,2444,2444,meta,,4096,17601,17608,False
ep0,534,2444,2444,meta,,4096,17553,17560,False
ep0,535,2445,2445,meta,,4096,17617,17624,False
ep0,536,2445,2445,forward,204800,4096,481,488,True
ep0,537,2446,2446,forward,122880,4096,321,328,True
ep0,538,2447,2447,forward,45056,4096,169,176,True
ep0,539,2447,2447,meta,,4096,17609,17616,False
ep0,540,2447,2447,forward,118784,4096,313,320,True
ep0,541,2447,2447,forward,172032,4096,417,424,True
ep0,542,2448,2448,meta,,4096,17561,17568,False
ep0,543,2449,2449,meta,,4096,17625,17632,False
ep0,544,2449,2449,forward,208896,4096,489,496,True
ep0,545,2450,2450,forward,126976,4096,329,336,True
ep0,546,2451,2451,forward,49152,4096,177,184,True
ep0,547,2451,2451,meta,,4096,17617,17624,False
ep0,548,2451,2451,forward,176128,4096,425,432,True
ep0,549,2452,2452,forward,122880,4096,321,328,True
ep0,550,2452,2452,meta,,4096,17569,17576,False
ep0,551,2453,2453,forward,131072,4096,337,344,True
ep0,552,2453,2453,meta,,4096,17633,17640,False
ep0,553,2453,2453,forward,212992,4096,497,504,True
ep0,554,2454,2454,forward,53248,4096,185,192,True
ep0,555,2455,2455,meta,,4096,17625,17632,False
ep0,556,2455,2455,meta,,4096,17577,17584,False
ep0,557,2455,2455,forward,180224,4096,433,440,True
ep0,558,2456,2456,meta,,4096,17497,17504,False
ep0,559,2456,2456,forward,126976,4096,329,336,True
ep0,560,2456,2456,meta,,4096,17641,17648,False
ep0,561,2457,2457,forward,135168,4096,345,352,True
ep0,562,2457,2457,forward,217088,4096,505,512,True
ep0,563,2458,2458,forward,57344,4096,193,200,True
ep0,564,2458,2458,meta,,4096,17633,17640,False
ep0,565,2459,2459,meta,,4096,17585,17592,False
ep0,566,2459,2459,forward,184320,4096,441,448,True
ep0,567,2460,2460,meta,,4096,17505,17512,False
ep0,568,2460,2460,forward,131072,4096,337,344,True
ep0,569,2460,2460,meta,,4096,17649,17656,False
ep0,570,2461,2461,forward,139264,4096,353,360,True
ep0,571,2461,2461,forward,221184,4096,513,520,True
ep0,572,2462,2462,forward,61440,4096,201,208,True
ep0,573,2462,2462,meta,,4096,17641,17648,False
ep0,574,2462,2462,forward,188416,4096,449,456,True
ep0,575,2463,2463,meta,,4096,17593,17600,False
ep0,576,2464,2464,meta,,4096,17513,17520,False
ep0,577,2464,2464,forward,135168,4096,345,352,True
ep0,578,2464,2464,meta,,4096,17657,17664,False
ep0,579,2465,2465,forward,225280,4096,521,528,True
ep0,580,2466,2466,forward,143360,4096,361,368,True
ep0,581,2466,2466,forward,65536,4096,209,216,True
ep0,582,2466,2466,meta,,4096,17649,17656,False
ep0,583,2466,2466,meta,,4096,17601,17608,False
ep0,584,2466,2466,forward,192512,4096,457,464,True
ep0,585,2467,2467,forward,139264,4096,353,360,True
ep0,586,2468,2468,meta,,4096,17521,17528,False
ep0,587,2468,2468,meta,,4096,17665,17672,False
ep0,588,2469,2469,meta,,4096,17657,17664,False
ep0,589,2469,2469,forward,229376,4096,529,536,True
ep0,590,2470,2470,forward,147456,4096,369,376,True
ep0,591,2470,2470,forward,69632,4096,217,224,True
ep0,592,2470,2470,meta,,4096,17609,17616,False
ep0,593,2470,2470,forward,196608,4096,465,472,True
ep0,594,2471,2471,meta,,4096,17529,17536,False
ep0,595,2471,2471,forward,143360,4096,361,368,True
ep0,596,2472,2472,meta,,4096,17673,17680,False
ep0,597,2472,2472,forward,233472,4096,537,544,True
ep0,598,2473,2473,forward,73728,4096,225,232,True
ep0,599,2473,2473,meta,,4096,17665,17672,False
ep0,600,2474,2474,forward,151552,4096,377,384,True
ep0,601,2474,2474,meta,,4096,17617,17624,False
ep0,602,2474,2474,forward,200704,4096,473,480,True
ep0,603,2475,2475,meta,,4096,17537,17544,False
ep0,604,2475,2475,forward,147456,4096,369,376,True
ep0,605,2476,2476,meta,,4096,17681,17688,False
ep0,606,2476,2476,forward,237568,4096,545,552,True
ep0,607,2477,2477,forward,77824,4096,233,240,True
ep0,608,2477,2477,meta,,4096,17673,17680,False
ep0,609,2477,2477,meta,,4096,17625,17632,False
ep0,610,2478,2478,forward,155648,4096,385,392,True
ep0,611,2478,2478,forward,204800,4096,481,488,True
ep0,612,2479,2479,meta,,4096,17545,17552,False
ep0,613,2480,2480,meta,,4096,17681,17688,False
ep0,614,2480,2480,forward,151552,4096,377,384,True
ep0,615,2480,2480,meta,,4096,17689,17696,False
ep0,616,2480,2480,forward,241664,4096,553,560,True
ep0,617,2481,2481,forward,81920,4096,241,248,True
ep0,618,2481,2481,meta,,4096,17633,17640,False
ep0,619,2481,2481,forward,208896,4096,489,496,True
ep0,620,2482,2482,forward,159744,4096,393,400,True
ep0,621,2483,2483,meta,,4096,17553,17560,False
ep0,622,2483,2483,meta,,4096,17697,17704,False
ep0,623,2484,2484,meta,,4096,17689,17696,False
ep0,624,2484,2484,forward,155648,4096,385,392,True
ep0,625,2484,2484,forward,245760,4096,561,568,True
ep0,626,2485,2485,forward,163840,4096,401,408,True
ep0,627,2485,2485,forward,86016,4096,249,256,True
ep0,628,2485,2485,meta,,4096,17641,17648,False
ep0,629,2485,2485,forward,212992,4096,497,504,True
ep0,630,2487,2487,meta,,4096,17561,17568,False
ep0,631,2487,2487,meta,,4096,17705,17712,False
ep0,632,2488,2488,meta,,4096,17697,17704,False
ep0,633,2488,2488,forward,159744,4096,393,400,True
ep0,634,2488,2488,forward,249856,4096,569,576,True
ep0,635,2489,2489,forward,167936,4096,409,416,True
ep0,636,2489,2489,forward,90112,4096,257,264,True
ep0,637,2489,2489,meta,,4096,17649,17656,False
ep0,638,2489,2489,forward,217088,4096,505,512,True
ep0,639,2491,2491,meta,,4096,17569,17576,False
ep0,640,2491,2491,meta,,4096,17713,17720,False
ep0,641,2492,2492,meta,,4096,17705,17712,False
ep0,642,2492,2492,forward,163840,4096,401,408,True
ep0,643,2492,2492,forward,253952,4096,577,584,True
ep0,644,2493,2493,forward,172032,4096,417,424,True
ep0,645,2493,2493,forward,94208,4096,265,272,True
ep0,646,2493,2493,meta,,4096,17657,17664,False
ep0,647,2493,2493,forward,221184,4096,513,520,True
ep0,648,2495,2495,meta,,4096,17577,17584,False
ep0,649,2495,2495,meta,,4096,17721,17728,False
ep0,650,2495,2495,forward,258048,4096,585,592,True
ep0,651,2496,2496,forward,98304,4096,273,280,True
ep0,652,2496,2496,meta,,4096,17713,17720,False
ep0,653,2496,2496,forward,167936,4096,409,416,True
ep0,654,2496,2496,meta,,4096,17665,17672,False
ep0,655,2497,2497,forward,176128,4096,425,432,True
ep0,656,2497,2497,forward,225280,4096,521,528,True
ep0,657,2499,2499,meta,,4096,17585,17592,False
ep0,658,2499,2499,meta,,4096,17721,17728,False
ep0,659,2499,2499,meta,,4096,17729,17736,False
ep0,660,2500,2500,forward,102400,4096,281,288,True
ep0,661,2500,2500,forward,172032,4096,417,424,True
ep0,662,2500,2500,meta,,4096,17673,17680,False
ep0,663,2500,2500,forward,229376,4096,529,536,True
ep0,664,2500,2500,forward,8384512,4096,16457,16464,True
ep0,665,2501,2501,forward,180224,4096,433,440,True
ep0,666,2503,2503,meta,,4096,17593,17600,False
ep0,667,2503,2503,meta,,4096,17737,17744,False
ep0,668,2504,2504,meta,,4096,17729,17736,False
ep0,669,2504,2504,forward,176128,4096,425,432,True
ep0,670,2504,2504,meta,,4096,17681,17688,False
ep0,671,2504,2504,forward,233472,4096,537,544,True
ep0,672,2505,2505,forward,184320,4096,441,448,True
ep0,673,2505,2505,forward,106496,4096,289,296,True
ep0,674,2506,2506,meta,,4096,17745,17752,False
ep0,675,2507,2507,meta,,4096,17601,17608,False
ep0,676,2507,2507,meta,,4096,17737,17744,False
ep0,677,2507,2507,meta,,4096,17745,17752,False
ep0,678,2508,2508,forward,180224,4096,433,440,True
ep0,679,2508,2508,meta,,4096,17689,17696,False
ep0,680,2508,2508,forward,237568,4096,545,552,True
ep0,681,2509,2509,forward,188416,4096,449,456,True
ep0,682,2509,2509,forward,110592,4096,297,304,True
ep0,683,2510,2510,meta,,4096,17753,17760,False
ep0,684,2510,2510,meta,,4096,17609,17616,False
ep0,685,2510,2510,meta,,4096,17753,17760,False
ep0,686,2511,2511,meta,,4096,17745,17752,False
ep0,687,2511,2511,meta,,4096,17697,17704,False
ep0,688,2512,2512,forward,114688,4096,305,312,True
ep0,689,2512,2512,forward,184320,4096,441,448,True
ep0,690,2512,2512,forward,241664,4096,553,560,True
ep0,691,2513,2513,meta,,4096,17761,17768,False
ep0,692,2513,2513,forward,192512,4096,457,464,True
ep0,693,2514,2514,meta,,4096,17617,17624,False
ep0,694,2514,2514,meta,,4096,17761,17768,False
ep0,695,2515,2515,meta,,4096,17753,17760,False
ep0,696,2515,2515,meta,,4096,17705,17712,False
ep0,697,2516,2516,forward,196608,4096,465,472,True
ep0,698,2516,2516,forward,118784,4096,313,320,True
ep0,699,2516,2516,forward,188416,4096,449,456,True
ep0,700,2516,2516,forward,245760,4096,561,568,True
ep0,701,2516,2516,forward,262144,4096,593,600,True
ep0,702,2517,2517,meta,,4096,17769,17776,False
ep0,703,2518,2518,meta,,4096,17625,17632,False
ep0,704,2518,2518,meta,,4096,17769,17776,False
ep0,705,2519,2519,meta,,4096,17761,17768,False
ep0,706,2519,2519,meta,,4096,17713,17720,False
ep0,707,2519,2519,forward,249856,4096,569,576,True
ep0,708,2520,2520,forward,200704,4096,473,480,True
ep0,709,2520,2520,forward,192512,4096,457,464,True
ep0,710,2520,2520,forward,266240,4096,601,608,True
ep0,711,2521,2521,meta,,4096,17777,17784,False
ep0,712,2521,2521,forward,122880,4096,321,328,True
ep0,713,2521,2521,meta,,4096,17777,17784,False
ep0,714,2522,2522,meta,,4096,17633,17640,False
ep0,715,2522,2522,meta,,4096,17721,17728,False
ep0,716,2523,2523,meta,,4096,17769,17776,False
ep0,717,2523,2523,forward,253952,4096,577,584,True
ep0,718,2524,2524,meta,,4096,17785,17792,False
ep0,719,2524,2524,forward,204800,4096,481,488,True
ep0,720,2524,2524,forward,196608,4096,465,472,True
ep0,721,2524,2524,forward,270336,4096,609,616,True
ep0,722,2525,2525,meta,,4096,17641,17648,False
ep0,723,2525,2525,forward,126976,4096,329,336,True
ep0,724,2525,2525,meta,,4096,17785,17792,False
ep0,725,2527,2527,meta,,4096,17777,17784,False
ep0,726,2527,2527,meta,,4096,17729,17736,False
ep0,727,2527,2527,forward,258048,4096,585,592,True
ep0,728,2527,2527,forward,274432,4096,617,624,True
ep0,729,2528,2528,meta,,4096,17793,17800,False
ep0,730,2528,2528,forward,208896,4096,489,496,True
ep0,731,2528,2528,forward,131072,4096,337,344,True
ep0,732,2528,2528,forward,200704,4096,473,480,True
ep0,733,2529,2529,meta,,4096,17649,17656,False
ep0,734,2529,2529,meta,,4096,17793,17800,False
ep0,735,2531,2531,meta,,4096,17785,17792,False
ep0,736,2531,2531,meta,,4096,17737,17744,False
ep0,737,2531,2531,forward,8384512,4096,16457,16464,True
ep0,738,2531,2531,forward,278528,4096,625,632,True
ep0,739,2532,2532,meta,,4096,17801,17808,False
ep0,740,2532,2532,forward,212992,4096,497,504,True
ep0,741,2532,2532,forward,135168,4096,345,352,True
ep0,742,2532,2532,forward,204800,4096,481,488,True
ep0,743,2532,2532,meta,,4096,17801,17808,False
ep0,744,2533,2533,meta,,4096,17657,17664,False
ep0,745,2534,2534,meta,,4096,17793,17800,False
ep0,746,2535,2535,meta,,4096,17809,17816,False
ep0,747,2535,2535,meta,,4096,17745,17752,False
ep0,748,2535,2535,forward,282624,4096,633,640,True
ep0,749,2536,2536,forward,217088,4096,505,512,True
ep0,750,2536,2536,meta,,4096,17665,17672,False
ep0,751,2536,2536,forward,139264,4096,353,360,True
ep0,752,2536,2536,forward,208896,4096,489,496,True
ep0,753,2536,2536,meta,,4096,17809,17816,False
ep0,754,2538,2538,meta,,4096,17801,17808,False
ep0,755,2538,2538,forward,286720,4096,641,648,True
ep0,756,2539,2539,meta,,4096,17817,17824,False
ep0,757,2539,2539,meta,,4096,17753,17760,False
ep0,758,2540,2540,forward,221184,4096,513,520,True
ep0,759,2540,2540,meta,,4096,17673,17680,False
ep0,760,2540,2540,forward,212992,4096,497,504,True
ep0,761,2540,2540,meta,,4096,17817,17824,False
ep0,762,2541,2541,forward,143360,4096,361,368,True
ep0,763,2542,2542,meta,,4096,17809,17816,False
ep0,764,2542,2542,forward,290816,4096,649,656,True
ep0,765,2543,2543,meta,,4096,17825,17832,False
ep0,766,2543,2543,forward,225280,4096,521,528,True
ep0,767,2543,2543,meta,,4096,17761,17768,False
ep0,768,2543,2543,meta,,4096,17825,17832,False
ep0,769,2544,2544,meta,,4096,17681,17688,False
ep0,770,2544,2544,forward,217088,4096,505,512,True
ep0,771,2545,2545,forward,147456,4096,369,376,True
ep0,772,2545,2545,meta,,4096,17817,17824,False
ep0,773,2546,2546,meta,,4096,17833,17840,False
ep0,774,2546,2546,forward,294912,4096,657,664,True
ep0,775,2547,2547,forward,229376,4096,529,536,True
ep0,776,2547,2547,forward,221184,4096,513,520,True
ep0,777,2547,2547,meta,,4096,17769,17776,False
ep0,778,2547,2547,meta,,4096,17833,17840,False
ep0,779,2548,2548,meta,,4096,17689,17696,False
ep0,780,2549,2549,forward,151552,4096,377,384,True
ep0,781,2549,2549,meta,,4096,17825,17832,False
ep0,782,2549,2549,forward,299008,4096,665,672,True
ep0,783,2550,2550,meta,,4096,17841,17848,False
ep0,784,2551,2551,forward,233472,4096,537,544,True
ep0,785,2551,2551,meta,,4096,17697,17704,False
ep0,786,2551,2551,forward,225280,4096,521,528,True
ep0,787,2551,2551,meta,,4096,17777,17784,False
ep0,788,2551,2551,forward,262144,4096,593,600,True
ep0,789,2551,2551,meta,,4096,17841,17848,False
ep0,790,2553,2553,forward,155648,4096,385,392,True
ep0,791,2553,2553,meta,,4096,17833,17840,False
ep0,792,2553,2553,forward,303104,4096,673,680,True
ep0,793,2554,2554,meta,,4096,17849,17856,False
ep0,794,2554,2554,forward,237568,4096,545,552,True
ep0,795,2554,2554,meta,,4096,17785,17792,False
ep0,796,2554,2554,forward,266240,4096,601,608,True
ep0,797,2554,2554,meta,,4096,17849,17856,False
ep0,798,2555,2555,meta,,4096,17705,17712,False
ep0,799,2555,2555,forward,229376,4096,529,536,True
ep0,800,2556,2556,meta,,4096,17841,17848,False
ep0,801,2557,2557,meta,,4096,17857,17864,False
ep0,802,2557,2557,forward,159744,4096,393,400,True
ep0,803,2557,2557,forward,307200,4096,681,688,True
ep0,804,2558,2558,forward,241664,4096,553,560,True
ep0,805,2558,2558,forward,233472,4096,537,544,True
ep0,806,2558,2558,meta,,4096,17793,17800,False
ep0,807,2558,2558,forward,270336,4096,609,616,True
ep0,808,2558,2558,meta,,4096,17857,17864,False
ep0,809,2559,2559,meta,,4096,17713,17720,False
ep0,810,2560,2560,meta,,4096,17849,17856,False
ep0,811,2560,2560,forward,311296,4096,689,696,True
ep0,812,2561,2561,meta,,4096,17865,17872,False
ep0,813,2561,2561,forward,163840,4096,401,408,True
ep0,814,2562,2562,meta,,4096,17721,17728,False
ep0,815,2562,2562,forward,237568,4096,545,552,True
ep0,816,2562,2562,meta,,4096,17801,17808,False
ep0,817,2562,2562,forward,274432,4096,617,624,True
ep0,818,2562,2562,meta,,4096,17865,17872,False
ep0,819,2563,2563,forward,245760,4096,561,568,True
ep0,820,2564,2564,meta,,4096,17857,17864,False
ep0,821,2564,2564,forward,315392,4096,697,704,True
ep0,822,2565,2565,meta,,4096,17873,17880,False
ep0,823,2565,2565,forward,167936,4096,409,416,True
ep0,824,2565,2565,forward,278528,4096,625,632,True
ep0,825,2565,2565,meta,,4096,17873,17880,False
ep0,826,2566,2566,forward,241664,4096,553,560,True
ep0,827,2566,2566,meta,,4096,17809,17816,False
ep0,828,2567,2567,forward,249856,4096,569,576,True
ep0,829,2567,2567,meta,,4096,17729,17736,False
ep0,830,2567,2567,meta,,4096,17865,17872,False
ep0,831,2568,2568,meta,,4096,17881,17888,False
ep0,832,2568,2568,forward,319488,4096,705,712,True
ep0,833,2569,2569,forward,172032,4096,417,424,True
ep0,834,2569,2569,forward,282624,4096,633,640,True
ep0,835,2569,2569,meta,,4096,17881,17888,False
ep0,836,2570,2570,meta,,4096,17737,17744,False
ep0,837,2570,2570,forward,245760,4096,561,568,True
ep0,838,2570,2570,meta,,4096,17817,17824,False
ep0,839,2571,2571,forward,253952,4096,577,584,True
ep0,840,2571,2571,meta,,4096,17873,17880,False
ep0,841,2571,2571,forward,323584,4096,713,720,True
ep0,842,2572,2572,meta,,4096,17889,17896,False
ep0,843,2572,2572,forward,176128,4096,425,432,True
ep0,844,2573,2573,forward,286720,4096,641,648,True
ep0,845,2573,2573,meta,,4096,17889,17896,False
ep0,846,2574,2574,meta,,4096,17745,17752,False
ep0,847,2574,2574,forward,249856,4096,569,576,True
ep0,848,2574,2574,meta,,4096,17825,17832,False
ep0,849,2575,2575,forward,258048,4096,585,592,True
ep0,850,2575,2575,meta,,4096,17881,17888,False
ep0,851,2575,2575,forward,327680,4096,721,728,True
ep0,852,2576,2576,meta,,4096,17897,17904,False
ep0,853,2577,2577,forward,180224,4096,433,440,True
ep0,854,2577,2577,meta,,4096,17833,17840,False
ep0,855,2577,2577,forward,290816,4096,649,656,True
ep0,856,2577,2577,meta,,4096,17897,17904,False
ep0,857,2578,2578,meta,,4096,17753,17760,False
ep0,858,2578,2578,meta,,4096,17889,17896,False
ep0,859,2578,2578,forward,253952,4096,577,584,True
ep0,860,2579,2579,meta,,4096,17905,17912,False
ep0,861,2579,2579,forward,331776,4096,729,736,True
ep0,862,2580,2580,meta,,4096,73,80,False
ep0,863,2580,2580,meta,,4096,17905,17912,False
ep0,864,2581,2581,forward,184320,4096,441,448,True
ep0,865,2581,2581,meta,,4096,17841,17848,False
ep0,866,2581,2581,forward,294912,4096,657,664,True
ep0,867,2582,2582,meta,,4096,17761,17768,False
ep0,868,2582,2582,meta,,4096,17897,17904,False
ep0,869,2582,2582,forward,258048,4096,585,592,True
ep0,870,2582,2582,forward,335872,4096,737,744,True
ep0,871,2583,2583,meta,,4096,17913,17920,False
ep0,872,2584,2584,meta,,4096,17913,17920,False
ep0,873,2585,2585,forward,188416,4096,449,456,True
ep0,874,2585,2585,meta,,4096,17849,17856,False
ep0,875,2585,2585,forward,299008,4096,665,672,True
ep0,876,2586,2586,forward,262144,4096,593,600,True
ep0,877,2586,2586,meta,,4096,17769,17776,False
ep0,878,2586,2586,meta,,4096,17905,17912,False
ep0,879,2586,2586,forward,339968,4096,745,752,True
ep0,880,2587,2587,meta,,4096,17921,17928,False
ep0,881,2588,2588,forward,8384512,4096,16457,16464,True
ep0,882,2588,2588,meta,,4096,17921,17928,False
ep0,883,2589,2589,forward,192512,4096,457,464,True
ep0,884,2589,2589,meta,,4096,17913,17920,False
ep0,885,2589,2589,meta,,4096,17857,17864,False
ep0,886,2589,2589,forward,303104,4096,673,680,True
ep0,887,2590,2590,meta,,4096,17929,17936,False
ep0,888,2590,2590,meta,,4096,17777,17784,False
ep0,889,2590,2590,forward,344064,4096,753,760,True
ep0,890,2591,2591,meta,,4096,17929,17936,False
ep0,891,2593,2593,forward,196608,4096,465,472,True
ep0,892,2593,2593,meta,,4096,17921,17928,False
ep0,893,2593,2593,meta,,4096,17865,17872,False
ep0,894,2593,2593,forward,307200,4096,681,688,True
ep0,895,2593,2593,forward,348160,4096,761,768,True
ep0,896,2594,2594,meta,,4096,17937,17944,False
ep0,897,2594,2594,meta,,4096,17785,17792,False
ep0,898,2595,2595,meta,,4096,17937,17944,False
ep0,899,2596,2596,forward,311296,4096,689,696,True
ep0,900,2597,2597,forward,200704,4096,473,480,True
ep0,901,2597,2597,meta,,4096,17929,17936,False
ep0,902,2597,2597,meta,,4096,17873,17880,False
ep0,903,2597,2597,forward,352256,4096,769,776,True
ep0,904,2598,2598,meta,,4096,17945,17952,False
ep0,905,2598,2598,meta,,4096,17793,17800,False
ep0,906,2599,2599,meta,,4096,17945,17952,False
ep0,907,2600,2600,forward,266240,4096,601,608,True
ep0,908,2600,2600,forward,315392,4096,697,704,True
ep0,909,2601,2601,meta,,4096,17953,17960,False
ep0,910,2601,2601,meta,,4096,17801,17808,False
ep0,911,2601,2601,forward,204800,4096,481,488,True
ep0,912,2601,2601,meta,,4096,17937,17944,False
ep0,913,2601,2601,meta,,4096,17881,17888,False
ep0,914,2601,2601,forward,356352,4096,777,784,True
ep0,915,2603,2603,forward,262144,4096,593,600,True
ep0,916,2603,2603,meta,,4096,17953,17960,False
ep0,917,2604,2604,forward,270336,4096,609,616,True
ep0,918,2604,2604,meta,,4096,17889,17896,False
ep0,919,2604,2604,forward,319488,4096,705,712,True
ep0,920,2605,2605,meta,,4096,17961,17968,False
ep0,921,2605,2605,meta,,4096,17809,17816,False
ep0,922,2605,2605,forward,208896,4096,489,496,True
ep0,923,2605,2605,meta,,4096,17945,17952,False
ep0,924,2605,2605,forward,360448,4096,785,792,True
ep0,925,2606,2606,meta,,4096,17961,17968,False
ep0,926,2607,2607,forward,266240,4096,601,608,True
ep0,927,2608,2608,forward,274432,4096,617,624,True
ep0,928,2608,2608,meta,,4096,17953,17960,False
ep0,929,2608,2608,meta,,4096,17897,17904,False
ep0,930,2608,2608,forward,323584,4096,713,720,True
ep0,931,2609,2609,meta,,4096,17969,17976,False
ep0,932,2609,2609,meta,,4096,17817,17824,False
ep0,933,2609,2609,forward,212992,4096,497,504,True
ep0,934,2609,2609,forward,364544,4096,793,800,True
ep0,935,2611,2611,forward,278528,4096,625,632,True
ep0,936,2611,2611,forward,270336,4096,609,616,True
ep0,937,2611,2611,forward,327680,4096,721,728,True
ep0,938,2611,2611,meta,,4096,17969,17976,False
ep0,939,2612,2612,meta,,4096,17825,17832,False
ep0,940,2612,2612,meta,,4096,17961,17968,False
ep0,941,2612,2612,meta,,4096,17905,17912,False
ep0,942,2613,2613,meta,,4096,17977,17984,False
ep0,943,2613,2613,forward,217088,4096,505,512,True
ep0,944,2613,2613,forward,368640,4096,801,808,True
ep0,945,2614,2614,forward,274432,4096,617,624,True
ep0,946,2614,2614,meta,,4096,17977,17984,False
ep0,947,2615,2615,forward,282624,4096,633,640,True
ep0,948,2615,2615,meta,,4096,17913,17920,False
ep0,949,2615,2615,forward,331776,4096,729,736,True
ep0,950,2616,2616,meta,,4096,17833,17840,False
ep0,951,2616,2616,meta,,4096,17969,17976,False
ep0,952,2616,2616,forward,372736,4096,809,816,True
ep0,953,2617,2617,meta,,4096,17985,17992,False
ep0,954,2617,2617,forward,221184,4096,513,520,True
ep0,955,2618,2618,forward,286720,4096,641,648,True
ep0,956,2618,2618,forward,278528,4096,625,632,True
ep0,957,2618,2618,meta,,4096,17985,17992,False
ep0,958,2619,2619,meta,,4096,17921,17928,False
ep0,959,2619,2619,forward,335872,4096,737,744,True
ep0,960,2620,2620,meta,,4096,17993,18000,False
ep0,961,2620,2620,meta,,4096,17841,17848,False
ep0,962,2620,2620,forward,225280,4096,521,528,True
ep0,963,2620,2620,meta,,4096,17977,17984,False
ep0,964,2620,2620,forward,376832,4096,817,824,True
ep0,965,2622,2622,forward,290816,4096,649,656,True
ep0,966,2622,2622,forward,282624,4096,633,640,True
ep0,967,2622,2622,forward,339968,4096,745,752,True
ep0,968,2622,2622,meta,,4096,17993,18000,False
ep0,969,2623,2623,meta,,4096,17849,17856,False
ep0,970,2623,2623,meta,,4096,17985,17992,False
ep0,971,2623,2623,meta,,4096,17929,17936,False
ep0,972,2624,2624,forward,229376,4096,529,536,True
ep0,973,2624,2624,forward,380928,4096,825,832,True
ep0,974,2625,2625,meta,,4096,18001,18008,False
ep0,975,2625,2625,forward,286720,4096,641,648,True
ep0,976,2626,2626,forward,294912,4096,657,664,True
ep0,977,2626,2626,forward,344064,4096,753,760,True
ep0,978,2626,2626,meta,,4096,18001,18008,False
ep0,979,2627,2627,meta,,4096,17857,17864,False
ep0,980,2627,2627,meta,,4096,17993,18000,False
ep0,981,2627,2627,meta,,4096,17937,17944,False
ep0,982,2628,2628,meta,,4096,18009,18016,False
ep0,983,2628,2628,forward,233472,4096,537,544,True
ep0,984,2628,2628,forward,385024,4096,833,840,True
ep0,985,2629,2629,forward,299008,4096,665,672,True
ep0,986,2629,2629,forward,290816,4096,649,656,True
ep0,987,2630,2630,forward,348160,4096,761,768,True
ep0,988,2630,2630,meta,,4096,18009,18016,False
ep0,989,2631,2631,meta,,4096,17865,17872,False
ep0,990,2631,2631,forward,237568,4096,545,552,True
ep0,991,2631,2631,meta,,4096,18001,18008,False
ep0,992,2631,2631,meta,,4096,17945,17952,False
ep0,993,2632,2632,meta,,4096,18017,18024,False
ep0,994,2632,2632,forward,389120,4096,841,848,True
ep0,995,2633,2633,forward,303104,4096,673,680,True
ep0,996,2633,2633,forward,294912,4096,657,664,True
ep0,997,2633,2633,forward,352256,4096,769,776,True
ep0,998,2633,2633,meta,,4096,18017,18024,False
ep0,999,2634,2634,meta,,4096,17873,17880,False
ep0,1000,2635,2635,forward,241664,4096,553,560,True
ep0,1001,2635,2635,meta,,4096,18009,18016,False
ep0,1002,2635,2635,meta,,4096,17953,17960,False
ep0,1003,2636,2636,meta,,4096,18025,18032,False
ep0,1004,2636,2636,forward,299008,4096,665,672,True
ep0,1005,2636,2636,forward,393216,4096,849,856,True
ep0,1006,2637,2637,forward,307200,4096,681,688,True
ep0,1007,2637,2637,forward,356352,4096,777,784,True
ep0,1008,2637,2637,meta,,4096,18025,18032,False
ep0,1009,2638,2638,meta,,4096,17881,17888,False
ep0,1010,2638,2638,meta,,4096,18017,18024,False
ep0,1011,2638,2638,meta,,4096,17961,17968,False
ep0,1012,2639,2639,forward,245760,4096,561,568,True
ep0,1013,2639,2639,forward,397312,4096,857,864,True
ep0,1014,2640,2640,meta,,4096,18033,18040,False
ep0,1015,2640,2640,forward,311296,4096,689,696,True
ep0,1016,2640,2640,forward,303104,4096,673,680,True
ep0,1017,2641,2641,forward,360448,4096,785,792,True
ep0,1018,2641,2641,meta,,4096,18033,18040,False
ep0,1019,2642,2642,meta,,4096,17889,17896,False
ep0,1020,2642,2642,meta,,4096,18025,18032,False
ep0,1021,2642,2642,meta,,4096,17969,17976,False
ep0,1022,2643,2643,meta,,4096,18041,18048,False
ep0,1023,2643,2643,forward,249856,4096,569,576,True
ep0,1024,2643,2643,forward,401408,4096,865,872,True
ep0,1025,2644,2644,forward,315392,4096,697,704,True
ep0,1026,2644,2644,forward,307200,4096,681,688,True
ep0,1027,2644,2644,forward,364544,4096,793,800,True
ep0,1028,2644,2644,meta,,4096,18041,18048,False
ep0,1029,2645,2645,meta,,4096,17897,17904,False
ep0,1030,2646,2646,forward,253952,4096,577,584,True
ep0,1031,2646,2646,meta,,4096,18033,18040,False
ep0,1032,2646,2646,meta,,4096,17977,17984,False
ep0,1033,2647,2647,meta,,4096,18049,18056,False
ep0,1034,2647,2647,forward,311296,4096,689,696,True
ep0,1035,2647,2647,forward,405504,4096,873,880,True
ep0,1036,2648,2648,forward,319488,4096,705,712,True
ep0,1037,2648,2648,forward,368640,4096,801,808,True
ep0,1038,2648,2648,meta,,4096,18049,18056,False
ep0,1039,2649,2649,meta,,4096,17905,17912,False
ep0,1040,2649,2649,meta,,4096,18041,18048,False
ep0,1041,2650,2650,forward,258048,4096,585,592,True
ep0,1042,2650,2650,meta,,4096,17985,17992,False
ep0,1043,2651,2651,meta,,4096,18057,18064,False
ep0,1044,2651,2651,forward,323584,4096,713,720,True
ep0,1045,2651,2651,forward,315392,4096,697,704,True
ep0,1046,2651,2651,forward,409600,4096,881,888,True
ep0,1047,2652,2652,forward,372736,4096,809,816,True
ep0,1048,2652,2652,meta,,4096,18057,18064,False
ep0,1049,2653,2653,meta,,4096,17913,17920,False
ep0,1050,2653,2653,meta,,4096,18049,18056,False
ep0,1051,2653,2653,meta,,4096,17993,18000,False
ep0,1052,2654,2654,meta,,4096,18065,18072,False
ep0,1053,2654,2654,forward,8384512,4096,16457,16464,True
ep0,1054,2654,2654,forward,413696,4096,889,896,True
ep0,1055,2655,2655,forward,327680,4096,721,728,True
ep0,1056,2655,2655,forward,319488,4096,705,712,True
ep0,1057,2655,2655,forward,376832,4096,817,824,True
ep0,1058,2655,2655,meta,,4096,18065,18072,False
ep0,1059,2657,2657,meta,,4096,17921,17928,False
ep0,1060,2657,2657,meta,,4096,18057,18064,False
ep0,1061,2657,2657,meta,,4096,18001,18008,False
ep0,1062,2658,2658,meta,,4096,18073,18080,False
ep0,1063,2658,2658,forward,323584,4096,713,720,True
ep0,1064,2658,2658,forward,417792,4096,897,904,True
ep0,1065,2659,2659,forward,331776,4096,729,736,True
ep0,1066,2659,2659,forward,380928,4096,825,832,True
ep0,1067,2659,2659,meta,,4096,18073,18080,False
ep0,1068,2660,2660,meta,,4096,17929,17936,False
ep0,1069,2660,2660,meta,,4096,18065,18072,False
ep0,1070,2661,2661,meta,,4096,18009,18016,False
ep0,1071,2662,2662,meta,,4096,18081,18088,False
ep0,1072,2662,2662,forward,327680,4096,721,728,True
ep0,1073,2662,2662,forward,421888,4096,905,912,True
ep0,1074,2663,2663,forward,335872,4096,737,744,True
ep0,1075,2663,2663,forward,385024,4096,833,840,True
ep0,1076,2663,2663,meta,,4096,18081,18088,False
ep0,1077,2664,2664,meta,,4096,17937,17944,False
ep0,1078,2664,2664,meta,,4096,18073,18080,False
ep0,1079,2665,2665,meta,,4096,18089,18096,False
ep0,1080,2665,2665,meta,,4096,18017,18024,False
ep0,1081,2665,2665,forward,425984,4096,913,920,True
ep0,1082,2666,2666,forward,339968,4096,745,752,True
ep0,1083,2666,2666,forward,331776,4096,729,736,True
ep0,1084,2666,2666,meta,,4096,18089,18096,False
ep0,1085,2667,2667,forward,389120,4096,841,848,True
ep0,1086,2668,2668,meta,,4096,17945,17952,False
ep0,1087,2668,2668,meta,,4096,18081,18088,False
ep0,1088,2668,2668,meta,,4096,18025,18032,False
ep0,1089,2669,2669,meta,,4096,18097,18104,False
ep0,1090,2669,2669,forward,335872,4096,737,744,True
ep0,1091,2669,2669,forward,430080,4096,921,928,True
ep0,1092,2670,2670,forward,344064,4096,753,760,True
ep0,1093,2670,2670,forward,393216,4096,849,856,True
ep0,1094,2670,2670,meta,,4096,18097,18104,False
ep0,1095,2671,2671,meta,,4096,17953,17960,False
ep0,1096,2671,2671,meta,,4096,18089,18096,False
ep0,1097,2672,2672,meta,,4096,18033,18040,False
ep0,1098,2673,2673,meta,,4096,18105,18112,False
ep0,1099,2673,2673,forward,348160,4096,761,768,True
ep0,1100,2673,2673,forward,339968,4096,745,752,True
ep0,1101,2673,2673,forward,434176,4096,929,936,True
ep0,1102,2674,2674,forward,397312,4096,857,864,True
ep0,1103,2674,2674,meta,,4096,18105,18112,False
ep0,1104,2675,2675,meta,,4096,17961,17968,False
ep0,1105,2675,2675,meta,,4096,18097,18104,False
ep0,1106,2676,2676,meta,,4096,18113,18120,False
ep0,1107,2676,2676,meta,,4096,18041,18048,False
ep0,1108,2677,2677,forward,352256,4096,769,776,True
ep0,1109,2677,2677,forward,262144,4096,593,600,True
ep0,1110,2677,2677,forward,344064,4096,753,760,True
ep0,1111,2677,2677,meta,,4096,18113,18120,False
ep0,1112,2677,2677,forward,438272,4096,937,944,True
ep0,1113,2678,2678,forward,401408,4096,865,872,True
ep0,1114,2679,2679,meta,,4096,17969,17976,False
ep0,1115,2679,2679,meta,,4096,18105,18112,False
ep0,1116,2679,2679,meta,,4096,18049,18056,False
ep0,1117,2680,2680,meta,,4096,18121,18128,False
ep0,1118,2680,2680,forward,266240,4096,601,608,True
ep0,1119,2681,2681,forward,356352,4096,777,784,True
ep0,1120,2681,2681,forward,348160,4096,761,768,True
ep0,1121,2681,2681,forward,405504,4096,873,880,True
ep0,1122,2681,2681,meta,,4096,18121,18128,False
ep0,1123,2681,2681,forward,442368,4096,945,952,True
ep0,1124,2682,2682,meta,,4096,18113,18120,False
ep0,1125,2683,2683,meta,,4096,17977,17984,False
ep0,1126,2683,2683,meta,,4096,18057,18064,False
ep0,1127,2684,2684,meta,,4096,18129,18136,False
ep0,1128,2684,2684,forward,270336,4096,609,616,True
ep0,1129,2684,2684,forward,352256,4096,769,776,True
ep0,1130,2685,2685,forward,360448,4096,785,792,True
ep0,1131,2685,2685,forward,409600,4096,881,888,True
ep0,1132,2685,2685,meta,,4096,18129,18136,False
ep0,1133,2685,2685,forward,446464,4096,953,960,True
ep0,1134,2686,2686,meta,,4096,17985,17992,False
ep0,1135,2686,2686,meta,,4096,18121,18128,False
ep0,1136,2687,2687,meta,,4096,18137,18144,False
ep0,1137,2687,2687,meta,,4096,18065,18072,False
ep0,1138,2688,2688,forward,364544,4096,793,800,True
ep0,1139,2688,2688,forward,274432,4096,617,624,True
ep0,1140,2688,2688,forward,356352,4096,777,784,True
ep0,1141,2688,2688,meta,,4096,18137,18144,False
ep0,1142,2689,2689,forward,413696,4096,889,896,True
ep0,1143,2689,2689,forward,450560,4096,961,968,True
ep0,1144,2690,2690,meta,,4096,17993,18000,False
ep0,1145,2690,2690,meta,,4096,18129,18136,False
ep0,1146,2691,2691,meta,,4096,18145,18152,False
ep0,1147,2691,2691,forward,278528,4096,625,632,True
ep0,1148,2691,2691,meta,,4096,18073,18080,False
ep0,1149,2692,2692,forward,368640,4096,801,808,True
ep0,1150,2692,2692,forward,360448,4096,785,792,True
ep0,1151,2692,2692,meta,,4096,18145,18152,False
ep0,1152,2693,2693,forward,417792,4096,897,904,True
ep0,1153,2693,2693,forward,454656,4096,969,976,True
ep0,1154,2694,2694,meta,,4096,18001,18008,False
ep0,1155,2694,2694,meta,,4096,18137,18144,False
ep0,1156,2694,2694,meta,,4096,18081,18088,False
ep0,1157,2695,2695,meta,,4096,18153,18160,False
ep0,1158,2695,2695,forward,282624,4096,633,640,True
ep0,1159,2696,2696,forward,372736,4096,809,816,True
ep0,1160,2696,2696,forward,364544,4096,793,800,True
ep0,1161,2696,2696,forward,421888,4096,905,912,True
ep0,1162,2696,2696,meta,,4096,18153,18160,False
ep0,1163,2697,2697,forward,458752,4096,977,984,True
ep0,1164,2698,2698,meta,,4096,18161,18168,False
ep0,1165,2698,2698,meta,,4096,18009,18016,False
ep0,1166,2698,2698,meta,,4096,18145,18152,False
ep0,1167,2698,2698,meta,,4096,18089,18096,False
ep0,1168,2699,2699,forward,376832,4096,817,824,True
ep0,1169,2699,2699,forward,286720,4096,641,648,True
ep0,1170,2699,2699,forward,368640,4096,801,808,True
ep0,1171,2699,2699,meta,,4096,18161,18168,False
ep0,1172,2700,2700,forward,425984,4096,913,920,True
ep0,1173,2700,2700,forward,462848,4096,985,992,True
ep0,1174,2701,2701,meta,,4096,18153,18160,False
ep0,1175,2702,2702,meta,,4096,18169,18176,False
ep0,1176,2702,2702,meta,,4096,18017,18024,False
ep0,1177,2702,2702,forward,290816,4096,649,656,True
ep0,1178,2702,2702,meta,,4096,18097,18104,False
ep0,1179,2703,2703,forward,380928,4096,825,832,True
ep0,1180,2703,2703,forward,372736,4096,809,816,True
ep0,1181,2703,2703,meta,,4096,18169,18176,False
ep0,1182,2704,2704,forward,430080,4096,921,928,True
ep0,1183,2704,2704,forward,466944,4096,993,1000,True
ep0,1184,2705,2705,meta,,4096,18161,18168,False
ep0,1185,2705,2705,meta,,4096,18105,18112,False
ep0,1186,2706,2706,meta,,4096,18177,18184,False
ep0,1187,2706,2706,meta,,4096,18025,18032,False
ep0,1188,2706,2706,forward,294912,4096,657,664,True
ep0,1189,2707,2707,forward,385024,4096,833,840,True
ep0,1190,2707,2707,forward,376832,4096,817,824,True
ep0,1191,2707,2707,meta,,4096,18177,18184,False
ep0,1192,2708,2708,forward,434176,4096,929,936,True
ep0,1193,2708,2708,forward,471040,4096,1001,1008,True
ep0,1194,2709,2709,meta,,4096,18185,18192,False
ep0,1195,2709,2709,meta,,4096,18169,18176,False
ep0,1196,2709,2709,meta,,4096,18113,18120,False
ep0,1197,2710,2710,meta,,4096,18033,18040,False
ep0,1198,2710,2710,forward,299008,4096,665,672,True
ep0,1199,2710,2710,forward,380928,4096,825,832,True
ep0,1200,2711,2711,forward,389120,4096,841,848,True
ep0,1201,2711,2711,forward,438272,4096,937,944,True
ep0,1202,2711,2711,meta,,4096,18185,18192,False
ep0,1203,2712,2712,forward,475136,4096,1009,1016,True
ep0,1204,2713,2713,meta,,4096,18193,18200,False
ep0,1205,2713,2713,meta,,4096,18041,18048,False
ep0,1206,2713,2713,meta,,4096,18177,18184,False
ep0,1207,2713,2713,meta,,4096,18121,18128,False
ep0,1208,2714,2714,forward,303104,4096,673,680,True
ep0,1209,2714,2714,forward,385024,4096,833,840,True
ep0,1210,2715,2715,forward,393216,4096,849,856,True
ep0,1211,2715,2715,forward,442368,4096,945,952,True
ep0,1212,2715,2715,meta,,4096,18193,18200,False
ep0,1213,2716,2716,meta,,4096,18129,18136,False
ep0,1214,2716,2716,forward,479232,4096,1017,1024,True
ep0,1215,2717,2717,meta,,4096,18201,18208,False
ep0,1216,2717,2717,meta,,4096,18049,18056,False
ep0,1217,2717,2717,forward,307200,4096,681,688,True
ep0,1218,2717,2717,meta,,4096,18185,18192,False
ep0,1219,2718,2718,forward,397312,4096,857,864,True
ep0,1220,2718,2718,forward,389120,4096,841,848,True
ep0,1221,2718,2718,meta,,4096,18201,18208,False
ep0,1222,2719,2719,forward,446464,4096,953,960,True
ep0,1223,2719,2719,forward,483328,4096,1025,1032,True
ep0,1224,2720,2720,meta,,4096,18209,18216,False
ep0,1225,2720,2720,meta,,4096,18137,18144,False
ep0,1226,2721,2721,meta,,4096,18057,18064,False
ep0,1227,2721,2721,forward,311296,4096,689,696,True
ep0,1228,2721,2721,meta,,4096,18193,18200,False
ep0,1229,2722,2722,forward,401408,4096,865,872,True
ep0,1230,2722,2722,forward,393216,4096,849,856,True
ep0,1231,2722,2722,forward,450560,4096,961,968,True
ep0,1232,2722,2722,meta,,4096,18209,18216,False
ep0,1233,2723,2723,forward,487424,4096,1033,1040,True
ep0,1234,2724,2724,meta,,4096,18217,18224,False
ep0,1235,2724,2724,meta,,4096,18065,18072,False
ep0,1236,2724,2724,meta,,4096,18201,18208,False
ep0,1237,2724,2724,meta,,4096,18145,18152,False
ep0,1238,2725,2725,forward,315392,4096,697,704,True
ep0,1239,2725,2725,forward,397312,4096,857,864,True
ep0,1240,2726,2726,forward,405504,4096,873,880,True
ep0,1241,2726,2726,forward,454656,4096,969,976,True
ep0,1242,2726,2726,meta,,4096,18217,18224,False
ep0,1243,2727,2727,meta,,4096,18153,18160,False
ep0,1244,2727,2727,forward,491520,4096,1041,1048,True
ep0,1245,2728,2728,meta,,4096,18225,18232,False
ep0,1246,2728,2728,meta,,4096,18073,18080,False
ep0,1247,2728,2728,forward,319488,4096,705,712,True
ep0,1248,2728,2728,meta,,4096,18209,18216,False
ep0,1249,2729,2729,forward,409600,4096,881,888,True
ep0,1250,2729,2729,forward,401408,4096,865,872,True
ep0,1251,2729,2729,meta,,4096,18225,18232,False
ep0,1252,2730,2730,forward,458752,4096,977,984,True
ep0,1253,2731,2731,meta,,4096,18233,18240,False
ep0,1254,2731,2731,meta,,4096,18161,18168,False
ep0,1255,2731,2731,forward,495616,4096,1049,1056,True
ep0,1256,2732,2732,meta,,4096,18081,18088,False
ep0,1257,2732,2732,forward,323584,4096,713,720,True
ep0,1258,2732,2732,meta,,4096,18217,18224,False
ep0,1259,2733,2733,forward,413696,4096,889,896,True
ep0,1260,2733,2733,forward,405504,4096,873,880,True
ep0,1261,2733,2733,forward,462848,4096,985,992,True
ep0,1262,2733,2733,meta,,4096,18233,18240,False
ep0,1263,2735,2735,meta,,4096,18169,18176,False
ep0,1264,2735,2735,forward,499712,4096,1057,1064,True
ep0,1265,2736,2736,meta,,4096,18241,18248,False
ep0,1266,2736,2736,meta,,4096,18089,18096,False
ep0,1267,2736,2736,forward,327680,4096,721,728,True
ep0,1268,2736,2736,meta,,4096,18225,18232,False
ep0,1269,2736,2736,forward,409600,4096,881,888,True
ep0,1270,2737,2737,forward,417792,4096,897,904,True
ep0,1271,2737,2737,forward,466944,4096,993,1000,True
ep0,1272,2737,2737,meta,,4096,18241,18248,False
ep0,1273,2738,2738,meta,,4096,18177,18184,False
ep0,1274,2739,2739,meta,,4096,18249,18256,False
ep0,1275,2739,2739,forward,331776,4096,729,736,True
ep0,1276,2739,2739,forward,503808,4096,1065,1072,True
ep0,1277,2740,2740,forward,421888,4096,905,912,True
ep0,1278,2740,2740,meta,,4096,18097,18104,False
ep0,1279,2740,2740,meta,,4096,18233,18240,False
ep0,1280,2740,2740,forward,413696,4096,889,896,True
ep0,1281,2741,2741,forward,471040,4096,1001,1008,True
ep0,1282,2741,2741,meta,,4096,18249,18256,False
ep0,1283,2742,2742,meta,,4096,18185,18192,False
ep0,1284,2743,2743,meta,,4096,18257,18264,False
ep0,1285,2743,2743,forward,335872,4096,737,744,True
ep0,1286,2743,2743,forward,507904,4096,1073,1080,True
ep0,1287,2744,2744,forward,425984,4096,913,920,True
ep0,1288,2744,2744,meta,,4096,18105,18112,False
ep0,1289,2744,2744,meta,,4096,18241,18248,False
ep0,1290,2744,2744,forward,417792,4096,897,904,True
ep0,1291,2744,2744,forward,475136,4096,1009,1016,True
ep0,1292,2745,2745,meta,,4096,18257,18264,False
ep0,1293,2746,2746,meta,,4096,18193,18200,False
ep0,1294,2747,2747,meta,,4096,18265,18272,False
ep0,1295,2747,2747,forward,339968,4096,745,752,True
ep0,1296,2747,2747,forward,512000,4096,1081,1088,True
ep0,1297,2748,2748,forward,430080,4096,921,928,True
ep0,1298,2748,2748,meta,,4096,18113,18120,False
ep0,1299,2748,2748,meta,,4096,18249,18256,False
ep0,1300,2748,2748,forward,421888,4096,905,912,True
ep0,1301,2748,2748,forward,479232,4096,1017,1024,True
ep0,1302,2749,2749,meta,,4096,18201,18208,False
ep0,1303,2749,2749,meta,,4096,18265,18272,False
ep0,1304,2750,2750,meta,,4096,18273,18280,False
ep0,1305,2750,2750,forward,344064,4096,753,760,True
ep0,1306,2751,2751,forward,434176,4096,929,936,True
ep0,1307,2751,2751,forward,425984,4096,913,920,True
ep0,1308,2751,2751,forward,516096,4096,1089,1096,True
ep0,1309,2752,2752,meta,,4096,18121,18128,False
ep0,1310,2752,2752,meta,,4096,18257,18264,False
ep0,1311,2752,2752,forward,483328,4096,1025,1032,True
ep0,1312,2753,2753,meta,,4096,18209,18216,False
ep0,1313,2753,2753,meta,,4096,18273,18280,False
ep0,1314,2754,2754,meta,,4096,18281,18288,False
ep0,1315,2754,2754,forward,348160,4096,761,768,True
ep0,1316,2755,2755,forward,438272,4096,937,944,True
ep0,1317,2755,2755,meta,,4096,18129,18136,False
ep0,1318,2755,2755,forward,430080,4096,921,928,True
ep0,1319,2755,2755,forward,487424,4096,1033,1040,True
ep0,1320,2755,2755,forward,520192,4096,1097,1104,True
ep0,1321,2756,2756,meta,,4096,18265,18272,False
ep0,1322,2757,2757,meta,,4096,18217,18224,False
ep0,1323,2757,2757,meta,,4096,18281,18288,False
ep0,1324,2758,2758,meta,,4096,18289,18296,False
ep0,1325,2758,2758,forward,352256,4096,769,776,True
ep0,1326,2759,2759,forward,442368,4096,945,952,True
ep0,1327,2759,2759,meta,,4096,18137,18144,False
ep0,1328,2759,2759,meta,,4096,18273,18280,False
ep0,1329,2759,2759,forward,434176,4096,929,936,True
ep0,1330,2759,2759,forward,491520,4096,1041,1048,True
ep0,1331,2759,2759,forward,524288,4096,1105,1112,True
ep0,1332,2760,2760,meta,,4096,18225,18232,False
ep0,1333,2761,2761,meta,,4096,18297,18304,False
ep0,1334,2761,2761,forward,356352,4096,777,784,True
ep0,1335,2761,2761,meta,,4096,18289,18296,False
ep0,1336,2762,2762,forward,446464,4096,953,960,True
ep0,1337,2762,2762,forward,438272,4096,937,944,True
ep0,1338,2762,2762,forward,528384,4096,1113,1120,True
ep0,1339,2763,2763,meta,,4096,18145,18152,False
ep0,1340,2763,2763,meta,,4096,18281,18288,False
ep0,1341,2763,2763,forward,495616,4096,1049,1056,True
ep0,1342,2764,2764,meta,,4096,18233,18240,False
ep0,1343,2764,2764,meta,,4096,18297,18304,False
ep0,1344,2765,2765,meta,,4096,18305,18312,False
ep0,1345,2765,2765,forward,360448,4096,785,792,True
ep0,1346,2766,2766,forward,450560,4096,961,968,True
ep0,1347,2766,2766,meta,,4096,18153,18160,False
ep0,1348,2766,2766,forward,442368,4096,945,952,True
ep0,1349,2766,2766,forward,499712,4096,1057,1064,True
ep0,1350,2766,2766,forward,532480,4096,1121,1128,True
ep0,1351,2767,2767,meta,,4096,18289,18296,False
ep0,1352,2768,2768,meta,,4096,18241,18248,False
ep0,1353,2768,2768,meta,,4096,18305,18312,False
ep0,1354,2769,2769,meta,,4096,18313,18320,False
ep0,1355,2769,2769,forward,364544,4096,793,800,True
ep0,1356,2770,2770,forward,454656,4096,969,976,True
ep0,1357,2770,2770,meta,,4096,18161,18168,False
ep0,1358,2770,2770,meta,,4096,18297,18304,False
ep0,1359,2770,2770,forward,446464,4096,953,960,True
ep0,1360,2770,2770,forward,503808,4096,1065,1072,True
ep0,1361,2770,2770,forward,536576,4096,1129,1136,True
ep0,1362,2772,2772,meta,,4096,18321,18328,False
ep0,1363,2772,2772,forward,368640,4096,801,808,True
ep0,1364,2772,2772,meta,,4096,18249,18256,False
ep0,1365,2772,2772,meta,,4096,18313,18320,False
ep0,1366,2773,2773,forward,458752,4096,977,984,True
ep0,1367,2773,2773,forward,450560,4096,961,968,True
ep0,1368,2774,2774,meta,,4096,18169,18176,False
ep0,1369,2774,2774,meta,,4096,18305,18312,False
ep0,1370,2774,2774,forward,507904,4096,1073,1080,True
ep0,1371,2774,2774,forward,540672,4096,1137,1144,True
ep0,1372,2775,2775,meta,,4096,18257,18264,False
ep0,1373,2776,2776,meta,,4096,18329,18336,False
ep0,1374,2776,2776,forward,372736,4096,809,816,True
ep0,1375,2776,2776,meta,,4096,18321,18328,False
ep0,1376,2777,2777,forward,462848,4096,985,992,True
ep0,1377,2777,2777,meta,,4096,18177,18184,False
ep0,1378,2777,2777,forward,454656,4096,969,976,True
ep0,1379,2778,2778,meta,,4096,18313,18320,False
ep0,1380,2778,2778,forward,512000,4096,1081,1088,True
ep0,1381,2778,2778,forward,544768,4096,1145,1152,True
ep0,1382,2779,2779,meta,,4096,18265,18272,False
ep0,1383,2780,2780,meta,,4096,18337,18344,False
ep0,1384,2780,2780,forward,376832,4096,817,824,True
ep0,1385,2780,2780,meta,,4096,18329,18336,False
ep0,1386,2781,2781,forward,466944,4096,993,1000,True
ep0,1387,2781,2781,meta,,4096,18185,18192,False
ep0,1388,2781,2781,forward,458752,4096,977,984,True
ep0,1389,2781,2781,forward,516096,4096,1089,1096,True
ep0,1390,2782,2782,meta,,4096,18321,18328,False
ep0,1391,2782,2782,forward,548864,4096,1153,1160,True
ep0,1392,2783,2783,meta,,4096,18345,18352,False
ep0,1393,2783,2783,forward,380928,4096,825,832,True
ep0,1394,2783,2783,meta,,4096,18273,18280,False
ep0,1395,2783,2783,meta,,4096,18337,18344,False
ep0,1396,2784,2784,forward,471040,4096,1001,1008,True
ep0,1397,2784,2784,forward,462848,4096,985,992,True
ep0,1398,2785,2785,meta,,4096,18193,18200,False
ep0,1399,2785,2785,forward,520192,4096,1097,1104,True
ep0,1400,2786,2786,meta,,4096,18329,18336,False
ep0,1401,2786,2786,meta,,4096,18281,18288,False
ep0,1402,2786,2786,forward,552960,4096,1161,1168,True
ep0,1403,2787,2787,meta,,4096,18353,18360,False
ep0,1404,2787,2787,forward,385024,4096,833,840,True
ep0,1405,2787,2787,meta,,4096,18345,18352,False
ep0,1406,2788,2788,forward,475136,4096,1009,1016,True
ep0,1407,2788,2788,meta,,4096,18201,18208,False
ep0,1408,2788,2788,forward,466944,4096,993,1000,True
ep0,1409,2789,2789,forward,524288,4096,1105,1112,True
ep0,1410,2790,2790,meta,,4096,18337,18344,False
ep0,1411,2790,2790,meta,,4096,18289,18296,False
ep0,1412,2790,2790,forward,557056,4096,1169,1176,True
ep0,1413,2791,2791,meta,,4096,18361,18368,False
ep0,1414,2791,2791,forward,389120,4096,841,848,True
ep0,1415,2791,2791,meta,,4096,18353,18360,False
ep0,1416,2792,2792,forward,479232,4096,1017,1024,True
ep0,1417,2792,2792,meta,,4096,18209,18216,False
ep0,1418,2792,2792,forward,471040,4096,1001,1008,True
ep0,1419,2792,2792,forward,528384,4096,1113,1120,True
ep0,1420,2794,2794,meta,,4096,18369,18376,False
ep0,1421,2794,2794,meta,,4096,18345,18352,False
ep0,1422,2794,2794,meta,,4096,18297,18304,False
ep0,1423,2794,2794,meta,,4096,18361,18368,False
ep0,1424,2794,2794,forward,561152,4096,1177,1184,True
ep0,1425,2795,2795,forward,483328,4096,1025,1032,True
ep0,1426,2795,2795,forward,393216,4096,849,856,True
ep0,1427,2796,2796,meta,,4096,18217,18224,False
ep0,1428,2796,2796,forward,475136,4096,1009,1016,True
ep0,1429,2796,2796,forward,532480,4096,1121,1128,True
ep0,1430,2797,2797,meta,,4096,18353,18360,False
ep0,1431,2797,2797,meta,,4096,18305,18312,False
ep0,1432,2798,2798,meta,,4096,18377,18384,False
ep0,1433,2798,2798,forward,397312,4096,857,864,True
ep0,1434,2798,2798,meta,,4096,18369,18376,False
ep0,1435,2798,2798,forward,565248,4096,1185,1192,True
ep0,1436,2799,2799,forward,487424,4096,1033,1040,True
ep0,1437,2799,2799,forward,479232,4096,1017,1024,True
ep0,1438,2800,2800,meta,,4096,18225,18232,False
ep0,1439,2800,2800,forward,536576,4096,1129,1136,True
ep0,1440,2801,2801,meta,,4096,18361,18368,False
ep0,1441,2801,2801,meta,,4096,18313,18320,False
ep0,1442,2801,2801,forward,569344,4096,1193,1200,True
ep0,1443,2802,2802,meta,,4096,18385,18392,False
ep0,1444,2802,2802,forward,401408,4096,865,872,True
ep0,1445,2802,2802,meta,,4096,18377,18384,False
ep0,1446,2803,2803,forward,491520,4096,1041,1048,True
ep0,1447,2803,2803,meta,,4096,18233,18240,False
ep0,1448,2803,2803,forward,483328,4096,1025,1032,True
ep0,1449,2804,2804,forward,540672,4096,1137,1144,True
ep0,1450,2805,2805,meta,,4096,18393,18400,False
ep0,1451,2805,2805,meta,,4096,18369,18376,False
ep0,1452,2805,2805,meta,,4096,18321,18328,False
ep0,1453,2805,2805,forward,573440,4096,1201,1208,True
ep0,1454,2806,2806,forward,495616,4096,1049,1056,True
ep0,1455,2806,2806,forward,405504,4096,873,880,True
ep0,1456,2806,2806,meta,,4096,18385,18392,False
ep0,1457,2807,2807,meta,,4096,18241,18248,False
ep0,1458,2807,2807,forward,487424,4096,1033,1040,True
ep0,1459,2807,2807,forward,544768,4096,1145,1152,True
ep0,1460,2808,2808,meta,,4096,18377,18384,False
ep0,1461,2809,2809,meta,,4096,18401,18408,False
ep0,1462,2809,2809,meta,,4096,18329,18336,False
ep0,1463,2809,2809,forward,577536,4096,1209,1216,True
ep0,1464,2810,2810,forward,499712,4096,1057,1064,True
ep0,1465,2810,2810,forward,409600,4096,881,888,True
ep0,1466,2810,2810,forward,491520,4096,1041,1048,True
ep0,1467,2810,2810,meta,,4096,18393,18400,False
ep0,1468,2811,2811,meta,,4096,18249,18256,False
ep0,1469,2811,2811,forward,548864,4096,1153,1160,True
ep0,1470,2812,2812,meta,,4096,18385,18392,False
ep0,1471,2812,2812,meta,,4096,18337,18344,False
ep0,1472,2812,2812,forward,581632,4096,1217,1224,True
ep0,1473,2813,2813,meta,,4096,18409,18416,False
ep0,1474,2813,2813,forward,413696,4096,889,896,True
ep0,1475,2814,2814,forward,503808,4096,1065,1072,True
ep0,1476,2814,2814,forward,495616,4096,1049,1056,True
ep0,1477,2814,2814,meta,,4096,18401,18408,False
ep0,1478,2815,2815,meta,,4096,18257,18264,False
ep0,1479,2815,2815,forward,552960,4096,1161,1168,True
ep0,1480,2816,2816,meta,,4096,18417,18424,False
ep0,1481,2816,2816,meta,,4096,18393,18400,False
ep0,1482,2816,2816,meta,,4096,18345,18352,False
ep0,1483,2816,2816,forward,585728,4096,1225,1232,True
ep0,1484,2817,2817,forward,417792,4096,897,904,True
ep0,1485,2818,2818,forward,507904,4096,1073,1080,True
ep0,1486,2818,2818,meta,,4096,18265,18272,False
ep0,1487,2818,2818,forward,499712,4096,1057,1064,True
ep0,1488,2818,2818,meta,,4096,18409,18416,False
ep0,1489,2819,2819,meta,,4096,18401,18408,False
ep0,1490,2819,2819,forward,557056,4096,1169,1176,True
ep0,1491,2820,2820,meta,,4096,18425,18432,False
ep0,1492,2820,2820,meta,,4096,18353,18360,False
ep0,1493,2820,2820,forward,589824,4096,1233,1240,True
ep0,1494,2821,2821,forward,421888,4096,905,912,True
ep0,1495,2821,2821,forward,503808,4096,1065,1072,True
ep0,1496,2821,2821,meta,,4096,18417,18424,False
ep0,1497,2822,2822,forward,512000,4096,1081,1088,True
ep0,1498,2822,2822,meta,,4096,18273,18280,False
ep0,1499,2823,2823,meta,,4096,18409,18416,False
ep0,1500,2823,2823,meta,,4096,18361,18368,False
ep0,1501,2823,2823,forward,561152,4096,1177,1184,True
ep0,1502,2824,2824,meta,,4096,18433,18440,False
ep0,1503,2824,2824,forward,593920,4096,1241,1248,True
ep0,1504,2825,2825,forward,425984,4096,913,920,True
ep0,1505,2825,2825,forward,507904,4096,1073,1080,True
ep0,1506,2825,2825,meta,,4096,18425,18432,False
ep0,1507,2826,2826,forward,516096,4096,1089,1096,True
ep0,1508,2826,2826,meta,,4096,18281,18288,False
ep0,1509,2826,2826,forward,565248,4096,1185,1192,True
ep0,1510,2827,2827,meta,,4096,18441,18448,False
ep0,1511,2827,2827,meta,,4096,18417,18424,False
ep0,1512,2827,2827,meta,,4096,18369,18376,False
ep0,1513,2828,2828,forward,430080,4096,921,928,True
ep0,1514,2828,2828,forward,598016,4096,1249,1256,True
ep0,1515,2829,2829,meta,,4096,18289,18296,False
ep0,1516,2829,2829,forward,512000,4096,1081,1088,True
ep0,1517,2829,2829,meta,,4096,18433,18440,False
ep0,1518,2830,2830,forward,520192,4096,1097,1104,True
ep0,1519,2830,2830,meta,,4096,18425,18432,False
ep0,1520,2830,2830,forward,569344,4096,1193,1200,True
ep0,1521,2831,2831,meta,,4096,18449,18456,False
ep0,1522,2831,2831,meta,,4096,18377,18384,False
ep0,1523,2832,2832,forward,434176,4096,929,936,True
ep0,1524,2832,2832,forward,602112,4096,1257,1264,True
ep0,1525,2833,2833,forward,524288,4096,1105,1112,True
ep0,1526,2833,2833,meta,,4096,18297,18304,False
ep0,1527,2833,2833,forward,516096,4096,1089,1096,True
ep0,1528,2833,2833,meta,,4096,18441,18448,False
ep0,1529,2834,2834,meta,,4096,18433,18440,False
ep0,1530,2835,2835,meta,,4096,18457,18464,False
ep0,1531,2835,2835,meta,,4096,18385,18392,False
ep0,1532,2835,2835,forward,573440,4096,1201,1208,True
ep0,1533,2836,2836,forward,438272,4096,937,944,True
ep0,1534,2836,2836,meta,,4096,18449,18456,False
ep0,1535,2836,2836,forward,606208,4096,1265,1272,True
ep0,1536,2837,2837,forward,528384,4096,1113,1120,True
ep0,1537,2837,2837,meta,,4096,18305,18312,False
ep0,1538,2837,2837,forward,520192,4096,1097,1104,True
ep0,1539,2838,2838,meta,,4096,18465,18472,False
ep0,1540,2838,2838,meta,,4096,18441,18448,False
ep0,1541,2838,2838,forward,577536,4096,1209,1216,True
ep0,1542,2839,2839,meta,,4096,18393,18400,False
ep0,1543,2839,2839,forward,610304,4096,1273,1280,True
ep0,1544,2840,2840,meta,,4096,18313,18320,False
ep0,1545,2840,2840,forward,442368,4096,945,952,True
ep0,1546,2840,2840,forward,524288,4096,1105,1112,True
ep0,1547,2840,2840,meta,,4096,18457,18464,False
ep0,1548,2841,2841,forward,532480,4096,1121,1128,True
ep0,1549,2841,2841,meta,,4096,18449,18456,False
ep0,1550,2842,2842,meta,,4096,18473,18480,False
ep0,1551,2842,2842,forward,581632,4096,1217,1224,True
ep0,1552,2843,2843,forward,446464,4096,953,960,True
ep0,1553,2843,2843,meta,,4096,18401,18408,False
ep0,1554,2843,2843,forward,614400,4096,1281,1288,True
ep0,1555,2844,2844,forward,536576,4096,1129,1136,True
ep0,1556,2844,2844,meta,,4096,18321,18328,False
ep0,1557,2844,2844,forward,528384,4096,1113,1120,True
ep0,1558,2844,2844,meta,,4096,18465,18472,False
ep0,1559,2845,2845,meta,,4096,18457,18464,False
ep0,1560,2846,2846,forward,585728,4096,1225,1232,True
ep0,1561,2847,2847,forward,450560,4096,961,968,True
ep0,1562,2847,2847,meta,,4096,18409,18416,False
ep0,1563,2847,2847,meta,,4096,18473,18480,False
ep0,1564,2847,2847,forward,618496,4096,1289,1296,True
ep0,1565,2848,2848,forward,540672,4096,1137,1144,True
ep0,1566,2848,2848,meta,,4096,18329,18336,False
ep0,1567,2848,2848,forward,532480,4096,1121,1128,True
ep0,1568,2849,2849,meta,,4096,18465,18472,False
ep0,1569,2850,2850,meta,,4096,18481,18488,False
ep0,1570,2850,2850,meta,,4096,18417,18424,False
ep0,1571,2850,2850,forward,589824,4096,1233,1240,True
ep0,1572,2850,2850,forward,622592,4096,1297,1304,True
ep0,1573,2851,2851,meta,,4096,18337,18344,False
ep0,1574,2851,2851,forward,454656,4096,969,976,True
ep0,1575,2851,2851,forward,536576,4096,1129,1136,True
ep0,1576,2851,2851,meta,,4096,18481,18488,False
ep0,1577,2852,2852,forward,544768,4096,1145,1152,True
ep0,1578,2852,2852,meta,,4096,18473,18480,False
ep0,1579,2854,2854,meta,,4096,18489,18496,False
ep0,1580,2854,2854,meta,,4096,18425,18432,False
ep0,1581,2854,2854,forward,593920,4096,1241,1248,True
ep0,1582,2854,2854,forward,626688,4096,1305,1312,True
ep0,1583,2855,2855,meta,,4096,18345,18352,False
ep0,1584,2855,2855,forward,458752,4096,977,984,True
ep0,1585,2855,2855,forward,540672,4096,1137,1144,True
ep0,1586,2855,2855,meta,,4096,18489,18496,False
ep0,1587,2856,2856,forward,548864,4096,1153,1160,True
ep0,1588,2856,2856,meta,,4096,18481,18488,False
ep0,1589,2857,2857,meta,,4096,18497,18504,False
ep0,1590,2857,2857,forward,598016,4096,1249,1256,True
ep0,1591,2858,2858,meta,,4096,18433,18440,False
ep0,1592,2858,2858,forward,786432,4096,1617,1624,True
ep0,1593,2859,2859,meta,,4096,18353,18360,False
ep0,1594,2859,2859,forward,462848,4096,985,992,True
ep0,1595,2859,2859,forward,544768,4096,1145,1152,True
ep0,1596,2859,2859,meta,,4096,18497,18504,False
ep0,1597,2860,2860,forward,552960,4096,1161,1168,True
ep0,1598,2860,2860,meta,,4096,18489,18496,False
ep0,1599,2861,2861,meta,,4096,18505,18512,False
ep0,1600,2861,2861,forward,602112,4096,1257,1264,True
ep0,1601,2862,2862,forward,548864,4096,1153,1160,True
ep0,1602,2862,2862,meta,,4096,18441,18448,False
ep0,1603,2862,2862,meta,,4096,18505,18512,False
ep0,1604,2862,2862,forward,790528,4096,1625,1632,True
ep0,1605,2863,2863,meta,,4096,18361,18368,False
ep0,1606,2863,2863,forward,466944,4096,993,1000,True
ep0,1607,2864,2864,forward,557056,4096,1169,1176,True
ep0,1608,2864,2864,meta,,4096,18497,18504,False
ep0,1609,2865,2865,meta,,4096,18449,18456,False
ep0,1610,2865,2865,forward,606208,4096,1265,1272,True
ep0,1611,2866,2866,meta,,4096,18369,18376,False
ep0,1612,2866,2866,forward,552960,4096,1161,1168,True
ep0,1613,2866,2866,forward,794624,4096,1633,1640,True
ep0,1614,2867,2867,forward,561152,4096,1177,1184,True
ep0,1615,2867,2867,forward,471040,4096,1001,1008,True
ep0,1616,2868,2868,meta,,4096,18505,18512,False
ep0,1617,2869,2869,meta,,4096,18457,18464,False
ep0,1618,2869,2869,forward,610304,4096,1273,1280,True
ep0,1619,2870,2870,meta,,4096,18377,18384,False
ep0,1620,2870,2870,forward,557056,4096,1169,1176,True
ep0,1621,2870,2870,forward,798720,4096,1641,1648,True
ep0,1622,2871,2871,forward,565248,4096,1185,1192,True
ep0,1623,2871,2871,forward,475136,4096,1009,1016,True
ep0,1624,2872,2872,forward,614400,4096,1281,1288,True
ep0,1625,2873,2873,forward,561152,4096,1177,1184,True
ep0,1626,2873,2873,meta,,4096,18465,18472,False
ep0,1627,2873,2873,forward,802816,4096,1649,1656,True
ep0,1628,2874,2874,forward,569344,4096,1193,1200,True
ep0,1629,2874,2874,meta,,4096,18385,18392,False
ep0,1630,2874,2874,forward,479232,4096,1017,1024,True
ep0,1631,2876,2876,meta,,4096,18473,18480,False
ep0,1632,2876,2876,forward,618496,4096,1289,1296,True
ep0,1633,2877,2877,meta,,4096,18393,18400,False
ep0,1634,2877,2877,forward,565248,4096,1185,1192,True
ep0,1635,2877,2877,forward,806912,4096,1657,1664,True
ep0,1636,2878,2878,forward,573440,4096,1201,1208,True
ep0,1637,2878,2878,forward,483328,4096,1025,1032,True
ep0,1638,2880,2880,forward,622592,4096,1297,1304,True
ep0,1639,2881,2881,meta,,4096,18401,18408,False
ep0,1640,2881,2881,forward,569344,4096,1193,1200,True
ep0,1641,2881,2881,meta,,4096,18481,18488,False
ep0,1642,2881,2881,forward,811008,4096,1665,1672,True
ep0,1643,2882,2882,forward,577536,4096,1209,1216,True
ep0,1644,2882,2882,forward,487424,4096,1033,1040,True
ep0,1645,2883,2883,forward,626688,4096,1305,1312,True
ep0,1646,2884,2884,meta,,4096,18409,18416,False
ep0,1647,2884,2884,forward,573440,4096,1201,1208,True
ep0,1648,2884,2884,meta,,4096,18489,18496,False
ep0,1649,2884,2884,forward,815104,4096,1673,1680,True
ep0,1650,2885,2885,forward,491520,4096,1041,1048,True
ep0,1651,2886,2886,forward,581632,4096,1217,1224,True
ep0,1652,2887,2887,forward,786432,4096,1617,1624,True
ep0,1653,2888,2888,meta,,4096,18417,18424,False
ep0,1654,2888,2888,forward,577536,4096,1209,1216,True
ep0,1655,2888,2888,meta,,4096,18497,18504,False
ep0,1656,2888,2888,forward,819200,4096,1681,1688,True
ep0,1657,2889,2889,forward,495616,4096,1049,1056,True
ep0,1658,2890,2890,forward,585728,4096,1225,1232,True
ep0,1659,2891,2891,forward,790528,4096,1625,1632,True
ep0,1660,2892,2892,meta,,4096,18425,18432,False
ep0,1661,2892,2892,forward,581632,4096,1217,1224,True
ep0,1662,2892,2892,meta,,4096,18505,18512,False
ep0,1663,2892,2892,forward,823296,4096,1689,1696,True
ep0,1664,2893,2893,forward,499712,4096,1057,1064,True
ep0,1665,2894,2894,forward,589824,4096,1233,1240,True
ep0,1666,2895,2895,meta,,4096,18433,18440,False
ep0,1667,2895,2895,forward,794624,4096,1633,1640,True
ep0,1668,2895,2895,forward,827392,4096,1697,1704,True
ep0,1669,2896,2896,forward,503808,4096,1065,1072,True
ep0,1670,2896,2896,forward,585728,4096,1225,1232,True
ep0,1671,2898,2898,forward,593920,4096,1241,1248,True
ep0,1672,2898,2898,forward,798720,4096,1641,1648,True
ep0,1673,2899,2899,meta,,4096,18441,18448,False
ep0,1674,2899,2899,forward,831488,4096,1705,1712,True
ep0,1675,2900,2900,forward,507904,4096,1073,1080,True
ep0,1676,2900,2900,forward,589824,4096,1233,1240,True
ep0,1677,2902,2902,forward,598016,4096,1249,1256,True
ep0,1678,2902,2902,forward,802816,4096,1649,1656,True
ep0,1679,2903,2903,meta,,4096,18449,18456,False
ep0,1680,2903,2903,forward,593920,4096,1241,1248,True
ep0,1681,2903,2903,forward,835584,4096,1713,1720,True
ep0,1682,2904,2904,forward,512000,4096,1081,1088,True
ep0,1683,2906,2906,forward,602112,4096,1257,1264,True
ep0,1684,2906,2906,forward,806912,4096,1657,1664,True
ep0,1685,2907,2907,meta,,4096,18457,18464,False
ep0,1686,2907,2907,forward,598016,4096,1249,1256,True
ep0,1687,2907,2907,forward,839680,4096,1721,1728,True
ep0,1688,2908,2908,forward,516096,4096,1089,1096,True
ep0,1689,2909,2909,forward,606208,4096,1265,1272,True
ep0,1690,2909,2909,forward,811008,4096,1665,1672,True
ep0,1691,2910,2910,meta,,4096,18465,18472,False
ep0,1692,2910,2910,forward,843776,4096,1729,1736,True
ep0,1693,2911,2911,forward,520192,4096,1097,1104,True
ep0,1694,2911,2911,forward,602112,4096,1257,1264,True
ep0,1695,2913,2913,forward,610304,4096,1273,1280,True
ep0,1696,2913,2913,forward,815104,4096,1673,1680,True
ep0,1697,2914,2914,meta,,4096,18473,18480,False
ep0,1698,2914,2914,forward,847872,4096,1737,1744,True
ep0,1699,2915,2915,forward,524288,4096,1105,1112,True
ep0,1700,2915,2915,forward,606208,4096,1265,1272,True
ep0,1701,2917,2917,forward,614400,4096,1281,1288,True
ep0,1702,2917,2917,forward,819200,4096,1681,1688,True
ep0,1703,2918,2918,meta,,4096,18481,18488,False
ep0,1704,2918,2918,forward,610304,4096,1273,1280,True
ep0,1705,2918,2918,forward,851968,4096,1745,1752,True
ep0,1706,2919,2919,forward,528384,4096,1113,1120,True
ep0,1707,2921,2921,forward,618496,4096,1289,1296,True
ep0,1708,2921,2921,forward,823296,4096,1689,1696,True
ep0,1709,2921,2921,forward,856064,4096,1753,1760,True
ep0,1710,2922,2922,meta,,4096,18489,18496,False
ep0,1711,2922,2922,forward,614400,4096,1281,1288,True
ep0,1712,2923,2923,forward,532480,4096,1121,1128,True
ep0,1713,2924,2924,forward,827392,4096,1697,1704,True
ep0,1714,2925,2925,forward,622592,4096,1297,1304,True
ep0,1715,2925,2925,forward,860160,4096,1761,1768,True
ep0,1716,2926,2926,meta,,4096,18497,18504,False
ep0,1717,2926,2926,forward,536576,4096,1129,1136,True
ep0,1718,2926,2926,forward,618496,4096,1289,1296,True
ep0,1719,2928,2928,forward,831488,4096,1705,1712,True
ep0,1720,2929,2929,forward,626688,4096,1305,1312,True
ep0,1721,2929,2929,meta,,4096,18505,18512,False
ep0,1722,2929,2929,forward,864256,4096,1769,1776,True
ep0,1723,2930,2930,forward,540672,4096,1137,1144,True
ep0,1724,2930,2930,forward,622592,4096,1297,1304,True
ep0,1725,2932,2932,forward,835584,4096,1713,1720,True
ep0,1726,2932,2932,forward,868352,4096,1777,1784,True
ep0,1727,2933,2933,forward,8384512,4096,16457,16464,True
ep0,1728,2934,2934,forward,544768,4096,1145,1152,True
ep0,1729,2934,2934,forward,626688,4096,1305,1312,True
ep0,1730,2935,2935,forward,839680,4096,1721,1728,True
ep0,1731,2936,2936,forward,872448,4096,1785,1792,True
ep0,1732,2937,2937,forward,548864,4096,1153,1160,True
ep0,1733,2938,2938,forward,786432,4096,1617,1624,True
ep0,1734,2939,2939,forward,843776,4096,1729,1736,True
ep0,1735,2940,2940,forward,630784,4096,1313,1320,True
ep0,1736,2940,2940,forward,876544,4096,1793,1800,True
ep0,1737,2941,2941,forward,552960,4096,1161,1168,True
ep0,1738,2942,2942,forward,790528,4096,1625,1632,True
ep0,1739,2943,2943,forward,847872,4096,1737,1744,True
ep0,1740,2943,2943,forward,880640,4096,1801,1808,True
ep0,1741,2944,2944,forward,634880,4096,1321,1328,True
ep0,1742,2945,2945,forward,557056,4096,1169,1176,True
ep0,1743,2945,2945,forward,794624,4096,1633,1640,True
ep0,1744,2946,2946,forward,851968,4096,1745,1752,True
ep0,1745,2947,2947,forward,884736,4096,1809,1816,True
ep0,1746,2948,2948,forward,638976,4096,1329,1336,True
ep0,1747,2948,2948,forward,561152,4096,1177,1184,True
ep0,1748,2949,2949,forward,798720,4096,1641,1648,True
ep0,1749,2950,2950,forward,856064,4096,1753,1760,True
ep0,1750,2951,2951,forward,888832,4096,1817,1824,True
ep0,1751,2952,2952,forward,643072,4096,1337,1344,True
ep0,1752,2952,2952,forward,565248,4096,1185,1192,True
ep0,1753,2953,2953,forward,802816,4096,1649,1656,True
ep0,1754,2954,2954,forward,860160,4096,1761,1768,True
ep0,1755,2954,2954,forward,892928,4096,1825,1832,True
ep0,1756,2956,2956,forward,647168,4096,1345,1352,True
ep0,1757,2956,2956,forward,569344,4096,1193,1200,True
ep0,1758,2956,2956,forward,806912,4096,1657,1664,True
ep0,1759,2957,2957,forward,864256,4096,1769,1776,True
ep0,1760,2958,2958,forward,897024,4096,1833,1840,True
ep0,1761,2959,2959,forward,573440,4096,1201,1208,True
ep0,1762,2960,2960,forward,651264,4096,1353,1360,True
ep0,1763,2960,2960,forward,811008,4096,1665,1672,True
ep0,1764,2961,2961,forward,868352,4096,1777,1784,True
ep0,1765,2962,2962,forward,901120,4096,1841,1848,True
ep0,1766,2963,2963,forward,577536,4096,1209,1216,True
ep0,1767,2964,2964,forward,655360,4096,1361,1368,True
ep0,1768,2964,2964,forward,815104,4096,1673,1680,True
ep0,1769,2965,2965,forward,872448,4096,1785,1792,True
ep0,1770,2965,2965,forward,905216,4096,1849,1856,True
ep0,1771,2967,2967,forward,581632,4096,1217,1224,True
ep0,1772,2967,2967,forward,819200,4096,1681,1688,True
ep0,1773,2968,2968,forward,659456,4096,1369,1376,True
ep0,1774,2968,2968,forward,876544,4096,1793,1800,True
ep0,1775,2970,2970,forward,585728,4096,1225,1232,True
ep0,1776,2971,2971,forward,663552,4096,1377,1384,True
ep0,1777,2971,2971,forward,823296,4096,1689,1696,True
ep0,1778,2972,2972,forward,880640,4096,1801,1808,True
ep0,1779,2974,2974,forward,589824,4096,1233,1240,True
ep0,1780,2974,2974,forward,909312,4096,1857,1864,True
ep0,1781,2975,2975,forward,667648,4096,1385,1392,True
ep0,1782,2975,2975,forward,827392,4096,1697,1704,True
ep0,1783,2976,2976,forward,884736,4096,1809,1816,True
ep0,1784,2978,2978,forward,593920,4096,1241,1248,True
ep0,1785,2978,2978,forward,831488,4096,1705,1712,True
ep0,1786,2978,2978,forward,913408,4096,1865,1872,True
ep0,1787,2979,2979,forward,671744,4096,1393,1400,True
ep0,1788,2979,2979,forward,888832,4096,1817,1824,True
ep0,1789,2981,2981,forward,598016,4096,1249,1256,True
ep0,1790,2982,2982,forward,675840,4096,1401,1408,True
ep0,1791,2982,2982,forward,835584,4096,1713,1720,True
ep0,1792,2982,2982,forward,917504,4096,1873,1880,True
ep0,1793,2983,2983,forward,892928,4096,1825,1832,True
ep0,1794,2985,2985,forward,602112,4096,1257,1264,True
ep0,1795,2985,2985,forward,921600,4096,1881,1888,True
ep0,1796,2986,2986,forward,679936,4096,1409,1416,True
ep0,1797,2986,2986,forward,839680,4096,1721,1728,True
ep0,1798,2987,2987,forward,897024,4096,1833,1840,True
ep0,1799,2989,2989,forward,606208,4096,1265,1272,True
ep0,1800,2989,2989,forward,843776,4096,1729,1736,True
ep0,1801,2989,2989,forward,925696,4096,1889,1896,True
ep0,1802,2990,2990,forward,684032,4096,1417,1424,True
ep0,1803,2990,2990,forward,901120,4096,1841,1848,True
ep0,1804,2992,2992,forward,610304,4096,1273,1280,True
ep0,1805,2993,2993,forward,688128,4096,1425,1432,True
ep0,1806,2993,2993,forward,847872,4096,1737,1744,True
ep0,1807,2993,2993,forward,929792,4096,1897,1904,True
ep0,1808,2994,2994,forward,905216,4096,1849,1856,True
ep0,1809,2996,2996,forward,614400,4096,1281,1288,True
ep0,1810,2996,2996,forward,933888,4096,1905,1912,True
ep0,1811,2997,2997,forward,692224,4096,1433,1440,True
ep0,1812,2997,2997,forward,851968,4096,1745,1752,True
ep0,1813,2998,2998,forward,909312,4096,1857,1864,True
ep0,1814,3000,3000,forward,618496,4096,1289,1296,True
ep0,1815,3000,3000,forward,937984,4096,1913,1920,True
ep0,1816,3001,3001,forward,696320,4096,1441,1448,True
ep0,1817,3001,3001,forward,856064,4096,1753,1760,True
ep0,1818,3002,3002,forward,913408,4096,1865,1872,True
ep0,1819,3004,3004,forward,700416,4096,1449,1456,True
ep0,1820,3004,3004,forward,622592,4096,1297,1304,True
ep0,1821,3004,3004,forward,860160,4096,1761,1768,True
ep0,1822,3004,3004,forward,942080,4096,1921,1928,True
ep0,1823,3006,3006,forward,917504,4096,1873,1880,True
ep0,1824,3007,3007,forward,626688,4096,1305,1312,True
ep0,1825,3008,3008,forward,704512,4096,1457,1464,True
ep0,1826,3008,3008,forward,864256,4096,1769,1776,True
ep0,1827,3008,3008,forward,946176,4096,1929,1936,True
ep0,1828,3010,3010,forward,921600,4096,1881,1888,True
ep0,1829,3012,3012,forward,708608,4096,1465,1472,True
ep0,1830,3012,3012,forward,786432,4096,1617,1624,True
ep0,1831,3012,3012,forward,868352,4096,1777,1784,True
ep0,1832,3012,3012,forward,950272,4096,1937,1944,True
ep0,1833,3014,3014,forward,925696,4096,1889,1896,True
ep0,1834,3015,3015,forward,872448,4096,1785,1792,True
ep0,1835,3015,3015,forward,954368,4096,1945,1952,True
ep0,1836,3016,3016,forward,712704,4096,1473,1480,True
ep0,1837,3016,3016,forward,790528,4096,1625,1632,True
ep0,1838,3017,3017,forward,929792,4096,1897,1904,True
ep0,1839,3019,3019,forward,716800,4096,1481,1488,True
ep0,1840,3019,3019,forward,794624,4096,1633,1640,True
ep0,1841,3019,3019,forward,876544,4096,1793,1800,True
ep0,1842,3019,3019,forward,958464,4096,1953,1960,True
ep0,1843,3021,3021,forward,933888,4096,1905,1912,True
ep0,1844,3023,3023,forward,720896,4096,1489,1496,True
ep0,1845,3023,3023,forward,798720,4096,1641,1648,True
ep0,1846,3023,3023,forward,880640,4096,1801,1808,True
ep0,1847,3023,3023,forward,962560,4096,1961,1968,True
ep0,1848,3025,3025,forward,937984,4096,1913,1920,True
ep0,1849,3026,3026,forward,884736,4096,1809,1816,True
ep0,1850,3026,3026,forward,966656,4096,1969,1976,True
ep0,1851,3027,3027,forward,724992,4096,1497,1504,True
ep0,1852,3027,3027,forward,802816,4096,1649,1656,True
ep0,1853,3028,3028,forward,942080,4096,1921,1928,True
ep0,1854,3030,3030,forward,729088,4096,1505,1512,True
ep0,1855,3030,3030,forward,806912,4096,1657,1664,True
ep0,1856,3030,3030,forward,888832,4096,1817,1824,True
ep0,1857,3030,3030,forward,970752,4096,1977,1984,True
ep0,1858,3032,3032,forward,946176,4096,1929,1936,True
ep0,1859,3034,3034,forward,733184,4096,1513,1520,True
ep0,1860,3034,3034,forward,811008,4096,1665,1672,True
ep0,1861,3034,3034,forward,892928,4096,1825,1832,True
ep0,1862,3034,3034,forward,974848,4096,1985,1992,True
ep0,1863,3036,3036,forward,950272,4096,1937,1944,True
ep0,1864,3038,3038,forward,737280,4096,1521,1528,True
ep0,1865,3038,3038,forward,815104,4096,1673,1680,True
ep0,1866,3038,3038,forward,897024,4096,1833,1840,True
ep0,1867,3038,3038,forward,978944,4096,1993,2000,True
ep0,1868,3039,3039,forward,954368,4096,1945,1952,True
ep0,1869,3041,3041,forward,741376,4096,1529,1536,True
ep0,1870,3041,3041,forward,901120,4096,1841,1848,True
ep0,1871,3042,3042,forward,819200,4096,1681,1688,True
ep0,1872,3042,3042,forward,983040,4096,2001,2008,True
ep0,1873,3043,3043,forward,958464,4096,1953,1960,True
ep0,1874,3045,3045,forward,745472,4096,1537,1544,True
ep0,1875,3045,3045,forward,823296,4096,1689,1696,True
ep0,1876,3045,3045,forward,905216,4096,1849,1856,True
ep0,1877,3045,3045,forward,987136,4096,2009,2016,True
ep0,1878,3047,3047,forward,962560,4096,1961,1968,True
ep0,1879,3049,3049,forward,749568,4096,1545,1552,True
ep0,1880,3049,3049,forward,827392,4096,1697,1704,True
ep0,1881,3049,3049,forward,909312,4096,1857,1864,True
ep0,1882,3049,3049,forward,991232,4096,2017,2024,True
ep0,1883,3050,3050,forward,966656,4096,1969,1976,True
ep0,1884,3053,3053,forward,753664,4096,1553,1560,True
ep0,1885,3053,3053,forward,831488,4096,1705,1712,True
ep0,1886,3053,3053,forward,913408,4096,1865,1872,True
ep0,1887,3053,3053,forward,995328,4096,2025,2032,True
ep0,1888,3054,3054,forward,970752,4096,1977,1984,True
ep0,1889,3057,3057,forward,757760,4096,1561,1568,True
ep0,1890,3057,3057,forward,835584,4096,1713,1720,True
ep0,1891,3057,3057,forward,917504,4096,1873,1880,True
ep0,1892,3057,3057,forward,999424,4096,2033,2040,True
ep0,1893,3058,3058,forward,974848,4096,1985,1992,True
ep0,1894,3060,3060,forward,921600,4096,1881,1888,True
ep0,1895,3061,3061,forward,761856,4096,1569,1576,True
ep0,1896,3061,3061,forward,839680,4096,1721,1728,True
ep0,1897,3061,3061,forward,978944,4096,1993,2000,True
ep0,1898,3061,3061,forward,1003520,4096,2041,2048,True
ep0,1899,3064,3064,forward,765952,4096,1577,1584,True
ep0,1900,3064,3064,forward,925696,4096,1889,1896,True
ep0,1901,3064,3064,forward,1007616,4096,2049,2056,True
ep0,1902,3065,3065,forward,843776,4096,1729,1736,True
ep0,1903,3065,3065,forward,983040,4096,2001,2008,True
ep0,1904,3068,3068,forward,770048,4096,1585,1592,True
ep0,1905,3068,3068,forward,847872,4096,1737,1744,True
ep0,1906,3068,3068,forward,929792,4096,1897,1904,True
ep0,1907,3068,3068,forward,1011712,4096,2057,2064,True
ep0,1908,3069,3069,forward,987136,4096,2009,2016,True
ep0,1909,3072,3072,forward,774144,4096,1593,1600,True
ep0,1910,3072,3072,forward,851968,4096,1745,1752,True
ep0,1911,3072,3072,forward,933888,4096,1905,1912,True
ep0,1912,3072,3072,forward,991232,4096,2017,2024,True
ep0,1913,3072,3075,forward,1015808,8192,2065,2080,True
ep0,1914,3076,3076,forward,778240,4096,1601,1608,True
ep0,1915,3076,3076,forward,856064,4096,1753,1760,True
ep0,1916,3076,3076,forward,937984,4096,1913,1920,True
ep0,1917,3076,3076,forward,995328,4096,2025,2032,True
ep0,1918,3079,3079,forward,1024000,4096,2081,2088,True
ep0,1919,3080,3080,forward,782336,4096,1609,1616,True
ep0,1920,3080,3080,forward,860160,4096,1761,1768,True
ep0,1921,3080,3080,forward,942080,4096,1921,1928,True
ep0,1922,3080,3080,forward,999424,4096,2033,2040,True
ep0,1923,3083,3083,forward,864256,4096,1769,1776,True
ep0,1924,3083,3083,forward,946176,4096,1929,1936,True
ep0,1925,3083,3083,forward,1003520,4096,2041,2048,True
ep0,1926,3083,3083,forward,1028096,4096,2089,2096,True
ep0,1927,3084,3084,forward,786432,4096,1617,1624,True
ep0,1928,3087,3087,forward,868352,4096,1777,1784,True
ep0,1929,3087,3087,forward,950272,4096,1937,1944,True
ep0,1930,3087,3087,forward,1007616,4096,2049,2056,True
ep0,1931,3087,3087,forward,1032192,4096,2097,2104,True
ep0,1932,3088,3088,forward,790528,4096,1625,1632,True
ep0,1933,3091,3091,forward,872448,4096,1785,1792,True
ep0,1934,3091,3091,forward,954368,4096,1945,1952,True
ep0,1935,3091,3091,forward,1011712,4096,2057,2064,True
ep0,1936,3091,3091,forward,1036288,4096,2105,2112,True
ep0,1937,3092,3092,forward,794624,4096,1633,1640,True
ep0,1938,3094,3094,forward,876544,4096,1793,1800,True
ep0,1939,3094,3094,forward,1040384,4096,2113,2120,True
ep0,1940,3095,3095,forward,798720,4096,1641,1648,True
ep0,1941,3095,3095,forward,958464,4096,1953,1960,True
ep0,1942,3095,3095,forward,1015808,4096,2065,2072,True
ep0,1943,3098,3098,forward,880640,4096,1801,1808,True
ep0,1944,3098,3098,forward,1019904,4096,2073,2080,True
ep0,1945,3098,3098,forward,1044480,4096,2121,2128,True
ep0,1946,3099,3099,forward,802816,4096,1649,1656,True
ep0,1947,3099,3099,forward,962560,4096,1961,1968,True
ep0,1948,3102,3102,forward,884736,4096,1809,1816,True
ep0,1949,3102,3102,forward,966656,4096,1969,1976,True
ep0,1950,3102,3102,forward,1024000,4096,2081,2088,True
ep0,1951,3102,3102,forward,1048576,4096,2129,2136,True
ep0,1952,3103,3103,forward,806912,4096,1657,1664,True
ep0,1953,3105,3105,forward,888832,4096,1817,1824,True
ep0,1954,3105,3105,forward,1052672,4096,2137,2144,True
ep0,1955,3106,3106,forward,970752,4096,1977,1984,True
ep0,1956,3106,3106,forward,1028096,4096,2089,2096,True
ep0,1957,3107,3107,forward,811008,4096,1665,1672,True
ep0,1958,3109,3109,forward,892928,4096,1825,1832,True
ep0,1959,3109,3109,forward,1056768,4096,2145,2152,True
ep0,1960,3110,3110,forward,974848,4096,1985,1992,True
ep0,1961,3110,3110,forward,1032192,4096,2097,2104,True
ep0,1962,3111,3111,forward,815104,4096,1673,1680,True
ep0,1963,3113,3113,forward,897024,4096,1833,1840,True
ep0,1964,3113,3113,forward,978944,4096,1993,2000,True
ep0,1965,3113,3113,forward,1036288,4096,2105,2112,True
ep0,1966,3113,3113,forward,1060864,4096,2153,2160,True
ep0,1967,3115,3115,forward,819200,4096,1681,1688,True
ep0,1968,3117,3117,forward,901120,4096,1841,1848,True
ep0,1969,3117,3117,forward,983040,4096,2001,2008,True
ep0,1970,3117,3117,forward,1040384,4096,2113,2120,True
ep0,1971,3117,3117,forward,1064960,4096,2161,2168,True
ep0,1972,3118,3118,forward,823296,4096,1689,1696,True
ep0,1973,3120,3120,forward,1069056,4096,2169,2176,True
ep0,1974,3121,3121,forward,905216,4096,1849,1856,True
ep0,1975,3121,3121,forward,987136,4096,2009,2016,True
ep0,1976,3121,3121,forward,1044480,4096,2121,2128,True
ep0,1977,3122,3122,forward,827392,4096,1697,1704,True
ep0,1978,3124,3124,forward,991232,4096,2017,2024,True
ep0,1979,3124,3124,forward,1073152,4096,2177,2184,True
ep0,1980,3125,3125,forward,909312,4096,1857,1864,True
ep0,1981,3125,3125,forward,1048576,4096,2129,2136,True
ep0,1982,3126,3126,forward,831488,4096,1705,1712,True
ep0,1983,3128,3128,forward,913408,4096,1865,1872,True
ep0,1984,3128,3128,forward,995328,4096,2025,2032,True
ep0,1985,3128,3128,forward,1077248,4096,2185,2192,True
ep0,1986,3129,3129,forward,1052672,4096,2137,2144,True
ep0,1987,3130,3130,forward,835584,4096,1713,1720,True
ep0,1988,3131,3131,forward,1081344,4096,2193,2200,True
ep0,1989,3132,3132,forward,917504,4096,1873,1880,True
ep0,1990,3132,3132,forward,999424,4096,2033,2040,True
ep0,1991,3132,3132,forward,1056768,4096,2145,2152,True
ep0,1992,3133,3133,forward,839680,4096,1721,1728,True
ep0,1993,3135,3135,forward,1003520,4096,2041,2048,True
ep0,1994,3135,3135,forward,1085440,4096,2201,2208,True
ep0,1995,3136,3136,forward,921600,4096,1881,1888,True
ep0,1996,3136,3136,forward,1060864,4096,2153,2160,True
ep0,1997,3137,3137,forward,843776,4096,1729,1736,True
ep0,1998,3139,3139,forward,925696,4096,1889,1896,True
ep0,1999,3139,3139,forward,1007616,4096,2049,2056,True
ep0,2000,3139,3139,forward,1089536,4096,2209,2216,True
ep0,2001,3140,3140,forward,1064960,4096,2161,2168,True
ep0,2002,3141,3141,forward,847872,4096,1737,1744,True
ep0,2003,3142,3142,forward,1093632,4096,2217,2224,True
ep0,2004,3143,3143,forward,929792,4096,1897,1904,True
ep0,2005,3143,3143,forward,1011712,4096,2057,2064,True
ep0,2006,3143,3143,forward,1069056,4096,2169,2176,True
ep0,2007,3144,3144,forward,851968,4096,1745,1752,True
ep0,2008,3146,3146,forward,1015808,4096,2065,2072,True
ep0,2009,3146,3146,forward,1097728,4096,2225,2232,True
ep0,2010,3147,3147,forward,933888,4096,1905,1912,True
ep0,2011,3147,3147,forward,1073152,4096,2177,2184,True
ep0,2012,3148,3148,forward,856064,4096,1753,1760,True
ep0,2013,3150,3150,forward,937984,4096,1913,1920,True
ep0,2014,3150,3150,forward,1019904,4096,2073,2080,True
ep0,2015,3150,3150,forward,1101824,4096,2233,2240,True
ep0,2016,3151,3151,forward,1077248,4096,2185,2192,True
ep0,2017,3152,3152,forward,860160,4096,1761,1768,True
ep0,2018,3153,3153,forward,1105920,4096,2241,2248,True
ep0,2019,3154,3154,forward,942080,4096,1921,1928,True
ep0,2020,3154,3154,forward,1024000,4096,2081,2088,True
ep0,2021,3155,3155,forward,864256,4096,1769,1776,True
ep0,2022,3155,3155,forward,1081344,4096,2193,2200,True
ep0,2023,3157,3157,forward,1028096,4096,2089,2096,True
ep0,2024,3157,3157,forward,1110016,4096,2249,2256,True
ep0,2025,3158,3158,forward,946176,4096,1929,1936,True
ep0,2026,3159,3159,forward,868352,4096,1777,1784,True
ep0,2027,3159,3159,forward,1085440,4096,2201,2208,True
ep0,2028,3161,3161,forward,950272,4096,1937,1944,True
ep0,2029,3161,3161,forward,1032192,4096,2097,2104,True
ep0,2030,3161,3161,forward,1114112,4096,2257,2264,True
ep0,2031,3163,3163,forward,872448,4096,1785,1792,True
ep0,2032,3163,3163,forward,1089536,4096,2209,2216,True
ep0,2033,3164,3164,forward,1118208,4096,2265,2272,True
ep0,2034,3165,3165,forward,954368,4096,1945,1952,True
ep0,2035,3165,3165,forward,1036288,4096,2105,2112,True
ep0,2036,3166,3166,forward,876544,4096,1793,1800,True
ep0,2037,3167,3167,forward,1093632,4096,2217,2224,True
ep0,2038,3168,3168,forward,1122304,4096,2273,2280,True
ep0,2039,3169,3169,forward,958464,4096,1953,1960,True
ep0,2040,3169,3169,forward,1040384,4096,2113,2120,True
ep0,2041,3170,3170,forward,880640,4096,1801,1808,True
ep0,2042,3171,3171,forward,1097728,4096,2225,2232,True
ep0,2043,3172,3172,forward,1044480,4096,2121,2128,True
ep0,2044,3172,3172,forward,1126400,4096,2281,2288,True
ep0,2045,3173,3173,forward,962560,4096,1961,1968,True
ep0,2046,3174,3174,forward,884736,4096,1809,1816,True
ep0,2047,3174,3174,forward,1101824,4096,2233,2240,True
ep0,2048,3175,3175,forward,1130496,4096,2289,2296,True
ep0,2049,3176,3176,forward,966656,4096,1969,1976,True
ep0,2050,3176,3176,forward,1048576,4096,2129,2136,True
ep0,2051,3177,3177,forward,888832,4096,1817,1824,True
ep0,2052,3178,3178,forward,1105920,4096,2241,2248,True
ep0,2053,3179,3179,forward,1134592,4096,2297,2304,True
ep0,2054,3180,3180,forward,970752,4096,1977,1984,True
ep0,2055,3180,3180,forward,1052672,4096,2137,2144,True
ep0,2056,3181,3181,forward,892928,4096,1825,1832,True
ep0,2057,3182,3182,forward,1110016,4096,2249,2256,True
ep0,2058,3183,3183,forward,1056768,4096,2145,2152,True
ep0,2059,3183,3183,forward,1138688,4096,2305,2312,True
ep0,2060,3184,3184,forward,974848,4096,1985,1992,True
ep0,2061,3185,3185,forward,897024,4096,1833,1840,True
ep0,2062,3186,3186,forward,1114112,4096,2257,2264,True
ep0,2063,3186,3186,forward,1142784,4096,2313,2320,True
ep0,2064,3187,3187,forward,978944,4096,1993,2000,True
ep0,2065,3187,3187,forward,1060864,4096,2153,2160,True
ep0,2066,3188,3188,forward,901120,4096,1841,1848,True
ep0,2067,3190,3190,forward,1118208,4096,2265,2272,True
ep0,2068,3190,3190,forward,1146880,4096,2321,2328,True
ep0,2069,3191,3191,forward,983040,4096,2001,2008,True
ep0,2070,3191,3191,forward,1064960,4096,2161,2168,True
ep0,2071,3192,3192,forward,905216,4096,1849,1856,True
ep0,2072,3194,3194,forward,1122304,4096,2273,2280,True
ep0,2073,3194,3194,forward,1150976,4096,2329,2336,True
ep0,2074,3195,3195,forward,987136,4096,2009,2016,True
ep0,2075,3195,3195,forward,1069056,4096,2169,2176,True
ep0,2076,3196,3196,forward,909312,4096,1857,1864,True
ep0,2077,3197,3197,forward,1126400,4096,2281,2288,True
ep0,2078,3198,3198,forward,991232,4096,2017,2024,True
ep0,2079,3198,3198,forward,1073152,4096,2177,2184,True
ep0,2080,3198,3198,forward,630784,4096,1313,1320,True
ep0,2081,3200,3200,forward,913408,4096,1865,1872,True
ep0,2082,3201,3201,forward,1130496,4096,2289,2296,True
ep0,2083,3202,3202,forward,995328,4096,2025,2032,True
ep0,2084,3202,3202,forward,1077248,4096,2185,2192,True
ep0,2085,3202,3202,forward,634880,4096,1321,1328,True
ep0,2086,3203,3203,forward,917504,4096,1873,1880,True
ep0,2087,3205,3205,forward,1134592,4096,2297,2304,True
ep0,2088,3205,3205,forward,638976,4096,1329,1336,True
ep0,2089,3206,3206,forward,999424,4096,2033,2040,True
ep0,2090,3206,3206,forward,1081344,4096,2193,2200,True
ep0,2091,3207,3207,forward,921600,4096,1881,1888,True
ep0,2092,3209,3209,forward,1003520,4096,2041,2048,True
ep0,2093,3209,3209,forward,1085440,4096,2201,2208,True
ep0,2094,3209,3209,forward,1138688,4096,2305,2312,True
ep0,2095,3209,3209,forward,643072,4096,1337,1344,True
ep0,2096,3211,3211,forward,925696,4096,1889,1896,True
ep0,2097,3213,3213,forward,1007616,4096,2049,2056,True
ep0,2098,3213,3213,forward,1089536,4096,2209,2216,True
ep0,2099,3213,3213,forward,1142784,4096,2313,2320,True
ep0,2100,3213,3213,forward,647168,4096,1345,1352,True
ep0,2101,3215,3215,forward,929792,4096,1897,1904,True
ep0,2102,3217,3217,forward,1011712,4096,2057,2064,True
ep0,2103,3217,3217,forward,1093632,4096,2217,2224,True
ep0,2104,3217,3217,forward,1146880,4096,2321,2328,True
ep0,2105,3217,3217,forward,651264,4096,1353,1360,True
ep0,2106,3218,3218,forward,933888,4096,1905,1912,True
ep0,2107,3220,3220,forward,1015808,4096,2065,2072,True
ep0,2108,3220,3220,forward,1097728,4096,2225,2232,True
ep0,2109,3220,3220,forward,655360,4096,1361,1368,True
ep0,2110,3221,3221,forward,1150976,4096,2329,2336,True
ep0,2111,3222,3222,forward,937984,4096,1913,1920,True
ep0,2112,3224,3224,forward,1019904,4096,2073,2080,True
ep0,2113,3224,3224,forward,1101824,4096,2233,2240,True
ep0,2114,3224,3224,forward,659456,4096,1369,1376,True
ep0,2115,3225,3225,forward,630784,4096,1313,1320,True
ep0,2116,3226,3226,forward,942080,4096,1921,1928,True
ep0,2117,3228,3228,forward,1024000,4096,2081,2088,True
ep0,2118,3228,3228,forward,1105920,4096,2241,2248,True
ep0,2119,3228,3228,forward,663552,4096,1377,1384,True
ep0,2120,3229,3229,forward,946176,4096,1929,1936,True
ep0,2121,3229,3229,forward,634880,4096,1321,1328,True
ep0,2122,3231,3231,forward,1110016,4096,2249,2256,True
ep0,2123,3231,3231,forward,667648,4096,1385,1392,True
ep0,2124,3232,3232,forward,1028096,4096,2089,2096,True
ep0,2125,3232,3232,forward,638976,4096,1329,1336,True
ep0,2126,3233,3233,forward,950272,4096,1937,1944,True
ep0,2127,3235,3235,forward,1114112,4096,2257,2264,True
ep0,2128,3235,3235,forward,671744,4096,1393,1400,True
ep0,2129,3236,3236,forward,1032192,4096,2097,2104,True
ep0,2130,3236,3236,forward,643072,4096,1337,1344,True
ep0,2131,3237,3237,forward,954368,4096,1945,1952,True
ep0,2132,3239,3239,forward,1118208,4096,2265,2272,True
ep0,2133,3239,3239,forward,675840,4096,1401,1408,True
ep0,2134,3240,3240,forward,958464,4096,1953,1960,True
ep0,2135,3240,3240,forward,1036288,4096,2105,2112,True
ep0,2136,3241,3241,forward,647168,4096,1345,1352,True
ep0,2137,3242,3242,forward,1122304,4096,2273,2280,True
ep0,2138,3242,3242,forward,679936,4096,1409,1416,True
ep0,2139,3243,3243,forward,1040384,4096,2113,2120,True
ep0,2140,3244,3244,forward,962560,4096,1961,1968,True
ep0,2141,3244,3244,forward,651264,4096,1353,1360,True
ep0,2142,3246,3246,forward,1126400,4096,2281,2288,True
ep0,2143,3246,3246,forward,684032,4096,1417,1424,True
ep0,2144,3247,3247,forward,1044480,4096,2121,2128,True
ep0,2145,3248,3248,forward,966656,4096,1969,1976,True
ep0,2146,3248,3248,forward,655360,4096,1361,1368,True
ep0,2147,3250,3250,forward,1130496,4096,2289,2296,True
ep0,2148,3250,3250,forward,688128,4096,1425,1432,True
ep0,2149,3251,3251,forward,970752,4096,1977,1984,True
ep0,2150,3251,3251,forward,1048576,4096,2129,2136,True
ep0,2151,3252,3252,forward,659456,4096,1369,1376,True
ep0,2152,3253,3253,forward,1134592,4096,2297,2304,True
ep0,2153,3253,3253,forward,692224,4096,1433,1440,True
ep0,2154,3255,3255,forward,974848,4096,1985,1992,True
ep0,2155,3255,3255,forward,1052672,4096,2137,2144,True
ep0,2156,3256,3256,forward,663552,4096,1377,1384,True
ep0,2157,3257,3257,forward,1138688,4096,2305,2312,True
ep0,2158,3257,3257,forward,696320,4096,1441,1448,True
ep0,2159,3258,3258,forward,1056768,4096,2145,2152,True
ep0,2160,3259,3259,forward,978944,4096,1993,2000,True
ep0,2161,3260,3260,forward,667648,4096,1385,1392,True
ep0,2162,3261,3261,forward,1142784,4096,2313,2320,True
ep0,2163,3261,3261,forward,700416,4096,1449,1456,True
ep0,2164,3262,3262,forward,983040,4096,2001,2008,True
ep0,2165,3262,3262,forward,1060864,4096,2153,2160,True
ep0,2166,3264,3264,forward,1146880,4096,2321,2328,True
ep0,2167,3264,3264,forward,671744,4096,1393,1400,True
ep0,2168,3264,3264,forward,704512,4096,1457,1464,True
ep0,2169,3266,3266,forward,987136,4096,2009,2016,True
ep0,2170,3266,3266,forward,1064960,4096,2161,2168,True
ep0,2171,3267,3267,forward,675840,4096,1401,1408,True
ep0,2172,3268,3268,forward,1150976,4096,2329,2336,True
ep0,2173,3268,3268,forward,708608,4096,1465,1472,True
ep0,2174,3270,3270,forward,991232,4096,2017,2024,True
ep0,2175,3270,3270,forward,1069056,4096,2169,2176,True
ep0,2176,3271,3271,forward,679936,4096,1409,1416,True
ep0,2177,3272,3272,forward,630784,4096,1313,1320,True
ep0,2178,3272,3272,forward,712704,4096,1473,1480,True
ep0,2179,3273,3273,forward,995328,4096,2025,2032,True
ep0,2180,3274,3274,forward,1073152,4096,2177,2184,True
ep0,2181,3275,3275,forward,684032,4096,1417,1424,True
ep0,2182,3276,3276,forward,634880,4096,1321,1328,True
ep0,2183,3276,3276,forward,716800,4096,1481,1488,True
ep0,2184,3277,3277,forward,999424,4096,2033,2040,True
ep0,2185,3278,3278,forward,1077248,4096,2185,2192,True
ep0,2186,3278,3278,forward,688128,4096,1425,1432,True
ep0,2187,3279,3279,forward,638976,4096,1329,1336,True
ep0,2188,3279,3279,forward,720896,4096,1489,1496,True
ep0,2189,3281,3281,forward,1003520,4096,2041,2048,True
ep0,2190,3281,3281,forward,1081344,4096,2193,2200,True
ep0,2191,3282,3282,forward,692224,4096,1433,1440,True
ep0,2192,3283,3283,forward,643072,4096,1337,1344,True
ep0,2193,3283,3283,forward,724992,4096,1497,1504,True
ep0,2194,3284,3284,forward,1007616,4096,2049,2056,True
ep0,2195,3285,3285,forward,1085440,4096,2201,2208,True
ep0,2196,3286,3286,forward,696320,4096,1441,1448,True
ep0,2197,3287,3287,forward,647168,4096,1345,1352,True
ep0,2198,3287,3287,forward,729088,4096,1505,1512,True
ep0,2199,3288,3288,forward,1011712,4096,2057,2064,True
ep0,2200,3289,3289,forward,1089536,4096,2209,2216,True
ep0,2201,3290,3290,forward,651264,4096,1353,1360,True
ep0,2202,3290,3290,forward,700416,4096,1449,1456,True
ep0,2203,3291,3291,forward,733184,4096,1513,1520,True
ep0,2204,3292,3292,forward,1015808,4096,2065,2072,True
ep0,2205,3292,3292,forward,1093632,4096,2217,2224,True
ep0,2206,3294,3294,forward,655360,4096,1361,1368,True
ep0,2207,3294,3294,forward,704512,4096,1457,1464,True
ep0,2208,3294,3294,forward,737280,4096,1521,1528,True
ep0,2209,3295,3295,forward,1019904,4096,2073,2080,True
ep0,2210,3296,3296,forward,1097728,4096,2225,2232,True
ep0,2211,3297,3297,forward,708608,4096,1465,1472,True
ep0,2212,3298,3298,forward,659456,4096,1369,1376,True
ep0,2213,3298,3298,forward,741376,4096,1529,1536,True
ep0,2214,3299,3299,forward,1024000,4096,2081,2088,True
ep0,2215,3300,3300,forward,1101824,4096,2233,2240,True
ep0,2216,3301,3301,forward,712704,4096,1473,1480,True
ep0,2217,3302,3302,forward,663552,4096,1377,1384,True
ep0,2218,3302,3302,forward,745472,4096,1537,1544,True
ep0,2219,3303,3303,forward,1028096,4096,2089,2096,True
ep0,2220,3304,3304,forward,1105920,4096,2241,2248,True
ep0,2221,3305,3305,forward,716800,4096,1481,1488,True
ep0,2222,3306,3306,forward,667648,4096,1385,1392,True
ep0,2223,3307,3307,forward,1032192,4096,2097,2104,True
ep0,2224,3307,3307,forward,1110016,4096,2249,2256,True
ep0,2225,3309,3309,forward,720896,4096,1489,1496,True
ep0,2226,3310,3310,forward,671744,4096,1393,1400,True
ep0,2227,3311,3311,forward,1036288,4096,2105,2112,True
ep0,2228,3311,3311,forward,1114112,4096,2257,2264,True
ep0,2229,3312,3312,forward,724992,4096,1497,1504,True
ep0,2230,3313,3313,forward,675840,4096,1401,1408,True
ep0,2231,3315,3315,forward,1040384,4096,2113,2120,True
ep0,2232,3315,3315,forward,1118208,4096,2265,2272,True
ep0,2233,3316,3316,forward,729088,4096,1505,1512,True
ep0,2234,3317,3317,forward,679936,4096,1409,1416,True
ep0,2235,3317,3317,forward,749568,4096,1545,1552,True
ep0,2236,3318,3318,forward,1122304,4096,2273,2280,True
ep0,2237,3319,3319,forward,1044480,4096,2121,2128,True
ep0,2238,3320,3320,forward,733184,4096,1513,1520,True
ep0,2239,3321,3321,forward,684032,4096,1417,1424,True
ep0,2240,3321,3321,forward,753664,4096,1553,1560,True
ep0,2241,3322,3322,forward,1048576,4096,2129,2136,True
ep0,2242,3322,3322,forward,1126400,4096,2281,2288,True
ep0,2243,3324,3324,forward,688128,4096,1425,1432,True
ep0,2244,3324,3324,forward,737280,4096,1521,1528,True
ep0,2245,3325,3325,forward,757760,4096,1561,1568,True
ep0,2246,3326,3326,forward,1052672,4096,2137,2144,True
ep0,2247,3326,3326,forward,1130496,4096,2289,2296,True
ep0,2248,3328,3328,forward,692224,4096,1433,1440,True
ep0,2249,3328,3328,forward,741376,4096,1529,1536,True
ep0,2250,3329,3329,forward,1134592,4096,2297,2304,True
ep0,2251,3329,3329,forward,761856,4096,1569,1576,True
ep0,2252,3330,3330,forward,1056768,4096,2145,2152,True
ep0,2253,3332,3332,forward,696320,4096,1441,1448,True
ep0,2254,3332,3332,forward,745472,4096,1537,1544,True
ep0,2255,3332,3332,forward,765952,4096,1577,1584,True
ep0,2256,3333,3333,forward,1138688,4096,2305,2312,True
ep0,2257,3334,3334,forward,1060864,4096,2153,2160,True
ep0,2258,3336,3336,forward,700416,4096,1449,1456,True
ep0,2259,3336,3336,forward,770048,4096,1585,1592,True
ep0,2260,3337,3337,forward,1142784,4096,2313,2320,True
ep0,2261,3338,3338,forward,1064960,4096,2161,2168,True
ep0,2262,3340,3340,forward,1146880,4096,2321,2328,True
ep0,2263,3340,3340,forward,704512,4096,1457,1464,True
ep0,2264,3340,3340,forward,774144,4096,1593,1600,True
ep0,2265,3341,3341,forward,1069056,4096,2169,2176,True
ep0,2266,3343,3343,forward,778240,4096,1601,1608,True
ep0,2267,3344,3344,forward,1150976,4096,2329,2336,True
ep0,2268,3344,3344,forward,708608,4096,1465,1472,True
ep0,2269,3345,3345,forward,1073152,4096,2177,2184,True
ep0,2270,3346,3346,forward,749568,4096,1545,1552,True
ep0,2271,3347,3347,forward,782336,4096,1609,1616,True
ep0,2272,3348,3348,forward,630784,4096,1313,1320,True
ep0,2273,3348,3348,forward,712704,4096,1473,1480,True
ep0,2274,3349,3349,forward,1077248,4096,2185,2192,True
ep0,2275,3351,3351,forward,753664,4096,1553,1560,True
ep0,2276,3352,3352,forward,634880,4096,1321,1328,True
ep0,2277,3352,3352,forward,716800,4096,1481,1488,True
ep0,2278,3353,3353,forward,1081344,4096,2193,2200,True
ep0,2279,3354,3354,forward,757760,4096,1561,1568,True
ep0,2280,3355,3355,forward,638976,4096,1329,1336,True
ep0,2281,3355,3355,forward,720896,4096,1489,1496,True
ep0,2282,3357,3357,forward,1085440,4096,2201,2208,True
ep0,2283,3358,3358,forward,761856,4096,1569,1576,True
ep0,2284,3358,3358,forward,1155072,4096,2337,2344,True
ep0,2285,3359,3359,forward,643072,4096,1337,1344,True
ep0,2286,3359,3359,forward,724992,4096,1497,1504,True
ep0,2287,3361,3361,forward,1089536,4096,2209,2216,True
ep0,2288,3362,3362,forward,765952,4096,1577,1584,True
ep0,2289,3362,3362,forward,1159168,4096,2345,2352,True
ep0,2290,3363,3363,forward,647168,4096,1345,1352,True
ep0,2291,3363,3363,forward,729088,4096,1505,1512,True
ep0,2292,3364,3364,forward,1093632,4096,2217,2224,True
ep0,2293,3365,3365,forward,770048,4096,1585,1592,True
ep0,2294,3365,3365,forward,1163264,4096,2353,2360,True
ep0,2295,3367,3367,forward,651264,4096,1353,1360,True
ep0,2296,3367,3367,forward,733184,4096,1513,1520,True
ep0,2297,3368,3368,forward,1097728,4096,2225,2232,True
ep0,2298,3369,3369,forward,774144,4096,1593,1600,True
ep0,2299,3369,3369,forward,1167360,4096,2361,2368,True
ep0,2300,3370,3370,forward,655360,4096,1361,1368,True
ep0,2301,3371,3371,forward,737280,4096,1521,1528,True
ep0,2302,3373,3373,forward,1101824,4096,2233,2240,True
ep0,2303,3373,3373,forward,778240,4096,1601,1608,True
ep0,2304,3373,3373,forward,1171456,4096,2369,2376,True
ep0,2305,3374,3374,forward,659456,4096,1369,1376,True
ep0,2306,3374,3374,forward,741376,4096,1529,1536,True
ep0,2307,3377,3377,forward,1105920,4096,2241,2248,True
ep0,2308,3377,3377,forward,782336,4096,1609,1616,True
ep0,2309,3377,3377,forward,1175552,4096,2377,2384,True
ep0,2310,3378,3378,forward,663552,4096,1377,1384,True
ep0,2311,3378,3378,forward,745472,4096,1537,1544,True
ep0,2312,3380,3380,forward,1110016,4096,2249,2256,True
ep0,2313,3380,3380,forward,1179648,4096,2385,2392,True
ep0,2314,3381,3381,forward,667648,4096,1385,1392,True
ep0,2315,3381,3381,forward,1155072,4096,2337,2344,True
ep0,2316,3382,3382,forward,749568,4096,1545,1552,True
ep0,2317,3384,3384,forward,1114112,4096,2257,2264,True
ep0,2318,3384,3384,forward,1183744,4096,2393,2400,True
ep0,2319,3385,3385,forward,671744,4096,1393,1400,True
ep0,2320,3385,3385,forward,1159168,4096,2345,2352,True
ep0,2321,3386,3386,forward,753664,4096,1553,1560,True
ep0,2322,3388,3388,forward,1118208,4096,2265,2272,True
ep0,2323,3388,3388,forward,1187840,4096,2401,2408,True
ep0,2324,3389,3389,forward,675840,4096,1401,1408,True
ep0,2325,3389,3389,forward,1163264,4096,2353,2360,True
ep0,2326,3390,3390,forward,757760,4096,1561,1568,True
ep0,2327,3391,3391,forward,1191936,4096,2409,2416,True
ep0,2328,3392,3392,forward,679936,4096,1409,1416,True
ep0,2329,3393,3393,forward,1167360,4096,2361,2368,True
ep0,2330,3395,3395,forward,1196032,4096,2417,2424,True
ep0,2331,3396,3396,forward,684032,4096,1417,1424,True
ep0,2332,3397,3397,forward,1171456,4096,2369,2376,True
ep0,2333,3399,3399,forward,1200128,4096,2425,2432,True
ep0,2334,3400,3400,forward,688128,4096,1425,1432,True
ep0,2335,3401,3401,forward,1175552,4096,2377,2384,True
ep0,2336,3402,3402,forward,1122304,4096,2273,2280,True
ep0,2337,3402,3402,forward,1204224,4096,2433,2440,True
ep0,2338,3404,3404,forward,692224,4096,1433,1440,True
ep0,2339,3404,3404,forward,1179648,4096,2385,2392,True
ep0,2340,3405,3405,forward,761856,4096,1569,1576,True
ep0,2341,3406,3406,forward,1126400,4096,2281,2288,True
ep0,2342,3406,3406,forward,1208320,4096,2441,2448,True
ep0,2343,3407,3407,forward,696320,4096,1441,1448,True
ep0,2344,3408,3408,forward,1183744,4096,2393,2400,True
ep0,2345,3409,3409,forward,765952,4096,1577,1584,True
ep0,2346,3410,3410,forward,1130496,4096,2289,2296,True
ep0,2347,3410,3410,forward,1212416,4096,2449,2456,True
ep0,2348,3411,3411,forward,700416,4096,1449,1456,True
ep0,2349,3412,3412,forward,1187840,4096,2401,2408,True
ep0,2350,3413,3413,forward,770048,4096,1585,1592,True
ep0,2351,3413,3413,forward,1216512,4096,2457,2464,True
ep0,2352,3414,3414,forward,1134592,4096,2297,2304,True
ep0,2353,3415,3415,forward,704512,4096,1457,1464,True
ep0,2354,3416,3416,forward,774144,4096,1593,1600,True
ep0,2355,3416,3416,forward,1191936,4096,2409,2416,True
ep0,2356,3417,3417,forward,1220608,4096,2465,2472,True
ep0,2357,3418,3418,forward,1138688,4096,2305,2312,True
ep0,2358,3418,3418,forward,708608,4096,1465,1472,True
ep0,2359,3419,3419,forward,1196032,4096,2417,2424,True
ep0,2360,3420,3420,forward,778240,4096,1601,1608,True
ep0,2361,3421,3421,forward,1224704,4096,2473,2480,True
ep0,2362,3422,3422,forward,1142784,4096,2313,2320,True
ep0,2363,3422,3422,forward,712704,4096,1473,1480,True
ep0,2364,3423,3423,forward,1200128,4096,2425,2432,True
ep0,2365,3424,3424,forward,782336,4096,1609,1616,True
ep0,2366,3424,3424,forward,1228800,4096,2481,2488,True
ep0,2367,3426,3426,forward,1146880,4096,2321,2328,True
ep0,2368,3426,3426,forward,716800,4096,1481,1488,True
ep0,2369,3427,3427,forward,1204224,4096,2433,2440,True
ep0,2370,3428,3428,forward,1232896,4096,2489,2496,True
ep0,2371,3429,3429,forward,1150976,4096,2329,2336,True
ep0,2372,3430,3430,forward,720896,4096,1489,1496,True
ep0,2373,3430,3430,forward,1208320,4096,2441,2448,True
ep0,2374,3432,3432,forward,1236992,4096,2497,2504,True
ep0,2375,3433,3433,forward,724992,4096,1497,1504,True
ep0,2376,3434,3434,forward,1851392,4096,3697,3704,True
ep0,2377,3434,3434,forward,1155072,4096,2337,2344,True
ep0,2378,3434,3434,forward,1212416,4096,2449,2456,True
ep0,2379,3435,3435,forward,1241088,4096,2505,2512,True
ep0,2380,3437,3437,forward,729088,4096,1505,1512,True
ep0,2381,3437,3437,forward,1159168,4096,2345,2352,True
ep0,2382,3438,3438,forward,1855488,4096,3705,3712,True
ep0,2383,3438,3438,forward,1216512,4096,2457,2464,True
ep0,2384,3439,3439,forward,1245184,4096,2513,2520,True
ep0,2385,3441,3441,forward,733184,4096,1513,1520,True
ep0,2386,3441,3441,forward,1163264,4096,2353,2360,True
ep0,2387,3441,3441,forward,1220608,4096,2465,2472,True
ep0,2388,3442,3442,forward,1859584,4096,3713,3720,True
ep0,2389,3443,3443,forward,1249280,4096,2521,2528,True
ep0,2390,3444,3444,forward,737280,4096,1521,1528,True
ep0,2391,3445,3445,forward,1167360,4096,2361,2368,True
ep0,2392,3445,3445,forward,1224704,4096,2473,2480,True
ep0,2393,3446,3446,forward,1863680,4096,3721,3728,True
ep0,2394,3446,3446,forward,1253376,4096,2529,2536,True
ep0,2395,3448,3448,forward,741376,4096,1529,1536,True
ep0,2396,3449,3449,forward,1867776,4096,3729,3736,True
ep0,2397,3449,3449,forward,1171456,4096,2369,2376,True
ep0,2398,3449,3449,forward,1228800,4096,2481,2488,True
ep0,2399,3450,3450,forward,1257472,4096,2537,2544,True
ep0,2400,3452,3452,forward,745472,4096,1537,1544,True
ep0,2401,3452,3452,forward,1232896,4096,2489,2496,True
ep0,2402,3453,3453,forward,1871872,4096,3737,3744,True
ep0,2403,3453,3453,forward,1175552,4096,2377,2384,True
ep0,2404,3454,3454,forward,1261568,4096,2545,2552,True
ep0,2405,3455,3455,forward,749568,4096,1545,1552,True
ep0,2406,3456,3456,forward,1179648,4096,2385,2392,True
ep0,2407,3456,3456,forward,1236992,4096,2497,2504,True
ep0,2408,3457,3457,forward,1875968,4096,3745,3752,True
ep0,2409,3457,3457,forward,1265664,4096,2553,2560,True
ep0,2410,3460,3460,forward,1880064,4096,3753,3760,True
ep0,2411,3460,3460,forward,1183744,4096,2393,2400,True
ep0,2412,3460,3460,forward,1241088,4096,2505,2512,True
ep0,2413,3461,3461,forward,1269760,4096,2561,2568,True
ep0,2414,3463,3463,forward,1245184,4096,2513,2520,True
ep0,2415,3464,3464,forward,1884160,4096,3761,3768,True
ep0,2416,3464,3464,forward,1187840,4096,2401,2408,True
ep0,2417,3465,3465,forward,1273856,4096,2569,2576,True
ep0,2418,3467,3467,forward,1191936,4096,2409,2416,True
ep0,2419,3467,3467,forward,1249280,4096,2521,2528,True
ep0,2420,3468,3468,forward,1888256,4096,3769,3776,True
ep0,2421,3469,3469,forward,1277952,4096,2577,2584,True
ep0,2422,3471,3471,forward,1892352,4096,3777,3784,True
ep0,2423,3471,3471,forward,753664,4096,1553,1560,True
ep0,2424,3471,3471,forward,1196032,4096,2417,2424,True
ep0,2425,3471,3471,forward,1253376,4096,2529,2536,True
ep0,2426,3472,3472,forward,1282048,4096,2585,2592,True
ep0,2427,3474,3474,forward,1257472,4096,2537,2544,True
ep0,2428,3475,3475,forward,1896448,4096,3785,3792,True
ep0,2429,3475,3475,forward,757760,4096,1561,1568,True
ep0,2430,3475,3475,forward,1200128,4096,2425,2432,True
ep0,2431,3476,3476,forward,1286144,4096,2593,2600,True
ep0,2432,3478,3478,forward,761856,4096,1569,1576,True
ep0,2433,3478,3478,forward,1261568,4096,2545,2552,True
ep0,2434,3479,3479,forward,1900544,4096,3793,3800,True
ep0,2435,3479,3479,forward,1204224,4096,2433,2440,True
ep0,2436,3480,3480,forward,1290240,4096,2601,2608,True
ep0,2437,3482,3482,forward,765952,4096,1577,1584,True
ep0,2438,3482,3482,forward,1265664,4096,2553,2560,True
ep0,2439,3483,3483,forward,1904640,4096,3801,3808,True
ep0,2440,3483,3483,forward,1208320,4096,2441,2448,True
ep0,2441,3484,3484,forward,1294336,4096,2609,2616,True
ep0,2442,3485,3485,forward,1269760,4096,2561,2568,True
ep0,2443,3486,3486,forward,1908736,4096,3809,3816,True
ep0,2444,3486,3486,forward,770048,4096,1585,1592,True
ep0,2445,3487,3487,forward,1212416,4096,2449,2456,True
ep0,2446,3488,3488,forward,1298432,4096,2617,2624,True
ep0,2447,3489,3489,forward,1273856,4096,2569,2576,True
ep0,2448,3490,3490,forward,1912832,4096,3817,3824,True
ep0,2449,3490,3490,forward,774144,4096,1593,1600,True
ep0,2450,3491,3491,forward,1216512,4096,2457,2464,True
ep0,2451,3491,3491,forward,1302528,4096,2625,2632,True
ep0,2452,3493,3493,forward,778240,4096,1601,1608,True
ep0,2453,3493,3493,forward,1277952,4096,2577,2584,True
ep0,2454,3494,3494,forward,1916928,4096,3825,3832,True
ep0,2455,3495,3495,forward,1220608,4096,2465,2472,True
ep0,2456,3495,3495,forward,1306624,4096,2633,2640,True
ep0,2457,3497,3497,forward,1921024,4096,3833,3840,True
ep0,2458,3497,3497,forward,782336,4096,1609,1616,True
ep0,2459,3497,3497,forward,1282048,4096,2585,2592,True
ep0,2460,3498,3498,forward,1224704,4096,2473,2480,True
ep0,2461,3499,3499,forward,1310720,4096,2641,2648,True
ep0,2462,3501,3501,forward,1925120,4096,3841,3848,True
ep0,2463,3501,3501,forward,1286144,4096,2593,2600,True
ep0,2464,3502,3502,forward,1228800,4096,2481,2488,True
ep0,2465,3503,3503,forward,1314816,4096,2649,2656,True
ep0,2466,3505,3505,forward,1929216,4096,3849,3856,True
ep0,2467,3505,3505,forward,1290240,4096,2601,2608,True
ep0,2468,3506,3506,forward,1232896,4096,2489,2496,True
ep0,2469,3507,3507,forward,1318912,4096,2657,2664,True
ep0,2470,3508,3508,forward,1933312,4096,3857,3864,True
ep0,2471,3508,3508,forward,1294336,4096,2609,2616,True
ep0,2472,3509,3509,forward,1155072,4096,2337,2344,True
ep0,2473,3510,3510,forward,1236992,4096,2497,2504,True
ep0,2474,3511,3511,forward,1323008,4096,2665,2672,True
ep0,2475,3512,3512,forward,1937408,4096,3865,3872,True
ep0,2476,3512,3512,forward,1159168,4096,2345,2352,True
ep0,2477,3512,3512,forward,1298432,4096,2617,2624,True
ep0,2478,3513,3513,forward,1241088,4096,2505,2512,True
ep0,2479,3514,3514,forward,1327104,4096,2673,2680,True
ep0,2480,3516,3516,forward,1941504,4096,3873,3880,True
ep0,2481,3516,3516,forward,1163264,4096,2353,2360,True
ep0,2482,3516,3516,forward,1302528,4096,2625,2632,True
ep0,2483,3517,3517,forward,1245184,4096,2513,2520,True
ep0,2484,3518,3518,forward,1331200,4096,2681,2688,True
ep0,2485,3519,3519,forward,1945600,4096,3881,3888,True
ep0,2486,3519,3519,forward,1306624,4096,2633,2640,True
ep0,2487,3520,3520,forward,1167360,4096,2361,2368,True
ep0,2488,3521,3521,forward,1249280,4096,2521,2528,True
ep0,2489,3522,3522,forward,1335296,4096,2689,2696,True
ep0,2490,3523,3523,forward,1949696,4096,3889,3896,True
ep0,2491,3523,3523,forward,1310720,4096,2641,2648,True
ep0,2492,3524,3524,forward,1171456,4096,2369,2376,True
ep0,2493,3524,3524,forward,1253376,4096,2529,2536,True
ep0,2494,3526,3526,forward,1339392,4096,2697,2704,True
ep0,2495,3527,3527,forward,1953792,4096,3897,3904,True
ep0,2496,3527,3527,forward,1314816,4096,2649,2656,True
ep0,2497,3528,3528,forward,1175552,4096,2377,2384,True
ep0,2498,3528,3528,forward,1257472,4096,2537,2544,True
ep0,2499,3530,3530,forward,1957888,4096,3905,3912,True
ep0,2500,3530,3530,forward,1318912,4096,2657,2664,True
ep0,2501,3530,3530,forward,1343488,4096,2705,2712,True
ep0,2502,3531,3531,forward,1179648,4096,2385,2392,True
ep0,2503,3532,3532,forward,1261568,4096,2545,2552,True
ep0,2504,3534,3534,forward,1961984,4096,3913,3920,True
ep0,2505,3534,3534,forward,1323008,4096,2665,2672,True
ep0,2506,3534,3534,forward,1347584,4096,2713,2720,True
ep0,2507,3535,3535,forward,1183744,4096,2393,2400,True
ep0,2508,3536,3536,forward,1265664,4096,2553,2560,True
ep0,2509,3537,3537,forward,1351680,4096,2721,2728,True
ep0,2510,3538,3538,forward,1966080,4096,3921,3928,True
ep0,2511,3538,3538,forward,1327104,4096,2673,2680,True
ep0,2512,3539,3539,forward,1187840,4096,2401,2408,True
ep0,2513,3539,3539,forward,1269760,4096,2561,2568,True
ep0,2514,3541,3541,forward,1970176,4096,3929,3936,True
ep0,2515,3541,3541,forward,1331200,4096,2681,2688,True
ep0,2516,3541,3541,forward,1355776,4096,2729,2736,True
ep0,2517,3542,3542,forward,1191936,4096,2409,2416,True
ep0,2518,3543,3543,forward,1273856,4096,2569,2576,True
ep0,2519,3545,3545,forward,1335296,4096,2689,2696,True
ep0,2520,3545,3545,forward,1359872,4096,2737,2744,True
ep0,2521,3546,3546,forward,1974272,4096,3937,3944,True
ep0,2522,3546,3546,forward,1196032,4096,2417,2424,True
ep0,2523,3547,3547,forward,1277952,4096,2577,2584,True
ep0,2524,3548,3548,forward,1363968,4096,2745,2752,True
ep0,2525,3549,3549,forward,1339392,4096,2697,2704,True
ep0,2526,3550,3550,forward,1978368,4096,3945,3952,True
ep0,2527,3550,3550,forward,1200128,4096,2425,2432,True
ep0,2528,3551,3551,forward,1282048,4096,2585,2592,True
ep0,2529,3552,3552,forward,1343488,4096,2705,2712,True
ep0,2530,3552,3552,forward,1368064,4096,2753,2760,True
ep0,2531,3553,3553,forward,1204224,4096,2433,2440,True
ep0,2532,3554,3554,forward,1982464,4096,3953,3960,True
ep0,2533,3555,3555,forward,1286144,4096,2593,2600,True
ep0,2534,3556,3556,forward,1347584,4096,2713,2720,True
ep0,2535,3556,3556,forward,1372160,4096,2761,2768,True
ep0,2536,3557,3557,forward,1208320,4096,2441,2448,True
ep0,2537,3558,3558,forward,1986560,4096,3961,3968,True
ep0,2538,3559,3559,forward,1290240,4096,2601,2608,True
ep0,2539,3559,3559,forward,1376256,4096,2769,2776,True
ep0,2540,3560,3560,forward,1351680,4096,2721,2728,True
ep0,2541,3561,3561,forward,1990656,4096,3969,3976,True
ep0,2542,3561,3561,forward,1212416,4096,2449,2456,True
ep0,2543,3562,3562,forward,1294336,4096,2609,2616,True
ep0,2544,3563,3563,forward,1355776,4096,2729,2736,True
ep0,2545,3563,3563,forward,1380352,4096,2777,2784,True
ep0,2546,3564,3564,forward,1216512,4096,2457,2464,True
ep0,2547,3565,3565,forward,1994752,4096,3977,3984,True
ep0,2548,3566,3566,forward,1298432,4096,2617,2624,True
ep0,2549,3567,3567,forward,1359872,4096,2737,2744,True
ep0,2550,3567,3567,forward,1384448,4096,2785,2792,True
ep0,2551,3568,3568,forward,1220608,4096,2465,2472,True
ep0,2552,3569,3569,forward,1998848,4096,3985,3992,True
ep0,2553,3570,3570,forward,1302528,4096,2625,2632,True
ep0,2554,3570,3570,forward,1388544,4096,2793,2800,True
ep0,2555,3571,3571,forward,1363968,4096,2745,2752,True
ep0,2556,3572,3572,forward,2002944,4096,3993,4000,True
ep0,2557,3572,3572,forward,1224704,4096,2473,2480,True
ep0,2558,3574,3574,forward,1306624,4096,2633,2640,True
ep0,2559,3574,3574,forward,1368064,4096,2753,2760,True
ep0,2560,3574,3574,forward,1392640,4096,2801,2808,True
ep0,2561,3575,3575,forward,1228800,4096,2481,2488,True
ep0,2562,3576,3576,forward,2007040,4096,4001,4008,True
ep0,2563,3578,3578,forward,1310720,4096,2641,2648,True
ep0,2564,3578,3578,forward,1372160,4096,2761,2768,True
ep0,2565,3578,3578,forward,1396736,4096,2809,2816,True
ep0,2566,3579,3579,forward,1232896,4096,2489,2496,True
ep0,2567,3580,3580,forward,2011136,4096,4009,4016,True
ep0,2568,3581,3581,forward,1314816,4096,2649,2656,True
ep0,2569,3582,3582,forward,1376256,4096,2769,2776,True
ep0,2570,3582,3582,forward,1400832,4096,2817,2824,True
ep0,2571,3583,3583,forward,2015232,4096,4017,4024,True
ep0,2572,3583,3583,forward,1236992,4096,2497,2504,True
ep0,2573,3585,3585,forward,1318912,4096,2657,2664,True
ep0,2574,3585,3585,forward,1380352,4096,2777,2784,True
ep0,2575,3586,3586,forward,1241088,4096,2505,2512,True
ep0,2576,3586,3586,forward,1404928,4096,2825,2832,True
ep0,2577,3587,3587,forward,2019328,4096,4025,4032,True
ep0,2578,3589,3589,forward,1323008,4096,2665,2672,True
ep0,2579,3589,3589,forward,1384448,4096,2785,2792,True
ep0,2580,3589,3589,forward,1409024,4096,2833,2840,True
ep0,2581,3590,3590,forward,1245184,4096,2513,2520,True
ep0,2582,3591,3591,forward,2023424,4096,4033,4040,True
ep0,2583,3593,3593,forward,1327104,4096,2673,2680,True
ep0,2584,3593,3593,forward,1388544,4096,2793,2800,True
ep0,2585,3593,3593,forward,1413120,4096,2841,2848,True
ep0,2586,3594,3594,forward,1249280,4096,2521,2528,True
ep0,2587,3595,3595,forward,2027520,4096,4041,4048,True
ep0,2588,3596,3596,forward,1392640,4096,2801,2808,True
ep0,2589,3597,3597,forward,1253376,4096,2529,2536,True
ep0,2590,3597,3597,forward,1331200,4096,2681,2688,True
ep0,2591,3597,3597,forward,1417216,4096,2849,2856,True
ep0,2592,3598,3598,forward,2031616,4096,4049,4056,True
ep0,2593,3600,3600,forward,1335296,4096,2689,2696,True
ep0,2594,3600,3600,forward,1396736,4096,2809,2816,True
ep0,2595,3600,3600,forward,1421312,4096,2857,2864,True
ep0,2596,3601,3601,forward,1257472,4096,2537,2544,True
ep0,2597,3602,3602,forward,2035712,4096,4057,4064,True
ep0,2598,3604,3604,forward,1339392,4096,2697,2704,True
ep0,2599,3604,3604,forward,1400832,4096,2817,2824,True
ep0,2600,3604,3604,forward,1425408,4096,2865,2872,True
ep0,2601,3605,3605,forward,1261568,4096,2545,2552,True
ep0,2602,3606,3606,forward,2039808,4096,4065,4072,True
ep0,2603,3608,3608,forward,1265664,4096,2553,2560,True
ep0,2604,3608,3608,forward,1343488,4096,2705,2712,True
ep0,2605,3608,3608,forward,1404928,4096,2825,2832,True
ep0,2606,3608,3608,forward,1429504,4096,2873,2880,True
ep0,2607,3609,3609,forward,2043904,4096,4073,4080,True
ep0,2608,3611,3611,forward,1433600,4096,2881,2888,True
ep0,2609,3612,3612,forward,1269760,4096,2561,2568,True
ep0,2610,3612,3612,forward,1347584,4096,2713,2720,True
ep0,2611,3612,3612,forward,1409024,4096,2833,2840,True
ep0,2612,3613,3613,forward,2048000,4096,4081,4088,True
ep0,2613,3615,3615,forward,1351680,4096,2721,2728,True
ep0,2614,3615,3615,forward,1413120,4096,2841,2848,True
ep0,2615,3615,3615,forward,1437696,4096,2889,2896,True
ep0,2616,3616,3616,forward,1273856,4096,2569,2576,True
ep0,2617,3617,3617,forward,2052096,4096,4089,4096,True
ep0,2618,3619,3619,forward,1355776,4096,2729,2736,True
ep0,2619,3619,3619,forward,1417216,4096,2849,2856,True
ep0,2620,3619,3619,forward,1441792,4096,2897,2904,True
ep0,2621,3620,3620,forward,2056192,4096,4097,4104,True
ep0,2622,3623,3623,forward,1359872,4096,2737,2744,True
ep0,2623,3623,3623,forward,1421312,4096,2857,2864,True
ep0,2624,3623,3623,forward,1445888,4096,2905,2912,True
ep0,2625,3624,3624,forward,2060288,4096,4105,4112,True
ep0,2626,3626,3626,forward,1363968,4096,2745,2752,True
ep0,2627,3626,3626,forward,1425408,4096,2865,2872,True
ep0,2628,3626,3626,forward,1449984,4096,2913,2920,True
ep0,2629,3628,3628,forward,2064384,4096,4113,4120,True
ep0,2630,3630,3630,forward,1368064,4096,2753,2760,True
ep0,2631,3630,3630,forward,1429504,4096,2873,2880,True
ep0,2632,3630,3630,forward,1454080,4096,2921,2928,True
ep0,2633,3631,3631,forward,1277952,4096,2577,2584,True
ep0,2634,3632,3632,forward,2068480,4096,4121,4128,True
ep0,2635,3634,3634,forward,1372160,4096,2761,2768,True
ep0,2636,3634,3634,forward,1433600,4096,2881,2888,True
ep0,2637,3634,3634,forward,1458176,4096,2929,2936,True
ep0,2638,3635,3635,forward,2072576,4096,4129,4136,True
ep0,2639,3635,3635,forward,1282048,4096,2585,2592,True
ep0,2640,3637,3637,forward,1376256,4096,2769,2776,True
ep0,2641,3637,3637,forward,1462272,4096,2937,2944,True
ep0,2642,3638,3638,forward,1286144,4096,2593,2600,True
ep0,2643,3638,3638,forward,1437696,4096,2889,2896,True
ep0,2644,3639,3639,forward,2076672,4096,4137,4144,True
ep0,2645,3641,3641,forward,1380352,4096,2777,2784,True
ep0,2646,3641,3641,forward,1466368,4096,2945,2952,True
ep0,2647,3642,3642,forward,1290240,4096,2601,2608,True
ep0,2648,3642,3642,forward,1441792,4096,2897,2904,True
ep0,2649,3643,3643,forward,2080768,4096,4145,4152,True
ep0,2650,3645,3645,forward,1384448,4096,2785,2792,True
ep0,2651,3645,3645,forward,1470464,4096,2953,2960,True
ep0,2652,3646,3646,forward,1294336,4096,2609,2616,True
ep0,2653,3646,3646,forward,1445888,4096,2905,2912,True
ep0,2654,3647,3647,forward,2084864,4096,4153,4160,True
ep0,2655,3648,3648,forward,1388544,4096,2793,2800,True
ep0,2656,3648,3648,forward,1474560,4096,2961,2968,True
ep0,2657,3649,3649,forward,1298432,4096,2617,2624,True
ep0,2658,3649,3649,forward,1449984,4096,2913,2920,True
ep0,2659,3650,3650,forward,2088960,4096,4161,4168,True
ep0,2660,3652,3652,forward,1392640,4096,2801,2808,True
ep0,2661,3652,3652,forward,1478656,4096,2969,2976,True
ep0,2662,3653,3653,forward,1302528,4096,2625,2632,True
ep0,2663,3653,3653,forward,1454080,4096,2921,2928,True
ep0,2664,3654,3654,forward,2093056,4096,4169,4176,True
ep0,2665,3656,3656,forward,1396736,4096,2809,2816,True
ep0,2666,3656,3656,forward,1482752,4096,2977,2984,True
ep0,2667,3657,3657,forward,1306624,4096,2633,2640,True
ep0,2668,3657,3657,forward,1458176,4096,2929,2936,True
ep0,2669,3658,3658,forward,2097152,4096,4177,4184,True
ep0,2670,3659,3659,forward,1486848,4096,2985,2992,True
ep0,2671,3660,3660,forward,1310720,4096,2641,2648,True
ep0,2672,3660,3660,forward,1400832,4096,2817,2824,True
ep0,2673,3661,3661,forward,1462272,4096,2937,2944,True
ep0,2674,3662,3662,forward,2101248,4096,4185,4192,True
ep0,2675,3663,3663,forward,1404928,4096,2825,2832,True
ep0,2676,3663,3663,forward,1490944,4096,2993,3000,True
ep0,2677,3664,3664,forward,1314816,4096,2649,2656,True
ep0,2678,3664,3664,forward,1466368,4096,2945,2952,True
ep0,2679,3666,3666,forward,2105344,4096,4193,4200,True
ep0,2680,3667,3667,forward,1318912,4096,2657,2664,True
ep0,2681,3667,3667,forward,1409024,4096,2833,2840,True
ep0,2682,3667,3667,forward,1495040,4096,3001,3008,True
ep0,2683,3668,3668,forward,1470464,4096,2953,2960,True
ep0,2684,3670,3670,forward,2109440,4096,4201,4208,True
ep0,2685,3670,3670,forward,1499136,4096,3009,3016,True
ep0,2686,3671,3671,forward,1323008,4096,2665,2672,True
ep0,2687,3671,3671,forward,1413120,4096,2841,2848,True
ep0,2688,3672,3672,forward,1474560,4096,2961,2968,True
ep0,2689,3673,3673,forward,2113536,4096,4209,4216,True
ep0,2690,3674,3674,forward,1417216,4096,2849,2856,True
ep0,2691,3674,3674,forward,1503232,4096,3017,3024,True
ep0,2692,3675,3675,forward,1327104,4096,2673,2680,True
ep0,2693,3676,3676,forward,1478656,4096,2969,2976,True
ep0,2694,3677,3677,forward,2117632,4096,4217,4224,True
ep0,2695,3678,3678,forward,1331200,4096,2681,2688,True
ep0,2696,3678,3678,forward,1421312,4096,2857,2864,True
ep0,2697,3678,3678,forward,1507328,4096,3025,3032,True
ep0,2698,3680,3680,forward,1482752,4096,2977,2984,True
ep0,2699,3681,3681,forward,2121728,4096,4225,4232,True
ep0,2700,3681,3681,forward,1511424,4096,3033,3040,True
ep0,2701,3682,3682,forward,1335296,4096,2689,2696,True
ep0,2702,3682,3682,forward,1425408,4096,2865,2872,True
ep0,2703,3684,3684,forward,1486848,4096,2985,2992,True
ep0,2704,3685,3685,forward,2125824,4096,4233,4240,True
ep0,2705,3685,3685,forward,1429504,4096,2873,2880,True
ep0,2706,3685,3685,forward,1515520,4096,3041,3048,True
ep0,2707,3686,3686,forward,1339392,4096,2697,2704,True
ep0,2708,3687,3687,forward,1490944,4096,2993,3000,True
ep0,2709,3689,3689,forward,2129920,4096,4241,4248,True
ep0,2710,3689,3689,forward,1343488,4096,2705,2712,True
ep0,2711,3689,3689,forward,1433600,4096,2881,2888,True
ep0,2712,3689,3689,forward,1519616,4096,3049,3056,True
ep0,2713,3691,3691,forward,1495040,4096,3001,3008,True
ep0,2714,3692,3692,forward,2134016,4096,4249,4256,True
ep0,2715,3693,3693,forward,1347584,4096,2713,2720,True
ep0,2716,3693,3693,forward,1437696,4096,2889,2896,True
ep0,2717,3693,3693,forward,1523712,4096,3057,3064,True
ep0,2718,3695,3695,forward,1499136,4096,3009,3016,True
ep0,2719,3696,3696,forward,2138112,4096,4257,4264,True
ep0,2720,3696,3696,forward,1441792,4096,2897,2904,True
ep0,2721,3696,3696,forward,1527808,4096,3065,3072,True
ep0,2722,3697,3697,forward,1351680,4096,2721,2728,True
ep0,2723,3699,3699,forward,1503232,4096,3017,3024,True
ep0,2724,3700,3700,forward,2142208,4096,4265,4272,True
ep0,2725,3700,3700,forward,1355776,4096,2729,2736,True
ep0,2726,3700,3700,forward,1445888,4096,2905,2912,True
ep0,2727,3700,3700,forward,1531904,4096,3073,3080,True
ep0,2728,3703,3703,forward,2146304,4096,4273,4280,True
ep0,2729,3703,3703,forward,1507328,4096,3025,3032,True
ep0,2730,3704,3704,forward,1359872,4096,2737,2744,True
ep0,2731,3704,3704,forward,1449984,4096,2913,2920,True
ep0,2732,3704,3704,forward,1536000,4096,3081,3088,True
ep0,2733,3706,3706,forward,1511424,4096,3033,3040,True
ep0,2734,3707,3707,forward,2150400,4096,4281,4288,True
ep0,2735,3707,3707,forward,1540096,4096,3089,3096,True
ep0,2736,3708,3708,forward,1363968,4096,2745,2752,True
ep0,2737,3708,3708,forward,1454080,4096,2921,2928,True
ep0,2738,3710,3710,forward,1515520,4096,3041,3048,True
ep0,2739,3711,3711,forward,2154496,4096,4289,4296,True
ep0,2740,3711,3711,forward,1368064,4096,2753,2760,True
ep0,2741,3711,3711,forward,1458176,4096,2929,2936,True
ep0,2742,3711,3711,forward,1544192,4096,3097,3104,True
ep0,2743,3714,3714,forward,2158592,4096,4297,4304,True
ep0,2744,3714,3714,forward,1519616,4096,3049,3056,True
ep0,2745,3715,3715,forward,1372160,4096,2761,2768,True
ep0,2746,3715,3715,forward,1462272,4096,2937,2944,True
ep0,2747,3715,3715,forward,1548288,4096,3105,3112,True
ep0,2748,3718,3718,forward,2162688,4096,4305,4312,True
ep0,2749,3718,3718,forward,1523712,4096,3057,3064,True
ep0,2750,3718,3718,forward,1552384,4096,3113,3120,True
ep0,2751,3719,3719,forward,1376256,4096,2769,2776,True
ep0,2752,3719,3719,forward,1466368,4096,2945,2952,True
ep0,2753,3721,3721,forward,1527808,4096,3065,3072,True
ep0,2754,3722,3722,forward,2166784,4096,4313,4320,True
ep0,2755,3722,3722,forward,1380352,4096,2777,2784,True
ep0,2756,3722,3722,forward,1470464,4096,2953,2960,True
ep0,2757,3722,3722,forward,1556480,4096,3121,3128,True
ep0,2758,3725,3725,forward,2170880,4096,4321,4328,True
ep0,2759,3725,3725,forward,1531904,4096,3073,3080,True
ep0,2760,3726,3726,forward,1384448,4096,2785,2792,True
ep0,2761,3726,3726,forward,1474560,4096,2961,2968,True
ep0,2762,3726,3726,forward,1560576,4096,3129,3136,True
ep0,2763,3729,3729,forward,2174976,4096,4329,4336,True
ep0,2764,3729,3729,forward,1536000,4096,3081,3088,True
ep0,2765,3729,3729,forward,1564672,4096,3137,3144,True
ep0,2766,3730,3730,forward,1388544,4096,2793,2800,True
ep0,2767,3730,3730,forward,1478656,4096,2969,2976,True
ep0,2768,3732,3732,forward,1540096,4096,3089,3096,True
ep0,2769,3733,3733,forward,2179072,4096,4337,4344,True
ep0,2770,3733,3733,forward,1482752,4096,2977,2984,True
ep0,2771,3733,3733,forward,1568768,4096,3145,3152,True
ep0,2772,3734,3734,forward,1392640,4096,2801,2808,True
ep0,2773,3736,3736,forward,1544192,4096,3097,3104,True
ep0,2774,3737,3737,forward,2183168,4096,4345,4352,True
ep0,2775,3737,3737,forward,1486848,4096,2985,2992,True
ep0,2776,3737,3737,forward,1572864,4096,3153,3160,True
ep0,2777,3738,3738,forward,1396736,4096,2809,2816,True
ep0,2778,3740,3740,forward,2187264,4096,4353,4360,True
ep0,2779,3740,3740,forward,1548288,4096,3105,3112,True
ep0,2780,3740,3740,forward,1576960,4096,3161,3168,True
ep0,2781,3741,3741,forward,1490944,4096,2993,3000,True
ep0,2782,3742,3742,forward,1400832,4096,2817,2824,True
ep0,2783,3743,3743,forward,1552384,4096,3113,3120,True
ep0,2784,3744,3744,forward,2191360,4096,4361,4368,True
ep0,2785,3744,3744,forward,1495040,4096,3001,3008,True
ep0,2786,3744,3744,forward,1581056,4096,3169,3176,True
ep0,2787,3746,3746,forward,1404928,4096,2825,2832,True
ep0,2788,3747,3747,forward,1556480,4096,3121,3128,True
ep0,2789,3748,3748,forward,2195456,4096,4369,4376,True
ep0,2790,3748,3748,forward,1499136,4096,3009,3016,True
ep0,2791,3748,3748,forward,1585152,4096,3177,3184,True
ep0,2792,3750,3750,forward,1409024,4096,2833,2840,True
ep0,2793,3751,3751,forward,2199552,4096,4377,4384,True
ep0,2794,3751,3751,forward,1560576,4096,3129,3136,True
ep0,2795,3751,3751,forward,1589248,4096,3185,3192,True
ep0,2796,3752,3752,forward,1503232,4096,3017,3024,True
ep0,2797,3753,3753,forward,1413120,4096,2841,2848,True
ep0,2798,3754,3754,forward,1564672,4096,3137,3144,True
ep0,2799,3755,3755,forward,2203648,4096,4385,4392,True
ep0,2800,3755,3755,forward,1507328,4096,3025,3032,True
ep0,2801,3755,3755,forward,1593344,4096,3193,3200,True
ep0,2802,3757,3757,forward,1417216,4096,2849,2856,True
ep0,2803,3758,3758,forward,1568768,4096,3145,3152,True
ep0,2804,3759,3759,forward,2207744,4096,4393,4400,True
ep0,2805,3759,3759,forward,1511424,4096,3033,3040,True
ep0,2806,3759,3759,forward,1597440,4096,3201,3208,True
ep0,2807,3761,3761,forward,1421312,4096,2857,2864,True
ep0,2808,3762,3762,forward,2211840,4096,4401,4408,True
ep0,2809,3762,3762,forward,1572864,4096,3153,3160,True
ep0,2810,3762,3762,forward,1601536,4096,3209,3216,True
ep0,2811,3763,3763,forward,1515520,4096,3041,3048,True
ep0,2812,3765,3765,forward,1425408,4096,2865,2872,True
ep0,2813,3765,3765,forward,1576960,4096,3161,3168,True
ep0,2814,3766,3766,forward,2215936,4096,4409,4416,True
ep0,2815,3766,3766,forward,1519616,4096,3049,3056,True
ep0,2816,3766,3766,forward,1605632,4096,3217,3224,True
ep0,2817,3768,3768,forward,1429504,4096,2873,2880,True
ep0,2818,3769,3769,forward,1581056,4096,3169,3176,True
ep0,2819,3770,3770,forward,1155072,4096,2337,2344,True
ep0,2820,3770,3770,forward,1609728,4096,3225,3232,True
ep0,2821,3771,3771,forward,1523712,4096,3057,3064,True
ep0,2822,3772,3772,forward,1433600,4096,2881,2888,True
ep0,2823,3773,3773,forward,1585152,4096,3177,3184,True
ep0,2824,3773,3773,forward,1613824,4096,3233,3240,True
ep0,2825,3774,3774,forward,1159168,4096,2345,2352,True
ep0,2826,3774,3774,forward,1527808,4096,3065,3072,True
ep0,2827,3776,3776,forward,1437696,4096,2889,2896,True
ep0,2828,3776,3776,forward,1589248,4096,3185,3192,True
ep0,2829,3777,3777,forward,1163264,4096,2353,2360,True
ep0,2830,3777,3777,forward,1617920,4096,3241,3248,True
ep0,2831,3778,3778,forward,1531904,4096,3073,3080,True
ep0,2832,3780,3780,forward,1441792,4096,2897,2904,True
ep0,2833,3780,3780,forward,1593344,4096,3193,3200,True
ep0,2834,3781,3781,forward,1167360,4096,2361,2368,True
ep0,2835,3781,3781,forward,1622016,4096,3249,3256,True
ep0,2836,3782,3782,forward,1536000,4096,3081,3088,True
ep0,2837,3784,3784,forward,1445888,4096,2905,2912,True
ep0,2838,3784,3784,forward,1597440,4096,3201,3208,True
ep0,2839,3785,3785,forward,1171456,4096,2369,2376,True
ep0,2840,3785,3785,forward,1540096,4096,3089,3096,True
ep0,2841,3785,3785,forward,1626112,4096,3257,3264,True
ep0,2842,3787,3787,forward,1601536,4096,3209,3216,True
ep0,2843,3788,3788,forward,1449984,4096,2913,2920,True
ep0,2844,3789,3789,forward,1175552,4096,2377,2384,True
ep0,2845,3789,3789,forward,1544192,4096,3097,3104,True
ep0,2846,3789,3789,forward,1630208,4096,3265,3272,True
ep0,2847,3791,3791,forward,1605632,4096,3217,3224,True
ep0,2848,3792,3792,forward,1179648,4096,2385,2392,True
ep0,2849,3792,3792,forward,1454080,4096,2921,2928,True
ep0,2850,3792,3792,forward,1634304,4096,3273,3280,True
ep0,2851,3793,3793,forward,1548288,4096,3105,3112,True
ep0,2852,3795,3795,forward,1609728,4096,3225,3232,True
ep0,2853,3796,3796,forward,1183744,4096,2393,2400,True
ep0,2854,3796,3796,forward,1458176,4096,2929,2936,True
ep0,2855,3796,3796,forward,1552384,4096,3113,3120,True
ep0,2856,3796,3796,forward,1638400,4096,3281,3288,True
ep0,2857,3798,3798,forward,1613824,4096,3233,3240,True
ep0,2858,3800,3800,forward,1187840,4096,2401,2408,True
ep0,2859,3800,3800,forward,1462272,4096,2937,2944,True
ep0,2860,3800,3800,forward,1556480,4096,3121,3128,True
ep0,2861,3800,3800,forward,1642496,4096,3289,3296,True
ep0,2862,3802,3802,forward,1617920,4096,3241,3248,True
ep0,2863,3803,3803,forward,1466368,4096,2945,2952,True
ep0,2864,3804,3804,forward,1191936,4096,2409,2416,True
ep0,2865,3804,3804,forward,1560576,4096,3129,3136,True
ep0,2866,3804,3804,forward,1646592,4096,3297,3304,True
ep0,2867,3806,3806,forward,1622016,4096,3249,3256,True
ep0,2868,3807,3807,forward,1196032,4096,2417,2424,True
ep0,2869,3807,3807,forward,1470464,4096,2953,2960,True
ep0,2870,3807,3807,forward,1564672,4096,3137,3144,True
ep0,2871,3808,3808,forward,1650688,4096,3305,3312,True
ep0,2872,3809,3809,forward,1626112,4096,3257,3264,True
ep0,2873,3811,3811,forward,1200128,4096,2425,2432,True
ep0,2874,3811,3811,forward,1474560,4096,2961,2968,True
ep0,2875,3811,3811,forward,1568768,4096,3145,3152,True
ep0,2876,3811,3811,forward,1654784,4096,3313,3320,True
ep0,2877,3813,3813,forward,1630208,4096,3265,3272,True
ep0,2878,3815,3815,forward,1204224,4096,2433,2440,True
ep0,2879,3815,3815,forward,1478656,4096,2969,2976,True
ep0,2880,3815,3815,forward,1572864,4096,3153,3160,True
ep0,2881,3815,3815,forward,1658880,4096,3321,3328,True
ep0,2882,3817,3817,forward,1634304,4096,3273,3280,True
ep0,2883,3819,3819,forward,1208320,4096,2441,2448,True
ep0,2884,3819,3819,forward,1482752,4096,2977,2984,True
ep0,2885,3819,3819,forward,1576960,4096,3161,3168,True
ep0,2886,3819,3819,forward,1662976,4096,3329,3336,True
ep0,2887,3820,3820,forward,1638400,4096,3281,3288,True
ep0,2888,3823,3823,forward,1212416,4096,2449,2456,True
ep0,2889,3823,3823,forward,1486848,4096,2985,2992,True
ep0,2890,3823,3823,forward,1581056,4096,3169,3176,True
ep0,2891,3823,3823,forward,1667072,4096,3337,3344,True
ep0,2892,3824,3824,forward,1642496,4096,3289,3296,True
ep0,2893,3826,3826,forward,1216512,4096,2457,2464,True
ep0,2894,3826,3826,forward,1490944,4096,2993,3000,True
ep0,2895,3826,3826,forward,1585152,4096,3177,3184,True
ep0,2896,3827,3827,forward,1671168,4096,3345,3352,True
ep0,2897,3828,3828,forward,1646592,4096,3297,3304,True
ep0,2898,3830,3830,forward,1220608,4096,2465,2472,True
ep0,2899,3830,3830,forward,1495040,4096,3001,3008,True
ep0,2900,3830,3830,forward,1589248,4096,3185,3192,True
ep0,2901,3831,3831,forward,1675264,4096,3353,3360,True
ep0,2902,3832,3832,forward,1650688,4096,3305,3312,True
ep0,2903,3834,3834,forward,1224704,4096,2473,2480,True
ep0,2904,3834,3834,forward,1499136,4096,3009,3016,True
ep0,2905,3834,3834,forward,1593344,4096,3193,3200,True
ep0,2906,3835,3835,forward,1679360,4096,3361,3368,True
ep0,2907,3836,3836,forward,1654784,4096,3313,3320,True
ep0,2908,3838,3838,forward,1228800,4096,2481,2488,True
ep0,2909,3838,3838,forward,1503232,4096,3017,3024,True
ep0,2910,3838,3838,forward,1597440,4096,3201,3208,True
ep0,2911,3839,3839,forward,1658880,4096,3321,3328,True
ep0,2912,3839,3839,forward,1683456,4096,3369,3376,True
ep0,2913,3842,3842,forward,1232896,4096,2489,2496,True
ep0,2914,3842,3842,forward,1507328,4096,3025,3032,True
ep0,2915,3842,3842,forward,1601536,4096,3209,3216,True
ep0,2916,3843,3843,forward,1662976,4096,3329,3336,True
ep0,2917,3843,3843,forward,1687552,4096,3377,3384,True
ep0,2918,3845,3845,forward,1236992,4096,2497,2504,True
ep0,2919,3845,3845,forward,1511424,4096,3033,3040,True
ep0,2920,3845,3845,forward,1605632,4096,3217,3224,True
ep0,2921,3846,3846,forward,1691648,4096,3385,3392,True
ep0,2922,3847,3847,forward,1667072,4096,3337,3344,True
ep0,2923,3849,3849,forward,1241088,4096,2505,2512,True
ep0,2924,3849,3849,forward,1515520,4096,3041,3048,True
ep0,2925,3849,3849,forward,1609728,4096,3225,3232,True
ep0,2926,3850,3850,forward,1695744,4096,3393,3400,True
ep0,2927,3851,3851,forward,1671168,4096,3345,3352,True
ep0,2928,3853,3853,forward,1245184,4096,2513,2520,True
ep0,2929,3853,3853,forward,1519616,4096,3049,3056,True
ep0,2930,3853,3853,forward,1613824,4096,3233,3240,True
ep0,2931,3854,3854,forward,1675264,4096,3353,3360,True
ep0,2932,3854,3854,forward,1699840,4096,3401,3408,True
ep0,2933,3856,3856,forward,1249280,4096,2521,2528,True
ep0,2934,3857,3857,forward,1523712,4096,3057,3064,True
ep0,2935,3857,3857,forward,1617920,4096,3241,3248,True
ep0,2936,3858,3858,forward,1679360,4096,3361,3368,True
ep0,2937,3858,3858,forward,1703936,4096,3409,3416,True
ep0,2938,3860,3860,forward,1253376,4096,2529,2536,True
ep0,2939,3861,3861,forward,1527808,4096,3065,3072,True
ep0,2940,3861,3861,forward,1622016,4096,3249,3256,True
ep0,2941,3862,3862,forward,1683456,4096,3369,3376,True
ep0,2942,3862,3862,forward,1708032,4096,3417,3424,True
ep0,2943,3864,3864,forward,1257472,4096,2537,2544,True
ep0,2944,3864,3864,forward,1626112,4096,3257,3264,True
ep0,2945,3865,3865,forward,1531904,4096,3073,3080,True
ep0,2946,3866,3866,forward,1687552,4096,3377,3384,True
ep0,2947,3866,3866,forward,1712128,4096,3425,3432,True
ep0,2948,3867,3867,forward,1261568,4096,2545,2552,True
ep0,2949,3868,3868,forward,1536000,4096,3081,3088,True
ep0,2950,3868,3868,forward,1630208,4096,3265,3272,True
ep0,2951,3869,3869,forward,1691648,4096,3385,3392,True
ep0,2952,3870,3870,forward,1716224,4096,3433,3440,True
ep0,2953,3871,3871,forward,1265664,4096,2553,2560,True
ep0,2954,3872,3872,forward,1540096,4096,3089,3096,True
ep0,2955,3872,3872,forward,1634304,4096,3273,3280,True
ep0,2956,3873,3873,forward,1695744,4096,3393,3400,True
ep0,2957,3874,3874,forward,1720320,4096,3441,3448,True
ep0,2958,3875,3875,forward,1269760,4096,2561,2568,True
ep0,2959,3875,3875,forward,1638400,4096,3281,3288,True
ep0,2960,3876,3876,forward,1544192,4096,3097,3104,True
ep0,2961,3877,3877,forward,1699840,4096,3401,3408,True
ep0,2962,3878,3878,forward,1273856,4096,2569,2576,True
ep0,2963,3878,3878,forward,1724416,4096,3449,3456,True
ep0,2964,3879,3879,forward,1642496,4096,3289,3296,True
ep0,2965,3880,3880,forward,1548288,4096,3105,3112,True
ep0,2966,3881,3881,forward,1703936,4096,3409,3416,True
ep0,2967,3882,3882,forward,1277952,4096,2577,2584,True
ep0,2968,3882,3882,forward,1728512,4096,3457,3464,True
ep0,2969,3883,3883,forward,1552384,4096,3113,3120,True
ep0,2970,3883,3883,forward,1646592,4096,3297,3304,True
ep0,2971,3885,3885,forward,1708032,4096,3417,3424,True
ep0,2972,3886,3886,forward,1282048,4096,2585,2592,True
ep0,2973,3886,3886,forward,1732608,4096,3465,3472,True
ep0,2974,3887,3887,forward,1556480,4096,3121,3128,True
ep0,2975,3887,3887,forward,1650688,4096,3305,3312,True
ep0,2976,3889,3889,forward,1712128,4096,3425,3432,True
ep0,2977,3889,3889,forward,1736704,4096,3473,3480,True
ep0,2978,3890,3890,forward,1286144,4096,2593,2600,True
ep0,2979,3891,3891,forward,1560576,4096,3129,3136,True
ep0,2980,3891,3891,forward,1654784,4096,3313,3320,True
ep0,2981,3892,3892,forward,1716224,4096,3433,3440,True
ep0,2982,3893,3893,forward,1740800,4096,3481,3488,True
ep0,2983,3894,3894,forward,1290240,4096,2601,2608,True
ep0,2984,3894,3894,forward,1564672,4096,3137,3144,True
ep0,2985,3894,3894,forward,1658880,4096,3321,3328,True
ep0,2986,3896,3896,forward,1720320,4096,3441,3448,True
ep0,2987,3897,3897,forward,1294336,4096,2609,2616,True
ep0,2988,3897,3897,forward,1744896,4096,3489,3496,True
ep0,2989,3898,3898,forward,1568768,4096,3145,3152,True
ep0,2990,3898,3898,forward,1662976,4096,3329,3336,True
ep0,2991,3900,3900,forward,1724416,4096,3449,3456,True
ep0,2992,3900,3900,forward,1748992,4096,3497,3504,True
ep0,2993,3901,3901,forward,1298432,4096,2617,2624,True
ep0,2994,3902,3902,forward,1572864,4096,3153,3160,True
ep0,2995,3902,3902,forward,1667072,4096,3337,3344,True
ep0,2996,3904,3904,forward,1728512,4096,3457,3464,True
ep0,2997,3904,3904,forward,1753088,4096,3505,3512,True
ep0,2998,3905,3905,forward,1302528,4096,2625,2632,True
ep0,2999,3905,3905,forward,1576960,4096,3161,3168,True
ep0,3000,3905,3905,forward,1671168,4096,3345,3352,True
ep0,3001,3907,3907,forward,1732608,4096,3465,3472,True
ep0,3002,3908,3908,forward,1306624,4096,2633,2640,True
ep0,3003,3908,3908,forward,1757184,4096,3513,3520,True
ep0,3004,3909,3909,forward,1581056,4096,3169,3176,True
ep0,3005,3909,3909,forward,1675264,4096,3353,3360,True
ep0,3006,3911,3911,forward,1736704,4096,3473,3480,True
ep0,3007,3911,3911,forward,1761280,4096,3521,3528,True
ep0,3008,3912,3912,forward,1310720,4096,2641,2648,True
ep0,3009,3913,3913,forward,1585152,4096,3177,3184,True
ep0,3010,3913,3913,forward,1679360,4096,3361,3368,True
ep0,3011,3915,3915,forward,1740800,4096,3481,3488,True
ep0,3012,3915,3915,forward,1765376,4096,3529,3536,True
ep0,3013,3916,3916,forward,1314816,4096,2649,2656,True
ep0,3014,3916,3916,forward,1589248,4096,3185,3192,True
ep0,3015,3916,3916,forward,1683456,4096,3369,3376,True
ep0,3016,3918,3918,forward,1744896,4096,3489,3496,True
ep0,3017,3919,3919,forward,1318912,4096,2657,2664,True
ep0,3018,3919,3919,forward,1769472,4096,3537,3544,True
ep0,3019,3920,3920,forward,1593344,4096,3193,3200,True
ep0,3020,3920,3920,forward,1687552,4096,3377,3384,True
ep0,3021,3922,3922,forward,1748992,4096,3497,3504,True
ep0,3022,3923,3923,forward,1323008,4096,2665,2672,True
ep0,3023,3923,3923,forward,1773568,4096,3545,3552,True
ep0,3024,3924,3924,forward,1597440,4096,3201,3208,True
ep0,3025,3924,3924,forward,1691648,4096,3385,3392,True
ep0,3026,3926,3926,forward,1753088,4096,3505,3512,True
ep0,3027,3926,3926,forward,1777664,4096,3553,3560,True
ep0,3028,3927,3927,forward,1327104,4096,2673,2680,True
ep0,3029,3927,3927,forward,1601536,4096,3209,3216,True
ep0,3030,3928,3928,forward,1695744,4096,3393,3400,True
ep0,3031,3929,3929,forward,1757184,4096,3513,3520,True
ep0,3032,3930,3930,forward,1331200,4096,2681,2688,True
ep0,3033,3930,3930,forward,1781760,4096,3561,3568,True
ep0,3034,3931,3931,forward,1605632,4096,3217,3224,True
ep0,3035,3931,3931,forward,1699840,4096,3401,3408,True
ep0,3036,3933,3933,forward,1761280,4096,3521,3528,True
ep0,3037,3934,3934,forward,1335296,4096,2689,2696,True
ep0,3038,3934,3934,forward,1785856,4096,3569,3576,True
ep0,3039,3935,3935,forward,1609728,4096,3225,3232,True
ep0,3040,3935,3935,forward,1703936,4096,3409,3416,True
ep0,3041,3937,3937,forward,1765376,4096,3529,3536,True
ep0,3042,3937,3937,forward,1789952,4096,3577,3584,True
ep0,3043,3938,3938,forward,1339392,4096,2697,2704,True
ep0,3044,3938,3938,forward,1613824,4096,3233,3240,True
ep0,3045,3939,3939,forward,1708032,4096,3417,3424,True
ep0,3046,3941,3941,forward,1343488,4096,2705,2712,True
ep0,3047,3941,3941,forward,1769472,4096,3537,3544,True
ep0,3048,3941,3941,forward,1794048,4096,3585,3592,True
ep0,3049,3942,3942,forward,1617920,4096,3241,3248,True
ep0,3050,3942,3942,forward,1712128,4096,3425,3432,True
ep0,3051,3944,3944,forward,1773568,4096,3545,3552,True
ep0,3052,3945,3945,forward,1347584,4096,2713,2720,True
ep0,3053,3945,3945,forward,1798144,4096,3593,3600,True
ep0,3054,3946,3946,forward,1622016,4096,3249,3256,True
ep0,3055,3946,3946,forward,1716224,4096,3433,3440,True
ep0,3056,3948,3948,forward,1777664,4096,3553,3560,True
ep0,3057,3948,3948,forward,1802240,4096,3601,3608,True
ep0,3058,3949,3949,forward,1351680,4096,2721,2728,True
ep0,3059,3949,3949,forward,1626112,4096,3257,3264,True
ep0,3060,3950,3950,forward,1720320,4096,3441,3448,True
ep0,3061,3952,3952,forward,1355776,4096,2729,2736,True
ep0,3062,3952,3952,forward,1781760,4096,3561,3568,True
ep0,3063,3952,3952,forward,1806336,4096,3609,3616,True
ep0,3064,3953,3953,forward,1630208,4096,3265,3272,True
ep0,3065,3953,3953,forward,1724416,4096,3449,3456,True
ep0,3066,3955,3955,forward,1785856,4096,3569,3576,True
ep0,3067,3956,3956,forward,1359872,4096,2737,2744,True
ep0,3068,3956,3956,forward,1810432,4096,3617,3624,True
ep0,3069,3957,3957,forward,1634304,4096,3273,3280,True
ep0,3070,3957,3957,forward,1728512,4096,3457,3464,True
ep0,3071,3959,3959,forward,1789952,4096,3577,3584,True
ep0,3072,3960,3960,forward,1363968,4096,2745,2752,True
ep0,3073,3960,3960,forward,1638400,4096,3281,3288,True
ep0,3074,3960,3960,forward,1814528,4096,3625,3632,True
ep0,3075,3961,3961,forward,1732608,4096,3465,3472,True
ep0,3076,3963,3963,forward,1368064,4096,2753,2760,True
ep0,3077,3963,3963,forward,1794048,4096,3585,3592,True
ep0,3078,3963,3963,forward,1818624,4096,3633,3640,True
ep0,3079,3964,3964,forward,1642496,4096,3289,3296,True
ep0,3080,3964,3964,forward,1736704,4096,3473,3480,True
ep0,3081,3966,3966,forward,1798144,4096,3593,3600,True
ep0,3082,3967,3967,forward,1372160,4096,2761,2768,True
ep0,3083,3967,3967,forward,1822720,4096,3641,3648,True
ep0,3084,3968,3968,forward,1646592,4096,3297,3304,True
ep0,3085,3968,3968,forward,1740800,4096,3481,3488,True
ep0,3086,3970,3970,forward,1802240,4096,3601,3608,True
ep0,3087,3971,3971,forward,1376256,4096,2769,2776,True
ep0,3088,3971,3971,forward,1826816,4096,3649,3656,True
ep0,3089,3972,3972,forward,1650688,4096,3305,3312,True
ep0,3090,3972,3972,forward,1744896,4096,3489,3496,True
ep0,3091,3974,3974,forward,1380352,4096,2777,2784,True
ep0,3092,3974,3974,forward,1806336,4096,3609,3616,True
ep0,3093,3975,3975,forward,1654784,4096,3313,3320,True
ep0,3094,3975,3975,forward,1748992,4096,3497,3504,True
ep0,3095,3975,3975,forward,1830912,4096,3657,3664,True
ep0,3096,3977,3977,forward,1810432,4096,3617,3624,True
ep0,3097,3978,3978,forward,1384448,4096,2785,2792,True
ep0,3098,3978,3978,forward,1835008,4096,3665,3672,True
ep0,3099,3979,3979,forward,1658880,4096,3321,3328,True
ep0,3100,3979,3979,forward,1753088,4096,3505,3512,True
ep0,3101,3981,3981,forward,1814528,4096,3625,3632,True
ep0,3102,3982,3982,forward,1388544,4096,2793,2800,True
ep0,3103,3982,3982,forward,1839104,4096,3673,3680,True
ep0,3104,3983,3983,forward,1662976,4096,3329,3336,True
ep0,3105,3983,3983,forward,1757184,4096,3513,3520,True
ep0,3106,3985,3985,forward,1392640,4096,2801,2808,True
ep0,3107,3985,3985,forward,1818624,4096,3633,3640,True
ep0,3108,3986,3986,forward,1667072,4096,3337,3344,True
ep0,3109,3986,3986,forward,1761280,4096,3521,3528,True
ep0,3110,3986,3986,forward,1843200,4096,3681,3688,True
ep0,3111,3988,3988,forward,1822720,4096,3641,3648,True
ep0,3112,3989,3989,forward,1396736,4096,2809,2816,True
ep0,3113,3990,3990,forward,1671168,4096,3345,3352,True
ep0,3114,3990,3990,forward,1765376,4096,3529,3536,True
ep0,3115,3990,3990,forward,1847296,4096,3689,3696,True
ep0,3116,3992,3992,forward,1826816,4096,3649,3656,True
ep0,3117,3993,3993,forward,1400832,4096,2817,2824,True
ep0,3118,3994,3994,forward,1675264,4096,3353,3360,True
ep0,3119,3994,3994,forward,1769472,4096,3537,3544,True
ep0,3120,3994,3994,forward,1851392,4096,3697,3704,True
ep0,3121,3996,3996,forward,1830912,4096,3657,3664,True
ep0,3122,3997,3997,forward,1404928,4096,2825,2832,True
ep0,3123,3997,3997,forward,1679360,4096,3361,3368,True
ep0,3124,3998,3998,forward,1773568,4096,3545,3552,True
ep0,3125,3998,3998,forward,1855488,4096,3705,3712,True
ep0,3126,3999,3999,forward,1835008,4096,3665,3672,True
ep0,3127,4000,4000,forward,1409024,4096,2833,2840,True
ep0,3128,4001,4001,forward,1683456,4096,3369,3376,True
ep0,3129,4001,4001,forward,1777664,4096,3553,3560,True
ep0,3130,4002,4002,forward,1859584,4096,3713,3720,True
ep0,3131,4003,4003,forward,1839104,4096,3673,3680,True
ep0,3132,4004,4004,forward,1413120,4096,2841,2848,True
ep0,3133,4005,4005,forward,1687552,4096,3377,3384,True
ep0,3134,4005,4005,forward,1781760,4096,3561,3568,True
ep0,3135,4006,4006,forward,1863680,4096,3721,3728,True
ep0,3136,4007,4007,forward,1843200,4096,3681,3688,True
ep0,3137,4008,4008,forward,1417216,4096,2849,2856,True
ep0,3138,4008,4008,forward,1691648,4096,3385,3392,True
ep0,3139,4009,4009,forward,1785856,4096,3569,3576,True
ep0,3140,4010,4010,forward,1847296,4096,3689,3696,True
ep0,3141,4010,4010,forward,1867776,4096,3729,3736,True
ep0,3142,4011,4011,forward,1421312,4096,2857,2864,True
ep0,3143,4012,4012,forward,1695744,4096,3393,3400,True
ep0,3144,4012,4012,forward,1789952,4096,3577,3584,True
ep0,3145,4014,4014,forward,1851392,4096,3697,3704,True
ep0,3146,4014,4014,forward,1871872,4096,3737,3744,True
ep0,3147,4015,4015,forward,1425408,4096,2865,2872,True
ep0,3148,4016,4016,forward,1699840,4096,3401,3408,True
ep0,3149,4016,4016,forward,1794048,4096,3585,3592,True
ep0,3150,4017,4017,forward,1875968,4096,3745,3752,True
ep0,3151,4018,4018,forward,1855488,4096,3705,3712,True
ep0,3152,4019,4019,forward,1429504,4096,2873,2880,True
ep0,3153,4019,4019,forward,1703936,4096,3409,3416,True
ep0,3154,4020,4020,forward,1798144,4096,3593,3600,True
ep0,3155,4021,4021,forward,1880064,4096,3753,3760,True
ep0,3156,4022,4022,forward,1433600,4096,2881,2888,True
ep0,3157,4022,4022,forward,1859584,4096,3713,3720,True
ep0,3158,4023,4023,forward,1708032,4096,3417,3424,True
ep0,3159,4023,4023,forward,1802240,4096,3601,3608,True
ep0,3160,4025,4025,forward,1863680,4096,3721,3728,True
ep0,3161,4025,4025,forward,1884160,4096,3761,3768,True
ep0,3162,4026,4026,forward,1437696,4096,2889,2896,True
ep0,3163,4027,4027,forward,1712128,4096,3425,3432,True
ep0,3164,4027,4027,forward,1806336,4096,3609,3616,True
ep0,3165,4028,4028,forward,1888256,4096,3769,3776,True
ep0,3166,4029,4029,forward,1867776,4096,3729,3736,True
ep0,3167,4030,4030,forward,1441792,4096,2897,2904,True
ep0,3168,4030,4030,forward,1716224,4096,3433,3440,True
ep0,3169,4031,4031,forward,1810432,4096,3617,3624,True
ep0,3170,4032,4032,forward,1892352,4096,3777,3784,True
ep0,3171,4033,4033,forward,1445888,4096,2905,2912,True
ep0,3172,4033,4033,forward,1871872,4096,3737,3744,True
ep0,3173,4034,4034,forward,1720320,4096,3441,3448,True
ep0,3174,4034,4034,forward,1814528,4096,3625,3632,True
ep0,3175,4036,4036,forward,1875968,4096,3745,3752,True
ep0,3176,4036,4036,forward,1896448,4096,3785,3792,True
ep0,3177,4037,4037,forward,1449984,4096,2913,2920,True
ep0,3178,4038,4038,forward,1724416,4096,3449,3456,True
ep0,3179,4038,4038,forward,1818624,4096,3633,3640,True
ep0,3180,4039,4039,forward,1900544,4096,3793,3800,True
ep0,3181,4040,4040,forward,1880064,4096,3753,3760,True
ep0,3182,4041,4041,forward,1454080,4096,2921,2928,True
ep0,3183,4042,4042,forward,1728512,4096,3457,3464,True
ep0,3184,4042,4042,forward,1822720,4096,3641,3648,True
ep0,3185,4043,4043,forward,1904640,4096,3801,3808,True
ep0,3186,4044,4044,forward,1884160,4096,3761,3768,True
ep0,3187,4045,4045,forward,1458176,4096,2929,2936,True
ep0,3188,4045,4045,forward,1732608,4096,3465,3472,True
ep0,3189,4045,4045,forward,1826816,4096,3649,3656,True
ep0,3190,4047,4047,forward,1888256,4096,3769,3776,True
ep0,3191,4047,4047,forward,1908736,4096,3809,3816,True
ep0,3192,4049,4049,forward,1462272,4096,2937,2944,True
ep0,3193,4049,4049,forward,1736704,4096,3473,3480,True
ep0,3194,4049,4049,forward,1830912,4096,3657,3664,True
ep0,3195,4050,4050,forward,1912832,4096,3817,3824,True
ep0,3196,4051,4051,forward,1892352,4096,3777,3784,True
ep0,3197,4052,4052,forward,1466368,4096,2945,2952,True
ep0,3198,4053,4053,forward,1740800,4096,3481,3488,True
ep0,3199,4053,4053,forward,1835008,4096,3665,3672,True
ep0,3200,4054,4054,forward,1916928,4096,3825,3832,True
ep0,3201,4055,4055,forward,1896448,4096,3785,3792,True
ep0,3202,4056,4056,forward,1470464,4096,2953,2960,True
ep0,3203,4056,4056,forward,1839104,4096,3673,3680,True
ep0,3204,4057,4057,forward,1744896,4096,3489,3496,True
ep0,3205,4058,4058,forward,1900544,4096,3793,3800,True
ep0,3206,4058,4058,forward,1921024,4096,3833,3840,True
ep0,3207,4060,4060,forward,1474560,4096,2961,2968,True
ep0,3208,4060,4060,forward,1843200,4096,3681,3688,True
ep0,3209,4061,4061,forward,1748992,4096,3497,3504,True
ep0,3210,4061,4061,forward,1925120,4096,3841,3848,True
ep0,3211,4062,4062,forward,1904640,4096,3801,3808,True
ep0,3212,4063,4063,forward,1478656,4096,2969,2976,True
ep0,3213,4064,4064,forward,1753088,4096,3505,3512,True
ep0,3214,4064,4064,forward,1847296,4096,3689,3696,True
ep0,3215,4065,4065,forward,1929216,4096,3849,3856,True
ep0,3216,4066,4066,forward,1908736,4096,3809,3816,True
ep0,3217,4067,4067,forward,1482752,4096,2977,2984,True
ep0,3218,4068,4068,forward,1757184,4096,3513,3520,True
ep0,3219,4068,4068,forward,1851392,4096,3697,3704,True
ep0,3220,4069,4069,forward,1912832,4096,3817,3824,True
ep0,3221,4069,4069,forward,1933312,4096,3857,3864,True
ep0,3222,4071,4071,forward,1486848,4096,2985,2992,True
ep0,3223,4071,4071,forward,1855488,4096,3705,3712,True
ep0,3224,4072,4072,forward,1761280,4096,3521,3528,True
ep0,3225,4072,4072,forward,1937408,4096,3865,3872,True
ep0,3226,4073,4073,forward,1916928,4096,3825,3832,True
ep0,3227,4075,4075,forward,1490944,4096,2993,3000,True
ep0,3228,4075,4075,forward,1765376,4096,3529,3536,True
ep0,3229,4075,4075,forward,1859584,4096,3713,3720,True
ep0,3230,4076,4076,forward,1941504,4096,3873,3880,True
ep0,3231,4077,4077,forward,1921024,4096,3833,3840,True
ep0,3232,4079,4079,forward,1495040,4096,3001,3008,True
ep0,3233,4079,4079,forward,1863680,4096,3721,3728,True
ep0,3234,4080,4080,forward,1769472,4096,3537,3544,True
ep0,3235,4080,4080,forward,1925120,4096,3841,3848,True
ep0,3236,4080,4080,forward,1945600,4096,3881,3888,True
ep0,3237,4082,4082,forward,1867776,4096,3729,3736,True
ep0,3238,4083,4083,forward,1499136,4096,3009,3016,True
ep0,3239,4083,4083,forward,1773568,4096,3545,3552,True
ep0,3240,4083,4083,forward,1949696,4096,3889,3896,True
ep0,3241,4084,4084,forward,1929216,4096,3849,3856,True
ep0,3242,4086,4086,forward,1871872,4096,3737,3744,True
ep0,3243,4087,4087,forward,1503232,4096,3017,3024,True
ep0,3244,4087,4087,forward,1777664,4096,3553,3560,True
ep0,3245,4087,4087,forward,1953792,4096,3897,3904,True
ep0,3246,4088,4088,forward,1933312,4096,3857,3864,True
ep0,3247,4090,4090,forward,1875968,4096,3745,3752,True
ep0,3248,4091,4091,forward,1507328,4096,3025,3032,True
ep0,3249,4091,4091,forward,1781760,4096,3561,3568,True
ep0,3250,4091,4091,forward,1937408,4096,3865,3872,True
ep0,3251,4091,4091,forward,1957888,4096,3905,3912,True
ep0,3252,4094,4094,forward,1880064,4096,3753,3760,True
ep0,3253,4094,4094,forward,1961984,4096,3913,3920,True
ep0,3254,4095,4095,forward,1511424,4096,3033,3040,True
ep0,3255,4095,4095,forward,1785856,4096,3569,3576,True
ep0,3256,4095,4095,forward,1941504,4096,3873,3880,True
ep0,3257,4097,4097,forward,1884160,4096,3761,3768,True
ep0,3258,4098,4098,forward,1515520,4096,3041,3048,True
ep0,3259,4098,4098,forward,1966080,4096,3921,3928,True
ep0,3260,4099,4099,forward,1789952,4096,3577,3584,True
ep0,3261,4099,4099,forward,1945600,4096,3881,3888,True
ep0,3262,4101,4101,forward,1888256,4096,3769,3776,True
ep0,3263,4102,4102,forward,1519616,4096,3049,3056,True
ep0,3264,4102,4102,forward,1794048,4096,3585,3592,True
ep0,3265,4102,4102,forward,1949696,4096,3889,3896,True
ep0,3266,4102,4102,forward,1970176,4096,3929,3936,True
ep0,3267,4105,4105,forward,1892352,4096,3777,3784,True
ep0,3268,4106,4106,forward,2220032,4096,4417,4424,True
ep0,3269,4106,4106,forward,1798144,4096,3593,3600,True
ep0,3270,4106,4106,forward,1953792,4096,3897,3904,True
ep0,3271,4108,4108,forward,1896448,4096,3785,3792,True
ep0,3272,4110,4110,forward,2224128,4096,4425,4432,True
ep0,3273,4110,4110,forward,1802240,4096,3601,3608,True
ep0,3274,4110,4110,forward,1957888,4096,3905,3912,True
ep0,3275,4112,4112,forward,1900544,4096,3793,3800,True
ep0,3276,4113,4113,forward,2228224,4096,4433,4440,True
ep0,3277,4113,4113,forward,1806336,4096,3609,3616,True
ep0,3278,4114,4114,forward,1961984,4096,3913,3920,True
ep0,3279,4116,4116,forward,1904640,4096,3801,3808,True
ep0,3280,4116,4116,forward,1974272,4096,3937,3944,True
ep0,3281,4117,4117,forward,2232320,4096,4441,4448,True
ep0,3282,4117,4117,forward,1810432,4096,3617,3624,True
ep0,3283,4117,4117,forward,1966080,4096,3921,3928,True
ep0,3284,4119,4119,forward,1908736,4096,3809,3816,True
ep0,3285,4120,4120,forward,1978368,4096,3945,3952,True
ep0,3286,4121,4121,forward,2236416,4096,4449,4456,True
ep0,3287,4121,4121,forward,1814528,4096,3625,3632,True
ep0,3288,4121,4121,forward,1970176,4096,3929,3936,True
ep0,3289,4123,4123,forward,1912832,4096,3817,3824,True
ep0,3290,4124,4124,forward,2240512,4096,4457,4464,True
ep0,3291,4124,4124,forward,1982464,4096,3953,3960,True
ep0,3292,4125,4125,forward,1818624,4096,3633,3640,True
ep0,3293,4126,4126,forward,1974272,4096,3937,3944,True
ep0,3294,4127,4127,forward,1916928,4096,3825,3832,True
ep0,3295,4128,4128,forward,2244608,4096,4465,4472,True
ep0,3296,4128,4128,forward,1822720,4096,3641,3648,True
ep0,3297,4128,4128,forward,1986560,4096,3961,3968,True
ep0,3298,4129,4129,forward,1978368,4096,3945,3952,True
ep0,3299,4131,4131,forward,1921024,4096,3833,3840,True
ep0,3300,4131,4131,forward,1990656,4096,3969,3976,True
ep0,3301,4132,4132,forward,2248704,4096,4473,4480,True
ep0,3302,4132,4132,forward,1826816,4096,3649,3656,True
ep0,3303,4133,4133,forward,1982464,4096,3953,3960,True
ep0,3304,4134,4134,forward,1925120,4096,3841,3848,True
ep0,3305,4135,4135,forward,2252800,4096,4481,4488,True
ep0,3306,4135,4135,forward,1994752,4096,3977,3984,True
ep0,3307,4136,4136,forward,1830912,4096,3657,3664,True
ep0,3308,4138,4138,forward,1929216,4096,3849,3856,True
ep0,3309,4139,4139,forward,2256896,4096,4489,4496,True
ep0,3310,4139,4139,forward,1835008,4096,3665,3672,True
ep0,3311,4139,4139,forward,1998848,4096,3985,3992,True
ep0,3312,4142,4142,forward,1933312,4096,3857,3864,True
ep0,3313,4142,4142,forward,2002944,4096,3993,4000,True
ep0,3314,4143,4143,forward,2260992,4096,4497,4504,True
ep0,3315,4143,4143,forward,1839104,4096,3673,3680,True
ep0,3316,4145,4145,forward,1937408,4096,3865,3872,True
ep0,3317,4146,4146,forward,2265088,4096,4505,4512,True
ep0,3318,4146,4146,forward,2007040,4096,4001,4008,True
ep0,3319,4147,4147,forward,1843200,4096,3681,3688,True
ep0,3320,4148,4148,forward,1986560,4096,3961,3968,True
ep0,3321,4149,4149,forward,1941504,4096,3873,3880,True
ep0,3322,4150,4150,forward,2269184,4096,4513,4520,True
ep0,3323,4150,4150,forward,2011136,4096,4009,4016,True
ep0,3324,4151,4151,forward,1847296,4096,3689,3696,True
ep0,3325,4151,4151,forward,1990656,4096,3969,3976,True
ep0,3326,4153,4153,forward,1945600,4096,3881,3888,True
ep0,3327,4153,4153,forward,2015232,4096,4017,4024,True
ep0,3328,4154,4154,forward,2273280,4096,4521,4528,True
ep0,3329,4155,4155,forward,1851392,4096,3697,3704,True
ep0,3330,4155,4155,forward,1994752,4096,3977,3984,True
ep0,3331,4157,4157,forward,2277376,4096,4529,4536,True
ep0,3332,4157,4157,forward,1949696,4096,3889,3896,True
ep0,3333,4157,4157,forward,2019328,4096,4025,4032,True
ep0,3334,4159,4159,forward,1855488,4096,3705,3712,True
ep0,3335,4159,4159,forward,1998848,4096,3985,3992,True
ep0,3336,4161,4161,forward,2281472,4096,4537,4544,True
ep0,3337,4161,4161,forward,1953792,4096,3897,3904,True
ep0,3338,4161,4161,forward,2023424,4096,4033,4040,True
ep0,3339,4162,4162,forward,2002944,4096,3993,4000,True
ep0,3340,4163,4163,forward,1859584,4096,3713,3720,True
ep0,3341,4164,4164,forward,2027520,4096,4041,4048,True
ep0,3342,4165,4165,forward,2285568,4096,4545,4552,True
ep0,3343,4165,4165,forward,1957888,4096,3905,3912,True
ep0,3344,4166,4166,forward,1863680,4096,3721,3728,True
ep0,3345,4166,4166,forward,2007040,4096,4001,4008,True
ep0,3346,4168,4168,forward,2289664,4096,4553,4560,True
ep0,3347,4168,4168,forward,1961984,4096,3913,3920,True
ep0,3348,4168,4168,forward,2031616,4096,4049,4056,True
ep0,3349,4170,4170,forward,1867776,4096,3729,3736,True
ep0,3350,4170,4170,forward,2011136,4096,4009,4016,True
ep0,3351,4172,4172,forward,2293760,4096,4561,4568,True
ep0,3352,4172,4172,forward,1966080,4096,3921,3928,True
ep0,3353,4172,4172,forward,2035712,4096,4057,4064,True
ep0,3354,4174,4174,forward,1871872,4096,3737,3744,True
ep0,3355,4174,4174,forward,2015232,4096,4017,4024,True
ep0,3356,4175,4175,forward,2039808,4096,4065,4072,True
ep0,3357,4176,4176,forward,2297856,4096,4569,4576,True
ep0,3358,4176,4176,forward,1970176,4096,3929,3936,True
ep0,3359,4177,4177,forward,1875968,4096,3745,3752,True
ep0,3360,4178,4178,forward,2019328,4096,4025,4032,True
ep0,3361,4179,4179,forward,2301952,4096,4577,4584,True
ep0,3362,4179,4179,forward,2043904,4096,4073,4080,True
ep0,3363,4180,4180,forward,1974272,4096,3937,3944,True
ep0,3364,4181,4181,forward,1880064,4096,3753,3760,True
ep0,3365,4182,4182,forward,2023424,4096,4033,4040,True
ep0,3366,4183,4183,forward,2306048,4096,4585,4592,True
ep0,3367,4183,4183,forward,2048000,4096,4081,4088,True
ep0,3368,4184,4184,forward,1978368,4096,3945,3952,True
ep0,3369,4185,4185,forward,1884160,4096,3761,3768,True
ep0,3370,4186,4186,forward,2027520,4096,4041,4048,True
ep0,3371,4186,4186,forward,2052096,4096,4089,4096,True
ep0,3372,4187,4187,forward,2310144,4096,4593,4600,True
ep0,3373,4188,4188,forward,1888256,4096,3769,3776,True
ep0,3374,4188,4188,forward,1982464,4096,3953,3960,True
ep0,3375,4189,4189,forward,2031616,4096,4049,4056,True
ep0,3376,4190,4190,forward,2314240,4096,4601,4608,True
ep0,3377,4190,4190,forward,2056192,4096,4097,4104,True
ep0,3378,4191,4191,forward,1986560,4096,3961,3968,True
ep0,3379,4192,4192,forward,1892352,4096,3777,3784,True
ep0,3380,4193,4193,forward,2035712,4096,4057,4064,True
ep0,3381,4194,4194,forward,2060288,4096,4105,4112,True
ep0,3382,4196,4196,forward,1896448,4096,3785,3792,True
ep0,3383,4197,4197,forward,2039808,4096,4065,4072,True
ep0,3384,4197,4197,forward,2064384,4096,4113,4120,True
ep0,3385,4199,4199,forward,1900544,4096,3793,3800,True
ep0,3386,4201,4201,forward,2043904,4096,4073,4080,True
ep0,3387,4201,4201,forward,2068480,4096,4121,4128,True
ep0,3388,4203,4203,forward,1904640,4096,3801,3808,True
ep0,3389,4205,4205,forward,2318336,4096,4609,4616,True
ep0,3390,4205,4205,forward,2048000,4096,4081,4088,True
ep0,3391,4205,4205,forward,2072576,4096,4129,4136,True
ep0,3392,4206,4206,forward,1990656,4096,3969,3976,True
ep0,3393,4207,4207,forward,1908736,4096,3809,3816,True
ep0,3394,4208,4208,forward,2322432,4096,4617,4624,True
ep0,3395,4208,4208,forward,2076672,4096,4137,4144,True
ep0,3396,4209,4209,forward,1994752,4096,3977,3984,True
ep0,3397,4209,4209,forward,2052096,4096,4089,4096,True
ep0,3398,4210,4210,forward,1912832,4096,3817,3824,True
ep0,3399,4212,4212,forward,2326528,4096,4625,4632,True
ep0,3400,4212,4212,forward,2080768,4096,4145,4152,True
ep0,3401,4213,4213,forward,1998848,4096,3985,3992,True
ep0,3402,4213,4213,forward,2056192,4096,4097,4104,True
ep0,3403,4214,4214,forward,1916928,4096,3825,3832,True
ep0,3404,4216,4216,forward,2330624,4096,4633,4640,True
ep0,3405,4216,4216,forward,2060288,4096,4105,4112,True
ep0,3406,4216,4216,forward,2084864,4096,4153,4160,True
ep0,3407,4217,4217,forward,2002944,4096,3993,4000,True
ep0,3408,4218,4218,forward,1921024,4096,3833,3840,True
ep0,3409,4219,4219,forward,2088960,4096,4161,4168,True
ep0,3410,4220,4220,forward,2334720,4096,4641,4648,True
ep0,3411,4220,4220,forward,2007040,4096,4001,4008,True
ep0,3412,4220,4220,forward,2064384,4096,4113,4120,True
ep0,3413,4221,4221,forward,1925120,4096,3841,3848,True
ep0,3414,4223,4223,forward,2338816,4096,4649,4656,True
ep0,3415,4223,4223,forward,2093056,4096,4169,4176,True
ep0,3416,4224,4224,forward,2011136,4096,4009,4016,True
ep0,3417,4224,4224,forward,2068480,4096,4121,4128,True
ep0,3418,4225,4225,forward,1929216,4096,3849,3856,True
ep0,3419,4227,4227,forward,2342912,4096,4657,4664,True
ep0,3420,4227,4227,forward,2097152,4096,4177,4184,True
ep0,3421,4228,4228,forward,2015232,4096,4017,4024,True
ep0,3422,4228,4228,forward,2072576,4096,4129,4136,True
ep0,3423,4229,4229,forward,1933312,4096,3857,3864,True
ep0,3424,4231,4231,forward,2347008,4096,4665,4672,True
ep0,3425,4231,4231,forward,2101248,4096,4185,4192,True
ep0,3426,4232,4232,forward,1937408,4096,3865,3872,True
ep0,3427,4232,4232,forward,2019328,4096,4025,4032,True
ep0,3428,4232,4232,forward,2076672,4096,4137,4144,True
ep0,3429,4235,4235,forward,2351104,4096,4673,4680,True
ep0,3430,4235,4235,forward,2023424,4096,4033,4040,True
ep0,3431,4235,4235,forward,2080768,4096,4145,4152,True
ep0,3432,4235,4235,forward,2105344,4096,4193,4200,True
ep0,3433,4236,4236,forward,1941504,4096,3873,3880,True
ep0,3434,4238,4238,forward,2109440,4096,4201,4208,True
ep0,3435,4239,4239,forward,2355200,4096,4681,4688,True
ep0,3436,4239,4239,forward,2027520,4096,4041,4048,True
ep0,3437,4239,4239,forward,2084864,4096,4153,4160,True
ep0,3438,4240,4240,forward,1945600,4096,3881,3888,True
ep0,3439,4242,4242,forward,2359296,4096,4689,4696,True
ep0,3440,4242,4242,forward,2113536,4096,4209,4216,True
ep0,3441,4243,4243,forward,2031616,4096,4049,4056,True
ep0,3442,4243,4243,forward,2088960,4096,4161,4168,True
ep0,3443,4244,4244,forward,1949696,4096,3889,3896,True
ep0,3444,4246,4246,forward,2363392,4096,4697,4704,True
ep0,3445,4246,4246,forward,2035712,4096,4057,4064,True
ep0,3446,4246,4246,forward,2117632,4096,4217,4224,True
ep0,3447,4247,4247,forward,1953792,4096,3897,3904,True
ep0,3448,4247,4247,forward,2093056,4096,4169,4176,True
ep0,3449,4249,4249,forward,2121728,4096,4225,4232,True
ep0,3450,4250,4250,forward,2367488,4096,4705,4712,True
ep0,3451,4250,4250,forward,2039808,4096,4065,4072,True
ep0,3452,4251,4251,forward,1957888,4096,3905,3912,True
ep0,3453,4251,4251,forward,2097152,4096,4177,4184,True
ep0,3454,4253,4253,forward,2371584,4096,4713,4720,True
ep0,3455,4253,4253,forward,2125824,4096,4233,4240,True
ep0,3456,4254,4254,forward,2043904,4096,4073,4080,True
ep0,3457,4255,4255,forward,1961984,4096,3913,3920,True
ep0,3458,4255,4255,forward,2101248,4096,4185,4192,True
ep0,3459,4257,4257,forward,2375680,4096,4721,4728,True
ep0,3460,4257,4257,forward,2048000,4096,4081,4088,True
ep0,3461,4257,4257,forward,2129920,4096,4241,4248,True
ep0,3462,4259,4259,forward,2105344,4096,4193,4200,True
ep0,3463,4260,4260,forward,2134016,4096,4249,4256,True
ep0,3464,4261,4261,forward,2379776,4096,4729,4736,True
ep0,3465,4261,4261,forward,2052096,4096,4089,4096,True
ep0,3466,4263,4263,forward,2109440,4096,4201,4208,True
ep0,3467,4264,4264,forward,2383872,4096,4737,4744,True
ep0,3468,4264,4264,forward,2138112,4096,4257,4264,True
ep0,3469,4265,4265,forward,2056192,4096,4097,4104,True
ep0,3470,4267,4267,forward,2113536,4096,4209,4216,True
ep0,3471,4268,4268,forward,2387968,4096,4745,4752,True
ep0,3472,4268,4268,forward,2060288,4096,4105,4112,True
ep0,3473,4268,4268,forward,2142208,4096,4265,4272,True
ep0,3474,4269,4269,forward,1966080,4096,3921,3928,True
ep0,3475,4270,4270,forward,2117632,4096,4217,4224,True
ep0,3476,4271,4271,forward,2146304,4096,4273,4280,True
ep0,3477,4272,4272,forward,2392064,4096,4753,4760,True
ep0,3478,4272,4272,forward,2064384,4096,4113,4120,True
ep0,3479,4273,4273,forward,1970176,4096,3929,3936,True
ep0,3480,4274,4274,forward,2121728,4096,4225,4232,True
ep0,3481,4275,4275,forward,2396160,4096,4761,4768,True
ep0,3482,4275,4275,forward,2150400,4096,4281,4288,True
ep0,3483,4276,4276,forward,2068480,4096,4121,4128,True
ep0,3484,4277,4277,forward,1974272,4096,3937,3944,True
ep0,3485,4278,4278,forward,2125824,4096,4233,4240,True
ep0,3486,4279,4279,forward,2400256,4096,4769,4776,True
ep0,3487,4279,4279,forward,2072576,4096,4129,4136,True
ep0,3488,4279,4279,forward,2154496,4096,4289,4296,True
ep0,3489,4281,4281,forward,1978368,4096,3945,3952,True
ep0,3490,4281,4281,forward,2129920,4096,4241,4248,True
ep0,3491,4282,4282,forward,2158592,4096,4297,4304,True
ep0,3492,4283,4283,forward,2404352,4096,4777,4784,True
ep0,3493,4283,4283,forward,2076672,4096,4137,4144,True
ep0,3494,4285,4285,forward,1982464,4096,3953,3960,True
ep0,3495,4285,4285,forward,2134016,4096,4249,4256,True
ep0,3496,4286,4286,forward,2408448,4096,4785,4792,True
ep0,3497,4286,4286,forward,2162688,4096,4305,4312,True
ep0,3498,4287,4287,forward,2080768,4096,4145,4152,True
ep0,3499,4289,4289,forward,1986560,4096,3961,3968,True
ep0,3500,4289,4289,forward,2138112,4096,4257,4264,True
ep0,3501,4290,4290,forward,2412544,4096,4793,4800,True
ep0,3502,4290,4290,forward,2166784,4096,4313,4320,True
ep0,3503,4291,4291,forward,2084864,4096,4153,4160,True
ep0,3504,4292,4292,forward,1990656,4096,3969,3976,True
ep0,3505,4293,4293,forward,2142208,4096,4265,4272,True
ep0,3506,4293,4293,forward,2170880,4096,4321,4328,True
ep0,3507,4294,4294,forward,2416640,4096,4801,4808,True
ep0,3508,4294,4294,forward,2088960,4096,4161,4168,True
ep0,3509,4296,4296,forward,1994752,4096,3977,3984,True
ep0,3510,4297,4297,forward,2420736,4096,4809,4816,True
ep0,3511,4297,4297,forward,2146304,4096,4273,4280,True
ep0,3512,4297,4297,forward,2174976,4096,4329,4336,True
ep0,3513,4298,4298,forward,2093056,4096,4169,4176,True
ep0,3514,4300,4300,forward,1998848,4096,3985,3992,True
ep0,3515,4300,4300,forward,2150400,4096,4281,4288,True
ep0,3516,4301,4301,forward,2424832,4096,4817,4824,True
ep0,3517,4301,4301,forward,2179072,4096,4337,4344,True
ep0,3518,4302,4302,forward,2097152,4096,4177,4184,True
ep0,3519,4304,4304,forward,2002944,4096,3993,4000,True
ep0,3520,4304,4304,forward,2154496,4096,4289,4296,True
ep0,3521,4305,4305,forward,2428928,4096,4825,4832,True
ep0,3522,4305,4305,forward,2183168,4096,4345,4352,True
ep0,3523,4306,4306,forward,2101248,4096,4185,4192,True
ep0,3524,4308,4308,forward,2433024,4096,4833,4840,True
ep0,3525,4308,4308,forward,2007040,4096,4001,4008,True
ep0,3526,4308,4308,forward,2158592,4096,4297,4304,True
ep0,3527,4309,4309,forward,2105344,4096,4193,4200,True
ep0,3528,4309,4309,forward,2187264,4096,4353,4360,True
ep0,3529,4312,4312,forward,2437120,4096,4841,4848,True
ep0,3530,4312,4312,forward,2011136,4096,4009,4016,True
ep0,3531,4312,4312,forward,2162688,4096,4305,4312,True
ep0,3532,4312,4312,forward,2191360,4096,4361,4368,True
ep0,3533,4313,4313,forward,2109440,4096,4201,4208,True
ep0,3534,4316,4316,forward,2441216,4096,4849,4856,True
ep0,3535,4316,4316,forward,2015232,4096,4017,4024,True
ep0,3536,4316,4316,forward,2166784,4096,4313,4320,True
ep0,3537,4316,4316,forward,2195456,4096,4369,4376,True
ep0,3538,4317,4317,forward,2113536,4096,4209,4216,True
ep0,3539,4319,4319,forward,2445312,4096,4857,4864,True
ep0,3540,4320,4320,forward,2019328,4096,4025,4032,True
ep0,3541,4320,4320,forward,2170880,4096,4321,4328,True
ep0,3542,4320,4320,forward,2199552,4096,4377,4384,True
ep0,3543,4321,4321,forward,2117632,4096,4217,4224,True
ep0,3544,4323,4323,forward,2449408,4096,4865,4872,True
ep0,3545,4323,4323,forward,2023424,4096,4033,4040,True
ep0,3546,4324,4324,forward,2121728,4096,4225,4232,True
ep0,3547,4324,4324,forward,2174976,4096,4329,4336,True
ep0,3548,4324,4324,forward,2203648,4096,4385,4392,True
ep0,3549,4327,4327,forward,2453504,4096,4873,4880,True
ep0,3550,4327,4327,forward,2027520,4096,4041,4048,True
ep0,3551,4327,4327,forward,2179072,4096,4337,4344,True
ep0,3552,4328,4328,forward,2125824,4096,4233,4240,True
ep0,3553,4328,4328,forward,2207744,4096,4393,4400,True
ep0,3554,4330,4330,forward,2457600,4096,4881,4888,True
ep0,3555,4331,4331,forward,2031616,4096,4049,4056,True
ep0,3556,4331,4331,forward,2183168,4096,4345,4352,True
ep0,3557,4332,4332,forward,2129920,4096,4241,4248,True
ep0,3558,4332,4332,forward,2211840,4096,4401,4408,True
ep0,3559,4334,4334,forward,2461696,4096,4889,4896,True
ep0,3560,4335,4335,forward,2035712,4096,4057,4064,True
ep0,3561,4335,4335,forward,2187264,4096,4353,4360,True
ep0,3562,4336,4336,forward,2134016,4096,4249,4256,True
ep0,3563,4336,4336,forward,2215936,4096,4409,4416,True
ep0,3564,4338,4338,forward,2465792,4096,4897,4904,True
ep0,3565,4338,4338,forward,2039808,4096,4065,4072,True
ep0,3566,4339,4339,forward,2138112,4096,4257,4264,True
ep0,3567,4339,4339,forward,2191360,4096,4361,4368,True
ep0,3568,4340,4340,forward,2220032,4096,4417,4424,True
ep0,3569,4342,4342,forward,2469888,4096,4905,4912,True
ep0,3570,4342,4342,forward,2043904,4096,4073,4080,True
ep0,3571,4343,4343,forward,2142208,4096,4265,4272,True
ep0,3572,4343,4343,forward,2195456,4096,4369,4376,True
ep0,3573,4344,4344,forward,2224128,4096,4425,4432,True
ep0,3574,4346,4346,forward,2473984,4096,4913,4920,True
ep0,3575,4346,4346,forward,2048000,4096,4081,4088,True
ep0,3576,4346,4346,forward,2199552,4096,4377,4384,True
ep0,3577,4347,4347,forward,2146304,4096,4273,4280,True
ep0,3578,4348,4348,forward,2228224,4096,4433,4440,True
ep0,3579,4349,4349,forward,2052096,4096,4089,4096,True
ep0,3580,4350,4350,forward,2478080,4096,4921,4928,True
ep0,3581,4350,4350,forward,2203648,4096,4385,4392,True
ep0,3582,4351,4351,forward,2150400,4096,4281,4288,True
ep0,3583,4352,4352,forward,2232320,4096,4441,4448,True
ep0,3584,4353,4353,forward,2482176,4096,4929,4936,True
ep0,3585,4353,4353,forward,2056192,4096,4097,4104,True
ep0,3586,4354,4354,forward,2207744,4096,4393,4400,True
ep0,3587,4355,4355,forward,2154496,4096,4289,4296,True
ep0,3588,4355,4355,forward,2236416,4096,4449,4456,True
ep0,3589,4357,4357,forward,2486272,4096,4937,4944,True
ep0,3590,4357,4357,forward,2060288,4096,4105,4112,True
ep0,3591,4358,4358,forward,2211840,4096,4401,4408,True
ep0,3592,4359,4359,forward,2158592,4096,4297,4304,True
ep0,3593,4359,4359,forward,2240512,4096,4457,4464,True
ep0,3594,4360,4360,forward,2064384,4096,4113,4120,True
ep0,3595,4361,4361,forward,2490368,4096,4945,4952,True
ep0,3596,4361,4361,forward,2215936,4096,4409,4416,True
ep0,3597,4363,4363,forward,2162688,4096,4305,4312,True
ep0,3598,4363,4363,forward,2244608,4096,4465,4472,True
ep0,3599,4364,4364,forward,2068480,4096,4121,4128,True
ep0,3600,4365,4365,forward,2494464,4096,4953,4960,True
ep0,3601,4365,4365,forward,2220032,4096,4417,4424,True
ep0,3602,4366,4366,forward,2248704,4096,4473,4480,True
ep0,3603,4367,4367,forward,2166784,4096,4313,4320,True
ep0,3604,4368,4368,forward,2072576,4096,4129,4136,True
ep0,3605,4369,4369,forward,2498560,4096,4961,4968,True
ep0,3606,4369,4369,forward,2224128,4096,4425,4432,True
ep0,3607,4370,4370,forward,2170880,4096,4321,4328,True
ep0,3608,4370,4370,forward,2252800,4096,4481,4488,True
ep0,3609,4371,4371,forward,2076672,4096,4137,4144,True
ep0,3610,4372,4372,forward,2502656,4096,4969,4976,True
ep0,3611,4373,4373,forward,2228224,4096,4433,4440,True
ep0,3612,4374,4374,forward,2174976,4096,4329,4336,True
ep0,3613,4374,4374,forward,2256896,4096,4489,4496,True
ep0,3614,4375,4375,forward,2080768,4096,4145,4152,True
ep0,3615,4376,4376,forward,2506752,4096,4977,4984,True
ep0,3616,4376,4376,forward,2232320,4096,4441,4448,True
ep0,3617,4377,4377,forward,2260992,4096,4497,4504,True
ep0,3618,4378,4378,forward,2179072,4096,4337,4344,True
ep0,3619,4379,4379,forward,2084864,4096,4153,4160,True
ep0,3620,4380,4380,forward,2510848,4096,4985,4992,True
ep0,3621,4380,4380,forward,2236416,4096,4449,4456,True
ep0,3622,4381,4381,forward,2265088,4096,4505,4512,True
ep0,3623,4382,4382,forward,2183168,4096,4345,4352,True
ep0,3624,4383,4383,forward,2088960,4096,4161,4168,True
ep0,3625,4384,4384,forward,2514944,4096,4993,5000,True
ep0,3626,4384,4384,forward,2240512,4096,4457,4464,True
ep0,3627,4385,4385,forward,2187264,4096,4353,4360,True
ep0,3628,4385,4385,forward,2269184,4096,4513,4520,True
ep0,3629,4386,4386,forward,2093056,4096,4169,4176,True
ep0,3630,4387,4387,forward,2244608,4096,4465,4472,True
ep0,3631,4388,4388,forward,2519040,4096,5001,5008,True
ep0,3632,4389,4389,forward,2191360,4096,4361,4368,True
ep0,3633,4389,4389,forward,2273280,4096,4521,4528,True
ep0,3634,4391,4391,forward,2097152,4096,4177,4184,True
ep0,3635,4391,4391,forward,2248704,4096,4473,4480,True
ep0,3636,4392,4392,forward,2523136,4096,5009,5016,True
ep0,3637,4392,4392,forward,2277376,4096,4529,4536,True
ep0,3638,4393,4393,forward,2195456,4096,4369,4376,True
ep0,3639,4394,4394,forward,2101248,4096,4185,4192,True
ep0,3640,4395,4395,forward,2252800,4096,4481,4488,True
ep0,3641,4396,4396,forward,2527232,4096,5017,5024,True
ep0,3642,4396,4396,forward,2199552,4096,4377,4384,True
ep0,3643,4396,4396,forward,2281472,4096,4537,4544,True
ep0,3644,4398,4398,forward,2105344,4096,4193,4200,True
ep0,3645,4399,4399,forward,2531328,4096,5025,5032,True
ep0,3646,4399,4399,forward,2256896,4096,4489,4496,True
ep0,3647,4400,4400,forward,2203648,4096,4385,4392,True
ep0,3648,4400,4400,forward,2285568,4096,4545,4552,True
ep0,3649,4402,4402,forward,2109440,4096,4201,4208,True
ep0,3650,4402,4402,forward,2260992,4096,4497,4504,True
ep0,3651,4403,4403,forward,2535424,4096,5033,5040,True
ep0,3652,4403,4403,forward,2289664,4096,4553,4560,True
ep0,3653,4404,4404,forward,2207744,4096,4393,4400,True
ep0,3654,4405,4405,forward,2113536,4096,4209,4216,True
ep0,3655,4406,4406,forward,2265088,4096,4505,4512,True
ep0,3656,4407,4407,forward,2539520,4096,5041,5048,True
ep0,3657,4407,4407,forward,2293760,4096,4561,4568,True
ep0,3658,4408,4408,forward,2211840,4096,4401,4408,True
ep0,3659,4409,4409,forward,2117632,4096,4217,4224,True
ep0,3660,4410,4410,forward,2269184,4096,4513,4520,True
ep0,3661,4411,4411,forward,2543616,4096,5049,5056,True
ep0,3662,4411,4411,forward,2215936,4096,4409,4416,True
ep0,3663,4411,4411,forward,2297856,4096,4569,4576,True
ep0,3664,4413,4413,forward,2121728,4096,4225,4232,True
ep0,3665,4413,4413,forward,2273280,4096,4521,4528,True
ep0,3666,4414,4414,forward,2301952,4096,4577,4584,True
ep0,3667,4415,4415,forward,2547712,4096,5057,5064,True
ep0,3668,4415,4415,forward,2220032,4096,4417,4424,True
ep0,3669,4416,4416,forward,2125824,4096,4233,4240,True
ep0,3670,4417,4417,forward,2277376,4096,4529,4536,True
ep0,3671,4418,4418,forward,2306048,4096,4585,4592,True
ep0,3672,4419,4419,forward,2551808,4096,5065,5072,True
ep0,3673,4419,4419,forward,2224128,4096,4425,4432,True
ep0,3674,4420,4420,forward,2129920,4096,4241,4248,True
ep0,3675,4421,4421,forward,2281472,4096,4537,4544,True
ep0,3676,4422,4422,forward,2555904,4096,5073,5080,True
ep0,3677,4422,4422,forward,2310144,4096,4593,4600,True
ep0,3678,4423,4423,forward,2228224,4096,4433,4440,True
ep0,3679,4424,4424,forward,2134016,4096,4249,4256,True
ep0,3680,4424,4424,forward,2285568,4096,4545,4552,True
ep0,3681,4425,4425,forward,2314240,4096,4601,4608,True
ep0,3682,4426,4426,forward,2560000,4096,5081,5088,True
ep0,3683,4426,4426,forward,2232320,4096,4441,4448,True
ep0,3684,4427,4427,forward,2138112,4096,4257,4264,True
ep0,3685,4428,4428,forward,2289664,4096,4553,4560,True
ep0,3686,4429,4429,forward,2318336,4096,4609,4616,True
ep0,3687,4430,4430,forward,2564096,4096,5089,5096,True
ep0,3688,4430,4430,forward,2236416,4096,4449,4456,True
ep0,3689,4431,4431,forward,2142208,4096,4265,4272,True
ep0,3690,4432,4432,forward,2293760,4096,4561,4568,True
ep0,3691,4433,4433,forward,2322432,4096,4617,4624,True
ep0,3692,4434,4434,forward,2568192,4096,5097,5104,True
ep0,3693,4434,4434,forward,2240512,4096,4457,4464,True
ep0,3694,4435,4435,forward,2146304,4096,4273,4280,True
ep0,3695,4435,4435,forward,2297856,4096,4569,4576,True
ep0,3696,4436,4436,forward,2326528,4096,4625,4632,True
ep0,3697,4437,4437,forward,2244608,4096,4465,4472,True
ep0,3698,4438,4438,forward,2572288,4096,5105,5112,True
ep0,3699,4438,4438,forward,2150400,4096,4281,4288,True
ep0,3700,4439,4439,forward,2301952,4096,4577,4584,True
ep0,3701,4440,4440,forward,2330624,4096,4633,4640,True
ep0,3702,4441,4441,forward,2248704,4096,4473,4480,True
ep0,3703,4442,4442,forward,2576384,4096,5113,5120,True
ep0,3704,4442,4442,forward,2154496,4096,4289,4296,True
ep0,3705,4443,4443,forward,2306048,4096,4585,4592,True
ep0,3706,4444,4444,forward,2334720,4096,4641,4648,True
ep0,3707,4445,4445,forward,2252800,4096,4481,4488,True
ep0,3708,4446,4446,forward,2580480,4096,5121,5128,True
ep0,3709,4446,4446,forward,2158592,4096,4297,4304,True
ep0,3710,4446,4446,forward,2310144,4096,4593,4600,True
ep0,3711,4448,4448,forward,2338816,4096,4649,4656,True
ep0,3712,4449,4449,forward,2256896,4096,4489,4496,True
ep0,3713,4450,4450,forward,2584576,4096,5129,5136,True
ep0,3714,4450,4450,forward,2162688,4096,4305,4312,True
ep0,3715,4450,4450,forward,2314240,4096,4601,4608,True
ep0,3716,4452,4452,forward,2342912,4096,4657,4664,True
ep0,3717,4453,4453,forward,2166784,4096,4313,4320,True
ep0,3718,4453,4453,forward,2260992,4096,4497,4504,True
ep0,3719,4454,4454,forward,1523712,4096,3057,3064,True
ep0,3720,4454,4454,forward,2318336,4096,4609,4616,True
ep0,3721,4455,4455,forward,2347008,4096,4665,4672,True
ep0,3722,4456,4456,forward,2265088,4096,4505,4512,True
ep0,3723,4457,4457,forward,1527808,4096,3065,3072,True
ep0,3724,4457,4457,forward,2170880,4096,4321,4328,True
ep0,3725,4458,4458,forward,2322432,4096,4617,4624,True
ep0,3726,4459,4459,forward,2351104,4096,4673,4680,True
ep0,3727,4460,4460,forward,2269184,4096,4513,4520,True
ep0,3728,4461,4461,forward,1531904,4096,3073,3080,True
ep0,3729,4461,4461,forward,2174976,4096,4329,4336,True
ep0,3730,4462,4462,forward,2326528,4096,4625,4632,True
ep0,3731,4463,4463,forward,2355200,4096,4681,4688,True
ep0,3732,4464,4464,forward,2179072,4096,4337,4344,True
ep0,3733,4464,4464,forward,2273280,4096,4521,4528,True
ep0,3734,4465,4465,forward,1536000,4096,3081,3088,True
ep0,3735,4465,4465,forward,2330624,4096,4633,4640,True
ep0,3736,4467,4467,forward,2359296,4096,4689,4696,True
ep0,3737,4468,4468,forward,1540096,4096,3089,3096,True
ep0,3738,4468,4468,forward,2183168,4096,4345,4352,True
ep0,3739,4468,4468,forward,2277376,4096,4529,4536,True
ep0,3740,4469,4469,forward,2334720,4096,4641,4648,True
ep0,3741,4471,4471,forward,2281472,4096,4537,4544,True
ep0,3742,4471,4471,forward,2363392,4096,4697,4704,True
ep0,3743,4472,4472,forward,1544192,4096,3097,3104,True
ep0,3744,4472,4472,forward,2187264,4096,4353,4360,True
ep0,3745,4473,4473,forward,2338816,4096,4649,4656,True
ep0,3746,4474,4474,forward,2367488,4096,4705,4712,True
ep0,3747,4475,4475,forward,2191360,4096,4361,4368,True
ep0,3748,4475,4475,forward,2285568,4096,4545,4552,True
ep0,3749,4476,4476,forward,1548288,4096,3105,3112,True
ep0,3750,4477,4477,forward,2342912,4096,4657,4664,True
ep0,3751,4478,4478,forward,2371584,4096,4713,4720,True
ep0,3752,4479,4479,forward,1552384,4096,3113,3120,True
ep0,3753,4479,4479,forward,2195456,4096,4369,4376,True
ep0,3754,4479,4479,forward,2289664,4096,4553,4560,True
ep0,3755,4481,4481,forward,2347008,4096,4665,4672,True
ep0,3756,4482,4482,forward,2375680,4096,4721,4728,True
ep0,3757,4483,4483,forward,1556480,4096,3121,3128,True
ep0,3758,4483,4483,forward,2199552,4096,4377,4384,True
ep0,3759,4483,4483,forward,2293760,4096,4561,4568,True
ep0,3760,4485,4485,forward,2351104,4096,4673,4680,True
ep0,3761,4485,4485,forward,2379776,4096,4729,4736,True
ep0,3762,4486,4486,forward,2203648,4096,4385,4392,True
ep0,3763,4487,4487,forward,1560576,4096,3129,3136,True
ep0,3764,4487,4487,forward,2297856,4096,4569,4576,True
ep0,3765,4488,4488,forward,2355200,4096,4681,4688,True
ep0,3766,4489,4489,forward,2383872,4096,4737,4744,True
ep0,3767,4490,4490,forward,2207744,4096,4393,4400,True
ep0,3768,4491,4491,forward,1564672,4096,3137,3144,True
ep0,3769,4491,4491,forward,2301952,4096,4577,4584,True
ep0,3770,4492,4492,forward,2359296,4096,4689,4696,True
ep0,3771,4493,4493,forward,2387968,4096,4745,4752,True
ep0,3772,4494,4494,forward,2211840,4096,4401,4408,True
ep0,3773,4495,4495,forward,1568768,4096,3145,3152,True
ep0,3774,4495,4495,forward,2306048,4096,4585,4592,True
ep0,3775,4496,4496,forward,2363392,4096,4697,4704,True
ep0,3776,4497,4497,forward,2215936,4096,4409,4416,True
ep0,3777,4497,4497,forward,2392064,4096,4753,4760,True
ep0,3778,4498,4498,forward,1572864,4096,3153,3160,True
ep0,3779,4498,4498,forward,2310144,4096,4593,4600,True
ep0,3780,4500,4500,forward,2367488,4096,4705,4712,True
ep0,3781,4501,4501,forward,2396160,4096,4761,4768,True
ep0,3782,4502,4502,forward,1576960,4096,3161,3168,True
ep0,3783,4502,4502,forward,2220032,4096,4417,4424,True
ep0,3784,4502,4502,forward,2314240,4096,4601,4608,True
ep0,3785,4504,4504,forward,2371584,4096,4713,4720,True
ep0,3786,4505,4505,forward,2400256,4096,4769,4776,True
ep0,3787,4506,4506,forward,1581056,4096,3169,3176,True
ep0,3788,4506,4506,forward,2224128,4096,4425,4432,True
ep0,3789,4506,4506,forward,2318336,4096,4609,4616,True
ep0,3790,4508,4508,forward,2375680,4096,4721,4728,True
ep0,3791,4509,4509,forward,2228224,4096,4433,4440,True
ep0,3792,4509,4509,forward,2404352,4096,4777,4784,True
ep0,3793,4510,4510,forward,1585152,4096,3177,3184,True
ep0,3794,4510,4510,forward,2322432,4096,4617,4624,True
ep0,3795,4512,4512,forward,2379776,4096,4729,4736,True
ep0,3796,4513,4513,forward,2232320,4096,4441,4448,True
ep0,3797,4513,4513,forward,2408448,4096,4785,4792,True
ep0,3798,4514,4514,forward,1589248,4096,3185,3192,True
ep0,3799,4514,4514,forward,2326528,4096,4625,4632,True
ep0,3800,4515,4515,forward,2383872,4096,4737,4744,True
ep0,3801,4516,4516,forward,2412544,4096,4793,4800,True
ep0,3802,4517,4517,forward,1593344,4096,3193,3200,True
ep0,3803,4517,4517,forward,2236416,4096,4449,4456,True
ep0,3804,4517,4517,forward,2330624,4096,4633,4640,True
ep0,3805,4519,4519,forward,2387968,4096,4745,4752,True
ep0,3806,4520,4520,forward,2416640,4096,4801,4808,True
ep0,3807,4521,4521,forward,1597440,4096,3201,3208,True
ep0,3808,4521,4521,forward,2240512,4096,4457,4464,True
ep0,3809,4521,4521,forward,2334720,4096,4641,4648,True
ep0,3810,4523,4523,forward,2392064,4096,4753,4760,True
ep0,3811,4524,4524,forward,2244608,4096,4465,4472,True
ep0,3812,4524,4524,forward,2420736,4096,4809,4816,True
ep0,3813,4525,4525,forward,1601536,4096,3209,3216,True
ep0,3814,4525,4525,forward,2338816,4096,4649,4656,True
ep0,3815,4526,4526,forward,2396160,4096,4761,4768,True
ep0,3816,4528,4528,forward,2248704,4096,4473,4480,True
ep0,3817,4528,4528,forward,2424832,4096,4817,4824,True
ep0,3818,4529,4529,forward,1605632,4096,3217,3224,True
ep0,3819,4529,4529,forward,2342912,4096,4657,4664,True
ep0,3820,4530,4530,forward,2400256,4096,4769,4776,True
ep0,3821,4532,4532,forward,2252800,4096,4481,4488,True
ep0,3822,4532,4532,forward,2428928,4096,4825,4832,True
ep0,3823,4533,4533,forward,1609728,4096,3225,3232,True
ep0,3824,4533,4533,forward,2347008,4096,4665,4672,True
ep0,3825,4534,4534,forward,2404352,4096,4777,4784,True
ep0,3826,4536,4536,forward,2256896,4096,4489,4496,True
ep0,3827,4536,4536,forward,2433024,4096,4833,4840,True
ep0,3828,4537,4537,forward,1613824,4096,3233,3240,True
ep0,3829,4537,4537,forward,2351104,4096,4673,4680,True
ep0,3830,4538,4538,forward,2408448,4096,4785,4792,True
ep0,3831,4539,4539,forward,2260992,4096,4497,4504,True
ep0,3832,4539,4539,forward,2437120,4096,4841,4848,True
ep0,3833,4540,4540,forward,2355200,4096,4681,4688,True
ep0,3834,4541,4541,forward,1617920,4096,3241,3248,True
ep0,3835,4541,4541,forward,2412544,4096,4793,4800,True
ep0,3836,4543,4543,forward,2265088,4096,4505,4512,True
ep0,3837,4543,4543,forward,2441216,4096,4849,4856,True
ep0,3838,4544,4544,forward,1622016,4096,3249,3256,True
ep0,3839,4544,4544,forward,2359296,4096,4689,4696,True
ep0,3840,4545,4545,forward,2416640,4096,4801,4808,True
ep0,3841,4547,4547,forward,2269184,4096,4513,4520,True
ep0,3842,4547,4547,forward,2445312,4096,4857,4864,True
ep0,3843,4548,4548,forward,1626112,4096,3257,3264,True
ep0,3844,4548,4548,forward,2363392,4096,4697,4704,True
ep0,3845,4549,4549,forward,2420736,4096,4809,4816,True
ep0,3846,4551,4551,forward,2273280,4096,4521,4528,True
ep0,3847,4551,4551,forward,2449408,4096,4865,4872,True
ep0,3848,4552,4552,forward,1630208,4096,3265,3272,True
ep0,3849,4552,4552,forward,2367488,4096,4705,4712,True
ep0,3850,4553,4553,forward,2424832,4096,4817,4824,True
ep0,3851,4555,4555,forward,2277376,4096,4529,4536,True
ep0,3852,4555,4555,forward,2453504,4096,4873,4880,True
ep0,3853,4556,4556,forward,1634304,4096,3273,3280,True
ep0,3854,4556,4556,forward,2371584,4096,4713,4720,True
ep0,3855,4557,4557,forward,2428928,4096,4825,4832,True
ep0,3856,4559,4559,forward,2281472,4096,4537,4544,True
ep0,3857,4559,4559,forward,2375680,4096,4721,4728,True
ep0,3858,4559,4559,forward,2457600,4096,4881,4888,True
ep0,3859,4560,4560,forward,1638400,4096,3281,3288,True
ep0,3860,4560,4560,forward,2433024,4096,4833,4840,True
ep0,3861,4562,4562,forward,2285568,4096,4545,4552,True
ep0,3862,4562,4562,forward,2461696,4096,4889,4896,True
ep0,3863,4563,4563,forward,2379776,4096,4729,4736,True
ep0,3864,4564,4564,forward,1642496,4096,3289,3296,True
ep0,3865,4564,4564,forward,2437120,4096,4841,4848,True
ep0,3866,4566,4566,forward,2289664,4096,4553,4560,True
ep0,3867,4567,4567,forward,2383872,4096,4737,4744,True
ep0,3868,4567,4567,forward,2465792,4096,4897,4904,True
ep0,3869,4568,4568,forward,1646592,4096,3297,3304,True
ep0,3870,4568,4568,forward,2441216,4096,4849,4856,True
ep0,3871,4570,4570,forward,2293760,4096,4561,4568,True
ep0,3872,4570,4570,forward,2469888,4096,4905,4912,True
ep0,3873,4571,4571,forward,2387968,4096,4745,4752,True
ep0,3874,4572,4572,forward,1650688,4096,3305,3312,True
ep0,3875,4572,4572,forward,2445312,4096,4857,4864,True
ep0,3876,4574,4574,forward,2297856,4096,4569,4576,True
ep0,3877,4574,4574,forward,2473984,4096,4913,4920,True
ep0,3878,4575,4575,forward,2392064,4096,4753,4760,True
ep0,3879,4576,4576,forward,1654784,4096,3313,3320,True
ep0,3880,4576,4576,forward,2449408,4096,4865,4872,True
ep0,3881,4577,4577,forward,2301952,4096,4577,4584,True
ep0,3882,4578,4578,forward,2478080,4096,4921,4928,True
ep0,3883,4579,4579,forward,1658880,4096,3321,3328,True
ep0,3884,4579,4579,forward,2396160,4096,4761,4768,True
ep0,3885,4580,4580,forward,2453504,4096,4873,4880,True
ep0,3886,4581,4581,forward,2306048,4096,4585,4592,True
ep0,3887,4582,4582,forward,2482176,4096,4929,4936,True
ep0,3888,4583,4583,forward,1662976,4096,3329,3336,True
ep0,3889,4583,4583,forward,2400256,4096,4769,4776,True
ep0,3890,4584,4584,forward,2457600,4096,4881,4888,True
ep0,3891,4585,4585,forward,2310144,4096,4593,4600,True
ep0,3892,4585,4585,forward,2486272,4096,4937,4944,True
ep0,3893,4587,4587,forward,1667072,4096,3337,3344,True
ep0,3894,4587,4587,forward,2404352,4096,4777,4784,True
ep0,3895,4587,4587,forward,2461696,4096,4889,4896,True
ep0,3896,4589,4589,forward,2314240,4096,4601,4608,True
ep0,3897,4589,4589,forward,2490368,4096,4945,4952,True
ep0,3898,4590,4590,forward,1671168,4096,3345,3352,True
ep0,3899,4590,4590,forward,2408448,4096,4785,4792,True
ep0,3900,4591,4591,forward,2465792,4096,4897,4904,True
ep0,3901,4593,4593,forward,2318336,4096,4609,4616,True
ep0,3902,4593,4593,forward,2494464,4096,4953,4960,True
ep0,3903,4594,4594,forward,1675264,4096,3353,3360,True
ep0,3904,4595,4595,forward,2412544,4096,4793,4800,True
ep0,3905,4595,4595,forward,2469888,4096,4905,4912,True
ep0,3906,4596,4596,forward,2322432,4096,4617,4624,True
ep0,3907,4596,4596,forward,2498560,4096,4961,4968,True
ep0,3908,4598,4598,forward,1679360,4096,3361,3368,True
ep0,3909,4598,4598,forward,2416640,4096,4801,4808,True
ep0,3910,4599,4599,forward,2473984,4096,4913,4920,True
ep0,3911,4600,4600,forward,2326528,4096,4625,4632,True
ep0,3912,4600,4600,forward,2502656,4096,4969,4976,True
ep0,3913,4602,4602,forward,1683456,4096,3369,3376,True
ep0,3914,4602,4602,forward,2420736,4096,4809,4816,True
ep0,3915,4602,4602,forward,2478080,4096,4921,4928,True
ep0,3916,4604,4604,forward,2330624,4096,4633,4640,True
ep0,3917,4604,4604,forward,2506752,4096,4977,4984,True
ep0,3918,4605,4605,forward,1687552,4096,3377,3384,True
ep0,3919,4606,4606,forward,2424832,4096,4817,4824,True
ep0,3920,4606,4606,forward,2482176,4096,4929,4936,True
ep0,3921,4607,4607,forward,2510848,4096,4985,4992,True
ep0,3922,4608,4608,forward,2334720,4096,4641,4648,True
ep0,3923,4609,4609,forward,1691648,4096,3385,3392,True
ep0,3924,4609,4609,forward,2428928,4096,4825,4832,True
ep0,3925,4610,4610,forward,2486272,4096,4937,4944,True
ep0,3926,4611,4611,forward,2338816,4096,4649,4656,True
ep0,3927,4611,4611,forward,2514944,4096,4993,5000,True
ep0,3928,4613,4613,forward,1695744,4096,3393,3400,True
ep0,3929,4613,4613,forward,2433024,4096,4833,4840,True
ep0,3930,4614,4614,forward,2490368,4096,4945,4952,True
ep0,3931,4615,4615,forward,2342912,4096,4657,4664,True
ep0,3932,4615,4615,forward,2519040,4096,5001,5008,True
ep0,3933,4616,4616,forward,1699840,4096,3401,3408,True
ep0,3934,4617,4617,forward,2437120,4096,4841,4848,True
ep0,3935,4617,4617,forward,2494464,4096,4953,4960,True
ep0,3936,4618,4618,forward,2523136,4096,5009,5016,True
ep0,3937,4619,4619,forward,2347008,4096,4665,4672,True
ep0,3938,4620,4620,forward,1703936,4096,3409,3416,True
ep0,3939,4620,4620,forward,2441216,4096,4849,4856,True
ep0,3940,4621,4621,forward,2498560,4096,4961,4968,True
ep0,3941,4622,4622,forward,2527232,4096,5017,5024,True
ep0,3942,4623,4623,forward,2351104,4096,4673,4680,True
ep0,3943,4624,4624,forward,1708032,4096,3417,3424,True
ep0,3944,4624,4624,forward,2445312,4096,4857,4864,True
ep0,3945,4625,4625,forward,2502656,4096,4969,4976,True
ep0,3946,4626,4626,forward,2531328,4096,5025,5032,True
ep0,3947,4627,4627,forward,1712128,4096,3425,3432,True
ep0,3948,4627,4627,forward,2355200,4096,4681,4688,True
ep0,3949,4628,4628,forward,2449408,4096,4865,4872,True
ep0,3950,4628,4628,forward,2506752,4096,4977,4984,True
ep0,3951,4629,4629,forward,2535424,4096,5033,5040,True
ep0,3952,4631,4631,forward,1716224,4096,3433,3440,True
ep0,3953,4631,4631,forward,2359296,4096,4689,4696,True
ep0,3954,4631,4631,forward,2453504,4096,4873,4880,True
ep0,3955,4632,4632,forward,2510848,4096,4985,4992,True
ep0,3956,4633,4633,forward,2539520,4096,5041,5048,True
ep0,3957,4634,4634,forward,2363392,4096,4697,4704,True
ep0,3958,4635,4635,forward,1720320,4096,3441,3448,True
ep0,3959,4635,4635,forward,2457600,4096,4881,4888,True
ep0,3960,4636,4636,forward,2514944,4096,4993,5000,True
ep0,3961,4637,4637,forward,2543616,4096,5049,5056,True
ep0,3962,4638,4638,forward,1724416,4096,3449,3456,True
ep0,3963,4638,4638,forward,2367488,4096,4705,4712,True
ep0,3964,4639,4639,forward,2461696,4096,4889,4896,True
ep0,3965,4639,4639,forward,2519040,4096,5001,5008,True
ep0,3966,4641,4641,forward,2547712,4096,5057,5064,True
ep0,3967,4642,4642,forward,1728512,4096,3457,3464,True
ep0,3968,4642,4642,forward,2371584,4096,4713,4720,True
ep0,3969,4643,4643,forward,2465792,4096,4897,4904,True
ep0,3970,4643,4643,forward,2523136,4096,5009,5016,True
ep0,3971,4644,4644,forward,2551808,4096,5065,5072,True
ep0,3972,4646,4646,forward,1732608,4096,3465,3472,True
ep0,3973,4646,4646,forward,2375680,4096,4721,4728,True
ep0,3974,4646,4646,forward,2469888,4096,4905,4912,True
ep0,3975,4647,4647,forward,2527232,4096,5017,5024,True
ep0,3976,4648,4648,forward,2555904,4096,5073,5080,True
ep0,3977,4649,4649,forward,1736704,4096,3473,3480,True
ep0,3978,4650,4650,forward,2379776,4096,4729,4736,True
ep0,3979,4650,4650,forward,2473984,4096,4913,4920,True
ep0,3980,4651,4651,forward,2531328,4096,5025,5032,True
ep0,3981,4652,4652,forward,2560000,4096,5081,5088,True
ep0,3982,4653,4653,forward,1740800,4096,3481,3488,True
ep0,3983,4653,4653,forward,2383872,4096,4737,4744,True
ep0,3984,4654,4654,forward,2478080,4096,4921,4928,True
ep0,3985,4654,4654,forward,2535424,4096,5033,5040,True
ep0,3986,4655,4655,forward,2564096,4096,5089,5096,True
ep0,3987,4657,4657,forward,1744896,4096,3489,3496,True
ep0,3988,4657,4657,forward,2387968,4096,4745,4752,True
ep0,3989,4657,4657,forward,2482176,4096,4929,4936,True
ep0,3990,4658,4658,forward,2539520,4096,5041,5048,True
ep0,3991,4659,4659,forward,2568192,4096,5097,5104,True
ep0,3992,4660,4660,forward,1748992,4096,3497,3504,True
ep0,3993,4661,4661,forward,2392064,4096,4753,4760,True
ep0,3994,4661,4661,forward,2486272,4096,4937,4944,True
ep0,3995,4662,4662,forward,2543616,4096,5049,5056,True
ep0,3996,4663,4663,forward,2572288,4096,5105,5112,True
ep0,3997,4664,4664,forward,1753088,4096,3505,3512,True
ep0,3998,4665,4665,forward,2396160,4096,4761,4768,True
ep0,3999,4665,4665,forward,2490368,4096,4945,4952,True
ep0,4000,4665,4665,forward,2547712,4096,5057,5064,True
ep0,4001,4666,4666,forward,2576384,4096,5113,5120,True
ep0,4002,4668,4668,forward,1757184,4096,3513,3520,True
ep0,4003,4668,4668,forward,2494464,4096,4953,4960,True
ep0,4004,4669,4669,forward,2400256,4096,4769,4776,True
ep0,4005,4669,4669,forward,2551808,4096,5065,5072,True
ep0,4006,4670,4670,forward,2580480,4096,5121,5128,True
ep0,4007,4671,4671,forward,1761280,4096,3521,3528,True
ep0,4008,4672,4672,forward,2498560,4096,4961,4968,True
ep0,4009,4673,4673,forward,2404352,4096,4777,4784,True
ep0,4010,4673,4673,forward,2555904,4096,5073,5080,True
ep0,4011,4674,4674,forward,2584576,4096,5129,5136,True
ep0,4012,4675,4675,forward,1765376,4096,3529,3536,True
ep0,4013,4676,4676,forward,2502656,4096,4969,4976,True
ep0,4014,4676,4676,forward,2560000,4096,5081,5088,True
ep0,4015,4677,4677,forward,2408448,4096,4785,4792,True
ep0,4016,4678,4678,forward,2588672,4096,5137,5144,True
ep0,4017,4679,4679,forward,1769472,4096,3537,3544,True
ep0,4018,4679,4679,forward,2506752,4096,4977,4984,True
ep0,4019,4680,4680,forward,2564096,4096,5089,5096,True
ep0,4020,4681,4681,forward,2412544,4096,4793,4800,True
ep0,4021,4681,4681,forward,2592768,4096,5145,5152,True
ep0,4022,4683,4683,forward,1773568,4096,3545,3552,True
ep0,4023,4683,4683,forward,2510848,4096,4985,4992,True
ep0,4024,4684,4684,forward,2416640,4096,4801,4808,True
ep0,4025,4684,4684,forward,2568192,4096,5097,5104,True
ep0,4026,4685,4685,forward,2596864,4096,5153,5160,True
ep0,4027,4686,4686,forward,1777664,4096,3553,3560,True
ep0,4028,4687,4687,forward,2514944,4096,4993,5000,True
ep0,4029,4687,4687,forward,2572288,4096,5105,5112,True
ep0,4030,4688,4688,forward,2420736,4096,4809,4816,True
ep0,4031,4689,4689,forward,2600960,4096,5161,5168,True
ep0,4032,4690,4690,forward,1781760,4096,3561,3568,True
ep0,4033,4691,4691,forward,2519040,4096,5001,5008,True
ep0,4034,4691,4691,forward,2576384,4096,5113,5120,True
ep0,4035,4692,4692,forward,2424832,4096,4817,4824,True
ep0,4036,4692,4692,forward,2605056,4096,5169,5176,True
ep0,4037,4694,4694,forward,1785856,4096,3569,3576,True
ep0,4038,4694,4694,forward,2523136,4096,5009,5016,True
ep0,4039,4695,4695,forward,2428928,4096,4825,4832,True
ep0,4040,4695,4695,forward,2580480,4096,5121,5128,True
ep0,4041,4696,4696,forward,2609152,4096,5177,5184,True
ep0,4042,4697,4697,forward,1789952,4096,3577,3584,True
ep0,4043,4698,4698,forward,2527232,4096,5017,5024,True
ep0,4044,4698,4698,forward,2584576,4096,5129,5136,True
ep0,4045,4699,4699,forward,2433024,4096,4833,4840,True
ep0,4046,4700,4700,forward,2613248,4096,5185,5192,True
ep0,4047,4701,4701,forward,1794048,4096,3585,3592,True
ep0,4048,4702,4702,forward,2531328,4096,5025,5032,True
ep0,4049,4702,4702,forward,2588672,4096,5137,5144,True
ep0,4050,4703,4703,forward,2437120,4096,4841,4848,True
ep0,4051,4704,4704,forward,2617344,4096,5193,5200,True
ep0,4052,4705,4705,forward,1798144,4096,3593,3600,True
ep0,4053,4705,4705,forward,2535424,4096,5033,5040,True
ep0,4054,4706,4706,forward,2592768,4096,5145,5152,True
ep0,4055,4707,4707,forward,2441216,4096,4849,4856,True
ep0,4056,4708,4708,forward,1802240,4096,3601,3608,True
ep0,4057,4708,4708,forward,2621440,4096,5201,5208,True
ep0,4058,4709,4709,forward,2539520,4096,5041,5048,True
ep0,4059,4710,4710,forward,2596864,4096,5153,5160,True
ep0,4060,4711,4711,forward,2445312,4096,4857,4864,True
ep0,4061,4712,4712,forward,1806336,4096,3609,3616,True
ep0,4062,4712,4712,forward,2625536,4096,5209,5216,True
ep0,4063,4713,4713,forward,2543616,4096,5049,5056,True
ep0,4064,4713,4713,forward,2600960,4096,5161,5168,True
ep0,4065,4715,4715,forward,2449408,4096,4865,4872,True
ep0,4066,4716,4716,forward,1810432,4096,3617,3624,True
ep0,4067,4716,4716,forward,2547712,4096,5057,5064,True
ep0,4068,4716,4716,forward,2629632,4096,5217,5224,True
ep0,4069,4717,4717,forward,2605056,4096,5169,5176,True
ep0,4070,4718,4718,forward,2453504,4096,4873,4880,True
ep0,4071,4719,4719,forward,1814528,4096,3625,3632,True
ep0,4072,4720,4720,forward,2551808,4096,5065,5072,True
ep0,4073,4720,4720,forward,2633728,4096,5225,5232,True
ep0,4074,4721,4721,forward,2609152,4096,5177,5184,True
ep0,4075,4722,4722,forward,2457600,4096,4881,4888,True
ep0,4076,4723,4723,forward,1818624,4096,3633,3640,True
ep0,4077,4723,4723,forward,2637824,4096,5233,5240,True
ep0,4078,4724,4724,forward,2555904,4096,5073,5080,True
ep0,4079,4724,4724,forward,2613248,4096,5185,5192,True
ep0,4080,4726,4726,forward,2461696,4096,4889,4896,True
ep0,4081,4727,4727,forward,1822720,4096,3641,3648,True
ep0,4082,4727,4727,forward,2560000,4096,5081,5088,True
ep0,4083,4727,4727,forward,2641920,4096,5241,5248,True
ep0,4084,4728,4728,forward,2617344,4096,5193,5200,True
ep0,4085,4730,4730,forward,1826816,4096,3649,3656,True
ep0,4086,4731,4731,forward,2465792,4096,4897,4904,True
ep0,4087,4731,4731,forward,2564096,4096,5089,5096,True
ep0,4088,4731,4731,forward,2646016,4096,5249,5256,True
ep0,4089,4732,4732,forward,2621440,4096,5201,5208,True
ep0,4090,4734,4734,forward,1830912,4096,3657,3664,True
ep0,4091,4734,4734,forward,2469888,4096,4905,4912,True
ep0,4092,4734,4734,forward,2650112,4096,5257,5264,True
ep0,4093,4735,4735,forward,2568192,4096,5097,5104,True
ep0,4094,4735,4735,forward,2625536,4096,5209,5216,True
ep0,4095,4738,4738,forward,1835008,4096,3665,3672,True
ep0,4096,4738,4738,forward,2473984,4096,4913,4920,True
ep0,4097,4738,4738,forward,2572288,4096,5105,5112,True
ep0,4098,4738,4738,forward,2654208,4096,5265,5272,True
ep0,4099,4739,4739,forward,2629632,4096,5217,5224,True
ep0,4100,4741,4741,forward,1839104,4096,3673,3680,True
ep0,4101,4742,4742,forward,2478080,4096,4921,4928,True
ep0,4102,4742,4742,forward,2576384,4096,5113,5120,True
ep0,4103,4742,4742,forward,2658304,4096,5273,5280,True
ep0,4104,4743,4743,forward,2633728,4096,5225,5232,True
ep0,4105,4745,4745,forward,1843200,4096,3681,3688,True
ep0,4106,4746,4746,forward,2482176,4096,4929,4936,True
ep0,4107,4746,4746,forward,2580480,4096,5121,5128,True
ep0,4108,4746,4746,forward,2637824,4096,5233,5240,True
ep0,4109,4746,4746,forward,2662400,4096,5281,5288,True
ep0,4110,4749,4749,forward,1847296,4096,3689,3696,True
ep0,4111,4749,4749,forward,2486272,4096,4937,4944,True
ep0,4112,4749,4749,forward,2666496,4096,5289,5296,True
ep0,4113,4750,4750,forward,2584576,4096,5129,5136,True
ep0,4114,4750,4750,forward,2641920,4096,5241,5248,True
ep0,4115,4753,4753,forward,2588672,4096,5137,5144,True
ep0,4116,4753,4753,forward,2490368,4096,4945,4952,True
ep0,4117,4753,4753,forward,2670592,4096,5297,5304,True
ep0,4118,4754,4754,forward,2588672,4096,5137,5144,True
ep0,4119,4754,4754,forward,2646016,4096,5249,5256,True
ep0,4120,4756,4756,forward,2592768,4096,5145,5152,True
ep0,4121,4757,4757,forward,2494464,4096,4953,4960,True
ep0,4122,4757,4757,forward,2674688,4096,5305,5312,True
ep0,4123,4758,4758,forward,2592768,4096,5145,5152,True
ep0,4124,4758,4758,forward,2650112,4096,5257,5264,True
ep0,4125,4760,4760,forward,2596864,4096,5153,5160,True
ep0,4126,4761,4761,forward,2498560,4096,4961,4968,True
ep0,4127,4761,4761,forward,2596864,4096,5153,5160,True
ep0,4128,4761,4761,forward,2654208,4096,5265,5272,True
ep0,4129,4761,4761,forward,2678784,4096,5313,5320,True
ep0,4130,4764,4764,forward,2600960,4096,5161,5168,True
ep0,4131,4765,4765,forward,2502656,4096,4969,4976,True
ep0,4132,4765,4765,forward,2600960,4096,5161,5168,True
ep0,4133,4765,4765,forward,2658304,4096,5273,5280,True
ep0,4134,4765,4765,forward,2682880,4096,5321,5328,True
ep0,4135,4768,4768,forward,2605056,4096,5169,5176,True
ep0,4136,4768,4768,forward,2662400,4096,5281,5288,True
ep0,4137,4769,4769,forward,2506752,4096,4977,4984,True
ep0,4138,4769,4769,forward,2605056,4096,5169,5176,True
ep0,4139,4769,4769,forward,2686976,4096,5329,5336,True
ep0,4140,4771,4771,forward,2609152,4096,5177,5184,True
ep0,4141,4772,4772,forward,2510848,4096,4985,4992,True
ep0,4142,4772,4772,forward,2609152,4096,5177,5184,True
ep0,4143,4772,4772,forward,2666496,4096,5289,5296,True
ep0,4144,4772,4772,forward,2691072,4096,5337,5344,True
ep0,4145,4775,4775,forward,2613248,4096,5185,5192,True
ep0,4146,4776,4776,forward,2514944,4096,4993,5000,True
ep0,4147,4776,4776,forward,2613248,4096,5185,5192,True
ep0,4148,4776,4776,forward,2670592,4096,5297,5304,True
ep0,4149,4776,4776,forward,2695168,4096,5345,5352,True
ep0,4150,4779,4779,forward,2617344,4096,5193,5200,True
ep0,4151,4779,4779,forward,2674688,4096,5305,5312,True
ep0,4152,4780,4780,forward,2519040,4096,5001,5008,True
ep0,4153,4780,4780,forward,2617344,4096,5193,5200,True
ep0,4154,4780,4780,forward,2699264,4096,5353,5360,True
ep0,4155,4782,4782,forward,2621440,4096,5201,5208,True
ep0,4156,4783,4783,forward,2621440,4096,5201,5208,True
ep0,4157,4783,4783,forward,2678784,4096,5313,5320,True
ep0,4158,4784,4784,forward,2523136,4096,5009,5016,True
ep0,4159,4784,4784,forward,2703360,4096,5361,5368,True
ep0,4160,4786,4786,forward,2625536,4096,5209,5216,True
ep0,4161,4787,4787,forward,2527232,4096,5017,5024,True
ep0,4162,4787,4787,forward,2625536,4096,5209,5216,True
ep0,4163,4787,4787,forward,2682880,4096,5321,5328,True
ep0,4164,4787,4787,forward,2707456,4096,5369,5376,True
ep0,4165,4790,4790,forward,2629632,4096,5217,5224,True
ep0,4166,4790,4790,forward,2686976,4096,5329,5336,True
ep0,4167,4791,4791,forward,2531328,4096,5025,5032,True
ep0,4168,4791,4791,forward,2629632,4096,5217,5224,True
ep0,4169,4792,4792,forward,2711552,4096,5377,5384,True
ep0,4170,4793,4793,forward,2633728,4096,5225,5232,True
ep0,4171,4794,4794,forward,2633728,4096,5225,5232,True
ep0,4172,4794,4794,forward,2691072,4096,5337,5344,True
ep0,4173,4795,4795,forward,2535424,4096,5033,5040,True
ep0,4174,4795,4795,forward,2715648,4096,5385,5392,True
ep0,4175,4797,4797,forward,2637824,4096,5233,5240,True
ep0,4176,4798,4798,forward,2539520,4096,5041,5048,True
ep0,4177,4798,4798,forward,2637824,4096,5233,5240,True
ep0,4178,4798,4798,forward,2695168,4096,5345,5352,True
ep0,4179,4799,4799,forward,2719744,4096,5393,5400,True
ep0,4180,4801,4801,forward,2641920,4096,5241,5248,True
ep0,4181,4801,4801,forward,2699264,4096,5353,5360,True
ep0,4182,4802,4802,forward,2543616,4096,5049,5056,True
ep0,4183,4802,4802,forward,2641920,4096,5241,5248,True
ep0,4184,4803,4803,forward,2723840,4096,5401,5408,True
ep0,4185,4804,4804,forward,2646016,4096,5249,5256,True
ep0,4186,4805,4805,forward,2646016,4096,5249,5256,True
ep0,4187,4805,4805,forward,2703360,4096,5361,5368,True
ep0,4188,4806,4806,forward,2547712,4096,5057,5064,True
ep0,4189,4806,4806,forward,2727936,4096,5409,5416,True
ep0,4190,4808,4808,forward,2650112,4096,5257,5264,True
ep0,4191,4809,4809,forward,2551808,4096,5065,5072,True
ep0,4192,4809,4809,forward,2650112,4096,5257,5264,True
ep0,4193,4809,4809,forward,2707456,4096,5369,5376,True
ep0,4194,4810,4810,forward,2732032,4096,5417,5424,True
ep0,4195,4812,4812,forward,2654208,4096,5265,5272,True
ep0,4196,4813,4813,forward,2555904,4096,5073,5080,True
ep0,4197,4813,4813,forward,2654208,4096,5265,5272,True
ep0,4198,4813,4813,forward,2711552,4096,5377,5384,True
ep0,4199,4814,4814,forward,2736128,4096,5425,5432,True
ep0,4200,4815,4815,forward,2658304,4096,5273,5280,True
ep0,4201,4816,4816,forward,2658304,4096,5273,5280,True
ep0,4202,4816,4816,forward,2715648,4096,5385,5392,True
ep0,4203,4817,4817,forward,2560000,4096,5081,5088,True
ep0,4204,4818,4818,forward,2740224,4096,5433,5440,True
ep0,4205,4819,4819,forward,2662400,4096,5281,5288,True
ep0,4206,4820,4820,forward,2564096,4096,5089,5096,True
ep0,4207,4820,4820,forward,2662400,4096,5281,5288,True
ep0,4208,4820,4820,forward,2719744,4096,5393,5400,True
ep0,4209,4821,4821,forward,2744320,4096,5441,5448,True
ep0,4210,4823,4823,forward,2666496,4096,5289,5296,True
ep0,4211,4824,4824,forward,2568192,4096,5097,5104,True
ep0,4212,4824,4824,forward,2666496,4096,5289,5296,True
ep0,4213,4824,4824,forward,2723840,4096,5401,5408,True
ep0,4214,4825,4825,forward,2748416,4096,5449,5456,True
ep0,4215,4826,4826,forward,2670592,4096,5297,5304,True
ep0,4216,4827,4827,forward,2670592,4096,5297,5304,True
ep0,4217,4827,4827,forward,2727936,4096,5409,5416,True
ep0,4218,4828,4828,forward,2572288,4096,5105,5112,True
ep0,4219,4829,4829,forward,2752512,4096,5457,5464,True
ep0,4220,4830,4830,forward,2674688,4096,5305,5312,True
ep0,4221,4831,4831,forward,2576384,4096,5113,5120,True
ep0,4222,4831,4831,forward,2674688,4096,5305,5312,True
ep0,4223,4831,4831,forward,2732032,4096,5417,5424,True
ep0,4224,4832,4832,forward,2756608,4096,5465,5472,True
ep0,4225,4834,4834,forward,2678784,4096,5313,5320,True
ep0,4226,4835,4835,forward,2580480,4096,5121,5128,True
ep0,4227,4835,4835,forward,2678784,4096,5313,5320,True
ep0,4228,4835,4835,forward,2736128,4096,5425,5432,True
ep0,4229,4836,4836,forward,2760704,4096,5473,5480,True
ep0,4230,4837,4837,forward,2682880,4096,5321,5328,True
ep0,4231,4838,4838,forward,2584576,4096,5129,5136,True
ep0,4232,4838,4838,forward,2740224,4096,5433,5440,True
ep0,4233,4839,4839,forward,2682880,4096,5321,5328,True
ep0,4234,4840,4840,forward,2764800,4096,5481,5488,True
ep0,4235,4841,4841,forward,2686976,4096,5329,5336,True
ep0,4236,4842,4842,forward,2686976,4096,5329,5336,True
ep0,4237,4842,4842,forward,2744320,4096,5441,5448,True
ep0,4238,4843,4843,forward,2588672,4096,5137,5144,True
ep0,4239,4844,4844,forward,2768896,4096,5489,5496,True
ep0,4240,4845,4845,forward,2691072,4096,5337,5344,True
ep0,4241,4846,4846,forward,2592768,4096,5145,5152,True
ep0,4242,4846,4846,forward,2748416,4096,5449,5456,True
ep0,4243,4847,4848,forward,2691072,8192,5337,5352,True
ep0,4244,4848,4848,forward,2772992,4096,5497,5504,True
ep0,4245,4849,4849,forward,2752512,4096,5457,5464,True
ep0,4246,4850,4850,forward,2596864,4096,5153,5160,True
ep0,4247,4850,4850,forward,2695168,4096,5345,5352,True
ep0,4248,4851,4851,forward,2777088,4096,5505,5512,True
ep0,4249,4852,4852,forward,2699264,4096,5353,5360,True
ep0,4250,4853,4853,forward,2756608,4096,5465,5472,True
ep0,4251,4854,4854,forward,2600960,4096,5161,5168,True
ep0,4252,4854,4854,forward,2699264,4096,5353,5360,True
ep0,4253,4855,4855,forward,2781184,4096,5513,5520,True
ep0,4254,4856,4856,forward,2703360,4096,5361,5368,True
ep0,4255,4857,4857,forward,2760704,4096,5473,5480,True
ep0,4256,4858,4858,forward,2605056,4096,5169,5176,True
ep0,4257,4858,4858,forward,2703360,4096,5361,5368,True
ep0,4258,4859,4859,forward,2785280,4096,5521,5528,True
ep0,4259,4860,4860,forward,2707456,4096,5369,5376,True
ep0,4260,4861,4861,forward,2609152,4096,5177,5184,True
ep0,4261,4861,4861,forward,2707456,4096,5369,5376,True
ep0,4262,4861,4861,forward,2764800,4096,5481,5488,True
ep0,4263,4862,4862,forward,2789376,4096,5529,5536,True
ep0,4264,4864,4864,forward,2711552,4096,5377,5384,True
ep0,4265,4865,4865,forward,2613248,4096,5185,5192,True
ep0,4266,4865,4865,forward,2711552,4096,5377,5384,True
ep0,4267,4865,4865,forward,2768896,4096,5489,5496,True
ep0,4268,4866,4866,forward,2793472,4096,5537,5544,True
ep0,4269,4868,4868,forward,2715648,4096,5385,5392,True
ep0,4270,4868,4868,forward,2772992,4096,5497,5504,True
ep0,4271,4869,4869,forward,2617344,4096,5193,5200,True
ep0,4272,4869,4869,forward,2715648,4096,5385,5392,True
ep0,4273,4870,4870,forward,2797568,4096,5545,5552,True
ep0,4274,4871,4871,forward,2719744,4096,5393,5400,True
ep0,4275,4872,4872,forward,2621440,4096,5201,5208,True
ep0,4276,4872,4872,forward,2777088,4096,5505,5512,True
ep0,4277,4873,4873,forward,2719744,4096,5393,5400,True
ep0,4278,4873,4873,forward,2801664,4096,5553,5560,True
ep0,4279,4875,4875,forward,2723840,4096,5401,5408,True
ep0,4280,4876,4876,forward,2625536,4096,5209,5216,True
ep0,4281,4876,4876,forward,2781184,4096,5513,5520,True
ep0,4282,4877,4877,forward,2723840,4096,5401,5408,True
ep0,4283,4877,4877,forward,2805760,4096,5561,5568,True
ep0,4284,4879,4879,forward,2727936,4096,5409,5416,True
ep0,4285,4880,4880,forward,2629632,4096,5217,5224,True
ep0,4286,4880,4880,forward,2785280,4096,5521,5528,True
ep0,4287,4881,4881,forward,2727936,4096,5409,5416,True
ep0,4288,4881,4881,forward,2809856,4096,5569,5576,True
ep0,4289,4883,4883,forward,2732032,4096,5417,5424,True
ep0,4290,4883,4883,forward,2789376,4096,5529,5536,True
ep0,4291,4884,4884,forward,2633728,4096,5225,5232,True
ep0,4292,4885,4885,forward,2732032,4096,5417,5424,True
ep0,4293,4885,4885,forward,2813952,4096,5577,5584,True
ep0,4294,4886,4886,forward,2736128,4096,5425,5432,True
ep0,4295,4887,4887,forward,2637824,4096,5233,5240,True
ep0,4296,4887,4887,forward,2793472,4096,5537,5544,True
ep0,4297,4888,4888,forward,2736128,4096,5425,5432,True
ep0,4298,4888,4888,forward,2818048,4096,5585,5592,True
ep0,4299,4890,4890,forward,2740224,4096,5433,5440,True
ep0,4300,4891,4891,forward,2641920,4096,5241,5248,True
ep0,4301,4891,4891,forward,2797568,4096,5545,5552,True
ep0,4302,4892,4892,forward,2740224,4096,5433,5440,True
ep0,4303,4892,4892,forward,2822144,4096,5593,5600,True
ep0,4304,4894,4894,forward,2744320,4096,5441,5448,True
ep0,4305,4895,4895,forward,2646016,4096,5249,5256,True
ep0,4306,4895,4895,forward,2801664,4096,5553,5560,True
ep0,4307,4896,4896,forward,2744320,4096,5441,5448,True
ep0,4308,4896,4896,forward,2826240,4096,5601,5608,True
ep0,4309,4898,4898,forward,2748416,4096,5449,5456,True
ep0,4310,4898,4898,forward,2650112,4096,5257,5264,True
ep0,4311,4899,4899,forward,2805760,4096,5561,5568,True
ep0,4312,4899,4899,forward,2830336,4096,5609,5616,True
ep0,4313,4900,4902,forward,2748416,8192,5449,5464,True
ep0,4314,4902,4902,forward,2654208,4096,5265,5272,True
ep0,4315,4903,4903,forward,2809856,4096,5569,5576,True
ep0,4316,4904,4904,forward,2752512,4096,5457,5464,True
ep0,4317,4904,4904,forward,2834432,4096,5617,5624,True
ep0,4318,4905,4905,forward,2756608,4096,5465,5472,True
ep0,4319,4906,4906,forward,2658304,4096,5273,5280,True
ep0,4320,4906,4906,forward,2813952,4096,5577,5584,True
ep0,4321,4907,4909,forward,2756608,8192,5465,5480,True
ep0,4322,4909,4909,forward,2662400,4096,5281,5288,True
ep0,4323,4910,4910,forward,2818048,4096,5585,5592,True
ep0,4324,4911,4913,forward,2760704,8192,5473,5488,True
ep0,4325,4913,4913,forward,2666496,4096,5289,5296,True
ep0,4326,4914,4914,forward,2822144,4096,5593,5600,True
ep0,4327,4915,4917,forward,2764800,8192,5481,5496,True
ep0,4328,4917,4917,forward,2670592,4096,5297,5304,True
ep0,4329,4918,4918,forward,2768896,4096,5489,5496,True
ep0,4330,4918,4918,forward,2826240,4096,5601,5608,True
ep0,4331,4918,4918,forward,2838528,4096,5625,5632,True
ep0,4332,4920,4920,forward,2674688,4096,5305,5312,True
ep0,4333,4921,4921,forward,2772992,4096,5497,5504,True
ep0,4334,4922,4922,forward,2772992,4096,5497,5504,True
ep0,4335,4922,4922,forward,2830336,4096,5609,5616,True
ep0,4336,4922,4922,forward,2842624,4096,5633,5640,True
ep0,4337,4924,4924,forward,2777088,4096,5505,5512,True
ep0,4338,4924,4924,forward,2678784,4096,5313,5320,True
ep0,4339,4925,4925,forward,2846720,4096,5641,5648,True
ep0,4340,4926,4926,forward,2777088,4096,5505,5512,True
ep0,4341,4926,4926,forward,2834432,4096,5617,5624,True
ep0,4342,4928,4928,forward,2781184,4096,5513,5520,True
ep0,4343,4928,4928,forward,2682880,4096,5321,5328,True
ep0,4344,4929,4929,forward,2781184,4096,5513,5520,True
ep0,4345,4929,4929,forward,2850816,4096,5649,5656,True
ep0,4346,4930,4930,forward,2838528,4096,5625,5632,True
ep0,4347,4931,4931,forward,2686976,4096,5329,5336,True
ep0,4348,4932,4932,forward,2785280,4096,5521,5528,True
ep0,4349,4933,4933,forward,2785280,4096,5521,5528,True
ep0,4350,4933,4933,forward,2842624,4096,5633,5640,True
ep0,4351,4933,4933,forward,2854912,4096,5657,5664,True
ep0,4352,4935,4935,forward,2789376,4096,5529,5536,True
ep0,4353,4935,4935,forward,2691072,4096,5337,5344,True
ep0,4354,4936,4936,forward,2859008,4096,5665,5672,True
ep0,4355,4937,4939,forward,2789376,8192,5529,5544,True
ep0,4356,4939,4939,forward,2695168,4096,5345,5352,True
ep0,4357,4940,4940,forward,2793472,4096,5537,5544,True
ep0,4358,4940,4940,forward,2863104,4096,5673,5680,True
ep0,4359,4942,4942,forward,2699264,4096,5353,5360,True
ep0,4360,4943,4943,forward,2797568,4096,5545,5552,True
ep0,4361,4944,4944,forward,2797568,4096,5545,5552,True
ep0,4362,4944,4944,forward,2867200,4096,5681,5688,True
ep0,4363,4946,4946,forward,2801664,4096,5553,5560,True
ep0,4364,4946,4946,forward,2703360,4096,5361,5368,True
ep0,4365,4947,4947,forward,2871296,4096,5689,5696,True
ep0,4366,4948,4948,forward,2801664,4096,5553,5560,True
ep0,4367,4948,4948,forward,2846720,4096,5641,5648,True
ep0,4368,4950,4950,forward,2805760,4096,5561,5568,True
ep0,4369,4950,4950,forward,2707456,4096,5369,5376,True
ep0,4370,4951,4951,forward,2850816,4096,5649,5656,True
ep0,4371,4951,4951,forward,2875392,4096,5697,5704,True
ep0,4372,4952,4954,forward,2805760,8192,5561,5576,True
ep0,4373,4954,4954,forward,2711552,4096,5377,5384,True
ep0,4374,4955,4955,forward,2809856,4096,5569,5576,True
ep0,4375,4955,4955,forward,2854912,4096,5657,5664,True
ep0,4376,4955,4955,forward,2879488,4096,5705,5712,True
ep0,4377,4957,4957,forward,2813952,4096,5577,5584,True
ep0,4378,4957,4957,forward,2715648,4096,5385,5392,True
ep0,4379,4958,4958,forward,2883584,4096,5713,5720,True
ep0,4380,4959,4959,forward,2813952,4096,5577,5584,True
ep0,4381,4959,4959,forward,2859008,4096,5665,5672,True
ep0,4382,4961,4961,forward,2818048,4096,5585,5592,True
ep0,4383,4961,4961,forward,2719744,4096,5393,5400,True
ep0,4384,4962,4962,forward,2863104,4096,5673,5680,True
ep0,4385,4962,4962,forward,2887680,4096,5721,5728,True
ep0,4386,4963,4965,forward,2818048,8192,5585,5600,True
ep0,4387,4965,4965,forward,2723840,4096,5401,5408,True
ep0,4388,4966,4966,forward,2822144,4096,5593,5600,True
ep0,4389,4966,4966,forward,2867200,4096,5681,5688,True
ep0,4390,4966,4966,forward,2891776,4096,5729,5736,True
ep0,4391,4969,4969,forward,2826240,4096,5601,5608,True
ep0,4392,4969,4969,forward,2727936,4096,5409,5416,True
ep0,4393,4969,4969,forward,2895872,4096,5737,5744,True
ep0,4394,4970,4970,forward,2826240,4096,5601,5608,True
ep0,4395,4970,4970,forward,2871296,4096,5689,5696,True
ep0,4396,4972,4972,forward,2830336,4096,5609,5616,True
ep0,4397,4972,4972,forward,2732032,4096,5417,5424,True
ep0,4398,4973,4973,forward,2875392,4096,5697,5704,True
ep0,4399,4973,4973,forward,2899968,4096,5745,5752,True
ep0,4400,4974,4976,forward,2830336,8192,5609,5624,True
ep0,4401,4976,4976,forward,2736128,4096,5425,5432,True
ep0,4402,4977,4977,forward,2879488,4096,5705,5712,True
ep0,4403,4977,4977,forward,2904064,4096,5753,5760,True
ep0,4404,4978,4980,forward,2834432,8192,5617,5632,True
ep0,4405,4980,4980,forward,2740224,4096,5433,5440,True
ep0,4406,4980,4980,forward,2908160,4096,5761,5768,True
ep0,4407,4981,4981,forward,2883584,4096,5713,5720,True
ep0,4408,4982,4983,forward,2838528,8192,5625,5640,True
ep0,4409,4983,4983,forward,2744320,4096,5441,5448,True
ep0,4410,4984,4984,forward,2887680,4096,5721,5728,True
ep0,4411,4984,4984,forward,2912256,4096,5769,5776,True
ep0,4412,4985,4987,forward,2842624,8192,5633,5648,True
ep0,4413,4987,4987,forward,2748416,4096,5449,5456,True
ep0,4414,4988,4988,forward,2891776,4096,5729,5736,True
ep0,4415,4988,4988,forward,2916352,4096,5777,5784,True
ep0,4416,4989,4991,forward,2846720,8192,5641,5656,True
ep0,4417,4991,4991,forward,2752512,4096,5457,5464,True
ep0,4418,4991,4991,forward,2920448,4096,5785,5792,True
ep0,4419,4992,4992,forward,2895872,4096,5737,5744,True
ep0,4420,4993,4993,forward,2850816,4096,5649,5656,True
ep0,4421,4994,4994,forward,2756608,4096,5465,5472,True
ep0,4422,4995,4995,forward,2899968,4096,5745,5752,True
ep0,4423,4995,4995,forward,2924544,4096,5793,5800,True
ep0,4424,4998,4998,forward,2760704,4096,5473,5480,True
ep0,4425,4999,4999,forward,2904064,4096,5753,5760,True
ep0,4426,4999,4999,forward,2928640,4096,5801,5808,True
ep0,4427,5002,5002,forward,2764800,4096,5481,5488,True
ep0,4428,5002,5002,forward,2932736,4096,5809,5816,True
ep0,4429,5003,5003,forward,2908160,4096,5761,5768,True
ep0,4430,5005,5005,forward,2854912,4096,5657,5664,True
ep0,4431,5005,5005,forward,2768896,4096,5489,5496,True
ep0,4432,5006,5006,forward,2936832,4096,5817,5824,True
ep0,4433,5007,5007,forward,2854912,4096,5657,5664,True
ep0,4434,5007,5007,forward,2912256,4096,5769,5776,True
ep0,4435,5009,5009,forward,2859008,4096,5665,5672,True
ep0,4436,5009,5009,forward,2772992,4096,5497,5504,True
ep0,4437,5010,5010,forward,2916352,4096,5777,5784,True
ep0,4438,5010,5010,forward,2940928,4096,5825,5832,True
ep0,4439,5011,5012,forward,2859008,8192,5665,5680,True
ep0,4440,5013,5013,forward,2777088,4096,5505,5512,True
ep0,4441,5014,5014,forward,2863104,4096,5673,5680,True
ep0,4442,5014,5014,forward,2920448,4096,5785,5792,True
ep0,4443,5014,5014,forward,2945024,4096,5833,5840,True
ep0,4444,5016,5016,forward,2867200,4096,5681,5688,True
ep0,4445,5016,5016,forward,2781184,4096,5513,5520,True
ep0,4446,5017,5017,forward,2949120,4096,5841,5848,True
ep0,4447,5018,5018,forward,2867200,4096,5681,5688,True
ep0,4448,5018,5018,forward,2924544,4096,5793,5800,True
ep0,4449,5020,5020,forward,2871296,4096,5689,5696,True
ep0,4450,5020,5020,forward,2785280,4096,5521,5528,True
ep0,4451,5021,5021,forward,2928640,4096,5801,5808,True
ep0,4452,5021,5021,forward,2953216,4096,5849,5856,True
ep0,4453,5022,5024,forward,2871296,8192,5689,5704,True
ep0,4454,5024,5024,forward,2789376,4096,5529,5536,True
ep0,4455,5025,5025,forward,2875392,4096,5697,5704,True
ep0,4456,5025,5025,forward,2932736,4096,5809,5816,True
ep0,4457,5025,5025,forward,2957312,4096,5857,5864,True
ep0,4458,5027,5027,forward,2879488,4096,5705,5712,True
ep0,4459,5027,5027,forward,2793472,4096,5537,5544,True
ep0,4460,5029,5029,forward,2879488,4096,5705,5712,True
ep0,4461,5029,5029,forward,2936832,4096,5817,5824,True
ep0,4462,5029,5029,forward,2961408,4096,5865,5872,True
ep0,4463,5031,5031,forward,2883584,4096,5713,5720,True
ep0,4464,5031,5031,forward,2797568,4096,5545,5552,True
ep0,4465,5032,5032,forward,2940928,4096,5825,5832,True
ep0,4466,5033,5033,forward,2883584,4096,5713,5720,True
ep0,4467,5033,5033,forward,2965504,4096,5873,5880,True
ep0,4468,5035,5035,forward,2887680,4096,5721,5728,True
ep0,4469,5035,5035,forward,2801664,4096,5553,5560,True
ep0,4470,5036,5036,forward,2887680,4096,5721,5728,True
ep0,4471,5036,5036,forward,2945024,4096,5833,5840,True
ep0,4472,5036,5036,forward,2969600,4096,5881,5888,True
ep0,4473,5038,5038,forward,2891776,4096,5729,5736,True
ep0,4474,5038,5038,forward,2805760,4096,5561,5568,True
ep0,4475,5040,5040,forward,2891776,4096,5729,5736,True
ep0,4476,5040,5040,forward,2949120,4096,5841,5848,True
ep0,4477,5040,5040,forward,2973696,4096,5889,5896,True
ep0,4478,5042,5042,forward,2895872,4096,5737,5744,True
ep0,4479,5042,5042,forward,2809856,4096,5569,5576,True
ep0,4480,5043,5043,forward,2953216,4096,5849,5856,True
ep0,4481,5044,5044,forward,2895872,4096,5737,5744,True
ep0,4482,5044,5044,forward,2977792,4096,5897,5904,True
ep0,4483,5046,5046,forward,2899968,4096,5745,5752,True
ep0,4484,5046,5046,forward,2813952,4096,5577,5584,True
ep0,4485,5048,5048,forward,2899968,4096,5745,5752,True
ep0,4486,5048,5048,forward,2957312,4096,5857,5864,True
ep0,4487,5048,5048,forward,2981888,4096,5905,5912,True
ep0,4488,5049,5049,forward,2904064,4096,5753,5760,True
ep0,4489,5049,5049,forward,2818048,4096,5585,5592,True
ep0,4490,5051,5051,forward,2904064,4096,5753,5760,True
ep0,4491,5052,5052,forward,2961408,4096,5865,5872,True
ep0,4492,5052,5052,forward,2985984,4096,5913,5920,True
ep0,4493,5053,5053,forward,2908160,4096,5761,5768,True
ep0,4494,5053,5053,forward,2822144,4096,5593,5600,True
ep0,4495,5055,5055,forward,2908160,4096,5761,5768,True
ep0,4496,5055,5055,forward,2965504,4096,5873,5880,True
ep0,4497,5056,5056,forward,2990080,4096,5921,5928,True
ep0,4498,5057,5057,forward,2912256,4096,5769,5776,True
ep0,4499,5057,5057,forward,2826240,4096,5601,5608,True
ep0,4500,5059,5059,forward,2912256,4096,5769,5776,True
ep0,4501,5059,5059,forward,2969600,4096,5881,5888,True
ep0,4502,5059,5059,forward,2994176,4096,5929,5936,True
ep0,4503,5060,5060,forward,2916352,4096,5777,5784,True
ep0,4504,5062,5062,forward,2916352,4096,5777,5784,True
ep0,4505,5063,5063,forward,2973696,4096,5889,5896,True
ep0,4506,5063,5063,forward,2998272,4096,5937,5944,True
ep0,4507,5064,5064,forward,2920448,4096,5785,5792,True
ep0,4508,5066,5066,forward,2920448,4096,5785,5792,True
ep0,4509,5067,5067,forward,2977792,4096,5897,5904,True
ep0,4510,5067,5067,forward,3002368,4096,5945,5952,True
ep0,4511,5068,5068,forward,2924544,4096,5793,5800,True
ep0,4512,5070,5070,forward,2924544,4096,5793,5800,True
ep0,4513,5070,5070,forward,2981888,4096,5905,5912,True
ep0,4514,5071,5071,forward,2830336,4096,5609,5616,True
ep0,4515,5071,5071,forward,3006464,4096,5953,5960,True
ep0,4516,5072,5072,forward,2928640,4096,5801,5808,True
ep0,4517,5073,5073,forward,2928640,4096,5801,5808,True
ep0,4518,5074,5074,forward,2985984,4096,5913,5920,True
ep0,4519,5074,5074,forward,3010560,4096,5961,5968,True
ep0,4520,5075,5075,forward,2834432,4096,5617,5624,True
ep0,4521,5076,5076,forward,2932736,4096,5809,5816,True
ep0,4522,5077,5077,forward,2932736,4096,5809,5816,True
ep0,4523,5078,5078,forward,2990080,4096,5921,5928,True
ep0,4524,5078,5078,forward,3014656,4096,5969,5976,True
ep0,4525,5079,5079,forward,2936832,4096,5817,5824,True
ep0,4526,5079,5079,forward,2838528,4096,5625,5632,True
ep0,4527,5081,5081,forward,2936832,4096,5817,5824,True
ep0,4528,5082,5082,forward,2994176,4096,5929,5936,True
ep0,4529,5082,5082,forward,3018752,4096,5977,5984,True
ep0,4530,5083,5083,forward,2940928,4096,5825,5832,True
ep0,4531,5083,5083,forward,2842624,4096,5633,5640,True
ep0,4532,5084,5084,forward,2940928,4096,5825,5832,True
ep0,4533,5085,5085,forward,2998272,4096,5937,5944,True
ep0,4534,5085,5085,forward,3022848,4096,5985,5992,True
ep0,4535,5087,5087,forward,2945024,4096,5833,5840,True
ep0,4536,5087,5087,forward,2846720,4096,5641,5648,True
ep0,4537,5088,5088,forward,2945024,4096,5833,5840,True
ep0,4538,5089,5089,forward,3002368,4096,5945,5952,True
ep0,4539,5089,5089,forward,3026944,4096,5993,6000,True
ep0,4540,5090,5090,forward,2850816,4096,5649,5656,True
ep0,4541,5091,5091,forward,2949120,4096,5841,5848,True
ep0,4542,5092,5092,forward,2949120,4096,5841,5848,True
ep0,4543,5093,5093,forward,3006464,4096,5953,5960,True
ep0,4544,5093,5093,forward,3031040,4096,6001,6008,True
ep0,4545,5094,5094,forward,2953216,4096,5849,5856,True
ep0,4546,5094,5094,forward,2854912,4096,5657,5664,True
ep0,4547,5096,5096,forward,2953216,4096,5849,5856,True
ep0,4548,5096,5096,forward,3010560,4096,5961,5968,True
ep0,4549,5096,5096,forward,3035136,4096,6009,6016,True
ep0,4550,5098,5098,forward,2859008,4096,5665,5672,True
ep0,4551,5099,5099,forward,3997696,4096,7889,7896,True
ep0,4552,5100,5100,forward,2957312,4096,5857,5864,True
ep0,4553,5100,5100,forward,3014656,4096,5969,5976,True
ep0,4554,5100,5100,forward,3039232,4096,6017,6024,True
ep0,4555,5102,5102,forward,2863104,4096,5673,5680,True
ep0,4556,5103,5103,forward,4001792,4096,7897,7904,True
ep0,4557,5104,5104,forward,2961408,4096,5865,5872,True
ep0,4558,5104,5104,forward,3018752,4096,5977,5984,True
ep0,4559,5104,5104,forward,3043328,4096,6025,6032,True
ep0,4560,5106,5106,forward,2867200,4096,5681,5688,True
ep0,4561,5107,5107,forward,4005888,4096,7905,7912,True
ep0,4562,5107,5107,forward,2965504,4096,5873,5880,True
ep0,4563,5107,5107,forward,3047424,4096,6033,6040,True
ep0,4564,5108,5108,forward,3022848,4096,5985,5992,True
ep0,4565,5109,5109,forward,2871296,4096,5689,5696,True
ep0,4566,5111,5111,forward,4009984,4096,7913,7920,True
ep0,4567,5111,5111,forward,2969600,4096,5881,5888,True
ep0,4568,5111,5111,forward,3051520,4096,6041,6048,True
ep0,4569,5112,5112,forward,3026944,4096,5993,6000,True
ep0,4570,5113,5113,forward,2875392,4096,5697,5704,True
ep0,4571,5114,5114,forward,4014080,4096,7921,7928,True
ep0,4572,5115,5115,forward,2973696,4096,5889,5896,True
ep0,4573,5115,5115,forward,3055616,4096,6049,6056,True
ep0,4574,5116,5116,forward,3031040,4096,6001,6008,True
ep0,4575,5117,5117,forward,2879488,4096,5705,5712,True
ep0,4576,5119,5119,forward,3059712,4096,6057,6064,True
ep0,4577,5120,5120,forward,3035136,4096,6009,6016,True
ep0,4578,5121,5121,forward,2883584,4096,5713,5720,True
ep0,4579,5122,5122,forward,3063808,4096,6065,6072,True
ep0,4580,5125,5125,forward,2887680,4096,5721,5728,True
ep0,4581,5126,5126,forward,3067904,4096,6073,6080,True
ep0,4582,5129,5129,forward,4018176,4096,7929,7936,True
ep0,4583,5129,5129,forward,2891776,4096,5729,5736,True
ep0,4584,5129,5129,forward,2977792,4096,5897,5904,True
ep0,4585,5130,5130,forward,3072000,4096,6081,6088,True
ep0,4586,5132,5132,forward,2981888,4096,5905,5912,True
ep0,4587,5133,5133,forward,4022272,4096,7937,7944,True
ep0,4588,5133,5133,forward,2895872,4096,5737,5744,True
ep0,4589,5133,5133,forward,3076096,4096,6089,6096,True
ep0,4590,5134,5134,forward,3039232,4096,6017,6024,True
ep0,4591,5136,5136,forward,4026368,4096,7945,7952,True
ep0,4592,5136,5136,forward,2985984,4096,5913,5920,True
ep0,4593,5137,5137,forward,2899968,4096,5745,5752,True
ep0,4594,5138,5138,forward,3043328,4096,6025,6032,True
ep0,4595,5138,5138,forward,3080192,4096,6097,6104,True
ep0,4596,5140,5140,forward,4030464,4096,7953,7960,True
ep0,4597,5140,5140,forward,2904064,4096,5753,5760,True
ep0,4598,5140,5140,forward,2990080,4096,5921,5928,True
ep0,4599,5141,5141,forward,3084288,4096,6105,6112,True
ep0,4600,5142,5142,forward,3047424,4096,6033,6040,True
ep0,4601,5144,5144,forward,4034560,4096,7961,7968,True
ep0,4602,5144,5144,forward,2908160,4096,5761,5768,True
ep0,4603,5144,5144,forward,2994176,4096,5929,5936,True
ep0,4604,5145,5145,forward,3051520,4096,6041,6048,True
ep0,4605,5145,5145,forward,3088384,4096,6113,6120,True
ep0,4606,5147,5147,forward,4038656,4096,7969,7976,True
ep0,4607,5148,5148,forward,2912256,4096,5769,5776,True
ep0,4608,5148,5148,forward,2998272,4096,5937,5944,True
ep0,4609,5149,5149,forward,3055616,4096,6049,6056,True
ep0,4610,5149,5149,forward,3092480,4096,6121,6128,True
ep0,4611,5151,5151,forward,4042752,4096,7977,7984,True
ep0,4612,5151,5151,forward,2916352,4096,5777,5784,True
ep0,4613,5151,5151,forward,3002368,4096,5945,5952,True
ep0,4614,5152,5152,forward,3096576,4096,6129,6136,True
ep0,4615,5153,5153,forward,3059712,4096,6057,6064,True
ep0,4616,5155,5155,forward,4046848,4096,7985,7992,True
ep0,4617,5155,5155,forward,2920448,4096,5785,5792,True
ep0,4618,5155,5155,forward,3006464,4096,5953,5960,True
ep0,4619,5156,5156,forward,3063808,4096,6065,6072,True
ep0,4620,5156,5156,forward,3100672,4096,6137,6144,True
ep0,4621,5158,5158,forward,4050944,4096,7993,8000,True
ep0,4622,5159,5159,forward,2924544,4096,5793,5800,True
ep0,4623,5159,5159,forward,3010560,4096,5961,5968,True
ep0,4624,5160,5160,forward,3067904,4096,6073,6080,True
ep0,4625,5160,5160,forward,3104768,4096,6145,6152,True
ep0,4626,5162,5162,forward,4055040,4096,8001,8008,True
ep0,4627,5163,5163,forward,2928640,4096,5801,5808,True
ep0,4628,5163,5163,forward,3014656,4096,5969,5976,True
ep0,4629,5164,5164,forward,3072000,4096,6081,6088,True
ep0,4630,5166,5166,forward,4059136,4096,8009,8016,True
ep0,4631,5166,5166,forward,2932736,4096,5809,5816,True
ep0,4632,5167,5167,forward,3018752,4096,5977,5984,True
ep0,4633,5168,5168,forward,3076096,4096,6089,6096,True
ep0,4634,5169,5169,forward,4063232,4096,8017,8024,True
ep0,4635,5171,5171,forward,3022848,4096,5985,5992,True
ep0,4636,5172,5172,forward,3080192,4096,6097,6104,True
ep0,4637,5173,5173,forward,4067328,4096,8025,8032,True
ep0,4638,5174,5174,forward,3026944,4096,5993,6000,True
ep0,4639,5174,5174,forward,3108864,4096,6153,6160,True
ep0,4640,5175,5175,forward,3084288,4096,6105,6112,True
ep0,4641,5177,5177,forward,4071424,4096,8033,8040,True
ep0,4642,5178,5178,forward,3031040,4096,6001,6008,True
ep0,4643,5178,5178,forward,3112960,4096,6161,6168,True
ep0,4644,5179,5179,forward,3088384,4096,6113,6120,True
ep0,4645,5180,5180,forward,4075520,4096,8041,8048,True
ep0,4646,5181,5181,forward,2936832,4096,5817,5824,True
ep0,4647,5181,5181,forward,3117056,4096,6169,6176,True
ep0,4648,5182,5182,forward,3035136,4096,6009,6016,True
ep0,4649,5183,5183,forward,3092480,4096,6121,6128,True
ep0,4650,5184,5184,forward,4079616,4096,8049,8056,True
ep0,4651,5184,5184,forward,2940928,4096,5825,5832,True
ep0,4652,5185,5185,forward,3121152,4096,6177,6184,True
ep0,4653,5186,5186,forward,3039232,4096,6017,6024,True
ep0,4654,5187,5187,forward,3096576,4096,6129,6136,True
ep0,4655,5188,5188,forward,4083712,4096,8057,8064,True
ep0,4656,5188,5188,forward,2945024,4096,5833,5840,True
ep0,4657,5189,5189,forward,3125248,4096,6185,6192,True
ep0,4658,5190,5190,forward,3043328,4096,6025,6032,True
ep0,4659,5191,5191,forward,4087808,4096,8065,8072,True
ep0,4660,5191,5191,forward,3100672,4096,6137,6144,True
ep0,4661,5192,5192,forward,2949120,4096,5841,5848,True
ep0,4662,5192,5192,forward,3129344,4096,6193,6200,True
ep0,4663,5194,5194,forward,3047424,4096,6033,6040,True
ep0,4664,5194,5194,forward,3104768,4096,6145,6152,True
ep0,4665,5195,5195,forward,4091904,4096,8073,8080,True
ep0,4666,5195,5195,forward,2953216,4096,5849,5856,True
ep0,4667,5196,5196,forward,3133440,4096,6201,6208,True
ep0,4668,5197,5197,forward,3051520,4096,6041,6048,True
ep0,4669,5198,5198,forward,3108864,4096,6153,6160,True
ep0,4670,5199,5199,forward,4096000,4096,8081,8088,True
ep0,4671,5199,5199,forward,2957312,4096,5857,5864,True
ep0,4672,5200,5200,forward,3137536,4096,6209,6216,True
ep0,4673,5201,5201,forward,3055616,4096,6049,6056,True
ep0,4674,5202,5202,forward,4100096,4096,8089,8096,True
ep0,4675,5202,5202,forward,3112960,4096,6161,6168,True
ep0,4676,5203,5203,forward,2961408,4096,5865,5872,True
ep0,4677,5203,5203,forward,3141632,4096,6217,6224,True
ep0,4678,5205,5205,forward,3059712,4096,6057,6064,True
ep0,4679,5205,5205,forward,3117056,4096,6169,6176,True
ep0,4680,5206,5206,forward,4104192,4096,8097,8104,True
ep0,4681,5207,5207,forward,2965504,4096,5873,5880,True
ep0,4682,5207,5207,forward,3145728,4096,6225,6232,True
ep0,4683,5208,5208,forward,3063808,4096,6065,6072,True
ep0,4684,5209,5209,forward,3121152,4096,6177,6184,True
ep0,4685,5210,5210,forward,4108288,4096,8105,8112,True
ep0,4686,5211,5211,forward,2969600,4096,5881,5888,True
ep0,4687,5211,5211,forward,3149824,4096,6233,6240,True
ep0,4688,5212,5212,forward,3067904,4096,6073,6080,True
ep0,4689,5213,5213,forward,4112384,4096,8113,8120,True
ep0,4690,5213,5213,forward,3125248,4096,6185,6192,True
ep0,4691,5214,5214,forward,2973696,4096,5889,5896,True
ep0,4692,5214,5214,forward,3153920,4096,6241,6248,True
ep0,4693,5216,5216,forward,3072000,4096,6081,6088,True
ep0,4694,5217,5217,forward,4116480,4096,8121,8128,True
ep0,4695,5217,5217,forward,3129344,4096,6193,6200,True
ep0,4696,5218,5218,forward,2977792,4096,5897,5904,True
ep0,4697,5218,5218,forward,3158016,4096,6249,6256,True
ep0,4698,5219,5219,forward,3076096,4096,6089,6096,True
ep0,4699,5221,5221,forward,4120576,4096,8129,8136,True
ep0,4700,5221,5221,forward,3133440,4096,6201,6208,True
ep0,4701,5222,5222,forward,2981888,4096,5905,5912,True
ep0,4702,5222,5222,forward,3162112,4096,6257,6264,True
ep0,4703,5223,5223,forward,3080192,4096,6097,6104,True
ep0,4704,5225,5225,forward,4124672,4096,8137,8144,True
ep0,4705,5225,5225,forward,3137536,4096,6209,6216,True
ep0,4706,5226,5226,forward,2985984,4096,5913,5920,True
ep0,4707,5226,5226,forward,3166208,4096,6265,6272,True
ep0,4708,5227,5227,forward,3084288,4096,6105,6112,True
ep0,4709,5228,5228,forward,4128768,4096,8145,8152,True
ep0,4710,5229,5229,forward,3141632,4096,6217,6224,True
ep0,4711,5230,5230,forward,2990080,4096,5921,5928,True
ep0,4712,5230,5230,forward,3170304,4096,6273,6280,True
ep0,4713,5231,5231,forward,3088384,4096,6113,6120,True
ep0,4714,5232,5232,forward,4132864,4096,8153,8160,True
ep0,4715,5233,5233,forward,2994176,4096,5929,5936,True
ep0,4716,5233,5233,forward,3145728,4096,6225,6232,True
ep0,4717,5233,5233,forward,3174400,4096,6281,6288,True
ep0,4718,5234,5234,forward,3092480,4096,6121,6128,True
ep0,4719,5236,5236,forward,4136960,4096,8161,8168,True
ep0,4720,5236,5236,forward,3149824,4096,6233,6240,True
ep0,4721,5237,5237,forward,2998272,4096,5937,5944,True
ep0,4722,5237,5237,forward,3178496,4096,6289,6296,True
ep0,4723,5238,5238,forward,3096576,4096,6129,6136,True
ep0,4724,5239,5239,forward,4141056,4096,8169,8176,True
ep0,4725,5240,5240,forward,3153920,4096,6241,6248,True
ep0,4726,5241,5241,forward,3002368,4096,5945,5952,True
ep0,4727,5241,5241,forward,3182592,4096,6297,6304,True
ep0,4728,5242,5242,forward,3100672,4096,6137,6144,True
ep0,4729,5243,5243,forward,4145152,4096,8177,8184,True
ep0,4730,5244,5244,forward,3006464,4096,5953,5960,True
ep0,4731,5244,5244,forward,3158016,4096,6249,6256,True
ep0,4732,5245,5245,forward,3186688,4096,6305,6312,True
ep0,4733,5246,5246,forward,3104768,4096,6145,6152,True
ep0,4734,5247,5247,forward,4149248,4096,8185,8192,True
ep0,4735,5247,5247,forward,3162112,4096,6257,6264,True
ep0,4736,5248,5248,forward,3010560,4096,5961,5968,True
ep0,4737,5248,5248,forward,3190784,4096,6313,6320,True
ep0,4738,5249,5249,forward,3108864,4096,6153,6160,True
ep0,4739,5250,5250,forward,4153344,4096,8193,8200,True
ep0,4740,5251,5251,forward,3166208,4096,6265,6272,True
ep0,4741,5252,5252,forward,3014656,4096,5969,5976,True
ep0,4742,5252,5252,forward,3194880,4096,6321,6328,True
ep0,4743,5253,5253,forward,3112960,4096,6161,6168,True
ep0,4744,5254,5254,forward,4157440,4096,8201,8208,True
ep0,4745,5255,5255,forward,3170304,4096,6273,6280,True
ep0,4746,5256,5256,forward,3018752,4096,5977,5984,True
ep0,4747,5256,5256,forward,3198976,4096,6329,6336,True
ep0,4748,5257,5257,forward,3117056,4096,6169,6176,True
ep0,4749,5258,5258,forward,4161536,4096,8209,8216,True
ep0,4750,5258,5258,forward,3174400,4096,6281,6288,True
ep0,4751,5260,5260,forward,3022848,4096,5985,5992,True
ep0,4752,5260,5260,forward,3121152,4096,6177,6184,True
ep0,4753,5260,5260,forward,3203072,4096,6337,6344,True
ep0,4754,5261,5261,forward,4165632,4096,8217,8224,True
ep0,4755,5262,5262,forward,3178496,4096,6289,6296,True
ep0,4756,5264,5264,forward,3026944,4096,5993,6000,True
ep0,4757,5264,5264,forward,3125248,4096,6185,6192,True
ep0,4758,5264,5264,forward,3207168,4096,6345,6352,True
ep0,4759,5265,5265,forward,4169728,4096,8225,8232,True
ep0,4760,5266,5266,forward,3182592,4096,6297,6304,True
ep0,4761,5268,5268,forward,3031040,4096,6001,6008,True
ep0,4762,5268,5268,forward,3129344,4096,6193,6200,True
ep0,4763,5268,5268,forward,3211264,4096,6353,6360,True
ep0,4764,5269,5269,forward,4173824,4096,8233,8240,True
ep0,4765,5270,5270,forward,3186688,4096,6305,6312,True
ep0,4766,5271,5271,forward,3035136,4096,6009,6016,True
ep0,4767,5271,5271,forward,3133440,4096,6201,6208,True
ep0,4768,5272,5272,forward,4177920,4096,8241,8248,True
ep0,4769,5272,5272,forward,3215360,4096,6361,6368,True
ep0,4770,5273,5273,forward,3190784,4096,6313,6320,True
ep0,4771,5275,5275,forward,3039232,4096,6017,6024,True
ep0,4772,5275,5275,forward,3137536,4096,6209,6216,True
ep0,4773,5276,5276,forward,4182016,4096,8249,8256,True
ep0,4774,5276,5276,forward,3219456,4096,6369,6376,True
ep0,4775,5277,5277,forward,3194880,4096,6321,6328,True
ep0,4776,5279,5279,forward,3043328,4096,6025,6032,True
ep0,4777,5279,5279,forward,3141632,4096,6217,6224,True
ep0,4778,5279,5279,forward,3223552,4096,6377,6384,True
ep0,4779,5280,5280,forward,4186112,4096,8257,8264,True
ep0,4780,5281,5281,forward,3198976,4096,6329,6336,True
ep0,4781,5282,5282,forward,3145728,4096,6225,6232,True
ep0,4782,5283,5283,forward,4190208,4096,8265,8272,True
ep0,4783,5283,5283,forward,3047424,4096,6033,6040,True
ep0,4784,5283,5283,forward,3227648,4096,6385,6392,True
ep0,4785,5285,5285,forward,3203072,4096,6337,6344,True
ep0,4786,5286,5286,forward,3149824,4096,6233,6240,True
ep0,4787,5287,5287,forward,4194304,4096,8273,8280,True
ep0,4788,5287,5287,forward,3051520,4096,6041,6048,True
ep0,4789,5287,5287,forward,3231744,4096,6393,6400,True
ep0,4790,5289,5289,forward,3207168,4096,6345,6352,True
ep0,4791,5290,5290,forward,3153920,4096,6241,6248,True
ep0,4792,5290,5290,forward,3235840,4096,6401,6408,True
ep0,4793,5291,5291,forward,4198400,4096,8281,8288,True
ep0,4794,5291,5291,forward,3055616,4096,6049,6056,True
ep0,4795,5292,5292,forward,3211264,4096,6353,6360,True
ep0,4796,5293,5293,forward,3158016,4096,6249,6256,True
ep0,4797,5294,5294,forward,4202496,4096,8289,8296,True
ep0,4798,5294,5294,forward,3239936,4096,6409,6416,True
ep0,4799,5295,5295,forward,3059712,4096,6057,6064,True
ep0,4800,5296,5296,forward,3215360,4096,6361,6368,True
ep0,4801,5297,5297,forward,3162112,4096,6257,6264,True
ep0,4802,5298,5298,forward,4206592,4096,8297,8304,True
ep0,4803,5298,5298,forward,3244032,4096,6417,6424,True
ep0,4804,5299,5299,forward,3063808,4096,6065,6072,True
ep0,4805,5300,5300,forward,3219456,4096,6369,6376,True
ep0,4806,5301,5301,forward,3166208,4096,6265,6272,True
ep0,4807,5301,5301,forward,3248128,4096,6425,6432,True
ep0,4808,5302,5302,forward,4210688,4096,8305,8312,True
ep0,4809,5303,5303,forward,3067904,4096,6073,6080,True
ep0,4810,5304,5304,forward,3170304,4096,6273,6280,True
ep0,4811,5304,5304,forward,3223552,4096,6377,6384,True
ep0,4812,5305,5305,forward,4214784,4096,8313,8320,True
ep0,4813,5305,5305,forward,3252224,4096,6433,6440,True
ep0,4814,5307,5307,forward,3072000,4096,6081,6088,True
ep0,4815,5307,5307,forward,3227648,4096,6385,6392,True
ep0,4816,5308,5308,forward,3174400,4096,6281,6288,True
ep0,4817,5309,5309,forward,4218880,4096,8321,8328,True
ep0,4818,5309,5309,forward,3256320,4096,6441,6448,True
ep0,4819,5311,5311,forward,3076096,4096,6089,6096,True
ep0,4820,5311,5311,forward,3231744,4096,6393,6400,True
ep0,4821,5312,5312,forward,3178496,4096,6289,6296,True
ep0,4822,5312,5312,forward,3260416,4096,6449,6456,True
ep0,4823,5313,5313,forward,4222976,4096,8329,8336,True
ep0,4824,5315,5315,forward,3080192,4096,6097,6104,True
ep0,4825,5315,5315,forward,3182592,4096,6297,6304,True
ep0,4826,5315,5315,forward,3235840,4096,6401,6408,True
ep0,4827,5316,5316,forward,4227072,4096,8337,8344,True
ep0,4828,5316,5316,forward,3264512,4096,6457,6464,True
ep0,4829,5319,5319,forward,3084288,4096,6105,6112,True
ep0,4830,5319,5319,forward,3186688,4096,6305,6312,True
ep0,4831,5319,5319,forward,3239936,4096,6409,6416,True
ep0,4832,5320,5320,forward,4231168,4096,8345,8352,True
ep0,4833,5320,5320,forward,3268608,4096,6465,6472,True
ep0,4834,5322,5322,forward,3088384,4096,6113,6120,True
ep0,4835,5323,5323,forward,3190784,4096,6313,6320,True
ep0,4836,5323,5323,forward,3244032,4096,6417,6424,True
ep0,4837,5324,5324,forward,4235264,4096,8353,8360,True
ep0,4838,5324,5324,forward,3272704,4096,6473,6480,True
ep0,4839,5326,5326,forward,3092480,4096,6121,6128,True
ep0,4840,5326,5326,forward,3194880,4096,6321,6328,True
ep0,4841,5327,5327,forward,4239360,4096,8361,8368,True
ep0,4842,5327,5327,forward,3248128,4096,6425,6432,True
ep0,4843,5327,5327,forward,3276800,4096,6481,6488,True
ep0,4844,5329,5329,forward,3096576,4096,6129,6136,True
ep0,4845,5330,5330,forward,3198976,4096,6329,6336,True
ep0,4846,5331,5331,forward,3252224,4096,6433,6440,True
ep0,4847,5331,5331,forward,3280896,4096,6489,6496,True
ep0,4848,5332,5332,forward,4243456,4096,8369,8376,True
ep0,4849,5333,5333,forward,3100672,4096,6137,6144,True
ep0,4850,5334,5334,forward,3203072,4096,6337,6344,True
ep0,4851,5335,5335,forward,4247552,4096,8377,8384,True
ep0,4852,5335,5335,forward,3256320,4096,6441,6448,True
ep0,4853,5335,5335,forward,3284992,4096,6497,6504,True
ep0,4854,5337,5337,forward,3104768,4096,6145,6152,True
ep0,4855,5338,5338,forward,3207168,4096,6345,6352,True
ep0,4856,5338,5338,forward,3289088,4096,6505,6512,True
ep0,4857,5339,5339,forward,4251648,4096,8385,8392,True
ep0,4858,5339,5339,forward,3260416,4096,6449,6456,True
ep0,4859,5340,5340,forward,3108864,4096,6153,6160,True
ep0,4860,5341,5341,forward,3211264,4096,6353,6360,True
ep0,4861,5342,5342,forward,3264512,4096,6457,6464,True
ep0,4862,5342,5342,forward,3293184,4096,6513,6520,True
ep0,4863,5343,5343,forward,4255744,4096,8393,8400,True
ep0,4864,5344,5344,forward,3112960,4096,6161,6168,True
ep0,4865,5345,5345,forward,3215360,4096,6361,6368,True
ep0,4866,5346,5346,forward,4259840,4096,8401,8408,True
ep0,4867,5346,5346,forward,3268608,4096,6465,6472,True
ep0,4868,5346,5346,forward,3297280,4096,6521,6528,True
ep0,4869,5348,5348,forward,3117056,4096,6169,6176,True
ep0,4870,5349,5349,forward,3219456,4096,6369,6376,True
ep0,4871,5349,5349,forward,3301376,4096,6529,6536,True
ep0,4872,5350,5350,forward,4263936,4096,8409,8416,True
ep0,4873,5350,5350,forward,3272704,4096,6473,6480,True
ep0,4874,5351,5351,forward,3121152,4096,6177,6184,True
ep0,4875,5353,5353,forward,3223552,4096,6377,6384,True
ep0,4876,5353,5353,forward,3276800,4096,6481,6488,True
ep0,4877,5353,5353,forward,3305472,4096,6537,6544,True
ep0,4878,5354,5354,forward,4268032,4096,8417,8424,True
ep0,4879,5355,5355,forward,3125248,4096,6185,6192,True
ep0,4880,5357,5357,forward,3227648,4096,6385,6392,True
ep0,4881,5357,5357,forward,3280896,4096,6489,6496,True
ep0,4882,5357,5357,forward,3309568,4096,6545,6552,True
ep0,4883,5358,5358,forward,4272128,4096,8425,8432,True
ep0,4884,5359,5359,forward,3129344,4096,6193,6200,True
ep0,4885,5360,5360,forward,3313664,4096,6553,6560,True
ep0,4886,5361,5361,forward,4276224,4096,8433,8440,True
ep0,4887,5361,5361,forward,3231744,4096,6393,6400,True
ep0,4888,5361,5361,forward,3284992,4096,6497,6504,True
ep0,4889,5363,5363,forward,3133440,4096,6201,6208,True
ep0,4890,5364,5364,forward,3235840,4096,6401,6408,True
ep0,4891,5364,5364,forward,3317760,4096,6561,6568,True
ep0,4892,5365,5365,forward,4280320,4096,8441,8448,True
ep0,4893,5365,5365,forward,3289088,4096,6505,6512,True
ep0,4894,5367,5367,forward,3137536,4096,6209,6216,True
ep0,4895,5368,5368,forward,3239936,4096,6409,6416,True
ep0,4896,5368,5368,forward,3293184,4096,6513,6520,True
ep0,4897,5368,5368,forward,3321856,4096,6569,6576,True
ep0,4898,5369,5369,forward,4284416,4096,8449,8456,True
ep0,4899,5371,5371,forward,3141632,4096,6217,6224,True
ep0,4900,5372,5372,forward,3244032,4096,6417,6424,True
ep0,4901,5372,5372,forward,3297280,4096,6521,6528,True
ep0,4902,5372,5372,forward,3325952,4096,6577,6584,True
ep0,4903,5373,5373,forward,4288512,4096,8457,8464,True
ep0,4904,5375,5375,forward,3145728,4096,6225,6232,True
ep0,4905,5375,5375,forward,3248128,4096,6425,6432,True
ep0,4906,5376,5376,forward,3301376,4096,6529,6536,True
ep0,4907,5376,5376,forward,3330048,4096,6585,6592,True
ep0,4908,5377,5377,forward,4292608,4096,8465,8472,True
ep0,4909,5378,5378,forward,3149824,4096,6233,6240,True
ep0,4910,5379,5379,forward,3252224,4096,6433,6440,True
ep0,4911,5379,5379,forward,3305472,4096,6537,6544,True
ep0,4912,5379,5379,forward,3334144,4096,6593,6600,True
ep0,4913,5380,5380,forward,4296704,4096,8473,8480,True
ep0,4914,5382,5382,forward,3153920,4096,6241,6248,True
ep0,4915,5383,5383,forward,3256320,4096,6441,6448,True
ep0,4916,5383,5383,forward,3309568,4096,6545,6552,True
ep0,4917,5383,5383,forward,3338240,4096,6601,6608,True
ep0,4918,5384,5384,forward,4300800,4096,8481,8488,True
ep0,4919,5386,5386,forward,3158016,4096,6249,6256,True
ep0,4920,5387,5387,forward,3260416,4096,6449,6456,True
ep0,4921,5387,5387,forward,3313664,4096,6553,6560,True
ep0,4922,5387,5387,forward,3342336,4096,6609,6616,True
ep0,4923,5388,5388,forward,4304896,4096,8489,8496,True
ep0,4924,5390,5390,forward,3162112,4096,6257,6264,True
ep0,4925,5390,5390,forward,3317760,4096,6561,6568,True
ep0,4926,5390,5390,forward,3346432,4096,6617,6624,True
ep0,4927,5391,5391,forward,3264512,4096,6457,6464,True
ep0,4928,5392,5392,forward,4308992,4096,8497,8504,True
ep0,4929,5394,5394,forward,3166208,4096,6265,6272,True
ep0,4930,5394,5394,forward,3321856,4096,6569,6576,True
ep0,4931,5394,5394,forward,3350528,4096,6625,6632,True
ep0,4932,5395,5395,forward,4313088,4096,8505,8512,True
ep0,4933,5395,5395,forward,3268608,4096,6465,6472,True
ep0,4934,5398,5398,forward,3170304,4096,6273,6280,True
ep0,4935,5398,5398,forward,3325952,4096,6577,6584,True
ep0,4936,5398,5398,forward,3354624,4096,6633,6640,True
ep0,4937,5399,5399,forward,4317184,4096,8513,8520,True
ep0,4938,5399,5399,forward,3272704,4096,6473,6480,True
ep0,4939,5402,5402,forward,3174400,4096,6281,6288,True
ep0,4940,5402,5402,forward,3330048,4096,6585,6592,True
ep0,4941,5402,5402,forward,3358720,4096,6641,6648,True
ep0,4942,5403,5403,forward,4321280,4096,8521,8528,True
ep0,4943,5403,5403,forward,3276800,4096,6481,6488,True
ep0,4944,5405,5405,forward,3178496,4096,6289,6296,True
ep0,4945,5405,5405,forward,3334144,4096,6593,6600,True
ep0,4946,5405,5405,forward,3362816,4096,6649,6656,True
ep0,4947,5406,5406,forward,3280896,4096,6489,6496,True
ep0,4948,5407,5407,forward,4325376,4096,8529,8536,True
ep0,4949,5409,5409,forward,3182592,4096,6297,6304,True
ep0,4950,5409,5409,forward,3338240,4096,6601,6608,True
ep0,4951,5409,5409,forward,3366912,4096,6657,6664,True
ep0,4952,5410,5410,forward,3284992,4096,6497,6504,True
ep0,4953,5411,5411,forward,4329472,4096,8537,8544,True
ep0,4954,5413,5413,forward,3186688,4096,6305,6312,True
ep0,4955,5413,5413,forward,3342336,4096,6609,6616,True
ep0,4956,5413,5413,forward,3371008,4096,6665,6672,True
ep0,4957,5414,5414,forward,3289088,4096,6505,6512,True
ep0,4958,5415,5415,forward,4333568,4096,8545,8552,True
ep0,4959,5416,5416,forward,3190784,4096,6313,6320,True
ep0,4960,5416,5416,forward,3346432,4096,6617,6624,True
ep0,4961,5416,5416,forward,3375104,4096,6673,6680,True
ep0,4962,5417,5417,forward,3293184,4096,6513,6520,True
ep0,4963,5419,5419,forward,4337664,4096,8553,8560,True
ep0,4964,5420,5420,forward,3194880,4096,6321,6328,True
ep0,4965,5420,5420,forward,3350528,4096,6625,6632,True
ep0,4966,5420,5420,forward,3379200,4096,6681,6688,True
ep0,4967,5421,5421,forward,3297280,4096,6521,6528,True
ep0,4968,5423,5423,forward,4341760,4096,8561,8568,True
ep0,4969,5423,5423,forward,3198976,4096,6329,6336,True
ep0,4970,5424,5424,forward,3354624,4096,6633,6640,True
ep0,4971,5424,5424,forward,3383296,4096,6689,6696,True
ep0,4972,5425,5425,forward,3301376,4096,6529,6536,True
ep0,4973,5427,5427,forward,4345856,4096,8569,8576,True
ep0,4974,5427,5427,forward,3203072,4096,6337,6344,True
ep0,4975,5427,5427,forward,3358720,4096,6641,6648,True
ep0,4976,5427,5427,forward,3387392,4096,6697,6704,True
ep0,4977,5428,5428,forward,3305472,4096,6537,6544,True
ep0,4978,5431,5431,forward,4349952,4096,8577,8584,True
ep0,4979,5431,5431,forward,3207168,4096,6345,6352,True
ep0,4980,5431,5431,forward,3362816,4096,6649,6656,True
ep0,4981,5431,5431,forward,3391488,4096,6705,6712,True
ep0,4982,5432,5432,forward,3309568,4096,6545,6552,True
ep0,4983,5434,5434,forward,4354048,4096,8585,8592,True
ep0,4984,5435,5435,forward,3211264,4096,6353,6360,True
ep0,4985,5435,5435,forward,3366912,4096,6657,6664,True
ep0,4986,5435,5435,forward,3395584,4096,6713,6720,True
ep0,4987,5436,5436,forward,3313664,4096,6553,6560,True
ep0,4988,5438,5438,forward,4358144,4096,8593,8600,True
ep0,4989,5438,5438,forward,3215360,4096,6361,6368,True
ep0,4990,5438,5438,forward,3371008,4096,6665,6672,True
ep0,4991,5438,5438,forward,3399680,4096,6721,6728,True
ep0,4992,5440,5440,forward,3317760,4096,6561,6568,True
ep0,4993,5442,5442,forward,4362240,4096,8601,8608,True
ep0,4994,5442,5442,forward,3219456,4096,6369,6376,True
ep0,4995,5442,5442,forward,3375104,4096,6673,6680,True
ep0,4996,5442,5442,forward,3403776,4096,6729,6736,True
ep0,4997,5444,5444,forward,3321856,4096,6569,6576,True
ep0,4998,5446,5446,forward,2957312,4096,5857,5864,True
ep0,4999,5446,5446,forward,3223552,4096,6377,6384,True
ep0,5000,5446,5446,forward,3379200,4096,6681,6688,True
ep0,5001,5446,5446,forward,3407872,4096,6737,6744,True
ep0,5002,5448,5448,forward,3325952,4096,6577,6584,True
ep0,5003,5449,5449,forward,3383296,4096,6689,6696,True
ep0,5004,5449,5449,forward,3411968,4096,6745,6752,True
ep0,5005,5450,5450,forward,2961408,4096,5865,5872,True
ep0,5006,5450,5450,forward,3227648,4096,6385,6392,True
ep0,5007,5451,5451,forward,3330048,4096,6585,6592,True
ep0,5008,5453,5453,forward,3387392,4096,6697,6704,True
ep0,5009,5453,5453,forward,3416064,4096,6753,6760,True
ep0,5010,5454,5454,forward,2965504,4096,5873,5880,True
ep0,5011,5454,5454,forward,3231744,4096,6393,6400,True
ep0,5012,5455,5455,forward,3334144,4096,6593,6600,True
ep0,5013,5457,5457,forward,2969600,4096,5881,5888,True
ep0,5014,5457,5457,forward,3235840,4096,6401,6408,True
ep0,5015,5457,5457,forward,3391488,4096,6705,6712,True
ep0,5016,5457,5457,forward,3420160,4096,6761,6768,True
ep0,5017,5459,5459,forward,3338240,4096,6601,6608,True
ep0,5018,5460,5460,forward,3395584,4096,6713,6720,True
ep0,5019,5460,5460,forward,3424256,4096,6769,6776,True
ep0,5020,5461,5461,forward,2973696,4096,5889,5896,True
ep0,5021,5461,5461,forward,3239936,4096,6409,6416,True
ep0,5022,5463,5463,forward,3342336,4096,6609,6616,True
ep0,5023,5464,5464,forward,3399680,4096,6721,6728,True
ep0,5024,5464,5464,forward,3428352,4096,6777,6784,True
ep0,5025,5465,5465,forward,2977792,4096,5897,5904,True
ep0,5026,5465,5465,forward,3244032,4096,6417,6424,True
ep0,5027,5467,5467,forward,3346432,4096,6617,6624,True
ep0,5028,5468,5468,forward,3403776,4096,6729,6736,True
ep0,5029,5468,5468,forward,3432448,4096,6785,6792,True
ep0,5030,5469,5469,forward,2981888,4096,5905,5912,True
ep0,5031,5469,5469,forward,3248128,4096,6425,6432,True
ep0,5032,5470,5470,forward,3350528,4096,6625,6632,True
ep0,5033,5471,5471,forward,3436544,4096,6793,6800,True
ep0,5034,5472,5472,forward,3407872,4096,6737,6744,True
ep0,5035,5473,5473,forward,2985984,4096,5913,5920,True
ep0,5036,5473,5473,forward,3252224,4096,6433,6440,True
ep0,5037,5474,5474,forward,3354624,4096,6633,6640,True
ep0,5038,5475,5475,forward,3411968,4096,6745,6752,True
ep0,5039,5475,5475,forward,3440640,4096,6801,6808,True
ep0,5040,5476,5476,forward,3256320,4096,6441,6448,True
ep0,5041,5477,5477,forward,2990080,4096,5921,5928,True
ep0,5042,5478,5478,forward,3358720,4096,6641,6648,True
ep0,5043,5479,5479,forward,3416064,4096,6753,6760,True
ep0,5044,5479,5479,forward,3444736,4096,6809,6816,True
ep0,5045,5480,5480,forward,3260416,4096,6449,6456,True
ep0,5046,5481,5481,forward,2994176,4096,5929,5936,True
ep0,5047,5482,5482,forward,3362816,4096,6649,6656,True
ep0,5048,5483,5483,forward,3264512,4096,6457,6464,True
ep0,5049,5483,5483,forward,3420160,4096,6761,6768,True
ep0,5050,5483,5483,forward,3448832,4096,6817,6824,True
ep0,5051,5484,5484,forward,2998272,4096,5937,5944,True
ep0,5052,5486,5486,forward,3366912,4096,6657,6664,True
ep0,5053,5486,5486,forward,3424256,4096,6769,6776,True
ep0,5054,5486,5486,forward,3452928,4096,6825,6832,True
ep0,5055,5487,5487,forward,3268608,4096,6465,6472,True
ep0,5056,5488,5488,forward,3002368,4096,5945,5952,True
ep0,5057,5490,5490,forward,3371008,4096,6665,6672,True
ep0,5058,5490,5490,forward,3428352,4096,6777,6784,True
ep0,5059,5490,5490,forward,3457024,4096,6833,6840,True
ep0,5060,5491,5491,forward,3272704,4096,6473,6480,True
ep0,5061,5492,5492,forward,3006464,4096,5953,5960,True
ep0,5062,5493,5493,forward,3375104,4096,6673,6680,True
ep0,5063,5494,5494,forward,3432448,4096,6785,6792,True
ep0,5064,5494,5494,forward,3461120,4096,6841,6848,True
ep0,5065,5495,5495,forward,3010560,4096,5961,5968,True
ep0,5066,5495,5495,forward,3276800,4096,6481,6488,True
ep0,5067,5497,5497,forward,3379200,4096,6681,6688,True
ep0,5068,5497,5497,forward,3436544,4096,6793,6800,True
ep0,5069,5498,5498,forward,3280896,4096,6489,6496,True
ep0,5070,5498,5498,forward,3465216,4096,6849,6856,True
ep0,5071,5499,5499,forward,3014656,4096,5969,5976,True
ep0,5072,5501,5501,forward,3383296,4096,6689,6696,True
ep0,5073,5501,5501,forward,3440640,4096,6801,6808,True
ep0,5074,5501,5501,forward,3469312,4096,6857,6864,True
ep0,5075,5502,5502,forward,3284992,4096,6497,6504,True
ep0,5076,5503,5503,forward,3018752,4096,5977,5984,True
ep0,5077,5504,5504,forward,3387392,4096,6697,6704,True
ep0,5078,5505,5505,forward,3444736,4096,6809,6816,True
ep0,5079,5505,5505,forward,3473408,4096,6865,6872,True
ep0,5080,5506,5506,forward,3022848,4096,5985,5992,True
ep0,5081,5506,5506,forward,3289088,4096,6505,6512,True
ep0,5082,5508,5508,forward,3391488,4096,6705,6712,True
ep0,5083,5509,5509,forward,3448832,4096,6817,6824,True
ep0,5084,5509,5509,forward,3477504,4096,6873,6880,True
ep0,5085,5510,5510,forward,3026944,4096,5993,6000,True
ep0,5086,5510,5510,forward,3293184,4096,6513,6520,True
ep0,5087,5512,5512,forward,3395584,4096,6713,6720,True
ep0,5088,5512,5512,forward,3452928,4096,6825,6832,True
ep0,5089,5513,5513,forward,3481600,4096,6881,6888,True
ep0,5090,5514,5514,forward,3031040,4096,6001,6008,True
ep0,5091,5514,5514,forward,3297280,4096,6521,6528,True
ep0,5092,5515,5515,forward,3399680,4096,6721,6728,True
ep0,5093,5516,5516,forward,3457024,4096,6833,6840,True
ep0,5094,5517,5517,forward,3035136,4096,6009,6016,True
ep0,5095,5517,5517,forward,3301376,4096,6529,6536,True
ep0,5096,5517,5517,forward,3485696,4096,6889,6896,True
ep0,5097,5519,5519,forward,3403776,4096,6729,6736,True
ep0,5098,5520,5520,forward,3461120,4096,6841,6848,True
ep0,5099,5520,5520,forward,3489792,4096,6897,6904,True
ep0,5100,5521,5521,forward,3039232,4096,6017,6024,True
ep0,5101,5521,5521,forward,3305472,4096,6537,6544,True
ep0,5102,5523,5523,forward,3407872,4096,6737,6744,True
ep0,5103,5523,5523,forward,3465216,4096,6849,6856,True
ep0,5104,5524,5524,forward,3493888,4096,6905,6912,True
ep0,5105,5525,5525,forward,3043328,4096,6025,6032,True
ep0,5106,5525,5525,forward,3309568,4096,6545,6552,True
ep0,5107,5526,5526,forward,3411968,4096,6745,6752,True
ep0,5108,5527,5527,forward,3469312,4096,6857,6864,True
ep0,5109,5528,5528,forward,3047424,4096,6033,6040,True
ep0,5110,5528,5528,forward,3497984,4096,6913,6920,True
ep0,5111,5529,5529,forward,3313664,4096,6553,6560,True
ep0,5112,5530,5530,forward,3416064,4096,6753,6760,True
ep0,5113,5531,5531,forward,3473408,4096,6865,6872,True
ep0,5114,5532,5532,forward,3051520,4096,6041,6048,True
ep0,5115,5532,5532,forward,3502080,4096,6921,6928,True
ep0,5116,5533,5533,forward,3317760,4096,6561,6568,True
ep0,5117,5534,5534,forward,3420160,4096,6761,6768,True
ep0,5118,5534,5534,forward,3477504,4096,6873,6880,True
ep0,5119,5536,5536,forward,3055616,4096,6049,6056,True
ep0,5120,5536,5536,forward,3506176,4096,6929,6936,True
ep0,5121,5537,5537,forward,3321856,4096,6569,6576,True
ep0,5122,5538,5538,forward,3424256,4096,6769,6776,True
ep0,5123,5538,5538,forward,3481600,4096,6881,6888,True
ep0,5124,5540,5540,forward,3059712,4096,6057,6064,True
ep0,5125,5540,5540,forward,3510272,4096,6937,6944,True
ep0,5126,5541,5541,forward,3325952,4096,6577,6584,True
ep0,5127,5542,5542,forward,3428352,4096,6777,6784,True
ep0,5128,5542,5542,forward,3485696,4096,6889,6896,True
ep0,5129,5544,5544,forward,3063808,4096,6065,6072,True
ep0,5130,5544,5544,forward,3514368,4096,6945,6952,True
ep0,5131,5545,5545,forward,3330048,4096,6585,6592,True
ep0,5132,5545,5545,forward,3489792,4096,6897,6904,True
ep0,5133,5546,5546,forward,3432448,4096,6785,6792,True
ep0,5134,5547,5547,forward,3067904,4096,6073,6080,True
ep0,5135,5548,5548,forward,3518464,4096,6953,6960,True
ep0,5136,5549,5549,forward,3334144,4096,6593,6600,True
ep0,5137,5549,5549,forward,3436544,4096,6793,6800,True
ep0,5138,5549,5549,forward,3493888,4096,6905,6912,True
ep0,5139,5551,5551,forward,3072000,4096,6081,6088,True
ep0,5140,5552,5552,forward,3522560,4096,6961,6968,True
ep0,5141,5553,5553,forward,3338240,4096,6601,6608,True
ep0,5142,5553,5553,forward,3440640,4096,6801,6808,True
ep0,5143,5553,5553,forward,3497984,4096,6913,6920,True
ep0,5144,5555,5555,forward,3076096,4096,6089,6096,True
ep0,5145,5555,5555,forward,3526656,4096,6969,6976,True
ep0,5146,5556,5556,forward,3342336,4096,6609,6616,True
ep0,5147,5556,5556,forward,3502080,4096,6921,6928,True
ep0,5148,5557,5557,forward,3444736,4096,6809,6816,True
ep0,5149,5559,5559,forward,3080192,4096,6097,6104,True
ep0,5150,5559,5559,forward,3530752,4096,6977,6984,True
ep0,5151,5560,5560,forward,3346432,4096,6617,6624,True
ep0,5152,5560,5560,forward,3506176,4096,6929,6936,True
ep0,5153,5561,5561,forward,3448832,4096,6817,6824,True
ep0,5154,5563,5563,forward,3084288,4096,6105,6112,True
ep0,5155,5563,5563,forward,3534848,4096,6985,6992,True
ep0,5156,5564,5564,forward,3350528,4096,6625,6632,True
ep0,5157,5564,5564,forward,3510272,4096,6937,6944,True
ep0,5158,5565,5565,forward,3452928,4096,6825,6832,True
ep0,5159,5566,5566,forward,3538944,4096,6993,7000,True
ep0,5160,5567,5567,forward,3088384,4096,6113,6120,True
ep0,5161,5568,5568,forward,3354624,4096,6633,6640,True
ep0,5162,5568,5568,forward,3514368,4096,6945,6952,True
ep0,5163,5569,5569,forward,3457024,4096,6833,6840,True
ep0,5164,5570,5570,forward,3092480,4096,6121,6128,True
ep0,5165,5570,5570,forward,3543040,4096,7001,7008,True
ep0,5166,5571,5571,forward,3358720,4096,6641,6648,True
ep0,5167,5571,5571,forward,3518464,4096,6953,6960,True
ep0,5168,5572,5572,forward,3461120,4096,6841,6848,True
ep0,5169,5574,5574,forward,3096576,4096,6129,6136,True
ep0,5170,5574,5574,forward,3547136,4096,7009,7016,True
ep0,5171,5575,5575,forward,3362816,4096,6649,6656,True
ep0,5172,5575,5575,forward,3522560,4096,6961,6968,True
ep0,5173,5576,5576,forward,3465216,4096,6849,6856,True
ep0,5174,5577,5577,forward,3551232,4096,7017,7024,True
ep0,5175,5578,5578,forward,3100672,4096,6137,6144,True
ep0,5176,5579,5579,forward,3366912,4096,6657,6664,True
ep0,5177,5579,5579,forward,3526656,4096,6969,6976,True
ep0,5178,5580,5580,forward,3469312,4096,6857,6864,True
ep0,5179,5581,5581,forward,3555328,4096,7025,7032,True
ep0,5180,5582,5582,forward,3104768,4096,6145,6152,True
ep0,5181,5582,5582,forward,3530752,4096,6977,6984,True
ep0,5182,5583,5583,forward,3371008,4096,6665,6672,True
ep0,5183,5584,5584,forward,3473408,4096,6865,6872,True
ep0,5184,5585,5585,forward,3559424,4096,7033,7040,True
ep0,5185,5586,5586,forward,3108864,4096,6153,6160,True
ep0,5186,5586,5586,forward,3375104,4096,6673,6680,True
ep0,5187,5586,5586,forward,3534848,4096,6985,6992,True
ep0,5188,5588,5588,forward,3477504,4096,6873,6880,True
ep0,5189,5588,5588,forward,3563520,4096,7041,7048,True
ep0,5190,5589,5589,forward,3112960,4096,6161,6168,True
ep0,5191,5590,5590,forward,3379200,4096,6681,6688,True
ep0,5192,5590,5590,forward,3538944,4096,6993,7000,True
ep0,5193,5591,5591,forward,3481600,4096,6881,6888,True
ep0,5194,5592,5592,forward,3567616,4096,7049,7056,True
ep0,5195,5593,5593,forward,3117056,4096,6169,6176,True
ep0,5196,5594,5594,forward,3383296,4096,6689,6696,True
ep0,5197,5594,5594,forward,3543040,4096,7001,7008,True
ep0,5198,5595,5595,forward,3485696,4096,6889,6896,True
ep0,5199,5596,5596,forward,3571712,4096,7057,7064,True
ep0,5200,5597,5597,forward,3121152,4096,6177,6184,True
ep0,5201,5598,5598,forward,3387392,4096,6697,6704,True
ep0,5202,5598,5598,forward,3547136,4096,7009,7016,True
ep0,5203,5599,5599,forward,3489792,4096,6897,6904,True
ep0,5204,5600,5600,forward,3575808,4096,7065,7072,True
ep0,5205,5601,5601,forward,3125248,4096,6185,6192,True
ep0,5206,5601,5601,forward,3551232,4096,7017,7024,True
ep0,5207,5602,5602,forward,3391488,4096,6705,6712,True
ep0,5208,5603,5603,forward,3493888,4096,6905,6912,True
ep0,5209,5603,5603,forward,3579904,4096,7073,7080,True
ep0,5210,5604,5604,forward,3129344,4096,6193,6200,True
ep0,5211,5605,5605,forward,3555328,4096,7025,7032,True
ep0,5212,5606,5606,forward,3395584,4096,6713,6720,True
ep0,5213,5606,5606,forward,3497984,4096,6913,6920,True
ep0,5214,5607,5607,forward,3584000,4096,7081,7088,True
ep0,5215,5608,5608,forward,3133440,4096,6201,6208,True
ep0,5216,5609,5609,forward,3559424,4096,7033,7040,True
ep0,5217,5610,5610,forward,3399680,4096,6721,6728,True
ep0,5218,5610,5610,forward,3502080,4096,6921,6928,True
ep0,5219,5611,5611,forward,3588096,4096,7089,7096,True
ep0,5220,5612,5612,forward,3137536,4096,6209,6216,True
ep0,5221,5613,5613,forward,3563520,4096,7041,7048,True
ep0,5222,5614,5614,forward,3403776,4096,6729,6736,True
ep0,5223,5614,5614,forward,3506176,4096,6929,6936,True
ep0,5224,5614,5614,forward,3592192,4096,7097,7104,True
ep0,5225,5615,5615,forward,3141632,4096,6217,6224,True
ep0,5226,5617,5617,forward,3510272,4096,6937,6944,True
ep0,5227,5617,5617,forward,3567616,4096,7049,7056,True
ep0,5228,5618,5618,forward,3407872,4096,6737,6744,True
ep0,5229,5618,5618,forward,3596288,4096,7105,7112,True
ep0,5230,5619,5619,forward,3145728,4096,6225,6232,True
ep0,5231,5621,5621,forward,3411968,4096,6745,6752,True
ep0,5232,5621,5621,forward,3514368,4096,6945,6952,True
ep0,5233,5621,5621,forward,3571712,4096,7057,7064,True
ep0,5234,5622,5622,forward,3600384,4096,7113,7120,True
ep0,5235,5623,5623,forward,3149824,4096,6233,6240,True
ep0,5236,5625,5625,forward,3416064,4096,6753,6760,True
ep0,5237,5625,5625,forward,3518464,4096,6953,6960,True
ep0,5238,5625,5625,forward,3575808,4096,7065,7072,True
ep0,5239,5625,5625,forward,3604480,4096,7121,7128,True
ep0,5240,5626,5626,forward,3153920,4096,6241,6248,True
ep0,5241,5628,5628,forward,3522560,4096,6961,6968,True
ep0,5242,5629,5629,forward,3420160,4096,6761,6768,True
ep0,5243,5629,5629,forward,3579904,4096,7073,7080,True
ep0,5244,5629,5629,forward,3608576,4096,7129,7136,True
ep0,5245,5630,5630,forward,3158016,4096,6249,6256,True
ep0,5246,5632,5632,forward,3526656,4096,6969,6976,True
ep0,5247,5633,5633,forward,3424256,4096,6769,6776,True
ep0,5248,5633,5633,forward,3584000,4096,7081,7088,True
ep0,5249,5633,5633,forward,3612672,4096,7137,7144,True
ep0,5250,5634,5634,forward,3162112,4096,6257,6264,True
ep0,5251,5636,5636,forward,3530752,4096,6977,6984,True
ep0,5252,5637,5637,forward,3166208,4096,6265,6272,True
ep0,5253,5637,5637,forward,3428352,4096,6777,6784,True
ep0,5254,5637,5637,forward,3588096,4096,7089,7096,True
ep0,5255,5637,5637,forward,3616768,4096,7145,7152,True
ep0,5256,5639,5639,forward,3534848,4096,6985,6992,True
ep0,5257,5640,5640,forward,3432448,4096,6785,6792,True
ep0,5258,5640,5640,forward,3592192,4096,7097,7104,True
ep0,5259,5640,5640,forward,3620864,4096,7153,7160,True
ep0,5260,5641,5641,forward,3170304,4096,6273,6280,True
ep0,5261,5643,5643,forward,3538944,4096,6993,7000,True
ep0,5262,5644,5644,forward,3436544,4096,6793,6800,True
ep0,5263,5644,5644,forward,3596288,4096,7105,7112,True
ep0,5264,5644,5644,forward,3624960,4096,7161,7168,True
ep0,5265,5645,5645,forward,3174400,4096,6281,6288,True
ep0,5266,5647,5647,forward,3543040,4096,7001,7008,True
ep0,5267,5648,5648,forward,3178496,4096,6289,6296,True
ep0,5268,5648,5648,forward,3440640,4096,6801,6808,True
ep0,5269,5648,5648,forward,3600384,4096,7113,7120,True
ep0,5270,5648,5648,forward,3629056,4096,7169,7176,True
ep0,5271,5651,5651,forward,3547136,4096,7009,7016,True
ep0,5272,5651,5651,forward,3604480,4096,7121,7128,True
ep0,5273,5651,5651,forward,3633152,4096,7177,7184,True
ep0,5274,5652,5652,forward,3182592,4096,6297,6304,True
ep0,5275,5652,5652,forward,3444736,4096,6809,6816,True
ep0,5276,5654,5654,forward,3551232,4096,7017,7024,True
ep0,5277,5655,5655,forward,3608576,4096,7129,7136,True
ep0,5278,5655,5655,forward,3637248,4096,7185,7192,True
ep0,5279,5656,5656,forward,3186688,4096,6305,6312,True
ep0,5280,5656,5656,forward,3448832,4096,6817,6824,True
ep0,5281,5658,5658,forward,3555328,4096,7025,7032,True
ep0,5282,5659,5659,forward,3190784,4096,6313,6320,True
ep0,5283,5659,5659,forward,3612672,4096,7137,7144,True
ep0,5284,5659,5659,forward,3641344,4096,7193,7200,True
ep0,5285,5660,5660,forward,3452928,4096,6825,6832,True
ep0,5286,5662,5662,forward,3559424,4096,7033,7040,True
ep0,5287,5662,5662,forward,3616768,4096,7145,7152,True
ep0,5288,5662,5662,forward,3645440,4096,7201,7208,True
ep0,5289,5663,5663,forward,3194880,4096,6321,6328,True
ep0,5290,5664,5664,forward,3457024,4096,6833,6840,True
ep0,5291,5666,5666,forward,3563520,4096,7041,7048,True
ep0,5292,5666,5666,forward,3620864,4096,7153,7160,True
ep0,5293,5666,5666,forward,3649536,4096,7209,7216,True
ep0,5294,5667,5667,forward,3198976,4096,6329,6336,True
ep0,5295,5668,5668,forward,3461120,4096,6841,6848,True
ep0,5296,5669,5669,forward,3567616,4096,7049,7056,True
ep0,5297,5670,5670,forward,3624960,4096,7161,7168,True
ep0,5298,5670,5670,forward,3653632,4096,7217,7224,True
ep0,5299,5671,5671,forward,3203072,4096,6337,6344,True
ep0,5300,5672,5672,forward,3465216,4096,6849,6856,True
ep0,5301,5673,5673,forward,3571712,4096,7057,7064,True
ep0,5302,5673,5673,forward,3629056,4096,7169,7176,True
ep0,5303,5673,5673,forward,3657728,4096,7225,7232,True
ep0,5304,5675,5675,forward,3207168,4096,6345,6352,True
ep0,5305,5676,5676,forward,3469312,4096,6857,6864,True
ep0,5306,5677,5677,forward,3575808,4096,7065,7072,True
ep0,5307,5677,5677,forward,3633152,4096,7177,7184,True
ep0,5308,5677,5677,forward,3661824,4096,7233,7240,True
ep0,5309,5679,5679,forward,3211264,4096,6353,6360,True
ep0,5310,5679,5679,forward,3473408,4096,6865,6872,True
ep0,5311,5680,5680,forward,3579904,4096,7073,7080,True
ep0,5312,5681,5681,forward,3637248,4096,7185,7192,True
ep0,5313,5681,5681,forward,3665920,4096,7241,7248,True
ep0,5314,5682,5682,forward,3215360,4096,6361,6368,True
ep0,5315,5683,5683,forward,3477504,4096,6873,6880,True
ep0,5316,5684,5684,forward,3584000,4096,7081,7088,True
ep0,5317,5684,5684,forward,3641344,4096,7193,7200,True
ep0,5318,5684,5684,forward,3670016,4096,7249,7256,True
ep0,5319,5686,5686,forward,3219456,4096,6369,6376,True
ep0,5320,5687,5687,forward,3481600,4096,6881,6888,True
ep0,5321,5688,5688,forward,3588096,4096,7089,7096,True
ep0,5322,5688,5688,forward,3645440,4096,7201,7208,True
ep0,5323,5688,5688,forward,3674112,4096,7257,7264,True
ep0,5324,5690,5690,forward,3223552,4096,6377,6384,True
ep0,5325,5691,5691,forward,3485696,4096,6889,6896,True
ep0,5326,5691,5691,forward,3592192,4096,7097,7104,True
ep0,5327,5692,5692,forward,3649536,4096,7209,7216,True
ep0,5328,5692,5692,forward,3678208,4096,7265,7272,True
ep0,5329,5693,5693,forward,3227648,4096,6385,6392,True
ep0,5330,5694,5694,forward,3489792,4096,6897,6904,True
ep0,5331,5695,5695,forward,3596288,4096,7105,7112,True
ep0,5332,5695,5695,forward,3653632,4096,7217,7224,True
ep0,5333,5695,5695,forward,3682304,4096,7273,7280,True
ep0,5334,5697,5697,forward,3231744,4096,6393,6400,True
ep0,5335,5698,5698,forward,3493888,4096,6905,6912,True
ep0,5336,5699,5699,forward,3600384,4096,7113,7120,True
ep0,5337,5699,5699,forward,3657728,4096,7225,7232,True
ep0,5338,5699,5699,forward,3686400,4096,7281,7288,True
ep0,5339,5701,5701,forward,3235840,4096,6401,6408,True
ep0,5340,5702,5702,forward,3497984,4096,6913,6920,True
ep0,5341,5702,5702,forward,3604480,4096,7121,7128,True
ep0,5342,5703,5703,forward,3661824,4096,7233,7240,True
ep0,5343,5703,5703,forward,3690496,4096,7289,7296,True
ep0,5344,5704,5704,forward,3239936,4096,6409,6416,True
ep0,5345,5706,5706,forward,3502080,4096,6921,6928,True
ep0,5346,5706,5706,forward,3608576,4096,7129,7136,True
ep0,5347,5706,5706,forward,3665920,4096,7241,7248,True
ep0,5348,5707,5707,forward,3694592,4096,7297,7304,True
ep0,5349,5708,5708,forward,3244032,4096,6417,6424,True
ep0,5350,5710,5710,forward,3506176,4096,6929,6936,True
ep0,5351,5710,5710,forward,3612672,4096,7137,7144,True
ep0,5352,5710,5710,forward,3670016,4096,7249,7256,True
ep0,5353,5712,5712,forward,3248128,4096,6425,6432,True
ep0,5354,5713,5713,forward,3510272,4096,6937,6944,True
ep0,5355,5713,5713,forward,3616768,4096,7145,7152,True
ep0,5356,5714,5714,forward,3674112,4096,7257,7264,True
ep0,5357,5715,5715,forward,3252224,4096,6433,6440,True
ep0,5358,5717,5717,forward,3514368,4096,6945,6952,True
ep0,5359,5717,5717,forward,3620864,4096,7153,7160,True
ep0,5360,5717,5717,forward,3678208,4096,7265,7272,True
ep0,5361,5719,5719,forward,3256320,4096,6441,6448,True
ep0,5362,5721,5721,forward,3518464,4096,6953,6960,True
ep0,5363,5721,5721,forward,3624960,4096,7161,7168,True
ep0,5364,5721,5721,forward,3682304,4096,7273,7280,True
ep0,5365,5721,5721,forward,3698688,4096,7305,7312,True
ep0,5366,5723,5723,forward,3260416,4096,6449,6456,True
ep0,5367,5724,5724,forward,3629056,4096,7169,7176,True
ep0,5368,5725,5725,forward,3522560,4096,6961,6968,True
ep0,5369,5725,5725,forward,3686400,4096,7281,7288,True
ep0,5370,5725,5725,forward,3702784,4096,7313,7320,True
ep0,5371,5726,5726,forward,3264512,4096,6457,6464,True
ep0,5372,5728,5728,forward,3633152,4096,7177,7184,True
ep0,5373,5729,5729,forward,3526656,4096,6969,6976,True
ep0,5374,5729,5729,forward,3690496,4096,7289,7296,True
ep0,5375,5729,5729,forward,3706880,4096,7321,7328,True
ep0,5376,5730,5730,forward,3268608,4096,6465,6472,True
ep0,5377,5732,5732,forward,3637248,4096,7185,7192,True
ep0,5378,5732,5732,forward,3710976,4096,7329,7336,True
ep0,5379,5733,5733,forward,3530752,4096,6977,6984,True
ep0,5380,5733,5733,forward,3694592,4096,7297,7304,True
ep0,5381,5734,5734,forward,3272704,4096,6473,6480,True
ep0,5382,5735,5735,forward,3641344,4096,7193,7200,True
ep0,5383,5736,5736,forward,3534848,4096,6985,6992,True
ep0,5384,5736,5736,forward,3715072,4096,7337,7344,True
ep0,5385,5737,5737,forward,3276800,4096,6481,6488,True
ep0,5386,5739,5739,forward,3645440,4096,7201,7208,True
ep0,5387,5740,5740,forward,3538944,4096,6993,7000,True
ep0,5388,5740,5740,forward,3719168,4096,7345,7352,True
ep0,5389,5741,5741,forward,3280896,4096,6489,6496,True
ep0,5390,5743,5743,forward,3649536,4096,7209,7216,True
ep0,5391,5744,5744,forward,3543040,4096,7001,7008,True
ep0,5392,5744,5744,forward,3723264,4096,7353,7360,True
ep0,5393,5745,5745,forward,3284992,4096,6497,6504,True
ep0,5394,5746,5746,forward,3653632,4096,7217,7224,True
ep0,5395,5747,5747,forward,3698688,4096,7305,7312,True
ep0,5396,5748,5748,forward,3289088,4096,6505,6512,True
ep0,5397,5748,5748,forward,3547136,4096,7009,7016,True
ep0,5398,5748,5748,forward,3727360,4096,7361,7368,True
ep0,5399,5750,5750,forward,3657728,4096,7225,7232,True
ep0,5400,5750,5750,forward,3702784,4096,7313,7320,True
ep0,5401,5751,5751,forward,3731456,4096,7369,7376,True
ep0,5402,5752,5752,forward,3293184,4096,6513,6520,True
ep0,5403,5752,5752,forward,3551232,4096,7017,7024,True
ep0,5404,5754,5754,forward,3661824,4096,7233,7240,True
ep0,5405,5754,5754,forward,3706880,4096,7321,7328,True
ep0,5406,5755,5755,forward,3735552,4096,7377,7384,True
ep0,5407,5756,5756,forward,3297280,4096,6521,6528,True
ep0,5408,5756,5756,forward,3555328,4096,7025,7032,True
ep0,5409,5758,5758,forward,3665920,4096,7241,7248,True
ep0,5410,5758,5758,forward,3710976,4096,7329,7336,True
ep0,5411,5759,5759,forward,3301376,4096,6529,6536,True
ep0,5412,5759,5759,forward,3559424,4096,7033,7040,True
ep0,5413,5759,5759,forward,3739648,4096,7385,7392,True
ep0,5414,5761,5761,forward,3670016,4096,7249,7256,True
ep0,5415,5761,5761,forward,3715072,4096,7337,7344,True
ep0,5416,5763,5763,forward,3305472,4096,6537,6544,True
ep0,5417,5763,5763,forward,3563520,4096,7041,7048,True
ep0,5418,5763,5763,forward,3743744,4096,7393,7400,True
ep0,5419,5765,5765,forward,3674112,4096,7257,7264,True
ep0,5420,5765,5765,forward,3719168,4096,7345,7352,True
ep0,5421,5767,5767,forward,3309568,4096,6545,6552,True
ep0,5422,5767,5767,forward,3567616,4096,7049,7056,True
ep0,5423,5767,5767,forward,3747840,4096,7401,7408,True
ep0,5424,5769,5769,forward,3678208,4096,7265,7272,True
ep0,5425,5769,5769,forward,3723264,4096,7353,7360,True
ep0,5426,5770,5770,forward,3313664,4096,6553,6560,True
ep0,5427,5770,5770,forward,3751936,4096,7409,7416,True
ep0,5428,5772,5772,forward,3571712,4096,7057,7064,True
ep0,5429,5772,5772,forward,3682304,4096,7273,7280,True
ep0,5430,5773,5773,forward,3727360,4096,7361,7368,True
ep0,5431,5774,5774,forward,3317760,4096,6561,6568,True
ep0,5432,5774,5774,forward,3756032,4096,7417,7424,True
ep0,5433,5776,5776,forward,3575808,4096,7065,7072,True
ep0,5434,5776,5776,forward,3686400,4096,7281,7288,True
ep0,5435,5776,5776,forward,3731456,4096,7369,7376,True
ep0,5436,5778,5778,forward,3321856,4096,6569,6576,True
ep0,5437,5778,5778,forward,3760128,4096,7425,7432,True
ep0,5438,5779,5779,forward,3579904,4096,7073,7080,True
ep0,5439,5780,5780,forward,3690496,4096,7289,7296,True
ep0,5440,5780,5780,forward,3735552,4096,7377,7384,True
ep0,5441,5782,5782,forward,4366336,4096,8609,8616,True
ep0,5442,5782,5782,forward,3764224,4096,7433,7440,True
ep0,5443,5783,5783,forward,3584000,4096,7081,7088,True
ep0,5444,5784,5784,forward,3694592,4096,7297,7304,True
ep0,5445,5784,5784,forward,3739648,4096,7385,7392,True
ep0,5446,5785,5785,forward,4370432,4096,8617,8624,True
ep0,5447,5786,5786,forward,3768320,4096,7441,7448,True
ep0,5448,5787,5787,forward,3588096,4096,7089,7096,True
ep0,5449,5787,5787,forward,3698688,4096,7305,7312,True
ep0,5450,5787,5787,forward,3743744,4096,7393,7400,True
ep0,5451,5789,5789,forward,4374528,4096,8625,8632,True
ep0,5452,5790,5790,forward,3772416,4096,7449,7456,True
ep0,5453,5791,5791,forward,3592192,4096,7097,7104,True
ep0,5454,5791,5791,forward,3702784,4096,7313,7320,True
ep0,5455,5791,5791,forward,3747840,4096,7401,7408,True
ep0,5456,5793,5793,forward,4378624,4096,8633,8640,True
ep0,5457,5794,5794,forward,3751936,4096,7409,7416,True
ep0,5458,5794,5794,forward,3776512,4096,7457,7464,True
ep0,5459,5795,5795,forward,3596288,4096,7105,7112,True
ep0,5460,5795,5795,forward,3706880,4096,7321,7328,True
ep0,5461,5797,5797,forward,3780608,4096,7465,7472,True
ep0,5462,5798,5798,forward,3756032,4096,7417,7424,True
ep0,5463,5799,5799,forward,3600384,4096,7113,7120,True
ep0,5464,5801,5801,forward,3784704,4096,7473,7480,True
ep0,5465,5802,5802,forward,3760128,4096,7425,7432,True
ep0,5466,5803,5803,forward,3604480,4096,7121,7128,True
ep0,5467,5805,5805,forward,3764224,4096,7433,7440,True
ep0,5468,5805,5805,forward,3788800,4096,7481,7488,True
ep0,5469,5806,5806,forward,3608576,4096,7129,7136,True
ep0,5470,5807,5807,forward,4382720,4096,8641,8648,True
ep0,5471,5809,5809,forward,3710976,4096,7329,7336,True
ep0,5472,5809,5809,forward,3768320,4096,7441,7448,True
ep0,5473,5809,5809,forward,3792896,4096,7489,7496,True
ep0,5474,5810,5810,forward,3612672,4096,7137,7144,True
ep0,5475,5811,5811,forward,4386816,4096,8649,8656,True
ep0,5476,5812,5812,forward,3715072,4096,7337,7344,True
ep0,5477,5813,5813,forward,3772416,4096,7449,7456,True
ep0,5478,5813,5813,forward,3796992,4096,7497,7504,True
ep0,5479,5814,5814,forward,4390912,4096,8657,8664,True
ep0,5480,5814,5814,forward,3616768,4096,7145,7152,True
ep0,5481,5816,5816,forward,3719168,4096,7345,7352,True
ep0,5482,5816,5816,forward,3776512,4096,7457,7464,True
ep0,5483,5817,5817,forward,3801088,4096,7505,7512,True
ep0,5484,5818,5818,forward,4395008,4096,8665,8672,True
ep0,5485,5818,5818,forward,3620864,4096,7153,7160,True
ep0,5486,5820,5820,forward,3723264,4096,7353,7360,True
ep0,5487,5820,5820,forward,3780608,4096,7465,7472,True
ep0,5488,5821,5821,forward,3805184,4096,7513,7520,True
ep0,5489,5822,5822,forward,4399104,4096,8673,8680,True
ep0,5490,5822,5822,forward,3624960,4096,7161,7168,True
ep0,5491,5823,5823,forward,3727360,4096,7361,7368,True
ep0,5492,5824,5824,forward,3784704,4096,7473,7480,True
ep0,5493,5824,5824,forward,3809280,4096,7521,7528,True
ep0,5494,5825,5825,forward,4403200,4096,8681,8688,True
ep0,5495,5826,5826,forward,3629056,4096,7169,7176,True
ep0,5496,5827,5827,forward,3731456,4096,7369,7376,True
ep0,5497,5827,5827,forward,3788800,4096,7481,7488,True
ep0,5498,5828,5828,forward,3813376,4096,7529,7536,True
ep0,5499,5829,5829,forward,4407296,4096,8689,8696,True
ep0,5500,5830,5830,forward,3633152,4096,7177,7184,True
ep0,5501,5831,5831,forward,3735552,4096,7377,7384,True
ep0,5502,5831,5831,forward,3792896,4096,7489,7496,True
ep0,5503,5832,5832,forward,3817472,4096,7537,7544,True
ep0,5504,5833,5833,forward,4411392,4096,8697,8704,True
ep0,5505,5834,5834,forward,3637248,4096,7185,7192,True
ep0,5506,5834,5834,forward,3739648,4096,7385,7392,True
ep0,5507,5835,5835,forward,3796992,4096,7497,7504,True
ep0,5508,5836,5836,forward,4415488,4096,8705,8712,True
ep0,5509,5836,5836,forward,3821568,4096,7545,7552,True
ep0,5510,5838,5838,forward,3641344,4096,7193,7200,True
ep0,5511,5838,5838,forward,3743744,4096,7393,7400,True
ep0,5512,5838,5838,forward,3801088,4096,7505,7512,True
ep0,5513,5840,5840,forward,4419584,4096,8713,8720,True
ep0,5514,5840,5840,forward,3825664,4096,7553,7560,True
ep0,5515,5842,5842,forward,3645440,4096,7201,7208,True
ep0,5516,5842,5842,forward,3747840,4096,7401,7408,True
ep0,5517,5842,5842,forward,3805184,4096,7513,7520,True
ep0,5518,5844,5844,forward,4423680,4096,8721,8728,True
ep0,5519,5844,5844,forward,3829760,4096,7561,7568,True
ep0,5520,5845,5845,forward,3751936,4096,7409,7416,True
ep0,5521,5846,5846,forward,3649536,4096,7209,7216,True
ep0,5522,5846,5846,forward,3809280,4096,7521,7528,True
ep0,5523,5847,5847,forward,4427776,4096,8729,8736,True
ep0,5524,5847,5847,forward,3833856,4096,7569,7576,True
ep0,5525,5849,5849,forward,3653632,4096,7217,7224,True
ep0,5526,5849,5849,forward,3756032,4096,7417,7424,True
ep0,5527,5849,5849,forward,3813376,4096,7529,7536,True
ep0,5528,5851,5851,forward,4431872,4096,8737,8744,True
ep0,5529,5851,5851,forward,3837952,4096,7577,7584,True
ep0,5530,5853,5853,forward,3657728,4096,7225,7232,True
ep0,5531,5853,5853,forward,3760128,4096,7425,7432,True
ep0,5532,5853,5853,forward,3817472,4096,7537,7544,True
ep0,5533,5855,5855,forward,4435968,4096,8745,8752,True
ep0,5534,5855,5855,forward,3842048,4096,7585,7592,True
ep0,5535,5857,5857,forward,3661824,4096,7233,7240,True
ep0,5536,5857,5857,forward,3764224,4096,7433,7440,True
ep0,5537,5857,5857,forward,3821568,4096,7545,7552,True
ep0,5538,5858,5858,forward,4440064,4096,8753,8760,True
ep0,5539,5859,5859,forward,3846144,4096,7593,7600,True
ep0,5540,5861,5861,forward,3768320,4096,7441,7448,True
ep0,5541,5861,5861,forward,3825664,4096,7553,7560,True
ep0,5542,5862,5862,forward,4444160,4096,8761,8768,True
ep0,5543,5863,5863,forward,3850240,4096,7601,7608,True
ep0,5544,5864,5864,forward,3772416,4096,7449,7456,True
ep0,5545,5864,5864,forward,3829760,4096,7561,7568,True
ep0,5546,5866,5866,forward,4448256,4096,8769,8776,True
ep0,5547,5867,5867,forward,3854336,4096,7609,7616,True
ep0,5548,5868,5868,forward,3776512,4096,7457,7464,True
ep0,5549,5868,5868,forward,3833856,4096,7569,7576,True
ep0,5550,5869,5869,forward,4452352,4096,8777,8784,True
ep0,5551,5871,5871,forward,3858432,4096,7617,7624,True
ep0,5552,5872,5872,forward,3780608,4096,7465,7472,True
ep0,5553,5872,5872,forward,3837952,4096,7577,7584,True
ep0,5554,5873,5873,forward,4456448,4096,8785,8792,True
ep0,5555,5875,5875,forward,3665920,4096,7241,7248,True
ep0,5556,5875,5875,forward,3862528,4096,7625,7632,True
ep0,5557,5876,5876,forward,3784704,4096,7473,7480,True
ep0,5558,5876,5876,forward,3842048,4096,7585,7592,True
ep0,5559,5877,5877,forward,4460544,4096,8793,8800,True
ep0,5560,5878,5878,forward,3670016,4096,7249,7256,True
ep0,5561,5879,5879,forward,3866624,4096,7633,7640,True
ep0,5562,5880,5880,forward,4464640,4096,8801,8808,True
ep0,5563,5880,5880,forward,3788800,4096,7481,7488,True
ep0,5564,5880,5880,forward,3846144,4096,7593,7600,True
ep0,5565,5882,5882,forward,3674112,4096,7257,7264,True
ep0,5566,5883,5883,forward,3792896,4096,7489,7496,True
ep0,5567,5883,5883,forward,3850240,4096,7601,7608,True
ep0,5568,5883,5883,forward,3870720,4096,7641,7648,True
ep0,5569,5884,5884,forward,4468736,4096,8809,8816,True
ep0,5570,5886,5886,forward,3678208,4096,7265,7272,True
ep0,5571,5887,5887,forward,3796992,4096,7497,7504,True
ep0,5572,5887,5887,forward,3854336,4096,7609,7616,True
ep0,5573,5887,5887,forward,3874816,4096,7649,7656,True
ep0,5574,5888,5888,forward,4472832,4096,8817,8824,True
ep0,5575,5890,5890,forward,3682304,4096,7273,7280,True
ep0,5576,5891,5891,forward,3801088,4096,7505,7512,True
ep0,5577,5891,5891,forward,3858432,4096,7617,7624,True
ep0,5578,5891,5891,forward,3878912,4096,7657,7664,True
ep0,5579,5892,5892,forward,4476928,4096,8825,8832,True
ep0,5580,5894,5894,forward,3686400,4096,7281,7288,True
ep0,5581,5895,5895,forward,3805184,4096,7513,7520,True
ep0,5582,5895,5895,forward,3862528,4096,7625,7632,True
ep0,5583,5895,5895,forward,3883008,4096,7665,7672,True
ep0,5584,5896,5896,forward,4481024,4096,8833,8840,True
ep0,5585,5898,5898,forward,3690496,4096,7289,7296,True
ep0,5586,5899,5899,forward,3809280,4096,7521,7528,True
ep0,5587,5899,5899,forward,3866624,4096,7633,7640,True
ep0,5588,5899,5899,forward,3887104,4096,7673,7680,True
ep0,5589,5900,5900,forward,4485120,4096,8841,8848,True
ep0,5590,5902,5902,forward,3870720,4096,7641,7648,True
ep0,5591,5903,5903,forward,3694592,4096,7297,7304,True
ep0,5592,5903,5903,forward,3813376,4096,7529,7536,True
ep0,5593,5903,5903,forward,3891200,4096,7681,7688,True
ep0,5594,5904,5904,forward,4489216,4096,8849,8856,True
ep0,5595,5906,5906,forward,3698688,4096,7305,7312,True
ep0,5596,5906,5906,forward,3874816,4096,7649,7656,True
ep0,5597,5907,5907,forward,4493312,4096,8857,8864,True
ep0,5598,5907,5907,forward,3817472,4096,7537,7544,True
ep0,5599,5907,5907,forward,3895296,4096,7689,7696,True
ep0,5600,5910,5910,forward,3702784,4096,7313,7320,True
ep0,5601,5910,5910,forward,3878912,4096,7657,7664,True
ep0,5602,5911,5911,forward,4497408,4096,8865,8872,True
ep0,5603,5911,5911,forward,3821568,4096,7545,7552,True
ep0,5604,5911,5911,forward,3899392,4096,7697,7704,True
ep0,5605,5914,5914,forward,3706880,4096,7321,7328,True
ep0,5606,5914,5914,forward,3883008,4096,7665,7672,True
ep0,5607,5914,5914,forward,3903488,4096,7705,7712,True
ep0,5608,5915,5915,forward,4501504,4096,8873,8880,True
ep0,5609,5915,5915,forward,3825664,4096,7553,7560,True
ep0,5610,5917,5917,forward,3887104,4096,7673,7680,True
ep0,5611,5918,5918,forward,3710976,4096,7329,7336,True
ep0,5612,5918,5918,forward,3829760,4096,7561,7568,True
ep0,5613,5918,5918,forward,3907584,4096,7713,7720,True
ep0,5614,5919,5919,forward,4505600,4096,8881,8888,True
ep0,5615,5921,5921,forward,3891200,4096,7681,7688,True
ep0,5616,5921,5921,forward,3911680,4096,7721,7728,True
ep0,5617,5922,5922,forward,3715072,4096,7337,7344,True
ep0,5618,5922,5922,forward,3833856,4096,7569,7576,True
ep0,5619,5923,5923,forward,4509696,4096,8889,8896,True
ep0,5620,5925,5925,forward,3895296,4096,7689,7696,True
ep0,5621,5925,5925,forward,3915776,4096,7729,7736,True
ep0,5622,5926,5926,forward,3719168,4096,7345,7352,True
ep0,5623,5926,5926,forward,3837952,4096,7577,7584,True
ep0,5624,5927,5927,forward,4513792,4096,8897,8904,True
ep0,5625,5929,5929,forward,3842048,4096,7585,7592,True
ep0,5626,5929,5929,forward,3899392,4096,7697,7704,True
ep0,5627,5929,5929,forward,3919872,4096,7737,7744,True
ep0,5628,5930,5930,forward,3723264,4096,7353,7360,True
ep0,5629,5931,5931,forward,4517888,4096,8905,8912,True
ep0,5630,5932,5932,forward,3923968,4096,7745,7752,True
ep0,5631,5933,5933,forward,3846144,4096,7593,7600,True
ep0,5632,5933,5933,forward,3903488,4096,7705,7712,True
ep0,5633,5934,5934,forward,3727360,4096,7361,7368,True
ep0,5634,5935,5935,forward,4521984,4096,8913,8920,True
ep0,5635,5936,5936,forward,3907584,4096,7713,7720,True
ep0,5636,5936,5936,forward,3928064,4096,7753,7760,True
ep0,5637,5937,5937,forward,3850240,4096,7601,7608,True
ep0,5638,5938,5938,forward,4526080,4096,8921,8928,True
ep0,5639,5938,5938,forward,3731456,4096,7369,7376,True
ep0,5640,5940,5940,forward,3854336,4096,7609,7616,True
ep0,5641,5940,5940,forward,3911680,4096,7721,7728,True
ep0,5642,5940,5940,forward,3932160,4096,7761,7768,True
ep0,5643,5941,5941,forward,3735552,4096,7377,7384,True
ep0,5644,5942,5942,forward,4530176,4096,8929,8936,True
ep0,5645,5943,5943,forward,3936256,4096,7769,7776,True
ep0,5646,5944,5944,forward,3858432,4096,7617,7624,True
ep0,5647,5944,5944,forward,3915776,4096,7729,7736,True
ep0,5648,5945,5945,forward,3739648,4096,7385,7392,True
ep0,5649,5946,5946,forward,4534272,4096,8937,8944,True
ep0,5650,5947,5947,forward,3940352,4096,7777,7784,True
ep0,5651,5948,5948,forward,3862528,4096,7625,7632,True
ep0,5652,5948,5948,forward,3919872,4096,7737,7744,True
ep0,5653,5949,5949,forward,4538368,4096,8945,8952,True
ep0,5654,5949,5949,forward,3743744,4096,7393,7400,True
ep0,5655,5951,5951,forward,3866624,4096,7633,7640,True
ep0,5656,5951,5951,forward,3944448,4096,7785,7792,True
ep0,5657,5952,5952,forward,3923968,4096,7745,7752,True
ep0,5658,5953,5953,forward,4542464,4096,8953,8960,True
ep0,5659,5953,5953,forward,3747840,4096,7401,7408,True
ep0,5660,5955,5955,forward,3870720,4096,7641,7648,True
ep0,5661,5955,5955,forward,3928064,4096,7753,7760,True
ep0,5662,5955,5955,forward,3948544,4096,7793,7800,True
ep0,5663,5957,5957,forward,4546560,4096,8961,8968,True
ep0,5664,5957,5957,forward,3751936,4096,7409,7416,True
ep0,5665,5959,5959,forward,3874816,4096,7649,7656,True
ep0,5666,5959,5959,forward,3932160,4096,7761,7768,True
ep0,5667,5959,5959,forward,3952640,4096,7801,7808,True
ep0,5668,5960,5960,forward,4550656,4096,8969,8976,True
ep0,5669,5961,5961,forward,3756032,4096,7417,7424,True
ep0,5670,5962,5962,forward,3878912,4096,7657,7664,True
ep0,5671,5963,5963,forward,3936256,4096,7769,7776,True
ep0,5672,5963,5963,forward,3956736,4096,7809,7816,True
ep0,5673,5964,5964,forward,4554752,4096,8977,8984,True
ep0,5674,5965,5965,forward,3760128,4096,7425,7432,True
ep0,5675,5966,5966,forward,3883008,4096,7665,7672,True
ep0,5676,5967,5967,forward,3940352,4096,7777,7784,True
ep0,5677,5967,5967,forward,3960832,4096,7817,7824,True
ep0,5678,5968,5968,forward,4558848,4096,8985,8992,True
ep0,5679,5969,5969,forward,3764224,4096,7433,7440,True
ep0,5680,5970,5970,forward,3887104,4096,7673,7680,True
ep0,5681,5970,5970,forward,3944448,4096,7785,7792,True
ep0,5682,5970,5970,forward,3964928,4096,7825,7832,True
ep0,5683,5972,5972,forward,4562944,4096,8993,9000,True
ep0,5684,5973,5973,forward,3768320,4096,7441,7448,True
ep0,5685,5974,5974,forward,3891200,4096,7681,7688,True
ep0,5686,5974,5974,forward,3948544,4096,7793,7800,True
ep0,5687,5974,5974,forward,3969024,4096,7833,7840,True
ep0,5688,5975,5975,forward,4567040,4096,9001,9008,True
ep0,5689,5977,5977,forward,3772416,4096,7449,7456,True
ep0,5690,5977,5977,forward,3895296,4096,7689,7696,True
ep0,5691,5978,5978,forward,3952640,4096,7801,7808,True
ep0,5692,5978,5978,forward,3973120,4096,7841,7848,True
ep0,5693,5979,5979,forward,4571136,4096,9009,9016,True
ep0,5694,5980,5980,forward,3776512,4096,7457,7464,True
ep0,5695,5981,5981,forward,3899392,4096,7697,7704,True
ep0,5696,5981,5981,forward,3977216,4096,7849,7856,True
ep0,5697,5982,5982,forward,3956736,4096,7809,7816,True
ep0,5698,5983,5983,forward,4575232,4096,9017,9024,True
ep0,5699,5984,5984,forward,3780608,4096,7465,7472,True
ep0,5700,5985,5985,forward,3903488,4096,7705,7712,True
ep0,5701,5985,5985,forward,3960832,4096,7817,7824,True
ep0,5702,5985,5985,forward,3981312,4096,7857,7864,True
ep0,5703,5987,5987,forward,4579328,4096,9025,9032,True
ep0,5704,5988,5988,forward,3784704,4096,7473,7480,True
ep0,5705,5988,5988,forward,3907584,4096,7713,7720,True
ep0,5706,5989,5989,forward,3964928,4096,7825,7832,True
ep0,5707,5989,5989,forward,3985408,4096,7865,7872,True
ep0,5708,5991,5991,forward,4583424,4096,9033,9040,True
ep0,5709,5992,5992,forward,3788800,4096,7481,7488,True
ep0,5710,5992,5992,forward,3911680,4096,7721,7728,True
ep0,5711,5992,5992,forward,3969024,4096,7833,7840,True
ep0,5712,5992,5992,forward,3989504,4096,7873,7880,True
ep0,5713,5995,5995,forward,4587520,4096,9041,9048,True
ep0,5714,5996,5996,forward,3792896,4096,7489,7496,True
ep0,5715,5996,5996,forward,3915776,4096,7729,7736,True
ep0,5716,5996,5996,forward,3973120,4096,7841,7848,True
ep0,5717,5996,5996,forward,3993600,4096,7881,7888,True
ep0,5718,5999,5999,forward,4591616,4096,9049,9056,True
ep0,5719,5999,5999,forward,3796992,4096,7497,7504,True
ep0,5720,5999,5999,forward,3919872,4096,7737,7744,True
ep0,5721,6000,6000,forward,3977216,4096,7849,7856,True
ep0,5722,6000,6000,forward,3997696,4096,7889,7896,True
ep0,5723,6003,6003,forward,4595712,4096,9057,9064,True
ep0,5724,6003,6003,forward,3801088,4096,7505,7512,True
ep0,5725,6003,6003,forward,3923968,4096,7745,7752,True
ep0,5726,6003,6003,forward,3981312,4096,7857,7864,True
ep0,5727,6004,6004,forward,4001792,4096,7897,7904,True
ep0,5728,6007,6007,forward,4599808,4096,9065,9072,True
ep0,5729,6007,6007,forward,3805184,4096,7513,7520,True
ep0,5730,6007,6007,forward,3928064,4096,7753,7760,True
ep0,5731,6007,6007,forward,3985408,4096,7865,7872,True
ep0,5732,6007,6007,forward,4005888,4096,7905,7912,True
ep0,5733,6010,6010,forward,3932160,4096,7761,7768,True
ep0,5734,6011,6011,forward,4603904,4096,9073,9080,True
ep0,5735,6011,6011,forward,3809280,4096,7521,7528,True
ep0,5736,6011,6011,forward,3989504,4096,7873,7880,True
ep0,5737,6011,6011,forward,4009984,4096,7913,7920,True
ep0,5738,6014,6014,forward,3936256,4096,7769,7776,True
ep0,5739,6014,6014,forward,3993600,4096,7881,7888,True
ep0,5740,6015,6015,forward,4608000,4096,9081,9088,True
ep0,5741,6015,6015,forward,3813376,4096,7529,7536,True
ep0,5742,6015,6015,forward,4014080,4096,7921,7928,True
ep0,5743,6018,6018,forward,3940352,4096,7777,7784,True
ep0,5744,6018,6018,forward,3997696,4096,7889,7896,True
ep0,5745,6019,6019,forward,4612096,4096,9089,9096,True
ep0,5746,6019,6019,forward,3817472,4096,7537,7544,True
ep0,5747,6019,6019,forward,4018176,4096,7929,7936,True
ep0,5748,6022,6022,forward,3944448,4096,7785,7792,True
ep0,5749,6022,6022,forward,4001792,4096,7897,7904,True
ep0,5750,6023,6023,forward,4616192,4096,9097,9104,True
ep0,5751,6023,6023,forward,3821568,4096,7545,7552,True
ep0,5752,6023,6023,forward,4022272,4096,7937,7944,True
ep0,5753,6025,6025,forward,3948544,4096,7793,7800,True
ep0,5754,6025,6025,forward,4005888,4096,7905,7912,True
ep0,5755,6027,6027,forward,4620288,4096,9105,9112,True
ep0,5756,6027,6027,forward,3825664,4096,7553,7560,True
ep0,5757,6027,6027,forward,4026368,4096,7945,7952,True
ep0,5758,6029,6029,forward,3952640,4096,7801,7808,True
ep0,5759,6029,6029,forward,4009984,4096,7913,7920,True
ep0,5760,6030,6030,forward,4030464,4096,7953,7960,True
ep0,5761,6031,6031,forward,4624384,4096,9113,9120,True
ep0,5762,6031,6031,forward,3829760,4096,7561,7568,True
ep0,5763,6033,6033,forward,3956736,4096,7809,7816,True
ep0,5764,6033,6033,forward,4014080,4096,7921,7928,True
ep0,5765,6034,6034,forward,3833856,4096,7569,7576,True
ep0,5766,6034,6034,forward,4034560,4096,7961,7968,True
ep0,5767,6035,6035,forward,4628480,4096,9121,9128,True
ep0,5768,6036,6036,forward,3960832,4096,7817,7824,True
ep0,5769,6037,6037,forward,4018176,4096,7929,7936,True
ep0,5770,6038,6038,forward,3837952,4096,7577,7584,True
ep0,5771,6039,6039,forward,4632576,4096,9129,9136,True
ep0,5772,6039,6039,forward,4038656,4096,7969,7976,True
ep0,5773,6040,6040,forward,3964928,4096,7825,7832,True
ep0,5774,6040,6040,forward,4022272,4096,7937,7944,True
ep0,5775,6042,6042,forward,4636672,4096,9137,9144,True
ep0,5776,6042,6042,forward,3842048,4096,7585,7592,True
ep0,5777,6043,6043,forward,4042752,4096,7977,7984,True
ep0,5778,6044,6044,forward,3969024,4096,7833,7840,True
ep0,5779,6044,6044,forward,4026368,4096,7945,7952,True
ep0,5780,6046,6046,forward,4640768,4096,9145,9152,True
ep0,5781,6046,6046,forward,3846144,4096,7593,7600,True
ep0,5782,6047,6047,forward,3973120,4096,7841,7848,True
ep0,5783,6047,6047,forward,4046848,4096,7985,7992,True
ep0,5784,6048,6048,forward,4030464,4096,7953,7960,True
ep0,5785,6050,6050,forward,4644864,4096,9153,9160,True
ep0,5786,6050,6050,forward,3850240,4096,7601,7608,True
ep0,5787,6050,6050,forward,4050944,4096,7993,8000,True
ep0,5788,6051,6051,forward,3977216,4096,7849,7856,True
ep0,5789,6051,6051,forward,4034560,4096,7961,7968,True
ep0,5790,6053,6053,forward,4648960,4096,9161,9168,True
ep0,5791,6054,6054,forward,3854336,4096,7609,7616,True
ep0,5792,6054,6054,forward,4055040,4096,8001,8008,True
ep0,5793,6055,6055,forward,3981312,4096,7857,7864,True
ep0,5794,6055,6055,forward,4038656,4096,7969,7976,True
ep0,5795,6057,6057,forward,4653056,4096,9169,9176,True
ep0,5796,6058,6058,forward,3858432,4096,7617,7624,True
ep0,5797,6058,6058,forward,4059136,4096,8009,8016,True
ep0,5798,6059,6059,forward,3985408,4096,7865,7872,True
ep0,5799,6059,6059,forward,4042752,4096,7977,7984,True
ep0,5800,6060,6060,forward,4657152,4096,9177,9184,True
ep0,5801,6061,6061,forward,3862528,4096,7625,7632,True
ep0,5802,6062,6062,forward,4046848,4096,7985,7992,True
ep0,5803,6062,6062,forward,4063232,4096,8017,8024,True
ep0,5804,6063,6063,forward,3989504,4096,7873,7880,True
ep0,5805,6064,6064,forward,4661248,4096,9185,9192,True
ep0,5806,6065,6065,forward,3866624,4096,7633,7640,True
ep0,5807,6065,6065,forward,4067328,4096,8025,8032,True
ep0,5808,6066,6066,forward,3993600,4096,7881,7888,True
ep0,5809,6066,6066,forward,4050944,4096,7993,8000,True
ep0,5810,6068,6068,forward,4665344,4096,9193,9200,True
ep0,5811,6069,6069,forward,3870720,4096,7641,7648,True
ep0,5812,6069,6069,forward,4071424,4096,8033,8040,True
ep0,5813,6070,6070,forward,3997696,4096,7889,7896,True
ep0,5814,6070,6070,forward,4055040,4096,8001,8008,True
ep0,5815,6072,6072,forward,4669440,4096,9201,9208,True
ep0,5816,6073,6073,forward,3874816,4096,7649,7656,True
ep0,5817,6073,6073,forward,4059136,4096,8009,8016,True
ep0,5818,6073,6073,forward,4075520,4096,8041,8048,True
ep0,5819,6074,6074,forward,4001792,4096,7897,7904,True
ep0,5820,6076,6076,forward,4673536,4096,9209,9216,True
ep0,5821,6076,6076,forward,4079616,4096,8049,8056,True
ep0,5822,6077,6077,forward,3878912,4096,7657,7664,True
ep0,5823,6077,6077,forward,4063232,4096,8017,8024,True
ep0,5824,6078,6078,forward,4005888,4096,7905,7912,True
ep0,5825,6079,6079,forward,4677632,4096,9217,9224,True
ep0,5826,6080,6080,forward,4083712,4096,8057,8064,True
ep0,5827,6081,6081,forward,3883008,4096,7665,7672,True
ep0,5828,6081,6081,forward,4009984,4096,7913,7920,True
ep0,5829,6081,6081,forward,4067328,4096,8025,8032,True
ep0,5830,6083,6083,forward,4681728,4096,9225,9232,True
ep0,5831,6084,6084,forward,4087808,4096,8065,8072,True
ep0,5832,6085,6085,forward,3887104,4096,7673,7680,True
ep0,5833,6085,6085,forward,4014080,4096,7921,7928,True
ep0,5834,6085,6085,forward,4071424,4096,8033,8040,True
ep0,5835,6087,6087,forward,4685824,4096,9233,9240,True
ep0,5836,6087,6087,forward,4091904,4096,8073,8080,True
ep0,5837,6088,6088,forward,4075520,4096,8041,8048,True
ep0,5838,6089,6089,forward,3891200,4096,7681,7688,True
ep0,5839,6089,6089,forward,4018176,4096,7929,7936,True
ep0,5840,6091,6091,forward,4689920,4096,9241,9248,True
ep0,5841,6091,6091,forward,4096000,4096,8081,8088,True
ep0,5842,6092,6092,forward,4022272,4096,7937,7944,True
ep0,5843,6092,6092,forward,4079616,4096,8049,8056,True
ep0,5844,6093,6093,forward,3895296,4096,7689,7696,True
ep0,5845,6095,6095,forward,4694016,4096,9249,9256,True
ep0,5846,6095,6095,forward,4100096,4096,8089,8096,True
ep0,5847,6096,6096,forward,4026368,4096,7945,7952,True
ep0,5848,6096,6096,forward,4083712,4096,8057,8064,True
ep0,5849,6097,6097,forward,3899392,4096,7697,7704,True
ep0,5850,6099,6099,forward,4698112,4096,9257,9264,True
ep0,5851,6099,6099,forward,4104192,4096,8097,8104,True
ep0,5852,6100,6100,forward,3903488,4096,7705,7712,True
ep0,5853,6100,6100,forward,4030464,4096,7953,7960,True
ep0,5854,6100,6100,forward,4087808,4096,8065,8072,True
ep0,5855,6103,6103,forward,4702208,4096,9265,9272,True
ep0,5856,6103,6103,forward,4108288,4096,8105,8112,True
ep0,5857,6104,6104,forward,3907584,4096,7713,7720,True
ep0,5858,6104,6104,forward,4034560,4096,7961,7968,True
ep0,5859,6104,6104,forward,4091904,4096,8073,8080,True
ep0,5860,6107,6107,forward,4706304,4096,9273,9280,True
ep0,5861,6107,6107,forward,4096000,4096,8081,8088,True
ep0,5862,6107,6107,forward,4112384,4096,8113,8120,True
ep0,5863,6108,6108,forward,3911680,4096,7721,7728,True
ep0,5864,6108,6108,forward,4038656,4096,7969,7976,True
ep0,5865,6110,6110,forward,4116480,4096,8121,8128,True
ep0,5866,6111,6111,forward,4710400,4096,9281,9288,True
ep0,5867,6111,6111,forward,4100096,4096,8089,8096,True
ep0,5868,6112,6112,forward,3915776,4096,7729,7736,True
ep0,5869,6112,6112,forward,4042752,4096,7977,7984,True
ep0,5870,6114,6114,forward,4120576,4096,8129,8136,True
ep0,5871,6115,6115,forward,4714496,4096,9289,9296,True
ep0,5872,6115,6115,forward,4104192,4096,8097,8104,True
ep0,5873,6116,6116,forward,3919872,4096,7737,7744,True
ep0,5874,6116,6116,forward,4046848,4096,7985,7992,True
ep0,5875,6118,6118,forward,4124672,4096,8137,8144,True
ep0,5876,6119,6119,forward,4718592,4096,9297,9304,True
ep0,5877,6119,6119,forward,4108288,4096,8105,8112,True
ep0,5878,6120,6120,forward,3923968,4096,7745,7752,True
ep0,5879,6120,6120,forward,4050944,4096,7993,8000,True
ep0,5880,6122,6122,forward,4128768,4096,8145,8152,True
ep0,5881,6123,6123,forward,4722688,4096,9305,9312,True
ep0,5882,6123,6123,forward,4112384,4096,8113,8120,True
ep0,5883,6124,6124,forward,3928064,4096,7753,7760,True
ep0,5884,6124,6124,forward,4055040,4096,8001,8008,True
ep0,5885,6125,6125,forward,4132864,4096,8153,8160,True
ep0,5886,6126,6126,forward,4726784,4096,9313,9320,True
ep0,5887,6127,6127,forward,3932160,4096,7761,7768,True
ep0,5888,6127,6127,forward,4059136,4096,8009,8016,True
ep0,5889,6127,6127,forward,4116480,4096,8121,8128,True
ep0,5890,6129,6129,forward,4136960,4096,8161,8168,True
ep0,5891,6130,6130,forward,4730880,4096,9321,9328,True
ep0,5892,6131,6131,forward,3936256,4096,7769,7776,True
ep0,5893,6131,6131,forward,4063232,4096,8017,8024,True
ep0,5894,6131,6131,forward,4120576,4096,8129,8136,True
ep0,5895,6133,6133,forward,4141056,4096,8169,8176,True
ep0,5896,6134,6134,forward,3325952,4096,6577,6584,True
ep0,5897,6135,6135,forward,4067328,4096,8025,8032,True
ep0,5898,6135,6135,forward,4124672,4096,8137,8144,True
ep0,5899,6136,6136,forward,3940352,4096,7777,7784,True
ep0,5900,6137,6137,forward,4145152,4096,8177,8184,True
ep0,5901,6138,6138,forward,3330048,4096,6585,6592,True
ep0,5902,6138,6138,forward,4071424,4096,8033,8040,True
ep0,5903,6138,6138,forward,4128768,4096,8145,8152,True
ep0,5904,6140,6140,forward,3944448,4096,7785,7792,True
ep0,5905,6141,6141,forward,4149248,4096,8185,8192,True
ep0,5906,6142,6142,forward,3334144,4096,6593,6600,True
ep0,5907,6142,6142,forward,4075520,4096,8041,8048,True
ep0,5908,6142,6142,forward,4132864,4096,8153,8160,True
ep0,5909,6143,6143,forward,3948544,4096,7793,7800,True
ep0,5910,6145,6145,forward,4153344,4096,8193,8200,True
ep0,5911,6146,6146,forward,3338240,4096,6601,6608,True
ep0,5912,6146,6146,forward,4079616,4096,8049,8056,True
ep0,5913,6146,6146,forward,4136960,4096,8161,8168,True
ep0,5914,6148,6148,forward,3952640,4096,7801,7808,True
ep0,5915,6149,6149,forward,4083712,4096,8057,8064,True
ep0,5916,6149,6149,forward,4157440,4096,8201,8208,True
ep0,5917,6150,6150,forward,3342336,4096,6609,6616,True
ep0,5918,6150,6150,forward,4141056,4096,8169,8176,True
ep0,5919,6151,6151,forward,3956736,4096,7809,7816,True
ep0,5920,6153,6153,forward,4087808,4096,8065,8072,True
ep0,5921,6153,6153,forward,4161536,4096,8209,8216,True
ep0,5922,6154,6154,forward,3346432,4096,6617,6624,True
ep0,5923,6154,6154,forward,4145152,4096,8177,8184,True
ep0,5924,6155,6155,forward,3960832,4096,7817,7824,True
ep0,5925,6157,6157,forward,4091904,4096,8073,8080,True
ep0,5926,6157,6157,forward,4149248,4096,8185,8192,True
ep0,5927,6157,6157,forward,4165632,4096,8217,8224,True
ep0,5928,6158,6158,forward,3350528,4096,6625,6632,True
ep0,5929,6159,6159,forward,3964928,4096,7825,7832,True
ep0,5930,6160,6160,forward,4096000,4096,8081,8088,True
ep0,5931,6161,6161,forward,4153344,4096,8193,8200,True
ep0,5932,6161,6161,forward,4169728,4096,8225,8232,True
ep0,5933,6162,6162,forward,3354624,4096,6633,6640,True
ep0,5934,6163,6163,forward,3969024,4096,7833,7840,True
ep0,5935,6164,6164,forward,4100096,4096,8089,8096,True
ep0,5936,6165,6165,forward,4157440,4096,8201,8208,True
ep0,5937,6165,6165,forward,4173824,4096,8233,8240,True
ep0,5938,6166,6166,forward,3358720,4096,6641,6648,True
ep0,5939,6167,6167,forward,3973120,4096,7841,7848,True
ep0,5940,6168,6168,forward,4104192,4096,8097,8104,True
ep0,5941,6168,6168,forward,4161536,4096,8209,8216,True
ep0,5942,6169,6169,forward,4177920,4096,8241,8248,True
ep0,5943,6170,6170,forward,3362816,4096,6649,6656,True
ep0,5944,6171,6171,forward,3977216,4096,7849,7856,True
ep0,5945,6171,6171,forward,4108288,4096,8105,8112,True
ep0,5946,6172,6172,forward,4165632,4096,8217,8224,True
ep0,5947,6173,6173,forward,4182016,4096,8249,8256,True
ep0,5948,6174,6174,forward,3366912,4096,6657,6664,True
ep0,5949,6175,6175,forward,3981312,4096,7857,7864,True
ep0,5950,6175,6175,forward,4112384,4096,8113,8120,True
ep0,5951,6176,6176,forward,4169728,4096,8225,8232,True
ep0,5952,6177,6177,forward,4186112,4096,8257,8264,True
ep0,5953,6178,6178,forward,3371008,4096,6665,6672,True
ep0,5954,6178,6178,forward,3985408,4096,7865,7872,True
ep0,5955,6179,6179,forward,4116480,4096,8121,8128,True
ep0,5956,6180,6180,forward,4173824,4096,8233,8240,True
ep0,5957,6181,6181,forward,4190208,4096,8265,8272,True
ep0,5958,6182,6182,forward,3375104,4096,6673,6680,True
ep0,5959,6182,6182,forward,3989504,4096,7873,7880,True
ep0,5960,6182,6182,forward,4120576,4096,8129,8136,True
ep0,5961,6184,6184,forward,4177920,4096,8241,8248,True
ep0,5962,6184,6184,forward,4194304,4096,8273,8280,True
ep0,5963,6186,6186,forward,3379200,4096,6681,6688,True
ep0,5964,6186,6186,forward,3993600,4096,7881,7888,True
ep0,5965,6186,6186,forward,4124672,4096,8137,8144,True
ep0,5966,6188,6188,forward,4182016,4096,8249,8256,True
ep0,5967,6188,6188,forward,4198400,4096,8281,8288,True
ep0,5968,6190,6190,forward,3383296,4096,6689,6696,True
ep0,5969,6190,6190,forward,3997696,4096,7889,7896,True
ep0,5970,6190,6190,forward,4128768,4096,8145,8152,True
ep0,5971,6191,6191,forward,4186112,4096,8257,8264,True
ep0,5972,6192,6192,forward,4202496,4096,8289,8296,True
ep0,5973,6193,6193,forward,4132864,4096,8153,8160,True
ep0,5974,6194,6194,forward,3387392,4096,6697,6704,True
ep0,5975,6194,6194,forward,4001792,4096,7897,7904,True
ep0,5976,6195,6195,forward,4190208,4096,8265,8272,True
ep0,5977,6196,6196,forward,4206592,4096,8297,8304,True
ep0,5978,6197,6197,forward,4136960,4096,8161,8168,True
ep0,5979,6198,6198,forward,3391488,4096,6705,6712,True
ep0,5980,6198,6198,forward,4005888,4096,7905,7912,True
ep0,5981,6199,6199,forward,4194304,4096,8273,8280,True
ep0,5982,6200,6200,forward,4210688,4096,8305,8312,True
ep0,5983,6201,6201,forward,4009984,4096,7913,7920,True
ep0,5984,6201,6201,forward,4141056,4096,8169,8176,True
ep0,5985,6202,6202,forward,3395584,4096,6713,6720,True
ep0,5986,6203,6203,forward,4198400,4096,8281,8288,True
ep0,5987,6204,6204,forward,4145152,4096,8177,8184,True
ep0,5988,6204,6204,forward,4214784,4096,8313,8320,True
ep0,5989,6205,6205,forward,4014080,4096,7921,7928,True
ep0,5990,6206,6206,forward,3399680,4096,6721,6728,True
ep0,5991,6206,6206,forward,4202496,4096,8289,8296,True
ep0,5992,6208,6208,forward,4149248,4096,8185,8192,True
ep0,5993,6208,6208,forward,4218880,4096,8321,8328,True
ep0,5994,6209,6209,forward,4018176,4096,7929,7936,True
ep0,5995,6210,6210,forward,3403776,4096,6729,6736,True
ep0,5996,6210,6210,forward,4206592,4096,8297,8304,True
ep0,5997,6211,6211,forward,4222976,4096,8329,8336,True
ep0,5998,6212,6212,forward,4153344,4096,8193,8200,True
ep0,5999,6213,6213,forward,4022272,4096,7937,7944,True
ep0,6000,6214,6214,forward,3407872,4096,6737,6744,True
ep0,6001,6214,6214,forward,4210688,4096,8305,8312,True
ep0,6002,6215,6215,forward,4157440,4096,8201,8208,True
ep0,6003,6215,6215,forward,4227072,4096,8337,8344,True
ep0,6004,6217,6217,forward,4026368,4096,7945,7952,True
ep0,6005,6218,6218,forward,3411968,4096,6745,6752,True
ep0,6006,6218,6218,forward,4214784,4096,8313,8320,True
ep0,6007,6219,6219,forward,4161536,4096,8209,8216,True
ep0,6008,6219,6219,forward,4231168,4096,8345,8352,True
ep0,6009,6221,6221,forward,4030464,4096,7953,7960,True
ep0,6010,6222,6222,forward,3416064,4096,6753,6760,True
ep0,6011,6222,6222,forward,4218880,4096,8321,8328,True
ep0,6012,6223,6223,forward,4165632,4096,8217,8224,True
ep0,6013,6223,6223,forward,4235264,4096,8353,8360,True
ep0,6014,6225,6225,forward,4034560,4096,7961,7968,True
ep0,6015,6226,6226,forward,3420160,4096,6761,6768,True
ep0,6016,6226,6226,forward,4222976,4096,8329,8336,True
ep0,6017,6227,6227,forward,4169728,4096,8225,8232,True
ep0,6018,6227,6227,forward,4239360,4096,8361,8368,True
ep0,6019,6229,6229,forward,4038656,4096,7969,7976,True
ep0,6020,6230,6230,forward,3424256,4096,6769,6776,True
ep0,6021,6230,6230,forward,4227072,4096,8337,8344,True
ep0,6022,6230,6230,forward,4243456,4096,8369,8376,True
ep0,6023,6231,6231,forward,4173824,4096,8233,8240,True
ep0,6024,6232,6232,forward,4042752,4096,7977,7984,True
ep0,6025,6233,6233,forward,4231168,4096,8345,8352,True
ep0,6026,6234,6234,forward,3428352,4096,6777,6784,True
ep0,6027,6234,6234,forward,4177920,4096,8241,8248,True
ep0,6028,6234,6234,forward,4247552,4096,8377,8384,True
ep0,6029,6236,6236,forward,4046848,4096,7985,7992,True
ep0,6030,6237,6237,forward,3432448,4096,6785,6792,True
ep0,6031,6237,6237,forward,4235264,4096,8353,8360,True
ep0,6032,6238,6238,forward,4182016,4096,8249,8256,True
ep0,6033,6238,6238,forward,4251648,4096,8385,8392,True
ep0,6034,6240,6240,forward,4050944,4096,7993,8000,True
ep0,6035,6240,6240,forward,4239360,4096,8361,8368,True
ep0,6036,6241,6241,forward,3436544,4096,6793,6800,True
ep0,6037,6242,6242,forward,4186112,4096,8257,8264,True
ep0,6038,6242,6242,forward,4255744,4096,8393,8400,True
ep0,6039,6244,6244,forward,4055040,4096,8001,8008,True
ep0,6040,6244,6244,forward,4243456,4096,8369,8376,True
ep0,6041,6245,6245,forward,3440640,4096,6801,6808,True
ep0,6042,6245,6245,forward,4190208,4096,8265,8272,True
ep0,6043,6246,6246,forward,4259840,4096,8401,8408,True
ep0,6044,6247,6247,forward,4059136,4096,8009,8016,True
ep0,6045,6248,6248,forward,4247552,4096,8377,8384,True
ep0,6046,6249,6249,forward,3444736,4096,6809,6816,True
ep0,6047,6249,6249,forward,4194304,4096,8273,8280,True
ep0,6048,6250,6250,forward,4263936,4096,8409,8416,True
ep0,6049,6251,6251,forward,4251648,4096,8385,8392,True
ep0,6050,6252,6252,forward,4063232,4096,8017,8024,True
ep0,6051,6253,6253,forward,3448832,4096,6817,6824,True
ep0,6052,6253,6253,forward,4198400,4096,8281,8288,True
ep0,6053,6253,6253,forward,4268032,4096,8417,8424,True
ep0,6054,6255,6255,forward,4255744,4096,8393,8400,True
ep0,6055,6256,6256,forward,4067328,4096,8025,8032,True
ep0,6056,6256,6256,forward,4202496,4096,8289,8296,True
ep0,6057,6257,6257,forward,3452928,4096,6825,6832,True
ep0,6058,6257,6257,forward,4272128,4096,8425,8432,True
ep0,6059,6259,6259,forward,4259840,4096,8401,8408,True
ep0,6060,6260,6260,forward,4071424,4096,8033,8040,True
ep0,6061,6260,6260,forward,4206592,4096,8297,8304,True
ep0,6062,6261,6261,forward,3457024,4096,6833,6840,True
ep0,6063,6261,6261,forward,4276224,4096,8433,8440,True
ep0,6064,6263,6263,forward,4263936,4096,8409,8416,True
ep0,6065,6264,6264,forward,4075520,4096,8041,8048,True
ep0,6066,6264,6264,forward,4210688,4096,8305,8312,True
ep0,6067,6265,6265,forward,3461120,4096,6841,6848,True
ep0,6068,6265,6265,forward,4280320,4096,8441,8448,True
ep0,6069,6266,6266,forward,4268032,4096,8417,8424,True
ep0,6070,6268,6268,forward,4079616,4096,8049,8056,True
ep0,6071,6268,6268,forward,4214784,4096,8313,8320,True
ep0,6072,6269,6269,forward,3465216,4096,6849,6856,True
ep0,6073,6269,6269,forward,4284416,4096,8449,8456,True
ep0,6074,6270,6270,forward,4272128,4096,8425,8432,True
ep0,6075,6271,6271,forward,4218880,4096,8321,8328,True
ep0,6076,6272,6272,forward,4083712,4096,8057,8064,True
ep0,6077,6273,6273,forward,3469312,4096,6857,6864,True
ep0,6078,6273,6273,forward,4288512,4096,8457,8464,True
ep0,6079,6274,6274,forward,4276224,4096,8433,8440,True
ep0,6080,6275,6275,forward,4222976,4096,8329,8336,True
ep0,6081,6276,6276,forward,4087808,4096,8065,8072,True
ep0,6082,6277,6277,forward,3473408,4096,6865,6872,True
ep0,6083,6277,6277,forward,4280320,4096,8441,8448,True
ep0,6084,6277,6277,forward,4292608,4096,8465,8472,True
ep0,6085,6279,6279,forward,4227072,4096,8337,8344,True
ep0,6086,6280,6280,forward,4091904,4096,8073,8080,True
ep0,6087,6281,6281,forward,3477504,4096,6873,6880,True
ep0,6088,6281,6281,forward,4284416,4096,8449,8456,True
ep0,6089,6281,6281,forward,4296704,4096,8473,8480,True
ep0,6090,6283,6283,forward,4231168,4096,8345,8352,True
ep0,6091,6284,6284,forward,4096000,4096,8081,8088,True
ep0,6092,6285,6285,forward,3481600,4096,6881,6888,True
ep0,6093,6285,6285,forward,4288512,4096,8457,8464,True
ep0,6094,6285,6285,forward,4300800,4096,8481,8488,True
ep0,6095,6286,6286,forward,4235264,4096,8353,8360,True
ep0,6096,6288,6288,forward,3485696,4096,6889,6896,True
ep0,6097,6288,6288,forward,4100096,4096,8089,8096,True
ep0,6098,6289,6289,forward,4292608,4096,8465,8472,True
ep0,6099,6289,6289,forward,4304896,4096,8489,8496,True
ep0,6100,6290,6290,forward,4239360,4096,8361,8368,True
ep0,6101,6292,6292,forward,3489792,4096,6897,6904,True
ep0,6102,6292,6292,forward,4104192,4096,8097,8104,True
ep0,6103,6293,6293,forward,4296704,4096,8473,8480,True
ep0,6104,6293,6293,forward,4308992,4096,8497,8504,True
ep0,6105,6294,6294,forward,4243456,4096,8369,8376,True
ep0,6106,6295,6295,forward,4108288,4096,8105,8112,True
ep0,6107,6296,6296,forward,3493888,4096,6905,6912,True
ep0,6108,6297,6297,forward,4247552,4096,8377,8384,True
ep0,6109,6297,6297,forward,4300800,4096,8481,8488,True
ep0,6110,6297,6297,forward,4313088,4096,8505,8512,True
ep0,6111,6299,6299,forward,4112384,4096,8113,8120,True
ep0,6112,6300,6300,forward,3497984,4096,6913,6920,True
ep0,6113,6301,6301,forward,4251648,4096,8385,8392,True
ep0,6114,6301,6301,forward,4304896,4096,8489,8496,True
ep0,6115,6301,6301,forward,4317184,4096,8513,8520,True
ep0,6116,6303,6303,forward,4116480,4096,8121,8128,True
ep0,6117,6304,6304,forward,3502080,4096,6921,6928,True
ep0,6118,6304,6304,forward,4308992,4096,8497,8504,True
ep0,6119,6305,6305,forward,4255744,4096,8393,8400,True
ep0,6120,6305,6305,forward,4321280,4096,8521,8528,True
ep0,6121,6307,6307,forward,3506176,4096,6929,6936,True
ep0,6122,6307,6307,forward,4120576,4096,8129,8136,True
ep0,6123,6308,6308,forward,4259840,4096,8401,8408,True
ep0,6124,6308,6308,forward,4313088,4096,8505,8512,True
ep0,6125,6309,6309,forward,4325376,4096,8529,8536,True
ep0,6126,6311,6311,forward,3510272,4096,6937,6944,True
ep0,6127,6311,6311,forward,4124672,4096,8137,8144,True
ep0,6128,6312,6312,forward,4263936,4096,8409,8416,True
ep0,6129,6312,6312,forward,4317184,4096,8513,8520,True
ep0,6130,6313,6313,forward,4329472,4096,8537,8544,True
ep0,6131,6315,6315,forward,3514368,4096,6945,6952,True
ep0,6132,6315,6315,forward,4128768,4096,8145,8152,True
ep0,6133,6315,6315,forward,4321280,4096,8521,8528,True
ep0,6134,6316,6316,forward,4268032,4096,8417,8424,True
ep0,6135,6316,6316,forward,4333568,4096,8545,8552,True
ep0,6136,6319,6319,forward,3518464,4096,6953,6960,True
ep0,6137,6319,6319,forward,4132864,4096,8153,8160,True
ep0,6138,6319,6319,forward,4272128,4096,8425,8432,True
ep0,6139,6319,6319,forward,4325376,4096,8529,8536,True
ep0,6140,6320,6320,forward,4337664,4096,8553,8560,True
ep0,6141,6323,6323,forward,3522560,4096,6961,6968,True
ep0,6142,6323,6323,forward,4136960,4096,8161,8168,True
ep0,6143,6323,6323,forward,4276224,4096,8433,8440,True
ep0,6144,6323,6323,forward,4329472,4096,8537,8544,True
ep0,6145,6324,6324,forward,4341760,4096,8561,8568,True
ep0,6146,6327,6327,forward,3526656,4096,6969,6976,True
ep0,6147,6327,6327,forward,4141056,4096,8169,8176,True
ep0,6148,6327,6327,forward,4280320,4096,8441,8448,True
ep0,6149,6327,6327,forward,4333568,4096,8545,8552,True
ep0,6150,6328,6328,forward,4345856,4096,8569,8576,True
ep0,6151,6330,6330,forward,4145152,4096,8177,8184,True
ep0,6152,6331,6331,forward,3530752,4096,6977,6984,True
ep0,6153,6331,6331,forward,4284416,4096,8449,8456,True
ep0,6154,6331,6331,forward,4337664,4096,8553,8560,True
ep0,6155,6332,6332,forward,4349952,4096,8577,8584,True
ep0,6156,6334,6334,forward,4149248,4096,8185,8192,True
ep0,6157,6334,6334,forward,4288512,4096,8457,8464,True
ep0,6158,6335,6335,forward,3534848,4096,6985,6992,True
ep0,6159,6335,6335,forward,4341760,4096,8561,8568,True
ep0,6160,6336,6336,forward,4354048,4096,8585,8592,True
ep0,6161,6338,6338,forward,4153344,4096,8193,8200,True
ep0,6162,6338,6338,forward,4292608,4096,8465,8472,True
ep0,6163,6339,6339,forward,3538944,4096,6993,7000,True
ep0,6164,6339,6339,forward,4345856,4096,8569,8576,True
ep0,6165,6340,6340,forward,4358144,4096,8593,8600,True
ep0,6166,6342,6342,forward,4157440,4096,8201,8208,True
ep0,6167,6342,6342,forward,4296704,4096,8473,8480,True
ep0,6168,6343,6343,forward,3543040,4096,7001,7008,True
ep0,6169,6343,6343,forward,4349952,4096,8577,8584,True
ep0,6170,6344,6344,forward,4362240,4096,8601,8608,True
ep0,6171,6345,6345,forward,4300800,4096,8481,8488,True
ep0,6172,6346,6346,forward,4161536,4096,8209,8216,True
ep0,6173,6347,6347,forward,3547136,4096,7009,7016,True
ep0,6174,6347,6347,forward,4354048,4096,8585,8592,True
ep0,6175,6348,6348,forward,4366336,4096,8609,8616,True
ep0,6176,6349,6349,forward,4304896,4096,8489,8496,True
ep0,6177,6350,6350,forward,3551232,4096,7017,7024,True
ep0,6178,6350,6350,forward,4165632,4096,8217,8224,True
ep0,6179,6350,6350,forward,4358144,4096,8593,8600,True
ep0,6180,6352,6352,forward,4370432,4096,8617,8624,True
ep0,6181,6353,6353,forward,4308992,4096,8497,8504,True
ep0,6182,6354,6354,forward,3555328,4096,7025,7032,True
ep0,6183,6354,6354,forward,4169728,4096,8225,8232,True
ep0,6184,6354,6354,forward,4362240,4096,8601,8608,True
ep0,6185,6355,6355,forward,4374528,4096,8625,8632,True
ep0,6186,6356,6356,forward,4313088,4096,8505,8512,True
ep0,6187,6357,6357,forward,4173824,4096,8233,8240,True
ep0,6188,6357,6357,forward,4366336,4096,8609,8616,True
ep0,6189,6358,6358,forward,3559424,4096,7033,7040,True
ep0,6190,6359,6359,forward,4378624,4096,8633,8640,True
ep0,6191,6360,6360,forward,4317184,4096,8513,8520,True
ep0,6192,6361,6361,forward,4177920,4096,8241,8248,True
ep0,6193,6361,6361,forward,4370432,4096,8617,8624,True
ep0,6194,6362,6362,forward,3563520,4096,7041,7048,True
ep0,6195,6363,6363,forward,4382720,4096,8641,8648,True
ep0,6196,6364,6364,forward,4321280,4096,8521,8528,True
ep0,6197,6365,6365,forward,3567616,4096,7049,7056,True
ep0,6198,6365,6365,forward,4182016,4096,8249,8256,True
ep0,6199,6365,6365,forward,4374528,4096,8625,8632,True
ep0,6200,6367,6367,forward,4386816,4096,8649,8656,True
ep0,6201,6368,6368,forward,4325376,4096,8529,8536,True
ep0,6202,6368,6368,forward,4378624,4096,8633,8640,True
ep0,6203,6369,6369,forward,3571712,4096,7057,7064,True
ep0,6204,6369,6369,forward,4186112,4096,8257,8264,True
ep0,6205,6371,6371,forward,4390912,4096,8657,8664,True
ep0,6206,6372,6372,forward,4329472,4096,8537,8544,True
ep0,6207,6373,6373,forward,3575808,4096,7065,7072,True
ep0,6208,6373,6373,forward,4190208,4096,8265,8272,True
ep0,6209,6373,6373,forward,4382720,4096,8641,8648,True
ep0,6210,6375,6375,forward,4333568,4096,8545,8552,True
ep0,6211,6375,6375,forward,4395008,4096,8665,8672,True
ep0,6212,6377,6377,forward,3579904,4096,7073,7080,True
ep0,6213,6377,6377,forward,4194304,4096,8273,8280,True
ep0,6214,6377,6377,forward,4386816,4096,8649,8656,True
ep0,6215,6378,6378,forward,4399104,4096,8673,8680,True
ep0,6216,6379,6379,forward,4337664,4096,8553,8560,True
ep0,6217,6380,6380,forward,4198400,4096,8281,8288,True
ep0,6218,6380,6380,forward,4390912,4096,8657,8664,True
ep0,6219,6381,6381,forward,3584000,4096,7081,7088,True
ep0,6220,6382,6382,forward,4403200,4096,8681,8688,True
ep0,6221,6383,6383,forward,4341760,4096,8561,8568,True
ep0,6222,6384,6384,forward,4202496,4096,8289,8296,True
ep0,6223,6384,6384,forward,4395008,4096,8665,8672,True
ep0,6224,6385,6385,forward,3588096,4096,7089,7096,True
ep0,6225,6387,6387,forward,4345856,4096,8569,8576,True
ep0,6226,6387,6387,forward,4407296,4096,8689,8696,True
ep0,6227,6388,6388,forward,3592192,4096,7097,7104,True
ep0,6228,6388,6388,forward,4206592,4096,8297,8304,True
ep0,6229,6388,6388,forward,4399104,4096,8673,8680,True
ep0,6230,6390,6390,forward,4349952,4096,8577,8584,True
ep0,6231,6390,6390,forward,4411392,4096,8697,8704,True
ep0,6232,6391,6391,forward,4403200,4096,8681,8688,True
ep0,6233,6392,6392,forward,3596288,4096,7105,7112,True
ep0,6234,6393,6393,forward,4210688,4096,8305,8312,True
ep0,6235,6394,6394,forward,4354048,4096,8585,8592,True
ep0,6236,6394,6394,forward,4415488,4096,8705,8712,True
ep0,6237,6395,6395,forward,4407296,4096,8689,8696,True
ep0,6238,6396,6396,forward,3600384,4096,7113,7120,True
ep0,6239,6397,6397,forward,4214784,4096,8313,8320,True
ep0,6240,6398,6398,forward,4358144,4096,8593,8600,True
ep0,6241,6398,6398,forward,4419584,4096,8713,8720,True
ep0,6242,6399,6399,forward,4411392,4096,8697,8704,True
ep0,6243,6400,6400,forward,3604480,4096,7121,7128,True
ep0,6244,6401,6401,forward,4218880,4096,8321,8328,True
ep0,6245,6402,6402,forward,4362240,4096,8601,8608,True
ep0,6246,6402,6402,forward,4423680,4096,8721,8728,True
ep0,6247,6403,6403,forward,4415488,4096,8705,8712,True
ep0,6248,6404,6404,forward,3608576,4096,7129,7136,True
ep0,6249,6404,6404,forward,4222976,4096,8329,8336,True
ep0,6250,6405,6405,forward,4366336,4096,8609,8616,True
ep0,6251,6406,6406,forward,4419584,4096,8713,8720,True
ep0,6252,6406,6406,forward,4427776,4096,8729,8736,True
ep0,6253,6408,6408,forward,3612672,4096,7137,7144,True
ep0,6254,6408,6408,forward,4227072,4096,8337,8344,True
ep0,6255,6409,6409,forward,4370432,4096,8617,8624,True
ep0,6256,6410,6410,forward,4423680,4096,8721,8728,True
ep0,6257,6410,6410,forward,4431872,4096,8737,8744,True
ep0,6258,6412,6412,forward,3616768,4096,7145,7152,True
ep0,6259,6412,6412,forward,4231168,4096,8345,8352,True
ep0,6260,6413,6413,forward,4374528,4096,8625,8632,True
ep0,6261,6414,6414,forward,4427776,4096,8729,8736,True
ep0,6262,6414,6414,forward,4435968,4096,8745,8752,True
ep0,6263,6415,6415,forward,3620864,4096,7153,7160,True
ep0,6264,6415,6415,forward,4235264,4096,8353,8360,True
ep0,6265,6417,6417,forward,4378624,4096,8633,8640,True
ep0,6266,6418,6418,forward,4431872,4096,8737,8744,True
ep0,6267,6418,6418,forward,4440064,4096,8753,8760,True
ep0,6268,6419,6419,forward,4239360,4096,8361,8368,True
ep0,6269,6420,6420,forward,3624960,4096,7161,7168,True
ep0,6270,6421,6421,forward,4382720,4096,8641,8648,True
ep0,6271,6422,6422,forward,4435968,4096,8745,8752,True
ep0,6272,6422,6422,forward,4444160,4096,8761,8768,True
ep0,6273,6423,6423,forward,4243456,4096,8369,8376,True
ep0,6274,6424,6424,forward,3629056,4096,7169,7176,True
ep0,6275,6424,6424,forward,4386816,4096,8649,8656,True
ep0,6276,6425,6425,forward,4448256,4096,8769,8776,True
ep0,6277,6426,6426,forward,4440064,4096,8753,8760,True
ep0,6278,6427,6427,forward,4247552,4096,8377,8384,True
ep0,6279,6428,6428,forward,3633152,4096,7177,7184,True
ep0,6280,6428,6428,forward,4390912,4096,8657,8664,True
ep0,6281,6429,6429,forward,4452352,4096,8777,8784,True
ep0,6282,6430,6430,forward,4444160,4096,8761,8768,True
ep0,6283,6431,6431,forward,4251648,4096,8385,8392,True
ep0,6284,6432,6432,forward,3637248,4096,7185,7192,True
ep0,6285,6432,6432,forward,4395008,4096,8665,8672,True
ep0,6286,6433,6433,forward,4456448,4096,8785,8792,True
ep0,6287,6434,6434,forward,4448256,4096,8769,8776,True
ep0,6288,6435,6435,forward,4255744,4096,8393,8400,True
ep0,6289,6436,6436,forward,3641344,4096,7193,7200,True
ep0,6290,6436,6436,forward,4399104,4096,8673,8680,True
ep0,6291,6437,6437,forward,4460544,4096,8793,8800,True
ep0,6292,6438,6438,forward,4259840,4096,8401,8408,True
ep0,6293,6438,6438,forward,4452352,4096,8777,8784,True
ep0,6294,6440,6440,forward,3645440,4096,7201,7208,True
ep0,6295,6440,6440,forward,4403200,4096,8681,8688,True
ep0,6296,6441,6441,forward,4456448,4096,8785,8792,True
ep0,6297,6441,6441,forward,4464640,4096,8801,8808,True
ep0,6298,6442,6442,forward,4263936,4096,8409,8416,True
ep0,6299,6443,6443,forward,3649536,4096,7209,7216,True
ep0,6300,6444,6444,forward,4407296,4096,8689,8696,True
ep0,6301,6445,6445,forward,4468736,4096,8809,8816,True
ep0,6302,6446,6446,forward,4268032,4096,8417,8424,True
ep0,6303,6446,6446,forward,4460544,4096,8793,8800,True
ep0,6304,6447,6447,forward,3653632,4096,7217,7224,True
ep0,6305,6448,6448,forward,4411392,4096,8697,8704,True
ep0,6306,6449,6449,forward,4464640,4096,8801,8808,True
ep0,6307,6449,6449,forward,4472832,4096,8817,8824,True
ep0,6308,6450,6450,forward,4272128,4096,8425,8432,True
ep0,6309,6451,6451,forward,3657728,4096,7225,7232,True
ep0,6310,6452,6452,forward,4415488,4096,8705,8712,True
ep0,6311,6453,6453,forward,4468736,4096,8809,8816,True
ep0,6312,6453,6453,forward,4476928,4096,8825,8832,True
ep0,6313,6454,6454,forward,3661824,4096,7233,7240,True
ep0,6314,6454,6454,forward,4276224,4096,8433,8440,True
ep0,6315,6455,6455,forward,4419584,4096,8713,8720,True
ep0,6316,6457,6457,forward,4472832,4096,8817,8824,True
ep0,6317,6457,6457,forward,4481024,4096,8833,8840,True
ep0,6318,6458,6458,forward,3665920,4096,7241,7248,True
ep0,6319,6458,6458,forward,4280320,4096,8441,8448,True
ep0,6320,6459,6459,forward,4423680,4096,8721,8728,True
ep0,6321,6461,6461,forward,4476928,4096,8825,8832,True
ep0,6322,6461,6461,forward,4485120,4096,8841,8848,True
ep0,6323,6462,6462,forward,3670016,4096,7249,7256,True
ep0,6324,6462,6462,forward,4284416,4096,8449,8456,True
ep0,6325,6463,6463,forward,4427776,4096,8729,8736,True
ep0,6326,6465,6465,forward,4481024,4096,8833,8840,True
ep0,6327,6465,6465,forward,4489216,4096,8849,8856,True
ep0,6328,6466,6466,forward,3674112,4096,7257,7264,True
ep0,6329,6466,6466,forward,4288512,4096,8457,8464,True
ep0,6330,6467,6467,forward,4431872,4096,8737,8744,True
ep0,6331,6468,6468,forward,4485120,4096,8841,8848,True
ep0,6332,6468,6468,forward,4493312,4096,8857,8864,True
ep0,6333,6470,6470,forward,3678208,4096,7265,7272,True
ep0,6334,6470,6470,forward,4292608,4096,8465,8472,True
ep0,6335,6470,6470,forward,4435968,4096,8745,8752,True
ep0,6336,6472,6472,forward,4489216,4096,8849,8856,True
ep0,6337,6472,6472,forward,4497408,4096,8865,8872,True
ep0,6338,6473,6473,forward,4296704,4096,8473,8480,True
ep0,6339,6474,6474,forward,3682304,4096,7273,7280,True
ep0,6340,6474,6474,forward,4440064,4096,8753,8760,True
ep0,6341,6476,6476,forward,4493312,4096,8857,8864,True
ep0,6342,6476,6476,forward,4501504,4096,8873,8880,True
ep0,6343,6477,6477,forward,4300800,4096,8481,8488,True
ep0,6344,6478,6478,forward,3686400,4096,7281,7288,True
ep0,6345,6478,6478,forward,4444160,4096,8761,8768,True
ep0,6346,6479,6479,forward,4497408,4096,8865,8872,True
ep0,6347,6480,6480,forward,4505600,4096,8881,8888,True
ep0,6348,6481,6481,forward,4304896,4096,8489,8496,True
ep0,6349,6482,6482,forward,3690496,4096,7289,7296,True
ep0,6350,6482,6482,forward,4448256,4096,8769,8776,True
ep0,6351,6483,6483,forward,4501504,4096,8873,8880,True
ep0,6352,6484,6484,forward,4509696,4096,8889,8896,True
ep0,6353,6485,6485,forward,4308992,4096,8497,8504,True
ep0,6354,6486,6486,forward,4734976,4096,9329,9336,True
ep0,6355,6486,6486,forward,4452352,4096,8777,8784,True
ep0,6356,6487,6487,forward,4505600,4096,8881,8888,True
ep0,6357,6487,6487,forward,4513792,4096,8897,8904,True
ep0,6358,6489,6489,forward,4313088,4096,8505,8512,True
ep0,6359,6490,6490,forward,4739072,4096,9337,9344,True
ep0,6360,6490,6490,forward,4456448,4096,8785,8792,True
ep0,6361,6490,6490,forward,4509696,4096,8889,8896,True
ep0,6362,6491,6491,forward,4517888,4096,8905,8912,True
ep0,6363,6492,6492,forward,4317184,4096,8513,8520,True
ep0,6364,6494,6494,forward,4743168,4096,9345,9352,True
ep0,6365,6494,6494,forward,4460544,4096,8793,8800,True
ep0,6366,6494,6494,forward,4513792,4096,8897,8904,True
ep0,6367,6495,6495,forward,4521984,4096,8913,8920,True
ep0,6368,6496,6496,forward,4321280,4096,8521,8528,True
ep0,6369,6498,6498,forward,4747264,4096,9353,9360,True
ep0,6370,6498,6498,forward,4464640,4096,8801,8808,True
ep0,6371,6498,6498,forward,4517888,4096,8905,8912,True
ep0,6372,6499,6499,forward,4526080,4096,8921,8928,True
ep0,6373,6500,6500,forward,4325376,4096,8529,8536,True
ep0,6374,6502,6502,forward,4751360,4096,9361,9368,True
ep0,6375,6502,6502,forward,4468736,4096,8809,8816,True
ep0,6376,6502,6502,forward,4521984,4096,8913,8920,True
ep0,6377,6503,6503,forward,4530176,4096,8929,8936,True
ep0,6378,6504,6504,forward,4329472,4096,8537,8544,True
ep0,6379,6506,6506,forward,4755456,4096,9369,9376,True
ep0,6380,6506,6506,forward,4472832,4096,8817,8824,True
ep0,6381,6506,6506,forward,4526080,4096,8921,8928,True
ep0,6382,6507,6507,forward,4534272,4096,8937,8944,True
ep0,6383,6508,6508,forward,4333568,4096,8545,8552,True
ep0,6384,6509,6509,forward,4759552,4096,9377,9384,True
ep0,6385,6510,6510,forward,4476928,4096,8825,8832,True
ep0,6386,6510,6510,forward,4530176,4096,8929,8936,True
ep0,6387,6512,6512,forward,4337664,4096,8553,8560,True
ep0,6388,6513,6513,forward,4763648,4096,9385,9392,True
ep0,6389,6513,6513,forward,4534272,4096,8937,8944,True
ep0,6390,6514,6514,forward,4481024,4096,8833,8840,True
ep0,6391,6516,6516,forward,4341760,4096,8561,8568,True
ep0,6392,6517,6517,forward,4767744,4096,9393,9400,True
ep0,6393,6517,6517,forward,4538368,4096,8945,8952,True
ep0,6394,6518,6518,forward,4485120,4096,8841,8848,True
ep0,6395,6520,6520,forward,4345856,4096,8569,8576,True
ep0,6396,6521,6521,forward,4771840,4096,9401,9408,True
ep0,6397,6521,6521,forward,4542464,4096,8953,8960,True
ep0,6398,6522,6522,forward,4489216,4096,8849,8856,True
ep0,6399,6524,6524,forward,4349952,4096,8577,8584,True
ep0,6400,6525,6525,forward,4775936,4096,9409,9416,True
ep0,6401,6525,6525,forward,4546560,4096,8961,8968,True
ep0,6402,6525,6525,forward,4538368,4096,8945,8952,True
ep0,6403,6526,6526,forward,4493312,4096,8857,8864,True
ep0,6404,6528,6528,forward,4354048,4096,8585,8592,True
ep0,6405,6528,6528,forward,4550656,4096,8969,8976,True
ep0,6406,6529,6529,forward,4780032,4096,9417,9424,True
ep0,6407,6529,6529,forward,4497408,4096,8865,8872,True
ep0,6408,6529,6529,forward,4542464,4096,8953,8960,True
ep0,6409,6532,6532,forward,4358144,4096,8593,8600,True
ep0,6410,6532,6532,forward,4554752,4096,8977,8984,True
ep0,6411,6533,6533,forward,4784128,4096,9425,9432,True
ep0,6412,6533,6533,forward,4501504,4096,8873,8880,True
ep0,6413,6533,6533,forward,4546560,4096,8961,8968,True
ep0,6414,6536,6536,forward,4362240,4096,8601,8608,True
ep0,6415,6536,6536,forward,4558848,4096,8985,8992,True
ep0,6416,6537,6537,forward,4788224,4096,9433,9440,True
ep0,6417,6537,6537,forward,4505600,4096,8881,8888,True
ep0,6418,6537,6537,forward,4550656,4096,8969,8976,True
ep0,6419,6540,6540,forward,4366336,4096,8609,8616,True
ep0,6420,6541,6541,forward,4792320,4096,9441,9448,True
ep0,6421,6541,6541,forward,4509696,4096,8889,8896,True
ep0,6422,6541,6541,forward,4554752,4096,8977,8984,True
ep0,6423,6544,6544,forward,4370432,4096,8617,8624,True
ep0,6424,6545,6545,forward,4796416,4096,9449,9456,True
ep0,6425,6545,6545,forward,4513792,4096,8897,8904,True
ep0,6426,6545,6545,forward,4558848,4096,8985,8992,True
ep0,6427,6548,6548,forward,4800512,4096,9457,9464,True
ep0,6428,6548,6548,forward,4374528,4096,8625,8632,True
ep0,6429,6549,6549,forward,4517888,4096,8905,8912,True
ep0,6430,6549,6549,forward,4562944,4096,8993,9000,True
ep0,6431,6552,6552,forward,4804608,4096,9465,9472,True
ep0,6432,6552,6552,forward,4378624,4096,8633,8640,True
ep0,6433,6552,6552,forward,4567040,4096,9001,9008,True
ep0,6434,6553,6553,forward,4521984,4096,8913,8920,True
ep0,6435,6553,6553,forward,4562944,4096,8993,9000,True
ep0,6436,6556,6556,forward,4808704,4096,9473,9480,True
ep0,6437,6556,6556,forward,4382720,4096,8641,8648,True
ep0,6438,6556,6556,forward,4526080,4096,8921,8928,True
ep0,6439,6557,6557,forward,4567040,8192,9001,9016,True
ep0,6440,6560,6560,forward,4812800,4096,9481,9488,True
ep0,6441,6560,6560,forward,4386816,4096,8649,8656,True
ep0,6442,6560,6560,forward,4530176,4096,8929,8936,True
ep0,6443,6560,6561,backward,4571136,8192,9009,9024,True
ep0,6444,6563,6563,forward,4390912,4096,8657,8664,True
ep0,6445,6564,6564,forward,4816896,4096,9489,9496,True
ep0,6446,6564,6564,forward,4534272,4096,8937,8944,True
ep0,6447,6564,6565,forward,4575232,8192,9017,9032,True
ep0,6448,6567,6567,forward,4395008,4096,8665,8672,True
ep0,6449,6568,6568,forward,4820992,4096,9497,9504,True
ep0,6450,6568,6568,forward,4538368,4096,8945,8952,True
ep0,6451,6568,6569,forward,4579328,8192,9025,9040,True
ep0,6452,6571,6571,forward,4399104,4096,8673,8680,True
ep0,6453,6572,6572,forward,4825088,4096,9505,9512,True
ep0,6454,6572,6572,forward,4542464,4096,8953,8960,True
ep0,6455,6572,6572,forward,4583424,8192,9033,9048,True
ep0,6456,6575,6575,forward,4829184,4096,9513,9520,True
ep0,6457,6575,6575,forward,4403200,4096,8681,8688,True
ep0,6458,6576,6576,forward,4546560,4096,8961,8968,True
ep0,6459,6576,6576,forward,4587520,8192,9041,9056,True
ep0,6460,6579,6579,forward,4407296,4096,8689,8696,True
ep0,6461,6579,6579,forward,4591616,4096,9049,9056,True
ep0,6462,6580,6580,forward,4833280,4096,9521,9528,True
ep0,6463,6580,6580,forward,4550656,4096,8969,8976,True
ep0,6464,6580,6580,forward,4595712,4096,9057,9064,True
ep0,6465,6583,6583,forward,4837376,4096,9529,9536,True
ep0,6466,6583,6583,forward,4411392,4096,8697,8704,True
ep0,6467,6583,6583,forward,4595712,4096,9057,9064,True
ep0,6468,6584,6584,forward,4554752,4096,8977,8984,True
ep0,6469,6584,6584,forward,4599808,4096,9065,9072,True
ep0,6470,6586,6586,forward,4415488,4096,8705,8712,True
ep0,6471,6587,6587,forward,4841472,4096,9537,9544,True
ep0,6472,6587,6587,forward,4599808,4096,9065,9072,True
ep0,6473,6588,6588,forward,4558848,4096,8985,8992,True
ep0,6474,6588,6588,forward,4603904,4096,9073,9080,True
ep0,6475,6590,6590,forward,4419584,4096,8713,8720,True
ep0,6476,6591,6591,forward,4845568,4096,9545,9552,True
ep0,6477,6591,6591,forward,4603904,4096,9073,9080,True
ep0,6478,6592,6592,forward,4562944,4096,8993,9000,True
ep0,6479,6592,6592,forward,4608000,4096,9081,9088,True
ep0,6480,6594,6594,forward,4423680,4096,8721,8728,True
ep0,6481,6595,6595,forward,4849664,4096,9553,9560,True
ep0,6482,6595,6595,forward,4608000,4096,9081,9088,True
ep0,6483,6596,6596,forward,4567040,4096,9001,9008,True
ep0,6484,6596,6596,forward,4612096,4096,9089,9096,True
ep0,6485,6598,6598,forward,4427776,4096,8729,8736,True
ep0,6486,6599,6600,forward,4612096,8192,9089,9104,True
ep0,6487,6602,6602,forward,4431872,4096,8737,8744,True
ep0,6488,6603,6603,forward,4616192,8192,9097,9112,True
ep0,6489,6606,6606,forward,4435968,4096,8745,8752,True
ep0,6490,6607,6607,forward,4620288,8192,9105,9120,True
ep0,6491,6610,6610,forward,4440064,4096,8753,8760,True
ep0,6492,6611,6611,forward,4624384,8192,9113,9128,True
ep0,6493,6612,6612,forward,4853760,4096,9561,9568,True
ep0,6494,6613,6613,forward,4571136,4096,9009,9016,True
ep0,6495,6614,6614,forward,4444160,4096,8761,8768,True
ep0,6496,6615,6615,forward,4628480,8192,9121,9136,True
ep0,6497,6617,6617,forward,4857856,4096,9569,9576,True
ep0,6498,6617,6617,forward,4448256,4096,8769,8776,True
ep0,6499,6617,6617,forward,4575232,4096,9017,9024,True
ep0,6500,6619,6619,forward,4632576,8192,9129,9144,True
ep0,6501,6621,6621,forward,4861952,4096,9577,9584,True
ep0,6502,6621,6621,forward,4452352,4096,8777,8784,True
ep0,6503,6621,6621,forward,4579328,4096,9025,9032,True
ep0,6504,6623,6623,forward,4636672,8192,9137,9152,True
ep0,6505,6624,6624,forward,4583424,4096,9033,9040,True
ep0,6506,6625,6625,forward,4866048,4096,9585,9592,True
ep0,6507,6626,6626,forward,4456448,4096,8785,8792,True
ep0,6508,6626,6627,forward,4640768,8192,9145,9160,True
ep0,6509,6628,6628,forward,4587520,4096,9041,9048,True
ep0,6510,6629,6629,forward,4870144,4096,9593,9600,True
ep0,6511,6629,6629,forward,4460544,4096,8793,8800,True
ep0,6512,6630,6630,forward,4644864,8192,9153,9168,True
ep0,6513,6632,6632,forward,4591616,4096,9049,9056,True
ep0,6514,6633,6633,forward,4874240,4096,9601,9608,True
ep0,6515,6633,6633,forward,4464640,4096,8801,8808,True
ep0,6516,6634,6634,forward,4648960,4096,9161,9168,True
ep0,6517,6635,6635,forward,4595712,4096,9057,9064,True
ep0,6518,6635,6635,forward,4653056,4096,9169,9176,True
ep0,6519,6636,6636,forward,4878336,4096,9609,9616,True
ep0,6520,6637,6637,forward,4468736,4096,8809,8816,True
ep0,6521,6638,6638,forward,4653056,8192,9169,9184,True
ep0,6522,6639,6639,forward,4599808,4096,9065,9072,True
ep0,6523,6640,6640,forward,4882432,4096,9617,9624,True
ep0,6524,6641,6641,forward,4472832,4096,8817,8824,True
ep0,6525,6642,6642,forward,4657152,8192,9177,9192,True
ep0,6526,6643,6643,forward,4603904,4096,9073,9080,True
ep0,6527,6644,6644,forward,4886528,4096,9625,9632,True
ep0,6528,6645,6645,forward,4476928,4096,8825,8832,True
ep0,6529,6645,6646,forward,4661248,8192,9185,9200,True
ep0,6530,6647,6647,forward,4608000,4096,9081,9088,True
ep0,6531,6648,6648,forward,4890624,4096,9633,9640,True
ep0,6532,6649,6649,forward,4481024,4096,8833,8840,True
ep0,6533,6649,6650,forward,4665344,8192,9193,9208,True
ep0,6534,6651,6651,forward,4612096,4096,9089,9096,True
ep0,6535,6652,6652,forward,4894720,4096,9641,9648,True
ep0,6536,6653,6653,forward,4485120,4096,8841,8848,True
ep0,6537,6653,6654,forward,4669440,8192,9201,9216,True
ep0,6538,6655,6655,forward,4616192,4096,9097,9104,True
ep0,6539,6656,6656,forward,4898816,4096,9649,9656,True
ep0,6540,6657,6657,forward,4489216,4096,8849,8856,True
ep0,6541,6657,6658,forward,4673536,8192,9209,9224,True
ep0,6542,6659,6659,forward,4620288,4096,9105,9112,True
ep0,6543,6660,6660,forward,4902912,4096,9657,9664,True
ep0,6544,6661,6662,forward,4677632,8192,9217,9232,True
ep0,6545,6663,6663,forward,4624384,4096,9113,9120,True
ep0,6546,6664,6664,forward,4907008,4096,9665,9672,True
ep0,6547,6665,6666,forward,4681728,8192,9225,9240,True
ep0,6548,6667,6667,forward,4628480,4096,9121,9128,True
ep0,6549,6668,6668,forward,4911104,4096,9673,9680,True
ep0,6550,6669,6669,forward,4685824,4096,9233,9240,True
ep0,6551,6670,6670,forward,4632576,4096,9129,9136,True
ep0,6552,6670,6670,forward,4689920,4096,9241,9248,True
ep0,6553,6672,6672,forward,4915200,4096,9681,9688,True
ep0,6554,6673,6673,forward,4689920,4096,9241,9248,True
ep0,6555,6674,6674,forward,4493312,4096,8857,8864,True
ep0,6556,6674,6674,forward,4636672,4096,9137,9144,True
ep0,6557,6674,6674,forward,4694016,4096,9249,9256,True
ep0,6558,6676,6676,forward,4919296,4096,9689,9696,True
ep0,6559,6677,6677,forward,4694016,4096,9249,9256,True
ep0,6560,6678,6678,forward,4497408,4096,8865,8872,True
ep0,6561,6678,6678,forward,4640768,4096,9145,9152,True
ep0,6562,6678,6678,forward,4698112,4096,9257,9264,True
ep0,6563,6680,6680,forward,4923392,4096,9697,9704,True
ep0,6564,6681,6681,forward,4698112,4096,9257,9264,True
ep0,6565,6682,6682,forward,4501504,4096,8873,8880,True
ep0,6566,6682,6682,forward,4644864,4096,9153,9160,True
ep0,6567,6682,6682,forward,4702208,4096,9265,9272,True
ep0,6568,6683,6683,forward,4927488,4096,9705,9712,True
ep0,6569,6684,6684,forward,4702208,4096,9265,9272,True
ep0,6570,6686,6686,forward,4505600,4096,8881,8888,True
ep0,6571,6686,6686,forward,4648960,4096,9161,9168,True
ep0,6572,6686,6686,forward,4706304,4096,9273,9280,True
ep0,6573,6687,6687,forward,4931584,4096,9713,9720,True
ep0,6574,6688,6688,forward,4706304,4096,9273,9280,True
ep0,6575,6689,6689,forward,4509696,4096,8889,8896,True
ep0,6576,6690,6690,forward,4653056,4096,9169,9176,True
ep0,6577,6690,6690,forward,4710400,4096,9281,9288,True
ep0,6578,6691,6691,forward,4935680,4096,9721,9728,True
ep0,6579,6692,6692,forward,4710400,4096,9281,9288,True
ep0,6580,6693,6693,forward,4513792,4096,8897,8904,True
ep0,6581,6693,6693,forward,4714496,4096,9289,9296,True
ep0,6582,6694,6694,forward,4657152,4096,9177,9184,True
ep0,6583,6695,6695,forward,4939776,4096,9729,9736,True
ep0,6584,6696,6696,forward,4714496,4096,9289,9296,True
ep0,6585,6697,6697,forward,4517888,4096,8905,8912,True
ep0,6586,6697,6697,forward,4661248,4096,9185,9192,True
ep0,6587,6697,6697,forward,4718592,4096,9297,9304,True
ep0,6588,6699,6699,forward,4943872,4096,9737,9744,True
ep0,6589,6700,6700,forward,4718592,4096,9297,9304,True
ep0,6590,6701,6701,forward,4521984,4096,8913,8920,True
ep0,6591,6701,6701,forward,4665344,4096,9193,9200,True
ep0,6592,6701,6701,forward,4722688,4096,9305,9312,True
ep0,6593,6703,6703,forward,4947968,4096,9745,9752,True
ep0,6594,6704,6704,forward,4722688,4096,9305,9312,True
ep0,6595,6705,6705,forward,4526080,4096,8921,8928,True
ep0,6596,6705,6705,forward,4669440,4096,9201,9208,True
ep0,6597,6705,6705,forward,4726784,4096,9313,9320,True
ep0,6598,6707,6707,forward,4952064,4096,9753,9760,True
ep0,6599,6707,6707,forward,4726784,4096,9313,9320,True
ep0,6600,6709,6709,forward,4530176,4096,8929,8936,True
ep0,6601,6709,6709,forward,4673536,4096,9209,9216,True
ep0,6602,6709,6709,forward,4730880,4096,9321,9328,True
ep0,6603,6711,6711,forward,4956160,4096,9761,9768,True
ep0,6604,6711,6711,forward,4730880,4096,9321,9328,True
ep0,6605,6713,6713,forward,4534272,4096,8937,8944,True
ep0,6606,6713,6713,forward,4677632,4096,9217,9224,True
ep0,6607,6713,6713,forward,4734976,4096,9329,9336,True
ep0,6608,6715,6715,forward,4960256,4096,9769,9776,True
ep0,6609,6715,6715,forward,4734976,4096,9329,9336,True
ep0,6610,6716,6716,forward,4538368,4096,8945,8952,True
ep0,6611,6717,6717,forward,4681728,4096,9225,9232,True
ep0,6612,6717,6717,forward,4739072,4096,9337,9344,True
ep0,6613,6719,6719,forward,4964352,4096,9777,9784,True
ep0,6614,6719,6719,forward,4739072,4096,9337,9344,True
ep0,6615,6720,6720,forward,4542464,4096,8953,8960,True
ep0,6616,6720,6720,forward,4743168,4096,9345,9352,True
ep0,6617,6721,6721,forward,4685824,4096,9233,9240,True
ep0,6618,6723,6723,forward,4968448,4096,9785,9792,True
ep0,6619,6723,6723,forward,4743168,4096,9345,9352,True
ep0,6620,6724,6724,forward,4546560,4096,8961,8968,True
ep0,6621,6724,6724,forward,4747264,4096,9353,9360,True
ep0,6622,6725,6725,forward,4689920,4096,9241,9248,True
ep0,6623,6726,6726,forward,4972544,4096,9793,9800,True
ep0,6624,6727,6727,forward,4747264,4096,9353,9360,True
ep0,6625,6728,6728,forward,4550656,4096,8969,8976,True
ep0,6626,6728,6728,forward,4751360,4096,9361,9368,True
ep0,6627,6729,6729,forward,4694016,4096,9249,9256,True
ep0,6628,6730,6730,forward,4976640,4096,9801,9808,True
ep0,6629,6731,6731,forward,4751360,4096,9361,9368,True
ep0,6630,6732,6732,forward,4554752,4096,8977,8984,True
ep0,6631,6732,6732,forward,4698112,4096,9257,9264,True
ep0,6632,6732,6732,forward,4755456,4096,9369,9376,True
ep0,6633,6734,6734,forward,4980736,4096,9809,9816,True
ep0,6634,6735,6735,forward,4755456,4096,9369,9376,True
ep0,6635,6736,6736,forward,4558848,4096,8985,8992,True
ep0,6636,6736,6736,forward,4702208,4096,9265,9272,True
ep0,6637,6736,6736,forward,4759552,4096,9377,9384,True
ep0,6638,6738,6738,forward,4984832,4096,9817,9824,True
ep0,6639,6739,6739,forward,4759552,8192,9377,9392,True
ep0,6640,6740,6740,forward,4562944,4096,8993,9000,True
ep0,6641,6740,6740,forward,4706304,4096,9273,9280,True
ep0,6642,6742,6742,forward,4988928,4096,9825,9832,True
ep0,6643,6743,6743,forward,4567040,4096,9001,9008,True
ep0,6644,6743,6743,forward,4763648,8192,9385,9400,True
ep0,6645,6744,6744,forward,4710400,4096,9281,9288,True
ep0,6646,6746,6746,forward,4993024,4096,9833,9840,True
ep0,6647,6747,6747,forward,4571136,4096,9009,9016,True
ep0,6648,6747,6747,forward,4767744,8192,9393,9408,True
ep0,6649,6748,6748,forward,4714496,4096,9289,9296,True
ep0,6650,6750,6750,forward,4997120,4096,9841,9848,True
ep0,6651,6751,6751,forward,4575232,4096,9017,9024,True
ep0,6652,6751,6751,forward,4771840,8192,9401,9416,True
ep0,6653,6752,6752,forward,4718592,4096,9297,9304,True
ep0,6654,6754,6754,forward,5001216,4096,9849,9856,True
ep0,6655,6755,6755,forward,4579328,4096,9025,9032,True
ep0,6656,6755,6755,forward,4775936,8192,9409,9424,True
ep0,6657,6756,6756,forward,4722688,4096,9305,9312,True
ep0,6658,6758,6758,forward,5005312,4096,9857,9864,True
ep0,6659,6759,6759,forward,4583424,4096,9033,9040,True
ep0,6660,6759,6759,forward,4780032,8192,9417,9432,True
ep0,6661,6760,6760,forward,4726784,4096,9313,9320,True
ep0,6662,6762,6762,forward,5009408,4096,9865,9872,True
ep0,6663,6762,6762,forward,4788224,4096,9433,9440,True
ep0,6664,6763,6763,forward,4587520,4096,9041,9048,True
ep0,6665,6763,6763,forward,4784128,4096,9425,9432,True
ep0,6666,6764,6764,forward,4730880,4096,9321,9328,True
ep0,6667,6766,6766,forward,5013504,4096,9873,9880,True
ep0,6668,6766,6766,forward,4792320,4096,9441,9448,True
ep0,6669,6767,6767,forward,4591616,4096,9049,9056,True
ep0,6670,6767,6767,forward,4734976,4096,9329,9336,True
ep0,6671,6767,6767,forward,4788224,4096,9433,9440,True
ep0,6672,6770,6770,forward,5017600,4096,9881,9888,True
ep0,6673,6770,6770,forward,4796416,4096,9449,9456,True
ep0,6674,6771,6771,forward,4595712,4096,9057,9064,True
ep0,6675,6771,6771,forward,4739072,4096,9337,9344,True
ep0,6676,6771,6771,forward,4792320,4096,9441,9448,True
ep0,6677,6774,6774,forward,5021696,4096,9889,9896,True
ep0,6678,6774,6774,forward,4599808,4096,9065,9072,True
ep0,6679,6774,6774,forward,4796416,8192,9449,9464,True
ep0,6680,6775,6775,forward,4743168,4096,9345,9352,True
ep0,6681,6777,6777,forward,5025792,4096,9897,9904,True
ep0,6682,6778,6778,forward,4603904,4096,9073,9080,True
ep0,6683,6778,6778,forward,4800512,8192,9457,9472,True
ep0,6684,6779,6779,forward,4747264,4096,9353,9360,True
ep0,6685,6782,6782,forward,5029888,4096,9905,9912,True
ep0,6686,6782,6782,forward,4608000,4096,9081,9088,True
ep0,6687,6782,6782,forward,4804608,8192,9465,9480,True
ep0,6688,6783,6783,forward,4751360,4096,9361,9368,True
ep0,6689,6785,6785,forward,5033984,4096,9913,9920,True
ep0,6690,6785,6785,forward,4812800,4096,9481,9488,True
ep0,6691,6786,6786,forward,4612096,4096,9089,9096,True
ep0,6692,6786,6786,forward,4808704,4096,9473,9480,True
ep0,6693,6787,6787,forward,4755456,4096,9369,9376,True
ep0,6694,6789,6789,forward,5038080,4096,9921,9928,True
ep0,6695,6789,6789,forward,4816896,4096,9489,9496,True
ep0,6696,6790,6790,forward,4616192,4096,9097,9104,True
ep0,6697,6790,6790,forward,4812800,4096,9481,9488,True
ep0,6698,6791,6791,forward,4759552,4096,9377,9384,True
ep0,6699,6793,6793,forward,5042176,4096,9929,9936,True
ep0,6700,6793,6793,forward,4820992,4096,9497,9504,True
ep0,6701,6794,6794,forward,4620288,4096,9105,9112,True
ep0,6702,6794,6794,forward,4816896,4096,9489,9496,True
ep0,6703,6795,6795,forward,4763648,4096,9385,9392,True
ep0,6704,6797,6797,forward,5046272,4096,9937,9944,True
ep0,6705,6797,6797,forward,4820992,8192,9497,9512,True
ep0,6706,6798,6798,forward,4624384,4096,9113,9120,True
ep0,6707,6798,6798,forward,4767744,4096,9393,9400,True
ep0,6708,6800,6800,forward,5050368,4096,9945,9952,True
ep0,6709,6801,6801,forward,4628480,4096,9121,9128,True
ep0,6710,6801,6801,forward,4825088,8192,9505,9520,True
ep0,6711,6802,6802,forward,4771840,4096,9401,9408,True
ep0,6712,6804,6804,forward,5054464,4096,9953,9960,True
ep0,6713,6804,6804,forward,4833280,4096,9521,9528,True
ep0,6714,6805,6805,forward,4632576,4096,9129,9136,True
ep0,6715,6805,6805,forward,4829184,4096,9513,9520,True
ep0,6716,6806,6806,forward,4775936,4096,9409,9416,True
ep0,6717,6808,6808,forward,5058560,4096,9961,9968,True
ep0,6718,6808,6808,forward,4837376,4096,9529,9536,True
ep0,6719,6809,6809,forward,4636672,4096,9137,9144,True
ep0,6720,6809,6809,forward,4833280,4096,9521,9528,True
ep0,6721,6810,6810,forward,4780032,4096,9417,9424,True
ep0,6722,6812,6812,forward,5062656,4096,9969,9976,True
ep0,6723,6812,6812,forward,4837376,8192,9529,9544,True
ep0,6724,6813,6813,forward,4640768,4096,9145,9152,True
ep0,6725,6814,6814,forward,4784128,4096,9425,9432,True
ep0,6726,6816,6816,forward,5066752,4096,9977,9984,True
ep0,6727,6816,6816,forward,4841472,8192,9537,9552,True
ep0,6728,6817,6817,forward,4644864,4096,9153,9160,True
ep0,6729,6818,6818,forward,4788224,4096,9433,9440,True
ep0,6730,6820,6820,forward,5070848,4096,9985,9992,True
ep0,6731,6820,6820,forward,4845568,8192,9545,9560,True
ep0,6732,6821,6821,forward,4648960,4096,9161,9168,True
ep0,6733,6822,6822,forward,4792320,4096,9441,9448,True
ep0,6734,6824,6824,forward,5074944,4096,9993,10000,True
ep0,6735,6824,6824,forward,4849664,8192,9553,9568,True
ep0,6736,6825,6825,forward,4653056,4096,9169,9176,True
ep0,6737,6826,6826,forward,4796416,4096,9449,9456,True
ep0,6738,6827,6827,forward,5079040,4096,10001,10008,True
ep0,6739,6828,6828,forward,4853760,8192,9561,9576,True
ep0,6740,6829,6829,forward,4657152,4096,9177,9184,True
ep0,6741,6830,6830,forward,4800512,4096,9457,9464,True
ep0,6742,6831,6831,forward,5083136,4096,10009,10016,True
ep0,6743,6831,6831,forward,4857856,4096,9569,9576,True
ep0,6744,6832,6832,forward,4661248,4096,9185,9192,True
ep0,6745,6832,6832,forward,4861952,4096,9577,9584,True
ep0,6746,6834,6834,forward,4804608,4096,9465,9472,True
ep0,6747,6835,6835,forward,5087232,4096,10017,10024,True
ep0,6748,6835,6835,forward,4861952,4096,9577,9584,True
ep0,6749,6836,6836,forward,4665344,4096,9193,9200,True
ep0,6750,6836,6836,forward,4866048,4096,9585,9592,True
ep0,6751,6838,6838,forward,4808704,4096,9473,9480,True
ep0,6752,6839,6839,forward,5091328,4096,10025,10032,True
ep0,6753,6839,6839,forward,4866048,4096,9585,9592,True
ep0,6754,6840,6840,forward,4669440,4096,9201,9208,True
ep0,6755,6840,6840,forward,4870144,4096,9593,9600,True
ep0,6756,6842,6842,forward,4812800,4096,9481,9488,True
ep0,6757,6843,6843,forward,5095424,4096,10033,10040,True
ep0,6758,6843,6843,forward,4870144,4096,9593,9600,True
ep0,6759,6844,6844,forward,4673536,4096,9209,9216,True
ep0,6760,6844,6844,forward,4874240,4096,9601,9608,True
ep0,6761,6845,6845,forward,4816896,4096,9489,9496,True
ep0,6762,6847,6847,forward,5099520,4096,10041,10048,True
ep0,6763,6847,6847,forward,4874240,8192,9601,9616,True
ep0,6764,6848,6848,forward,4677632,4096,9217,9224,True
ep0,6765,6849,6849,forward,4820992,4096,9497,9504,True
ep0,6766,6851,6851,forward,3694592,4096,7297,7304,True
ep0,6767,6851,6851,forward,4878336,8192,9609,9624,True
ep0,6768,6852,6852,forward,4681728,4096,9225,9232,True
ep0,6769,6853,6853,forward,4825088,4096,9505,9512,True
ep0,6770,6855,6855,forward,3698688,4096,7305,7312,True
ep0,6771,6855,6855,forward,4882432,8192,9617,9632,True
ep0,6772,6856,6856,forward,4685824,4096,9233,9240,True
ep0,6773,6857,6857,forward,4829184,4096,9513,9520,True
ep0,6774,6859,6859,forward,3702784,4096,7313,7320,True
ep0,6775,6859,6859,forward,4886528,8192,9625,9640,True
ep0,6776,6860,6860,forward,4689920,4096,9241,9248,True
ep0,6777,6861,6861,forward,4833280,4096,9521,9528,True
ep0,6778,6863,6863,forward,3706880,4096,7321,7328,True
ep0,6779,6863,6863,forward,4890624,8192,9633,9648,True
ep0,6780,6864,6864,forward,4694016,4096,9249,9256,True
ep0,6781,6865,6865,forward,4837376,4096,9529,9536,True
ep0,6782,6867,6867,forward,3710976,4096,7329,7336,True
ep0,6783,6867,6867,forward,4698112,4096,9257,9264,True
ep0,6784,6867,6867,forward,4894720,8192,9641,9656,True
ep0,6785,6869,6869,forward,4841472,4096,9537,9544,True
ep0,6786,6870,6870,forward,4898816,4096,9649,9656,True
ep0,6787,6871,6871,forward,3715072,4096,7337,7344,True
ep0,6788,6871,6871,forward,4902912,4096,9657,9664,True
ep0,6789,6872,6872,forward,4702208,4096,9265,9272,True
ep0,6790,6873,6873,forward,4845568,4096,9545,9552,True
ep0,6791,6875,6875,forward,3719168,4096,7345,7352,True
ep0,6792,6875,6875,forward,4902912,8192,9657,9672,True
ep0,6793,6876,6876,forward,4706304,4096,9273,9280,True
ep0,6794,6877,6877,forward,4849664,4096,9553,9560,True
ep0,6795,6879,6879,forward,3723264,4096,7353,7360,True
ep0,6796,6879,6879,forward,4907008,8192,9665,9680,True
ep0,6797,6880,6880,forward,4710400,4096,9281,9288,True
ep0,6798,6881,6881,forward,4853760,4096,9561,9568,True
ep0,6799,6882,6882,forward,4915200,4096,9681,9688,True
ep0,6800,6883,6883,forward,3727360,4096,7361,7368,True
ep0,6801,6883,6883,forward,4714496,4096,9289,9296,True
ep0,6802,6883,6883,forward,4911104,4096,9673,9680,True
ep0,6803,6884,6884,forward,4857856,4096,9569,9576,True
ep0,6804,6886,6886,forward,4915200,8192,9681,9696,True
ep0,6805,6887,6887,forward,3731456,4096,7369,7376,True
ep0,6806,6887,6887,forward,4718592,4096,9297,9304,True
ep0,6807,6888,6888,forward,4861952,4096,9577,9584,True
ep0,6808,6890,6890,forward,4919296,8192,9689,9704,True
ep0,6809,6891,6891,forward,3735552,4096,7377,7384,True
ep0,6810,6891,6891,forward,4722688,4096,9305,9312,True
ep0,6811,6892,6892,forward,4866048,4096,9585,9592,True
ep0,6812,6894,6894,forward,3739648,4096,7385,7392,True
ep0,6813,6894,6894,forward,4923392,8192,9697,9712,True
ep0,6814,6895,6895,forward,4726784,4096,9313,9320,True
ep0,6815,6896,6896,forward,4870144,4096,9593,9600,True
ep0,6816,6898,6898,forward,3743744,4096,7393,7400,True
ep0,6817,6898,6898,forward,4927488,8192,9705,9720,True
ep0,6818,6899,6899,forward,4730880,4096,9321,9328,True
ep0,6819,6900,6900,forward,4874240,4096,9601,9608,True
ep0,6820,6902,6902,forward,3747840,4096,7401,7408,True
ep0,6821,6902,6902,forward,4931584,8192,9713,9728,True
ep0,6822,6903,6903,forward,4734976,4096,9329,9336,True
ep0,6823,6904,6904,forward,4878336,4096,9609,9616,True
ep0,6824,6906,6906,forward,3751936,4096,7409,7416,True
ep0,6825,6906,6906,forward,4935680,8192,9721,9736,True
ep0,6826,6907,6907,forward,4739072,4096,9337,9344,True
ep0,6827,6908,6908,forward,4882432,4096,9617,9624,True
ep0,6828,6909,6909,forward,4939776,4096,9729,9736,True
ep0,6829,6910,6910,forward,3756032,4096,7417,7424,True
ep0,6830,6910,6910,forward,4943872,4096,9737,9744,True
ep0,6831,6911,6911,forward,4743168,4096,9345,9352,True
ep0,6832,6912,6912,forward,4886528,4096,9625,9632,True
ep0,6833,6913,6913,forward,4943872,4096,9737,9744,True
ep0,6834,6914,6914,forward,3760128,4096,7425,7432,True
ep0,6835,6914,6914,forward,4947968,4096,9745,9752,True
ep0,6836,6915,6915,forward,4747264,4096,9353,9360,True
ep0,6837,6915,6915,forward,4890624,4096,9633,9640,True
ep0,6838,6917,6917,forward,4947968,4096,9745,9752,True
ep0,6839,6918,6918,forward,3764224,4096,7433,7440,True
ep0,6840,6918,6918,forward,4952064,4096,9753,9760,True
ep0,6841,6919,6919,forward,4751360,4096,9361,9368,True
ep0,6842,6919,6919,forward,4894720,4096,9641,9648,True
ep0,6843,6921,6921,forward,4952064,4096,9753,9760,True
ep0,6844,6922,6922,forward,3768320,4096,7441,7448,True
ep0,6845,6922,6922,forward,4956160,4096,9761,9768,True
ep0,6846,6923,6923,forward,4755456,4096,9369,9376,True
ep0,6847,6923,6923,forward,4898816,4096,9649,9656,True
ep0,6848,6925,6925,forward,4956160,4096,9761,9768,True
ep0,6849,6926,6926,forward,3772416,4096,7449,7456,True
ep0,6850,6926,6926,forward,4960256,4096,9769,9776,True
ep0,6851,6927,6927,forward,4759552,4096,9377,9384,True
ep0,6852,6927,6927,forward,4902912,4096,9657,9664,True
ep0,6853,6929,6929,forward,4960256,4096,9769,9776,True
ep0,6854,6930,6930,forward,3776512,4096,7457,7464,True
ep0,6855,6930,6930,forward,4763648,4096,9385,9392,True
ep0,6856,6930,6930,forward,4964352,4096,9777,9784,True
ep0,6857,6931,6931,forward,4907008,4096,9665,9672,True
ep0,6858,6933,6933,forward,4964352,4096,9777,9784,True
ep0,6859,6934,6934,forward,3780608,4096,7465,7472,True
ep0,6860,6934,6934,forward,4767744,4096,9393,9400,True
ep0,6861,6934,6934,forward,4968448,4096,9785,9792,True
ep0,6862,6935,6935,forward,4911104,4096,9673,9680,True
ep0,6863,6937,6937,forward,4968448,4096,9785,9792,True
ep0,6864,6938,6938,forward,3784704,4096,7473,7480,True
ep0,6865,6938,6938,forward,4771840,4096,9401,9408,True
ep0,6866,6938,6938,forward,4972544,4096,9793,9800,True
ep0,6867,6939,6939,forward,4915200,4096,9681,9688,True
ep0,6868,6940,6940,forward,4972544,4096,9793,9800,True
ep0,6869,6942,6942,forward,3788800,4096,7481,7488,True
ep0,6870,6942,6942,forward,4775936,4096,9409,9416,True
ep0,6871,6942,6942,forward,4976640,4096,9801,9808,True
ep0,6872,6943,6943,forward,4919296,4096,9689,9696,True
ep0,6873,6944,6944,forward,4976640,4096,9801,9808,True
ep0,6874,6946,6946,forward,3792896,4096,7489,7496,True
ep0,6875,6946,6946,forward,4780032,4096,9417,9424,True
ep0,6876,6946,6946,forward,4980736,4096,9809,9816,True
ep0,6877,6947,6947,forward,4923392,4096,9697,9704,True
ep0,6878,6948,6949,forward,4980736,8192,9809,9824,True
ep0,6879,6950,6950,forward,3796992,4096,7497,7504,True
ep0,6880,6950,6950,forward,4784128,4096,9425,9432,True
ep0,6881,6951,6951,forward,4927488,4096,9705,9712,True
ep0,6882,6952,6953,forward,4984832,8192,9817,9832,True
ep0,6883,6954,6954,forward,3801088,4096,7505,7512,True
ep0,6884,6954,6954,forward,4788224,4096,9433,9440,True
ep0,6885,6954,6954,forward,4931584,4096,9713,9720,True
ep0,6886,6956,6957,forward,4988928,8192,9825,9840,True
ep0,6887,6958,6958,forward,3805184,4096,7513,7520,True
ep0,6888,6958,6958,forward,4792320,4096,9441,9448,True
ep0,6889,6958,6958,forward,4935680,4096,9721,9728,True
ep0,6890,6960,6960,forward,4993024,4096,9833,9840,True
ep0,6891,6961,6961,forward,3809280,4096,7521,7528,True
ep0,6892,6961,6961,forward,4997120,4096,9841,9848,True
ep0,6893,6962,6962,forward,4796416,4096,9449,9456,True
ep0,6894,6962,6962,forward,4939776,4096,9729,9736,True
ep0,6895,6964,6964,forward,4997120,4096,9841,9848,True
ep0,6896,6965,6965,forward,3813376,4096,7529,7536,True
ep0,6897,6965,6965,forward,5001216,4096,9849,9856,True
ep0,6898,6966,6966,forward,4800512,4096,9457,9464,True
ep0,6899,6966,6966,forward,4943872,4096,9737,9744,True
ep0,6900,6968,6968,forward,5001216,4096,9849,9856,True
ep0,6901,6969,6969,forward,3817472,4096,7537,7544,True
ep0,6902,6969,6969,forward,4804608,4096,9465,9472,True
ep0,6903,6969,6969,forward,5005312,4096,9857,9864,True
ep0,6904,6970,6970,forward,4947968,4096,9745,9752,True
ep0,6905,6972,6972,forward,5005312,4096,9857,9864,True
ep0,6906,6973,6973,forward,3821568,4096,7545,7552,True
ep0,6907,6973,6973,forward,4808704,4096,9473,9480,True
ep0,6908,6973,6973,forward,5009408,4096,9865,9872,True
ep0,6909,6974,6974,forward,4952064,4096,9753,9760,True
ep0,6910,6976,6976,forward,5009408,8192,9865,9880,True
ep0,6911,6977,6977,forward,3825664,4096,7553,7560,True
ep0,6912,6977,6977,forward,4812800,4096,9481,9488,True
ep0,6913,6977,6977,forward,4956160,4096,9761,9768,True
ep0,6914,6980,6980,forward,5013504,8192,9873,9888,True
ep0,6915,6981,6981,forward,3829760,4096,7561,7568,True
ep0,6916,6981,6981,forward,4816896,4096,9489,9496,True
ep0,6917,6981,6981,forward,4960256,4096,9769,9776,True
ep0,6918,6983,6983,forward,5017600,4096,9881,9888,True
ep0,6919,6984,6984,forward,4820992,4096,9497,9504,True
ep0,6920,6984,6984,forward,5021696,4096,9889,9896,True
ep0,6921,6985,6985,forward,3833856,4096,7569,7576,True
ep0,6922,6985,6985,forward,4964352,4096,9777,9784,True
ep0,6923,6987,6988,forward,5021696,8192,9889,9904,True
ep0,6924,6989,6989,forward,3837952,4096,7577,7584,True
ep0,6925,6989,6989,forward,4825088,4096,9505,9512,True
ep0,6926,6989,6989,forward,4968448,4096,9785,9792,True
ep0,6927,6991,6991,forward,5025792,4096,9897,9904,True
ep0,6928,6992,6992,forward,4829184,4096,9513,9520,True
ep0,6929,6992,6992,forward,5029888,4096,9905,9912,True
ep0,6930,6993,6993,forward,3842048,4096,7585,7592,True
ep0,6931,6993,6993,forward,4972544,4096,9793,9800,True
ep0,6932,6995,6995,forward,5029888,4096,9905,9912,True
ep0,6933,6996,6996,forward,4833280,4096,9521,9528,True
ep0,6934,6996,6996,forward,5033984,4096,9913,9920,True
ep0,6935,6997,6997,forward,3846144,4096,7593,7600,True
ep0,6936,6997,6997,forward,4976640,4096,9801,9808,True
ep0,6937,6999,6999,forward,5033984,4096,9913,9920,True
ep0,6938,7000,7000,forward,4837376,4096,9529,9536,True
ep0,6939,7000,7000,forward,5038080,4096,9921,9928,True
ep0,6940,7001,7001,forward,3850240,4096,7601,7608,True
ep0,6941,7001,7001,forward,4980736,4096,9809,9816,True
ep0,6942,7003,7003,forward,5038080,8192,9921,9936,True
ep0,6943,7004,7004,forward,3854336,4096,7609,7616,True
ep0,6944,7004,7004,forward,4841472,4096,9537,9544,True
ep0,6945,7005,7005,forward,4984832,4096,9817,9824,True
ep0,6946,7007,7007,forward,5042176,8192,9929,9944,True
ep0,6947,7008,7008,forward,3858432,4096,7617,7624,True
ep0,6948,7008,7008,forward,4845568,4096,9545,9552,True
ep0,6949,7008,7008,forward,4988928,4096,9825,9832,True
ep0,6950,7010,7011,forward,5046272,8192,9937,9952,True
ep0,6951,7012,7012,forward,3862528,4096,7625,7632,True
ep0,6952,7012,7012,forward,4849664,4096,9553,9560,True
ep0,6953,7012,7012,forward,4993024,4096,9833,9840,True
ep0,6954,7014,7015,forward,5050368,8192,9945,9960,True
ep0,6955,7016,7016,forward,3866624,4096,7633,7640,True
ep0,6956,7016,7016,forward,4853760,4096,9561,9568,True
ep0,6957,7016,7016,forward,4997120,4096,9841,9848,True
ep0,6958,7018,7019,forward,5054464,8192,9953,9968,True
ep0,6959,7020,7020,forward,3870720,4096,7641,7648,True
ep0,6960,7020,7020,forward,4857856,4096,9569,9576,True
ep0,6961,7020,7020,forward,5001216,4096,9849,9856,True
ep0,6962,7022,7022,forward,5058560,8192,9961,9976,True
ep0,6963,7024,7024,forward,3874816,4096,7649,7656,True
ep0,6964,7024,7024,forward,4861952,4096,9577,9584,True
ep0,6965,7024,7024,forward,5005312,4096,9857,9864,True
ep0,6966,7026,7026,forward,5062656,8192,9969,9984,True
ep0,6967,7027,7027,forward,3878912,4096,7657,7664,True
ep0,6968,7028,7028,forward,4866048,4096,9585,9592,True
ep0,6969,7028,7028,forward,5009408,4096,9865,9872,True
ep0,6970,7030,7030,forward,5066752,8192,9977,9992,True
ep0,6971,7031,7031,forward,3883008,4096,7665,7672,True
ep0,6972,7032,7032,forward,4870144,4096,9593,9600,True
ep0,6973,7032,7032,forward,5013504,4096,9873,9880,True
ep0,6974,7034,7034,forward,5070848,8192,9985,10000,True
ep0,6975,7035,7035,forward,3887104,4096,7673,7680,True
ep0,6976,7035,7035,forward,4874240,4096,9601,9608,True
ep0,6977,7036,7036,forward,5017600,4096,9881,9888,True
ep0,6978,7038,7038,forward,5074944,8192,9993,10008,True
ep0,6979,7039,7039,forward,3891200,4096,7681,7688,True
ep0,6980,7039,7039,forward,4878336,4096,9609,9616,True
ep0,6981,7040,7040,forward,5021696,4096,9889,9896,True
ep0,6982,7042,7042,forward,5079040,8192,10001,10016,True
ep0,6983,7043,7043,forward,3895296,4096,7689,7696,True
ep0,6984,7043,7043,forward,4882432,4096,9617,9624,True
ep0,6985,7044,7044,forward,5025792,4096,9897,9904,True
ep0,6986,7046,7046,forward,5083136,8192,10009,10024,True
ep0,6987,7047,7047,forward,3899392,4096,7697,7704,True
ep0,6988,7047,7047,forward,4886528,4096,9625,9632,True
ep0,6989,7048,7048,forward,5029888,4096,9905,9912,True
ep0,6990,7049,7050,forward,5087232,8192,10017,10032,True
ep0,6991,7051,7051,forward,3903488,4096,7705,7712,True
ep0,6992,7051,7051,forward,4890624,4096,9633,9640,True
ep0,6993,7052,7052,forward,5033984,4096,9913,9920,True
ep0,6994,7053,7054,forward,5091328,8192,10025,10040,True
ep0,6995,7055,7055,forward,3907584,4096,7713,7720,True
ep0,6996,7055,7055,forward,4894720,4096,9641,9648,True
ep0,6997,7055,7055,forward,5038080,4096,9921,9928,True
ep0,6998,7057,7057,forward,5095424,4096,10033,10040,True
ep0,6999,7058,7058,forward,3911680,4096,7721,7728,True
ep0,7000,7058,7058,forward,5099520,4096,10041,10048,True
ep0,7001,7059,7059,forward,4898816,4096,9649,9656,True
ep0,7002,7059,7059,forward,5042176,4096,9929,9936,True
ep0,7003,7060,7061,forward,5099520,8192,10041,10056,True
ep0,7004,7062,7062,forward,3915776,4096,7729,7736,True
ep0,7005,7063,7063,forward,4902912,4096,9657,9664,True
ep0,7006,7063,7063,forward,5046272,4096,9937,9944,True
ep0,7007,7064,7065,forward,5103616,8192,10049,10064,True
ep0,7008,7066,7066,forward,3919872,4096,7737,7744,True
ep0,7009,7067,7067,forward,4907008,4096,9665,9672,True
ep0,7010,7067,7067,forward,5050368,4096,9945,9952,True
ep0,7011,7068,7069,forward,5107712,8192,10057,10072,True
ep0,7012,7070,7070,forward,3923968,4096,7745,7752,True
ep0,7013,7070,7070,forward,5054464,4096,9953,9960,True
ep0,7014,7071,7071,forward,4911104,4096,9673,9680,True
ep0,7015,7072,7073,forward,5111808,8192,10065,10080,True
ep0,7016,7074,7074,forward,3928064,4096,7753,7760,True
ep0,7017,7074,7074,forward,5058560,4096,9961,9968,True
ep0,7018,7075,7075,forward,4915200,4096,9681,9688,True
ep0,7019,7076,7077,forward,5115904,8192,10073,10088,True
ep0,7020,7078,7078,forward,3932160,4096,7761,7768,True
ep0,7021,7078,7078,forward,5062656,4096,9969,9976,True
ep0,7022,7079,7079,forward,4919296,4096,9689,9696,True
ep0,7023,7080,7081,forward,5120000,8192,10081,10096,True
ep0,7024,7082,7082,forward,3936256,4096,7769,7776,True
ep0,7025,7082,7082,forward,4923392,4096,9697,9704,True
ep0,7026,7082,7082,forward,5066752,4096,9977,9984,True
ep0,7027,7084,7084,forward,5124096,4096,10089,10096,True
ep0,7028,7085,7085,forward,5070848,4096,9985,9992,True
ep0,7029,7085,7085,forward,5128192,4096,10097,10104,True
ep0,7030,7086,7086,forward,3940352,4096,7777,7784,True
ep0,7031,7086,7086,forward,4927488,4096,9705,9712,True
ep0,7032,7087,7087,forward,5128192,4096,10097,10104,True
ep0,7033,7089,7089,forward,5074944,4096,9993,10000,True
ep0,7034,7089,7089,forward,5132288,4096,10105,10112,True
ep0,7035,7090,7090,forward,3944448,4096,7785,7792,True
ep0,7036,7090,7090,forward,4931584,4096,9713,9720,True
ep0,7037,7091,7092,forward,5132288,8192,10105,10120,True
ep0,7038,7093,7093,forward,5079040,4096,10001,10008,True
ep0,7039,7094,7094,forward,3948544,4096,7793,7800,True
ep0,7040,7094,7094,forward,4935680,4096,9721,9728,True
ep0,7041,7095,7096,forward,5136384,8192,10113,10128,True
ep0,7042,7097,7097,forward,5083136,4096,10009,10016,True
ep0,7043,7098,7098,forward,3952640,4096,7801,7808,True
ep0,7044,7098,7098,forward,4939776,4096,9729,9736,True
ep0,7045,7099,7099,forward,5140480,4096,10121,10128,True
ep0,7046,7101,7101,forward,5087232,4096,10017,10024,True
ep0,7047,7101,7101,forward,5144576,4096,10129,10136,True
ep0,7048,7102,7102,forward,3956736,4096,7809,7816,True
ep0,7049,7102,7102,forward,4943872,4096,9737,9744,True
ep0,7050,7103,7103,forward,5144576,4096,10129,10136,True
ep0,7051,7105,7105,forward,5091328,4096,10025,10032,True
ep0,7052,7105,7105,forward,5148672,4096,10137,10144,True
ep0,7053,7106,7106,forward,3960832,4096,7817,7824,True
ep0,7054,7106,7106,forward,4947968,4096,9745,9752,True
ep0,7055,7107,7107,forward,5148672,4096,10137,10144,True
ep0,7056,7108,7108,forward,5095424,4096,10033,10040,True
ep0,7057,7108,7108,forward,5152768,4096,10145,10152,True
ep0,7058,7110,7110,forward,3964928,4096,7825,7832,True
ep0,7059,7110,7110,forward,4952064,4096,9753,9760,True
ep0,7060,7110,7110,forward,5152768,4096,10145,10152,True
ep0,7061,7112,7112,forward,5099520,4096,10041,10048,True
ep0,7062,7112,7112,forward,5156864,4096,10153,10160,True
ep0,7063,7114,7114,forward,3969024,4096,7833,7840,True
ep0,7064,7114,7114,forward,4956160,4096,9761,9768,True
ep0,7065,7114,7114,forward,5156864,4096,10153,10160,True
ep0,7066,7116,7116,forward,5103616,4096,10049,10056,True
ep0,7067,7116,7116,forward,5160960,4096,10161,10168,True
ep0,7068,7118,7118,forward,3973120,4096,7841,7848,True
ep0,7069,7118,7118,forward,4960256,4096,9769,9776,True
ep0,7070,7118,7118,forward,5160960,4096,10161,10168,True
ep0,7071,7120,7120,forward,5107712,4096,10057,10064,True
ep0,7072,7120,7120,forward,5165056,4096,10169,10176,True
ep0,7073,7122,7122,forward,3977216,4096,7849,7856,True
ep0,7074,7122,7122,forward,4964352,4096,9777,9784,True
ep0,7075,7122,7122,forward,5165056,4096,10169,10176,True
ep0,7076,7124,7124,forward,5111808,4096,10065,10072,True
ep0,7077,7124,7124,forward,5169152,4096,10177,10184,True
ep0,7078,7126,7126,forward,3981312,4096,7857,7864,True
ep0,7079,7126,7126,forward,4968448,4096,9785,9792,True
ep0,7080,7126,7126,forward,5169152,4096,10177,10184,True
ep0,7081,7128,7128,forward,5115904,4096,10073,10080,True
ep0,7082,7128,7128,forward,5173248,4096,10185,10192,True
ep0,7083,7130,7130,forward,3985408,4096,7865,7872,True
ep0,7084,7130,7130,forward,4972544,4096,9793,9800,True
ep0,7085,7130,7130,forward,5173248,4096,10185,10192,True
ep0,7086,7132,7132,forward,5120000,4096,10081,10088,True
ep0,7087,7132,7132,forward,5177344,4096,10193,10200,True
ep0,7088,7133,7133,forward,4976640,4096,9801,9808,True
ep0,7089,7134,7134,forward,3989504,4096,7873,7880,True
ep0,7090,7134,7134,forward,5177344,4096,10193,10200,True
ep0,7091,7136,7136,forward,5124096,4096,10089,10096,True
ep0,7092,7136,7136,forward,5181440,4096,10201,10208,True
ep0,7093,7137,7137,forward,4980736,4096,9809,9816,True
ep0,7094,7138,7138,forward,3993600,4096,7881,7888,True
ep0,7095,7138,7138,forward,5181440,4096,10201,10208,True
ep0,7096,7140,7140,forward,5128192,4096,10097,10104,True
ep0,7097,7140,7140,forward,5185536,4096,10209,10216,True
ep0,7098,7141,7141,forward,4984832,4096,9817,9824,True
ep0,7099,7142,7142,forward,5103616,4096,10049,10056,True
ep0,7100,7142,7143,forward,5185536,8192,10209,10224,True
ep0,7101,7144,7144,forward,5132288,4096,10105,10112,True
ep0,7102,7145,7145,forward,4988928,4096,9825,9832,True
ep0,7103,7146,7146,forward,5107712,4096,10057,10064,True
ep0,7104,7146,7146,forward,5189632,4096,10217,10224,True
ep0,7105,7147,7147,forward,5136384,4096,10113,10120,True
ep0,7106,7147,7147,forward,5193728,4096,10225,10232,True
ep0,7107,7149,7149,forward,4993024,4096,9833,9840,True
ep0,7108,7149,7149,forward,5193728,4096,10225,10232,True
ep0,7109,7150,7150,forward,5111808,4096,10065,10072,True
ep0,7110,7151,7151,forward,5140480,4096,10121,10128,True
ep0,7111,7151,7151,forward,5197824,4096,10233,10240,True
ep0,7112,7153,7153,forward,4997120,4096,9841,9848,True
ep0,7113,7153,7153,forward,5197824,4096,10233,10240,True
ep0,7114,7154,7154,forward,5115904,4096,10073,10080,True
ep0,7115,7155,7155,forward,5201920,4096,10241,10248,True
ep0,7116,7156,7156,forward,5144576,4096,10129,10136,True
ep0,7117,7157,7157,forward,5001216,4096,9849,9856,True
ep0,7118,7157,7157,forward,5201920,4096,10241,10248,True
ep0,7119,7158,7158,forward,5120000,4096,10081,10088,True
ep0,7120,7159,7159,forward,5206016,4096,10249,10256,True
ep0,7121,7160,7160,forward,5148672,4096,10137,10144,True
ep0,7122,7161,7161,forward,5124096,4096,10089,10096,True
ep0,7123,7161,7161,forward,5005312,4096,9857,9864,True
ep0,7124,7161,7161,forward,5206016,4096,10249,10256,True
ep0,7125,7163,7163,forward,5152768,4096,10145,10152,True
ep0,7126,7163,7163,forward,5210112,4096,10257,10264,True
ep0,7127,7164,7164,forward,5009408,4096,9865,9872,True
ep0,7128,7165,7165,forward,5128192,4096,10097,10104,True
ep0,7129,7165,7165,forward,5210112,4096,10257,10264,True
ep0,7130,7167,7167,forward,5156864,4096,10153,10160,True
ep0,7131,7167,7167,forward,5214208,4096,10265,10272,True
ep0,7132,7168,7168,forward,5013504,4096,9873,9880,True
ep0,7133,7169,7169,forward,5132288,4096,10105,10112,True
ep0,7134,7169,7169,forward,5214208,4096,10265,10272,True
ep0,7135,7171,7171,forward,5160960,4096,10161,10168,True
ep0,7136,7171,7171,forward,5218304,4096,10273,10280,True
ep0,7137,7172,7172,forward,5017600,4096,9881,9888,True
ep0,7138,7172,7172,forward,5218304,4096,10273,10280,True
ep0,7139,7173,7173,forward,5136384,4096,10113,10120,True
ep0,7140,7175,7175,forward,5165056,4096,10169,10176,True
ep0,7141,7175,7175,forward,5222400,4096,10281,10288,True
ep0,7142,7176,7176,forward,5021696,4096,9889,9896,True
ep0,7143,7176,7176,forward,5222400,4096,10281,10288,True
ep0,7144,7177,7177,forward,5140480,4096,10121,10128,True
ep0,7145,7178,7178,forward,5226496,4096,10289,10296,True
ep0,7146,7179,7179,forward,5169152,4096,10177,10184,True
ep0,7147,7180,7180,forward,5025792,4096,9897,9904,True
ep0,7148,7180,7180,forward,5226496,4096,10289,10296,True
ep0,7149,7181,7181,forward,5144576,4096,10129,10136,True
ep0,7150,7182,7182,forward,5230592,4096,10297,10304,True
ep0,7151,7183,7183,forward,5173248,4096,10185,10192,True
ep0,7152,7184,7184,forward,5029888,4096,9905,9912,True
ep0,7153,7184,7184,forward,5230592,4096,10297,10304,True
ep0,7154,7185,7185,forward,5148672,4096,10137,10144,True
ep0,7155,7186,7186,forward,5234688,4096,10305,10312,True
ep0,7156,7187,7187,forward,5033984,4096,9913,9920,True
ep0,7157,7187,7187,forward,5177344,4096,10193,10200,True
ep0,7158,7188,7188,forward,5234688,4096,10305,10312,True
ep0,7159,7189,7189,forward,5152768,4096,10145,10152,True
ep0,7160,7190,7190,forward,5238784,4096,10313,10320,True
ep0,7161,7191,7191,forward,5038080,4096,9921,9928,True
ep0,7162,7191,7191,forward,5181440,4096,10201,10208,True
ep0,7163,7192,7192,forward,5238784,4096,10313,10320,True
ep0,7164,7193,7193,forward,5156864,4096,10153,10160,True
ep0,7165,7194,7194,forward,5242880,4096,10321,10328,True
ep0,7166,7195,7195,forward,5042176,4096,9929,9936,True
ep0,7167,7195,7195,forward,5185536,4096,10209,10216,True
ep0,7168,7196,7196,forward,5242880,4096,10321,10328,True
ep0,7169,7197,7197,forward,5160960,4096,10161,10168,True
ep0,7170,7198,7198,forward,5189632,4096,10217,10224,True
ep0,7171,7198,7198,forward,5246976,4096,10329,10336,True
ep0,7172,7199,7199,forward,5046272,4096,9937,9944,True
ep0,7173,7200,7200,forward,5246976,4096,10329,10336,True
ep0,7174,7201,7201,forward,5165056,4096,10169,10176,True
ep0,7175,7202,7202,forward,5193728,4096,10225,10232,True
ep0,7176,7202,7202,forward,5251072,4096,10337,10344,True
ep0,7177,7203,7203,forward,5050368,4096,9945,9952,True
ep0,7178,7204,7204,forward,5169152,4096,10177,10184,True
ep0,7179,7204,7204,forward,5251072,4096,10337,10344,True
ep0,7180,7206,7206,forward,5197824,4096,10233,10240,True
ep0,7181,7206,7206,forward,5255168,4096,10345,10352,True
ep0,7182,7207,7207,forward,5054464,4096,9953,9960,True
ep0,7183,7208,7208,forward,5173248,4096,10185,10192,True
ep0,7184,7208,7208,forward,5255168,4096,10345,10352,True
ep0,7185,7210,7210,forward,5201920,4096,10241,10248,True
ep0,7186,7210,7210,forward,5259264,4096,10353,10360,True
ep0,7187,7211,7211,forward,5058560,4096,9961,9968,True
ep0,7188,7212,7212,forward,5177344,4096,10193,10200,True
ep0,7189,7212,7212,forward,5259264,4096,10353,10360,True
ep0,7190,7214,7214,forward,5206016,4096,10249,10256,True
ep0,7191,7214,7214,forward,5263360,4096,10361,10368,True
ep0,7192,7215,7215,forward,5062656,4096,9969,9976,True
ep0,7193,7215,7215,forward,5263360,4096,10361,10368,True
ep0,7194,7216,7216,forward,5181440,4096,10201,10208,True
ep0,7195,7218,7218,forward,5210112,4096,10257,10264,True
ep0,7196,7218,7218,forward,5267456,4096,10369,10376,True
ep0,7197,7219,7219,forward,5066752,4096,9977,9984,True
ep0,7198,7219,7219,forward,5267456,4096,10369,10376,True
ep0,7199,7220,7220,forward,5185536,4096,10209,10216,True
ep0,7200,7222,7222,forward,5214208,4096,10265,10272,True
ep0,7201,7222,7222,forward,5271552,4096,10377,10384,True
ep0,7202,7223,7223,forward,5070848,4096,9985,9992,True
ep0,7203,7223,7223,forward,5271552,4096,10377,10384,True
ep0,7204,7224,7224,forward,5189632,4096,10217,10224,True
ep0,7205,7226,7226,forward,5218304,4096,10273,10280,True
ep0,7206,7226,7226,forward,5275648,4096,10385,10392,True
ep0,7207,7227,7227,forward,5193728,4096,10225,10232,True
ep0,7208,7227,7227,forward,5074944,4096,9993,10000,True
ep0,7209,7227,7227,forward,5275648,4096,10385,10392,True
ep0,7210,7230,7230,forward,5222400,4096,10281,10288,True
ep0,7211,7230,7230,forward,5279744,4096,10393,10400,True
ep0,7212,7231,7231,forward,5197824,4096,10233,10240,True
ep0,7213,7231,7231,forward,5079040,4096,10001,10008,True
ep0,7214,7231,7231,forward,5279744,4096,10393,10400,True
ep0,7215,7234,7234,forward,5226496,4096,10289,10296,True
ep0,7216,7234,7234,forward,5283840,4096,10401,10408,True
ep0,7217,7235,7235,forward,5201920,4096,10241,10248,True
ep0,7218,7235,7235,forward,5083136,4096,10009,10016,True
ep0,7219,7235,7235,forward,5283840,4096,10401,10408,True
ep0,7220,7238,7238,forward,5087232,4096,10017,10024,True
ep0,7221,7238,7238,forward,5230592,4096,10297,10304,True
ep0,7222,7238,7238,forward,5287936,4096,10409,10416,True
ep0,7223,7239,7239,forward,5206016,4096,10249,10256,True
ep0,7224,7239,7239,forward,5287936,4096,10409,10416,True
ep0,7225,7241,7241,forward,5234688,4096,10305,10312,True
ep0,7226,7241,7241,forward,5292032,4096,10417,10424,True
ep0,7227,7242,7242,forward,5091328,4096,10025,10032,True
ep0,7228,7243,7243,forward,5210112,4096,10257,10264,True
ep0,7229,7243,7243,forward,5292032,4096,10417,10424,True
ep0,7230,7245,7245,forward,5238784,4096,10313,10320,True
ep0,7231,7245,7245,forward,5296128,4096,10425,10432,True
ep0,7232,7246,7246,forward,5095424,4096,10033,10040,True
ep0,7233,7246,7246,forward,5296128,4096,10425,10432,True
ep0,7234,7247,7247,forward,5214208,4096,10265,10272,True
ep0,7235,7249,7249,forward,5242880,4096,10321,10328,True
ep0,7236,7249,7249,forward,5300224,4096,10433,10440,True
ep0,7237,7250,7250,forward,5099520,4096,10041,10048,True
ep0,7238,7250,7250,forward,5300224,4096,10433,10440,True
ep0,7239,7251,7251,forward,5218304,4096,10273,10280,True
ep0,7240,7253,7253,forward,5103616,4096,10049,10056,True
ep0,7241,7253,7253,forward,5246976,4096,10329,10336,True
ep0,7242,7253,7253,forward,5304320,4096,10441,10448,True
ep0,7243,7254,7254,forward,5304320,4096,10441,10448,True
ep0,7244,7255,7255,forward,5222400,4096,10281,10288,True
ep0,7245,7257,7257,forward,5107712,4096,10057,10064,True
ep0,7246,7257,7257,forward,5251072,4096,10337,10344,True
ep0,7247,7257,7257,forward,5308416,4096,10449,10456,True
ep0,7248,7258,7258,forward,5308416,4096,10449,10456,True
ep0,7249,7259,7259,forward,5226496,4096,10289,10296,True
ep0,7250,7260,7260,forward,5312512,4096,10457,10464,True
ep0,7251,7261,7261,forward,5111808,4096,10065,10072,True
ep0,7252,7261,7261,forward,5255168,4096,10345,10352,True
ep0,7253,7262,7262,forward,5312512,4096,10457,10464,True
ep0,7254,7263,7263,forward,5230592,4096,10297,10304,True
ep0,7255,7264,7264,forward,5259264,4096,10353,10360,True
ep0,7256,7264,7264,forward,5316608,4096,10465,10472,True
ep0,7257,7265,7265,forward,5115904,4096,10073,10080,True
ep0,7258,7266,7266,forward,5316608,4096,10465,10472,True
ep0,7259,7267,7267,forward,5234688,4096,10305,10312,True
ep0,7260,7268,7268,forward,5120000,4096,10081,10088,True
ep0,7261,7268,7268,forward,5263360,4096,10361,10368,True
ep0,7262,7268,7268,forward,5320704,4096,10473,10480,True
ep0,7263,7270,7270,forward,5320704,4096,10473,10480,True
ep0,7264,7271,7271,forward,5238784,4096,10313,10320,True
ep0,7265,7272,7272,forward,5124096,4096,10089,10096,True
ep0,7266,7272,7272,forward,5324800,4096,10481,10488,True
ep0,7267,7273,7273,forward,5267456,4096,10369,10376,True
ep0,7268,7273,7273,forward,5324800,4096,10481,10488,True
ep0,7269,7275,7275,forward,5242880,4096,10321,10328,True
ep0,7270,7275,7275,forward,5328896,4096,10489,10496,True
ep0,7271,7276,7276,forward,5128192,4096,10097,10104,True
ep0,7272,7276,7276,forward,5271552,4096,10377,10384,True
ep0,7273,7277,7277,forward,5328896,4096,10489,10496,True
ep0,7274,7279,7279,forward,5246976,4096,10329,10336,True
ep0,7275,7279,7279,forward,5332992,4096,10497,10504,True
ep0,7276,7280,7280,forward,5132288,4096,10105,10112,True
ep0,7277,7280,7280,forward,5275648,4096,10385,10392,True
ep0,7278,7281,7281,forward,5332992,4096,10497,10504,True
ep0,7279,7283,7283,forward,5251072,4096,10337,10344,True
ep0,7280,7283,7283,forward,5337088,4096,10505,10512,True
ep0,7281,7284,7284,forward,5136384,4096,10113,10120,True
ep0,7282,7285,7285,forward,5279744,4096,10393,10400,True
ep0,7283,7285,7285,forward,5337088,4096,10505,10512,True
ep0,7284,7287,7287,forward,5255168,4096,10345,10352,True
ep0,7285,7287,7287,forward,5341184,4096,10513,10520,True
ep0,7286,7288,7288,forward,5140480,4096,10121,10128,True
ep0,7287,7289,7289,forward,5283840,4096,10401,10408,True
ep0,7288,7289,7290,forward,5341184,8192,10513,10528,True
ep0,7289,7291,7291,forward,5259264,4096,10353,10360,True
ep0,7290,7292,7292,forward,5144576,4096,10129,10136,True
ep0,7291,7292,7292,forward,5287936,4096,10409,10416,True
ep0,7292,7293,7293,forward,5345280,4096,10521,10528,True
ep0,7293,7294,7294,forward,5263360,4096,10361,10368,True
ep0,7294,7294,7294,forward,5349376,4096,10529,10536,True
ep0,7295,7296,7296,forward,5148672,4096,10137,10144,True
ep0,7296,7296,7296,forward,5292032,4096,10417,10424,True
ep0,7297,7296,7296,forward,5349376,4096,10529,10536,True
ep0,7298,7298,7298,forward,5267456,4096,10369,10376,True
ep0,7299,7298,7298,forward,5353472,4096,10537,10544,True
ep0,7300,7300,7300,forward,5152768,4096,10145,10152,True
ep0,7301,7300,7300,forward,5296128,4096,10425,10432,True
ep0,7302,7300,7300,forward,5353472,4096,10537,10544,True
ep0,7303,7302,7302,forward,5271552,4096,10377,10384,True
ep0,7304,7302,7302,forward,5357568,4096,10545,10552,True
ep0,7305,7304,7304,forward,5156864,4096,10153,10160,True
ep0,7306,7304,7304,forward,5300224,4096,10433,10440,True
ep0,7307,7304,7304,forward,5357568,4096,10545,10552,True
ep0,7308,7306,7306,forward,5275648,4096,10385,10392,True
ep0,7309,7306,7306,forward,5361664,4096,10553,10560,True
ep0,7310,7307,7307,forward,5304320,4096,10441,10448,True
ep0,7311,7308,7308,forward,5160960,4096,10161,10168,True
ep0,7312,7308,7308,forward,5361664,4096,10553,10560,True
ep0,7313,7310,7310,forward,5279744,4096,10393,10400,True
ep0,7314,7310,7310,forward,5365760,4096,10561,10568,True
ep0,7315,7311,7311,forward,5308416,4096,10449,10456,True
ep0,7316,7312,7312,forward,5165056,4096,10169,10176,True
ep0,7317,7312,7312,forward,5365760,4096,10561,10568,True
ep0,7318,7313,7313,forward,5283840,4096,10401,10408,True
ep0,7319,7315,7315,forward,5312512,4096,10457,10464,True
ep0,7320,7316,7316,forward,5169152,4096,10177,10184,True
ep0,7321,7316,7316,forward,5369856,4096,10569,10576,True
ep0,7322,7317,7317,forward,5287936,4096,10409,10416,True
ep0,7323,7319,7319,forward,5316608,4096,10465,10472,True
ep0,7324,7320,7320,forward,5173248,4096,10185,10192,True
ep0,7325,7320,7320,forward,5373952,4096,10577,10584,True
ep0,7326,7321,7321,forward,5292032,4096,10417,10424,True
ep0,7327,7323,7323,forward,5320704,4096,10473,10480,True
ep0,7328,7323,7323,forward,5378048,4096,10585,10592,True
ep0,7329,7324,7324,forward,5177344,4096,10193,10200,True
ep0,7330,7325,7325,forward,5296128,4096,10425,10432,True
ep0,7331,7327,7327,forward,5181440,4096,10201,10208,True
ep0,7332,7327,7327,forward,5324800,4096,10481,10488,True
ep0,7333,7327,7327,forward,5382144,4096,10593,10600,True
ep0,7334,7329,7329,forward,5300224,4096,10433,10440,True
ep0,7335,7331,7331,forward,5185536,4096,10209,10216,True
ep0,7336,7331,7331,forward,5328896,4096,10489,10496,True
ep0,7337,7331,7331,forward,5386240,4096,10601,10608,True
ep0,7338,7333,7333,forward,5304320,4096,10441,10448,True
ep0,7339,7333,7333,forward,5369856,4096,10569,10576,True
ep0,7340,7335,7335,forward,5189632,4096,10217,10224,True
ep0,7341,7335,7335,forward,5332992,4096,10497,10504,True
ep0,7342,7335,7335,forward,5390336,4096,10609,10616,True
ep0,7343,7337,7337,forward,5308416,4096,10449,10456,True
ep0,7344,7337,7337,forward,5373952,4096,10577,10584,True
ep0,7345,7338,7338,forward,5394432,4096,10617,10624,True
ep0,7346,7339,7339,forward,5337088,4096,10505,10512,True
ep0,7347,7340,7340,forward,5193728,4096,10225,10232,True
ep0,7348,7341,7341,forward,5312512,4096,10457,10464,True
ep0,7349,7341,7341,forward,5378048,4096,10585,10592,True
ep0,7350,7343,7343,forward,5197824,4096,10233,10240,True
ep0,7351,7343,7343,forward,5341184,4096,10513,10520,True
ep0,7352,7345,7345,forward,5316608,4096,10465,10472,True
ep0,7353,7345,7345,forward,5382144,4096,10593,10600,True
ep0,7354,7347,7347,forward,5201920,4096,10241,10248,True
ep0,7355,7347,7347,forward,5345280,4096,10521,10528,True
ep0,7356,7349,7349,forward,5320704,4096,10473,10480,True
ep0,7357,7349,7349,forward,5386240,4096,10601,10608,True
ep0,7358,7350,7350,forward,5349376,4096,10529,10536,True
ep0,7359,7351,7351,forward,5206016,4096,10249,10256,True
ep0,7360,7353,7353,forward,5324800,4096,10481,10488,True
ep0,7361,7353,7353,forward,5390336,4096,10609,10616,True
ep0,7362,7354,7354,forward,5353472,4096,10537,10544,True
ep0,7363,7355,7355,forward,5210112,4096,10257,10264,True
ep0,7364,7356,7356,forward,5398528,4096,10625,10632,True
ep0,7365,7357,7357,forward,5328896,4096,10489,10496,True
ep0,7366,7357,7357,forward,5394432,4096,10617,10624,True
ep0,7367,7358,7358,forward,5357568,4096,10545,10552,True
ep0,7368,7359,7359,forward,5214208,4096,10265,10272,True
ep0,7369,7360,7360,forward,5402624,4096,10633,10640,True
ep0,7370,7361,7361,forward,5332992,4096,10497,10504,True
ep0,7371,7361,7361,forward,5398528,4096,10625,10632,True
ep0,7372,7362,7362,forward,5361664,4096,10553,10560,True
ep0,7373,7363,7363,forward,5218304,4096,10273,10280,True
ep0,7374,7364,7364,forward,5337088,4096,10505,10512,True
ep0,7375,7364,7365,backward,5402624,8192,10633,10648,True
ep0,7376,7366,7366,forward,5365760,4096,10561,10568,True
ep0,7377,7367,7367,forward,5222400,4096,10281,10288,True
ep0,7378,7368,7368,forward,5341184,4096,10513,10520,True
ep0,7379,7368,7369,backward,5406720,8192,10641,10656,True
ep0,7380,7370,7370,forward,5226496,4096,10289,10296,True
ep0,7381,7370,7370,forward,5369856,4096,10569,10576,True
ep0,7382,7371,7371,forward,5414912,4096,10657,10664,True
ep0,7383,7372,7372,forward,5345280,4096,10521,10528,True
ep0,7384,7373,7373,forward,5410816,4096,10649,10656,True
ep0,7385,7374,7374,forward,5230592,4096,10297,10304,True
ep0,7386,7374,7374,forward,5373952,4096,10577,10584,True
ep0,7387,7375,7376,backward,5414912,8192,10657,10672,True
ep0,7388,7377,7377,forward,5349376,4096,10529,10536,True
ep0,7389,7378,7378,forward,5234688,4096,10305,10312,True
ep0,7390,7378,7378,forward,5378048,4096,10585,10592,True
ep0,7391,7379,7380,backward,5419008,8192,10665,10680,True
ep0,7392,7381,7381,forward,5353472,4096,10537,10544,True
ep0,7393,7382,7382,forward,5238784,4096,10313,10320,True
ep0,7394,7382,7382,forward,5382144,4096,10593,10600,True
ep0,7395,7383,7384,backward,5423104,8192,10673,10688,True
ep0,7396,7385,7385,forward,5357568,4096,10545,10552,True
ep0,7397,7385,7385,forward,5386240,4096,10601,10608,True
ep0,7398,7386,7386,forward,5242880,4096,10321,10328,True
ep0,7399,7387,7387,forward,5431296,4096,10689,10696,True
ep0,7400,7388,7388,forward,5361664,4096,10553,10560,True
ep0,7401,7388,7388,forward,5427200,4096,10681,10688,True
ep0,7402,7390,7390,forward,5246976,4096,10329,10336,True
ep0,7403,7390,7390,forward,5390336,4096,10609,10616,True
ep0,7404,7391,7391,forward,5435392,4096,10697,10704,True
ep0,7405,7392,7392,forward,5365760,4096,10561,10568,True
ep0,7406,7392,7392,forward,5431296,4096,10689,10696,True
ep0,7407,7394,7394,forward,5251072,4096,10337,10344,True
ep0,7408,7394,7394,forward,5394432,4096,10617,10624,True
ep0,7409,7395,7395,forward,5439488,4096,10705,10712,True
ep0,7410,7396,7396,forward,5369856,4096,10569,10576,True
ep0,7411,7396,7396,forward,5435392,4096,10697,10704,True
ep0,7412,7397,7397,forward,5255168,4096,10345,10352,True
ep0,7413,7397,7397,forward,5398528,4096,10625,10632,True
ep0,7414,7399,7399,backward,5439488,8192,10705,10720,True
ep0,7415,7401,7401,forward,5259264,4096,10353,10360,True
ep0,7416,7403,7403,backward,5443584,8192,10713,10728,True
ep0,7417,7405,7405,forward,5263360,4096,10361,10368,True
ep0,7418,7407,7407,backward,5447680,8192,10721,10736,True
ep0,7419,7409,7409,forward,5267456,4096,10369,10376,True
ep0,7420,7410,7411,backward,5451776,8192,10729,10744,True
ep0,7421,7414,7414,forward,5373952,4096,10577,10584,True
ep0,7422,7414,7414,forward,5271552,4096,10377,10384,True
ep0,7423,7414,7414,forward,5459968,4096,10745,10752,True
ep0,7424,7415,7415,forward,5402624,4096,10633,10640,True
ep0,7425,7415,7415,forward,5455872,4096,10737,10744,True
ep0,7426,7418,7418,forward,5378048,4096,10585,10592,True
ep0,7427,7418,7418,forward,5275648,4096,10385,10392,True
ep0,7428,7418,7418,forward,5464064,4096,10753,10760,True
ep0,7429,7419,7419,forward,5406720,4096,10641,10648,True
ep0,7430,7419,7419,forward,5459968,4096,10745,10752,True
ep0,7431,7421,7421,forward,5382144,4096,10593,10600,True
ep0,7432,7422,7422,forward,5279744,4096,10393,10400,True
ep0,7433,7422,7422,forward,5410816,4096,10649,10656,True
ep0,7434,7422,7423,backward,5464064,8192,10753,10768,True
ep0,7435,7425,7425,forward,5386240,4096,10601,10608,True
ep0,7436,7426,7426,forward,5283840,4096,10401,10408,True
ep0,7437,7426,7426,forward,5414912,4096,10657,10664,True
ep0,7438,7426,7427,backward,5468160,8192,10761,10776,True
ep0,7439,7429,7429,forward,5390336,4096,10609,10616,True
ep0,7440,7429,7429,forward,5287936,4096,10409,10416,True
ep0,7441,7430,7430,forward,5419008,4096,10665,10672,True
ep0,7442,7430,7431,backward,5472256,8192,10769,10784,True
ep0,7443,7433,7433,forward,5394432,4096,10617,10624,True
ep0,7444,7433,7433,forward,5292032,4096,10417,10424,True
ep0,7445,7434,7434,forward,5423104,4096,10673,10680,True
ep0,7446,7434,7435,backward,5476352,8192,10777,10792,True
ep0,7447,7437,7437,forward,5398528,4096,10625,10632,True
ep0,7448,7437,7437,forward,5296128,4096,10425,10432,True
ep0,7449,7438,7438,forward,5427200,4096,10681,10688,True
ep0,7450,7438,7439,backward,5480448,8192,10785,10800,True
ep0,7451,7441,7441,forward,5402624,4096,10633,10640,True
ep0,7452,7441,7441,forward,5300224,4096,10433,10440,True
ep0,7453,7442,7442,forward,5431296,4096,10689,10696,True
ep0,7454,7442,7443,backward,5484544,8192,10793,10808,True
ep0,7455,7445,7445,forward,5406720,4096,10641,10648,True
ep0,7456,7445,7445,forward,5304320,4096,10441,10448,True
ep0,7457,7446,7446,forward,5435392,4096,10697,10704,True
ep0,7458,7446,7446,backward,5488640,8192,10801,10816,True
ep0,7459,7448,7448,forward,5410816,4096,10649,10656,True
ep0,7460,7449,7449,forward,5308416,4096,10449,10456,True
ep0,7461,7450,7450,forward,5439488,4096,10705,10712,True
ep0,7462,7450,7450,backward,5492736,8192,10809,10824,True
ep0,7463,7452,7452,forward,5414912,4096,10657,10664,True
ep0,7464,7453,7453,forward,5312512,4096,10457,10464,True
ep0,7465,7454,7454,forward,5443584,4096,10713,10720,True
ep0,7466,7454,7454,backward,5496832,8192,10817,10832,True
ep0,7467,7456,7456,forward,5419008,4096,10665,10672,True
ep0,7468,7457,7457,forward,5447680,4096,10721,10728,True
ep0,7469,7457,7457,forward,5505024,4096,10833,10840,True
ep0,7470,7458,7458,forward,5316608,4096,10465,10472,True
ep0,7471,7458,7458,forward,5500928,4096,10825,10832,True
ep0,7472,7460,7460,forward,5423104,4096,10673,10680,True
ep0,7473,7461,7461,forward,5451776,4096,10729,10736,True
ep0,7474,7461,7462,backward,5505024,8192,10833,10848,True
ep0,7475,7464,7464,forward,5427200,4096,10681,10688,True
ep0,7476,7465,7465,forward,5455872,4096,10737,10744,True
ep0,7477,7465,7466,backward,5509120,8192,10841,10856,True
ep0,7478,7468,7468,forward,5431296,4096,10689,10696,True
ep0,7479,7469,7469,forward,5459968,4096,10745,10752,True
ep0,7480,7469,7470,backward,5513216,8192,10849,10864,True
ep0,7481,7472,7472,forward,5435392,4096,10697,10704,True
ep0,7482,7473,7473,forward,5464064,4096,10753,10760,True
ep0,7483,7473,7474,backward,5517312,8192,10857,10872,True
ep0,7484,7475,7475,forward,5320704,4096,10473,10480,True
ep0,7485,7476,7476,forward,5439488,4096,10705,10712,True
ep0,7486,7477,7477,forward,5468160,4096,10761,10768,True
ep0,7487,7477,7478,backward,5521408,8192,10865,10880,True
ep0,7488,7479,7479,forward,5324800,4096,10481,10488,True
ep0,7489,7480,7480,forward,5443584,4096,10713,10720,True
ep0,7490,7480,7480,forward,5472256,4096,10769,10776,True
ep0,7491,7481,7481,forward,5529600,4096,10881,10888,True
ep0,7492,7482,7482,forward,5328896,4096,10489,10496,True
ep0,7493,7482,7482,forward,5525504,4096,10873,10880,True
ep0,7494,7483,7483,forward,5447680,4096,10721,10728,True
ep0,7495,7484,7484,forward,5476352,4096,10777,10784,True
ep0,7496,7484,7485,backward,5529600,8192,10881,10896,True
ep0,7497,7486,7486,forward,5332992,4096,10497,10504,True
ep0,7498,7487,7487,forward,5451776,4096,10729,10736,True
ep0,7499,7488,7488,forward,5480448,4096,10785,10792,True
ep0,7500,7488,7489,backward,5533696,8192,10889,10904,True
ep0,7501,7490,7490,forward,5337088,4096,10505,10512,True
ep0,7502,7492,7492,forward,5455872,4096,10737,10744,True
ep0,7503,7492,7492,forward,5484544,4096,10793,10800,True
ep0,7504,7492,7493,backward,5537792,8192,10897,10912,True
ep0,7505,7494,7494,forward,5341184,4096,10513,10520,True
ep0,7506,7496,7496,forward,5459968,4096,10745,10752,True
ep0,7507,7496,7496,forward,5488640,4096,10801,10808,True
ep0,7508,7496,7497,backward,5541888,8192,10905,10920,True
ep0,7509,7498,7498,forward,5345280,4096,10521,10528,True
ep0,7510,7499,7499,forward,5464064,4096,10753,10760,True
ep0,7511,7500,7500,forward,5492736,4096,10809,10816,True
ep0,7512,7500,7501,backward,5545984,8192,10913,10928,True
ep0,7513,7502,7502,forward,5349376,4096,10529,10536,True
ep0,7514,7503,7503,forward,5468160,4096,10761,10768,True
ep0,7515,7504,7504,forward,5496832,4096,10817,10824,True
ep0,7516,7504,7504,forward,5554176,4096,10929,10936,True
ep0,7517,7505,7505,forward,5353472,4096,10537,10544,True
ep0,7518,7505,7505,forward,5550080,4096,10921,10928,True
ep0,7519,7507,7507,forward,5472256,4096,10769,10776,True
ep0,7520,7508,7508,forward,5500928,4096,10825,10832,True
ep0,7521,7508,7508,backward,5554176,8192,10929,10944,True
ep0,7522,7509,7509,forward,5357568,4096,10545,10552,True
ep0,7523,7511,7511,forward,5476352,4096,10777,10784,True
ep0,7524,7512,7512,forward,5505024,4096,10833,10840,True
ep0,7525,7512,7512,backward,5558272,8192,10937,10952,True
ep0,7526,7513,7513,forward,5361664,4096,10553,10560,True
ep0,7527,7515,7515,forward,5480448,4096,10785,10792,True
ep0,7528,7515,7515,forward,5509120,4096,10841,10848,True
ep0,7529,7515,7516,backward,5562368,8192,10945,10960,True
ep0,7530,7517,7517,forward,5365760,4096,10561,10568,True
ep0,7531,7519,7519,forward,5484544,4096,10793,10800,True
ep0,7532,7519,7519,forward,5570560,4096,10961,10968,True
ep0,7533,7520,7520,forward,5513216,4096,10849,10856,True
ep0,7534,7520,7520,forward,5566464,4096,10953,10960,True
ep0,7535,7521,7521,forward,5369856,4096,10569,10576,True
ep0,7536,7523,7523,forward,5488640,4096,10801,10808,True
ep0,7537,7523,7523,forward,5517312,4096,10857,10864,True
ep0,7538,7523,7524,backward,5570560,8192,10961,10976,True
ep0,7539,7525,7525,forward,5373952,4096,10577,10584,True
ep0,7540,7527,7527,forward,5492736,4096,10809,10816,True
ep0,7541,7527,7527,forward,5521408,4096,10865,10872,True
ep0,7542,7527,7528,backward,5574656,8192,10969,10984,True
ep0,7543,7529,7529,forward,5378048,4096,10585,10592,True
ep0,7544,7531,7531,forward,5496832,4096,10817,10824,True
ep0,7545,7531,7531,forward,5525504,4096,10873,10880,True
ep0,7546,7531,7531,forward,5582848,4096,10985,10992,True
ep0,7547,7532,7532,forward,5382144,4096,10593,10600,True
ep0,7548,7532,7532,forward,5578752,4096,10977,10984,True
ep0,7549,7535,7535,forward,5500928,4096,10825,10832,True
ep0,7550,7535,7535,forward,5529600,4096,10881,10888,True
ep0,7551,7535,7535,forward,5586944,4096,10993,11000,True
ep0,7552,7536,7536,forward,5386240,4096,10601,10608,True
ep0,7553,7536,7536,forward,5582848,4096,10985,10992,True
ep0,7554,7539,7539,forward,5505024,4096,10833,10840,True
ep0,7555,7539,7539,forward,5533696,4096,10889,10896,True
ep0,7556,7539,7539,forward,5591040,4096,11001,11008,True
ep0,7557,7540,7540,forward,5390336,4096,10609,10616,True
ep0,7558,7540,7540,forward,5586944,4096,10993,11000,True
ep0,7559,7543,7543,forward,5509120,4096,10841,10848,True
ep0,7560,7543,7543,forward,5394432,4096,10617,10624,True
ep0,7561,7543,7543,forward,5537792,4096,10897,10904,True
ep0,7562,7543,7544,backward,5591040,8192,11001,11016,True
ep0,7563,7547,7547,forward,5513216,4096,10849,10856,True
ep0,7564,7547,7547,forward,5398528,4096,10625,10632,True
ep0,7565,7547,7547,forward,5541888,4096,10905,10912,True
ep0,7566,7547,7548,backward,5595136,8192,11009,11024,True
ep0,7567,7550,7550,forward,5517312,4096,10857,10864,True
ep0,7568,7550,7550,forward,5545984,4096,10913,10920,True
ep0,7569,7550,7550,forward,5603328,4096,11025,11032,True
ep0,7570,7551,7551,forward,5402624,4096,10633,10640,True
ep0,7571,7552,7552,forward,5599232,4096,11017,11024,True
ep0,7572,7554,7554,forward,5521408,4096,10865,10872,True
ep0,7573,7554,7554,forward,5550080,4096,10921,10928,True
ep0,7574,7554,7554,forward,5607424,4096,11033,11040,True
ep0,7575,7555,7555,forward,5406720,4096,10641,10648,True
ep0,7576,7556,7556,forward,5603328,4096,11025,11032,True
ep0,7577,7558,7558,forward,5525504,4096,10873,10880,True
ep0,7578,7558,7558,forward,5554176,4096,10929,10936,True
ep0,7579,7558,7558,forward,5611520,4096,11041,11048,True
ep0,7580,7559,7559,forward,5410816,4096,10649,10656,True
ep0,7581,7560,7560,forward,5607424,4096,11033,11040,True
ep0,7582,7562,7562,forward,5529600,4096,10881,10888,True
ep0,7583,7562,7562,forward,5558272,4096,10937,10944,True
ep0,7584,7562,7562,forward,5615616,4096,11049,11056,True
ep0,7585,7563,7563,forward,5414912,4096,10657,10664,True
ep0,7586,7564,7564,forward,5611520,4096,11041,11048,True
ep0,7587,7565,7565,forward,5533696,4096,10889,10896,True
ep0,7588,7566,7566,forward,5562368,4096,10945,10952,True
ep0,7589,7566,7566,forward,5619712,4096,11057,11064,True
ep0,7590,7567,7567,forward,5419008,4096,10665,10672,True
ep0,7591,7568,7568,forward,5615616,4096,11049,11056,True
ep0,7592,7569,7569,forward,5537792,4096,10897,10904,True
ep0,7593,7569,7569,forward,5623808,4096,11065,11072,True
ep0,7594,7570,7570,forward,5566464,4096,10953,10960,True
ep0,7595,7571,7571,forward,5423104,4096,10673,10680,True
ep0,7596,7571,7571,forward,5619712,4096,11057,11064,True
ep0,7597,7573,7573,forward,5541888,4096,10905,10912,True
ep0,7598,7573,7573,forward,5570560,4096,10961,10968,True
ep0,7599,7573,7573,forward,5627904,4096,11073,11080,True
ep0,7600,7575,7575,forward,5427200,4096,10681,10688,True
ep0,7601,7575,7575,forward,5623808,4096,11065,11072,True
ep0,7602,7577,7577,forward,5545984,4096,10913,10920,True
ep0,7603,7577,7577,forward,5574656,4096,10969,10976,True
ep0,7604,7577,7577,forward,5632000,4096,11081,11088,True
ep0,7605,7579,7579,forward,5431296,4096,10689,10696,True
ep0,7606,7579,7579,forward,5627904,4096,11073,11080,True
ep0,7607,7581,7581,forward,5550080,4096,10921,10928,True
ep0,7608,7581,7581,forward,5578752,4096,10977,10984,True
ep0,7609,7581,7581,forward,5636096,4096,11089,11096,True
ep0,7610,7583,7583,forward,5435392,4096,10697,10704,True
ep0,7611,7583,7583,forward,5632000,4096,11081,11088,True
ep0,7612,7585,7585,forward,5554176,4096,10929,10936,True
ep0,7613,7585,7585,forward,5582848,4096,10985,10992,True
ep0,7614,7585,7585,forward,5640192,4096,11097,11104,True
ep0,7615,7587,7587,forward,5439488,4096,10705,10712,True
ep0,7616,7587,7587,forward,5636096,4096,11089,11096,True
ep0,7617,7589,7589,forward,5558272,4096,10937,10944,True
ep0,7618,7589,7589,forward,5586944,4096,10993,11000,True
ep0,7619,7589,7589,forward,5644288,4096,11105,11112,True
ep0,7620,7591,7591,forward,5443584,4096,10713,10720,True
ep0,7621,7591,7591,forward,5640192,4096,11097,11104,True
ep0,7622,7593,7593,forward,5562368,4096,10945,10952,True
ep0,7623,7593,7593,forward,5591040,4096,11001,11008,True
ep0,7624,7593,7593,forward,5648384,4096,11113,11120,True
ep0,7625,7595,7595,forward,5447680,4096,10721,10728,True
ep0,7626,7595,7595,forward,5644288,4096,11105,11112,True
ep0,7627,7597,7597,forward,5566464,4096,10953,10960,True
ep0,7628,7597,7597,forward,5595136,4096,11009,11016,True
ep0,7629,7597,7597,forward,5652480,4096,11121,11128,True
ep0,7630,7599,7599,forward,5451776,4096,10729,10736,True
ep0,7631,7599,7599,forward,5648384,4096,11113,11120,True
ep0,7632,7601,7601,forward,5570560,4096,10961,10968,True
ep0,7633,7601,7601,forward,5599232,4096,11017,11024,True
ep0,7634,7601,7601,forward,5656576,4096,11129,11136,True
ep0,7635,7603,7603,forward,5455872,4096,10737,10744,True
ep0,7636,7603,7603,forward,5652480,4096,11121,11128,True
ep0,7637,7604,7604,forward,5574656,4096,10969,10976,True
ep0,7638,7605,7605,forward,5603328,4096,11025,11032,True
ep0,7639,7605,7605,forward,5660672,4096,11137,11144,True
ep0,7640,7607,7607,forward,5459968,4096,10745,10752,True
ep0,7641,7607,7607,forward,5656576,4096,11129,11136,True
ep0,7642,7608,7608,forward,5578752,4096,10977,10984,True
ep0,7643,7609,7609,forward,5607424,4096,11033,11040,True
ep0,7644,7609,7609,forward,5664768,4096,11145,11152,True
ep0,7645,7611,7611,forward,5464064,4096,10753,10760,True
ep0,7646,7611,7611,forward,5660672,4096,11137,11144,True
ep0,7647,7612,7612,forward,5582848,4096,10985,10992,True
ep0,7648,7612,7612,forward,5611520,4096,11041,11048,True
ep0,7649,7612,7612,forward,5668864,4096,11153,11160,True
ep0,7650,7615,7615,forward,5468160,4096,10761,10768,True
ep0,7651,7615,7615,forward,5664768,4096,11145,11152,True
ep0,7652,7616,7616,forward,5586944,4096,10993,11000,True
ep0,7653,7616,7616,forward,5615616,4096,11049,11056,True
ep0,7654,7616,7616,forward,5672960,4096,11161,11168,True
ep0,7655,7619,7619,forward,5472256,4096,10769,10776,True
ep0,7656,7619,7619,forward,5668864,4096,11153,11160,True
ep0,7657,7620,7620,forward,5591040,4096,11001,11008,True
ep0,7658,7620,7620,forward,5619712,4096,11057,11064,True
ep0,7659,7620,7620,forward,5677056,4096,11169,11176,True
ep0,7660,7622,7622,forward,5476352,4096,10777,10784,True
ep0,7661,7623,7623,forward,5672960,4096,11161,11168,True
ep0,7662,7624,7624,forward,5595136,4096,11009,11016,True
ep0,7663,7624,7624,forward,5623808,4096,11065,11072,True
ep0,7664,7624,7624,forward,5681152,4096,11177,11184,True
ep0,7665,7626,7626,forward,5480448,4096,10785,10792,True
ep0,7666,7627,7627,forward,5677056,4096,11169,11176,True
ep0,7667,7628,7628,forward,5599232,4096,11017,11024,True
ep0,7668,7628,7628,forward,5627904,4096,11073,11080,True
ep0,7669,7628,7628,forward,5685248,4096,11185,11192,True
ep0,7670,7630,7630,forward,5484544,4096,10793,10800,True
ep0,7671,7631,7631,forward,5681152,4096,11177,11184,True
ep0,7672,7632,7632,forward,5603328,4096,11025,11032,True
ep0,7673,7632,7632,forward,5632000,4096,11081,11088,True
ep0,7674,7633,7633,forward,5689344,4096,11193,11200,True
ep0,7675,7634,7634,forward,5488640,4096,10801,10808,True
ep0,7676,7635,7635,forward,5685248,4096,11185,11192,True
ep0,7677,7636,7636,forward,5607424,4096,11033,11040,True
ep0,7678,7636,7636,forward,5636096,4096,11089,11096,True
ep0,7679,7636,7636,forward,5693440,4096,11201,11208,True
ep0,7680,7638,7638,forward,5492736,4096,10809,10816,True
ep0,7681,7638,7638,forward,5689344,4096,11193,11200,True
ep0,7682,7640,7640,forward,5611520,4096,11041,11048,True
ep0,7683,7640,7640,forward,5640192,4096,11097,11104,True
ep0,7684,7640,7640,forward,5697536,4096,11209,11216,True
ep0,7685,7641,7641,forward,5496832,4096,10817,10824,True
ep0,7686,7642,7642,forward,5693440,4096,11201,11208,True
ep0,7687,7644,7644,forward,5615616,4096,11049,11056,True
ep0,7688,7644,7644,forward,5644288,4096,11105,11112,True
ep0,7689,7644,7644,forward,5701632,4096,11217,11224,True
ep0,7690,7645,7645,forward,5500928,4096,10825,10832,True
ep0,7691,7646,7646,forward,5697536,4096,11209,11216,True
ep0,7692,7648,7648,forward,5619712,4096,11057,11064,True
ep0,7693,7648,7648,forward,5648384,4096,11113,11120,True
ep0,7694,7648,7648,forward,5705728,4096,11225,11232,True
ep0,7695,7649,7649,forward,5505024,4096,10833,10840,True
ep0,7696,7650,7650,forward,5701632,4096,11217,11224,True
ep0,7697,7651,7651,forward,5623808,4096,11065,11072,True
ep0,7698,7652,7652,forward,5652480,4096,11121,11128,True
ep0,7699,7652,7652,forward,5709824,4096,11233,11240,True
ep0,7700,7653,7653,forward,5509120,4096,10841,10848,True
ep0,7701,7654,7654,forward,5705728,4096,11225,11232,True
ep0,7702,7655,7655,forward,5627904,4096,11073,11080,True
ep0,7703,7656,7656,forward,5656576,4096,11129,11136,True
ep0,7704,7656,7656,forward,5713920,4096,11241,11248,True
ep0,7705,7657,7657,forward,5513216,4096,10849,10856,True
ep0,7706,7658,7658,forward,5709824,4096,11233,11240,True
ep0,7707,7659,7659,forward,5632000,4096,11081,11088,True
ep0,7708,7660,7660,forward,5660672,4096,11137,11144,True
ep0,7709,7660,7660,forward,5718016,4096,11249,11256,True
ep0,7710,7661,7661,forward,5517312,4096,10857,10864,True
ep0,7711,7662,7662,forward,5713920,4096,11241,11248,True
ep0,7712,7663,7663,forward,5636096,4096,11089,11096,True
ep0,7713,7663,7663,forward,5664768,4096,11145,11152,True
ep0,7714,7663,7663,forward,5722112,4096,11257,11264,True
ep0,7715,7666,7666,forward,5521408,4096,10865,10872,True
ep0,7716,7666,7666,forward,5718016,4096,11249,11256,True
ep0,7717,7667,7667,forward,5640192,4096,11097,11104,True
ep0,7718,7667,7667,forward,5668864,4096,11153,11160,True
ep0,7719,7667,7667,forward,5726208,4096,11265,11272,True
ep0,7720,7669,7669,forward,5525504,4096,10873,10880,True
ep0,7721,7670,7670,forward,5722112,4096,11257,11264,True
ep0,7722,7671,7671,forward,5644288,4096,11105,11112,True
ep0,7723,7671,7671,forward,5672960,4096,11161,11168,True
ep0,7724,7671,7671,forward,5730304,4096,11273,11280,True
ep0,7725,7673,7673,forward,5529600,4096,10881,10888,True
ep0,7726,7674,7674,forward,5726208,4096,11265,11272,True
ep0,7727,7675,7675,forward,5648384,4096,11113,11120,True
ep0,7728,7675,7675,forward,5677056,4096,11169,11176,True
ep0,7729,7675,7675,forward,5734400,4096,11281,11288,True
ep0,7730,7677,7677,forward,5533696,4096,10889,10896,True
ep0,7731,7678,7678,forward,5730304,4096,11273,11280,True
ep0,7732,7679,7679,forward,5652480,4096,11121,11128,True
ep0,7733,7679,7679,forward,5681152,4096,11177,11184,True
ep0,7734,7679,7679,forward,5738496,4096,11289,11296,True
ep0,7735,7681,7681,forward,5537792,4096,10897,10904,True
ep0,7736,7682,7682,forward,5734400,4096,11281,11288,True
ep0,7737,7683,7683,forward,5656576,4096,11129,11136,True
ep0,7738,7683,7683,forward,5685248,4096,11185,11192,True
ep0,7739,7683,7683,forward,5742592,4096,11297,11304,True
ep0,7740,7684,7684,forward,5541888,4096,10905,10912,True
ep0,7741,7685,7685,forward,5738496,4096,11289,11296,True
ep0,7742,7686,7686,forward,5660672,4096,11137,11144,True
ep0,7743,7687,7687,forward,5689344,4096,11193,11200,True
ep0,7744,7687,7687,forward,5746688,4096,11305,11312,True
ep0,7745,7688,7688,forward,5545984,4096,10913,10920,True
ep0,7746,7689,7689,forward,5742592,4096,11297,11304,True
ep0,7747,7690,7690,forward,5664768,4096,11145,11152,True
ep0,7748,7691,7691,forward,5693440,4096,11201,11208,True
ep0,7749,7691,7691,forward,5750784,4096,11313,11320,True
ep0,7750,7692,7692,forward,5550080,4096,10921,10928,True
ep0,7751,7693,7693,forward,5746688,4096,11305,11312,True
ep0,7752,7694,7694,forward,5668864,4096,11153,11160,True
ep0,7753,7695,7695,forward,5697536,4096,11209,11216,True
ep0,7754,7695,7695,forward,5754880,4096,11321,11328,True
ep0,7755,7696,7696,forward,5554176,4096,10929,10936,True
ep0,7756,7697,7697,forward,5750784,4096,11313,11320,True
ep0,7757,7698,7698,forward,5672960,4096,11161,11168,True
ep0,7758,7699,7699,forward,5701632,4096,11217,11224,True
ep0,7759,7699,7699,forward,5758976,4096,11329,11336,True
ep0,7760,7700,7700,forward,5558272,4096,10937,10944,True
ep0,7761,7701,7701,forward,5754880,4096,11321,11328,True
ep0,7762,7702,7702,forward,5677056,4096,11169,11176,True
ep0,7763,7702,7702,forward,5705728,4096,11225,11232,True
ep0,7764,7703,7703,forward,5763072,4096,11337,11344,True
ep0,7765,7704,7704,forward,5562368,4096,10945,10952,True
ep0,7766,7705,7705,forward,5758976,4096,11329,11336,True
ep0,7767,7706,7706,forward,5681152,4096,11177,11184,True
ep0,7768,7706,7706,forward,5709824,4096,11233,11240,True
ep0,7769,7706,7706,forward,5767168,4096,11345,11352,True
ep0,7770,7708,7708,forward,5566464,4096,10953,10960,True
ep0,7771,7709,7709,forward,5763072,4096,11337,11344,True
ep0,7772,7710,7710,forward,5685248,4096,11185,11192,True
ep0,7773,7710,7710,forward,5713920,4096,11241,11248,True
ep0,7774,7710,7710,forward,5771264,4096,11353,11360,True
ep0,7775,7712,7712,forward,5570560,4096,10961,10968,True
ep0,7776,7713,7713,forward,5767168,4096,11345,11352,True
ep0,7777,7714,7714,forward,5689344,4096,11193,11200,True
ep0,7778,7714,7714,forward,5718016,4096,11249,11256,True
ep0,7779,7714,7714,forward,5775360,4096,11361,11368,True
ep0,7780,7716,7716,forward,5574656,4096,10969,10976,True
ep0,7781,7717,7717,forward,5771264,4096,11353,11360,True
ep0,7782,7718,7718,forward,5693440,4096,11201,11208,True
ep0,7783,7718,7718,forward,5722112,4096,11257,11264,True
ep0,7784,7718,7718,forward,5779456,4096,11369,11376,True
ep0,7785,7719,7719,forward,5578752,4096,10977,10984,True
ep0,7786,7720,7720,forward,5775360,4096,11361,11368,True
ep0,7787,7721,7721,forward,5697536,4096,11209,11216,True
ep0,7788,7722,7722,forward,5726208,4096,11265,11272,True
ep0,7789,7722,7722,forward,5783552,4096,11377,11384,True
ep0,7790,7724,7724,forward,5582848,4096,10985,10992,True
ep0,7791,7724,7724,forward,5779456,4096,11369,11376,True
ep0,7792,7725,7725,forward,5701632,4096,11217,11224,True
ep0,7793,7725,7725,forward,5730304,4096,11273,11280,True
ep0,7794,7726,7726,forward,5787648,4096,11385,11392,True
ep0,7795,7727,7727,forward,5586944,4096,10993,11000,True
ep0,7796,7728,7728,forward,5783552,4096,11377,11384,True
ep0,7797,7729,7729,forward,5705728,4096,11225,11232,True
ep0,7798,7729,7729,forward,5734400,4096,11281,11288,True
ep0,7799,7730,7730,forward,5791744,4096,11393,11400,True
ep0,7800,7731,7731,forward,5591040,4096,11001,11008,True
ep0,7801,7732,7732,forward,5787648,4096,11385,11392,True
ep0,7802,7733,7733,forward,5709824,4096,11233,11240,True
ep0,7803,7733,7733,forward,5738496,4096,11289,11296,True
ep0,7804,7734,7734,forward,5795840,4096,11401,11408,True
ep0,7805,7735,7735,forward,5595136,4096,11009,11016,True
ep0,7806,7736,7736,forward,5791744,4096,11393,11400,True
ep0,7807,7737,7737,forward,5713920,4096,11241,11248,True
ep0,7808,7737,7737,forward,5742592,4096,11297,11304,True
ep0,7809,7738,7738,forward,5799936,4096,11409,11416,True
ep0,7810,7739,7739,forward,5599232,4096,11017,11024,True
ep0,7811,7739,7739,forward,5795840,4096,11401,11408,True
ep0,7812,7741,7741,forward,5718016,4096,11249,11256,True
ep0,7813,7741,7741,forward,5746688,4096,11305,11312,True
ep0,7814,7741,7741,forward,5804032,4096,11417,11424,True
ep0,7815,7743,7743,forward,5603328,4096,11025,11032,True
ep0,7816,7743,7743,forward,5799936,4096,11409,11416,True
ep0,7817,7745,7745,forward,5722112,4096,11257,11264,True
ep0,7818,7745,7745,forward,5750784,4096,11313,11320,True
ep0,7819,7745,7745,forward,5808128,4096,11425,11432,True
ep0,7820,7747,7747,forward,5607424,4096,11033,11040,True
ep0,7821,7747,7747,forward,5804032,4096,11417,11424,True
ep0,7822,7749,7749,forward,5726208,4096,11265,11272,True
ep0,7823,7749,7749,forward,5754880,4096,11321,11328,True
ep0,7824,7749,7749,forward,5812224,4096,11433,11440,True
ep0,7825,7750,7750,forward,5611520,4096,11041,11048,True
ep0,7826,7751,7751,forward,5808128,4096,11425,11432,True
ep0,7827,7753,7753,forward,5730304,4096,11273,11280,True
ep0,7828,7753,7753,forward,5758976,4096,11329,11336,True
ep0,7829,7753,7753,forward,5816320,4096,11441,11448,True
ep0,7830,7754,7754,forward,5615616,4096,11049,11056,True
ep0,7831,7755,7755,forward,5812224,4096,11433,11440,True
ep0,7832,7757,7757,forward,5734400,4096,11281,11288,True
ep0,7833,7757,7757,forward,5763072,4096,11337,11344,True
ep0,7834,7757,7757,forward,5820416,4096,11449,11456,True
ep0,7835,7758,7758,forward,5619712,4096,11057,11064,True
ep0,7836,7759,7759,forward,5816320,4096,11441,11448,True
ep0,7837,7761,7761,forward,5738496,4096,11289,11296,True
ep0,7838,7761,7761,forward,5767168,4096,11345,11352,True
ep0,7839,7761,7761,forward,5824512,4096,11457,11464,True
ep0,7840,7762,7762,forward,5623808,4096,11065,11072,True
ep0,7841,7763,7763,forward,5820416,4096,11449,11456,True
ep0,7842,7765,7765,forward,5742592,4096,11297,11304,True
ep0,7843,7765,7765,forward,5627904,4096,11073,11080,True
ep0,7844,7765,7765,forward,5771264,4096,11353,11360,True
ep0,7845,7765,7766,backward,5824512,8192,11457,11472,True
ep0,7846,7768,7768,forward,5775360,4096,11361,11368,True
ep0,7847,7769,7769,forward,5746688,4096,11305,11312,True
ep0,7848,7769,7769,forward,5632000,4096,11081,11088,True
ep0,7849,7769,7770,backward,5828608,8192,11465,11480,True
ep0,7850,7772,7772,forward,5750784,4096,11313,11320,True
ep0,7851,7772,7772,forward,5779456,4096,11369,11376,True
ep0,7852,7773,7773,forward,5636096,4096,11089,11096,True
ep0,7853,7773,7774,backward,5832704,8192,11473,11488,True
ep0,7854,7776,7776,forward,5754880,4096,11321,11328,True
ep0,7855,7776,7776,forward,5783552,4096,11377,11384,True
ep0,7856,7777,7777,forward,5640192,4096,11097,11104,True
ep0,7857,7777,7778,backward,5836800,8192,11481,11496,True
ep0,7858,7780,7780,forward,5758976,4096,11329,11336,True
ep0,7859,7780,7780,forward,5787648,4096,11385,11392,True
ep0,7860,7781,7781,forward,5644288,4096,11105,11112,True
ep0,7861,7781,7782,backward,5840896,8192,11489,11504,True
ep0,7862,7784,7784,forward,5763072,4096,11337,11344,True
ep0,7863,7784,7784,forward,5791744,4096,11393,11400,True
ep0,7864,7785,7785,forward,5648384,4096,11113,11120,True
ep0,7865,7785,7785,backward,5844992,8192,11497,11512,True
ep0,7866,7788,7788,forward,5767168,4096,11345,11352,True
ep0,7867,7788,7788,forward,5795840,4096,11401,11408,True
ep0,7868,7788,7788,forward,5853184,4096,11513,11520,True
ep0,7869,7789,7789,forward,5652480,4096,11121,11128,True
ep0,7870,7789,7789,forward,5849088,4096,11505,11512,True
ep0,7871,7792,7792,forward,5771264,4096,11353,11360,True
ep0,7872,7792,7792,forward,5799936,4096,11409,11416,True
ep0,7873,7793,7793,forward,5656576,4096,11129,11136,True
ep0,7874,7793,7793,backward,5853184,8192,11513,11528,True
ep0,7875,7795,7795,forward,5804032,4096,11417,11424,True
ep0,7876,7796,7796,forward,5775360,4096,11361,11368,True
ep0,7877,7796,7796,forward,5660672,4096,11137,11144,True
ep0,7878,7797,7797,backward,5857280,8192,11521,11536,True
ep0,7879,7799,7799,forward,5779456,4096,11369,11376,True
ep0,7880,7799,7799,forward,5808128,4096,11425,11432,True
ep0,7881,7800,7800,forward,5865472,4096,11537,11544,True
ep0,7882,7801,7801,forward,5664768,4096,11145,11152,True
ep0,7883,7801,7801,forward,5861376,4096,11529,11536,True
ep0,7884,7803,7803,forward,5783552,4096,11377,11384,True
ep0,7885,7803,7803,forward,5812224,4096,11433,11440,True
ep0,7886,7804,7804,forward,5668864,4096,11153,11160,True
ep0,7887,7804,7805,backward,5865472,8192,11537,11552,True
ep0,7888,7807,7807,forward,5787648,4096,11385,11392,True
ep0,7889,7807,7807,forward,5816320,4096,11441,11448,True
ep0,7890,7808,7808,forward,5672960,4096,11161,11168,True
ep0,7891,7808,7809,backward,5869568,8192,11545,11560,True
ep0,7892,7810,7810,forward,5820416,4096,11449,11456,True
ep0,7893,7811,7811,forward,5791744,4096,11393,11400,True
ep0,7894,7812,7812,forward,5677056,4096,11169,11176,True
ep0,7895,7812,7813,backward,5873664,8192,11553,11568,True
ep0,7896,7814,7814,forward,5824512,4096,11457,11464,True
ep0,7897,7815,7815,forward,5795840,4096,11401,11408,True
ep0,7898,7816,7816,forward,5681152,4096,11177,11184,True
ep0,7899,7816,7817,backward,5877760,8192,11561,11576,True
ep0,7900,7818,7818,forward,5828608,4096,11465,11472,True
ep0,7901,7819,7819,forward,5799936,4096,11409,11416,True
ep0,7902,7820,7820,forward,5685248,4096,11185,11192,True
ep0,7903,7820,7821,backward,5881856,8192,11569,11584,True
ep0,7904,7822,7822,forward,5804032,4096,11417,11424,True
ep0,7905,7822,7822,forward,5832704,4096,11473,11480,True
ep0,7906,7823,7823,forward,5890048,4096,11585,11592,True
ep0,7907,7824,7824,forward,5689344,4096,11193,11200,True
ep0,7908,7825,7825,forward,5885952,4096,11577,11584,True
ep0,7909,7826,7826,forward,5808128,4096,11425,11432,True
ep0,7910,7826,7826,forward,5836800,4096,11481,11488,True
ep0,7911,7827,7827,forward,5894144,4096,11593,11600,True
ep0,7912,7828,7828,forward,5693440,4096,11201,11208,True
ep0,7913,7829,7829,forward,5890048,4096,11585,11592,True
ep0,7914,7830,7830,forward,5812224,4096,11433,11440,True
ep0,7915,7830,7830,forward,5840896,4096,11489,11496,True
ep0,7916,7831,7831,forward,5898240,4096,11601,11608,True
ep0,7917,7832,7832,forward,5697536,4096,11209,11216,True
ep0,7918,7833,7833,forward,5894144,4096,11593,11600,True
ep0,7919,7834,7834,forward,5816320,4096,11441,11448,True
ep0,7920,7834,7834,forward,5844992,4096,11497,11504,True
ep0,7921,7835,7835,forward,5902336,4096,11609,11616,True
ep0,7922,7836,7836,forward,5701632,4096,11217,11224,True
ep0,7923,7837,7837,forward,5898240,4096,11601,11608,True
ep0,7924,7838,7838,forward,5820416,4096,11449,11456,True
ep0,7925,7838,7838,forward,5849088,4096,11505,11512,True
ep0,7926,7839,7839,forward,5705728,4096,11225,11232,True
ep0,7927,7839,7841,backward,5902336,8192,11609,11624,True
ep0,7928,7842,7842,forward,5824512,4096,11457,11464,True
ep0,7929,7842,7842,forward,5853184,4096,11513,11520,True
ep0,7930,7843,7843,forward,5709824,4096,11233,11240,True
ep0,7931,7843,7845,backward,5906432,8192,11617,11632,True
ep0,7932,7846,7846,forward,5828608,4096,11465,11472,True
ep0,7933,7846,7846,forward,5857280,4096,11521,11528,True
ep0,7934,7847,7847,forward,5713920,4096,11241,11248,True
ep0,7935,7847,7849,backward,5910528,8192,11625,11640,True
ep0,7936,7850,7850,forward,5832704,4096,11473,11480,True
ep0,7937,7850,7850,forward,5861376,4096,11529,11536,True
ep0,7938,7851,7851,forward,5718016,4096,11249,11256,True
ep0,7939,7851,7851,forward,5918720,4096,11641,11648,True
ep0,7940,7853,7853,forward,5865472,4096,11537,11544,True
ep0,7941,7853,7853,forward,5914624,4096,11633,11640,True
ep0,7942,7854,7854,forward,5836800,4096,11481,11488,True
ep0,7943,7854,7854,forward,5922816,4096,11649,11656,True
ep0,7944,7855,7855,forward,5722112,4096,11257,11264,True
ep0,7945,7856,7856,forward,5918720,4096,11641,11648,True
ep0,7946,7857,7857,forward,5869568,4096,11545,11552,True
ep0,7947,7858,7858,forward,5840896,4096,11489,11496,True
ep0,7948,7858,7858,forward,5926912,4096,11657,11664,True
ep0,7949,7859,7859,forward,5726208,4096,11265,11272,True
ep0,7950,7860,7860,forward,5922816,4096,11649,11656,True
ep0,7951,7861,7861,forward,5873664,4096,11553,11560,True
ep0,7952,7862,7862,forward,5844992,4096,11497,11504,True
ep0,7953,7862,7862,forward,5931008,4096,11665,11672,True
ep0,7954,7863,7863,forward,5730304,4096,11273,11280,True
ep0,7955,7864,7864,forward,5926912,4096,11657,11664,True
ep0,7956,7865,7865,forward,5877760,4096,11561,11568,True
ep0,7957,7866,7866,forward,5849088,4096,11505,11512,True
ep0,7958,7866,7866,forward,5935104,4096,11673,11680,True
ep0,7959,7867,7867,forward,5734400,4096,11281,11288,True
ep0,7960,7868,7868,forward,5931008,4096,11665,11672,True
ep0,7961,7870,7870,forward,5853184,4096,11513,11520,True
ep0,7962,7870,7870,forward,5881856,4096,11569,11576,True
ep0,7963,7870,7870,forward,5939200,4096,11681,11688,True
ep0,7964,7871,7871,forward,5738496,4096,11289,11296,True
ep0,7965,7872,7872,forward,5935104,4096,11673,11680,True
ep0,7966,7874,7874,forward,5857280,4096,11521,11528,True
ep0,7967,7874,7874,forward,5742592,4096,11297,11304,True
ep0,7968,7874,7874,forward,5885952,4096,11577,11584,True
ep0,7969,7874,7876,backward,5939200,8192,11681,11696,True
ep0,7970,7877,7877,forward,5890048,4096,11585,11592,True
ep0,7971,7878,7878,forward,5861376,4096,11529,11536,True
ep0,7972,7878,7878,forward,5746688,4096,11305,11312,True
ep0,7973,7878,7880,backward,5943296,8192,11689,11704,True
ep0,7974,7882,7882,forward,5865472,4096,11537,11544,True
ep0,7975,7882,7882,forward,5750784,4096,11313,11320,True
ep0,7976,7882,7882,forward,5894144,4096,11593,11600,True
ep0,7977,7882,7884,backward,5947392,8192,11697,11712,True
ep0,7978,7885,7885,forward,5898240,4096,11601,11608,True
ep0,7979,7886,7886,forward,5869568,4096,11545,11552,True
ep0,7980,7886,7886,forward,5754880,4096,11321,11328,True
ep0,7981,7886,7888,backward,5951488,8192,11705,11720,True
ep0,7982,7889,7889,forward,5902336,4096,11609,11616,True
ep0,7983,7890,7890,forward,5873664,4096,11553,11560,True
ep0,7984,7890,7890,forward,5758976,4096,11329,11336,True
ep0,7985,7890,7892,backward,5955584,8192,11713,11728,True
ep0,7986,7893,7893,forward,5906432,4096,11617,11624,True
ep0,7987,7893,7893,forward,5963776,4096,11729,11736,True
ep0,7988,7894,7894,forward,5877760,4096,11561,11568,True
ep0,7989,7894,7894,forward,5763072,4096,11337,11344,True
ep0,7990,7895,7895,forward,5959680,4096,11721,11728,True
ep0,7991,7897,7897,forward,5767168,4096,11345,11352,True
ep0,7992,7897,7897,forward,5910528,4096,11625,11632,True
ep0,7993,7897,7897,forward,5967872,4096,11737,11744,True
ep0,7994,7898,7898,forward,5881856,4096,11569,11576,True
ep0,7995,7899,7899,forward,5963776,4096,11729,11736,True
ep0,7996,7901,7901,forward,5771264,4096,11353,11360,True
ep0,7997,7901,7901,forward,5914624,4096,11633,11640,True
ep0,7998,7901,7901,forward,5971968,4096,11745,11752,True
ep0,7999,7902,7902,forward,5885952,4096,11577,11584,True
ep0,8000,7903,7903,forward,5967872,4096,11737,11744,True
ep0,8001,7905,7905,forward,5775360,4096,11361,11368,True
ep0,8002,7905,7905,forward,5918720,4096,11641,11648,True
ep0,8003,7905,7905,forward,5976064,4096,11753,11760,True
ep0,8004,7906,7906,forward,5890048,4096,11585,11592,True
ep0,8005,7907,7907,forward,5971968,4096,11745,11752,True
ep0,8006,7909,7909,forward,5779456,4096,11369,11376,True
ep0,8007,7909,7909,forward,5922816,4096,11649,11656,True
ep0,8008,7909,7909,forward,5980160,4096,11761,11768,True
ep0,8009,7910,7910,forward,5894144,4096,11593,11600,True
ep0,8010,7911,7911,forward,5976064,4096,11753,11760,True
ep0,8011,7913,7913,forward,5783552,4096,11377,11384,True
ep0,8012,7913,7913,forward,5926912,4096,11657,11664,True
ep0,8013,7913,7913,forward,5984256,4096,11769,11776,True
ep0,8014,7914,7914,forward,5898240,4096,11601,11608,True
ep0,8015,7915,7915,forward,5980160,4096,11761,11768,True
ep0,8016,7916,7916,forward,5931008,4096,11665,11672,True
ep0,8017,7917,7917,forward,5787648,4096,11385,11392,True
ep0,8018,7917,7917,forward,5988352,4096,11777,11784,True
ep0,8019,7918,7918,forward,5902336,4096,11609,11616,True
ep0,8020,7919,7919,forward,5984256,4096,11769,11776,True
ep0,8021,7920,7920,forward,5935104,4096,11673,11680,True
ep0,8022,7921,7921,forward,5791744,4096,11393,11400,True
ep0,8023,7921,7921,forward,5992448,4096,11785,11792,True
ep0,8024,7922,7922,forward,5906432,4096,11617,11624,True
ep0,8025,7923,7923,forward,5988352,4096,11777,11784,True
ep0,8026,7924,7924,forward,5939200,4096,11681,11688,True
ep0,8027,7924,7924,forward,5996544,4096,11793,11800,True
ep0,8028,7925,7925,forward,5795840,4096,11401,11408,True
ep0,8029,7926,7926,forward,5910528,4096,11625,11632,True
ep0,8030,7927,7927,forward,5992448,4096,11785,11792,True
ep0,8031,7928,7928,forward,5943296,4096,11689,11696,True
ep0,8032,7928,7928,forward,6000640,4096,11801,11808,True
ep0,8033,7929,7929,forward,5914624,4096,11633,11640,True
ep0,8034,7929,7929,forward,5799936,4096,11409,11416,True
ep0,8035,7931,7931,forward,5996544,4096,11793,11800,True
ep0,8036,7932,7932,forward,5947392,4096,11697,11704,True
ep0,8037,7932,7932,forward,6004736,4096,11809,11816,True
ep0,8038,7933,7933,forward,5918720,4096,11641,11648,True
ep0,8039,7933,7933,forward,5804032,4096,11417,11424,True
ep0,8040,7935,7935,forward,6000640,4096,11801,11808,True
ep0,8041,7936,7936,forward,5951488,4096,11705,11712,True
ep0,8042,7936,7936,forward,6008832,4096,11817,11824,True
ep0,8043,7937,7937,forward,5922816,4096,11649,11656,True
ep0,8044,7937,7937,forward,5808128,4096,11425,11432,True
ep0,8045,7939,7939,forward,6004736,4096,11809,11816,True
ep0,8046,7940,7940,forward,5955584,4096,11713,11720,True
ep0,8047,7940,7940,forward,6012928,4096,11825,11832,True
ep0,8048,7941,7941,forward,5926912,4096,11657,11664,True
ep0,8049,7941,7941,forward,5812224,4096,11433,11440,True
ep0,8050,7943,7943,forward,5959680,4096,11721,11728,True
ep0,8051,7943,7943,forward,6008832,4096,11817,11824,True
ep0,8052,7944,7944,forward,6017024,4096,11833,11840,True
ep0,8053,7945,7945,forward,5931008,4096,11665,11672,True
ep0,8054,7945,7945,forward,5816320,4096,11441,11448,True
ep0,8055,7947,7947,forward,5963776,4096,11729,11736,True
ep0,8056,7947,7947,forward,6012928,4096,11825,11832,True
ep0,8057,7948,7948,forward,6021120,4096,11841,11848,True
ep0,8058,7949,7949,forward,5935104,4096,11673,11680,True
ep0,8059,7949,7949,forward,5820416,4096,11449,11456,True
ep0,8060,7951,7951,forward,5967872,4096,11737,11744,True
ep0,8061,7951,7951,forward,6017024,4096,11833,11840,True
ep0,8062,7952,7952,forward,6025216,4096,11849,11856,True
ep0,8063,7953,7953,forward,5939200,4096,11681,11688,True
ep0,8064,7953,7953,forward,5824512,4096,11457,11464,True
ep0,8065,7955,7955,forward,5971968,4096,11745,11752,True
ep0,8066,7955,7955,forward,6029312,4096,11857,11864,True
ep0,8067,7955,7955,forward,6021120,4096,11841,11848,True
ep0,8068,7957,7957,forward,5943296,4096,11689,11696,True
ep0,8069,7957,7957,forward,5828608,4096,11465,11472,True
ep0,8070,7959,7959,forward,5976064,4096,11753,11760,True
ep0,8071,7959,7959,forward,6033408,4096,11865,11872,True
ep0,8072,7959,7959,forward,6025216,4096,11849,11856,True
ep0,8073,7961,7961,forward,5947392,4096,11697,11704,True
ep0,8074,7961,7961,forward,5832704,4096,11473,11480,True
ep0,8075,7963,7963,forward,5980160,4096,11761,11768,True
ep0,8076,7963,7963,forward,6037504,4096,11873,11880,True
ep0,8077,7963,7963,forward,6029312,4096,11857,11864,True
ep0,8078,7964,7964,forward,5951488,4096,11705,11712,True
ep0,8079,7965,7965,forward,5836800,4096,11481,11488,True
ep0,8080,7966,7966,forward,6033408,4096,11865,11872,True
ep0,8081,7967,7967,forward,5984256,4096,11769,11776,True
ep0,8082,7967,7967,forward,6041600,4096,11881,11888,True
ep0,8083,7968,7968,forward,5955584,4096,11713,11720,True
ep0,8084,7968,7968,forward,5840896,4096,11489,11496,True
ep0,8085,7970,7970,forward,6037504,4096,11873,11880,True
ep0,8086,7971,7971,forward,5988352,4096,11777,11784,True
ep0,8087,7971,7971,forward,6045696,4096,11889,11896,True
ep0,8088,7972,7972,forward,5959680,4096,11721,11728,True
ep0,8089,7972,7972,forward,5844992,4096,11497,11504,True
ep0,8090,7974,7974,forward,6041600,4096,11881,11888,True
ep0,8091,7975,7975,forward,5992448,4096,11785,11792,True
ep0,8092,7975,7975,forward,6049792,4096,11897,11904,True
ep0,8093,7976,7976,forward,5963776,4096,11729,11736,True
ep0,8094,7976,7976,forward,5849088,4096,11505,11512,True
ep0,8095,7978,7978,forward,6045696,4096,11889,11896,True
ep0,8096,7979,7979,forward,5996544,4096,11793,11800,True
ep0,8097,7979,7979,forward,6053888,4096,11905,11912,True
ep0,8098,7980,7980,forward,5967872,4096,11737,11744,True
ep0,8099,7980,7980,forward,5853184,4096,11513,11520,True
ep0,8100,7982,7982,forward,6049792,4096,11897,11904,True
ep0,8101,7983,7983,forward,6000640,4096,11801,11808,True
ep0,8102,7983,7983,forward,6057984,4096,11913,11920,True
ep0,8103,7984,7984,forward,5971968,4096,11745,11752,True
ep0,8104,7984,7984,forward,5857280,4096,11521,11528,True
ep0,8105,7986,7986,forward,6053888,4096,11905,11912,True
ep0,8106,7987,7987,forward,5861376,4096,11529,11536,True
ep0,8107,7987,7987,forward,6062080,4096,11921,11928,True
ep0,8108,7988,7988,forward,5976064,4096,11753,11760,True
ep0,8109,7988,7988,forward,6004736,4096,11809,11816,True
ep0,8110,7990,7990,forward,6057984,4096,11913,11920,True
ep0,8111,7991,7991,forward,5865472,4096,11537,11544,True
ep0,8112,7991,7991,forward,6008832,4096,11817,11824,True
ep0,8113,7991,7991,forward,6066176,4096,11929,11936,True
ep0,8114,7992,7992,forward,5980160,4096,11761,11768,True
ep0,8115,7993,7993,forward,6062080,4096,11921,11928,True
ep0,8116,7995,7995,forward,5869568,4096,11545,11552,True
ep0,8117,7995,7995,forward,6012928,4096,11825,11832,True
ep0,8118,7995,7995,forward,6070272,4096,11937,11944,True
ep0,8119,7996,7996,forward,5984256,4096,11769,11776,True
ep0,8120,7997,7997,forward,6066176,4096,11929,11936,True
ep0,8121,7999,7999,forward,5873664,4096,11553,11560,True
ep0,8122,7999,7999,forward,6017024,4096,11833,11840,True
ep0,8123,7999,7999,forward,6074368,4096,11945,11952,True
ep0,8124,8000,8000,forward,5988352,4096,11777,11784,True
ep0,8125,8001,8001,forward,6070272,4096,11937,11944,True
ep0,8126,8003,8003,forward,5877760,4096,11561,11568,True
ep0,8127,8003,8003,forward,6021120,4096,11841,11848,True
ep0,8128,8003,8003,forward,6078464,4096,11953,11960,True
ep0,8129,8004,8004,forward,5992448,4096,11785,11792,True
ep0,8130,8005,8005,forward,6074368,4096,11945,11952,True
ep0,8131,8006,8006,forward,6082560,4096,11961,11968,True
ep0,8132,8007,8007,forward,5881856,4096,11569,11576,True
ep0,8133,8007,8007,forward,6025216,4096,11849,11856,True
ep0,8134,8008,8008,forward,5996544,4096,11793,11800,True
ep0,8135,8009,8009,forward,6078464,4096,11953,11960,True
ep0,8136,8010,8010,forward,6086656,4096,11969,11976,True
ep0,8137,8011,8011,forward,6000640,4096,11801,11808,True
ep0,8138,8011,8011,forward,5885952,4096,11577,11584,True
ep0,8139,8011,8011,forward,6029312,4096,11857,11864,True
ep0,8140,8012,8012,forward,6082560,4096,11961,11968,True
ep0,8141,8014,8014,forward,6033408,4096,11865,11872,True
ep0,8142,8014,8014,forward,6090752,4096,11977,11984,True
ep0,8143,8015,8015,forward,6004736,4096,11809,11816,True
ep0,8144,8015,8015,forward,5890048,4096,11585,11592,True
ep0,8145,8016,8016,forward,6086656,4096,11969,11976,True
ep0,8146,8018,8018,forward,6037504,4096,11873,11880,True
ep0,8147,8018,8018,forward,6094848,4096,11985,11992,True
ep0,8148,8019,8019,forward,6008832,4096,11817,11824,True
ep0,8149,8019,8019,forward,5894144,4096,11593,11600,True
ep0,8150,8020,8020,forward,6090752,4096,11977,11984,True
ep0,8151,8022,8022,forward,5898240,4096,11601,11608,True
ep0,8152,8022,8022,forward,6041600,4096,11881,11888,True
ep0,8153,8022,8022,forward,6098944,4096,11993,12000,True
ep0,8154,8023,8023,forward,6012928,4096,11825,11832,True
ep0,8155,8023,8023,forward,6094848,4096,11985,11992,True
ep0,8156,8026,8026,forward,5902336,4096,11609,11616,True
ep0,8157,8026,8026,forward,6045696,4096,11889,11896,True
ep0,8158,8026,8026,forward,6103040,4096,12001,12008,True
ep0,8159,8027,8027,forward,6017024,4096,11833,11840,True
ep0,8160,8027,8027,forward,6098944,4096,11993,12000,True
ep0,8161,8030,8030,forward,5906432,4096,11617,11624,True
ep0,8162,8030,8030,forward,6049792,4096,11897,11904,True
ep0,8163,8030,8030,forward,6107136,4096,12009,12016,True
ep0,8164,8031,8031,forward,6021120,4096,11841,11848,True
ep0,8165,8031,8031,forward,6103040,4096,12001,12008,True
ep0,8166,8034,8034,forward,6025216,4096,11849,11856,True
ep0,8167,8034,8034,forward,5910528,4096,11625,11632,True
ep0,8168,8034,8034,forward,6053888,4096,11905,11912,True
ep0,8169,8034,8035,backward,6107136,8192,12009,12024,True
ep0,8170,8038,8038,forward,6029312,4096,11857,11864,True
ep0,8171,8038,8038,forward,5914624,4096,11633,11640,True
ep0,8172,8038,8038,forward,6057984,4096,11913,11920,True
ep0,8173,8038,8039,backward,6111232,8192,12017,12032,True
ep0,8174,8042,8042,forward,6033408,4096,11865,11872,True
ep0,8175,8042,8042,forward,5918720,4096,11641,11648,True
ep0,8176,8042,8042,forward,6062080,4096,11921,11928,True
ep0,8177,8042,8043,backward,6115328,8192,12025,12040,True
ep0,8178,8046,8046,forward,6037504,4096,11873,11880,True
ep0,8179,8046,8046,forward,5922816,4096,11649,11656,True
ep0,8180,8046,8046,forward,6066176,4096,11929,11936,True
ep0,8181,8046,8047,backward,6119424,8192,12033,12048,True
ep0,8182,8049,8049,forward,5926912,4096,11657,11664,True
ep0,8183,8050,8050,forward,6041600,4096,11881,11888,True
ep0,8184,8050,8050,forward,6070272,4096,11937,11944,True
ep0,8185,8050,8051,backward,6123520,8192,12041,12056,True
ep0,8186,8053,8053,forward,6074368,4096,11945,11952,True
ep0,8187,8053,8053,forward,6131712,4096,12057,12064,True
ep0,8188,8054,8054,forward,6045696,4096,11889,11896,True
ep0,8189,8054,8054,forward,5931008,4096,11665,11672,True
ep0,8190,8055,8055,forward,6127616,4096,12049,12056,True
ep0,8191,8057,8057,forward,6049792,4096,11897,11904,True
ep0,8192,8057,8057,forward,6078464,4096,11953,11960,True
ep0,8193,8057,8057,forward,6135808,4096,12065,12072,True
ep0,8194,8058,8058,forward,5935104,4096,11673,11680,True
ep0,8195,8059,8059,forward,6131712,4096,12057,12064,True
ep0,8196,8061,8061,forward,6053888,4096,11905,11912,True
ep0,8197,8061,8061,forward,6082560,4096,11961,11968,True
ep0,8198,8061,8061,forward,6139904,4096,12073,12080,True
ep0,8199,8062,8062,forward,5939200,4096,11681,11688,True
ep0,8200,8063,8063,forward,6135808,4096,12065,12072,True
ep0,8201,8065,8065,forward,6057984,4096,11913,11920,True
ep0,8202,8065,8065,forward,6086656,4096,11969,11976,True
ep0,8203,8065,8065,forward,6144000,4096,12081,12088,True
ep0,8204,8066,8066,forward,5943296,4096,11689,11696,True
ep0,8205,8067,8067,forward,6139904,4096,12073,12080,True
ep0,8206,8068,8068,forward,6148096,4096,12089,12096,True
ep0,8207,8069,8069,forward,6062080,4096,11921,11928,True
ep0,8208,8069,8069,forward,6090752,4096,11977,11984,True
ep0,8209,8070,8070,forward,5947392,4096,11697,11704,True
ep0,8210,8070,8070,forward,6144000,4096,12081,12088,True
ep0,8211,8072,8072,forward,6094848,4096,11985,11992,True
ep0,8212,8072,8072,forward,6152192,4096,12097,12104,True
ep0,8213,8073,8073,forward,6066176,4096,11929,11936,True
ep0,8214,8074,8074,forward,5951488,4096,11705,11712,True
ep0,8215,8074,8074,forward,6148096,4096,12089,12096,True
ep0,8216,8076,8076,forward,6070272,4096,11937,11944,True
ep0,8217,8076,8076,forward,6098944,4096,11993,12000,True
ep0,8218,8076,8076,forward,6156288,4096,12105,12112,True
ep0,8219,8078,8078,forward,5955584,4096,11713,11720,True
ep0,8220,8078,8078,forward,6152192,4096,12097,12104,True
ep0,8221,8080,8080,forward,6074368,4096,11945,11952,True
ep0,8222,8080,8080,forward,6103040,4096,12001,12008,True
ep0,8223,8080,8080,forward,6160384,4096,12113,12120,True
ep0,8224,8082,8082,forward,5959680,4096,11721,11728,True
ep0,8225,8082,8082,forward,6156288,4096,12105,12112,True
ep0,8226,8084,8084,forward,6078464,4096,11953,11960,True
ep0,8227,8084,8084,forward,6107136,4096,12009,12016,True
ep0,8228,8084,8084,forward,6164480,4096,12121,12128,True
ep0,8229,8086,8086,forward,5963776,4096,11729,11736,True
ep0,8230,8086,8086,forward,6160384,4096,12113,12120,True
ep0,8231,8087,8087,forward,6111232,4096,12017,12024,True
ep0,8232,8088,8088,forward,6082560,4096,11961,11968,True
ep0,8233,8088,8088,forward,6168576,4096,12129,12136,True
ep0,8234,8090,8090,forward,5967872,4096,11737,11744,True
ep0,8235,8090,8090,forward,6164480,4096,12121,12128,True
ep0,8236,8091,8091,forward,6115328,4096,12025,12032,True
ep0,8237,8092,8092,forward,6086656,4096,11969,11976,True
ep0,8238,8092,8092,forward,6172672,4096,12137,12144,True
ep0,8239,8093,8093,forward,5971968,4096,11745,11752,True
ep0,8240,8094,8094,forward,6168576,4096,12129,12136,True
ep0,8241,8095,8095,forward,6119424,4096,12033,12040,True
ep0,8242,8096,8096,forward,6090752,4096,11977,11984,True
ep0,8243,8096,8096,forward,6176768,4096,12145,12152,True
ep0,8244,8097,8097,forward,5976064,4096,11753,11760,True
ep0,8245,8098,8098,forward,6172672,4096,12137,12144,True
ep0,8246,8099,8099,forward,6123520,4096,12041,12048,True
ep0,8247,8100,8100,forward,6094848,4096,11985,11992,True
ep0,8248,8100,8100,forward,6180864,4096,12153,12160,True
ep0,8249,8101,8101,forward,5980160,4096,11761,11768,True
ep0,8250,8102,8102,forward,6176768,4096,12145,12152,True
ep0,8251,8104,8104,forward,6098944,4096,11993,12000,True
ep0,8252,8104,8104,forward,6184960,4096,12161,12168,True
ep0,8253,8105,8105,forward,5984256,4096,11769,11776,True
ep0,8254,8105,8105,forward,6127616,4096,12049,12056,True
ep0,8255,8106,8106,forward,6180864,4096,12153,12160,True
ep0,8256,8107,8107,forward,6189056,4096,12169,12176,True
ep0,8257,8108,8108,forward,6103040,4096,12001,12008,True
ep0,8258,8109,8109,forward,5988352,4096,11777,11784,True
ep0,8259,8109,8109,forward,6131712,4096,12057,12064,True
ep0,8260,8109,8109,forward,6184960,4096,12161,12168,True
ep0,8261,8111,8111,forward,6193152,4096,12177,12184,True
ep0,8262,8112,8112,forward,6107136,4096,12009,12016,True
ep0,8263,8112,8112,forward,6135808,4096,12065,12072,True
ep0,8264,8113,8113,forward,5992448,4096,11785,11792,True
ep0,8265,8113,8113,forward,6189056,4096,12169,12176,True
ep0,8266,8115,8115,forward,6197248,4096,12185,12192,True
ep0,8267,8116,8116,forward,6111232,4096,12017,12024,True
ep0,8268,8116,8116,forward,6139904,4096,12073,12080,True
ep0,8269,8117,8117,forward,5996544,4096,11793,11800,True
ep0,8270,8119,8119,forward,6201344,4096,12193,12200,True
ep0,8271,8121,8121,forward,6000640,4096,11801,11808,True
ep0,8272,8123,8123,forward,6205440,4096,12201,12208,True
ep0,8273,8124,8132,forward,6004736,12288,11809,11832,True
ep0,8274,8133,8133,forward,6115328,4096,12025,12032,True
ep0,8275,8134,8134,forward,6144000,4096,12081,12088,True
ep0,8276,8136,8136,forward,6017024,4096,11833,11840,True
ep0,8277,8137,8137,forward,6119424,4096,12033,12040,True
ep0,8278,8138,8138,forward,6148096,4096,12089,12096,True
ep0,8279,8140,8140,forward,6021120,4096,11841,11848,True
ep0,8280,8140,8140,forward,6209536,4096,12209,12216,True
ep0,8281,8141,8141,forward,6123520,4096,12041,12048,True
ep0,8282,8142,8142,forward,6152192,4096,12097,12104,True
ep0,8283,8143,8143,forward,6193152,4096,12177,12184,True
ep0,8284,8144,8144,forward,6025216,4096,11849,11856,True
ep0,8285,8145,8145,forward,6127616,4096,12049,12056,True
ep0,8286,8146,8146,forward,6156288,4096,12105,12112,True
ep0,8287,8147,8147,forward,6197248,4096,12185,12192,True
ep0,8288,8148,8148,forward,6029312,4096,11857,11864,True
ep0,8289,8149,8149,forward,6131712,4096,12057,12064,True
ep0,8290,8150,8150,forward,6160384,4096,12113,12120,True
ep0,8291,8151,8151,forward,6201344,4096,12193,12200,True
ep0,8292,8152,8152,forward,6033408,4096,11865,11872,True
ep0,8293,8153,8153,forward,6135808,4096,12065,12072,True
ep0,8294,8154,8154,forward,6164480,4096,12121,12128,True
ep0,8295,8154,8154,forward,6205440,4096,12201,12208,True
ep0,8296,8156,8156,forward,6037504,4096,11873,11880,True
ep0,8297,8157,8157,forward,6139904,4096,12073,12080,True
ep0,8298,8157,8157,forward,6168576,4096,12129,12136,True
ep0,8299,8158,8158,backward,6209536,8192,12209,12224,True
ep0,8300,8159,8159,forward,6041600,4096,11881,11888,True
ep0,8301,8161,8161,forward,6144000,4096,12081,12088,True
ep0,8302,8161,8161,forward,6172672,4096,12137,12144,True
ep0,8303,8162,8162,backward,6213632,8192,12217,12232,True
ep0,8304,8163,8163,forward,6045696,4096,11889,11896,True
ep0,8305,8165,8165,forward,6148096,4096,12089,12096,True
ep0,8306,8165,8165,forward,6176768,4096,12145,12152,True
ep0,8307,8166,8166,forward,6221824,4096,12233,12240,True
ep0,8308,8167,8167,forward,6049792,4096,11897,11904,True
ep0,8309,8169,8169,forward,6152192,4096,12097,12104,True
ep0,8310,8169,8169,forward,6180864,4096,12153,12160,True
ep0,8311,8170,8170,forward,6225920,4096,12241,12248,True
ep0,8312,8173,8173,forward,6156288,4096,12105,12112,True
ep0,8313,8173,8173,forward,6184960,4096,12161,12168,True
ep0,8314,8174,8174,forward,6230016,4096,12249,12256,True
ep0,8315,8176,8176,forward,6160384,4096,12113,12120,True
ep0,8316,8177,8177,forward,6189056,4096,12169,12176,True
ep0,8317,8178,8178,forward,6234112,4096,12257,12264,True
ep0,8318,8179,8179,forward,6217728,4096,12225,12232,True
ep0,8319,8180,8180,forward,6164480,4096,12121,12128,True
ep0,8320,8181,8181,forward,6193152,4096,12177,12184,True
ep0,8321,8181,8181,forward,6238208,4096,12265,12272,True
ep0,8322,8183,8183,forward,6221824,4096,12233,12240,True
ep0,8323,8184,8184,forward,6168576,4096,12129,12136,True
ep0,8324,8185,8185,forward,6053888,4096,11905,11912,True
ep0,8325,8185,8185,forward,6197248,4096,12185,12192,True
ep0,8326,8185,8185,forward,6242304,4096,12273,12280,True
ep0,8327,8187,8187,forward,6225920,4096,12241,12248,True
ep0,8328,8188,8188,forward,6172672,4096,12137,12144,True
ep0,8329,8188,8188,forward,6201344,4096,12193,12200,True
ep0,8330,8189,8189,forward,6057984,4096,11913,11920,True
ep0,8331,8189,8189,forward,6246400,4096,12281,12288,True
ep0,8332,8191,8191,forward,6176768,4096,12145,12152,True
ep0,8333,8191,8191,forward,6230016,4096,12249,12256,True
ep0,8334,8192,8192,forward,6205440,4096,12201,12208,True
ep0,8335,8193,8193,forward,6062080,4096,11921,11928,True
ep0,8336,8193,8193,forward,6250496,4096,12289,12296,True
ep0,8337,8195,8195,forward,6180864,4096,12153,12160,True
ep0,8338,8195,8195,forward,6234112,4096,12257,12264,True
ep0,8339,8196,8196,forward,6209536,4096,12209,12216,True
ep0,8340,8196,8196,forward,6254592,4096,12297,12304,True
ep0,8341,8197,8197,forward,6066176,4096,11929,11936,True
ep0,8342,8199,8199,forward,6184960,4096,12161,12168,True
ep0,8343,8199,8199,forward,6238208,4096,12265,12272,True
ep0,8344,8200,8200,forward,6213632,4096,12217,12224,True
ep0,8345,8200,8200,forward,6258688,4096,12305,12312,True
ep0,8346,8201,8201,forward,6070272,4096,11937,11944,True
ep0,8347,8203,8203,forward,6242304,4096,12273,12280,True
ep0,8348,8204,8204,forward,6262784,4096,12313,12320,True
ep0,8349,8205,8205,forward,6074368,4096,11945,11952,True
ep0,8350,8207,8207,forward,6246400,4096,12281,12288,True
ep0,8351,8208,8208,forward,6266880,4096,12321,12328,True
ep0,8352,8209,8209,forward,6078464,4096,11953,11960,True
ep0,8353,8211,8211,forward,6250496,4096,12289,12296,True
ep0,8354,8212,8212,forward,6270976,4096,12329,12336,True
ep0,8355,8213,8213,forward,6082560,4096,11961,11968,True
ep0,8356,8215,8215,forward,6254592,4096,12297,12304,True
ep0,8357,8216,8216,forward,6189056,4096,12169,12176,True
ep0,8358,8216,8216,forward,6086656,4096,11969,11976,True
ep0,8359,8216,8216,forward,6275072,4096,12337,12344,True
ep0,8360,8217,8217,forward,6217728,4096,12225,12232,True
ep0,8361,8219,8219,forward,6258688,4096,12305,12312,True
ep0,8362,8220,8220,forward,6193152,4096,12177,12184,True
ep0,8363,8220,8220,forward,6090752,4096,11977,11984,True
ep0,8364,8220,8220,forward,6279168,4096,12345,12352,True
ep0,8365,8221,8221,forward,6221824,4096,12233,12240,True
ep0,8366,8222,8222,forward,6262784,4096,12313,12320,True
ep0,8367,8224,8224,forward,6197248,4096,12185,12192,True
ep0,8368,8224,8224,forward,6094848,4096,11985,11992,True
ep0,8369,8224,8224,forward,6283264,4096,12353,12360,True
ep0,8370,8225,8225,forward,6225920,4096,12241,12248,True
ep0,8371,8226,8226,forward,6266880,4096,12321,12328,True
ep0,8372,8228,8228,forward,6201344,4096,12193,12200,True
ep0,8373,8228,8228,forward,6098944,4096,11993,12000,True
ep0,8374,8228,8228,forward,6287360,4096,12361,12368,True
ep0,8375,8229,8229,forward,6230016,4096,12249,12256,True
ep0,8376,8230,8230,forward,6270976,4096,12329,12336,True
ep0,8377,8231,8231,forward,6205440,4096,12201,12208,True
ep0,8378,8231,8231,forward,6291456,4096,12369,12376,True
ep0,8379,8232,8232,forward,6103040,4096,12001,12008,True
ep0,8380,8233,8233,forward,6234112,4096,12257,12264,True
ep0,8381,8234,8234,forward,6275072,4096,12337,12344,True
ep0,8382,8235,8235,forward,6107136,4096,12009,12016,True
ep0,8383,8235,8235,forward,6295552,4096,12377,12384,True
ep0,8384,8236,8236,forward,6209536,4096,12209,12216,True
ep0,8385,8237,8237,forward,6238208,4096,12265,12272,True
ep0,8386,8237,8237,forward,6279168,4096,12345,12352,True
ep0,8387,8239,8239,forward,6111232,4096,12017,12024,True
ep0,8388,8239,8239,forward,6299648,4096,12385,12392,True
ep0,8389,8240,8240,forward,6213632,4096,12217,12224,True
ep0,8390,8241,8241,forward,6242304,4096,12273,12280,True
ep0,8391,8241,8241,forward,6283264,4096,12353,12360,True
ep0,8392,8243,8243,forward,6115328,4096,12025,12032,True
ep0,8393,8243,8243,forward,6303744,4096,12393,12400,True
ep0,8394,8244,8244,forward,6217728,4096,12225,12232,True
ep0,8395,8244,8244,forward,6246400,4096,12281,12288,True
ep0,8396,8245,8245,forward,6287360,4096,12361,12368,True
ep0,8397,8247,8247,forward,6221824,4096,12233,12240,True
ep0,8398,8247,8247,forward,6119424,4096,12033,12040,True
ep0,8399,8247,8247,forward,6307840,4096,12401,12408,True
ep0,8400,8249,8249,forward,6250496,4096,12289,12296,True
ep0,8401,8249,8249,forward,6291456,4096,12369,12376,True
ep0,8402,8251,8251,forward,6225920,4096,12241,12248,True
ep0,8403,8251,8251,forward,6123520,4096,12041,12048,True
ep0,8404,8251,8251,forward,6311936,4096,12409,12416,True
ep0,8405,8252,8252,forward,6295552,4096,12377,12384,True
ep0,8406,8253,8253,forward,6254592,4096,12297,12304,True
ep0,8407,8255,8255,forward,6230016,4096,12249,12256,True
ep0,8408,8255,8255,forward,6127616,4096,12049,12056,True
ep0,8409,8255,8255,forward,6316032,4096,12417,12424,True
ep0,8410,8256,8256,forward,6299648,4096,12385,12392,True
ep0,8411,8257,8257,forward,6258688,4096,12305,12312,True
ep0,8412,8259,8259,forward,6234112,4096,12257,12264,True
ep0,8413,8259,8259,forward,6131712,4096,12057,12064,True
ep0,8414,8259,8259,forward,6320128,4096,12425,12432,True
ep0,8415,8260,8260,forward,6303744,4096,12393,12400,True
ep0,8416,8261,8261,forward,6262784,4096,12313,12320,True
ep0,8417,8262,8262,forward,6324224,4096,12433,12440,True
ep0,8418,8263,8263,forward,6238208,4096,12265,12272,True
ep0,8419,8264,8264,forward,6307840,4096,12401,12408,True
ep0,8420,8265,8265,forward,6266880,4096,12321,12328,True
ep0,8421,8266,8266,forward,6328320,4096,12441,12448,True
ep0,8422,8267,8267,forward,6242304,4096,12273,12280,True
ep0,8423,8268,8268,forward,6311936,4096,12409,12416,True
ep0,8424,8269,8269,forward,6270976,4096,12329,12336,True
ep0,8425,8270,8270,forward,6332416,4096,12449,12456,True
ep0,8426,8271,8271,forward,6246400,4096,12281,12288,True
ep0,8427,8271,8271,forward,6316032,4096,12417,12424,True
ep0,8428,8273,8273,forward,6275072,4096,12337,12344,True
ep0,8429,8274,8274,forward,6250496,4096,12289,12296,True
ep0,8430,8274,8274,forward,6336512,4096,12457,12464,True
ep0,8431,8275,8275,forward,6320128,4096,12425,12432,True
ep0,8432,8276,8276,forward,6279168,4096,12345,12352,True
ep0,8433,8277,8277,forward,6135808,4096,12065,12072,True
ep0,8434,8278,8278,forward,6254592,4096,12297,12304,True
ep0,8435,8278,8278,forward,6340608,4096,12465,12472,True
ep0,8436,8279,8279,forward,6324224,4096,12433,12440,True
ep0,8437,8280,8280,forward,6139904,4096,12073,12080,True
ep0,8438,8280,8280,forward,6283264,4096,12353,12360,True
ep0,8439,8282,8282,forward,6258688,4096,12305,12312,True
ep0,8440,8282,8282,forward,6344704,4096,12473,12480,True
ep0,8441,8283,8283,forward,6328320,4096,12441,12448,True
ep0,8442,8284,8284,forward,6144000,4096,12081,12088,True
ep0,8443,8284,8284,forward,6287360,4096,12361,12368,True
ep0,8444,8286,8286,forward,6262784,4096,12313,12320,True
ep0,8445,8286,8286,forward,6348800,4096,12481,12488,True
ep0,8446,8287,8287,forward,6332416,4096,12449,12456,True
ep0,8447,8288,8288,forward,6148096,4096,12089,12096,True
ep0,8448,8288,8288,forward,6291456,4096,12369,12376,True
ep0,8449,8290,8290,forward,6266880,4096,12321,12328,True
ep0,8450,8290,8290,forward,6352896,4096,12489,12496,True
ep0,8451,8291,8291,forward,6336512,4096,12457,12464,True
ep0,8452,8292,8292,forward,6152192,4096,12097,12104,True
ep0,8453,8292,8292,forward,6295552,4096,12377,12384,True
ep0,8454,8294,8294,forward,6270976,4096,12329,12336,True
ep0,8455,8294,8294,forward,6356992,4096,12497,12504,True
ep0,8456,8295,8295,forward,6340608,4096,12465,12472,True
ep0,8457,8296,8296,forward,6156288,4096,12105,12112,True
ep0,8458,8296,8296,forward,6299648,4096,12385,12392,True
ep0,8459,8298,8298,forward,6275072,4096,12337,12344,True
ep0,8460,8298,8298,forward,6361088,4096,12505,12512,True
ep0,8461,8298,8298,forward,6344704,4096,12473,12480,True
ep0,8462,8300,8300,forward,6160384,4096,12113,12120,True
ep0,8463,8300,8300,forward,6303744,4096,12393,12400,True
ep0,8464,8302,8302,forward,6279168,4096,12345,12352,True
ep0,8465,8302,8302,forward,6365184,4096,12513,12520,True
ep0,8466,8303,8303,forward,6307840,4096,12401,12408,True
ep0,8467,8303,8303,forward,6348800,4096,12481,12488,True
ep0,8468,8304,8304,forward,6164480,4096,12121,12128,True
ep0,8469,8305,8305,forward,6283264,4096,12353,12360,True
ep0,8470,8305,8305,forward,6369280,4096,12521,12528,True
ep0,8471,8306,8306,forward,6352896,4096,12489,12496,True
ep0,8472,8307,8307,forward,6311936,4096,12409,12416,True
ep0,8473,8308,8308,forward,6168576,4096,12129,12136,True
ep0,8474,8309,8309,forward,6287360,4096,12361,12368,True
ep0,8475,8309,8309,forward,6373376,4096,12529,12536,True
ep0,8476,8310,8310,forward,6356992,4096,12497,12504,True
ep0,8477,8311,8311,forward,6172672,4096,12137,12144,True
ep0,8478,8311,8311,forward,6316032,4096,12417,12424,True
ep0,8479,8313,8313,forward,6291456,4096,12369,12376,True
ep0,8480,8313,8313,forward,6377472,4096,12537,12544,True
ep0,8481,8314,8314,forward,6361088,4096,12505,12512,True
ep0,8482,8315,8315,forward,6320128,4096,12425,12432,True
ep0,8483,8316,8316,forward,6176768,4096,12145,12152,True
ep0,8484,8317,8317,forward,6295552,4096,12377,12384,True
ep0,8485,8317,8317,forward,6381568,4096,12545,12552,True
ep0,8486,8318,8318,forward,6324224,4096,12433,12440,True
ep0,8487,8318,8318,forward,6365184,4096,12513,12520,True
ep0,8488,8320,8320,forward,6299648,4096,12385,12392,True
ep0,8489,8320,8320,forward,6180864,4096,12153,12160,True
ep0,8490,8321,8321,forward,6385664,4096,12553,12560,True
ep0,8491,8322,8322,forward,6328320,4096,12441,12448,True
ep0,8492,8322,8322,forward,6369280,4096,12521,12528,True
ep0,8493,8324,8324,forward,6303744,4096,12393,12400,True
ep0,8494,8324,8324,forward,6184960,4096,12161,12168,True
ep0,8495,8325,8325,forward,6389760,4096,12561,12568,True
ep0,8496,8326,8326,forward,6332416,4096,12449,12456,True
ep0,8497,8326,8326,forward,6373376,4096,12529,12536,True
ep0,8498,8327,8327,forward,6189056,4096,12169,12176,True
ep0,8499,8328,8328,forward,6307840,4096,12401,12408,True
ep0,8500,8328,8328,forward,6393856,4096,12569,12576,True
ep0,8501,8330,8330,forward,6336512,4096,12457,12464,True
ep0,8502,8330,8330,forward,6377472,4096,12537,12544,True
ep0,8503,8331,8331,forward,6193152,4096,12177,12184,True
ep0,8504,8332,8332,forward,6311936,4096,12409,12416,True
ep0,8505,8332,8332,forward,6397952,4096,12577,12584,True
ep0,8506,8334,8334,forward,6340608,4096,12465,12472,True
ep0,8507,8334,8334,forward,6381568,4096,12545,12552,True
ep0,8508,8335,8335,forward,6197248,4096,12185,12192,True
ep0,8509,8336,8336,forward,6316032,4096,12417,12424,True
ep0,8510,8336,8336,forward,6402048,4096,12585,12592,True
ep0,8511,8338,8338,forward,6344704,4096,12473,12480,True
ep0,8512,8338,8338,forward,6385664,4096,12553,12560,True
ep0,8513,8339,8339,forward,6320128,4096,12425,12432,True
ep0,8514,8339,8339,forward,6201344,4096,12193,12200,True
ep0,8515,8340,8340,forward,6406144,4096,12593,12600,True
ep0,8516,8342,8342,forward,6348800,4096,12481,12488,True
ep0,8517,8342,8342,forward,6389760,4096,12561,12568,True
ep0,8518,8343,8343,forward,6324224,4096,12433,12440,True
ep0,8519,8343,8343,forward,6205440,4096,12201,12208,True
ep0,8520,8344,8344,forward,6410240,4096,12601,12608,True
ep0,8521,8345,8345,forward,6393856,4096,12569,12576,True
ep0,8522,8346,8346,forward,6352896,4096,12489,12496,True
ep0,8523,8347,8347,forward,6328320,4096,12441,12448,True
ep0,8524,8347,8347,forward,6209536,4096,12209,12216,True
ep0,8525,8348,8348,forward,6414336,4096,12609,12616,True
ep0,8526,8349,8349,forward,6397952,4096,12577,12584,True
ep0,8527,8350,8350,forward,6356992,4096,12497,12504,True
ep0,8528,8351,8351,forward,6213632,4096,12217,12224,True
ep0,8529,8352,8352,forward,6332416,4096,12449,12456,True
ep0,8530,8352,8352,forward,6418432,4096,12617,12624,True
ep0,8531,8353,8353,forward,6361088,4096,12505,12512,True
ep0,8532,8353,8353,forward,6402048,4096,12585,12592,True
ep0,8533,8355,8355,forward,6336512,4096,12457,12464,True
ep0,8534,8355,8355,forward,6217728,4096,12225,12232,True
ep0,8535,8356,8356,forward,6422528,4096,12625,12632,True
ep0,8536,8357,8357,forward,6365184,4096,12513,12520,True
ep0,8537,8357,8357,forward,6406144,4096,12593,12600,True
ep0,8538,8359,8359,forward,6221824,4096,12233,12240,True
ep0,8539,8360,8360,forward,6340608,4096,12465,12472,True
ep0,8540,8360,8360,forward,6426624,4096,12633,12640,True
ep0,8541,8361,8361,forward,6369280,4096,12521,12528,True
ep0,8542,8361,8361,forward,6410240,4096,12601,12608,True
ep0,8543,8363,8363,forward,6225920,4096,12241,12248,True
ep0,8544,8364,8364,forward,6344704,4096,12473,12480,True
ep0,8545,8364,8364,forward,6430720,4096,12641,12648,True
ep0,8546,8365,8365,forward,6414336,4096,12609,12616,True
ep0,8547,8366,8366,forward,6373376,4096,12529,12536,True
ep0,8548,8367,8367,forward,6348800,4096,12481,12488,True
ep0,8549,8367,8367,forward,6230016,4096,12249,12256,True
ep0,8550,8368,8368,forward,6434816,4096,12649,12656,True
ep0,8551,8369,8369,forward,6418432,4096,12617,12624,True
ep0,8552,8370,8370,forward,6234112,4096,12257,12264,True
ep0,8553,8370,8370,forward,6377472,4096,12537,12544,True
ep0,8554,8371,8371,forward,6352896,4096,12489,12496,True
ep0,8555,8372,8372,forward,6438912,4096,12657,12664,True
ep0,8556,8373,8373,forward,6422528,4096,12625,12632,True
ep0,8557,8374,8374,forward,6238208,4096,12265,12272,True
ep0,8558,8374,8374,forward,6381568,4096,12545,12552,True
ep0,8559,8375,8375,forward,6356992,4096,12497,12504,True
ep0,8560,8376,8376,forward,6443008,4096,12665,12672,True
ep0,8561,8377,8377,forward,6426624,4096,12633,12640,True
ep0,8562,8378,8378,forward,6242304,4096,12273,12280,True
ep0,8563,8378,8378,forward,6385664,4096,12553,12560,True
ep0,8564,8379,8379,forward,6361088,4096,12505,12512,True
ep0,8565,8380,8380,forward,6447104,4096,12673,12680,True
ep0,8566,8381,8381,forward,6389760,4096,12561,12568,True
ep0,8567,8381,8381,forward,6430720,4096,12641,12648,True
ep0,8568,8382,8382,forward,6365184,4096,12513,12520,True
ep0,8569,8382,8382,forward,6246400,4096,12281,12288,True
ep0,8570,8383,8383,forward,6451200,4096,12681,12688,True
ep0,8571,8384,8384,forward,6434816,4096,12649,12656,True
ep0,8572,8385,8385,forward,6393856,4096,12569,12576,True
ep0,8573,8386,8386,forward,6369280,4096,12521,12528,True
ep0,8574,8386,8386,forward,6250496,4096,12289,12296,True
ep0,8575,8387,8387,forward,6455296,4096,12689,12696,True
ep0,8576,8388,8388,forward,6438912,4096,12657,12664,True
ep0,8577,8389,8389,forward,6397952,4096,12577,12584,True
ep0,8578,8390,8390,forward,6254592,4096,12297,12304,True
ep0,8579,8391,8391,forward,6373376,4096,12529,12536,True
ep0,8580,8391,8391,forward,6459392,4096,12697,12704,True
ep0,8581,8392,8392,forward,6443008,4096,12665,12672,True
ep0,8582,8393,8393,forward,6402048,4096,12585,12592,True
ep0,8583,8394,8394,forward,6377472,4096,12537,12544,True
ep0,8584,8394,8394,forward,6258688,4096,12305,12312,True
ep0,8585,8395,8395,forward,6463488,4096,12705,12712,True
ep0,8586,8396,8396,forward,6447104,4096,12673,12680,True
ep0,8587,8397,8397,forward,6406144,4096,12593,12600,True
ep0,8588,8398,8398,forward,6381568,4096,12545,12552,True
ep0,8589,8398,8398,forward,6262784,4096,12313,12320,True
ep0,8590,8399,8399,forward,6467584,4096,12713,12720,True
ep0,8591,8400,8400,forward,6451200,4096,12681,12688,True
ep0,8592,8401,8401,forward,6410240,4096,12601,12608,True
ep0,8593,8402,8402,forward,6385664,4096,12553,12560,True
ep0,8594,8402,8402,forward,6266880,4096,12321,12328,True
ep0,8595,8404,8404,forward,6471680,4096,12721,12728,True
ep0,8596,8404,8404,forward,6455296,4096,12689,12696,True
ep0,8597,8405,8405,forward,6270976,4096,12329,12336,True
ep0,8598,8405,8405,forward,6414336,4096,12609,12616,True
ep0,8599,8406,8406,forward,6389760,4096,12561,12568,True
ep0,8600,8408,8408,forward,6475776,4096,12729,12736,True
ep0,8601,8408,8408,forward,6459392,4096,12697,12704,True
ep0,8602,8409,8409,forward,6393856,4096,12569,12576,True
ep0,8603,8409,8409,forward,6275072,4096,12337,12344,True
ep0,8604,8409,8409,forward,6418432,4096,12617,12624,True
ep0,8605,8411,8411,forward,6479872,4096,12737,12744,True
ep0,8606,8412,8412,forward,6463488,4096,12705,12712,True
ep0,8607,8413,8413,forward,6397952,4096,12577,12584,True
ep0,8608,8413,8413,forward,6279168,4096,12345,12352,True
ep0,8609,8413,8413,forward,6422528,4096,12625,12632,True
ep0,8610,8415,8415,forward,6483968,4096,12745,12752,True
ep0,8611,8416,8416,forward,6467584,4096,12713,12720,True
ep0,8612,8417,8417,forward,6402048,4096,12585,12592,True
ep0,8613,8417,8417,forward,6283264,4096,12353,12360,True
ep0,8614,8417,8417,forward,6426624,4096,12633,12640,True
ep0,8615,8419,8419,forward,6488064,4096,12753,12760,True
ep0,8616,8420,8420,forward,6471680,4096,12721,12728,True
ep0,8617,8421,8421,forward,6406144,4096,12593,12600,True
ep0,8618,8421,8421,forward,6287360,4096,12361,12368,True
ep0,8619,8421,8421,forward,6430720,4096,12641,12648,True
ep0,8620,8423,8423,forward,6492160,4096,12761,12768,True
ep0,8621,8424,8424,forward,6434816,4096,12649,12656,True
ep0,8622,8424,8424,forward,6475776,4096,12729,12736,True
ep0,8623,8425,8425,forward,6410240,4096,12601,12608,True
ep0,8624,8425,8425,forward,6291456,4096,12369,12376,True
ep0,8625,8427,8427,forward,6496256,4096,12769,12776,True
ep0,8626,8428,8428,forward,6438912,4096,12657,12664,True
ep0,8627,8428,8428,forward,6479872,4096,12737,12744,True
ep0,8628,8429,8429,forward,6414336,4096,12609,12616,True
ep0,8629,8429,8429,forward,6295552,4096,12377,12384,True
ep0,8630,8431,8431,forward,6500352,4096,12777,12784,True
ep0,8631,8432,8432,forward,6443008,4096,12665,12672,True
ep0,8632,8432,8432,forward,6483968,4096,12745,12752,True
ep0,8633,8433,8433,forward,6418432,4096,12617,12624,True
ep0,8634,8433,8433,forward,6299648,4096,12385,12392,True
ep0,8635,8434,8434,forward,6504448,4096,12785,12792,True
ep0,8636,8436,8436,forward,6447104,4096,12673,12680,True
ep0,8637,8436,8436,forward,6488064,4096,12753,12760,True
ep0,8638,8437,8437,forward,6422528,4096,12625,12632,True
ep0,8639,8437,8437,forward,6303744,4096,12393,12400,True
ep0,8640,8438,8438,forward,6508544,4096,12793,12800,True
ep0,8641,8440,8440,forward,6426624,4096,12633,12640,True
ep0,8642,8440,8440,forward,6451200,4096,12681,12688,True
ep0,8643,8440,8440,forward,6492160,4096,12761,12768,True
ep0,8644,8441,8441,forward,6307840,4096,12401,12408,True
ep0,8645,8442,8442,forward,6512640,4096,12801,12808,True
ep0,8646,8444,8444,forward,6430720,4096,12641,12648,True
ep0,8647,8444,8444,forward,6455296,4096,12689,12696,True
ep0,8648,8444,8444,forward,6496256,4096,12769,12776,True
ep0,8649,8445,8445,forward,6311936,4096,12409,12416,True
ep0,8650,8446,8446,forward,6516736,4096,12809,12816,True
ep0,8651,8448,8448,forward,6434816,4096,12649,12656,True
ep0,8652,8448,8448,forward,6316032,4096,12417,12424,True
ep0,8653,8448,8448,forward,6459392,4096,12697,12704,True
ep0,8654,8448,8448,forward,6500352,4096,12777,12784,True
ep0,8655,8450,8450,forward,6520832,4096,12817,12824,True
ep0,8656,8452,8452,forward,6438912,4096,12657,12664,True
ep0,8657,8452,8452,forward,6320128,4096,12425,12432,True
ep0,8658,8452,8452,forward,6463488,4096,12705,12712,True
ep0,8659,8452,8452,forward,6504448,4096,12785,12792,True
ep0,8660,8454,8454,forward,6524928,4096,12825,12832,True
ep0,8661,8455,8455,forward,6467584,4096,12713,12720,True
ep0,8662,8456,8456,forward,6443008,4096,12665,12672,True
ep0,8663,8456,8456,forward,6324224,4096,12433,12440,True
ep0,8664,8456,8456,forward,6508544,4096,12793,12800,True
ep0,8665,8458,8458,forward,6529024,4096,12833,12840,True
ep0,8666,8459,8459,forward,6447104,4096,12673,12680,True
ep0,8667,8459,8459,forward,6471680,4096,12721,12728,True
ep0,8668,8460,8460,forward,6328320,4096,12441,12448,True
ep0,8669,8460,8460,forward,6512640,4096,12801,12808,True
ep0,8670,8462,8462,forward,6533120,4096,12841,12848,True
ep0,8671,8463,8463,forward,6451200,4096,12681,12688,True
ep0,8672,8463,8463,forward,6475776,4096,12729,12736,True
ep0,8673,8464,8464,forward,6332416,4096,12449,12456,True
ep0,8674,8464,8464,forward,6516736,4096,12809,12816,True
ep0,8675,8466,8466,forward,6537216,4096,12849,12856,True
ep0,8676,8467,8467,forward,6455296,4096,12689,12696,True
ep0,8677,8467,8467,forward,6479872,4096,12737,12744,True
ep0,8678,8468,8468,forward,6336512,4096,12457,12464,True
ep0,8679,8468,8468,forward,6520832,4096,12817,12824,True
ep0,8680,8470,8470,forward,6541312,4096,12857,12864,True
ep0,8681,8471,8471,forward,6459392,4096,12697,12704,True
ep0,8682,8471,8471,forward,6483968,4096,12745,12752,True
ep0,8683,8472,8472,forward,6340608,4096,12465,12472,True
ep0,8684,8472,8472,forward,6524928,4096,12825,12832,True
ep0,8685,8474,8474,forward,6545408,4096,12865,12872,True
ep0,8686,8475,8475,forward,6463488,4096,12705,12712,True
ep0,8687,8475,8475,forward,6488064,4096,12753,12760,True
ep0,8688,8476,8476,forward,6344704,4096,12473,12480,True
ep0,8689,8476,8476,forward,6529024,4096,12833,12840,True
ep0,8690,8478,8478,forward,6549504,4096,12873,12880,True
ep0,8691,8479,8479,forward,6467584,4096,12713,12720,True
ep0,8692,8479,8479,forward,6348800,4096,12481,12488,True
ep0,8693,8479,8479,forward,6492160,4096,12761,12768,True
ep0,8694,8480,8480,forward,6533120,4096,12841,12848,True
ep0,8695,8481,8481,forward,6553600,4096,12881,12888,True
ep0,8696,8482,8482,forward,6471680,4096,12721,12728,True
ep0,8697,8483,8483,forward,6352896,4096,12489,12496,True
ep0,8698,8483,8483,forward,6496256,4096,12769,12776,True
ep0,8699,8483,8483,forward,6537216,4096,12849,12856,True
ep0,8700,8485,8485,forward,6557696,4096,12889,12896,True
ep0,8701,8486,8486,forward,6475776,4096,12729,12736,True
ep0,8702,8487,8487,forward,6356992,4096,12497,12504,True
ep0,8703,8487,8487,forward,6500352,4096,12777,12784,True
ep0,8704,8487,8487,forward,6541312,4096,12857,12864,True
ep0,8705,8489,8489,forward,6561792,4096,12897,12904,True
ep0,8706,8490,8490,forward,6479872,4096,12737,12744,True
ep0,8707,8491,8491,forward,6361088,4096,12505,12512,True
ep0,8708,8491,8491,forward,6504448,4096,12785,12792,True
ep0,8709,8491,8491,forward,6545408,4096,12865,12872,True
ep0,8710,8493,8493,forward,6565888,4096,12905,12912,True
ep0,8711,8494,8494,forward,6483968,4096,12745,12752,True
ep0,8712,8494,8494,forward,6365184,4096,12513,12520,True
ep0,8713,8495,8495,forward,6508544,4096,12793,12800,True
ep0,8714,8495,8495,forward,6549504,4096,12873,12880,True
ep0,8715,8497,8497,forward,6569984,4096,12913,12920,True
ep0,8716,8498,8498,forward,6488064,4096,12753,12760,True
ep0,8717,8498,8498,forward,6369280,4096,12521,12528,True
ep0,8718,8498,8498,forward,6553600,4096,12881,12888,True
ep0,8719,8499,8499,forward,6512640,4096,12801,12808,True
ep0,8720,8501,8501,forward,6574080,4096,12921,12928,True
ep0,8721,8502,8502,forward,6492160,4096,12761,12768,True
ep0,8722,8502,8502,forward,6373376,4096,12529,12536,True
ep0,8723,8502,8502,forward,6516736,4096,12809,12816,True
ep0,8724,8502,8502,forward,6557696,4096,12889,12896,True
ep0,8725,8505,8505,forward,6578176,4096,12929,12936,True
ep0,8726,8506,8506,forward,6496256,4096,12769,12776,True
ep0,8727,8506,8506,forward,6377472,4096,12537,12544,True
ep0,8728,8506,8506,forward,6520832,4096,12817,12824,True
ep0,8729,8506,8506,forward,6561792,4096,12897,12904,True
ep0,8730,8509,8509,forward,6582272,4096,12937,12944,True
ep0,8731,8510,8510,forward,6500352,4096,12777,12784,True
ep0,8732,8510,8510,forward,6381568,4096,12545,12552,True
ep0,8733,8510,8510,forward,6524928,4096,12825,12832,True
ep0,8734,8510,8510,forward,6565888,4096,12905,12912,True
ep0,8735,8513,8513,forward,6504448,4096,12785,12792,True
ep0,8736,8513,8513,forward,6586368,4096,12945,12952,True
ep0,8737,8513,8513,forward,6569984,4096,12913,12920,True
ep0,8738,8514,8514,forward,6385664,4096,12553,12560,True
ep0,8739,8514,8514,forward,6529024,4096,12833,12840,True
ep0,8740,8517,8517,forward,6508544,4096,12793,12800,True
ep0,8741,8517,8517,forward,6590464,4096,12953,12960,True
ep0,8742,8517,8517,forward,6574080,4096,12921,12928,True
ep0,8743,8518,8518,forward,6389760,4096,12561,12568,True
ep0,8744,8518,8518,forward,6533120,4096,12841,12848,True
ep0,8745,8521,8521,forward,6512640,4096,12801,12808,True
ep0,8746,8521,8521,forward,6393856,4096,12569,12576,True
ep0,8747,8521,8521,forward,6594560,4096,12961,12968,True
ep0,8748,8521,8521,forward,6578176,4096,12929,12936,True
ep0,8749,8522,8522,forward,6537216,4096,12849,12856,True
ep0,8750,8525,8525,forward,6516736,4096,12809,12816,True
ep0,8751,8525,8525,forward,6397952,4096,12577,12584,True
ep0,8752,8525,8525,forward,6598656,4096,12969,12976,True
ep0,8753,8525,8525,forward,6582272,4096,12937,12944,True
ep0,8754,8526,8526,forward,6541312,4096,12857,12864,True
ep0,8755,8528,8528,forward,6586368,4096,12945,12952,True
ep0,8756,8529,8529,forward,6520832,4096,12817,12824,True
ep0,8757,8529,8529,forward,6402048,4096,12585,12592,True
ep0,8758,8529,8529,forward,6602752,4096,12977,12984,True
ep0,8759,8530,8530,forward,6545408,4096,12865,12872,True
ep0,8760,8532,8532,forward,6590464,4096,12953,12960,True
ep0,8761,8533,8533,forward,6524928,4096,12825,12832,True
ep0,8762,8533,8533,forward,6406144,4096,12593,12600,True
ep0,8763,8533,8533,forward,6606848,4096,12985,12992,True
ep0,8764,8534,8534,forward,6549504,4096,12873,12880,True
ep0,8765,8536,8536,forward,6529024,4096,12833,12840,True
ep0,8766,8536,8536,forward,6594560,4096,12961,12968,True
ep0,8767,8537,8537,forward,6410240,4096,12601,12608,True
ep0,8768,8537,8537,forward,6610944,4096,12993,13000,True
ep0,8769,8538,8538,forward,6553600,4096,12881,12888,True
ep0,8770,8540,8540,forward,6533120,4096,12841,12848,True
ep0,8771,8540,8540,forward,6598656,4096,12969,12976,True
ep0,8772,8541,8541,forward,6414336,4096,12609,12616,True
ep0,8773,8541,8541,forward,6557696,4096,12889,12896,True
ep0,8774,8541,8541,forward,6615040,4096,13001,13008,True
ep0,8775,8544,8544,forward,6537216,4096,12849,12856,True
ep0,8776,8544,8544,forward,6619136,4096,13009,13016,True
ep0,8777,8544,8544,forward,6602752,4096,12977,12984,True
ep0,8778,8545,8545,forward,6418432,4096,12617,12624,True
ep0,8779,8545,8545,forward,6561792,4096,12897,12904,True
ep0,8780,8548,8548,forward,6541312,4096,12857,12864,True
ep0,8781,8548,8548,forward,6623232,4096,13017,13024,True
ep0,8782,8548,8548,forward,6606848,4096,12985,12992,True
ep0,8783,8549,8549,forward,6422528,4096,12625,12632,True
ep0,8784,8549,8549,forward,6565888,4096,12905,12912,True
ep0,8785,8552,8552,forward,6545408,4096,12865,12872,True
ep0,8786,8552,8552,forward,6627328,4096,13025,13032,True
ep0,8787,8552,8552,forward,6610944,4096,12993,13000,True
ep0,8788,8553,8553,forward,6426624,4096,12633,12640,True
ep0,8789,8553,8553,forward,6569984,4096,12913,12920,True
ep0,8790,8555,8555,forward,6549504,4096,12873,12880,True
ep0,8791,8556,8556,forward,6574080,4096,12921,12928,True
ep0,8792,8556,8556,forward,6631424,4096,13033,13040,True
ep0,8793,8556,8556,forward,6615040,4096,13001,13008,True
ep0,8794,8557,8557,forward,6430720,4096,12641,12648,True
ep0,8795,8559,8559,forward,6553600,4096,12881,12888,True
ep0,8796,8560,8560,forward,6578176,4096,12929,12936,True
ep0,8797,8560,8560,forward,6635520,4096,13041,13048,True
ep0,8798,8560,8560,forward,6619136,4096,13009,13016,True
ep0,8799,8561,8561,forward,6434816,4096,12649,12656,True
ep0,8800,8563,8563,forward,6557696,4096,12889,12896,True
ep0,8801,8564,8564,forward,6582272,4096,12937,12944,True
ep0,8802,8564,8564,forward,6639616,4096,13049,13056,True
ep0,8803,8564,8564,forward,6623232,4096,13017,13024,True
ep0,8804,8565,8565,forward,6438912,4096,12657,12664,True
ep0,8805,8567,8567,forward,6561792,4096,12897,12904,True
ep0,8806,8568,8568,forward,6586368,4096,12945,12952,True
ep0,8807,8568,8568,forward,6643712,4096,13057,13064,True
ep0,8808,8568,8568,forward,6627328,4096,13025,13032,True
ep0,8809,8569,8569,forward,6443008,4096,12665,12672,True
ep0,8810,8571,8571,forward,6565888,4096,12905,12912,True
ep0,8811,8571,8571,forward,6590464,4096,12953,12960,True
ep0,8812,8572,8572,forward,6647808,4096,13065,13072,True
ep0,8813,8572,8572,forward,6631424,4096,13033,13040,True
ep0,8814,8573,8573,forward,6447104,4096,12673,12680,True
ep0,8815,8575,8575,forward,6569984,4096,12913,12920,True
ep0,8816,8575,8575,forward,6594560,4096,12961,12968,True
ep0,8817,8575,8575,forward,6651904,4096,13073,13080,True
ep0,8818,8575,8575,forward,6635520,4096,13041,13048,True
ep0,8819,8577,8577,forward,6451200,4096,12681,12688,True
ep0,8820,8579,8579,forward,6574080,4096,12921,12928,True
ep0,8821,8579,8579,forward,6598656,4096,12969,12976,True
ep0,8822,8579,8579,forward,6656000,4096,13081,13088,True
ep0,8823,8579,8579,forward,6639616,4096,13049,13056,True
ep0,8824,8581,8581,forward,6455296,4096,12689,12696,True
ep0,8825,8583,8583,forward,6578176,4096,12929,12936,True
ep0,8826,8583,8583,forward,6602752,4096,12977,12984,True
ep0,8827,8583,8583,forward,6660096,4096,13089,13096,True
ep0,8828,8583,8583,forward,6643712,4096,13057,13064,True
ep0,8829,8585,8585,forward,6459392,4096,12697,12704,True
ep0,8830,8587,8587,forward,6582272,4096,12937,12944,True
ep0,8831,8587,8587,forward,6606848,4096,12985,12992,True
ep0,8832,8587,8587,forward,6647808,4096,13065,13072,True
ep0,8833,8588,8588,forward,6664192,4096,13097,13104,True
ep0,8834,8589,8589,forward,6463488,4096,12705,12712,True
ep0,8835,8591,8591,forward,6586368,4096,12945,12952,True
ep0,8836,8591,8591,forward,6610944,4096,12993,13000,True
ep0,8837,8591,8591,forward,6668288,4096,13105,13112,True
ep0,8838,8591,8591,forward,6651904,4096,13073,13080,True
ep0,8839,8593,8593,forward,6467584,4096,12713,12720,True
ep0,8840,8595,8595,forward,6590464,4096,12953,12960,True
ep0,8841,8595,8595,forward,6615040,4096,13001,13008,True
ep0,8842,8595,8595,forward,6672384,4096,13113,13120,True
ep0,8843,8595,8595,forward,6656000,4096,13081,13088,True
ep0,8844,8596,8596,forward,6471680,4096,12721,12728,True
ep0,8845,8599,8599,forward,6594560,4096,12961,12968,True
ep0,8846,8599,8599,forward,6676480,4096,13121,13128,True
ep0,8847,8599,8599,forward,6660096,4096,13089,13096,True
ep0,8848,8600,8600,forward,6475776,4096,12729,12736,True
ep0,8849,8600,8600,forward,6619136,4096,13009,13016,True
ep0,8850,8603,8603,forward,6598656,4096,12969,12976,True
ep0,8851,8603,8603,forward,6680576,4096,13129,13136,True
ep0,8852,8603,8603,forward,6664192,4096,13097,13104,True
ep0,8853,8604,8604,forward,6479872,4096,12737,12744,True
ep0,8854,8604,8604,forward,6623232,4096,13017,13024,True
ep0,8855,8607,8607,forward,6602752,4096,12977,12984,True
ep0,8856,8607,8607,forward,6684672,4096,13137,13144,True
ep0,8857,8607,8607,forward,6668288,4096,13105,13112,True
ep0,8858,8608,8608,forward,6483968,4096,12745,12752,True
ep0,8859,8608,8608,forward,6627328,4096,13025,13032,True
ep0,8860,8611,8611,forward,6606848,4096,12985,12992,True
ep0,8861,8611,8611,forward,6688768,4096,13145,13152,True
ep0,8862,8611,8611,forward,6672384,4096,13113,13120,True
ep0,8863,8612,8612,forward,6488064,4096,12753,12760,True
ep0,8864,8612,8612,forward,6631424,4096,13033,13040,True
ep0,8865,8615,8615,forward,6610944,4096,12993,13000,True
ep0,8866,8615,8615,forward,6692864,4096,13153,13160,True
ep0,8867,8615,8615,forward,6676480,4096,13121,13128,True
ep0,8868,8616,8616,forward,6492160,4096,12761,12768,True
ep0,8869,8616,8616,forward,6635520,4096,13041,13048,True
ep0,8870,8619,8619,forward,6615040,4096,13001,13008,True
ep0,8871,8619,8619,forward,6696960,4096,13161,13168,True
ep0,8872,8619,8619,forward,6680576,4096,13129,13136,True
ep0,8873,8620,8620,forward,6496256,4096,12769,12776,True
ep0,8874,8620,8620,forward,6639616,4096,13049,13056,True
ep0,8875,8622,8622,forward,6684672,4096,13137,13144,True
ep0,8876,8623,8623,forward,6619136,4096,13009,13016,True
ep0,8877,8623,8623,forward,6701056,4096,13169,13176,True
ep0,8878,8624,8624,forward,6500352,4096,12777,12784,True
ep0,8879,8624,8624,forward,6643712,4096,13057,13064,True
ep0,8880,8626,8626,forward,6688768,4096,13145,13152,True
ep0,8881,8627,8627,forward,6623232,4096,13017,13024,True
ep0,8882,8627,8627,forward,6504448,4096,12785,12792,True
ep0,8883,8627,8627,forward,6647808,4096,13065,13072,True
ep0,8884,8627,8627,forward,6705152,4096,13177,13184,True
ep0,8885,8630,8630,forward,6692864,4096,13153,13160,True
ep0,8886,8631,8631,forward,6627328,4096,13025,13032,True
ep0,8887,8631,8631,forward,6508544,4096,12793,12800,True
ep0,8888,8631,8631,forward,6651904,4096,13073,13080,True
ep0,8889,8631,8631,forward,6709248,4096,13185,13192,True
ep0,8890,8634,8634,forward,6696960,4096,13161,13168,True
ep0,8891,8635,8635,forward,6631424,4096,13033,13040,True
ep0,8892,8635,8635,forward,6512640,4096,12801,12808,True
ep0,8893,8635,8635,forward,6656000,4096,13081,13088,True
ep0,8894,8635,8635,forward,6713344,4096,13193,13200,True
ep0,8895,8638,8638,forward,6635520,4096,13041,13048,True
ep0,8896,8638,8638,forward,6701056,4096,13169,13176,True
ep0,8897,8639,8639,forward,6516736,4096,12809,12816,True
ep0,8898,8639,8639,forward,6660096,4096,13089,13096,True
ep0,8899,8639,8642,forward,6717440,8192,13201,13216,True
ep0,8900,8642,8642,forward,6705152,4096,13177,13184,True
ep0,8901,8643,8643,forward,6639616,4096,13049,13056,True
ep0,8902,8643,8643,forward,6520832,4096,12817,12824,True
ep0,8903,8643,8643,forward,6664192,4096,13097,13104,True
ep0,8904,8646,8646,forward,6725632,4096,13217,13224,True
ep0,8905,8646,8646,forward,6709248,4096,13185,13192,True
ep0,8906,8647,8647,forward,6643712,4096,13057,13064,True
ep0,8907,8647,8647,forward,6524928,4096,12825,12832,True
ep0,8908,8647,8647,forward,6668288,4096,13105,13112,True
ep0,8909,8650,8650,forward,6647808,4096,13065,13072,True
ep0,8910,8650,8650,forward,6529024,4096,12833,12840,True
ep0,8911,8650,8650,forward,6729728,4096,13225,13232,True
ep0,8912,8650,8650,forward,6713344,4096,13193,13200,True
ep0,8913,8651,8651,forward,6672384,4096,13113,13120,True
ep0,8914,8653,8653,forward,6717440,4096,13201,13208,True
ep0,8915,8654,8654,forward,6651904,4096,13073,13080,True
ep0,8916,8654,8654,forward,6533120,4096,12841,12848,True
ep0,8917,8654,8654,forward,6733824,4096,13233,13240,True
ep0,8918,8655,8655,forward,6676480,4096,13121,13128,True
ep0,8919,8657,8657,forward,6721536,4096,13209,13216,True
ep0,8920,8658,8658,forward,6656000,4096,13081,13088,True
ep0,8921,8658,8658,forward,6537216,4096,12849,12856,True
ep0,8922,8658,8658,forward,6737920,4096,13241,13248,True
ep0,8923,8659,8659,forward,6680576,4096,13129,13136,True
ep0,8924,8661,8661,forward,6660096,4096,13089,13096,True
ep0,8925,8661,8661,forward,6725632,4096,13217,13224,True
ep0,8926,8662,8662,forward,6541312,4096,12857,12864,True
ep0,8927,8662,8662,forward,6684672,4096,13137,13144,True
ep0,8928,8662,8662,forward,6742016,4096,13249,13256,True
ep0,8929,8665,8665,forward,6664192,4096,13097,13104,True
ep0,8930,8665,8665,forward,6729728,4096,13225,13232,True
ep0,8931,8666,8666,forward,6545408,4096,12865,12872,True
ep0,8932,8666,8666,forward,6688768,4096,13145,13152,True
ep0,8933,8666,8666,forward,6746112,4096,13257,13264,True
ep0,8934,8669,8669,forward,6668288,4096,13105,13112,True
ep0,8935,8669,8669,forward,6750208,4096,13265,13272,True
ep0,8936,8669,8669,forward,6733824,4096,13233,13240,True
ep0,8937,8670,8670,forward,6549504,4096,12873,12880,True
ep0,8938,8670,8670,forward,6692864,4096,13153,13160,True
ep0,8939,8673,8673,forward,6672384,4096,13113,13120,True
ep0,8940,8673,8673,forward,6754304,4096,13273,13280,True
ep0,8941,8673,8673,forward,6737920,4096,13241,13248,True
ep0,8942,8674,8674,forward,6553600,4096,12881,12888,True
ep0,8943,8674,8674,forward,6696960,4096,13161,13168,True
ep0,8944,8677,8677,forward,6676480,4096,13121,13128,True
ep0,8945,8677,8677,forward,6758400,4096,13281,13288,True
ep0,8946,8677,8677,forward,6742016,4096,13249,13256,True
ep0,8947,8678,8678,forward,6557696,4096,12889,12896,True
ep0,8948,8678,8678,forward,6701056,4096,13169,13176,True
ep0,8949,8681,8681,forward,6680576,4096,13129,13136,True
ep0,8950,8681,8681,forward,6561792,4096,12897,12904,True
ep0,8951,8681,8681,forward,6762496,4096,13289,13296,True
ep0,8952,8681,8681,forward,6746112,4096,13257,13264,True
ep0,8953,8682,8682,forward,6705152,4096,13177,13184,True
ep0,8954,8685,8685,forward,6684672,4096,13137,13144,True
ep0,8955,8685,8685,forward,6565888,4096,12905,12912,True
ep0,8956,8685,8685,forward,6766592,4096,13297,13304,True
ep0,8957,8685,8685,forward,6750208,4096,13265,13272,True
ep0,8958,8686,8686,forward,6709248,4096,13185,13192,True
ep0,8959,8688,8688,forward,6688768,4096,13145,13152,True
ep0,8960,8689,8689,forward,6569984,4096,12913,12920,True
ep0,8961,8689,8689,forward,6713344,4096,13193,13200,True
ep0,8962,8689,8689,forward,6770688,4096,13305,13312,True
ep0,8963,8689,8689,forward,6754304,4096,13273,13280,True
ep0,8964,8692,8692,forward,6692864,4096,13153,13160,True
ep0,8965,8692,8692,forward,6758400,4096,13281,13288,True
ep0,8966,8693,8693,forward,6574080,4096,12921,12928,True
ep0,8967,8693,8693,forward,6717440,4096,13201,13208,True
ep0,8968,8693,8693,forward,6774784,4096,13313,13320,True
ep0,8969,8696,8696,forward,6696960,4096,13161,13168,True
ep0,8970,8696,8696,forward,6762496,4096,13289,13296,True
ep0,8971,8697,8697,forward,6578176,4096,12929,12936,True
ep0,8972,8697,8697,forward,6721536,4096,13209,13216,True
ep0,8973,8697,8697,forward,6778880,4096,13321,13328,True
ep0,8974,8700,8700,forward,6701056,4096,13169,13176,True
ep0,8975,8700,8700,forward,6766592,4096,13297,13304,True
ep0,8976,8701,8701,forward,6582272,4096,12937,12944,True
ep0,8977,8701,8701,forward,6725632,4096,13217,13224,True
ep0,8978,8701,8701,forward,6782976,4096,13329,13336,True
ep0,8979,8704,8704,forward,6705152,4096,13177,13184,True
ep0,8980,8704,8704,forward,6729728,4096,13225,13232,True
ep0,8981,8704,8704,forward,6787072,4096,13337,13344,True
ep0,8982,8704,8704,forward,6770688,4096,13305,13312,True
ep0,8983,8705,8705,forward,6586368,4096,12945,12952,True
ep0,8984,8708,8708,forward,6709248,4096,13185,13192,True
ep0,8985,8708,8708,forward,6590464,4096,12953,12960,True
ep0,8986,8708,8708,forward,6733824,4096,13233,13240,True
ep0,8987,8708,8708,forward,6791168,4096,13345,13352,True
ep0,8988,8708,8708,forward,6774784,4096,13313,13320,True
ep0,8989,8712,8712,forward,6713344,4096,13193,13200,True
ep0,8990,8712,8712,forward,6594560,4096,12961,12968,True
ep0,8991,8712,8712,forward,6737920,4096,13241,13248,True
ep0,8992,8712,8712,forward,6795264,4096,13353,13360,True
ep0,8993,8712,8715,forward,6778880,8192,13321,13336,True
ep0,8994,8716,8716,forward,6717440,4096,13201,13208,True
ep0,8995,8716,8716,forward,6598656,4096,12969,12976,True
ep0,8996,8716,8716,forward,6742016,4096,13249,13256,True
ep0,8997,8716,8716,forward,6799360,4096,13361,13368,True
ep0,8998,8719,8719,forward,6721536,4096,13209,13216,True
ep0,8999,8719,8719,forward,6787072,4096,13337,13344,True
ep0,9000,8720,8720,forward,6602752,4096,12977,12984,True
ep0,9001,8720,8720,forward,6746112,4096,13257,13264,True
ep0,9002,8720,8720,forward,6803456,4096,13369,13376,True
ep0,9003,8723,8723,forward,6725632,4096,13217,13224,True
ep0,9004,8723,8723,forward,6791168,4096,13345,13352,True
ep0,9005,8724,8724,forward,6606848,4096,12985,12992,True
ep0,9006,8724,8724,forward,6750208,4096,13265,13272,True
ep0,9007,8724,8724,forward,6807552,4096,13377,13384,True
ep0,9008,8727,8727,forward,6729728,4096,13225,13232,True
ep0,9009,8727,8727,forward,6811648,4096,13385,13392,True
ep0,9010,8727,8727,forward,6795264,4096,13353,13360,True
ep0,9011,8728,8728,forward,6610944,4096,12993,13000,True
ep0,9012,8728,8728,forward,6754304,4096,13273,13280,True
ep0,9013,8731,8731,forward,6733824,4096,13233,13240,True
ep0,9014,8731,8731,forward,6615040,4096,13001,13008,True
ep0,9015,8731,8731,forward,6758400,4096,13281,13288,True
ep0,9016,8731,8731,forward,6815744,4096,13393,13400,True
ep0,9017,8731,8731,forward,6799360,4096,13361,13368,True
ep0,9018,8735,8735,forward,6737920,4096,13241,13248,True
ep0,9019,8735,8735,forward,6619136,4096,13009,13016,True
ep0,9020,8735,8735,forward,6762496,4096,13289,13296,True
ep0,9021,8735,8735,forward,6819840,4096,13401,13408,True
ep0,9022,8735,8735,forward,6803456,4096,13369,13376,True
ep0,9023,8739,8739,forward,6742016,4096,13249,13256,True
ep0,9024,8739,8739,forward,6623232,4096,13017,13024,True
ep0,9025,8739,8739,forward,6766592,4096,13297,13304,True
ep0,9026,8739,8739,forward,6823936,4096,13409,13416,True
ep0,9027,8739,8742,forward,6807552,8192,13377,13392,True
ep0,9028,8743,8743,forward,6746112,4096,13257,13264,True
ep0,9029,8743,8743,forward,6627328,4096,13025,13032,True
ep0,9030,8743,8743,forward,6770688,4096,13305,13312,True
ep0,9031,8743,8743,forward,6828032,4096,13417,13424,True
ep0,9032,8746,8746,forward,6750208,4096,13265,13272,True
ep0,9033,8746,8746,forward,6631424,4096,13033,13040,True
ep0,9034,8746,8746,forward,6815744,4096,13393,13400,True
ep0,9035,8747,8747,forward,6774784,4096,13313,13320,True
ep0,9036,8747,8747,forward,6832128,4096,13425,13432,True
ep0,9037,8750,8750,forward,6754304,4096,13273,13280,True
ep0,9038,8750,8750,forward,6635520,4096,13041,13048,True
ep0,9039,8750,8750,forward,6778880,4096,13321,13328,True
ep0,9040,8750,8750,forward,6819840,4096,13401,13408,True
ep0,9041,8751,8751,forward,6836224,4096,13433,13440,True
ep0,9042,8754,8754,forward,6758400,4096,13281,13288,True
ep0,9043,8754,8754,forward,6639616,4096,13049,13056,True
ep0,9044,8754,8754,forward,6782976,4096,13329,13336,True
ep0,9045,8754,8754,forward,6823936,4096,13409,13416,True
ep0,9046,8755,8755,forward,6840320,4096,13441,13448,True
ep0,9047,8758,8758,forward,6762496,4096,13289,13296,True
ep0,9048,8758,8758,forward,6643712,4096,13057,13064,True
ep0,9049,8758,8758,forward,6787072,4096,13337,13344,True
ep0,9050,8758,8758,forward,6828032,4096,13417,13424,True
ep0,9051,8759,8759,forward,6844416,4096,13449,13456,True
ep0,9052,8761,8761,forward,6832128,4096,13425,13432,True
ep0,9053,8762,8762,forward,6766592,4096,13297,13304,True
ep0,9054,8762,8762,forward,6647808,4096,13065,13072,True
ep0,9055,8762,8762,forward,6791168,4096,13345,13352,True
ep0,9056,8763,8763,forward,6848512,4096,13457,13464,True
ep0,9057,8765,8765,forward,6836224,4096,13433,13440,True
ep0,9058,8766,8766,forward,6770688,4096,13305,13312,True
ep0,9059,8766,8766,forward,6651904,4096,13073,13080,True
ep0,9060,8766,8766,forward,6795264,4096,13353,13360,True
ep0,9061,8766,8766,forward,6852608,4096,13465,13472,True
ep0,9062,8769,8769,forward,6840320,4096,13441,13448,True
ep0,9063,8770,8770,forward,6774784,4096,13313,13320,True
ep0,9064,8770,8770,forward,6656000,4096,13081,13088,True
ep0,9065,8770,8770,forward,6799360,4096,13361,13368,True
ep0,9066,8770,8770,forward,6856704,4096,13473,13480,True
ep0,9067,8773,8773,forward,6660096,4096,13089,13096,True
ep0,9068,8773,8773,forward,6803456,4096,13369,13376,True
ep0,9069,8773,8773,forward,6844416,4096,13449,13456,True
ep0,9070,8774,8774,forward,6778880,4096,13321,13328,True
ep0,9071,8774,8774,forward,6860800,4096,13481,13488,True
ep0,9072,8777,8777,forward,6782976,4096,13329,13336,True
ep0,9073,8777,8777,forward,6664192,4096,13097,13104,True
ep0,9074,8777,8777,forward,6807552,4096,13377,13384,True
ep0,9075,8777,8777,forward,6864896,4096,13489,13496,True
ep0,9076,8777,8780,forward,6848512,8192,13457,13472,True
ep0,9077,8781,8781,forward,6787072,4096,13337,13344,True
ep0,9078,8781,8781,forward,6811648,4096,13385,13392,True
ep0,9079,8781,8781,forward,6868992,4096,13497,13504,True
ep0,9080,8782,8782,forward,6668288,4096,13105,13112,True
ep0,9081,8784,8784,forward,6856704,4096,13473,13480,True
ep0,9082,8785,8785,forward,6791168,4096,13345,13352,True
ep0,9083,8785,8785,forward,6815744,4096,13393,13400,True
ep0,9084,8785,8785,forward,6873088,4096,13505,13512,True
ep0,9085,8786,8786,forward,6672384,4096,13113,13120,True
ep0,9086,8788,8788,forward,6860800,4096,13481,13488,True
ep0,9087,8789,8789,forward,6795264,4096,13353,13360,True
ep0,9088,8789,8789,forward,6819840,4096,13401,13408,True
ep0,9089,8789,8789,forward,6877184,4096,13513,13520,True
ep0,9090,8790,8790,forward,6676480,4096,13121,13128,True
ep0,9091,8792,8792,forward,6864896,4096,13489,13496,True
ep0,9092,8793,8793,forward,6799360,4096,13361,13368,True
ep0,9093,8793,8793,forward,6823936,4096,13409,13416,True
ep0,9094,8793,8793,forward,6881280,4096,13521,13528,True
ep0,9095,8794,8794,forward,6680576,4096,13129,13136,True
ep0,9096,8796,8796,forward,6868992,4096,13497,13504,True
ep0,9097,8797,8797,forward,6803456,4096,13369,13376,True
ep0,9098,8797,8797,forward,6828032,4096,13417,13424,True
ep0,9099,8797,8797,forward,6885376,4096,13529,13536,True
ep0,9100,8798,8798,forward,6684672,4096,13137,13144,True
ep0,9101,8800,8800,forward,6807552,4096,13377,13384,True
ep0,9102,8800,8800,forward,6873088,4096,13505,13512,True
ep0,9103,8801,8801,forward,6832128,4096,13425,13432,True
ep0,9104,8801,8801,forward,6889472,4096,13537,13544,True
ep0,9105,8802,8802,forward,6688768,4096,13145,13152,True
ep0,9106,8803,8803,forward,6877184,4096,13513,13520,True
ep0,9107,8804,8804,forward,6811648,4096,13385,13392,True
ep0,9108,8804,8804,forward,6893568,4096,13545,13552,True
ep0,9109,8805,8805,forward,6692864,4096,13153,13160,True
ep0,9110,8805,8805,forward,6836224,4096,13433,13440,True
ep0,9111,8807,8807,forward,6881280,4096,13521,13528,True
ep0,9112,8808,8808,forward,6815744,4096,13393,13400,True
ep0,9113,8808,8808,forward,6897664,4096,13553,13560,True
ep0,9114,8809,8809,forward,6696960,4096,13161,13168,True
ep0,9115,8809,8809,forward,6840320,4096,13441,13448,True
ep0,9116,8811,8811,forward,6885376,4096,13529,13536,True
ep0,9117,8812,8812,forward,6819840,4096,13401,13408,True
ep0,9118,8812,8812,forward,6844416,4096,13449,13456,True
ep0,9119,8812,8812,forward,6901760,4096,13561,13568,True
ep0,9120,8813,8813,forward,6701056,4096,13169,13176,True
ep0,9121,8815,8815,forward,6889472,4096,13537,13544,True
ep0,9122,8816,8816,forward,6823936,4096,13409,13416,True
ep0,9123,8816,8816,forward,6705152,4096,13177,13184,True
ep0,9124,8816,8816,forward,6848512,4096,13457,13464,True
ep0,9125,8816,8816,forward,6905856,4096,13569,13576,True
ep0,9126,8819,8819,forward,6893568,4096,13545,13552,True
ep0,9127,8820,8820,forward,6828032,4096,13417,13424,True
ep0,9128,8820,8820,forward,6709248,4096,13185,13192,True
ep0,9129,8820,8820,forward,6852608,4096,13465,13472,True
ep0,9130,8820,8820,forward,6909952,4096,13577,13584,True
ep0,9131,8823,8823,forward,6897664,4096,13553,13560,True
ep0,9132,8824,8824,forward,6832128,4096,13425,13432,True
ep0,9133,8824,8824,forward,6713344,4096,13193,13200,True
ep0,9134,8824,8824,forward,6856704,4096,13473,13480,True
ep0,9135,8824,8824,forward,6914048,4096,13585,13592,True
ep0,9136,8827,8827,forward,6860800,4096,13481,13488,True
ep0,9137,8827,8827,forward,6901760,4096,13561,13568,True
ep0,9138,8828,8828,forward,6836224,4096,13433,13440,True
ep0,9139,8828,8828,forward,6717440,4096,13201,13208,True
ep0,9140,8828,8828,forward,6918144,4096,13593,13600,True
ep0,9141,8831,8831,forward,6864896,4096,13489,13496,True
ep0,9142,8831,8831,forward,6905856,4096,13569,13576,True
ep0,9143,8832,8832,forward,6840320,4096,13441,13448,True
ep0,9144,8832,8832,forward,6721536,4096,13209,13216,True
ep0,9145,8832,8832,forward,6922240,4096,13601,13608,True
ep0,9146,8835,8835,forward,6868992,4096,13497,13504,True
ep0,9147,8835,8835,forward,6909952,4096,13577,13584,True
ep0,9148,8836,8836,forward,6844416,4096,13449,13456,True
ep0,9149,8836,8836,forward,6725632,4096,13217,13224,True
ep0,9150,8836,8836,forward,6926336,4096,13609,13616,True
ep0,9151,8839,8839,forward,6873088,4096,13505,13512,True
ep0,9152,8839,8839,forward,6930432,4096,13617,13624,True
ep0,9153,8839,8839,forward,6914048,4096,13585,13592,True
ep0,9154,8840,8840,forward,6848512,4096,13457,13464,True
ep0,9155,8840,8840,forward,6729728,4096,13225,13232,True
ep0,9156,8843,8843,forward,6852608,4096,13465,13472,True
ep0,9157,8843,8843,forward,6877184,4096,13513,13520,True
ep0,9158,8843,8843,forward,6934528,4096,13625,13632,True
ep0,9159,8843,8843,forward,6918144,4096,13593,13600,True
ep0,9160,8844,8844,forward,6733824,4096,13233,13240,True
ep0,9161,8846,8846,forward,6922240,4096,13601,13608,True
ep0,9162,8847,8847,forward,6856704,4096,13473,13480,True
ep0,9163,8847,8847,forward,6881280,4096,13521,13528,True
ep0,9164,8847,8847,forward,6938624,4096,13633,13640,True
ep0,9165,8848,8848,forward,6737920,4096,13241,13248,True
ep0,9166,8850,8850,forward,6885376,4096,13529,13536,True
ep0,9167,8850,8850,forward,6926336,4096,13609,13616,True
ep0,9168,8851,8851,forward,6860800,4096,13481,13488,True
ep0,9169,8851,8851,forward,6742016,4096,13249,13256,True
ep0,9170,8851,8851,forward,6942720,4096,13641,13648,True
ep0,9171,8854,8854,forward,6889472,4096,13537,13544,True
ep0,9172,8854,8854,forward,6930432,4096,13617,13624,True
ep0,9173,8855,8855,forward,6864896,4096,13489,13496,True
ep0,9174,8855,8855,forward,6746112,4096,13257,13264,True
ep0,9175,8855,8855,forward,6946816,4096,13649,13656,True
ep0,9176,8857,8857,forward,6934528,4096,13625,13632,True
ep0,9177,8858,8858,forward,6893568,4096,13545,13552,True
ep0,9178,8859,8859,forward,6868992,4096,13497,13504,True
ep0,9179,8859,8859,forward,6750208,4096,13265,13272,True
ep0,9180,8859,8859,forward,6950912,4096,13657,13664,True
ep0,9181,8861,8861,forward,6938624,4096,13633,13640,True
ep0,9182,8862,8862,forward,6897664,4096,13553,13560,True
ep0,9183,8863,8863,forward,6873088,4096,13505,13512,True
ep0,9184,8863,8863,forward,6754304,4096,13273,13280,True
ep0,9185,8863,8863,forward,6955008,4096,13665,13672,True
ep0,9186,8865,8865,forward,6942720,4096,13641,13648,True
ep0,9187,8866,8866,forward,6901760,4096,13561,13568,True
ep0,9188,8867,8867,forward,6877184,4096,13513,13520,True
ep0,9189,8867,8867,forward,6758400,4096,13281,13288,True
ep0,9190,8867,8867,forward,6959104,4096,13673,13680,True
ep0,9191,8869,8869,forward,6946816,4096,13649,13656,True
ep0,9192,8870,8870,forward,6905856,4096,13569,13576,True
ep0,9193,8871,8871,forward,6881280,4096,13521,13528,True
ep0,9194,8871,8871,forward,6762496,4096,13289,13296,True
ep0,9195,8871,8871,forward,6963200,4096,13681,13688,True
ep0,9196,8873,8873,forward,6950912,4096,13657,13664,True
ep0,9197,8874,8874,forward,6885376,4096,13529,13536,True
ep0,9198,8874,8874,forward,6909952,4096,13577,13584,True
ep0,9199,8875,8875,forward,6766592,4096,13297,13304,True
ep0,9200,8875,8875,forward,6967296,4096,13689,13696,True
ep0,9201,8877,8877,forward,6955008,4096,13665,13672,True
ep0,9202,8878,8878,forward,6889472,4096,13537,13544,True
ep0,9203,8878,8878,forward,6914048,4096,13585,13592,True
ep0,9204,8879,8879,forward,6770688,4096,13305,13312,True
ep0,9205,8879,8879,forward,6971392,4096,13697,13704,True
ep0,9206,8881,8881,forward,6959104,4096,13673,13680,True
ep0,9207,8882,8882,forward,6893568,4096,13545,13552,True
ep0,9208,8882,8882,forward,6918144,4096,13593,13600,True
ep0,9209,8883,8883,forward,6774784,4096,13313,13320,True
ep0,9210,8883,8883,forward,6975488,4096,13705,13712,True
ep0,9211,8885,8885,forward,6963200,4096,13681,13688,True
ep0,9212,8886,8886,forward,6897664,4096,13553,13560,True
ep0,9213,8886,8886,forward,6778880,4096,13321,13328,True
ep0,9214,8886,8886,forward,6922240,4096,13601,13608,True
ep0,9215,8887,8887,forward,6979584,4096,13713,13720,True
ep0,9216,8888,8888,forward,6967296,4096,13689,13696,True
ep0,9217,8890,8890,forward,6901760,4096,13561,13568,True
ep0,9218,8890,8890,forward,6782976,4096,13329,13336,True
ep0,9219,8890,8890,forward,6926336,4096,13609,13616,True
ep0,9220,8890,8890,forward,6983680,4096,13721,13728,True
ep0,9221,8892,8892,forward,6971392,4096,13697,13704,True
ep0,9222,8894,8894,forward,6905856,4096,13569,13576,True
ep0,9223,8894,8894,forward,6787072,4096,13337,13344,True
ep0,9224,8894,8894,forward,6930432,4096,13617,13624,True
ep0,9225,8894,8894,forward,6987776,4096,13729,13736,True
ep0,9226,8896,8896,forward,6975488,4096,13705,13712,True
ep0,9227,8898,8898,forward,6909952,4096,13577,13584,True
ep0,9228,8898,8898,forward,6791168,4096,13345,13352,True
ep0,9229,8898,8898,forward,6934528,4096,13625,13632,True
ep0,9230,8899,8899,forward,6991872,4096,13737,13744,True
ep0,9231,8900,8900,forward,6979584,4096,13713,13720,True
ep0,9232,8901,8901,forward,6914048,4096,13585,13592,True
ep0,9233,8902,8902,forward,6795264,4096,13353,13360,True
ep0,9234,8902,8902,forward,6938624,4096,13633,13640,True
ep0,9235,8903,8903,forward,6995968,4096,13745,13752,True
ep0,9236,8904,8904,forward,6983680,4096,13721,13728,True
ep0,9237,8905,8905,forward,6918144,4096,13593,13600,True
ep0,9238,8905,8905,forward,6942720,4096,13641,13648,True
ep0,9239,8906,8906,forward,6799360,4096,13361,13368,True
ep0,9240,8906,8906,forward,7000064,4096,13753,13760,True
ep0,9241,8909,8909,forward,6922240,4096,13601,13608,True
ep0,9242,8909,8909,forward,6946816,4096,13649,13656,True
ep0,9243,8909,8909,forward,6987776,4096,13729,13736,True
ep0,9244,8910,8910,forward,6803456,4096,13369,13376,True
ep0,9245,8910,8910,forward,7004160,4096,13761,13768,True
ep0,9246,8912,8912,forward,6991872,4096,13737,13744,True
ep0,9247,8913,8913,forward,6926336,4096,13609,13616,True
ep0,9248,8913,8913,forward,6950912,4096,13657,13664,True
ep0,9249,8914,8914,forward,6807552,4096,13377,13384,True
ep0,9250,8914,8914,forward,7008256,4096,13769,13776,True
ep0,9251,8916,8916,forward,6995968,4096,13745,13752,True
ep0,9252,8917,8917,forward,6930432,4096,13617,13624,True
ep0,9253,8917,8917,forward,6955008,4096,13665,13672,True
ep0,9254,8918,8918,forward,6811648,4096,13385,13392,True
ep0,9255,8918,8918,forward,7012352,4096,13777,13784,True
ep0,9256,8921,8921,forward,6934528,4096,13625,13632,True
ep0,9257,8921,8921,forward,6959104,4096,13673,13680,True
ep0,9258,8922,8922,forward,6815744,4096,13393,13400,True
ep0,9259,8922,8922,forward,7016448,4096,13785,13792,True
ep0,9260,8925,8925,forward,6938624,4096,13633,13640,True
ep0,9261,8925,8925,forward,6963200,4096,13681,13688,True
ep0,9262,8926,8926,forward,6819840,4096,13401,13408,True
ep0,9263,8926,8926,forward,7020544,4096,13793,13800,True
ep0,9264,8929,8929,forward,6942720,4096,13641,13648,True
ep0,9265,8929,8929,forward,6967296,4096,13689,13696,True
ep0,9266,8930,8930,forward,6823936,4096,13409,13416,True
ep0,9267,8930,8930,forward,7024640,4096,13801,13808,True
ep0,9268,8933,8933,forward,6946816,4096,13649,13656,True
ep0,9269,8933,8933,forward,6971392,4096,13697,13704,True
ep0,9270,8933,8933,forward,7028736,4096,13809,13816,True
ep0,9271,8933,8933,forward,7000064,4096,13753,13760,True
ep0,9272,8934,8934,forward,6828032,4096,13417,13424,True
ep0,9273,8937,8937,forward,6950912,4096,13657,13664,True
ep0,9274,8937,8937,forward,6975488,4096,13705,13712,True
ep0,9275,8937,8937,forward,7032832,4096,13817,13824,True
ep0,9276,8938,8938,forward,6832128,4096,13425,13432,True
ep0,9277,8938,8938,forward,7004160,4096,13761,13768,True
ep0,9278,8941,8941,forward,6955008,4096,13665,13672,True
ep0,9279,8941,8941,forward,6979584,4096,13713,13720,True
ep0,9280,8941,8941,forward,7036928,4096,13825,13832,True
ep0,9281,8941,8941,forward,7008256,4096,13769,13776,True
ep0,9282,8942,8942,forward,6836224,4096,13433,13440,True
ep0,9283,8945,8945,forward,6959104,4096,13673,13680,True
ep0,9284,8945,8945,forward,6840320,4096,13441,13448,True
ep0,9285,8945,8945,forward,6983680,4096,13721,13728,True
ep0,9286,8945,8945,forward,7012352,4096,13777,13784,True
ep0,9287,8949,8949,forward,6963200,4096,13681,13688,True
ep0,9288,8949,8949,forward,6844416,4096,13449,13456,True
ep0,9289,8949,8949,forward,6987776,4096,13729,13736,True
ep0,9290,8949,8949,forward,7016448,4096,13785,13792,True
ep0,9291,8953,8953,forward,6967296,4096,13689,13696,True
ep0,9292,8953,8953,forward,6848512,4096,13457,13464,True
ep0,9293,8953,8953,forward,6991872,4096,13737,13744,True
ep0,9294,8953,8953,forward,7020544,4096,13793,13800,True
ep0,9295,8957,8957,forward,6971392,4096,13697,13704,True
ep0,9296,8957,8957,forward,6852608,4096,13465,13472,True
ep0,9297,8957,8957,forward,6995968,4096,13745,13752,True
ep0,9298,8957,8957,forward,7024640,4096,13801,13808,True
ep0,9299,8959,8959,forward,7041024,4096,13833,13840,True
ep0,9300,8961,8961,forward,6975488,4096,13705,13712,True
ep0,9301,8961,8961,forward,6856704,4096,13473,13480,True
ep0,9302,8961,8961,forward,7000064,4096,13753,13760,True
ep0,9303,8961,8961,forward,7028736,4096,13809,13816,True
ep0,9304,8963,8963,forward,7045120,4096,13841,13848,True
ep0,9305,8965,8965,forward,6979584,4096,13713,13720,True
ep0,9306,8965,8965,forward,6860800,4096,13481,13488,True
ep0,9307,8965,8965,forward,7004160,4096,13761,13768,True
ep0,9308,8965,8965,forward,7032832,4096,13817,13824,True
ep0,9309,8967,8967,forward,7049216,4096,13849,13856,True
ep0,9310,8969,8969,forward,6983680,4096,13721,13728,True
ep0,9311,8969,8969,forward,6864896,4096,13489,13496,True
ep0,9312,8969,8969,forward,7008256,4096,13769,13776,True
ep0,9313,8969,8969,forward,7036928,4096,13825,13832,True
ep0,9314,8971,8971,forward,7053312,4096,13857,13864,True
ep0,9315,8973,8973,forward,6987776,4096,13729,13736,True
ep0,9316,8973,8973,forward,6868992,4096,13497,13504,True
ep0,9317,8973,8973,forward,7012352,4096,13777,13784,True
ep0,9318,8973,8973,forward,7041024,4096,13833,13840,True
ep0,9319,8975,8975,forward,7057408,4096,13865,13872,True
ep0,9320,8977,8977,forward,6991872,4096,13737,13744,True
ep0,9321,8977,8977,forward,6873088,4096,13505,13512,True
ep0,9322,8977,8977,forward,7016448,4096,13785,13792,True
ep0,9323,8977,8977,forward,7045120,4096,13841,13848,True
ep0,9324,8979,8979,forward,7061504,4096,13873,13880,True
ep0,9325,8980,8980,forward,6995968,4096,13745,13752,True
ep0,9326,8981,8981,forward,6877184,4096,13513,13520,True
ep0,9327,8981,8981,forward,7020544,4096,13793,13800,True
ep0,9328,8981,8981,forward,7049216,4096,13849,13856,True
ep0,9329,8983,8983,forward,7065600,4096,13881,13888,True
ep0,9330,8984,8984,forward,7000064,4096,13753,13760,True
ep0,9331,8984,8984,forward,6881280,4096,13521,13528,True
ep0,9332,8984,8984,forward,7024640,4096,13801,13808,True
ep0,9333,8984,8984,forward,7053312,4096,13857,13864,True
ep0,9334,8987,8987,forward,7069696,4096,13889,13896,True
ep0,9335,8988,8988,forward,7004160,4096,13761,13768,True
ep0,9336,8988,8988,forward,6885376,4096,13529,13536,True
ep0,9337,8988,8988,forward,7028736,4096,13809,13816,True
ep0,9338,8988,8988,forward,7057408,4096,13865,13872,True
ep0,9339,8991,8991,forward,7073792,4096,13897,13904,True
ep0,9340,8992,8992,forward,7008256,4096,13769,13776,True
ep0,9341,8992,8992,forward,6889472,4096,13537,13544,True
ep0,9342,8992,8992,forward,7032832,4096,13817,13824,True
ep0,9343,8992,8992,forward,7061504,4096,13873,13880,True
ep0,9344,8995,8995,forward,7077888,4096,13905,13912,True
ep0,9345,8996,8996,forward,7012352,4096,13777,13784,True
ep0,9346,8996,8996,forward,6893568,4096,13545,13552,True
ep0,9347,8996,8996,forward,7036928,4096,13825,13832,True
ep0,9348,8996,8996,forward,7065600,4096,13881,13888,True
ep0,9349,8999,8999,forward,6897664,4096,13553,13560,True
ep0,9350,8999,8999,forward,7081984,4096,13913,13920,True
ep0,9351,9000,9000,forward,7016448,4096,13785,13792,True
ep0,9352,9000,9000,forward,7041024,4096,13833,13840,True
ep0,9353,9000,9000,forward,7069696,4096,13889,13896,True
ep0,9354,9003,9003,forward,6901760,4096,13561,13568,True
ep0,9355,9003,9003,forward,7086080,4096,13921,13928,True
ep0,9356,9003,9003,forward,7073792,4096,13897,13904,True
ep0,9357,9007,9007,forward,6905856,4096,13569,13576,True
ep0,9358,9007,9007,forward,7090176,4096,13929,13936,True
ep0,9359,9007,9007,forward,7077888,4096,13905,13912,True
ep0,9360,9011,9011,forward,6909952,4096,13577,13584,True
ep0,9361,9011,9011,forward,7094272,4096,13937,13944,True
ep0,9362,9011,9011,forward,7081984,4096,13913,13920,True
ep0,9363,9015,9015,forward,6914048,4096,13585,13592,True
ep0,9364,9015,9015,forward,7098368,4096,13945,13952,True
ep0,9365,9015,9015,forward,7086080,4096,13921,13928,True
ep0,9366,9017,9017,forward,7020544,4096,13793,13800,True
ep0,9367,9018,9018,forward,7045120,4096,13841,13848,True
ep0,9368,9019,9019,forward,6918144,4096,13593,13600,True
ep0,9369,9019,9019,forward,7102464,4096,13953,13960,True
ep0,9370,9019,9019,forward,7090176,4096,13929,13936,True
ep0,9371,9021,9021,forward,7024640,4096,13801,13808,True
ep0,9372,9022,9022,forward,7049216,4096,13849,13856,True
ep0,9373,9023,9023,forward,6922240,4096,13601,13608,True
ep0,9374,9023,9023,forward,7106560,4096,13961,13968,True
ep0,9375,9023,9023,forward,7094272,4096,13937,13944,True
ep0,9376,9025,9025,forward,7028736,4096,13809,13816,True
ep0,9377,9025,9025,forward,7053312,4096,13857,13864,True
ep0,9378,9026,9026,forward,6926336,4096,13609,13616,True
ep0,9379,9026,9026,forward,7110656,4096,13969,13976,True
ep0,9380,9027,9027,forward,7098368,4096,13945,13952,True
ep0,9381,9029,9029,forward,7032832,4096,13817,13824,True
ep0,9382,9029,9029,forward,7057408,4096,13865,13872,True
ep0,9383,9030,9030,forward,6930432,4096,13617,13624,True
ep0,9384,9030,9030,forward,7114752,4096,13977,13984,True
ep0,9385,9031,9031,forward,7102464,4096,13953,13960,True
ep0,9386,9033,9033,forward,7036928,4096,13825,13832,True
ep0,9387,9033,9033,forward,7061504,4096,13873,13880,True
ep0,9388,9034,9034,forward,6934528,4096,13625,13632,True
ep0,9389,9034,9034,forward,7118848,4096,13985,13992,True
ep0,9390,9034,9034,forward,7106560,4096,13961,13968,True
ep0,9391,9037,9037,forward,7041024,4096,13833,13840,True
ep0,9392,9037,9037,forward,7065600,4096,13881,13888,True
ep0,9393,9038,9038,forward,6938624,4096,13633,13640,True
ep0,9394,9038,9038,forward,7122944,4096,13993,14000,True
ep0,9395,9038,9038,forward,7110656,4096,13969,13976,True
ep0,9396,9041,9041,forward,7045120,4096,13841,13848,True
ep0,9397,9041,9041,forward,7069696,4096,13889,13896,True
ep0,9398,9042,9042,forward,6942720,4096,13641,13648,True
ep0,9399,9042,9042,forward,7127040,4096,14001,14008,True
ep0,9400,9042,9042,forward,7114752,4096,13977,13984,True
ep0,9401,9045,9045,forward,7049216,4096,13849,13856,True
ep0,9402,9045,9045,forward,7073792,4096,13897,13904,True
ep0,9403,9046,9046,forward,6946816,4096,13649,13656,True
ep0,9404,9046,9046,forward,7131136,4096,14009,14016,True
ep0,9405,9046,9046,forward,7118848,4096,13985,13992,True
ep0,9406,9048,9048,forward,7053312,4096,13857,13864,True
ep0,9407,9049,9049,forward,7077888,4096,13905,13912,True
ep0,9408,9050,9050,forward,6950912,4096,13657,13664,True
ep0,9409,9050,9050,forward,7135232,4096,14017,14024,True
ep0,9410,9050,9050,forward,7122944,4096,13993,14000,True
ep0,9411,9052,9052,forward,7057408,4096,13865,13872,True
ep0,9412,9052,9052,forward,7081984,4096,13913,13920,True
ep0,9413,9053,9053,forward,7139328,4096,14025,14032,True
ep0,9414,9054,9054,forward,6955008,4096,13665,13672,True
ep0,9415,9054,9054,forward,7127040,4096,14001,14008,True
ep0,9416,9056,9056,forward,7061504,4096,13873,13880,True
ep0,9417,9056,9056,forward,7086080,4096,13921,13928,True
ep0,9418,9057,9057,forward,7143424,4096,14033,14040,True
ep0,9419,9058,9058,forward,6959104,4096,13673,13680,True
ep0,9420,9058,9058,forward,7131136,4096,14009,14016,True
ep0,9421,9060,9060,forward,7065600,4096,13881,13888,True
ep0,9422,9060,9060,forward,7090176,4096,13929,13936,True
ep0,9423,9061,9061,forward,7147520,4096,14041,14048,True
ep0,9424,9062,9062,forward,6963200,4096,13681,13688,True
ep0,9425,9062,9062,forward,7135232,4096,14017,14024,True
ep0,9426,9064,9064,forward,7069696,4096,13889,13896,True
ep0,9427,9064,9064,forward,7094272,4096,13937,13944,True
ep0,9428,9065,9065,forward,7151616,4096,14049,14056,True
ep0,9429,9066,9066,forward,7139328,4096,14025,14032,True
ep0,9430,9067,9067,forward,7098368,4096,13945,13952,True
ep0,9431,9068,9068,forward,7073792,4096,13897,13904,True
ep0,9432,9069,9069,forward,7155712,4096,14057,14064,True
ep0,9433,9070,9070,forward,7143424,4096,14033,14040,True
ep0,9434,9071,9071,forward,7102464,4096,13953,13960,True
ep0,9435,9072,9072,forward,7077888,4096,13905,13912,True
ep0,9436,9072,9072,forward,7159808,4096,14065,14072,True
ep0,9437,9074,9074,forward,7147520,4096,14041,14048,True
ep0,9438,9075,9075,forward,7106560,4096,13961,13968,True
ep0,9439,9076,9076,forward,7081984,4096,13913,13920,True
ep0,9440,9076,9076,forward,7163904,4096,14073,14080,True
ep0,9441,9078,9078,forward,7151616,4096,14049,14056,True
ep0,9442,9079,9079,forward,6967296,4096,13689,13696,True
ep0,9443,9079,9079,forward,7110656,4096,13969,13976,True
ep0,9444,9080,9080,forward,7086080,4096,13921,13928,True
ep0,9445,9080,9080,forward,7168000,4096,14081,14088,True
ep0,9446,9082,9082,forward,7155712,4096,14057,14064,True
ep0,9447,9083,9083,forward,7090176,4096,13929,13936,True
ep0,9448,9083,9083,forward,6971392,4096,13697,13704,True
ep0,9449,9083,9083,forward,7114752,4096,13977,13984,True
ep0,9450,9084,9084,forward,7172096,4096,14089,14096,True
ep0,9451,9085,9085,forward,7159808,4096,14065,14072,True
ep0,9452,9087,9087,forward,7094272,4096,13937,13944,True
ep0,9453,9087,9087,forward,6975488,4096,13705,13712,True
ep0,9454,9087,9087,forward,7118848,4096,13985,13992,True
ep0,9455,9087,9087,forward,7176192,4096,14097,14104,True
ep0,9456,9089,9089,forward,7163904,4096,14073,14080,True
ep0,9457,9091,9091,forward,7098368,4096,13945,13952,True
ep0,9458,9091,9091,forward,6979584,4096,13713,13720,True
ep0,9459,9091,9091,forward,7122944,4096,13993,14000,True
ep0,9460,9091,9091,forward,7180288,4096,14105,14112,True
ep0,9461,9093,9093,forward,7168000,4096,14081,14088,True
ep0,9462,9095,9095,forward,7102464,4096,13953,13960,True
ep0,9463,9095,9095,forward,6983680,4096,13721,13728,True
ep0,9464,9095,9095,forward,7127040,4096,14001,14008,True
ep0,9465,9095,9095,forward,7184384,4096,14113,14120,True
ep0,9466,9097,9097,forward,7172096,4096,14089,14096,True
ep0,9467,9099,9099,forward,7106560,4096,13961,13968,True
ep0,9468,9099,9099,forward,6987776,4096,13729,13736,True
ep0,9469,9099,9099,forward,7131136,4096,14009,14016,True
ep0,9470,9099,9099,forward,7188480,4096,14121,14128,True
ep0,9471,9101,9101,forward,7176192,4096,14097,14104,True
ep0,9472,9103,9103,forward,7110656,4096,13969,13976,True
ep0,9473,9103,9103,forward,6991872,4096,13737,13744,True
ep0,9474,9103,9103,forward,7135232,4096,14017,14024,True
ep0,9475,9103,9103,forward,7192576,4096,14129,14136,True
ep0,9476,9105,9105,forward,7180288,4096,14105,14112,True
ep0,9477,9107,9107,forward,7114752,4096,13977,13984,True
ep0,9478,9107,9107,forward,6995968,4096,13745,13752,True
ep0,9479,9107,9107,forward,7139328,4096,14025,14032,True
ep0,9480,9107,9107,forward,7196672,4096,14137,14144,True
ep0,9481,9109,9109,forward,7184384,4096,14113,14120,True
ep0,9482,9111,9111,forward,7118848,4096,13985,13992,True
ep0,9483,9111,9111,forward,7000064,4096,13753,13760,True
ep0,9484,9111,9111,forward,7143424,4096,14033,14040,True
ep0,9485,9111,9111,forward,7200768,4096,14145,14152,True
ep0,9486,9113,9113,forward,7188480,4096,14121,14128,True
ep0,9487,9114,9114,forward,7147520,4096,14041,14048,True
ep0,9488,9115,9115,forward,7122944,4096,13993,14000,True
ep0,9489,9115,9115,forward,7004160,4096,13761,13768,True
ep0,9490,9115,9115,forward,7204864,4096,14153,14160,True
ep0,9491,9117,9117,forward,7192576,4096,14129,14136,True
ep0,9492,9118,9118,forward,7151616,4096,14049,14056,True
ep0,9493,9119,9119,forward,7127040,4096,14001,14008,True
ep0,9494,9119,9119,forward,7008256,4096,13769,13776,True
ep0,9495,9119,9119,forward,7208960,4096,14161,14168,True
ep0,9496,9121,9121,forward,7196672,4096,14137,14144,True
ep0,9497,9122,9122,forward,7131136,4096,14009,14016,True
ep0,9498,9122,9122,forward,7155712,4096,14057,14064,True
ep0,9499,9123,9123,forward,7012352,4096,13777,13784,True
ep0,9500,9123,9123,forward,7213056,4096,14169,14176,True
ep0,9501,9125,9125,forward,7200768,4096,14145,14152,True
ep0,9502,9126,9126,forward,7135232,4096,14017,14024,True
ep0,9503,9126,9126,forward,7016448,4096,13785,13792,True
ep0,9504,9126,9126,forward,7159808,4096,14065,14072,True
ep0,9505,9127,9127,forward,7217152,4096,14177,14184,True
ep0,9506,9129,9129,forward,7204864,4096,14153,14160,True
ep0,9507,9130,9130,forward,7139328,4096,14025,14032,True
ep0,9508,9130,9130,forward,7020544,4096,13793,13800,True
ep0,9509,9130,9130,forward,7163904,4096,14073,14080,True
ep0,9510,9131,9131,forward,7221248,4096,14185,14192,True
ep0,9511,9132,9132,forward,7208960,4096,14161,14168,True
ep0,9512,9134,9134,forward,7143424,4096,14033,14040,True
ep0,9513,9134,9134,forward,7024640,4096,13801,13808,True
ep0,9514,9134,9134,forward,7168000,4096,14081,14088,True
ep0,9515,9134,9134,forward,7225344,4096,14193,14200,True
ep0,9516,9136,9136,forward,7213056,4096,14169,14176,True
ep0,9517,9138,9138,forward,7147520,4096,14041,14048,True
ep0,9518,9138,9138,forward,7028736,4096,13809,13816,True
ep0,9519,9138,9138,forward,7172096,4096,14089,14096,True
ep0,9520,9138,9138,forward,7229440,4096,14201,14208,True
ep0,9521,9140,9140,forward,7217152,4096,14177,14184,True
ep0,9522,9142,9142,forward,7151616,4096,14049,14056,True
ep0,9523,9142,9142,forward,7032832,4096,13817,13824,True
ep0,9524,9142,9142,forward,7176192,4096,14097,14104,True
ep0,9525,9142,9142,forward,7233536,4096,14209,14216,True
ep0,9526,9144,9144,forward,7221248,4096,14185,14192,True
ep0,9527,9146,9146,forward,7155712,4096,14057,14064,True
ep0,9528,9146,9146,forward,7036928,4096,13825,13832,True
ep0,9529,9146,9146,forward,7180288,4096,14105,14112,True
ep0,9530,9146,9146,forward,7237632,4096,14217,14224,True
ep0,9531,9148,9148,forward,7225344,4096,14193,14200,True
ep0,9532,9150,9150,forward,7159808,4096,14065,14072,True
ep0,9533,9150,9150,forward,7041024,4096,13833,13840,True
ep0,9534,9150,9150,forward,7184384,4096,14113,14120,True
ep0,9535,9150,9150,forward,7241728,4096,14225,14232,True
ep0,9536,9152,9152,forward,7229440,4096,14201,14208,True
ep0,9537,9154,9154,forward,7163904,4096,14073,14080,True
ep0,9538,9154,9154,forward,7045120,4096,13841,13848,True
ep0,9539,9154,9154,forward,7188480,4096,14121,14128,True
ep0,9540,9154,9154,forward,7245824,4096,14233,14240,True
ep0,9541,9156,9156,forward,7233536,4096,14209,14216,True
ep0,9542,9158,9158,forward,7168000,4096,14081,14088,True
ep0,9543,9158,9158,forward,7049216,4096,13849,13856,True
ep0,9544,9158,9158,forward,7192576,4096,14129,14136,True
ep0,9545,9158,9158,forward,7249920,4096,14241,14248,True
ep0,9546,9160,9160,forward,7237632,4096,14217,14224,True
ep0,9547,9162,9162,forward,7172096,4096,14089,14096,True
ep0,9548,9162,9162,forward,7053312,4096,13857,13864,True
ep0,9549,9162,9162,forward,7196672,4096,14137,14144,True
ep0,9550,9162,9162,forward,7254016,4096,14249,14256,True
ep0,9551,9164,9164,forward,7241728,4096,14225,14232,True
ep0,9552,9165,9165,forward,7258112,4096,14257,14264,True
ep0,9553,9166,9166,forward,7176192,4096,14097,14104,True
ep0,9554,9166,9166,forward,7057408,4096,13865,13872,True
ep0,9555,9166,9166,forward,7200768,4096,14145,14152,True
ep0,9556,9168,9168,forward,7245824,4096,14233,14240,True
ep0,9557,9169,9169,forward,7204864,4096,14153,14160,True
ep0,9558,9169,9169,forward,7262208,4096,14265,14272,True
ep0,9559,9170,9170,forward,7180288,4096,14105,14112,True
ep0,9560,9170,9170,forward,7061504,4096,13873,13880,True
ep0,9561,9172,9172,forward,7249920,4096,14241,14248,True
ep0,9562,9173,9173,forward,7184384,4096,14113,14120,True
ep0,9563,9173,9173,forward,7208960,4096,14161,14168,True
ep0,9564,9173,9173,forward,7266304,4096,14273,14280,True
ep0,9565,9174,9174,forward,7065600,4096,13881,13888,True
ep0,9566,9175,9175,forward,7254016,4096,14249,14256,True
ep0,9567,9177,9177,forward,7188480,4096,14121,14128,True
ep0,9568,9177,9177,forward,7213056,4096,14169,14176,True
ep0,9569,9177,9177,forward,7270400,4096,14281,14288,True
ep0,9570,9178,9178,forward,7069696,4096,13889,13896,True
ep0,9571,9179,9179,forward,7258112,4096,14257,14264,True
ep0,9572,9181,9181,forward,7192576,4096,14129,14136,True
ep0,9573,9181,9181,forward,7217152,4096,14177,14184,True
ep0,9574,9181,9181,forward,7274496,4096,14289,14296,True
ep0,9575,9182,9182,forward,7073792,4096,13897,13904,True
ep0,9576,9183,9183,forward,7262208,4096,14265,14272,True
ep0,9577,9185,9185,forward,7196672,4096,14137,14144,True
ep0,9578,9185,9185,forward,7077888,4096,13905,13912,True
ep0,9579,9185,9185,forward,7221248,4096,14185,14192,True
ep0,9580,9185,9185,forward,7278592,4096,14297,14304,True
ep0,9581,9187,9187,forward,7266304,4096,14273,14280,True
ep0,9582,9188,9188,forward,7282688,4096,14305,14312,True
ep0,9583,9189,9189,forward,7200768,4096,14145,14152,True
ep0,9584,9189,9189,forward,7081984,4096,13913,13920,True
ep0,9585,9189,9189,forward,7225344,4096,14193,14200,True
ep0,9586,9191,9191,forward,7270400,4096,14281,14288,True
ep0,9587,9192,9192,forward,7229440,4096,14201,14208,True
ep0,9588,9192,9192,forward,7286784,4096,14313,14320,True
ep0,9589,9193,9193,forward,7204864,4096,14153,14160,True
ep0,9590,9193,9193,forward,7086080,4096,13921,13928,True
ep0,9591,9195,9195,forward,7274496,4096,14289,14296,True
ep0,9592,9196,9196,forward,7290880,4096,14321,14328,True
ep0,9593,9197,9197,forward,7208960,4096,14161,14168,True
ep0,9594,9197,9197,forward,7090176,4096,13929,13936,True
ep0,9595,9197,9197,forward,7233536,4096,14209,14216,True
ep0,9596,9199,9199,forward,7294976,4096,14329,14336,True
ep0,9597,9199,9199,forward,7278592,4096,14297,14304,True
ep0,9598,9201,9201,forward,7213056,4096,14169,14176,True
ep0,9599,9201,9201,forward,7094272,4096,13937,13944,True
ep0,9600,9201,9201,forward,7237632,4096,14217,14224,True
ep0,9601,9203,9203,forward,7299072,4096,14337,14344,True
ep0,9602,9203,9203,forward,7282688,4096,14305,14312,True
ep0,9603,9205,9205,forward,7217152,4096,14177,14184,True
ep0,9604,9205,9205,forward,7098368,4096,13945,13952,True
ep0,9605,9205,9205,forward,7241728,4096,14225,14232,True
ep0,9606,9207,9207,forward,7303168,4096,14345,14352,True
ep0,9607,9207,9207,forward,7286784,4096,14313,14320,True
ep0,9608,9209,9209,forward,7221248,4096,14185,14192,True
ep0,9609,9209,9209,forward,7102464,4096,13953,13960,True
ep0,9610,9209,9209,forward,7245824,4096,14233,14240,True
ep0,9611,9211,9211,forward,7307264,4096,14353,14360,True
ep0,9612,9211,9211,forward,7290880,4096,14321,14328,True
ep0,9613,9212,9212,forward,7106560,4096,13961,13968,True
ep0,9614,9213,9213,forward,7225344,4096,14193,14200,True
ep0,9615,9213,9213,forward,7249920,4096,14241,14248,True
ep0,9616,9214,9214,forward,7294976,4096,14329,14336,True
ep0,9617,9215,9215,forward,7311360,4096,14361,14368,True
ep0,9618,9216,9216,forward,7110656,4096,13969,13976,True
ep0,9619,9217,9217,forward,7229440,4096,14201,14208,True
ep0,9620,9217,9217,forward,7254016,4096,14249,14256,True
ep0,9621,9218,9218,forward,7299072,4096,14337,14344,True
ep0,9622,9219,9219,forward,7315456,4096,14369,14376,True
ep0,9623,9220,9220,forward,7114752,4096,13977,13984,True
ep0,9624,9221,9221,forward,7233536,4096,14209,14216,True
ep0,9625,9221,9221,forward,7258112,4096,14257,14264,True
ep0,9626,9222,9222,forward,7303168,4096,14345,14352,True
ep0,9627,9223,9223,forward,7319552,4096,14377,14384,True
ep0,9628,9224,9224,forward,7118848,4096,13985,13992,True
ep0,9629,9224,9224,forward,7262208,4096,14265,14272,True
ep0,9630,9225,9225,forward,7237632,4096,14217,14224,True
ep0,9631,9226,9226,forward,7307264,4096,14353,14360,True
ep0,9632,9227,9227,forward,7323648,4096,14385,14392,True
ep0,9633,9228,9228,forward,7122944,4096,13993,14000,True
ep0,9634,9228,9228,forward,7266304,4096,14273,14280,True
ep0,9635,9229,9229,forward,7241728,4096,14225,14232,True
ep0,9636,9230,9230,forward,7311360,4096,14361,14368,True
ep0,9637,9231,9231,forward,7327744,4096,14393,14400,True
ep0,9638,9232,9232,forward,7127040,4096,14001,14008,True
ep0,9639,9232,9232,forward,7270400,4096,14281,14288,True
ep0,9640,9233,9233,forward,7245824,4096,14233,14240,True
ep0,9641,9234,9234,forward,7315456,4096,14369,14376,True
ep0,9642,9235,9235,forward,7131136,4096,14009,14016,True
ep0,9643,9235,9235,forward,7331840,4096,14401,14408,True
ep0,9644,9236,9236,forward,7274496,4096,14289,14296,True
ep0,9645,9237,9237,forward,7249920,4096,14241,14248,True
ep0,9646,9238,9238,forward,7319552,4096,14377,14384,True
ep0,9647,9239,9239,forward,7135232,4096,14017,14024,True
ep0,9648,9239,9239,forward,7335936,4096,14409,14416,True
ep0,9649,9240,9240,forward,7278592,4096,14297,14304,True
ep0,9650,9241,9241,forward,7254016,4096,14249,14256,True
ep0,9651,9241,9241,forward,7323648,4096,14385,14392,True
ep0,9652,9243,9243,forward,7139328,4096,14025,14032,True
ep0,9653,9243,9243,forward,7340032,4096,14417,14424,True
ep0,9654,9244,9244,forward,7258112,4096,14257,14264,True
ep0,9655,9244,9244,forward,7282688,4096,14305,14312,True
ep0,9656,9245,9245,forward,7327744,4096,14393,14400,True
ep0,9657,9247,9247,forward,7143424,4096,14033,14040,True
ep0,9658,9247,9247,forward,7344128,4096,14425,14432,True
ep0,9659,9248,9248,forward,7262208,4096,14265,14272,True
ep0,9660,9248,9248,forward,7286784,4096,14313,14320,True
ep0,9661,9249,9249,forward,7331840,4096,14401,14408,True
ep0,9662,9250,9250,forward,7147520,4096,14041,14048,True
ep0,9663,9251,9251,forward,7348224,4096,14433,14440,True
ep0,9664,9252,9252,forward,7266304,4096,14273,14280,True
ep0,9665,9252,9252,forward,7290880,4096,14321,14328,True
ep0,9666,9252,9252,forward,7335936,4096,14409,14416,True
ep0,9667,9254,9254,forward,7151616,4096,14049,14056,True
ep0,9668,9255,9255,forward,7352320,4096,14441,14448,True
ep0,9669,9256,9256,forward,7270400,4096,14281,14288,True
ep0,9670,9256,9256,forward,7294976,4096,14329,14336,True
ep0,9671,9256,9256,forward,7340032,4096,14417,14424,True
ep0,9672,9258,9258,forward,7155712,4096,14057,14064,True
ep0,9673,9258,9258,forward,7356416,4096,14449,14456,True
ep0,9674,9260,9260,forward,7274496,4096,14289,14296,True
ep0,9675,9260,9260,forward,7299072,4096,14337,14344,True
ep0,9676,9260,9260,forward,7344128,4096,14425,14432,True
ep0,9677,9262,9262,forward,7159808,4096,14065,14072,True
ep0,9678,9262,9262,forward,7360512,4096,14457,14464,True
ep0,9679,9264,9264,forward,7278592,4096,14297,14304,True
ep0,9680,9264,9264,forward,7303168,4096,14345,14352,True
ep0,9681,9264,9264,forward,7348224,4096,14433,14440,True
ep0,9682,9266,9266,forward,7163904,4096,14073,14080,True
ep0,9683,9266,9266,forward,7364608,4096,14465,14472,True
ep0,9684,9267,9267,forward,7282688,4096,14305,14312,True
ep0,9685,9268,9268,forward,7307264,4096,14353,14360,True
ep0,9686,9268,9268,forward,7352320,4096,14441,14448,True
ep0,9687,9270,9270,forward,7168000,4096,14081,14088,True
ep0,9688,9270,9270,forward,7368704,4096,14473,14480,True
ep0,9689,9271,9271,forward,7286784,4096,14313,14320,True
ep0,9690,9272,9272,forward,7311360,4096,14361,14368,True
ep0,9691,9272,9272,forward,7356416,4096,14449,14456,True
ep0,9692,9273,9273,forward,7172096,4096,14089,14096,True
ep0,9693,9274,9274,forward,7372800,4096,14481,14488,True
ep0,9694,9275,9275,forward,7290880,4096,14321,14328,True
ep0,9695,9276,9276,forward,7315456,4096,14369,14376,True
ep0,9696,9276,9276,forward,7360512,4096,14457,14464,True
ep0,9697,9277,9277,forward,7176192,4096,14097,14104,True
ep0,9698,9278,9278,forward,7376896,4096,14489,14496,True
ep0,9699,9279,9279,forward,7294976,4096,14329,14336,True
ep0,9700,9279,9279,forward,7319552,4096,14377,14384,True
ep0,9701,9280,9280,forward,7364608,4096,14465,14472,True
ep0,9702,9281,9281,forward,7180288,4096,14105,14112,True
ep0,9703,9282,9282,forward,7380992,4096,14497,14504,True
ep0,9704,9283,9283,forward,7299072,4096,14337,14344,True
ep0,9705,9283,9283,forward,7323648,4096,14385,14392,True
ep0,9706,9284,9284,forward,7368704,4096,14473,14480,True
ep0,9707,9285,9285,forward,7385088,4096,14505,14512,True
ep0,9708,9286,9286,forward,7184384,4096,14113,14120,True
ep0,9709,9287,9287,forward,7303168,4096,14345,14352,True
ep0,9710,9287,9287,forward,7327744,4096,14393,14400,True
ep0,9711,9288,9288,forward,7372800,4096,14481,14488,True
ep0,9712,9289,9289,forward,7188480,4096,14121,14128,True
ep0,9713,9289,9289,forward,7389184,4096,14513,14520,True
ep0,9714,9291,9291,forward,7307264,4096,14353,14360,True
ep0,9715,9291,9291,forward,7331840,4096,14401,14408,True
ep0,9716,9292,9292,forward,7376896,4096,14489,14496,True
ep0,9717,9293,9293,forward,7192576,4096,14129,14136,True
ep0,9718,9293,9293,forward,7393280,4096,14521,14528,True
ep0,9719,9295,9295,forward,7311360,4096,14361,14368,True
ep0,9720,9295,9295,forward,7335936,4096,14409,14416,True
ep0,9721,9296,9296,forward,7380992,4096,14497,14504,True
ep0,9722,9297,9297,forward,7196672,4096,14137,14144,True
ep0,9723,9297,9297,forward,7397376,4096,14529,14536,True
ep0,9724,9298,9298,forward,7340032,4096,14417,14424,True
ep0,9725,9300,9300,forward,7315456,4096,14369,14376,True
ep0,9726,9300,9300,forward,7385088,4096,14505,14512,True
ep0,9727,9301,9301,forward,7200768,4096,14145,14152,True
ep0,9728,9301,9301,forward,7401472,4096,14537,14544,True
ep0,9729,9302,9302,forward,7344128,4096,14425,14432,True
ep0,9730,9303,9303,forward,7319552,4096,14377,14384,True
ep0,9731,9304,9304,forward,7389184,4096,14513,14520,True
ep0,9732,9305,9305,forward,7204864,4096,14153,14160,True
ep0,9733,9305,9305,forward,7405568,4096,14545,14552,True
ep0,9734,9306,9306,forward,7348224,4096,14433,14440,True
ep0,9735,9307,9307,forward,7323648,4096,14385,14392,True
ep0,9736,9308,9308,forward,7409664,4096,14553,14560,True
ep0,9737,9308,9308,forward,7393280,4096,14521,14528,True
ep0,9738,9309,9309,forward,7208960,4096,14161,14168,True
ep0,9739,9310,9310,forward,7352320,4096,14441,14448,True
ep0,9740,9311,9311,forward,7327744,4096,14393,14400,True
ep0,9741,9312,9312,forward,7413760,4096,14561,14568,True
ep0,9742,9312,9312,forward,7397376,4096,14529,14536,True
ep0,9743,9313,9313,forward,7213056,4096,14169,14176,True
ep0,9744,9314,9314,forward,7356416,4096,14449,14456,True
ep0,9745,9315,9315,forward,7331840,4096,14401,14408,True
ep0,9746,9316,9316,forward,7217152,4096,14177,14184,True
ep0,9747,9316,9316,forward,7417856,4096,14569,14576,True
ep0,9748,9316,9316,forward,7401472,4096,14537,14544,True
ep0,9749,9318,9318,forward,7360512,4096,14457,14464,True
ep0,9750,9319,9319,forward,7335936,4096,14409,14416,True
ep0,9751,9320,9320,forward,7221248,4096,14185,14192,True
ep0,9752,9320,9320,forward,7421952,4096,14577,14584,True
ep0,9753,9320,9320,forward,7405568,4096,14545,14552,True
ep0,9754,9322,9322,forward,7364608,4096,14465,14472,True
ep0,9755,9323,9323,forward,7340032,4096,14417,14424,True
ep0,9756,9323,9323,forward,7426048,4096,14585,14592,True
ep0,9757,9323,9323,forward,7409664,4096,14553,14560,True
ep0,9758,9324,9324,forward,7225344,4096,14193,14200,True
ep0,9759,9325,9325,forward,7368704,4096,14473,14480,True
ep0,9760,9327,9327,forward,7344128,4096,14425,14432,True
ep0,9761,9327,9327,forward,7430144,4096,14593,14600,True
ep0,9762,9327,9327,forward,7413760,4096,14561,14568,True
ep0,9763,9328,9328,forward,7229440,4096,14201,14208,True
ep0,9764,9329,9329,forward,7372800,4096,14481,14488,True
ep0,9765,9330,9330,forward,7348224,4096,14433,14440,True
ep0,9766,9331,9331,forward,7434240,4096,14601,14608,True
ep0,9767,9331,9331,forward,7417856,4096,14569,14576,True
ep0,9768,9332,9332,forward,7233536,4096,14209,14216,True
ep0,9769,9333,9333,forward,7376896,4096,14489,14496,True
ep0,9770,9334,9334,forward,7352320,4096,14441,14448,True
ep0,9771,9335,9335,forward,7438336,4096,14609,14616,True
ep0,9772,9335,9335,forward,7421952,4096,14577,14584,True
ep0,9773,9336,9336,forward,7237632,4096,14217,14224,True
ep0,9774,9337,9337,forward,7380992,4096,14497,14504,True
ep0,9775,9338,9338,forward,7356416,4096,14449,14456,True
ep0,9776,9339,9339,forward,7442432,4096,14617,14624,True
ep0,9777,9339,9339,forward,7426048,4096,14585,14592,True
ep0,9778,9340,9340,forward,7241728,4096,14225,14232,True
ep0,9779,9342,9342,forward,7360512,4096,14457,14464,True
ep0,9780,9342,9342,forward,7385088,4096,14505,14512,True
ep0,9781,9343,9343,forward,7446528,4096,14625,14632,True
ep0,9782,9343,9343,forward,7430144,4096,14593,14600,True
ep0,9783,9344,9344,forward,7245824,4096,14233,14240,True
ep0,9784,9345,9345,forward,7389184,4096,14513,14520,True
ep0,9785,9346,9346,forward,7364608,4096,14465,14472,True
ep0,9786,9347,9347,forward,7450624,4096,14633,14640,True
ep0,9787,9347,9347,forward,7434240,4096,14601,14608,True
ep0,9788,9348,9348,forward,7249920,4096,14241,14248,True
ep0,9789,9349,9349,forward,7393280,4096,14521,14528,True
ep0,9790,9350,9350,forward,7368704,4096,14473,14480,True
ep0,9791,9351,9351,forward,7454720,4096,14641,14648,True
ep0,9792,9351,9351,forward,7438336,4096,14609,14616,True
ep0,9793,9352,9352,forward,7254016,4096,14249,14256,True
ep0,9794,9353,9353,forward,7397376,4096,14529,14536,True
ep0,9795,9354,9354,forward,7372800,4096,14481,14488,True
ep0,9796,9355,9355,forward,7258112,4096,14257,14264,True
ep0,9797,9355,9355,forward,7458816,4096,14649,14656,True
ep0,9798,9355,9355,forward,7442432,4096,14617,14624,True
ep0,9799,9357,9357,forward,7401472,4096,14537,14544,True
ep0,9800,9358,9358,forward,7376896,4096,14489,14496,True
ep0,9801,9358,9358,forward,7446528,4096,14625,14632,True
ep0,9802,9359,9359,forward,7262208,4096,14265,14272,True
ep0,9803,9359,9359,forward,7462912,4096,14657,14664,True
ep0,9804,9361,9361,forward,7380992,4096,14497,14504,True
ep0,9805,9361,9361,forward,7405568,4096,14545,14552,True
ep0,9806,9362,9362,forward,7467008,4096,14665,14672,True
ep0,9807,9362,9362,forward,7450624,4096,14633,14640,True
ep0,9808,9363,9363,forward,7266304,4096,14273,14280,True
ep0,9809,9365,9365,forward,7385088,4096,14505,14512,True
ep0,9810,9365,9365,forward,7409664,4096,14553,14560,True
ep0,9811,9366,9366,forward,7471104,4096,14673,14680,True
ep0,9812,9366,9366,forward,7454720,4096,14641,14648,True
ep0,9813,9367,9367,forward,7270400,4096,14281,14288,True
ep0,9814,9369,9369,forward,7389184,4096,14513,14520,True
ep0,9815,9369,9369,forward,7413760,4096,14561,14568,True
ep0,9816,9370,9370,forward,7475200,4096,14681,14688,True
ep0,9817,9370,9370,forward,7458816,4096,14649,14656,True
ep0,9818,9371,9371,forward,7274496,4096,14289,14296,True
ep0,9819,9373,9373,forward,7393280,4096,14521,14528,True
ep0,9820,9373,9373,forward,7417856,4096,14569,14576,True
ep0,9821,9374,9374,forward,7479296,4096,14689,14696,True
ep0,9822,9374,9374,forward,7462912,4096,14657,14664,True
ep0,9823,9375,9375,forward,7278592,4096,14297,14304,True
ep0,9824,9376,9376,forward,7397376,4096,14529,14536,True
ep0,9825,9377,9377,forward,7421952,4096,14577,14584,True
ep0,9826,9378,9378,forward,7483392,4096,14697,14704,True
ep0,9827,9378,9378,forward,7467008,4096,14665,14672,True
ep0,9828,9379,9379,forward,7282688,4096,14305,14312,True
ep0,9829,9380,9380,forward,7401472,4096,14537,14544,True
ep0,9830,9381,9381,forward,7426048,4096,14585,14592,True
ep0,9831,9382,9382,forward,7487488,4096,14705,14712,True
ep0,9832,9382,9382,forward,7471104,4096,14673,14680,True
ep0,9833,9383,9383,forward,7286784,4096,14313,14320,True
ep0,9834,9384,9384,forward,7405568,4096,14545,14552,True
ep0,9835,9385,9385,forward,7430144,4096,14593,14600,True
ep0,9836,9386,9386,forward,7491584,4096,14713,14720,True
ep0,9837,9386,9386,forward,7475200,4096,14681,14688,True
ep0,9838,9387,9387,forward,7290880,4096,14321,14328,True
ep0,9839,9388,9388,forward,7409664,4096,14553,14560,True
ep0,9840,9389,9389,forward,7434240,4096,14601,14608,True
ep0,9841,9390,9390,forward,7495680,4096,14721,14728,True
ep0,9842,9390,9390,forward,7479296,4096,14689,14696,True
ep0,9843,9391,9391,forward,7294976,4096,14329,14336,True
ep0,9844,9392,9392,forward,7413760,4096,14561,14568,True
ep0,9845,9393,9393,forward,7438336,4096,14609,14616,True
ep0,9846,9394,9394,forward,7499776,4096,14729,14736,True
ep0,9847,9394,9394,forward,7483392,4096,14697,14704,True
ep0,9848,9395,9395,forward,7299072,4096,14337,14344,True
ep0,9849,9396,9396,forward,7417856,4096,14569,14576,True
ep0,9850,9397,9397,forward,7442432,4096,14617,14624,True
ep0,9851,9397,9397,forward,7503872,4096,14737,14744,True
ep0,9852,9398,9398,forward,7487488,4096,14705,14712,True
ep0,9853,9399,9399,forward,7303168,4096,14345,14352,True
ep0,9854,9400,9400,forward,7421952,4096,14577,14584,True
ep0,9855,9401,9401,forward,7446528,4096,14625,14632,True
ep0,9856,9402,9402,forward,7307264,4096,14353,14360,True
ep0,9857,9402,9402,forward,7507968,4096,14745,14752,True
ep0,9858,9402,9402,forward,7491584,4096,14713,14720,True
ep0,9859,9404,9404,forward,7426048,4096,14585,14592,True
ep0,9860,9404,9404,forward,7450624,4096,14633,14640,True
ep0,9861,9406,9406,forward,7311360,4096,14361,14368,True
ep0,9862,9406,9406,forward,7512064,4096,14753,14760,True
ep0,9863,9406,9406,forward,7495680,4096,14721,14728,True
ep0,9864,9408,9408,forward,7430144,4096,14593,14600,True
ep0,9865,9408,9408,forward,7454720,4096,14641,14648,True
ep0,9866,9409,9409,forward,7516160,4096,14761,14768,True
ep0,9867,9410,9410,forward,7315456,4096,14369,14376,True
ep0,9868,9410,9410,forward,7499776,4096,14729,14736,True
ep0,9869,9411,9411,forward,7434240,4096,14601,14608,True
ep0,9870,9412,9412,forward,7458816,4096,14649,14656,True
ep0,9871,9413,9413,forward,7520256,4096,14769,14776,True
ep0,9872,9414,9414,forward,7319552,4096,14377,14384,True
ep0,9873,9414,9414,forward,7503872,4096,14737,14744,True
ep0,9874,9416,9416,forward,7438336,4096,14609,14616,True
ep0,9875,9416,9416,forward,7462912,4096,14657,14664,True
ep0,9876,9417,9417,forward,7524352,4096,14777,14784,True
ep0,9877,9418,9418,forward,7323648,4096,14385,14392,True
ep0,9878,9418,9418,forward,7507968,4096,14745,14752,True
ep0,9879,9420,9420,forward,7442432,4096,14617,14624,True
ep0,9880,9420,9420,forward,7467008,4096,14665,14672,True
ep0,9881,9421,9421,forward,7528448,4096,14785,14792,True
ep0,9882,9421,9421,forward,7512064,4096,14753,14760,True
ep0,9883,9422,9422,forward,7327744,4096,14393,14400,True
ep0,9884,9424,9424,forward,7446528,4096,14625,14632,True
ep0,9885,9424,9424,forward,7471104,4096,14673,14680,True
ep0,9886,9425,9425,forward,7331840,4096,14401,14408,True
ep0,9887,9425,9425,forward,7532544,4096,14793,14800,True
ep0,9888,9425,9425,forward,7516160,4096,14761,14768,True
ep0,9889,9427,9427,forward,7475200,4096,14681,14688,True
ep0,9890,9428,9428,forward,7450624,4096,14633,14640,True
ep0,9891,9429,9429,forward,7335936,4096,14409,14416,True
ep0,9892,9429,9429,forward,7536640,4096,14801,14808,True
ep0,9893,9429,9429,forward,7520256,4096,14769,14776,True
ep0,9894,9432,9432,forward,7454720,4096,14641,14648,True
ep0,9895,9432,9432,forward,7479296,4096,14689,14696,True
ep0,9896,9433,9433,forward,7340032,4096,14417,14424,True
ep0,9897,9433,9433,forward,7540736,4096,14809,14816,True
ep0,9898,9433,9433,forward,7524352,4096,14777,14784,True
ep0,9899,9435,9435,forward,7458816,4096,14649,14656,True
ep0,9900,9435,9435,forward,7483392,4096,14697,14704,True
ep0,9901,9437,9437,forward,7344128,4096,14425,14432,True
ep0,9902,9437,9437,forward,7544832,4096,14817,14824,True
ep0,9903,9437,9437,forward,7528448,4096,14785,14792,True
ep0,9904,9439,9439,forward,7462912,4096,14657,14664,True
ep0,9905,9439,9439,forward,7487488,4096,14705,14712,True
ep0,9906,9441,9441,forward,7348224,4096,14433,14440,True
ep0,9907,9441,9441,forward,7548928,4096,14825,14832,True
ep0,9908,9441,9441,forward,7532544,4096,14793,14800,True
ep0,9909,9443,9443,forward,7467008,4096,14665,14672,True
ep0,9910,9443,9443,forward,7491584,4096,14713,14720,True
ep0,9911,9444,9444,forward,7553024,4096,14833,14840,True
ep0,9912,9445,9445,forward,7352320,4096,14441,14448,True
ep0,9913,9445,9445,forward,7536640,4096,14801,14808,True
ep0,9914,9447,9447,forward,7471104,4096,14673,14680,True
ep0,9915,9447,9447,forward,7495680,4096,14721,14728,True
ep0,9916,9448,9448,forward,7557120,4096,14841,14848,True
ep0,9917,9449,9449,forward,7356416,4096,14449,14456,True
ep0,9918,9449,9449,forward,7540736,4096,14809,14816,True
ep0,9919,9451,9451,forward,7475200,4096,14681,14688,True
ep0,9920,9451,9451,forward,7499776,4096,14729,14736,True
ep0,9921,9452,9452,forward,7561216,4096,14849,14856,True
ep0,9922,9453,9453,forward,7360512,4096,14457,14464,True
ep0,9923,9453,9453,forward,7544832,4096,14817,14824,True
ep0,9924,9455,9455,forward,7479296,4096,14689,14696,True
ep0,9925,9455,9455,forward,7503872,4096,14737,14744,True
ep0,9926,9456,9456,forward,7565312,4096,14857,14864,True
ep0,9927,9457,9457,forward,7364608,4096,14465,14472,True
ep0,9928,9457,9457,forward,7548928,4096,14825,14832,True
ep0,9929,9458,9458,forward,7507968,4096,14745,14752,True
ep0,9930,9459,9459,forward,7483392,4096,14697,14704,True
ep0,9931,9460,9460,forward,7569408,4096,14865,14872,True
ep0,9932,9461,9461,forward,7368704,4096,14473,14480,True
ep0,9933,9461,9461,forward,7553024,4096,14833,14840,True
ep0,9934,9462,9462,forward,7512064,4096,14753,14760,True
ep0,9935,9463,9463,forward,7487488,4096,14705,14712,True
ep0,9936,9463,9463,forward,7573504,4096,14873,14880,True
ep0,9937,9464,9464,forward,7557120,4096,14841,14848,True
ep0,9938,9465,9465,forward,7372800,4096,14481,14488,True
ep0,9939,9466,9466,forward,7516160,4096,14761,14768,True
ep0,9940,9467,9467,forward,7491584,4096,14713,14720,True
ep0,9941,9468,9468,forward,7376896,4096,14489,14496,True
ep0,9942,9468,9468,forward,7577600,4096,14881,14888,True
ep0,9943,9468,9468,forward,7561216,4096,14849,14856,True
ep0,9944,9470,9470,forward,7520256,4096,14769,14776,True
ep0,9945,9471,9471,forward,7495680,4096,14721,14728,True
ep0,9946,9472,9472,forward,7380992,4096,14497,14504,True
ep0,9947,9472,9472,forward,7581696,4096,14889,14896,True
ep0,9948,9472,9472,forward,7565312,4096,14857,14864,True
ep0,9949,9474,9474,forward,7499776,4096,14729,14736,True
ep0,9950,9474,9474,forward,7524352,4096,14777,14784,True
ep0,9951,9475,9475,forward,7585792,4096,14897,14904,True
ep0,9952,9476,9476,forward,7385088,4096,14505,14512,True
ep0,9953,9476,9476,forward,7569408,4096,14865,14872,True
ep0,9954,9478,9478,forward,7503872,4096,14737,14744,True
ep0,9955,9478,9478,forward,7528448,4096,14785,14792,True
ep0,9956,9479,9479,forward,7589888,4096,14905,14912,True
ep0,9957,9480,9480,forward,7389184,4096,14513,14520,True
ep0,9958,9480,9480,forward,7573504,4096,14873,14880,True
ep0,9959,9481,9481,forward,7532544,4096,14793,14800,True
ep0,9960,9482,9482,forward,7507968,4096,14745,14752,True
ep0,9961,9483,9483,forward,7593984,4096,14913,14920,True
ep0,9962,9483,9483,forward,7577600,4096,14881,14888,True
ep0,9963,9484,9484,forward,7393280,4096,14521,14528,True
ep0,9964,9485,9485,forward,7536640,4096,14801,14808,True
ep0,9965,9486,9486,forward,7512064,4096,14753,14760,True
ep0,9966,9487,9487,forward,7598080,4096,14921,14928,True
ep0,9967,9487,9487,forward,7581696,4096,14889,14896,True
ep0,9968,9488,9488,forward,7397376,4096,14529,14536,True
ep0,9969,9489,9489,forward,7540736,4096,14809,14816,True
ep0,9970,9490,9490,forward,7516160,4096,14761,14768,True
ep0,9971,9491,9491,forward,7401472,4096,14537,14544,True
ep0,9972,9491,9491,forward,7602176,4096,14929,14936,True
ep0,9973,9491,9491,forward,7585792,4096,14897,14904,True
ep0,9974,9493,9493,forward,7544832,4096,14817,14824,True
ep0,9975,9494,9494,forward,7520256,4096,14769,14776,True
ep0,9976,9495,9495,forward,7606272,4096,14937,14944,True
ep0,9977,9495,9495,forward,7589888,4096,14905,14912,True
ep0,9978,9496,9496,forward,7405568,4096,14545,14552,True
ep0,9979,9497,9497,forward,7548928,4096,14825,14832,True
ep0,9980,9498,9498,forward,7524352,4096,14777,14784,True
ep0,9981,9499,9499,forward,7409664,4096,14553,14560,True
ep0,9982,9499,9499,forward,7610368,4096,14945,14952,True
ep0,9983,9499,9499,forward,7593984,4096,14913,14920,True
ep0,9984,9501,9501,forward,7553024,4096,14833,14840,True
ep0,9985,9502,9502,forward,7528448,4096,14785,14792,True
ep0,9986,9502,9502,forward,7614464,4096,14953,14960,True
ep0,9987,9503,9503,forward,7413760,4096,14561,14568,True
ep0,9988,9503,9503,forward,7598080,4096,14921,14928,True
ep0,9989,9505,9505,forward,7557120,4096,14841,14848,True
ep0,9990,9506,9506,forward,7532544,4096,14793,14800,True
ep0,9991,9506,9506,forward,7618560,4096,14961,14968,True
ep0,9992,9507,9507,forward,7417856,4096,14569,14576,True
ep0,9993,9507,9507,forward,7602176,4096,14929,14936,True
ep0,9994,9509,9509,forward,7561216,4096,14849,14856,True
ep0,9995,9510,9510,forward,7536640,4096,14801,14808,True
ep0,9996,9510,9510,forward,7622656,4096,14969,14976,True
ep0,9997,9510,9510,forward,7606272,4096,14937,14944,True
ep0,9998,9511,9511,forward,7421952,4096,14577,14584,True
ep0,9999,9513,9513,forward,7565312,4096,14857,14864,True
ep0,10000,9514,9514,forward,7540736,4096,14809,14816,True
ep0,10001,9514,9514,forward,7626752,4096,14977,14984,True
ep0,10002,9514,9514,forward,7610368,4096,14945,14952,True
ep0,10003,9515,9515,forward,7426048,4096,14585,14592,True
ep0,10004,9517,9517,forward,7569408,4096,14865,14872,True
ep0,10005,9518,9518,forward,7544832,4096,14817,14824,True
ep0,10006,9518,9518,forward,7430144,4096,14593,14600,True
ep0,10007,9518,9518,forward,7630848,4096,14985,14992,True
ep0,10008,9518,9518,forward,7614464,4096,14953,14960,True
ep0,10009,9521,9521,forward,7573504,4096,14873,14880,True
ep0,10010,9522,9522,forward,7548928,4096,14825,14832,True
ep0,10011,9522,9522,forward,7434240,4096,14601,14608,True
ep0,10012,9522,9522,forward,7634944,4096,14993,15000,True
ep0,10013,9522,9522,forward,7618560,4096,14961,14968,True
ep0,10014,9525,9525,forward,7577600,4096,14881,14888,True
ep0,10015,9525,9525,forward,7622656,4096,14969,14976,True
ep0,10016,9526,9526,forward,7553024,4096,14833,14840,True
ep0,10017,9526,9526,forward,7438336,4096,14609,14616,True
ep0,10018,9526,9526,forward,7639040,4096,15001,15008,True
ep0,10019,9529,9529,forward,7557120,4096,14841,14848,True
ep0,10020,9529,9529,forward,7581696,4096,14889,14896,True
ep0,10021,9529,9529,forward,7626752,4096,14977,14984,True
ep0,10022,9530,9530,forward,7442432,4096,14617,14624,True
ep0,10023,9530,9530,forward,7643136,4096,15009,15016,True
ep0,10024,9533,9533,forward,7585792,4096,14897,14904,True
ep0,10025,9533,9533,forward,7630848,4096,14985,14992,True
ep0,10026,9534,9534,forward,7561216,4096,14849,14856,True
ep0,10027,9534,9534,forward,7446528,4096,14625,14632,True
ep0,10028,9534,9534,forward,7647232,4096,15017,15024,True
ep0,10029,9537,9537,forward,7565312,4096,14857,14864,True
ep0,10030,9537,9537,forward,7589888,4096,14905,14912,True
ep0,10031,9537,9537,forward,7634944,4096,14993,15000,True
ep0,10032,9538,9538,forward,7450624,4096,14633,14640,True
ep0,10033,9538,9538,forward,7651328,4096,15025,15032,True
ep0,10034,9541,9541,forward,7569408,4096,14865,14872,True
ep0,10035,9541,9541,forward,7593984,4096,14913,14920,True
ep0,10036,9541,9541,forward,7639040,4096,15001,15008,True
ep0,10037,9542,9542,forward,7454720,4096,14641,14648,True
ep0,10038,9542,9542,forward,7655424,4096,15033,15040,True
ep0,10039,9545,9545,forward,7573504,4096,14873,14880,True
ep0,10040,9545,9545,forward,7598080,4096,14921,14928,True
ep0,10041,9545,9545,forward,7643136,4096,15009,15016,True
ep0,10042,9546,9546,forward,7458816,4096,14649,14656,True
ep0,10043,9546,9546,forward,7659520,4096,15041,15048,True
ep0,10044,9549,9549,forward,7577600,4096,14881,14888,True
ep0,10045,9549,9549,forward,7462912,4096,14657,14664,True
ep0,10046,9549,9549,forward,7602176,4096,14929,14936,True
ep0,10047,9549,9549,forward,7663616,4096,15049,15056,True
ep0,10048,9549,9549,forward,7647232,4096,15017,15024,True
ep0,10049,9552,9552,forward,7581696,4096,14889,14896,True
ep0,10050,9553,9553,forward,7467008,4096,14665,14672,True
ep0,10051,9553,9553,forward,7606272,4096,14937,14944,True
ep0,10052,9553,9553,forward,7667712,4096,15057,15064,True
ep0,10053,9553,9553,forward,7651328,4096,15025,15032,True
ep0,10054,9556,9556,forward,7585792,4096,14897,14904,True
ep0,10055,9556,9556,forward,7655424,4096,15033,15040,True
ep0,10056,9557,9557,forward,7471104,4096,14673,14680,True
ep0,10057,9557,9557,forward,7610368,4096,14945,14952,True
ep0,10058,9557,9557,forward,7671808,4096,15065,15072,True
ep0,10059,9560,9560,forward,7589888,4096,14905,14912,True
ep0,10060,9560,9560,forward,7475200,4096,14681,14688,True
ep0,10061,9560,9560,forward,7614464,4096,14953,14960,True
ep0,10062,9560,9560,forward,7659520,4096,15041,15048,True
ep0,10063,9561,9561,forward,7675904,4096,15073,15080,True
ep0,10064,9564,9564,forward,7593984,4096,14913,14920,True
ep0,10065,9564,9564,forward,7479296,4096,14689,14696,True
ep0,10066,9564,9564,forward,7618560,4096,14961,14968,True
ep0,10067,9564,9564,forward,7663616,4096,15049,15056,True
ep0,10068,9565,9565,forward,7680000,4096,15081,15088,True
ep0,10069,9568,9568,forward,7598080,4096,14921,14928,True
ep0,10070,9568,9568,forward,7483392,4096,14697,14704,True
ep0,10071,9568,9568,forward,7622656,4096,14969,14976,True
ep0,10072,9568,9568,forward,7684096,4096,15089,15096,True
ep0,10073,9568,9568,forward,7667712,4096,15057,15064,True
ep0,10074,9572,9572,forward,7602176,4096,14929,14936,True
ep0,10075,9572,9572,forward,7487488,4096,14705,14712,True
ep0,10076,9572,9572,forward,7626752,4096,14977,14984,True
ep0,10077,9572,9572,forward,7688192,4096,15097,15104,True
ep0,10078,9572,9572,forward,7671808,4096,15065,15072,True
ep0,10079,9576,9576,forward,7606272,4096,14937,14944,True
ep0,10080,9576,9576,forward,7491584,4096,14713,14720,True
ep0,10081,9576,9576,forward,7630848,4096,14985,14992,True
ep0,10082,9576,9576,forward,7692288,4096,15105,15112,True
ep0,10083,9576,9576,forward,7675904,4096,15073,15080,True
ep0,10084,9579,9579,forward,7495680,4096,14721,14728,True
ep0,10085,9580,9580,forward,7610368,4096,14945,14952,True
ep0,10086,9580,9580,forward,7634944,4096,14993,15000,True
ep0,10087,9580,9580,forward,7696384,4096,15113,15120,True
ep0,10088,9580,9580,forward,7680000,4096,15081,15088,True
ep0,10089,9583,9583,forward,7499776,4096,14729,14736,True
ep0,10090,9583,9583,forward,7684096,4096,15089,15096,True
ep0,10091,9584,9584,forward,7614464,4096,14953,14960,True
ep0,10092,9584,9584,forward,7639040,4096,15001,15008,True
ep0,10093,9584,9584,forward,7700480,4096,15121,15128,True
ep0,10094,9587,9587,forward,7618560,4096,14961,14968,True
ep0,10095,9587,9587,forward,7503872,4096,14737,14744,True
ep0,10096,9587,9587,forward,7688192,4096,15097,15104,True
ep0,10097,9588,9588,forward,7643136,4096,15009,15016,True
ep0,10098,9588,9588,forward,7704576,4096,15129,15136,True
ep0,10099,9591,9591,forward,7622656,4096,14969,14976,True
ep0,10100,9591,9591,forward,7507968,4096,14745,14752,True
ep0,10101,9591,9591,forward,7647232,4096,15017,15024,True
ep0,10102,9591,9591,forward,7692288,4096,15105,15112,True
ep0,10103,9592,9592,forward,7708672,4096,15137,15144,True
ep0,10104,9595,9595,forward,7626752,4096,14977,14984,True
ep0,10105,9595,9595,forward,7512064,4096,14753,14760,True
ep0,10106,9595,9595,forward,7905280,4096,15521,15528,True
ep0,10107,9595,9595,forward,7651328,4096,15025,15032,True
ep0,10108,9595,9595,forward,7696384,4096,15113,15120,True
ep0,10109,9596,9596,forward,7712768,4096,15145,15152,True
ep0,10110,9599,9599,forward,7630848,4096,14985,14992,True
ep0,10111,9599,9599,forward,7516160,4096,14761,14768,True
ep0,10112,9599,9599,forward,7655424,4096,15033,15040,True
ep0,10113,9599,9599,forward,7700480,4096,15121,15128,True
ep0,10114,9600,9600,forward,7716864,4096,15153,15160,True
ep0,10115,9603,9603,forward,7634944,4096,14993,15000,True
ep0,10116,9603,9603,forward,7520256,4096,14769,14776,True
ep0,10117,9603,9603,forward,7659520,4096,15041,15048,True
ep0,10118,9603,9603,forward,7704576,4096,15129,15136,True
ep0,10119,9604,9604,forward,7720960,4096,15161,15168,True
ep0,10120,9607,9607,forward,7639040,4096,15001,15008,True
ep0,10121,9607,9607,forward,7524352,4096,14777,14784,True
ep0,10122,9607,9607,forward,7663616,4096,15049,15056,True
ep0,10123,9607,9607,forward,7708672,4096,15137,15144,True
ep0,10124,9608,9608,forward,7725056,4096,15169,15176,True
ep0,10125,9611,9611,forward,7643136,4096,15009,15016,True
ep0,10126,9611,9611,forward,7528448,4096,14785,14792,True
ep0,10127,9611,9611,forward,7667712,4096,15057,15064,True
ep0,10128,9611,9611,forward,7712768,4096,15145,15152,True
ep0,10129,9612,9612,forward,7729152,4096,15177,15184,True
ep0,10130,9615,9615,forward,7647232,4096,15017,15024,True
ep0,10131,9615,9615,forward,7532544,4096,14793,14800,True
ep0,10132,9615,9615,forward,7671808,4096,15065,15072,True
ep0,10133,9615,9615,forward,7733248,4096,15185,15192,True
ep0,10134,9615,9615,forward,7716864,4096,15153,15160,True
ep0,10135,9618,9618,forward,7651328,4096,15025,15032,True
ep0,10136,9618,9618,forward,7536640,4096,14801,14808,True
ep0,10137,9618,9618,forward,7675904,4096,15073,15080,True
ep0,10138,9619,9619,forward,7737344,4096,15193,15200,True
ep0,10139,9619,9619,forward,7720960,4096,15161,15168,True
ep0,10140,9622,9622,forward,7655424,4096,15033,15040,True
ep0,10141,9622,9622,forward,7540736,4096,14809,14816,True
ep0,10142,9622,9622,forward,7680000,4096,15081,15088,True
ep0,10143,9623,9623,forward,7741440,4096,15201,15208,True
ep0,10144,9623,9623,forward,7725056,4096,15169,15176,True
ep0,10145,9626,9626,forward,7659520,4096,15041,15048,True
ep0,10146,9626,9626,forward,7544832,4096,14817,14824,True
ep0,10147,9626,9626,forward,7684096,4096,15089,15096,True
ep0,10148,9627,9627,forward,7745536,4096,15209,15216,True
ep0,10149,9627,9627,forward,7729152,4096,15177,15184,True
ep0,10150,9630,9630,forward,7663616,4096,15049,15056,True
ep0,10151,9630,9630,forward,7548928,4096,14825,14832,True
ep0,10152,9630,9630,forward,7688192,4096,15097,15104,True
ep0,10153,9631,9631,forward,7749632,4096,15217,15224,True
ep0,10154,9631,9631,forward,7733248,4096,15185,15192,True
ep0,10155,9634,9634,forward,7667712,4096,15057,15064,True
ep0,10156,9634,9634,forward,7553024,4096,14833,14840,True
ep0,10157,9634,9634,forward,7692288,4096,15105,15112,True
ep0,10158,9634,9634,forward,7753728,4096,15225,15232,True
ep0,10159,9635,9635,forward,7737344,4096,15193,15200,True
ep0,10160,9638,9638,forward,7671808,4096,15065,15072,True
ep0,10161,9638,9638,forward,7557120,4096,14841,14848,True
ep0,10162,9638,9638,forward,7696384,4096,15113,15120,True
ep0,10163,9638,9638,forward,7757824,4096,15233,15240,True
ep0,10164,9639,9639,forward,7741440,4096,15201,15208,True
ep0,10165,9642,9642,forward,7675904,4096,15073,15080,True
ep0,10166,9642,9642,forward,7561216,4096,14849,14856,True
ep0,10167,9642,9642,forward,7700480,4096,15121,15128,True
ep0,10168,9642,9642,forward,7761920,4096,15241,15248,True
ep0,10169,9643,9643,forward,7745536,4096,15209,15216,True
ep0,10170,9645,9645,forward,7704576,4096,15129,15136,True
ep0,10171,9646,9646,forward,7680000,4096,15081,15088,True
ep0,10172,9646,9646,forward,7565312,4096,14857,14864,True
ep0,10173,9646,9646,forward,7766016,4096,15249,15256,True
ep0,10174,9646,9646,forward,7749632,4096,15217,15224,True
ep0,10175,9650,9650,forward,7684096,4096,15089,15096,True
ep0,10176,9650,9650,forward,7569408,4096,14865,14872,True
ep0,10177,9650,9650,forward,7708672,4096,15137,15144,True
ep0,10178,9650,9650,forward,7770112,4096,15257,15264,True
ep0,10179,9650,9650,forward,7753728,4096,15225,15232,True
ep0,10180,9653,9653,forward,7712768,4096,15145,15152,True
ep0,10181,9654,9654,forward,7688192,4096,15097,15104,True
ep0,10182,9654,9654,forward,7573504,4096,14873,14880,True
ep0,10183,9654,9654,forward,7774208,4096,15265,15272,True
ep0,10184,9654,9654,forward,7757824,4096,15233,15240,True
ep0,10185,9657,9657,forward,7716864,4096,15153,15160,True
ep0,10186,9658,9658,forward,7692288,4096,15105,15112,True
ep0,10187,9658,9658,forward,7577600,4096,14881,14888,True
ep0,10188,9658,9658,forward,7778304,4096,15273,15280,True
ep0,10189,9658,9658,forward,7761920,4096,15241,15248,True
ep0,10190,9661,9661,forward,7720960,4096,15161,15168,True
ep0,10191,9662,9662,forward,7696384,4096,15113,15120,True
ep0,10192,9662,9662,forward,7581696,4096,14889,14896,True
ep0,10193,9662,9662,forward,7782400,4096,15281,15288,True
ep0,10194,9662,9662,forward,7766016,4096,15249,15256,True
ep0,10195,9665,9665,forward,7725056,4096,15169,15176,True
ep0,10196,9666,9666,forward,7700480,4096,15121,15128,True
ep0,10197,9666,9666,forward,7585792,4096,14897,14904,True
ep0,10198,9666,9666,forward,7786496,4096,15289,15296,True
ep0,10199,9666,9666,forward,7770112,4096,15257,15264,True
ep0,10200,9669,9669,forward,7729152,4096,15177,15184,True
ep0,10201,9670,9670,forward,7704576,4096,15129,15136,True
ep0,10202,9670,9670,forward,7589888,4096,14905,14912,True
ep0,10203,9670,9670,forward,7790592,4096,15297,15304,True
ep0,10204,9670,9670,forward,7774208,4096,15265,15272,True
ep0,10205,9673,9673,forward,7733248,4096,15185,15192,True
ep0,10206,9674,9674,forward,7708672,4096,15137,15144,True
ep0,10207,9674,9674,forward,7593984,4096,14913,14920,True
ep0,10208,9674,9674,forward,7794688,4096,15305,15312,True
ep0,10209,9674,9674,forward,7778304,4096,15273,15280,True
ep0,10210,9677,9677,forward,7712768,4096,15145,15152,True
ep0,10211,9677,9677,forward,7598080,4096,14921,14928,True
ep0,10212,9677,9677,forward,7737344,4096,15193,15200,True
ep0,10213,9678,9678,forward,7798784,4096,15313,15320,True
ep0,10214,9678,9678,forward,7782400,4096,15281,15288,True
ep0,10215,9681,9681,forward,7716864,4096,15153,15160,True
ep0,10216,9681,9681,forward,7602176,4096,14929,14936,True
ep0,10217,9681,9681,forward,7741440,4096,15201,15208,True
ep0,10218,9681,9681,forward,7802880,4096,15321,15328,True
ep0,10219,9682,9682,forward,7786496,4096,15289,15296,True
ep0,10220,9684,9684,forward,7745536,4096,15209,15216,True
ep0,10221,9685,9685,forward,7720960,4096,15161,15168,True
ep0,10222,9685,9685,forward,7606272,4096,14937,14944,True
ep0,10223,9685,9685,forward,7806976,4096,15329,15336,True
ep0,10224,9686,9686,forward,7790592,4096,15297,15304,True
ep0,10225,9688,9688,forward,7749632,4096,15217,15224,True
ep0,10226,9689,9689,forward,7725056,4096,15169,15176,True
ep0,10227,9689,9689,forward,7610368,4096,14945,14952,True
ep0,10228,9689,9689,forward,7811072,4096,15337,15344,True
ep0,10229,9689,9689,forward,7794688,4096,15305,15312,True
ep0,10230,9692,9692,forward,7753728,4096,15225,15232,True
ep0,10231,9693,9693,forward,7729152,4096,15177,15184,True
ep0,10232,9693,9693,forward,7614464,4096,14953,14960,True
ep0,10233,9693,9693,forward,7815168,4096,15345,15352,True
ep0,10234,9693,9693,forward,7798784,4096,15313,15320,True
ep0,10235,9696,9696,forward,7757824,4096,15233,15240,True
ep0,10236,9697,9697,forward,7733248,4096,15185,15192,True
ep0,10237,9697,9697,forward,7618560,4096,14961,14968,True
ep0,10238,9697,9697,forward,7819264,4096,15353,15360,True
ep0,10239,9698,9698,forward,7802880,4096,15321,15328,True
ep0,10240,9700,9700,forward,7761920,4096,15241,15248,True
ep0,10241,9701,9701,forward,7737344,4096,15193,15200,True
ep0,10242,9701,9701,forward,7622656,4096,14969,14976,True
ep0,10243,9702,9702,forward,7823360,4096,15361,15368,True
ep0,10244,9702,9702,forward,7806976,4096,15329,15336,True
ep0,10245,9703,9703,forward,7766016,4096,15249,15256,True
ep0,10246,9705,9705,forward,7741440,4096,15201,15208,True
ep0,10247,9705,9705,forward,7626752,4096,14977,14984,True
ep0,10248,9706,9706,forward,7827456,4096,15369,15376,True
ep0,10249,9706,9706,forward,7811072,4096,15337,15344,True
ep0,10250,9707,9707,forward,7770112,4096,15257,15264,True
ep0,10251,9708,9708,forward,7630848,4096,14985,14992,True
ep0,10252,9709,9709,forward,7745536,4096,15209,15216,True
ep0,10253,9709,9709,forward,7831552,4096,15377,15384,True
ep0,10254,9709,9709,forward,7815168,4096,15345,15352,True
ep0,10255,9711,9711,forward,7774208,4096,15265,15272,True
ep0,10256,9712,9712,forward,7634944,4096,14993,15000,True
ep0,10257,9713,9713,forward,7749632,4096,15217,15224,True
ep0,10258,9713,9713,forward,7835648,4096,15385,15392,True
ep0,10259,9713,9713,forward,7819264,4096,15353,15360,True
ep0,10260,9715,9715,forward,7778304,4096,15273,15280,True
ep0,10261,9716,9716,forward,7639040,4096,15001,15008,True
ep0,10262,9717,9717,forward,7753728,4096,15225,15232,True
ep0,10263,9717,9717,forward,7839744,4096,15393,15400,True
ep0,10264,9717,9717,forward,7823360,4096,15361,15368,True
ep0,10265,9719,9719,forward,7782400,4096,15281,15288,True
ep0,10266,9720,9720,forward,7643136,4096,15009,15016,True
ep0,10267,9721,9721,forward,7757824,4096,15233,15240,True
ep0,10268,9721,9721,forward,7843840,4096,15401,15408,True
ep0,10269,9722,9722,forward,7786496,4096,15289,15296,True
ep0,10270,9724,9724,forward,7647232,4096,15017,15024,True
ep0,10271,9725,9725,forward,7761920,4096,15241,15248,True
ep0,10272,9725,9725,forward,7847936,4096,15409,15416,True
ep0,10273,9726,9726,forward,7790592,4096,15297,15304,True
ep0,10274,9728,9728,forward,7651328,4096,15025,15032,True
ep0,10275,9729,9729,forward,7766016,4096,15249,15256,True
ep0,10276,9729,9729,forward,7852032,4096,15417,15424,True
ep0,10277,9730,9730,forward,7794688,4096,15305,15312,True
ep0,10278,9732,9732,forward,7770112,4096,15257,15264,True
ep0,10279,9732,9732,forward,7655424,4096,15033,15040,True
ep0,10280,9733,9733,forward,7856128,4096,15425,15432,True
ep0,10281,9734,9734,forward,7798784,4096,15313,15320,True
ep0,10282,9734,9734,forward,7827456,4096,15369,15376,True
ep0,10283,9736,9736,forward,7774208,4096,15265,15272,True
ep0,10284,9736,9736,forward,7659520,4096,15041,15048,True
ep0,10285,9737,9737,forward,7860224,4096,15433,15440,True
ep0,10286,9738,9738,forward,7802880,4096,15321,15328,True
ep0,10287,9738,9738,forward,7831552,4096,15377,15384,True
ep0,10288,9740,9740,forward,7778304,4096,15273,15280,True
ep0,10289,9740,9740,forward,7663616,4096,15049,15056,True
ep0,10290,9741,9741,forward,7864320,4096,15441,15448,True
ep0,10291,9742,9742,forward,7806976,4096,15329,15336,True
ep0,10292,9742,9742,forward,7835648,4096,15385,15392,True
ep0,10293,9744,9744,forward,7782400,4096,15281,15288,True
ep0,10294,9744,9744,forward,7667712,4096,15057,15064,True
ep0,10295,9746,9746,forward,7811072,4096,15337,15344,True
ep0,10296,9746,9746,forward,7839744,4096,15393,15400,True
ep0,10297,9747,9747,forward,7671808,4096,15065,15072,True
ep0,10298,9748,9748,forward,7786496,4096,15289,15296,True
ep0,10299,9750,9750,forward,7815168,4096,15345,15352,True
ep0,10300,9750,9750,forward,7843840,4096,15401,15408,True
ep0,10301,9751,9751,forward,7675904,4096,15073,15080,True
ep0,10302,9752,9752,forward,7790592,4096,15297,15304,True
ep0,10303,9754,9754,forward,7819264,4096,15353,15360,True
ep0,10304,9754,9754,forward,7847936,4096,15409,15416,True
ep0,10305,9755,9755,forward,7680000,4096,15081,15088,True
ep0,10306,9756,9756,forward,7794688,4096,15305,15312,True
ep0,10307,9758,9758,forward,7823360,4096,15361,15368,True
ep0,10308,9758,9758,forward,7852032,4096,15417,15424,True
ep0,10309,9759,9759,forward,7684096,4096,15089,15096,True
ep0,10310,9759,9759,forward,7868416,4096,15449,15456,True
ep0,10311,9760,9760,forward,7798784,4096,15313,15320,True
ep0,10312,9761,9761,forward,7856128,4096,15425,15432,True
ep0,10313,9762,9762,forward,7688192,4096,15097,15104,True
ep0,10314,9762,9762,forward,7827456,4096,15369,15376,True
ep0,10315,9763,9763,forward,7872512,4096,15457,15464,True
ep0,10316,9764,9764,forward,7802880,4096,15321,15328,True
ep0,10317,9765,9765,forward,7831552,4096,15377,15384,True
ep0,10318,9765,9765,forward,7860224,4096,15433,15440,True
ep0,10319,9766,9766,forward,7692288,4096,15105,15112,True
ep0,10320,9766,9766,forward,7876608,4096,15465,15472,True
ep0,10321,9768,9768,forward,7806976,4096,15329,15336,True
ep0,10322,9769,9769,forward,7835648,4096,15385,15392,True
ep0,10323,9769,9769,forward,7864320,4096,15441,15448,True
ep0,10324,9770,9770,forward,7696384,4096,15113,15120,True
ep0,10325,9770,9770,forward,7880704,4096,15473,15480,True
ep0,10326,9772,9772,forward,7811072,4096,15337,15344,True
ep0,10327,9773,9773,forward,7839744,4096,15393,15400,True
ep0,10328,9773,9773,forward,7868416,4096,15449,15456,True
ep0,10329,9774,9774,forward,7700480,4096,15121,15128,True
ep0,10330,9774,9774,forward,7884800,4096,15481,15488,True
ep0,10331,9776,9776,forward,7815168,4096,15345,15352,True
ep0,10332,9777,9777,forward,7843840,4096,15401,15408,True
ep0,10333,9777,9777,forward,7872512,4096,15457,15464,True
ep0,10334,9778,9778,forward,7704576,4096,15129,15136,True
ep0,10335,9778,9778,forward,7888896,4096,15489,15496,True
ep0,10336,9780,9780,forward,7819264,4096,15353,15360,True
ep0,10337,9781,9781,forward,7847936,4096,15409,15416,True
ep0,10338,9781,9781,forward,7876608,4096,15465,15472,True
ep0,10339,9782,9782,forward,7708672,4096,15137,15144,True
ep0,10340,9782,9782,forward,7892992,4096,15497,15504,True
ep0,10341,9784,9784,forward,7823360,4096,15361,15368,True
ep0,10342,9785,9785,forward,7852032,4096,15417,15424,True
ep0,10343,9785,9785,forward,7897088,4096,15505,15512,True
ep0,10344,9785,9785,forward,7880704,4096,15473,15480,True
ep0,10345,9786,9786,forward,7712768,4096,15145,15152,True
ep0,10346,9788,9788,forward,7827456,4096,15369,15376,True
ep0,10347,9789,9789,forward,7856128,4096,15425,15432,True
ep0,10348,9789,9789,forward,7901184,4096,15513,15520,True
ep0,10349,9789,9789,forward,7884800,4096,15481,15488,True
ep0,10350,9790,9790,forward,7716864,4096,15153,15160,True
ep0,10351,9792,9792,forward,7831552,4096,15377,15384,True
ep0,10352,9792,9792,forward,7888896,4096,15489,15496,True
ep0,10353,9793,9793,forward,7860224,4096,15433,15440,True
ep0,10354,9793,9793,forward,7905280,4096,15521,15528,True
ep0,10355,9794,9794,forward,7720960,4096,15161,15168,True
ep0,10356,9795,9795,forward,7835648,4096,15385,15392,True
ep0,10357,9796,9796,forward,7892992,4096,15497,15504,True
ep0,10358,9797,9797,forward,7864320,4096,15441,15448,True
ep0,10359,9797,9797,forward,7909376,4096,15529,15536,True
ep0,10360,9798,9798,forward,7725056,4096,15169,15176,True
ep0,10361,9799,9799,forward,7839744,4096,15393,15400,True
ep0,10362,9800,9800,forward,7897088,4096,15505,15512,True
ep0,10363,9801,9801,forward,7729152,4096,15177,15184,True
ep0,10364,9801,9801,forward,7868416,4096,15449,15456,True
ep0,10365,9801,9801,forward,7913472,4096,15537,15544,True
ep0,10366,9803,9803,forward,7843840,4096,15401,15408,True
ep0,10367,9804,9804,forward,7917568,4096,15545,15552,True
ep0,10368,9804,9804,forward,7901184,4096,15513,15520,True
ep0,10369,9805,9805,forward,7733248,4096,15185,15192,True
ep0,10370,9808,9808,forward,7921664,4096,15553,15560,True
ep0,10371,9808,9808,forward,7905280,4096,15521,15528,True
ep0,10372,9809,9809,forward,7737344,4096,15193,15200,True
ep0,10373,9812,9812,forward,7925760,4096,15561,15568,True
ep0,10374,9812,9812,forward,7909376,4096,15529,15536,True
ep0,10375,9813,9813,forward,7741440,4096,15201,15208,True
ep0,10376,9815,9815,forward,7929856,4096,15569,15576,True
ep0,10377,9816,9816,forward,7913472,4096,15537,15544,True
ep0,10378,9817,9817,forward,7745536,4096,15209,15216,True
ep0,10379,9818,9818,forward,7872512,4096,15457,15464,True
ep0,10380,9819,9819,forward,7933952,4096,15577,15584,True
ep0,10381,9820,9820,forward,7847936,4096,15409,15416,True
ep0,10382,9820,9820,forward,7749632,4096,15217,15224,True
ep0,10383,9820,9820,forward,7917568,4096,15545,15552,True
ep0,10384,9822,9822,forward,7876608,4096,15465,15472,True
ep0,10385,9823,9823,forward,7938048,4096,15585,15592,True
ep0,10386,9824,9824,forward,7852032,4096,15417,15424,True
ep0,10387,9824,9824,forward,7753728,4096,15225,15232,True
ep0,10388,9824,9824,forward,7921664,4096,15553,15560,True
ep0,10389,9826,9826,forward,7880704,4096,15473,15480,True
ep0,10390,9827,9827,forward,7942144,4096,15593,15600,True
ep0,10391,9828,9828,forward,7856128,4096,15425,15432,True
ep0,10392,9828,9828,forward,7757824,4096,15233,15240,True
ep0,10393,9828,9828,forward,7925760,4096,15561,15568,True
ep0,10394,9830,9830,forward,7884800,4096,15481,15488,True
ep0,10395,9831,9831,forward,7946240,4096,15601,15608,True
ep0,10396,9832,9832,forward,7860224,4096,15433,15440,True
ep0,10397,9832,9832,forward,7761920,4096,15241,15248,True
ep0,10398,9832,9832,forward,7929856,4096,15569,15576,True
ep0,10399,9834,9834,forward,7888896,4096,15489,15496,True
ep0,10400,9835,9835,forward,7950336,4096,15609,15616,True
ep0,10401,9836,9836,forward,7864320,4096,15441,15448,True
ep0,10402,9836,9836,forward,7766016,4096,15249,15256,True
ep0,10403,9836,9836,forward,7933952,4096,15577,15584,True
ep0,10404,9837,9837,forward,7892992,4096,15497,15504,True
ep0,10405,9839,9839,forward,7954432,4096,15617,15624,True
ep0,10406,9840,9840,forward,7868416,4096,15449,15456,True
ep0,10407,9840,9840,forward,7770112,4096,15257,15264,True
ep0,10408,9840,9840,forward,7938048,4096,15585,15592,True
ep0,10409,9841,9841,forward,7897088,4096,15505,15512,True
ep0,10410,9843,9843,forward,7958528,4096,15625,15632,True
ep0,10411,9843,9843,forward,7942144,4096,15593,15600,True
ep0,10412,9844,9844,forward,7872512,4096,15457,15464,True
ep0,10413,9844,9844,forward,7774208,4096,15265,15272,True
ep0,10414,9845,9845,forward,7901184,4096,15513,15520,True
ep0,10415,9847,9847,forward,7962624,4096,15633,15640,True
ep0,10416,9847,9847,forward,7946240,4096,15601,15608,True
ep0,10417,9848,9848,forward,7876608,4096,15465,15472,True
ep0,10418,9848,9848,forward,7778304,4096,15273,15280,True
ep0,10419,9849,9849,forward,7905280,4096,15521,15528,True
ep0,10420,9851,9851,forward,7966720,4096,15641,15648,True
ep0,10421,9851,9851,forward,7950336,4096,15609,15616,True
ep0,10422,9852,9852,forward,7880704,4096,15473,15480,True
ep0,10423,9852,9852,forward,7782400,4096,15281,15288,True
ep0,10424,9853,9853,forward,7909376,4096,15529,15536,True
ep0,10425,9855,9855,forward,7970816,4096,15649,15656,True
ep0,10426,9855,9855,forward,7954432,4096,15617,15624,True
ep0,10427,9856,9856,forward,7884800,4096,15481,15488,True
ep0,10428,9856,9856,forward,7786496,4096,15289,15296,True
ep0,10429,9857,9857,forward,7913472,4096,15537,15544,True
ep0,10430,9859,9859,forward,7974912,4096,15657,15664,True
ep0,10431,9859,9859,forward,7958528,4096,15625,15632,True
ep0,10432,9860,9860,forward,7888896,4096,15489,15496,True
ep0,10433,9860,9860,forward,7790592,4096,15297,15304,True
ep0,10434,9861,9861,forward,7917568,4096,15545,15552,True
ep0,10435,9863,9863,forward,7979008,4096,15665,15672,True
ep0,10436,9863,9863,forward,7962624,4096,15633,15640,True
ep0,10437,9864,9864,forward,7892992,4096,15497,15504,True
ep0,10438,9864,9864,forward,7794688,4096,15305,15312,True
ep0,10439,9865,9865,forward,7921664,4096,15553,15560,True
ep0,10440,9867,9867,forward,7983104,4096,15673,15680,True
ep0,10441,9867,9867,forward,7966720,4096,15641,15648,True
ep0,10442,9868,9868,forward,7897088,4096,15505,15512,True
ep0,10443,9869,9869,forward,7925760,4096,15561,15568,True
ep0,10444,9870,9870,forward,7987200,4096,15681,15688,True
ep0,10445,9871,9871,forward,7901184,4096,15513,15520,True
ep0,10446,9871,9871,forward,7970816,4096,15649,15656,True
ep0,10447,9873,9873,forward,7929856,4096,15569,15576,True
ep0,10448,9874,9874,forward,7991296,4096,15689,15696,True
ep0,10449,9875,9875,forward,7905280,4096,15521,15528,True
ep0,10450,9875,9875,forward,7974912,4096,15657,15664,True
ep0,10451,9876,9876,forward,7933952,4096,15577,15584,True
ep0,10452,9878,9878,forward,7995392,4096,15697,15704,True
ep0,10453,9879,9879,forward,7909376,4096,15529,15536,True
ep0,10454,9879,9879,forward,7979008,4096,15665,15672,True
ep0,10455,9880,9880,forward,7938048,4096,15585,15592,True
ep0,10456,9881,9881,forward,7798784,4096,15313,15320,True
ep0,10457,9882,9882,forward,7999488,4096,15705,15712,True
ep0,10458,9883,9883,forward,7913472,4096,15537,15544,True
ep0,10459,9883,9883,forward,7983104,4096,15673,15680,True
ep0,10460,9884,9884,forward,7942144,4096,15593,15600,True
ep0,10461,9885,9885,forward,7802880,4096,15321,15328,True
ep0,10462,9886,9886,forward,8003584,4096,15713,15720,True
ep0,10463,9887,9887,forward,7917568,4096,15545,15552,True
ep0,10464,9887,9887,forward,7987200,4096,15681,15688,True
ep0,10465,9888,9888,forward,7946240,4096,15601,15608,True
ep0,10466,9889,9889,forward,7806976,4096,15329,15336,True
ep0,10467,9890,9890,forward,8007680,4096,15721,15728,True
ep0,10468,9891,9891,forward,7921664,4096,15553,15560,True
ep0,10469,9891,9891,forward,7991296,4096,15689,15696,True
ep0,10470,9892,9892,forward,7950336,4096,15609,15616,True
ep0,10471,9893,9893,forward,7811072,4096,15337,15344,True
ep0,10472,9894,9894,forward,8011776,4096,15729,15736,True
ep0,10473,9895,9895,forward,7925760,4096,15561,15568,True
ep0,10474,9895,9895,forward,7995392,4096,15697,15704,True
ep0,10475,9896,9896,forward,7954432,4096,15617,15624,True
ep0,10476,9897,9897,forward,7815168,4096,15345,15352,True
ep0,10477,9897,9897,forward,8015872,4096,15737,15744,True
ep0,10478,9899,9899,forward,7929856,4096,15569,15576,True
ep0,10479,9899,9899,forward,7999488,4096,15705,15712,True
ep0,10480,9900,9900,forward,7958528,4096,15625,15632,True
ep0,10481,9901,9901,forward,7819264,4096,15353,15360,True
ep0,10482,9901,9901,forward,8019968,4096,15745,15752,True
ep0,10483,9903,9903,forward,7933952,4096,15577,15584,True
ep0,10484,9903,9903,forward,8003584,4096,15713,15720,True
ep0,10485,9904,9904,forward,7962624,4096,15633,15640,True
ep0,10486,9905,9905,forward,7823360,4096,15361,15368,True
ep0,10487,9905,9905,forward,8024064,4096,15753,15760,True
ep0,10488,9907,9907,forward,7938048,4096,15585,15592,True
ep0,10489,9907,9907,forward,8007680,4096,15721,15728,True
ep0,10490,9908,9908,forward,7966720,4096,15641,15648,True
ep0,10491,9909,9909,forward,7827456,4096,15369,15376,True
ep0,10492,9909,9909,forward,8028160,4096,15761,15768,True
ep0,10493,9911,9911,forward,7942144,4096,15593,15600,True
ep0,10494,9911,9911,forward,8011776,4096,15729,15736,True
ep0,10495,9912,9912,forward,7970816,4096,15649,15656,True
ep0,10496,9913,9913,forward,7831552,4096,15377,15384,True
ep0,10497,9913,9913,forward,8032256,4096,15769,15776,True
ep0,10498,9915,9915,forward,7946240,4096,15601,15608,True
ep0,10499,9915,9915,forward,8015872,4096,15737,15744,True
ep0,10500,9916,9916,forward,7974912,4096,15657,15664,True
ep0,10501,9917,9917,forward,7835648,4096,15385,15392,True
ep0,10502,9917,9917,forward,8036352,4096,15777,15784,True
ep0,10503,9919,9919,forward,7950336,4096,15609,15616,True
ep0,10504,9919,9919,forward,8019968,4096,15745,15752,True
ep0,10505,9920,9920,forward,7839744,4096,15393,15400,True
ep0,10506,9920,9920,forward,7979008,4096,15665,15672,True
ep0,10507,9921,9921,forward,8040448,4096,15785,15792,True
ep0,10508,9922,9922,forward,7954432,4096,15617,15624,True
ep0,10509,9923,9923,forward,8024064,4096,15753,15760,True
ep0,10510,9924,9924,forward,7843840,4096,15401,15408,True
ep0,10511,9924,9924,forward,7983104,4096,15673,15680,True
ep0,10512,9925,9925,forward,8044544,4096,15793,15800,True
ep0,10513,9926,9926,forward,7958528,4096,15625,15632,True
ep0,10514,9926,9926,forward,8028160,4096,15761,15768,True
ep0,10515,9928,9928,forward,7847936,4096,15409,15416,True
ep0,10516,9928,9928,forward,7987200,4096,15681,15688,True
ep0,10517,9929,9929,forward,8048640,4096,15801,15808,True
ep0,10518,9930,9930,forward,7962624,4096,15633,15640,True
ep0,10519,9930,9930,forward,8032256,4096,15769,15776,True
ep0,10520,9932,9932,forward,7852032,4096,15417,15424,True
ep0,10521,9932,9932,forward,7991296,4096,15689,15696,True
ep0,10522,9933,9933,forward,8052736,4096,15809,15816,True
ep0,10523,9934,9934,forward,7966720,4096,15641,15648,True
ep0,10524,9934,9934,forward,8036352,4096,15777,15784,True
ep0,10525,9936,9936,forward,7856128,4096,15425,15432,True
ep0,10526,9936,9936,forward,7995392,4096,15697,15704,True
ep0,10527,9937,9937,forward,8056832,4096,15817,15824,True
ep0,10528,9938,9938,forward,7970816,4096,15649,15656,True
ep0,10529,9938,9938,forward,8040448,4096,15785,15792,True
ep0,10530,9940,9940,forward,7860224,4096,15433,15440,True
ep0,10531,9940,9940,forward,7999488,4096,15705,15712,True
ep0,10532,9941,9941,forward,8060928,4096,15825,15832,True
ep0,10533,9942,9942,forward,7974912,4096,15657,15664,True
ep0,10534,9942,9942,forward,8044544,4096,15793,15800,True
ep0,10535,9944,9944,forward,7864320,4096,15441,15448,True
ep0,10536,9944,9944,forward,8003584,4096,15713,15720,True
ep0,10537,9944,9944,forward,8065024,4096,15833,15840,True
ep0,10538,9946,9946,forward,7979008,4096,15665,15672,True
ep0,10539,9946,9946,forward,8048640,4096,15801,15808,True
ep0,10540,9947,9947,forward,8007680,4096,15721,15728,True
ep0,10541,9948,9948,forward,7868416,4096,15449,15456,True
ep0,10542,9949,9949,forward,8069120,4096,15841,15848,True
ep0,10543,9950,9950,forward,7983104,4096,15673,15680,True
ep0,10544,9950,9950,forward,8052736,4096,15809,15816,True
ep0,10545,9951,9951,forward,8011776,4096,15729,15736,True
ep0,10546,9952,9952,forward,7872512,4096,15457,15464,True
ep0,10547,9953,9953,forward,8073216,4096,15849,15856,True
ep0,10548,9954,9954,forward,7987200,4096,15681,15688,True
ep0,10549,9954,9954,forward,8056832,4096,15817,15824,True
ep0,10550,9955,9955,forward,8015872,4096,15737,15744,True
ep0,10551,9956,9956,forward,7876608,4096,15465,15472,True
ep0,10552,9956,9956,forward,8077312,4096,15857,15864,True
ep0,10553,9958,9958,forward,7991296,4096,15689,15696,True
ep0,10554,9958,9958,forward,8060928,4096,15825,15832,True
ep0,10555,9959,9959,forward,8019968,4096,15745,15752,True
ep0,10556,9960,9960,forward,7880704,4096,15473,15480,True
ep0,10557,9960,9960,forward,8081408,4096,15865,15872,True
ep0,10558,9962,9962,forward,7995392,4096,15697,15704,True
ep0,10559,9962,9962,forward,8065024,4096,15833,15840,True
ep0,10560,9963,9963,forward,8024064,4096,15753,15760,True
ep0,10561,9964,9964,forward,7884800,4096,15481,15488,True
ep0,10562,9964,9964,forward,8085504,4096,15873,15880,True
ep0,10563,9966,9966,forward,7999488,4096,15705,15712,True
ep0,10564,9966,9966,forward,8069120,4096,15841,15848,True
ep0,10565,9967,9967,forward,8028160,4096,15761,15768,True
ep0,10566,9968,9968,forward,7888896,4096,15489,15496,True
ep0,10567,9968,9968,forward,8089600,4096,15881,15888,True
ep0,10568,9969,9969,forward,8073216,4096,15849,15856,True
ep0,10569,9970,9970,forward,8003584,4096,15713,15720,True
ep0,10570,9971,9971,forward,8032256,4096,15769,15776,True
ep0,10571,9972,9972,forward,7892992,4096,15497,15504,True
ep0,10572,9972,9972,forward,8093696,4096,15889,15896,True
ep0,10573,9973,9973,forward,8007680,4096,15721,15728,True
ep0,10574,9973,9973,forward,8077312,4096,15857,15864,True
ep0,10575,9975,9975,forward,8036352,4096,15777,15784,True
ep0,10576,9976,9976,forward,7897088,4096,15505,15512,True
ep0,10577,9976,9976,forward,8097792,4096,15897,15904,True
ep0,10578,9977,9977,forward,8011776,4096,15729,15736,True
ep0,10579,9977,9977,forward,8081408,4096,15865,15872,True
ep0,10580,9979,9979,forward,8040448,4096,15785,15792,True
ep0,10581,9980,9980,forward,7901184,4096,15513,15520,True
ep0,10582,9980,9980,forward,8101888,4096,15905,15912,True
ep0,10583,9981,9981,forward,8015872,4096,15737,15744,True
ep0,10584,9981,9981,forward,8085504,4096,15873,15880,True
ep0,10585,9983,9983,forward,8044544,4096,15793,15800,True
ep0,10586,9984,9984,forward,7905280,4096,15521,15528,True
ep0,10587,9984,9984,forward,8105984,4096,15913,15920,True
ep0,10588,9985,9985,forward,8019968,4096,15745,15752,True
ep0,10589,9985,9985,forward,8089600,4096,15881,15888,True
ep0,10590,9987,9987,forward,7909376,4096,15529,15536,True
ep0,10591,9987,9987,forward,8048640,4096,15801,15808,True
ep0,10592,9988,9988,forward,8024064,4096,15753,15760,True
ep0,10593,9988,9988,forward,8110080,4096,15921,15928,True
ep0,10594,9989,9989,forward,8093696,4096,15889,15896,True
ep0,10595,9991,9991,forward,7913472,4096,15537,15544,True
ep0,10596,9991,9991,forward,8052736,4096,15809,15816,True
ep0,10597,9991,9991,forward,8114176,4096,15929,15936,True
ep0,10598,9992,9992,forward,8028160,4096,15761,15768,True
ep0,10599,9993,9993,forward,8097792,4096,15897,15904,True
ep0,10600,9994,9994,forward,8056832,4096,15817,15824,True
ep0,10601,9995,9995,forward,7917568,4096,15545,15552,True
ep0,10602,9995,9995,forward,8118272,4096,15937,15944,True
ep0,10603,9996,9996,forward,8032256,4096,15769,15776,True
ep0,10604,9996,9996,forward,8101888,4096,15905,15912,True
ep0,10605,9998,9998,forward,8060928,4096,15825,15832,True
ep0,10606,9999,9999,forward,7921664,4096,15553,15560,True
ep0,10607,9999,9999,forward,8122368,4096,15945,15952,True
ep0,10608,10000,10000,forward,8036352,4096,15777,15784,True
ep0,10609,10000,10000,forward,8105984,4096,15913,15920,True
ep0,10610,10002,10002,forward,8065024,4096,15833,15840,True
ep0,10611,10003,10003,forward,7925760,4096,15561,15568,True
ep0,10612,10003,10003,forward,8126464,4096,15953,15960,True
ep0,10613,10004,10004,forward,8040448,4096,15785,15792,True
ep0,10614,10004,10004,forward,8110080,4096,15921,15928,True
ep0,10615,10006,10006,forward,8069120,4096,15841,15848,True
ep0,10616,10007,10007,forward,7929856,4096,15569,15576,True
ep0,10617,10007,10007,forward,8130560,4096,15961,15968,True
ep0,10618,10008,10008,forward,8044544,4096,15793,15800,True
ep0,10619,10008,10008,forward,8114176,4096,15929,15936,True
ep0,10620,10010,10010,forward,7933952,4096,15577,15584,True
ep0,10621,10010,10010,forward,8073216,4096,15849,15856,True
ep0,10622,10011,10011,forward,8048640,4096,15801,15808,True
ep0,10623,10011,10011,forward,8134656,4096,15969,15976,True
ep0,10624,10011,10011,forward,8118272,4096,15937,15944,True
ep0,10625,10014,10014,forward,7938048,4096,15585,15592,True
ep0,10626,10014,10014,forward,8077312,4096,15857,15864,True
ep0,10627,10015,10015,forward,8138752,4096,15977,15984,True
ep0,10628,10015,10015,forward,8122368,4096,15945,15952,True
ep0,10629,10016,10016,forward,8052736,4096,15809,15816,True
ep0,10630,10018,10018,forward,7942144,4096,15593,15600,True
ep0,10631,10018,10018,forward,8081408,4096,15865,15872,True
ep0,10632,10019,10019,forward,8056832,4096,15817,15824,True
ep0,10633,10019,10019,forward,8142848,4096,15985,15992,True
ep0,10634,10019,10019,forward,8126464,4096,15953,15960,True
ep0,10635,10021,10021,forward,8085504,4096,15873,15880,True
ep0,10636,10022,10022,forward,7946240,4096,15601,15608,True
ep0,10637,10023,10023,forward,8060928,4096,15825,15832,True
ep0,10638,10023,10023,forward,8146944,4096,15993,16000,True
ep0,10639,10023,10023,forward,8130560,4096,15961,15968,True
ep0,10640,10025,10025,forward,8089600,4096,15881,15888,True
ep0,10641,10026,10026,forward,7950336,4096,15609,15616,True
ep0,10642,10027,10027,forward,8065024,4096,15833,15840,True
ep0,10643,10027,10027,forward,8151040,4096,16001,16008,True
ep0,10644,10027,10027,forward,8134656,4096,15969,15976,True
ep0,10645,10030,10030,forward,7954432,4096,15617,15624,True
ep0,10646,10030,10030,forward,8093696,4096,15889,15896,True
ep0,10647,10031,10031,forward,8069120,4096,15841,15848,True
ep0,10648,10031,10031,forward,8155136,4096,16009,16016,True
ep0,10649,10031,10031,forward,8138752,4096,15977,15984,True
ep0,10650,10033,10033,forward,8097792,4096,15897,15904,True
ep0,10651,10034,10034,forward,7958528,4096,15625,15632,True
ep0,10652,10035,10035,forward,8073216,4096,15849,15856,True
ep0,10653,10035,10035,forward,8159232,4096,16017,16024,True
ep0,10654,10035,10035,forward,8142848,4096,15985,15992,True
ep0,10655,10037,10037,forward,8101888,4096,15905,15912,True
ep0,10656,10038,10038,forward,7962624,4096,15633,15640,True
ep0,10657,10039,10039,forward,8077312,4096,15857,15864,True
ep0,10658,10039,10039,forward,8163328,4096,16025,16032,True
ep0,10659,10039,10039,forward,8146944,4096,15993,16000,True
ep0,10660,10041,10041,forward,8105984,4096,15913,15920,True
ep0,10661,10042,10042,forward,7966720,4096,15641,15648,True
ep0,10662,10043,10043,forward,8081408,4096,15865,15872,True
ep0,10663,10043,10043,forward,8167424,4096,16033,16040,True
ep0,10664,10043,10043,forward,8151040,4096,16001,16008,True
ep0,10665,10045,10045,forward,7970816,4096,15649,15656,True
ep0,10666,10045,10045,forward,8110080,4096,15921,15928,True
ep0,10667,10046,10046,forward,8155136,4096,16009,16016,True
ep0,10668,10047,10047,forward,8085504,4096,15873,15880,True
ep0,10669,10047,10047,forward,8171520,4096,16041,16048,True
ep0,10670,10049,10049,forward,7974912,4096,15657,15664,True
ep0,10671,10049,10049,forward,8114176,4096,15929,15936,True
ep0,10672,10050,10050,forward,8089600,4096,15881,15888,True
ep0,10673,10050,10050,forward,8159232,4096,16017,16024,True
ep0,10674,10051,10051,forward,8175616,4096,16049,16056,True
ep0,10675,10053,10053,forward,7979008,4096,15665,15672,True
ep0,10676,10053,10053,forward,8118272,4096,15937,15944,True
ep0,10677,10054,10054,forward,8093696,4096,15889,15896,True
ep0,10678,10054,10054,forward,8163328,4096,16025,16032,True
ep0,10679,10055,10055,forward,8179712,4096,16057,16064,True
ep0,10680,10056,10056,forward,8122368,4096,15945,15952,True
ep0,10681,10057,10057,forward,7983104,4096,15673,15680,True
ep0,10682,10058,10058,forward,8097792,4096,15897,15904,True
ep0,10683,10058,10058,forward,8183808,4096,16065,16072,True
ep0,10684,10058,10058,forward,8167424,4096,16033,16040,True
ep0,10685,10060,10060,forward,8126464,4096,15953,15960,True
ep0,10686,10061,10061,forward,7987200,4096,15681,15688,True
ep0,10687,10062,10062,forward,8101888,4096,15905,15912,True
ep0,10688,10062,10062,forward,8187904,4096,16073,16080,True
ep0,10689,10062,10062,forward,8171520,4096,16041,16048,True
ep0,10690,10064,10064,forward,8130560,4096,15961,15968,True
ep0,10691,10065,10065,forward,7991296,4096,15689,15696,True
ep0,10692,10066,10066,forward,8105984,4096,15913,15920,True
ep0,10693,10066,10066,forward,8192000,4096,16081,16088,True
ep0,10694,10066,10066,forward,8175616,4096,16049,16056,True
ep0,10695,10068,10068,forward,7995392,4096,15697,15704,True
ep0,10696,10068,10068,forward,8134656,4096,15969,15976,True
ep0,10697,10070,10070,forward,8110080,4096,15921,15928,True
ep0,10698,10070,10070,forward,8196096,4096,16089,16096,True
ep0,10699,10070,10070,forward,8179712,4096,16057,16064,True
ep0,10700,10072,10072,forward,7999488,4096,15705,15712,True
ep0,10701,10072,10072,forward,8138752,4096,15977,15984,True
ep0,10702,10074,10074,forward,8114176,4096,15929,15936,True
ep0,10703,10074,10074,forward,8200192,4096,16097,16104,True
ep0,10704,10074,10074,forward,8183808,4096,16065,16072,True
ep0,10705,10076,10076,forward,8003584,4096,15713,15720,True
ep0,10706,10076,10076,forward,8142848,4096,15985,15992,True
ep0,10707,10077,10077,forward,8118272,4096,15937,15944,True
ep0,10708,10077,10077,forward,8204288,4096,16105,16112,True
ep0,10709,10078,10078,forward,8187904,4096,16073,16080,True
ep0,10710,10079,10079,forward,8146944,4096,15993,16000,True
ep0,10711,10080,10080,forward,8007680,4096,15721,15728,True
ep0,10712,10081,10081,forward,8122368,4096,15945,15952,True
ep0,10713,10082,10082,forward,8192000,4096,16081,16088,True
ep0,10714,10083,10083,forward,8151040,4096,16001,16008,True
ep0,10715,10084,10084,forward,8011776,4096,15729,15736,True
ep0,10716,10085,10085,forward,8126464,4096,15953,15960,True
ep0,10717,10086,10086,forward,8196096,4096,16089,16096,True
ep0,10718,10087,10087,forward,8155136,4096,16009,16016,True
ep0,10719,10088,10088,forward,8015872,4096,15737,15744,True
ep0,10720,10089,10089,forward,8130560,4096,15961,15968,True
ep0,10721,10090,10090,forward,8200192,4096,16097,16104,True
ep0,10722,10091,10091,forward,8159232,4096,16017,16024,True
ep0,10723,10092,10092,forward,8019968,4096,15745,15752,True
ep0,10724,10093,10093,forward,8134656,4096,15969,15976,True
ep0,10725,10094,10094,forward,8204288,4096,16105,16112,True
ep0,10726,10095,10095,forward,8163328,4096,16025,16032,True
ep0,10727,10096,10096,forward,8024064,4096,15753,15760,True
ep0,10728,10097,10097,forward,8138752,4096,15977,15984,True
ep0,10729,10097,10097,forward,8208384,4096,16113,16120,True
ep0,10730,10099,10099,forward,8167424,4096,16033,16040,True
ep0,10731,10100,10100,forward,8028160,4096,15761,15768,True
ep0,10732,10101,10101,forward,8142848,4096,15985,15992,True
ep0,10733,10101,10101,forward,8212480,4096,16121,16128,True
ep0,10734,10103,10103,forward,8171520,4096,16041,16048,True
ep0,10735,10104,10104,forward,8032256,4096,15769,15776,True
ep0,10736,10105,10105,forward,8146944,4096,15993,16000,True
ep0,10737,10105,10105,forward,8216576,4096,16129,16136,True
ep0,10738,10107,10107,forward,8036352,4096,15777,15784,True
ep0,10739,10107,10107,forward,8175616,4096,16049,16056,True
ep0,10740,10109,10109,forward,8151040,4096,16001,16008,True
ep0,10741,10109,10109,forward,8220672,4096,16137,16144,True
ep0,10742,10111,10111,forward,8040448,4096,15785,15792,True
ep0,10743,10111,10111,forward,8179712,4096,16057,16064,True
ep0,10744,10113,10113,forward,8155136,4096,16009,16016,True
ep0,10745,10113,10113,forward,8224768,4096,16145,16152,True
ep0,10746,10114,10114,forward,8183808,4096,16065,16072,True
ep0,10747,10115,10115,forward,8044544,4096,15793,15800,True
ep0,10748,10117,10117,forward,8159232,4096,16017,16024,True
ep0,10749,10117,10117,forward,8228864,4096,16153,16160,True
ep0,10750,10118,10118,forward,8187904,4096,16073,16080,True
ep0,10751,10119,10119,forward,8048640,4096,15801,15808,True
ep0,10752,10121,10121,forward,8163328,4096,16025,16032,True
ep0,10753,10122,10122,forward,8192000,4096,16081,16088,True
ep0,10754,10123,10123,forward,8052736,4096,15809,15816,True
ep0,10755,10125,10125,forward,8167424,4096,16033,16040,True
ep0,10756,10126,10126,forward,8196096,4096,16089,16096,True
ep0,10757,10127,10127,forward,8056832,4096,15817,15824,True
ep0,10758,10129,10129,forward,8171520,4096,16041,16048,True
ep0,10759,10130,10130,forward,8200192,4096,16097,16104,True
ep0,10760,10131,10131,forward,8060928,4096,15825,15832,True
ep0,10761,10133,10133,forward,8175616,4096,16049,16056,True
ep0,10762,10134,10134,forward,8204288,4096,16105,16112,True
ep0,10763,10135,10135,forward,8065024,4096,15833,15840,True
ep0,10764,10137,10137,forward,8179712,4096,16057,16064,True
ep0,10765,10138,10138,forward,8069120,4096,15841,15848,True
ep0,10766,10138,10138,forward,8208384,4096,16113,16120,True
ep0,10767,10141,10141,forward,8183808,4096,16065,16072,True
ep0,10768,10142,10142,forward,8073216,4096,15849,15856,True
ep0,10769,10142,10142,forward,8212480,4096,16121,16128,True
ep0,10770,10145,10145,forward,8187904,4096,16073,16080,True
ep0,10771,10146,10146,forward,8077312,4096,15857,15864,True
ep0,10772,10146,10146,forward,8216576,4096,16129,16136,True
ep0,10773,10150,10150,forward,8081408,4096,15865,15872,True
ep0,10774,10150,10150,forward,8220672,4096,16137,16144,True
ep0,10775,10154,10154,forward,8085504,4096,15873,15880,True
ep0,10776,10155,10155,forward,8224768,4096,16145,16152,True
ep0,10777,10158,10158,forward,8089600,4096,15881,15888,True
ep0,10778,10159,10159,forward,8228864,4096,16153,16160,True
ep0,10779,10162,10337,forward,8093696,188416,15889,16256,True
ep1,0,24494,24519,forward,245760,16384,561,592,True
ep1,1,24524,24653,forward,122880,122880,321,560,True
ep1,2,24657,24790,forward,0,122880,81,320,True
ep1,3,24795,25156,forward,262144,368640,593,1312,True
ep1,4,25160,25160,forward,8384512,4096,16457,16464,True
ep1,5,25169,25588,forward,630784,442368,1313,2176,True
ep2,0,25592,25592,meta,,4096,16945,16952,False
ep2,1,25592,25596,forward,1073152,8192,2177,2192,True
ep2,2,25610,25610,meta,,4096,16953,16960,False
ep2,3,25613,25613,meta,,4096,16961,16968,False
ep2,4,25614,25614,forward,1081344,4096,2193,2200,True
ep2,5,25617,25617,meta,,4096,16969,16976,False
ep2,6,25618,25618,forward,1085440,4096,2201,2208,True
ep2,7,25621,25621,meta,,4096,16705,16712,False
ep2,8,25621,25621,forward,1089536,4096,2209,2216,True
ep2,9,25625,25625,meta,,4096,16713,16720,False
ep2,10,25625,25625,forward,1093632,4096,2217,2224,True
ep2,11,25629,25629,meta,,4096,16721,16728,False
ep2,12,25629,25645,forward,1097728,20480,2225,2264,True
ep2,13,25646,25646,meta,,4096,16729,16736,False
ep2,14,25649,25649,forward,1118208,4096,2265,2272,True
ep2,15,25650,25650,meta,,4096,16737,16744,False
ep2,16,25653,25653,forward,1122304,4096,2273,2280,True
ep2,17,25654,25654,meta,,4096,16745,16752,False
ep2,18,25656,25656,forward,1126400,4096,2281,2288,True
ep2,19,25658,25658,meta,,4096,16753,16760,False
ep2,20,25660,25660,forward,1130496,4096,2289,2296,True
ep2,21,25662,25662,meta,,4096,16761,16768,False
ep2,22,25664,25664,forward,1134592,4096,2297,2304,True
ep2,23,25666,25666,meta,,4096,16769,16776,False
ep2,24,25668,25668,forward,1138688,4096,2305,2312,True
ep2,25,25670,25670,meta,,4096,16777,16784,False
ep2,26,25672,25672,forward,1142784,4096,2313,2320,True
ep2,27,25674,25674,meta,,4096,16785,16792,False
ep2,28,25676,25676,forward,1146880,4096,2321,2328,True
ep2,29,25678,25678,meta,,4096,16793,16800,False
ep2,30,25680,25680,forward,1150976,4096,2329,2336,True
ep2,31,25681,25681,meta,,4096,16801,16808,False
ep2,32,25684,25684,forward,1155072,4096,2337,2344,True
ep2,33,25685,25685,meta,,4096,16809,16816,False
ep2,34,25688,25688,forward,1159168,4096,2345,2352,True
ep2,35,25689,25689,meta,,4096,16817,16824,False
ep2,36,25692,25692,forward,1163264,4096,2353,2360,True
ep2,37,25693,25693,meta,,4096,16825,16832,False
ep2,38,25696,25696,forward,1167360,4096,2361,2368,True
ep2,39,25697,25697,meta,,4096,16833,16840,False
ep2,40,25700,25700,forward,1171456,4096,2369,2376,True
ep2,41,25701,25701,meta,,4096,16841,16848,False
ep2,42,25703,25703,forward,1175552,4096,2377,2384,True
ep2,43,25704,25704,meta,,4096,16849,16856,False
ep2,44,25707,25707,forward,1179648,4096,2385,2392,True
ep2,45,25708,25708,meta,,4096,16857,16864,False
ep2,46,25711,25711,forward,1183744,4096,2393,2400,True
ep2,47,25712,25712,meta,,4096,16865,16872,False
ep2,48,25715,25715,forward,1187840,4096,2401,2408,True
ep2,49,25716,25716,meta,,4096,16873,16880,False
ep2,50,25719,25719,forward,1191936,4096,2409,2416,True
ep2,51,25720,25720,meta,,4096,16881,16888,False
ep2,52,25723,25723,forward,1196032,4096,2417,2424,True
ep2,53,25724,25724,meta,,4096,16889,16896,False
ep2,54,25727,25727,meta,,4096,16897,16904,False
ep2,55,25727,25727,forward,1200128,4096,2425,2432,True
ep2,56,25731,25731,meta,,4096,16905,16912,False
ep2,57,25731,25734,forward,1204224,8192,2433,2448,True
ep2,58,25735,25735,meta,,4096,16913,16920,False
ep2,59,25738,25738,forward,1212416,4096,2449,2456,True
ep2,60,25739,25739,meta,,4096,16921,16928,False
ep2,61,25742,25742,forward,1216512,4096,2457,2464,True
ep2,62,25743,25743,meta,,4096,16929,16936,False
ep2,63,25746,25746,forward,1220608,4096,2465,2472,True
ep2,64,25747,25747,meta,,4096,16937,16944,False
ep2,65,25750,25750,forward,1224704,4096,2473,2480,True
ep2,66,25751,25751,meta,,4096,16465,16472,False
ep2,67,25754,25766,forward,1228800,16384,2481,2512,True
ep2,68,25768,25768,meta,,4096,16473,16480,False
ep2,69,25770,25777,forward,1245184,12288,2513,2536,True
ep2,70,25780,25780,meta,,4096,16481,16488,False
ep2,71,25781,25796,forward,1257472,20480,2537,2576,True
ep2,72,25798,25798,meta,,4096,16489,16496,False
ep2,73,25801,25801,meta,,4096,16497,16504,False
ep2,74,25801,25804,forward,1835008,8192,3665,3680,True
ep2,75,25805,25805,meta,,4096,16505,16512,False
ep2,76,25808,25808,forward,1843200,4096,3681,3688,True
ep2,77,25809,25809,meta,,4096,16513,16520,False
ep2,78,25812,25812,forward,1847296,4096,3689,3696,True
ep2,79,25813,25813,meta,,4096,16521,16528,False
ep2,80,25816,25816,forward,1851392,4096,3697,3704,True
ep2,81,25817,25817,meta,,4096,16529,16536,False
ep2,82,25820,25820,forward,1855488,4096,3705,3712,True
ep2,83,25821,25821,meta,,4096,16537,16544,False
ep2,84,25824,25824,meta,,4096,16545,16552,False
ep2,85,25824,25824,forward,1859584,4096,3713,3720,True
ep2,86,25828,25828,meta,,4096,16553,16560,False
ep2,87,25828,25828,forward,1863680,4096,3721,3728,True
ep2,88,25832,25832,meta,,4096,16561,16568,False
ep2,89,25832,25832,forward,1867776,4096,3729,3736,True
ep2,90,25836,25836,meta,,4096,16569,16576,False
ep2,91,25836,25836,forward,1871872,4096,3737,3744,True
ep2,92,25840,25840,meta,,4096,16577,16584,False
ep2,93,25840,25840,forward,1875968,4096,3745,3752,True
ep2,94,25844,25844,meta,,4096,16585,16592,False
ep2,95,25844,25847,forward,1880064,8192,3753,3768,True
ep2,96,25848,25848,meta,,4096,16593,16600,False
ep2,97,25851,25851,forward,1888256,4096,3769,3776,True
ep2,98,25852,25852,meta,,4096,16601,16608,False
ep2,99,25855,25855,forward,1892352,4096,3777,3784,True
ep2,100,25856,25856,meta,,4096,16609,16616,False
ep2,101,25859,25859,forward,1896448,4096,3785,3792,True
ep2,102,25860,25860,meta,,4096,16617,16624,False
ep2,103,25863,25863,forward,1900544,4096,3793,3800,True
ep2,104,25864,25864,meta,,4096,16625,16632,False
ep2,105,25867,25867,forward,1904640,4096,3801,3808,True
ep2,106,25868,25868,meta,,4096,16633,16640,False
ep2,107,25871,25871,meta,,4096,16641,16648,False
ep2,108,25871,25871,forward,1908736,4096,3809,3816,True
ep2,109,25875,25875,meta,,4096,16649,16656,False
ep2,110,25875,25878,forward,1912832,8192,3817,3832,True
ep2,111,25879,25879,meta,,4096,16657,16664,False
ep2,112,25882,25882,forward,1921024,4096,3833,3840,True
ep2,113,25883,25883,meta,,4096,16665,16672,False
ep2,114,25886,25886,forward,1925120,4096,3841,3848,True
ep2,115,25887,25887,meta,,4096,16673,16680,False
ep2,116,25889,25889,forward,1929216,4096,3849,3856,True
ep2,117,25891,25891,meta,,4096,16681,16688,False
ep2,118,25893,25893,forward,1933312,4096,3857,3864,True
ep2,119,25895,25895,meta,,4096,16689,16696,False
ep2,120,25897,25897,forward,1937408,4096,3865,3872,True
ep2,121,25899,25899,meta,,4096,16697,16704,False
ep2,122,25901,25901,forward,1941504,4096,3873,3880,True
ep2,123,25904,25904,meta,,4096,16977,16984,False
ep2,124,25904,25920,forward,1945600,20480,3881,3920,True
ep2,125,25922,25922,meta,,4096,16985,16992,False
ep2,126,25924,25924,forward,1966080,4096,3921,3928,True
ep2,127,25925,25925,meta,,4096,16993,17000,False
ep2,128,25928,25928,forward,1970176,4096,3929,3936,True
ep2,129,25929,25929,meta,,4096,17001,17008,False
ep2,130,25932,25932,forward,1974272,4096,3937,3944,True
ep2,131,25933,25933,meta,,4096,17009,17016,False
ep2,132,25936,25936,forward,1978368,4096,3945,3952,True
ep2,133,25937,25937,meta,,4096,17017,17024,False
ep2,134,25940,25940,forward,1982464,4096,3953,3960,True
ep2,135,25941,25941,meta,,4096,17025,17032,False
ep2,136,25944,25944,forward,1986560,4096,3961,3968,True
ep2,137,25945,25945,meta,,4096,17033,17040,False
ep2,138,25948,25948,forward,1990656,4096,3969,3976,True
ep2,139,25949,25949,meta,,4096,17041,17048,False
ep2,140,25952,25952,forward,1994752,4096,3977,3984,True
ep2,141,25953,25953,meta,,4096,17049,17056,False
ep2,142,25955,25955,forward,1998848,4096,3985,3992,True
ep2,143,25957,25957,meta,,4096,17057,17064,False
ep2,144,25959,25959,forward,2002944,4096,3993,4000,True
ep2,145,25961,25961,meta,,4096,17065,17072,False
ep2,146,25963,25963,forward,2007040,4096,4001,4008,True
ep2,147,25964,25964,meta,,4096,17073,17080,False
ep2,148,25967,25967,forward,2011136,4096,4009,4016,True
ep2,149,25968,25968,meta,,4096,17081,17088,False
ep2,150,25971,25971,forward,2015232,4096,4017,4024,True
ep2,151,25972,25972,meta,,4096,17089,17096,False
ep2,152,25975,25975,forward,2019328,4096,4025,4032,True
ep2,153,25976,25976,meta,,4096,17097,17104,False
ep2,154,25979,25979,forward,2023424,4096,4033,4040,True
ep2,155,25980,25980,meta,,4096,17105,17112,False
ep2,156,25982,25982,forward,2027520,4096,4041,4048,True
ep2,157,25984,25984,meta,,4096,17113,17120,False
ep2,158,25986,25986,forward,2031616,4096,4049,4056,True
ep2,159,25988,25988,meta,,4096,17121,17128,False
ep2,160,25990,25990,forward,2035712,4096,4057,4064,True
ep2,161,25992,25992,meta,,4096,17129,17136,False
ep2,162,25994,25994,forward,2039808,4096,4065,4072,True
ep2,163,25995,25995,meta,,4096,17137,17144,False
ep2,164,25998,25998,forward,2043904,4096,4073,4080,True
ep2,165,25999,25999,meta,,4096,17145,17152,False
ep2,166,26002,26002,forward,2048000,4096,4081,4088,True
ep2,167,26003,26003,meta,,4096,17153,17160,False
ep2,168,26006,26006,forward,2052096,4096,4089,4096,True
ep2,169,26007,26007,meta,,4096,17161,17168,False
ep2,170,26010,26010,forward,2056192,4096,4097,4104,True
ep2,171,26011,26011,meta,,4096,17169,17176,False
ep2,172,26014,26014,forward,2060288,4096,4105,4112,True
ep2,173,26015,26015,meta,,4096,17177,17184,False
ep2,174,26018,26018,forward,2064384,4096,4113,4120,True
ep2,175,26019,26019,meta,,4096,17185,17192,False
ep2,176,26022,26022,forward,2068480,4096,4121,4128,True
ep2,177,26023,26023,meta,,4096,17193,17200,False
ep2,178,26026,26026,forward,2072576,4096,4129,4136,True
ep2,179,26027,26027,meta,,4096,17201,17208,False
ep2,180,26029,26029,forward,2076672,4096,4137,4144,True
ep2,181,26031,26031,meta,,4096,17209,17216,False
ep2,182,26033,26033,forward,2080768,4096,4145,4152,True
ep2,183,26035,26035,meta,,4096,17217,17224,False
ep2,184,26037,26037,forward,2084864,4096,4153,4160,True
ep2,185,26039,26039,meta,,4096,17225,17232,False
ep2,186,26041,26041,forward,2088960,4096,4161,4168,True
ep2,187,26043,26043,meta,,4096,17233,17240,False
ep2,188,26045,26045,forward,2093056,4096,4169,4176,True
ep2,189,26047,26047,meta,,4096,17241,17248,False
ep2,190,26049,26049,forward,2097152,4096,4177,4184,True
ep2,191,26051,26051,meta,,4096,17249,17256,False
ep2,192,26053,26053,forward,2101248,4096,4185,4192,True
ep2,193,26055,26055,meta,,4096,17257,17264,False
ep2,194,26057,26057,forward,2105344,4096,4193,4200,True
ep2,195,26059,26059,meta,,4096,17265,17272,False
ep2,196,26060,26060,forward,2109440,4096,4201,4208,True
ep2,197,26063,26063,meta,,4096,17273,17280,False
ep2,198,26064,26064,forward,2113536,4096,4209,4216,True
ep2,199,26067,26067,meta,,4096,17281,17288,False
ep2,200,26068,26068,forward,2117632,4096,4217,4224,True
ep2,201,26070,26070,meta,,4096,17289,17296,False
ep2,202,26072,26072,forward,2121728,4096,4225,4232,True
ep2,203,26074,26074,meta,,4096,17297,17304,False
ep2,204,26076,26076,forward,2125824,4096,4233,4240,True
ep2,205,26078,26078,meta,,4096,17305,17312,False
ep2,206,26080,26080,forward,2129920,4096,4241,4248,True
ep2,207,26082,26082,meta,,4096,17313,17320,False
ep2,208,26084,26084,forward,2134016,4096,4249,4256,True
ep2,209,26086,26086,meta,,4096,17321,17328,False
ep2,210,26087,26087,forward,2138112,4096,4257,4264,True
ep2,211,26089,26089,meta,,4096,17329,17336,False
ep2,212,26091,26091,forward,2142208,4096,4265,4272,True
ep2,213,26093,26093,meta,,4096,17337,17344,False
ep2,214,26095,26095,forward,2146304,4096,4273,4280,True
ep2,215,26097,26097,meta,,4096,17345,17352,False
ep2,216,26099,26099,forward,2150400,4096,4281,4288,True
ep2,217,26101,26101,meta,,4096,17353,17360,False
ep2,218,26103,26103,forward,2154496,4096,4289,4296,True
ep2,219,26105,26105,meta,,4096,17361,17368,False
ep2,220,26107,26107,forward,2158592,4096,4297,4304,True
ep2,221,26109,26109,meta,,4096,17369,17376,False
ep2,222,26111,26111,forward,2162688,4096,4305,4312,True
ep2,223,26112,26112,meta,,4096,17377,17384,False
ep2,224,26115,26115,forward,2166784,4096,4313,4320,True
ep2,225,26116,26116,meta,,4096,17385,17392,False
ep2,226,26119,26119,forward,2170880,4096,4321,4328,True
ep2,227,26120,26120,meta,,4096,17393,17400,False
ep2,228,26122,26122,forward,2174976,4096,4329,4336,True
ep2,229,26124,26124,meta,,4096,17401,17408,False
ep2,230,26126,26126,forward,2179072,4096,4337,4344,True
ep2,231,26128,26128,meta,,4096,17409,17416,False
ep2,232,26130,26130,forward,2183168,4096,4345,4352,True
ep2,233,26132,26132,meta,,4096,17417,17424,False
ep2,234,26134,26134,forward,2187264,4096,4353,4360,True
ep2,235,26136,26136,meta,,4096,17425,17432,False
ep2,236,26137,26137,forward,2191360,4096,4361,4368,True
ep2,237,26140,26140,meta,,4096,17433,17440,False
ep2,238,26141,26141,forward,2195456,4096,4369,4376,True
ep2,239,26143,26143,meta,,4096,17441,17448,False
ep2,240,26145,26145,forward,2199552,4096,4377,4384,True
ep2,241,26147,26147,meta,,4096,17449,17456,False
ep2,242,26149,26149,forward,1277952,4096,2577,2584,True
ep2,243,26151,26151,meta,,4096,17457,17464,False
ep2,244,26153,26153,forward,1282048,4096,2585,2592,True
ep2,245,26155,26155,meta,,4096,17465,17472,False
ep2,246,26157,26157,forward,1286144,4096,2593,2600,True
ep2,247,26159,26159,meta,,4096,17473,17480,False
ep2,248,26161,26161,forward,1290240,4096,2601,2608,True
ep2,249,26163,26163,meta,,4096,17481,17488,False
ep2,250,26165,26508,forward,1294336,352256,2609,3296,True
ep2,251,26512,26856,forward,2203648,368640,4385,5104,True
ep2,252,26861,27035,forward,1646592,188416,3297,3664,True
ep2,253,27040,29354,forward,2572288,2387968,5105,9768,True
ep3,0,29356,29356,forward,245760,4096,561,568,True
ep3,1,29358,29374,forward,4960256,20480,9769,9808,True
ep3,2,29374,29374,forward,249856,4096,569,576,True
ep3,3,29378,29378,forward,4980736,4096,9809,9816,True
ep3,4,29378,29378,forward,253952,4096,577,584,True
ep3,5,29382,29382,forward,4984832,4096,9817,9824,True
ep3,6,29382,29382,forward,258048,4096,585,592,True
ep3,7,29385,29385,forward,4988928,4096,9825,9832,True
ep3,8,29387,29387,forward,122880,4096,321,328,True
ep3,9,29389,29389,forward,4993024,4096,9833,9840,True
ep3,10,29391,29391,forward,126976,4096,329,336,True
ep3,11,29393,29393,forward,4997120,4096,9841,9848,True
ep3,12,29395,29395,forward,131072,4096,337,344,True
ep3,13,29396,29412,forward,5001216,20480,9849,9888,True
ep3,14,29413,29413,forward,135168,4096,345,352,True
ep3,15,29416,29416,forward,5021696,4096,9889,9896,True
ep3,16,29417,29417,forward,139264,4096,353,360,True
ep3,17,29420,29420,forward,5025792,4096,9897,9904,True
ep4,0,29421,29421,meta,,4096,17489,17496,False
ep4,1,29421,29421,forward,143360,4096,361,368,True
ep4,2,29424,29424,forward,5029888,4096,9905,9912,True
ep4,3,29425,29425,forward,147456,4096,369,376,True
ep4,4,29428,29428,forward,5033984,4096,9913,9920,True
ep4,5,29429,29429,forward,151552,4096,377,384,True
ep4,6,29432,29432,forward,5038080,4096,9921,9928,True
ep4,7,29433,29433,forward,155648,4096,385,392,True
ep4,8,29435,29435,forward,5042176,4096,9929,9936,True
ep4,9,29437,29437,forward,159744,4096,393,400,True
ep4,10,29438,29438,meta,,4096,17497,17504,False
ep4,11,29439,29439,forward,5046272,4096,9937,9944,True
ep4,12,29441,29441,forward,163840,4096,401,408,True
ep4,13,29443,29443,forward,5050368,4096,9945,9952,True
ep4,14,29445,29445,forward,167936,4096,409,416,True
ep4,15,29447,29447,forward,5054464,4096,9953,9960,True
ep4,16,29449,29449,meta,,4096,17505,17512,False
ep4,17,29449,29449,forward,172032,4096,417,424,True
ep4,18,29451,29451,forward,5058560,4096,9961,9968,True
ep4,19,29453,29453,forward,176128,4096,425,432,True
ep4,20,29455,29455,forward,5062656,4096,9969,9976,True
ep4,21,29457,29457,forward,180224,4096,433,440,True
ep4,22,29459,29459,forward,5066752,4096,9977,9984,True
ep4,23,29461,29461,forward,184320,4096,441,448,True
ep4,24,29463,29463,forward,5070848,4096,9985,9992,True
ep4,25,29465,29465,forward,188416,4096,449,456,True
ep4,26,29466,29466,meta,,4096,17513,17520,False
ep4,27,29467,29467,forward,5074944,4096,9993,10000,True
ep4,28,29469,29469,forward,192512,4096,457,464,True
ep4,29,29470,29470,meta,,4096,17521,17528,False
ep4,30,29471,29471,forward,5079040,4096,10001,10008,True
ep4,31,29473,29473,forward,196608,4096,465,472,True
ep4,32,29474,29474,meta,,4096,17529,17536,False
ep4,33,29474,29474,forward,5083136,4096,10009,10016,True
ep4,34,29477,29477,forward,200704,4096,473,480,True
ep4,35,29478,29478,meta,,4096,17537,17544,False
ep4,36,29478,29478,forward,5087232,4096,10017,10024,True
ep4,37,29481,29481,forward,204800,4096,481,488,True
ep4,38,29482,29482,meta,,4096,17545,17552,False
ep4,39,29482,29482,forward,5091328,4096,10025,10032,True
ep4,40,29485,29485,forward,208896,4096,489,496,True
ep4,41,29486,29486,meta,,4096,17553,17560,False
ep4,42,29486,29486,forward,5095424,4096,10033,10040,True
ep4,43,29489,29489,forward,212992,4096,497,504,True
ep4,44,29490,29493,forward,5099520,8192,10041,10056,True
ep4,45,29493,29493,forward,217088,4096,505,512,True
ep4,46,29497,29497,forward,5107712,4096,10057,10064,True
ep4,47,29497,29497,forward,221184,4096,513,520,True
ep4,48,29501,29501,forward,5111808,4096,10065,10072,True
ep4,49,29501,29501,forward,225280,4096,521,528,True
ep4,50,29503,29503,meta,,4096,17561,17568,False
ep4,51,29505,29505,forward,5115904,4096,10073,10080,True
ep4,52,29505,29505,forward,229376,4096,529,536,True
ep4,53,29507,29507,meta,,4096,17569,17576,False
ep4,54,29509,29509,forward,5120000,4096,10081,10088,True
ep4,55,29509,29509,forward,233472,4096,537,544,True
ep4,56,29511,29511,meta,,4096,17577,17584,False
ep4,57,29512,29512,forward,237568,4096,545,552,True
ep4,58,29513,29513,forward,5124096,4096,10089,10096,True
ep4,59,29515,29515,meta,,4096,17585,17592,False
ep4,60,29516,29516,forward,241664,4096,553,560,True
ep4,61,29517,29517,forward,5128192,4096,10097,10104,True
ep4,62,29519,29519,meta,,4096,17593,17600,False
ep4,63,29520,29520,forward,5132288,4096,10105,10112,True
ep4,64,29521,29521,forward,0,4096,81,88,True
ep4,65,29523,29523,meta,,4096,17601,17608,False
ep4,66,29524,29524,forward,5136384,4096,10113,10120,True
ep4,67,29526,29526,meta,,4096,17609,17616,False
ep4,68,29528,29528,forward,5140480,4096,10121,10128,True
ep4,69,29530,29530,meta,,4096,17617,17624,False
ep4,70,29531,29531,forward,4096,4096,89,96,True
ep4,71,29532,29532,forward,5144576,4096,10129,10136,True
ep4,72,29534,29534,meta,,4096,17625,17632,False
ep4,73,29536,29536,forward,5148672,4096,10137,10144,True
ep4,74,29538,29538,meta,,4096,17633,17640,False
ep4,75,29540,29540,forward,5152768,4096,10145,10152,True
ep4,76,29542,29542,meta,,4096,17641,17648,False
ep4,77,29542,29542,forward,8192,4096,97,104,True
ep4,78,29544,29544,forward,5156864,4096,10153,10160,True
ep4,79,29546,29546,meta,,4096,17649,17656,False
ep4,80,29548,29548,forward,5160960,4096,10161,10168,True
ep4,81,29550,29550,meta,,4096,17657,17664,False
ep4,82,29550,29550,forward,12288,4096,105,112,True
ep4,83,29552,29552,forward,5165056,4096,10169,10176,True
ep4,84,29553,29553,meta,,4096,17665,17672,False
ep4,85,29554,29554,forward,16384,4096,113,120,True
ep4,86,29556,29556,forward,5169152,4096,10177,10184,True
ep4,87,29557,29557,meta,,4096,17673,17680,False
ep4,88,29558,29558,forward,20480,4096,121,128,True
ep4,89,29560,29560,forward,5173248,4096,10185,10192,True
ep4,90,29561,29561,meta,,4096,17681,17688,False
ep4,91,29562,29562,forward,24576,4096,129,136,True
ep4,92,29564,29564,forward,5177344,4096,10193,10200,True
ep4,93,29565,29565,meta,,4096,17689,17696,False
ep4,94,29566,29566,forward,28672,4096,137,144,True
ep4,95,29568,29568,meta,,4096,17697,17704,False
ep4,96,29568,29568,forward,5181440,4096,10201,10208,True
ep4,97,29570,29570,forward,32768,4096,145,152,True
ep4,98,29572,29572,meta,,4096,17705,17712,False
ep4,99,29572,29572,forward,5185536,4096,10209,10216,True
ep4,100,29574,29574,forward,36864,4096,153,160,True
ep4,101,29575,29575,forward,5189632,4096,10217,10224,True
ep4,102,29576,29576,meta,,4096,17713,17720,False
ep4,103,29578,29578,forward,40960,4096,161,168,True
ep4,104,29579,29579,forward,5193728,4096,10225,10232,True
ep4,105,29580,29580,meta,,4096,17721,17728,False
ep4,106,29582,29582,forward,45056,4096,169,176,True
ep4,107,29583,29583,forward,5197824,4096,10233,10240,True
ep4,108,29585,29585,meta,,4096,17729,17736,False
ep4,109,29587,29587,forward,5201920,4096,10241,10248,True
ep4,110,29587,29587,forward,49152,4096,177,184,True
ep4,111,29589,29589,meta,,4096,17737,17744,False
ep4,112,29590,29590,forward,5206016,4096,10249,10256,True
ep4,113,29591,29591,forward,53248,4096,185,192,True
ep4,114,29593,29593,meta,,4096,17745,17752,False
ep4,115,29594,29594,forward,5210112,4096,10257,10264,True
ep4,116,29595,29595,forward,57344,4096,193,200,True
ep4,117,29597,29597,meta,,4096,17753,17760,False
ep4,118,29598,29598,forward,5214208,4096,10265,10272,True
ep4,119,29599,29599,forward,61440,4096,201,208,True
ep4,120,29601,29601,meta,,4096,17761,17768,False
ep4,121,29602,29602,forward,5218304,4096,10273,10280,True
ep4,122,29603,29603,forward,65536,4096,209,216,True
ep4,123,29604,29604,meta,,4096,17769,17776,False
ep4,124,29607,29607,forward,69632,4096,217,224,True
ep4,125,29608,29608,meta,,4096,17777,17784,False
ep4,126,29611,29611,forward,73728,4096,225,232,True
ep4,127,29612,29612,meta,,4096,17785,17792,False
ep4,128,29615,29615,meta,,4096,17793,17800,False
ep4,129,29616,29616,forward,77824,4096,233,240,True
ep4,130,29619,29619,meta,,4096,17801,17808,False
ep4,131,29620,29620,forward,5222400,4096,10281,10288,True
ep4,132,29620,29620,forward,81920,4096,241,248,True
ep4,133,29623,29623,meta,,4096,17809,17816,False
ep4,134,29623,29623,forward,5226496,4096,10289,10296,True
ep4,135,29624,29624,forward,86016,4096,249,256,True
ep4,136,29627,29627,meta,,4096,17817,17824,False
ep4,137,29627,29627,forward,5230592,4096,10297,10304,True
ep4,138,29628,29628,forward,90112,4096,257,264,True
ep4,139,29631,29631,meta,,4096,17825,17832,False
ep4,140,29631,29631,forward,5234688,4096,10305,10312,True
ep4,141,29632,29632,forward,94208,4096,265,272,True
ep4,142,29635,29635,meta,,4096,17833,17840,False
ep4,143,29635,29635,forward,5238784,4096,10313,10320,True
ep4,144,29636,29636,forward,98304,4096,273,280,True
ep4,145,29639,29639,meta,,4096,17841,17848,False
ep4,146,29639,29639,forward,5242880,4096,10321,10328,True
ep4,147,29640,29640,forward,102400,4096,281,288,True
ep4,148,29642,29642,meta,,4096,17849,17856,False
ep4,149,29642,29642,forward,5246976,4096,10329,10336,True
ep4,150,29644,29644,forward,106496,4096,289,296,True
ep4,151,29646,29646,meta,,4096,17857,17864,False
ep4,152,29646,29646,forward,5251072,4096,10337,10344,True
ep4,153,29648,29648,forward,110592,4096,297,304,True
ep4,154,29650,29650,meta,,4096,17865,17872,False
ep4,155,29650,29650,forward,5255168,4096,10345,10352,True
ep4,156,29652,29652,forward,114688,4096,305,312,True
ep4,157,29654,29654,meta,,4096,17873,17880,False
ep4,158,29654,29654,forward,5259264,4096,10353,10360,True
ep4,159,29656,29656,forward,118784,4096,313,320,True
ep4,160,29658,29658,meta,,4096,17881,17888,False
ep4,161,29658,29658,forward,5263360,4096,10361,10368,True
ep4,162,29661,29661,forward,262144,4096,593,600,True
ep4,163,29662,29662,meta,,4096,17889,17896,False
ep4,164,29662,29662,forward,5267456,4096,10369,10376,True
ep4,165,29666,29666,meta,,4096,17897,17904,False
ep4,166,29666,29666,forward,5271552,4096,10377,10384,True
ep4,167,29670,29670,meta,,4096,17905,17912,False
ep4,168,29670,29670,forward,5275648,4096,10385,10392,True
ep4,169,29674,29674,meta,,4096,17913,17920,False
ep4,170,29674,29674,forward,5279744,4096,10393,10400,True
ep4,171,29678,29678,meta,,4096,17921,17928,False
ep4,172,29678,29678,forward,5283840,4096,10401,10408,True
ep4,173,29679,29679,forward,266240,4096,601,608,True
ep4,174,29681,29681,meta,,4096,17929,17936,False
ep4,175,29682,29682,forward,5287936,4096,10409,10416,True
ep4,176,29683,29683,forward,270336,4096,609,616,True
ep4,177,29685,29685,meta,,4096,17937,17944,False
ep4,178,29685,29685,forward,5292032,4096,10417,10424,True
ep4,179,29687,29687,forward,274432,4096,617,624,True
ep4,180,29689,29689,meta,,4096,17945,17952,False
ep4,181,29689,29689,forward,5296128,4096,10425,10432,True
ep4,182,29691,29691,forward,278528,4096,625,632,True
ep4,183,29693,29693,meta,,4096,17953,17960,False
ep4,184,29694,29694,forward,5300224,4096,10433,10440,True
ep4,185,29694,29694,forward,282624,4096,633,640,True
ep4,186,29697,29697,meta,,4096,17961,17968,False
ep4,187,29697,29697,forward,5304320,4096,10441,10448,True
ep4,188,29698,29698,forward,286720,4096,641,648,True
ep4,189,29701,29701,forward,5308416,4096,10449,10456,True
ep4,190,29702,29702,meta,,4096,17969,17976,False
ep4,191,29702,29702,forward,290816,4096,649,656,True
ep4,192,29705,29705,forward,5312512,4096,10457,10464,True
ep4,193,29706,29706,meta,,4096,17977,17984,False
ep4,194,29706,29706,forward,294912,4096,657,664,True
ep4,195,29709,29709,forward,5316608,4096,10465,10472,True
ep4,196,29709,29709,forward,299008,4096,665,672,True
ep4,197,29710,29710,meta,,4096,17985,17992,False
ep4,198,29713,29713,meta,,4096,17993,18000,False
ep4,199,29713,29713,forward,5320704,4096,10473,10480,True
ep4,200,29713,29713,forward,303104,4096,673,680,True
ep4,201,29717,29717,forward,5324800,4096,10481,10488,True
ep4,202,29717,29717,forward,307200,4096,681,688,True
ep4,203,29718,29718,meta,,4096,18001,18008,False
ep4,204,29721,29721,meta,,4096,18009,18016,False
ep4,205,29721,29721,forward,5328896,4096,10489,10496,True
ep4,206,29721,29721,forward,311296,4096,689,696,True
ep4,207,29725,29725,meta,,4096,18017,18024,False
ep4,208,29725,29725,forward,5332992,4096,10497,10504,True
ep4,209,29725,29725,forward,315392,4096,697,704,True
ep4,210,29728,29728,forward,5337088,4096,10505,10512,True
ep4,211,29728,29728,forward,319488,4096,705,712,True
ep4,212,29729,29729,meta,,4096,18025,18032,False
ep4,213,29732,29732,forward,5341184,4096,10513,10520,True
ep4,214,29732,29732,forward,323584,4096,713,720,True
ep4,215,29733,29733,meta,,4096,18033,18040,False
ep4,216,29736,29736,forward,5345280,4096,10521,10528,True
ep4,217,29736,29736,forward,327680,4096,721,728,True
ep4,218,29737,29737,meta,,4096,18041,18048,False
ep4,219,29740,29740,forward,5349376,4096,10529,10536,True
ep4,220,29740,29740,forward,331776,4096,729,736,True
ep4,221,29741,29741,meta,,4096,18049,18056,False
ep4,222,29744,29744,forward,5353472,4096,10537,10544,True
ep4,223,29744,29744,forward,335872,4096,737,744,True
ep4,224,29745,29745,meta,,4096,18057,18064,False
ep4,225,29748,29748,forward,5357568,4096,10545,10552,True
ep4,226,29748,29748,forward,339968,4096,745,752,True
ep4,227,29749,29749,meta,,4096,18065,18072,False
ep4,228,29752,29752,forward,5361664,4096,10553,10560,True
ep4,229,29752,29752,forward,344064,4096,753,760,True
ep4,230,29753,29753,meta,,4096,18073,18080,False
ep4,231,29755,29755,forward,348160,4096,761,768,True
ep4,232,29756,29756,forward,5365760,4096,10561,10568,True
ep4,233,29757,29757,meta,,4096,18081,18088,False
ep4,234,29759,29759,forward,352256,4096,769,776,True
ep4,235,29760,29760,forward,5369856,4096,10569,10576,True
ep4,236,29761,29761,meta,,4096,18089,18096,False
ep4,237,29763,29763,forward,356352,4096,777,784,True
ep4,238,29764,29764,meta,,4096,18097,18104,False
ep4,239,29764,29764,forward,5373952,4096,10577,10584,True
ep4,240,29767,29767,forward,360448,4096,785,792,True
ep4,241,29768,29768,meta,,4096,18105,18112,False
ep4,242,29768,29768,forward,5378048,4096,10585,10592,True
ep4,243,29771,29771,forward,364544,4096,793,800,True
ep4,244,29772,29772,meta,,4096,18113,18120,False
ep4,245,29772,29775,forward,5382144,8192,10593,10608,True
ep4,246,29775,29775,forward,368640,4096,801,808,True
ep4,247,29776,29776,meta,,4096,18121,18128,False
ep4,248,29779,29779,forward,5390336,4096,10609,10616,True
ep4,249,29779,29779,forward,372736,4096,809,816,True
ep4,250,29780,29780,meta,,4096,18129,18136,False
ep4,251,29783,29783,forward,5394432,4096,10617,10624,True
ep4,252,29783,29783,forward,376832,4096,817,824,True
ep4,253,29784,29784,meta,,4096,18137,18144,False
ep4,254,29787,29787,forward,5398528,4096,10625,10632,True
ep4,255,29787,29787,forward,380928,4096,825,832,True
ep4,256,29788,29788,meta,,4096,18145,18152,False
ep4,257,29791,29791,forward,5402624,4096,10633,10640,True
ep4,258,29791,29791,forward,385024,4096,833,840,True
ep4,259,29792,29792,meta,,4096,18153,18160,False
ep4,260,29795,29795,forward,5406720,4096,10641,10648,True
ep4,261,29795,29795,forward,389120,4096,841,848,True
ep4,262,29796,29796,meta,,4096,18161,18168,False
ep4,263,29799,29799,forward,5410816,4096,10649,10656,True
ep4,264,29799,29799,forward,393216,4096,849,856,True
ep4,265,29800,29800,meta,,4096,18169,18176,False
ep4,266,29802,29802,forward,397312,4096,857,864,True
ep4,267,29803,29803,forward,5414912,4096,10657,10664,True
ep4,268,29804,29804,meta,,4096,18177,18184,False
ep4,269,29806,29806,forward,401408,4096,865,872,True
ep4,270,29807,29807,meta,,4096,18185,18192,False
ep4,271,29807,29807,forward,5419008,4096,10665,10672,True
ep4,272,29810,29810,forward,405504,4096,873,880,True
ep4,273,29811,29811,meta,,4096,18193,18200,False
ep4,274,29811,29811,forward,5423104,4096,10673,10680,True
ep4,275,29814,29814,forward,409600,4096,881,888,True
ep4,276,29815,29815,meta,,4096,18201,18208,False
ep4,277,29815,29815,forward,5427200,4096,10681,10688,True
ep4,278,29817,29817,forward,413696,4096,889,896,True
ep4,279,29819,29819,meta,,4096,18209,18216,False
ep4,280,29819,29819,forward,5431296,4096,10689,10696,True
ep4,281,29821,29821,forward,417792,4096,897,904,True
ep4,282,29822,29822,forward,5435392,4096,10697,10704,True
ep4,283,29823,29823,meta,,4096,18217,18224,False
ep4,284,29825,29825,forward,421888,4096,905,912,True
ep4,285,29826,29826,meta,,4096,18225,18232,False
ep4,286,29826,29826,forward,5439488,4096,10705,10712,True
ep4,287,29829,29829,forward,425984,4096,913,920,True
ep4,288,29830,29830,meta,,4096,18233,18240,False
ep4,289,29830,29830,forward,5443584,4096,10713,10720,True
ep4,290,29833,29833,forward,430080,4096,921,928,True
ep4,291,29834,29834,forward,5447680,4096,10721,10728,True
ep4,292,29835,29835,meta,,4096,18241,18248,False
ep4,293,29837,29837,forward,434176,4096,929,936,True
ep4,294,29838,29838,forward,5451776,4096,10729,10736,True
ep4,295,29839,29839,meta,,4096,18249,18256,False
ep4,296,29841,29841,forward,438272,4096,937,944,True
ep4,297,29842,29842,forward,5455872,4096,10737,10744,True
ep4,298,29843,29843,meta,,4096,18257,18264,False
ep4,299,29844,29844,forward,442368,4096,945,952,True
ep4,300,29846,29846,forward,5459968,4096,10745,10752,True
ep4,301,29847,29847,meta,,4096,18265,18272,False
ep4,302,29848,29848,forward,446464,4096,953,960,True
ep4,303,29850,29850,forward,5464064,4096,10753,10760,True
ep4,304,29851,29851,meta,,4096,18273,18280,False
ep4,305,29852,29852,forward,450560,4096,961,968,True
ep4,306,29854,29854,forward,5468160,4096,10761,10768,True
ep4,307,29855,29855,meta,,4096,18281,18288,False
ep4,308,29856,29856,forward,454656,4096,969,976,True
ep4,309,29857,29857,forward,5472256,4096,10769,10776,True
ep4,310,29859,29859,meta,,4096,18289,18296,False
ep4,311,29860,29860,forward,458752,4096,977,984,True
ep4,312,29861,29861,forward,5476352,4096,10777,10784,True
ep4,313,29863,29863,meta,,4096,18297,18304,False
ep4,314,29864,29864,forward,462848,4096,985,992,True
ep4,315,29865,29865,forward,5480448,4096,10785,10792,True
ep4,316,29867,29867,meta,,4096,18305,18312,False
ep4,317,29868,29868,forward,466944,4096,993,1000,True
ep4,318,29869,29869,forward,5484544,4096,10793,10800,True
ep4,319,29871,29871,meta,,4096,18313,18320,False
ep4,320,29872,29872,forward,471040,4096,1001,1008,True
ep4,321,29873,29873,forward,5488640,4096,10801,10808,True
ep4,322,29875,29875,meta,,4096,18321,18328,False
ep4,323,29876,29876,forward,475136,4096,1009,1016,True
ep4,324,29877,29877,forward,5492736,4096,10809,10816,True
ep4,325,29879,29879,meta,,4096,18329,18336,False
ep4,326,29880,29880,forward,5496832,4096,10817,10824,True
ep4,327,29880,29880,forward,479232,4096,1017,1024,True
ep4,328,29883,29883,meta,,4096,18337,18344,False
ep4,329,29884,29884,forward,5500928,4096,10825,10832,True
ep4,330,29884,29884,forward,483328,4096,1025,1032,True
ep4,331,29886,29886,meta,,4096,18345,18352,False
ep4,332,29888,29888,forward,5505024,4096,10833,10840,True
ep4,333,29888,29888,forward,487424,4096,1033,1040,True
ep4,334,29890,29890,meta,,4096,18353,18360,False
ep4,335,29891,29891,forward,491520,4096,1041,1048,True
ep4,336,29892,29892,forward,5509120,4096,10841,10848,True
ep4,337,29894,29894,meta,,4096,18361,18368,False
ep4,338,29895,29895,forward,495616,4096,1049,1056,True
ep4,339,29896,29896,forward,5513216,4096,10849,10856,True
ep4,340,29898,29898,meta,,4096,18369,18376,False
ep4,341,29899,29899,forward,499712,4096,1057,1064,True
ep4,342,29900,29900,forward,5517312,4096,10857,10864,True
ep4,343,29902,29902,meta,,4096,18377,18384,False
ep4,344,29903,29903,forward,503808,4096,1065,1072,True
ep4,345,29904,29904,forward,5521408,4096,10865,10872,True
ep4,346,29906,29906,meta,,4096,18385,18392,False
ep4,347,29907,29907,forward,5525504,4096,10873,10880,True
ep4,348,29907,29907,forward,507904,4096,1073,1080,True
ep4,349,29910,29910,meta,,4096,18393,18400,False
ep4,350,29911,29911,forward,5529600,4096,10881,10888,True
ep4,351,29911,29911,forward,512000,4096,1081,1088,True
ep4,352,29914,29914,meta,,4096,18401,18408,False
ep4,353,29915,29915,forward,5533696,4096,10889,10896,True
ep4,354,29915,29915,forward,516096,4096,1089,1096,True
ep4,355,29918,29918,meta,,4096,18409,18416,False
ep4,356,29919,29919,forward,5537792,4096,10897,10904,True
ep4,357,29919,29919,forward,520192,4096,1097,1104,True
ep4,358,29921,29921,meta,,4096,18417,18424,False
ep4,359,29923,29923,forward,5541888,4096,10905,10912,True
ep4,360,29923,29923,forward,524288,4096,1105,1112,True
ep4,361,29925,29925,meta,,4096,18425,18432,False
ep4,362,29927,29927,forward,5545984,4096,10913,10920,True
ep4,363,29927,29927,forward,528384,4096,1113,1120,True
ep4,364,29929,29929,meta,,4096,18433,18440,False
ep4,365,29931,29931,forward,5550080,4096,10921,10928,True
ep4,366,29931,29931,forward,532480,4096,1121,1128,True
ep4,367,29933,29933,meta,,4096,18441,18448,False
ep4,368,29934,29934,forward,5554176,4096,10929,10936,True
ep4,369,29935,29935,forward,536576,4096,1129,1136,True
ep4,370,29937,29937,meta,,4096,18449,18456,False
ep4,371,29938,29938,forward,5558272,4096,10937,10944,True
ep4,372,29939,29939,forward,540672,4096,1137,1144,True
ep4,373,29941,29941,meta,,4096,18457,18464,False
ep4,374,29942,29942,forward,5562368,4096,10945,10952,True
ep4,375,29943,29943,forward,544768,4096,1145,1152,True
ep4,376,29945,29945,meta,,4096,18465,18472,False
ep4,377,29946,29946,forward,5566464,4096,10953,10960,True
ep4,378,29947,29947,forward,548864,4096,1153,1160,True
ep4,379,29949,29949,meta,,4096,18473,18480,False
ep4,380,29949,29949,forward,5570560,4096,10961,10968,True
ep4,381,29951,29951,forward,552960,4096,1161,1168,True
ep4,382,29953,29953,meta,,4096,18481,18488,False
ep4,383,29953,29953,forward,5574656,4096,10969,10976,True
ep4,384,29954,29954,forward,557056,4096,1169,1176,True
ep4,385,29957,29957,meta,,4096,18489,18496,False
ep4,386,29957,29957,forward,5578752,4096,10977,10984,True
ep4,387,29958,29958,forward,561152,4096,1177,1184,True
ep4,388,29961,29961,meta,,4096,18497,18504,False
ep4,389,29961,29961,forward,5582848,4096,10985,10992,True
ep4,390,29962,29962,forward,565248,4096,1185,1192,True
ep4,391,29965,29965,meta,,4096,18505,18512,False
ep4,392,29965,29965,forward,5586944,4096,10993,11000,True
ep4,393,29966,29966,forward,569344,4096,1193,1200,True
ep4,394,29969,29969,forward,5591040,4096,11001,11008,True
ep4,395,29970,29970,forward,573440,4096,1201,1208,True
ep4,396,29973,29973,forward,5595136,4096,11009,11016,True
ep4,397,29974,29974,forward,577536,4096,1209,1216,True
ep4,398,29976,29976,forward,5599232,4096,11017,11024,True
ep4,399,29978,29978,forward,581632,4096,1217,1224,True
ep4,400,29980,29980,forward,5603328,4096,11025,11032,True
ep4,401,29982,29982,forward,585728,4096,1225,1232,True
ep4,402,29984,29984,forward,5607424,4096,11033,11040,True
ep4,403,29986,29986,forward,589824,4096,1233,1240,True
ep4,404,29988,29988,forward,5611520,4096,11041,11048,True
ep4,405,29990,29990,forward,593920,4096,1241,1248,True
ep4,406,29992,29992,forward,5615616,4096,11049,11056,True
ep4,407,29994,29994,forward,598016,4096,1249,1256,True
ep4,408,29996,29996,forward,5619712,4096,11057,11064,True
ep4,409,29997,29997,forward,602112,4096,1257,1264,True
ep4,410,30000,30000,forward,5623808,4096,11065,11072,True
ep4,411,30001,30001,forward,606208,4096,1265,1272,True
ep4,412,30004,30004,forward,5627904,4096,11073,11080,True
ep4,413,30005,30005,forward,610304,4096,1273,1280,True
ep4,414,30008,30008,forward,5632000,4096,11081,11088,True
ep4,415,30008,30008,forward,614400,4096,1281,1288,True
ep4,416,30011,30011,forward,5636096,4096,11089,11096,True
ep4,417,30012,30012,forward,618496,4096,1289,1296,True
ep4,418,30015,30015,forward,5640192,4096,11097,11104,True
ep4,419,30016,30016,forward,622592,4096,1297,1304,True
ep4,420,30019,30019,forward,5644288,4096,11105,11112,True
ep4,421,30020,30020,forward,626688,4096,1305,1312,True
ep4,422,30023,30023,forward,5648384,4096,11113,11120,True
ep4,423,30024,30024,forward,8384512,4096,16457,16464,True
ep4,424,30027,30035,forward,5652480,12288,11121,11144,True
ep4,425,30036,30036,forward,630784,4096,1313,1320,True
ep4,426,30039,30039,forward,5664768,4096,11145,11152,True
ep4,427,30040,30040,forward,634880,4096,1321,1328,True
ep4,428,30043,30043,forward,5668864,4096,11153,11160,True
ep4,429,30044,30044,forward,638976,4096,1329,1336,True
ep4,430,30047,30047,forward,5672960,4096,11161,11168,True
ep4,431,30048,30048,forward,643072,4096,1337,1344,True
ep4,432,30051,30051,forward,5677056,4096,11169,11176,True
ep4,433,30052,30052,forward,647168,4096,1345,1352,True
ep4,434,30055,30055,forward,5681152,4096,11177,11184,True
ep4,435,30055,30055,forward,651264,4096,1353,1360,True
ep4,436,30059,30059,forward,5685248,4096,11185,11192,True
ep4,437,30059,30059,forward,655360,4096,1361,1368,True
ep4,438,30063,30063,forward,5689344,4096,11193,11200,True
ep4,439,30063,30063,forward,659456,4096,1369,1376,True
ep4,440,30067,30067,forward,5693440,4096,11201,11208,True
ep4,441,30067,30067,forward,663552,4096,1377,1384,True
ep4,442,30071,30071,forward,5697536,4096,11209,11216,True
ep4,443,30071,30071,forward,667648,4096,1385,1392,True
ep4,444,30075,30075,forward,5701632,4096,11217,11224,True
ep4,445,30075,30075,forward,671744,4096,1393,1400,True
ep4,446,30079,30079,forward,5705728,4096,11225,11232,True
ep4,447,30079,30079,forward,675840,4096,1401,1408,True
ep4,448,30083,30083,forward,5709824,4096,11233,11240,True
ep4,449,30083,30083,forward,679936,4096,1409,1416,True
ep4,450,30087,30087,forward,5713920,4096,11241,11248,True
ep4,451,30087,30087,forward,684032,4096,1417,1424,True
ep4,452,30090,30090,forward,5718016,4096,11249,11256,True
ep4,453,30090,30090,forward,688128,4096,1425,1432,True
ep4,454,30094,30094,forward,5722112,4096,11257,11264,True
ep4,455,30094,30094,forward,692224,4096,1433,1440,True
ep4,456,30098,30098,forward,5726208,4096,11265,11272,True
ep4,457,30098,30098,forward,696320,4096,1441,1448,True
ep4,458,30102,30102,forward,5730304,4096,11273,11280,True
ep4,459,30102,30102,forward,700416,4096,1449,1456,True
ep4,460,30106,30106,forward,5734400,4096,11281,11288,True
ep4,461,30106,30106,forward,704512,4096,1457,1464,True
ep4,462,30110,30110,forward,5738496,4096,11289,11296,True
ep4,463,30110,30110,forward,708608,4096,1465,1472,True
ep4,464,30114,30114,forward,5742592,4096,11297,11304,True
ep4,465,30114,30114,forward,712704,4096,1473,1480,True
ep4,466,30118,30118,forward,5746688,4096,11305,11312,True
ep4,467,30118,30118,forward,716800,4096,1481,1488,True
ep4,468,30122,30122,forward,5750784,4096,11313,11320,True
ep4,469,30122,30122,forward,720896,4096,1489,1496,True
ep4,470,30125,30125,forward,5754880,4096,11321,11328,True
ep4,471,30126,30126,forward,724992,4096,1497,1504,True
ep4,472,30129,30129,forward,5758976,4096,11329,11336,True
ep4,473,30130,30130,forward,729088,4096,1505,1512,True
ep4,474,30133,30133,forward,5763072,4096,11337,11344,True
ep4,475,30134,30134,forward,733184,4096,1513,1520,True
ep4,476,30137,30137,forward,5767168,4096,11345,11352,True
ep4,477,30138,30138,forward,737280,4096,1521,1528,True
ep4,478,30141,30141,forward,5771264,4096,11353,11360,True
ep4,479,30142,30142,forward,741376,4096,1529,1536,True
ep4,480,30144,30144,forward,5775360,4096,11361,11368,True
ep4,481,30146,30146,forward,745472,4096,1537,1544,True
ep4,482,30148,30148,forward,5779456,4096,11369,11376,True
ep4,483,30150,30150,forward,749568,4096,1545,1552,True
ep4,484,30152,30152,forward,5783552,4096,11377,11384,True
ep4,485,30154,30154,forward,753664,4096,1553,1560,True
ep4,486,30156,30156,forward,5787648,4096,11385,11392,True
ep4,487,30158,30158,forward,757760,4096,1561,1568,True
ep4,488,30160,30160,forward,5791744,4096,11393,11400,True
ep4,489,30162,30162,forward,761856,4096,1569,1576,True
ep4,490,30164,30164,forward,5795840,4096,11401,11408,True
ep4,491,30166,30166,forward,765952,4096,1577,1584,True
ep4,492,30168,30168,forward,5799936,4096,11409,11416,True
ep4,493,30169,30169,forward,770048,4096,1585,1592,True
ep4,494,30172,30172,forward,5804032,4096,11417,11424,True
ep4,495,30173,30173,forward,774144,4096,1593,1600,True
ep4,496,30176,30176,forward,5808128,4096,11425,11432,True
ep4,497,30177,30177,forward,778240,4096,1601,1608,True
ep4,498,30180,30180,forward,5812224,4096,11433,11440,True
ep4,499,30181,30181,forward,782336,4096,1609,1616,True
ep4,500,30184,30184,forward,5816320,4096,11441,11448,True
ep4,501,30187,30187,forward,786432,4096,1617,1624,True
ep4,502,30188,30192,forward,5820416,8192,11449,11464,True
ep4,503,30192,30192,forward,790528,4096,1625,1632,True
ep4,504,30195,30195,forward,5828608,4096,11465,11472,True
ep4,505,30196,30196,forward,794624,4096,1633,1640,True
ep4,506,30199,30199,forward,5832704,4096,11473,11480,True
ep4,507,30199,30199,forward,798720,4096,1641,1648,True
ep4,508,30203,30203,forward,5836800,4096,11481,11488,True
ep4,509,30203,30203,forward,802816,4096,1649,1656,True
ep4,510,30207,30207,forward,5840896,4096,11489,11496,True
ep4,511,30207,30207,forward,806912,4096,1657,1664,True
ep4,512,30211,30211,forward,5844992,4096,11497,11504,True
ep4,513,30211,30211,forward,811008,4096,1665,1672,True
ep4,514,30215,30215,forward,5849088,4096,11505,11512,True
ep4,515,30215,30215,forward,815104,4096,1673,1680,True
ep4,516,30219,30219,forward,5853184,4096,11513,11520,True
ep4,517,30219,30219,forward,819200,4096,1681,1688,True
ep4,518,30223,30223,forward,5857280,4096,11521,11528,True
ep4,519,30223,30223,forward,823296,4096,1689,1696,True
ep4,520,30227,30227,forward,5861376,4096,11529,11536,True
ep4,521,30227,30227,forward,827392,4096,1697,1704,True
ep4,522,30230,30230,forward,5865472,4096,11537,11544,True
ep4,523,30230,30230,forward,831488,4096,1705,1712,True
ep4,524,30234,30234,forward,5869568,4096,11545,11552,True
ep4,525,30234,30234,forward,835584,4096,1713,1720,True
ep4,526,30238,30238,forward,5873664,4096,11553,11560,True
ep4,527,30238,30238,forward,839680,4096,1721,1728,True
ep4,528,30242,30242,forward,5877760,4096,11561,11568,True
ep4,529,30242,30242,forward,843776,4096,1729,1736,True
ep4,530,30246,30246,forward,5881856,4096,11569,11576,True
ep4,531,30246,30246,forward,847872,4096,1737,1744,True
ep4,532,30250,30250,forward,5885952,4096,11577,11584,True
ep4,533,30250,30250,forward,851968,4096,1745,1752,True
ep4,534,30253,30253,forward,5890048,4096,11585,11592,True
ep4,535,30254,30254,forward,856064,4096,1753,1760,True
ep4,536,30257,30257,forward,5894144,4096,11593,11600,True
ep4,537,30258,30258,forward,860160,4096,1761,1768,True
ep4,538,30261,30261,forward,5898240,4096,11601,11608,True
ep4,539,30262,30262,forward,864256,4096,1769,1776,True
ep4,540,30265,30265,forward,5902336,4096,11609,11616,True
ep4,541,30266,30266,forward,868352,4096,1777,1784,True
ep4,542,30269,30269,forward,5906432,4096,11617,11624,True
ep4,543,30270,30270,forward,872448,4096,1785,1792,True
ep4,544,30273,30273,forward,5910528,4096,11625,11632,True
ep4,545,30274,30274,forward,876544,4096,1793,1800,True
ep4,546,30277,30277,forward,5914624,4096,11633,11640,True
ep4,547,30278,30278,forward,880640,4096,1801,1808,True
ep4,548,30281,30281,forward,5918720,4096,11641,11648,True
ep4,549,30282,30282,forward,884736,4096,1809,1816,True
ep4,550,30285,30285,forward,5922816,4096,11649,11656,True
ep4,551,30286,30286,forward,888832,4096,1817,1824,True
ep4,552,30288,30288,forward,5926912,4096,11657,11664,True
ep4,553,30289,30289,forward,892928,4096,1825,1832,True
ep4,554,30292,30292,forward,5931008,4096,11665,11672,True
ep4,555,30293,30293,forward,897024,4096,1833,1840,True
ep4,556,30296,30296,forward,5935104,4096,11673,11680,True
ep4,557,30297,30297,forward,901120,4096,1841,1848,True
ep4,558,30300,30300,forward,5939200,4096,11681,11688,True
ep4,559,30300,30300,forward,905216,4096,1849,1856,True
ep4,560,30304,30304,forward,5943296,4096,11689,11696,True
ep4,561,30305,30305,forward,909312,4096,1857,1864,True
ep4,562,30308,30308,forward,5947392,4096,11697,11704,True
ep4,563,30309,30309,forward,913408,4096,1865,1872,True
ep4,564,30312,30312,forward,5951488,4096,11705,11712,True
ep4,565,30313,30313,forward,917504,4096,1873,1880,True
ep4,566,30316,30316,forward,5955584,4096,11713,11720,True
ep4,567,30317,30317,forward,921600,4096,1881,1888,True
ep4,568,30320,30320,forward,5959680,4096,11721,11728,True
ep4,569,30320,30320,forward,925696,4096,1889,1896,True
ep4,570,30324,30324,forward,5963776,4096,11729,11736,True
ep4,571,30324,30324,forward,929792,4096,1897,1904,True
ep4,572,30328,30328,forward,5967872,4096,11737,11744,True
ep4,573,30328,30328,forward,933888,4096,1905,1912,True
ep4,574,30331,30331,forward,5971968,4096,11745,11752,True
ep4,575,30332,30332,forward,937984,4096,1913,1920,True
ep4,576,30335,30335,forward,5976064,4096,11753,11760,True
ep4,577,30336,30336,forward,942080,4096,1921,1928,True
ep4,578,30339,30339,forward,5980160,4096,11761,11768,True
ep4,579,30340,30340,forward,946176,4096,1929,1936,True
ep4,580,30343,30343,forward,5984256,4096,11769,11776,True
ep4,581,30344,30344,forward,950272,4096,1937,1944,True
ep4,582,30347,30347,forward,5988352,4096,11777,11784,True
ep4,583,30348,30348,forward,954368,4096,1945,1952,True
ep4,584,30351,30351,forward,5992448,4096,11785,11792,True
ep4,585,30352,30352,forward,958464,4096,1953,1960,True
ep4,586,30355,30355,forward,5996544,4096,11793,11800,True
ep4,587,30356,30356,forward,962560,4096,1961,1968,True
ep4,588,30359,30359,forward,6000640,4096,11801,11808,True
ep4,589,30360,30360,forward,966656,4096,1969,1976,True
ep4,590,30363,30363,forward,6004736,4096,11809,11816,True
ep4,591,30364,30364,forward,970752,4096,1977,1984,True
ep4,592,30367,30367,forward,6008832,4096,11817,11824,True
ep4,593,30368,30368,forward,974848,4096,1985,1992,True
ep4,594,30371,30371,forward,6012928,4096,11825,11832,True
ep4,595,30372,30372,forward,978944,4096,1993,2000,True
ep4,596,30375,30375,forward,6017024,4096,11833,11840,True
ep4,597,30376,30376,forward,983040,4096,2001,2008,True
ep4,598,30378,30378,forward,6021120,4096,11841,11848,True
ep4,599,30380,30380,forward,987136,4096,2009,2016,True
ep4,600,30382,30382,forward,6025216,4096,11849,11856,True
ep4,601,30384,30384,forward,991232,4096,2017,2024,True
ep4,602,30386,30386,forward,6029312,4096,11857,11864,True
ep4,603,30388,30388,forward,995328,4096,2025,2032,True
ep4,604,30389,30389,forward,6033408,4096,11865,11872,True
ep4,605,30391,30391,forward,999424,4096,2033,2040,True
ep4,606,30394,30394,forward,6037504,4096,11873,11880,True
ep4,607,30395,30395,forward,1003520,4096,2041,2048,True
ep4,608,30397,30397,forward,6041600,4096,11881,11888,True
ep4,609,30399,30399,forward,1007616,4096,2049,2056,True
ep4,610,30401,30401,forward,6045696,4096,11889,11896,True
ep4,611,30403,30403,forward,1011712,4096,2057,2064,True
ep4,612,30405,30405,forward,6049792,4096,11897,11904,True
ep4,613,30407,30419,forward,1015808,16384,2065,2096,True
ep4,614,30423,30423,forward,6053888,4096,11905,11912,True
ep4,615,30423,30423,forward,1032192,4096,2097,2104,True
ep4,616,30427,30427,forward,6057984,4096,11913,11920,True
ep4,617,30427,30427,forward,1036288,4096,2105,2112,True
ep4,618,30431,30431,forward,6062080,4096,11921,11928,True
ep4,619,30431,30431,forward,1040384,4096,2113,2120,True
ep4,620,30434,30434,forward,6066176,4096,11929,11936,True
ep4,621,30435,30435,forward,1044480,4096,2121,2128,True
ep4,622,30438,30438,forward,6070272,4096,11937,11944,True
ep4,623,30438,30438,forward,1048576,4096,2129,2136,True
ep4,624,30442,30442,forward,6074368,4096,11945,11952,True
ep4,625,30442,30442,forward,1052672,4096,2137,2144,True
ep4,626,30446,30446,forward,6078464,4096,11953,11960,True
ep4,627,30446,30446,forward,1056768,4096,2145,2152,True
ep4,628,30450,30450,forward,6082560,4096,11961,11968,True
ep4,629,30450,30450,forward,1060864,4096,2153,2160,True
ep4,630,30454,30454,forward,6086656,4096,11969,11976,True
ep4,631,30454,30454,forward,1064960,4096,2161,2168,True
ep4,632,30458,30458,forward,6090752,4096,11977,11984,True
ep4,633,30458,30458,forward,1069056,4096,2169,2176,True
ep4,634,30462,30462,forward,6094848,4096,11985,11992,True
ep4,635,30462,30462,forward,1073152,4096,2177,2184,True
ep4,636,30466,30477,forward,6098944,16384,11993,12024,True
ep4,637,30479,30479,forward,1077248,4096,2185,2192,True
ep4,638,30481,30481,forward,6115328,4096,12025,12032,True
ep4,639,30483,30483,forward,1081344,4096,2193,2200,True
ep4,640,30485,30485,forward,6119424,4096,12033,12040,True
ep4,641,30487,30487,forward,1085440,4096,2201,2208,True
ep4,642,30489,30489,forward,6123520,4096,12041,12048,True
ep4,643,30491,30491,forward,1089536,4096,2209,2216,True
ep4,644,30493,30493,forward,6127616,4096,12049,12056,True
ep4,645,30495,30495,forward,1093632,4096,2217,2224,True
ep4,646,30496,30496,forward,6131712,4096,12057,12064,True
ep4,647,30499,30499,forward,1097728,4096,2225,2232,True
ep4,648,30500,30500,forward,6135808,4096,12065,12072,True
ep4,649,30503,30503,forward,1101824,4096,2233,2240,True
ep4,650,30504,30504,forward,6139904,4096,12073,12080,True
ep4,651,30507,30507,forward,1105920,4096,2241,2248,True
ep4,652,30508,30511,forward,6144000,8192,12081,12096,True
ep4,653,30511,30514,forward,1110016,8192,2249,2264,True
ep4,654,30515,30515,forward,6152192,4096,12097,12104,True
ep4,655,30518,30518,forward,1118208,4096,2265,2272,True
ep4,656,30519,30519,forward,6156288,4096,12105,12112,True
ep4,657,30522,30522,forward,1122304,4096,2273,2280,True
ep4,658,30523,30523,forward,6160384,4096,12113,12120,True
ep4,659,30526,30526,forward,1126400,4096,2281,2288,True
ep4,660,30527,30527,forward,6164480,4096,12121,12128,True
ep4,661,30530,30530,forward,1130496,4096,2289,2296,True
ep4,662,30531,30531,forward,6168576,4096,12129,12136,True
ep4,663,30534,30534,forward,1134592,4096,2297,2304,True
ep4,664,30535,30535,forward,6172672,4096,12137,12144,True
ep4,665,30537,30549,forward,1138688,16384,2305,2336,True
ep4,666,30552,30552,forward,6176768,4096,12145,12152,True
ep4,667,30553,30553,forward,1155072,4096,2337,2344,True
ep4,668,30557,30557,forward,6180864,4096,12153,12160,True
ep4,669,30557,30557,forward,1159168,4096,2345,2352,True
ep4,670,30560,30560,forward,6184960,4096,12161,12168,True
ep4,671,30561,30561,forward,1163264,4096,2353,2360,True
ep4,672,30564,30564,forward,6189056,4096,12169,12176,True
ep4,673,30565,30565,forward,1167360,4096,2361,2368,True
ep4,674,30568,30568,forward,6193152,4096,12177,12184,True
ep4,675,30569,30569,forward,1171456,4096,2369,2376,True
ep4,676,30572,30572,forward,6197248,4096,12185,12192,True
ep4,677,30573,30573,forward,1175552,4096,2377,2384,True
ep4,678,30576,30576,forward,6201344,4096,12193,12200,True
ep4,679,30576,30576,forward,1179648,4096,2385,2392,True
ep4,680,30579,30579,forward,6205440,4096,12201,12208,True
ep4,681,30580,30580,forward,1183744,4096,2393,2400,True
ep4,682,30583,30583,forward,6209536,4096,12209,12216,True
ep4,683,30584,30584,forward,1187840,4096,2401,2408,True
ep4,684,30587,30587,forward,6213632,4096,12217,12224,True
ep4,685,30588,30588,forward,1191936,4096,2409,2416,True
ep4,686,30591,30591,forward,6217728,4096,12225,12232,True
ep4,687,30591,30591,forward,1196032,4096,2417,2424,True
ep4,688,30595,30595,forward,6221824,4096,12233,12240,True
ep4,689,30595,30595,forward,1200128,4096,2425,2432,True
ep4,690,30598,30598,forward,6225920,4096,12241,12248,True
ep4,691,30599,30599,forward,1204224,4096,2433,2440,True
ep4,692,30602,30602,forward,6230016,4096,12249,12256,True
ep4,693,30603,30603,forward,1208320,4096,2441,2448,True
ep4,694,30606,30606,forward,6234112,4096,12257,12264,True
ep4,695,30607,30607,forward,1212416,4096,2449,2456,True
ep4,696,30610,30610,forward,6238208,4096,12265,12272,True
ep4,697,30611,30611,forward,1216512,4096,2457,2464,True
ep4,698,30614,30614,forward,6242304,4096,12273,12280,True
ep4,699,30615,30615,forward,1220608,4096,2465,2472,True
ep4,700,30618,30618,forward,6246400,4096,12281,12288,True
ep4,701,30619,30619,forward,1224704,4096,2473,2480,True
ep4,702,30622,30622,forward,6250496,4096,12289,12296,True
ep4,703,30623,30623,forward,1228800,4096,2481,2488,True
ep4,704,30626,30626,forward,6254592,4096,12297,12304,True
ep4,705,30627,30627,forward,1232896,4096,2489,2496,True
ep4,706,30630,30630,forward,6258688,4096,12305,12312,True
ep4,707,30630,30630,forward,1236992,4096,2497,2504,True
ep4,708,30633,30633,forward,6262784,4096,12313,12320,True
ep4,709,30634,30634,forward,1241088,4096,2505,2512,True
ep4,710,30637,30637,forward,6266880,4096,12321,12328,True
ep4,711,30638,30638,forward,1245184,4096,2513,2520,True
ep4,712,30641,30641,forward,6270976,4096,12329,12336,True
ep4,713,30641,30641,forward,1249280,4096,2521,2528,True
ep4,714,30644,30644,forward,6275072,4096,12337,12344,True
ep4,715,30645,30645,forward,1253376,4096,2529,2536,True
ep4,716,30648,30648,forward,6279168,4096,12345,12352,True
ep4,717,30649,30649,forward,1257472,4096,2537,2544,True
ep4,718,30652,30652,forward,6283264,4096,12353,12360,True
ep4,719,30652,30652,forward,1261568,4096,2545,2552,True
ep4,720,30656,30656,forward,6287360,4096,12361,12368,True
ep4,721,30656,30656,forward,1265664,4096,2553,2560,True
ep4,722,30660,30660,forward,6291456,4096,12369,12376,True
ep4,723,30660,30660,forward,1269760,4096,2561,2568,True
ep4,724,30664,30664,forward,6295552,4096,12377,12384,True
ep4,725,30664,30664,forward,1273856,4096,2569,2576,True
ep4,726,30667,30667,forward,6299648,4096,12385,12392,True
ep4,727,30668,30668,forward,1835008,4096,3665,3672,True
ep4,728,30671,30671,forward,6303744,4096,12393,12400,True
ep4,729,30672,30672,forward,1839104,4096,3673,3680,True
ep4,730,30675,30675,forward,6307840,4096,12401,12408,True
ep4,731,30675,30675,forward,1843200,4096,3681,3688,True
ep4,732,30679,30679,forward,6311936,4096,12409,12416,True
ep4,733,30679,30679,forward,1847296,4096,3689,3696,True
ep4,734,30683,30683,forward,6316032,4096,12417,12424,True
ep4,735,30683,30683,forward,1851392,4096,3697,3704,True
ep4,736,30687,30687,forward,6320128,4096,12425,12432,True
ep4,737,30687,30687,forward,1855488,4096,3705,3712,True
ep4,738,30691,30691,forward,6324224,4096,12433,12440,True
ep4,739,30691,30691,forward,1859584,4096,3713,3720,True
ep4,740,30695,30695,forward,6328320,4096,12441,12448,True
ep4,741,30695,30695,forward,1863680,4096,3721,3728,True
ep4,742,30698,30698,forward,6332416,4096,12449,12456,True
ep4,743,30699,30699,forward,1867776,4096,3729,3736,True
ep4,744,30702,30702,forward,6336512,4096,12457,12464,True
ep4,745,30703,30703,forward,1871872,4096,3737,3744,True
ep4,746,30706,30706,forward,6340608,4096,12465,12472,True
ep4,747,30707,30707,forward,1875968,4096,3745,3752,True
ep4,748,30709,30709,forward,6344704,4096,12473,12480,True
ep4,749,30711,30711,forward,1880064,4096,3753,3760,True
ep4,750,30713,30713,forward,6348800,4096,12481,12488,True
ep4,751,30715,30715,forward,1884160,4096,3761,3768,True
ep4,752,30717,30717,forward,6352896,4096,12489,12496,True
ep4,753,30719,30719,forward,1888256,4096,3769,3776,True
ep4,754,30721,30721,forward,6356992,4096,12497,12504,True
ep4,755,30722,30722,forward,1892352,4096,3777,3784,True
ep4,756,30725,30725,forward,6361088,4096,12505,12512,True
ep4,757,30726,30726,forward,1896448,4096,3785,3792,True
ep4,758,30728,30728,forward,6365184,4096,12513,12520,True
ep4,759,30730,30730,forward,1900544,4096,3793,3800,True
ep4,760,30732,30732,forward,6369280,4096,12521,12528,True
ep4,761,30733,30733,forward,1904640,4096,3801,3808,True
ep4,762,30736,30736,forward,6373376,4096,12529,12536,True
ep4,763,30737,30737,forward,1908736,4096,3809,3816,True
ep4,764,30739,30739,forward,6377472,4096,12537,12544,True
ep4,765,30741,30741,forward,1912832,4096,3817,3824,True
ep4,766,30743,30743,forward,6381568,4096,12545,12552,True
ep4,767,30744,30744,forward,1916928,4096,3825,3832,True
ep4,768,30747,30747,forward,6385664,4096,12553,12560,True
ep4,769,30748,30748,forward,1921024,4096,3833,3840,True
ep4,770,30751,30751,forward,6389760,4096,12561,12568,True
ep4,771,30752,30752,forward,1925120,4096,3841,3848,True
ep4,772,30755,30755,forward,6393856,4096,12569,12576,True
ep4,773,30756,30756,forward,1929216,4096,3849,3856,True
ep4,774,30759,30759,forward,6397952,4096,12577,12584,True
ep4,775,30760,30760,forward,1933312,4096,3857,3864,True
ep4,776,30763,30763,forward,6402048,4096,12585,12592,True
ep4,777,30764,30764,forward,1937408,4096,3865,3872,True
ep4,778,30767,30767,forward,6406144,4096,12593,12600,True
ep4,779,30768,30768,forward,1941504,4096,3873,3880,True
ep4,780,30771,30771,forward,6410240,4096,12601,12608,True
ep4,781,30771,30771,forward,1945600,4096,3881,3888,True
ep4,782,30775,30775,forward,6414336,4096,12609,12616,True
ep4,783,30775,30775,forward,1949696,4096,3889,3896,True
ep4,784,30779,30779,forward,6418432,4096,12617,12624,True
ep4,785,30779,30779,forward,1953792,4096,3897,3904,True
ep4,786,30783,30783,forward,6422528,4096,12625,12632,True
ep4,787,30783,30783,forward,1957888,4096,3905,3912,True
ep4,788,30787,30787,forward,6426624,4096,12633,12640,True
ep4,789,30787,30787,forward,1961984,4096,3913,3920,True
ep4,790,30791,30791,forward,6430720,4096,12641,12648,True
ep4,791,30791,30791,forward,1966080,4096,3921,3928,True
ep4,792,30794,30794,forward,6434816,4096,12649,12656,True
ep4,793,30795,30795,forward,1970176,4096,3929,3936,True
ep4,794,30798,30798,forward,6438912,4096,12657,12664,True
ep4,795,30798,30798,forward,1974272,4096,3937,3944,True
ep4,796,30802,30802,forward,6443008,4096,12665,12672,True
ep4,797,30802,30802,forward,1978368,4096,3945,3952,True
ep4,798,30806,30806,forward,6447104,4096,12673,12680,True
ep4,799,30806,30806,forward,1982464,4096,3953,3960,True
ep4,800,30810,30810,forward,6451200,4096,12681,12688,True
ep4,801,30810,30810,forward,1986560,4096,3961,3968,True
ep4,802,30814,30814,forward,6455296,4096,12689,12696,True
ep4,803,30814,30814,forward,1990656,4096,3969,3976,True
ep4,804,30818,30818,forward,6459392,4096,12697,12704,True
ep4,805,30818,30821,forward,1994752,8192,3977,3992,True
ep4,806,30822,30822,forward,6463488,4096,12705,12712,True
ep4,807,30825,30825,forward,2002944,4096,3993,4000,True
ep4,808,30826,30826,forward,6467584,4096,12713,12720,True
ep4,809,30829,30829,forward,2007040,4096,4001,4008,True
ep4,810,30830,30833,forward,6471680,8192,12721,12736,True
ep4,811,30833,30833,forward,2011136,4096,4009,4016,True
ep4,812,30837,30837,forward,6479872,4096,12737,12744,True
ep4,813,30837,30837,forward,2015232,4096,4017,4024,True
ep4,814,30841,30841,forward,6483968,4096,12745,12752,True
ep4,815,30841,30841,forward,2019328,4096,4025,4032,True
ep4,816,30845,30845,forward,6488064,4096,12753,12760,True
ep4,817,30845,30845,forward,2023424,4096,4033,4040,True
ep4,818,30849,30849,forward,6492160,4096,12761,12768,True
ep4,819,30849,30852,forward,2027520,8192,4041,4056,True
ep4,820,30853,30853,forward,6496256,4096,12769,12776,True
ep4,821,30856,30856,forward,2035712,4096,4057,4064,True
ep4,822,30857,30857,forward,6500352,4096,12777,12784,True
ep4,823,30860,30860,forward,2039808,4096,4065,4072,True
ep4,824,30861,30861,forward,6504448,4096,12785,12792,True
ep4,825,30864,30864,forward,2043904,4096,4073,4080,True
ep4,826,30865,30865,forward,6508544,4096,12793,12800,True
ep4,827,30868,30868,forward,2048000,4096,4081,4088,True
ep4,828,30869,30869,forward,6512640,4096,12801,12808,True
ep4,829,30872,30872,forward,2052096,4096,4089,4096,True
ep4,830,30873,30873,forward,6516736,4096,12809,12816,True
ep4,831,30876,30876,forward,2056192,4096,4097,4104,True
ep4,832,30877,30877,forward,6520832,4096,12817,12824,True
ep4,833,30879,30879,forward,2060288,4096,4105,4112,True
ep4,834,30880,30880,forward,6524928,4096,12825,12832,True
ep4,835,30883,30883,forward,2064384,4096,4113,4120,True
ep4,836,30884,30884,forward,6529024,4096,12833,12840,True
ep4,837,30887,30887,forward,2068480,4096,4121,4128,True
ep4,838,30888,30888,forward,6533120,4096,12841,12848,True
ep4,839,30891,30891,forward,2072576,4096,4129,4136,True
ep4,840,30892,30892,forward,6537216,4096,12849,12856,True
ep4,841,30895,30895,forward,2076672,4096,4137,4144,True
ep4,842,30896,30899,forward,6541312,8192,12857,12872,True
ep4,843,30899,30899,forward,2080768,4096,4145,4152,True
ep4,844,30903,30903,forward,6549504,4096,12873,12880,True
ep4,845,30903,30903,forward,2084864,4096,4153,4160,True
ep4,846,30907,30907,forward,6553600,4096,12881,12888,True
ep4,847,30907,30907,forward,2088960,4096,4161,4168,True
ep4,848,30911,30911,forward,6557696,4096,12889,12896,True
ep4,849,30911,30911,forward,2093056,4096,4169,4176,True
ep4,850,30914,30914,forward,6561792,4096,12897,12904,True
ep4,851,30915,30915,forward,2097152,4096,4177,4184,True
ep4,852,30918,30918,forward,6565888,4096,12905,12912,True
ep4,853,30919,30919,forward,2101248,4096,4185,4192,True
ep4,854,30922,30922,forward,6569984,4096,12913,12920,True
ep4,855,30923,30923,forward,2105344,4096,4193,4200,True
ep4,856,30926,30926,forward,6574080,4096,12921,12928,True
ep4,857,30927,30927,forward,2109440,4096,4201,4208,True
ep4,858,30930,30930,forward,6578176,4096,12929,12936,True
ep4,859,30931,30931,forward,2113536,4096,4209,4216,True
ep4,860,30934,30934,forward,6582272,4096,12937,12944,True
ep4,861,30934,30934,forward,2117632,4096,4217,4224,True
ep4,862,30938,30938,forward,6586368,4096,12945,12952,True
ep4,863,30938,30938,forward,2121728,4096,4225,4232,True
ep4,864,30942,30942,forward,6590464,4096,12953,12960,True
ep4,865,30942,30942,forward,2125824,4096,4233,4240,True
ep4,866,30946,30946,forward,6594560,4096,12961,12968,True
ep4,867,30946,30946,forward,2129920,4096,4241,4248,True
ep4,868,30950,30950,forward,6598656,4096,12969,12976,True
ep4,869,30950,30950,forward,2134016,4096,4249,4256,True
ep4,870,30954,30954,forward,6602752,4096,12977,12984,True
ep4,871,30954,30954,forward,2138112,4096,4257,4264,True
ep4,872,30957,30957,forward,6606848,4096,12985,12992,True
ep4,873,30958,30958,forward,2142208,4096,4265,4272,True
ep4,874,30961,30961,forward,6610944,4096,12993,13000,True
ep4,875,30961,30961,forward,2146304,4096,4273,4280,True
ep4,876,30965,30965,forward,6615040,4096,13001,13008,True
ep4,877,30965,30965,forward,2150400,4096,4281,4288,True
ep4,878,30969,30969,forward,6619136,4096,13009,13016,True
ep4,879,30969,30969,forward,2154496,4096,4289,4296,True
ep4,880,30973,30973,forward,6623232,4096,13017,13024,True
ep4,881,30973,30973,forward,2158592,4096,4297,4304,True
ep4,882,30977,30977,forward,6627328,4096,13025,13032,True
ep4,883,30977,30977,forward,2162688,4096,4305,4312,True
ep4,884,30981,30981,forward,6631424,4096,13033,13040,True
ep4,885,30981,30981,forward,2166784,4096,4313,4320,True
ep4,886,30985,30985,forward,6635520,4096,13041,13048,True
ep4,887,30985,30985,forward,2170880,4096,4321,4328,True
ep4,888,30988,30988,forward,6639616,4096,13049,13056,True
ep4,889,30989,30989,forward,2174976,4096,4329,4336,True
ep4,890,30992,30992,forward,6643712,4096,13057,13064,True
ep4,891,30993,30993,forward,2179072,4096,4337,4344,True
ep4,892,30996,30996,forward,6647808,4096,13065,13072,True
ep4,893,30996,30996,forward,2183168,4096,4345,4352,True
ep4,894,31000,31000,forward,6651904,4096,13073,13080,True
ep4,895,31000,31000,forward,2187264,4096,4353,4360,True
ep4,896,31004,31004,forward,6656000,4096,13081,13088,True
ep4,897,31004,31004,forward,2191360,4096,4361,4368,True
ep4,898,31008,31008,forward,6660096,4096,13089,13096,True
ep4,899,31008,31011,forward,2195456,8192,4369,4384,True
ep4,900,31012,31012,forward,6664192,4096,13097,13104,True
ep4,901,31015,31015,forward,1277952,4096,2577,2584,True
ep4,902,31016,31016,forward,6668288,4096,13105,13112,True
ep4,903,31019,31019,forward,1282048,4096,2585,2592,True
ep4,904,31020,31023,forward,6672384,8192,13113,13128,True
ep4,905,31023,31023,forward,1286144,4096,2593,2600,True
ep4,906,31027,31027,forward,6680576,4096,13129,13136,True
ep4,907,31027,31027,forward,1290240,4096,2601,2608,True
ep4,908,31031,31031,forward,6684672,4096,13137,13144,True
ep4,909,31031,31034,forward,1294336,8192,2609,2624,True
ep4,910,31035,31035,forward,6688768,4096,13145,13152,True
ep4,911,31038,31038,forward,1302528,4096,2625,2632,True
ep4,912,31039,31039,forward,6692864,4096,13153,13160,True
ep4,913,31042,31042,forward,1306624,4096,2633,2640,True
ep4,914,31043,31043,forward,6696960,4096,13161,13168,True
ep4,915,31046,31046,forward,1310720,4096,2641,2648,True
ep4,916,31047,31047,forward,6701056,4096,13169,13176,True
ep4,917,31050,31050,forward,1314816,4096,2649,2656,True
ep4,918,31051,31051,forward,6705152,4096,13177,13184,True
ep4,919,31054,31054,forward,1318912,4096,2657,2664,True
ep4,920,31055,31055,forward,6709248,4096,13185,13192,True
ep4,921,31057,31057,forward,1323008,4096,2665,2672,True
ep4,922,31059,31059,forward,6713344,4096,13193,13200,True
ep4,923,31061,31061,forward,1327104,4096,2673,2680,True
ep4,924,31063,31063,forward,6717440,4096,13201,13208,True
ep4,925,31065,31065,forward,1331200,4096,2681,2688,True
ep4,926,31066,31066,forward,6721536,4096,13209,13216,True
ep4,927,31069,31069,forward,1335296,4096,2689,2696,True
ep4,928,31070,31070,forward,6725632,4096,13217,13224,True
ep4,929,31073,31073,forward,1339392,4096,2697,2704,True
ep4,930,31074,31074,forward,6729728,4096,13225,13232,True
ep4,931,31077,31077,forward,1343488,4096,2705,2712,True
ep4,932,31078,31078,forward,6733824,4096,13233,13240,True
ep4,933,31081,31081,forward,1347584,4096,2713,2720,True
ep4,934,31082,31082,forward,6737920,4096,13241,13248,True
ep4,935,31085,31085,forward,1351680,4096,2721,2728,True
ep4,936,31086,31086,forward,6742016,4096,13249,13256,True
ep4,937,31089,31089,forward,1355776,4096,2729,2736,True
ep4,938,31090,31090,forward,6746112,4096,13257,13264,True
ep4,939,31092,31092,forward,1359872,4096,2737,2744,True
ep4,940,31094,31094,forward,6750208,4096,13265,13272,True
ep4,941,31096,31096,forward,1363968,4096,2745,2752,True
ep4,942,31097,31097,forward,6754304,4096,13273,13280,True
ep4,943,31100,31100,forward,1368064,4096,2753,2760,True
ep4,944,31101,31101,forward,6758400,4096,13281,13288,True
ep4,945,31104,31104,forward,1372160,4096,2761,2768,True
ep4,946,31105,31105,forward,6762496,4096,13289,13296,True
ep4,947,31108,31108,forward,1376256,4096,2769,2776,True
ep4,948,31109,31109,forward,6766592,4096,13297,13304,True
ep4,949,31112,31112,forward,1380352,4096,2777,2784,True
ep4,950,31113,31113,forward,6770688,4096,13305,13312,True
ep4,951,31116,31116,forward,1384448,4096,2785,2792,True
ep4,952,31117,31117,forward,6774784,4096,13313,13320,True
ep4,953,31120,31120,forward,1388544,4096,2793,2800,True
ep4,954,31121,31121,forward,6778880,4096,13321,13328,True
ep4,955,31124,31124,forward,1392640,4096,2801,2808,True
ep4,956,31125,31125,forward,6782976,4096,13329,13336,True
ep4,957,31128,31128,forward,1396736,4096,2809,2816,True
ep4,958,31129,31129,forward,6787072,4096,13337,13344,True
ep4,959,31132,31132,forward,1400832,4096,2817,2824,True
ep4,960,31133,31136,forward,6791168,8192,13345,13360,True
ep4,961,31136,31136,forward,1404928,4096,2825,2832,True
ep4,962,31140,31140,forward,6799360,4096,13361,13368,True
ep4,963,31140,31140,forward,1409024,4096,2833,2840,True
ep4,964,31144,31144,forward,6803456,4096,13369,13376,True
ep4,965,31144,31144,forward,1413120,4096,2841,2848,True
ep4,966,31148,31148,forward,6807552,4096,13377,13384,True
ep4,967,31148,31148,forward,1417216,4096,2849,2856,True
ep4,968,31151,31151,forward,6811648,4096,13385,13392,True
ep4,969,31152,31152,forward,1421312,4096,2857,2864,True
ep4,970,31155,31155,forward,6815744,4096,13393,13400,True
ep4,971,31155,31155,forward,1425408,4096,2865,2872,True
ep4,972,31159,31159,forward,6819840,4096,13401,13408,True
ep4,973,31159,31159,forward,1429504,4096,2873,2880,True
ep4,974,31163,31163,forward,6823936,4096,13409,13416,True
ep4,975,31163,31163,forward,1433600,4096,2881,2888,True
ep4,976,31167,31167,forward,6828032,4096,13417,13424,True
ep4,977,31167,31167,forward,1437696,4096,2889,2896,True
ep4,978,31171,31171,forward,6832128,4096,13425,13432,True
ep4,979,31171,31171,forward,1441792,4096,2897,2904,True
ep4,980,31175,31175,forward,6836224,4096,13433,13440,True
ep4,981,31175,31175,forward,1445888,4096,2905,2912,True
ep4,982,31179,31179,forward,6840320,4096,13441,13448,True
ep4,983,31179,31179,forward,1449984,4096,2913,2920,True
ep4,984,31183,31183,forward,6844416,4096,13449,13456,True
ep4,985,31183,31183,forward,1454080,4096,2921,2928,True
ep4,986,31187,31187,forward,6848512,4096,13457,13464,True
ep4,987,31187,31187,forward,1458176,4096,2929,2936,True
ep4,988,31191,31191,forward,6852608,4096,13465,13472,True
ep4,989,31191,31191,forward,1462272,4096,2937,2944,True
ep4,990,31195,31195,forward,6856704,4096,13473,13480,True
ep4,991,31195,31195,forward,1466368,4096,2945,2952,True
ep4,992,31199,31199,forward,6860800,4096,13481,13488,True
ep4,993,31199,31199,forward,1470464,4096,2953,2960,True
ep4,994,31202,31202,forward,6864896,4096,13489,13496,True
ep4,995,31203,31203,forward,1474560,4096,2961,2968,True
ep4,996,31206,31206,forward,6868992,4096,13497,13504,True
ep4,997,31207,31222,forward,1478656,20480,2969,3008,True
ep4,998,31224,31224,forward,6873088,4096,13505,13512,True
ep4,999,31226,31226,forward,1499136,4096,3009,3016,True
ep4,1000,31228,31228,forward,6877184,4096,13513,13520,True
ep4,1001,31230,31230,forward,1503232,4096,3017,3024,True
ep4,1002,31232,31232,forward,6881280,4096,13521,13528,True
ep4,1003,31234,31234,forward,1507328,4096,3025,3032,True
ep4,1004,31236,31236,forward,6885376,4096,13529,13536,True
ep4,1005,31238,31238,forward,1511424,4096,3033,3040,True
ep4,1006,31240,31240,forward,6889472,4096,13537,13544,True
ep4,1007,31242,31242,forward,1515520,4096,3041,3048,True
ep4,1008,31244,31244,forward,6893568,4096,13545,13552,True
ep4,1009,31246,31246,forward,1519616,4096,3049,3056,True
ep4,1010,31248,31248,forward,6897664,4096,13553,13560,True
ep4,1011,31250,31250,forward,1523712,4096,3057,3064,True
ep4,1012,31252,31252,forward,6901760,4096,13561,13568,True
ep4,1013,31254,31254,forward,1527808,4096,3065,3072,True
ep4,1014,31255,31255,forward,6905856,4096,13569,13576,True
ep4,1015,31258,31258,forward,1531904,4096,3073,3080,True
ep4,1016,31259,31259,forward,6909952,4096,13577,13584,True
ep4,1017,31262,31262,forward,1536000,4096,3081,3088,True
ep4,1018,31263,31279,forward,6914048,20480,13585,13624,True
ep4,1019,31281,31281,forward,1540096,4096,3089,3096,True
ep5,0,31282,31282,meta,,4096,17489,17496,False
ep5,1,31283,31283,forward,6934528,4096,13625,13632,True
ep5,2,31285,31285,forward,1544192,4096,3097,3104,True
ep5,3,31286,31286,forward,6938624,4096,13633,13640,True
ep5,4,31288,31288,forward,1548288,4096,3105,3112,True
ep5,5,31290,31290,forward,6942720,4096,13641,13648,True
ep5,6,31292,31292,forward,1552384,4096,3113,3120,True
ep5,7,31294,31294,forward,6946816,4096,13649,13656,True
ep5,8,31296,31296,forward,1556480,4096,3121,3128,True
ep5,9,31298,31298,forward,6950912,4096,13657,13664,True
ep5,10,31299,31299,forward,1560576,4096,3129,3136,True
ep5,11,31300,31300,meta,,4096,17497,17504,False
ep5,12,31302,31302,forward,6955008,4096,13665,13672,True
ep5,13,31303,31303,forward,1564672,4096,3137,3144,True
ep5,14,31306,31306,forward,6959104,4096,13673,13680,True
ep5,15,31307,31307,forward,1568768,4096,3145,3152,True
ep5,16,31309,31309,forward,6963200,4096,13681,13688,True
ep5,17,31311,31311,forward,1572864,4096,3153,3160,True
ep5,18,31312,31312,meta,,4096,17505,17512,False
ep5,19,31313,31313,forward,6967296,4096,13689,13696,True
ep5,20,31315,31315,forward,1576960,4096,3161,3168,True
ep5,21,31317,31317,forward,6971392,4096,13697,13704,True
ep5,22,31318,31318,forward,1581056,4096,3169,3176,True
ep5,23,31321,31321,forward,6975488,4096,13705,13712,True
ep5,24,31322,31322,forward,1585152,4096,3177,3184,True
ep5,25,31325,31325,forward,6979584,4096,13713,13720,True
ep5,26,31326,31326,forward,1589248,4096,3185,3192,True
ep5,27,31329,31329,forward,6983680,4096,13721,13728,True
ep5,28,31329,31329,meta,,4096,17513,17520,False
ep5,29,31330,31330,forward,1593344,4096,3193,3200,True
ep5,30,31332,31332,forward,6987776,4096,13729,13736,True
ep5,31,31333,31333,meta,,4096,17521,17528,False
ep5,32,31334,31334,forward,1597440,4096,3201,3208,True
ep5,33,31336,31336,forward,6991872,4096,13737,13744,True
ep5,34,31336,31336,meta,,4096,17529,17536,False
ep5,35,31338,31338,forward,1601536,4096,3209,3216,True
ep5,36,31340,31340,forward,6995968,4096,13745,13752,True
ep5,37,31340,31340,meta,,4096,17537,17544,False
ep5,38,31342,31342,forward,1605632,4096,3217,3224,True
ep5,39,31344,31344,forward,7000064,4096,13753,13760,True
ep5,40,31344,31344,meta,,4096,17545,17552,False
ep5,41,31346,31346,forward,1609728,4096,3225,3232,True
ep5,42,31348,31348,forward,7004160,4096,13761,13768,True
ep5,43,31348,31348,meta,,4096,17553,17560,False
ep5,44,31349,31349,forward,1613824,4096,3233,3240,True
ep5,45,31352,31352,forward,7008256,4096,13769,13776,True
ep5,46,31353,31353,forward,1617920,4096,3241,3248,True
ep5,47,31356,31356,forward,7012352,4096,13777,13784,True
ep5,48,31357,31357,forward,1622016,4096,3249,3256,True
ep5,49,31359,31359,forward,7016448,4096,13785,13792,True
ep5,50,31361,31361,forward,1626112,4096,3257,3264,True
ep5,51,31364,31364,forward,7020544,4096,13793,13800,True
ep5,52,31365,31365,meta,,4096,17561,17568,False
ep5,53,31365,31365,forward,1630208,4096,3265,3272,True
ep5,54,31368,31368,forward,7024640,4096,13801,13808,True
ep5,55,31369,31369,meta,,4096,17569,17576,False
ep5,56,31369,31369,forward,1634304,4096,3273,3280,True
ep5,57,31372,31372,forward,7028736,4096,13809,13816,True
ep5,58,31373,31373,meta,,4096,17577,17584,False
ep5,59,31373,31373,forward,1638400,4096,3281,3288,True
ep5,60,31375,31375,forward,7032832,4096,13817,13824,True
ep5,61,31377,31377,meta,,4096,17585,17592,False
ep5,62,31377,31377,forward,1642496,4096,3289,3296,True
ep5,63,31379,31379,forward,7036928,4096,13825,13832,True
ep5,64,31381,31381,meta,,4096,17593,17600,False
ep5,65,31381,31381,forward,2203648,4096,4385,4392,True
ep5,66,31383,31383,forward,7041024,4096,13833,13840,True
ep5,67,31384,31384,meta,,4096,17601,17608,False
ep5,68,31385,31385,forward,2207744,4096,4393,4400,True
ep5,69,31387,31387,forward,7045120,4096,13841,13848,True
ep5,70,31388,31388,meta,,4096,17609,17616,False
ep5,71,31389,31389,forward,2211840,4096,4401,4408,True
ep5,72,31390,31390,forward,7049216,4096,13849,13856,True
ep5,73,31392,31392,meta,,4096,17617,17624,False
ep5,74,31393,31393,forward,2215936,4096,4409,4416,True
ep5,75,31394,31394,forward,7053312,4096,13857,13864,True
ep5,76,31396,31396,meta,,4096,17625,17632,False
ep5,77,31397,31397,forward,2220032,4096,4417,4424,True
ep5,78,31398,31398,forward,7057408,4096,13865,13872,True
ep5,79,31400,31400,meta,,4096,17633,17640,False
ep5,80,31401,31401,forward,2224128,4096,4425,4432,True
ep5,81,31402,31402,forward,7061504,4096,13873,13880,True
ep5,82,31404,31404,meta,,4096,17641,17648,False
ep5,83,31405,31405,forward,2228224,4096,4433,4440,True
ep5,84,31406,31406,forward,7065600,4096,13881,13888,True
ep5,85,31408,31408,meta,,4096,17649,17656,False
ep5,86,31409,31409,forward,2232320,4096,4441,4448,True
ep5,87,31410,31410,forward,7069696,4096,13889,13896,True
ep5,88,31412,31412,meta,,4096,17657,17664,False
ep5,89,31412,31412,forward,2236416,4096,4449,4456,True
ep5,90,31414,31414,forward,7073792,4096,13897,13904,True
ep5,91,31416,31416,meta,,4096,17665,17672,False
ep5,92,31416,31416,forward,2240512,4096,4457,4464,True
ep5,93,31417,31417,forward,7077888,4096,13905,13912,True
ep5,94,31420,31420,meta,,4096,17673,17680,False
ep5,95,31420,31420,forward,2244608,4096,4465,4472,True
ep5,96,31421,31421,forward,7081984,4096,13913,13920,True
ep5,97,31424,31424,meta,,4096,17681,17688,False
ep5,98,31424,31424,forward,2248704,4096,4473,4480,True
ep5,99,31425,31425,forward,7086080,4096,13921,13928,True
ep5,100,31428,31428,meta,,4096,17689,17696,False
ep5,101,31428,31428,forward,2252800,4096,4481,4488,True
ep5,102,31429,31429,forward,7090176,4096,13929,13936,True
ep5,103,31432,31432,meta,,4096,17697,17704,False
ep5,104,31432,31432,forward,2256896,4096,4489,4496,True
ep5,105,31433,31433,forward,7094272,4096,13937,13944,True
ep5,106,31436,31436,meta,,4096,17705,17712,False
ep5,107,31436,31436,forward,2260992,4096,4497,4504,True
ep5,108,31437,31437,forward,7098368,4096,13945,13952,True
ep5,109,31440,31440,meta,,4096,17713,17720,False
ep5,110,31440,31440,forward,2265088,4096,4505,4512,True
ep5,111,31441,31441,forward,7102464,4096,13953,13960,True
ep5,112,31443,31443,meta,,4096,17721,17728,False
ep5,113,31444,31444,forward,2269184,4096,4513,4520,True
ep5,114,31445,31445,forward,7106560,4096,13961,13968,True
ep5,115,31448,31448,meta,,4096,17729,17736,False
ep5,116,31448,31448,forward,2273280,4096,4521,4528,True
ep5,117,31449,31449,forward,7110656,4096,13969,13976,True
ep5,118,31452,31452,meta,,4096,17737,17744,False
ep5,119,31452,31452,forward,2277376,4096,4529,4536,True
ep5,120,31453,31453,forward,7114752,4096,13977,13984,True
ep5,121,31455,31455,forward,2281472,4096,4537,4544,True
ep5,122,31456,31456,meta,,4096,17745,17752,False
ep5,123,31457,31457,forward,7118848,4096,13985,13992,True
ep5,124,31459,31459,forward,2285568,4096,4545,4552,True
ep5,125,31460,31460,meta,,4096,17753,17760,False
ep5,126,31461,31461,forward,7122944,4096,13993,14000,True
ep5,127,31463,31463,meta,,4096,17761,17768,False
ep5,128,31463,31463,forward,2289664,4096,4553,4560,True
ep5,129,31464,31464,forward,7127040,4096,14001,14008,True
ep5,130,31467,31467,meta,,4096,17769,17776,False
ep5,131,31467,31467,forward,2293760,4096,4561,4568,True
ep5,132,31468,31468,forward,7131136,4096,14009,14016,True
ep5,133,31471,31471,meta,,4096,17777,17784,False
ep5,134,31471,31471,forward,2297856,4096,4569,4576,True
ep5,135,31472,31472,forward,7135232,4096,14017,14024,True
ep5,136,31474,31474,meta,,4096,17785,17792,False
ep5,137,31475,31475,forward,2301952,4096,4577,4584,True
ep5,138,31476,31476,forward,7139328,4096,14025,14032,True
ep5,139,31478,31478,meta,,4096,17793,17800,False
ep5,140,31479,31479,forward,2306048,4096,4585,4592,True
ep5,141,31481,31481,forward,7143424,4096,14033,14040,True
ep5,142,31482,31482,meta,,4096,17801,17808,False
ep5,143,31483,31483,forward,2310144,4096,4593,4600,True
ep5,144,31484,31484,forward,7147520,4096,14041,14048,True
ep5,145,31486,31486,meta,,4096,17809,17816,False
ep5,146,31487,31487,forward,2314240,4096,4601,4608,True
ep5,147,31488,31488,forward,7151616,4096,14049,14056,True
ep5,148,31490,31490,meta,,4096,17817,17824,False
ep5,149,31491,31491,forward,2318336,4096,4609,4616,True
ep5,150,31492,31492,forward,7155712,4096,14057,14064,True
ep5,151,31493,31493,meta,,4096,17825,17832,False
ep5,152,31494,31494,forward,2322432,4096,4617,4624,True
ep5,153,31495,31495,forward,7159808,4096,14065,14072,True
ep5,154,31497,31497,meta,,4096,17833,17840,False
ep5,155,31499,31499,forward,7163904,4096,14073,14080,True
ep5,156,31499,31499,forward,2326528,4096,4625,4632,True
ep5,157,31501,31501,meta,,4096,17841,17848,False
ep5,158,31503,31503,forward,7168000,4096,14081,14088,True
ep5,159,31503,31503,forward,2330624,4096,4633,4640,True
ep5,160,31505,31505,meta,,4096,17849,17856,False
ep5,161,31507,31507,forward,7172096,4096,14089,14096,True
ep5,162,31507,31507,forward,2334720,4096,4641,4648,True
ep5,163,31509,31509,meta,,4096,17857,17864,False
ep5,164,31511,31511,forward,7176192,4096,14097,14104,True
ep5,165,31511,31511,forward,2338816,4096,4649,4656,True
ep5,166,31513,31513,meta,,4096,17865,17872,False
ep5,167,31514,31514,forward,7180288,4096,14105,14112,True
ep5,168,31514,31514,forward,2342912,4096,4657,4664,True
ep5,169,31517,31517,meta,,4096,17873,17880,False
ep5,170,31518,31518,forward,7184384,4096,14113,14120,True
ep5,171,31518,31518,forward,2347008,4096,4665,4672,True
ep5,172,31521,31521,meta,,4096,17881,17888,False
ep5,173,31522,31522,forward,7188480,4096,14121,14128,True
ep5,174,31522,31522,forward,2351104,4096,4673,4680,True
ep5,175,31525,31525,meta,,4096,17889,17896,False
ep5,176,31526,31526,forward,7192576,4096,14129,14136,True
ep5,177,31526,31526,forward,2355200,4096,4681,4688,True
ep5,178,31528,31528,meta,,4096,17897,17904,False
ep5,179,31530,31530,forward,7196672,4096,14137,14144,True
ep5,180,31530,31530,forward,2359296,4096,4689,4696,True
ep5,181,31532,31532,meta,,4096,17905,17912,False
ep5,182,31534,31534,forward,7200768,4096,14145,14152,True
ep5,183,31534,31534,forward,2363392,4096,4697,4704,True
ep5,184,31536,31536,meta,,4096,17913,17920,False
ep5,185,31538,31538,forward,7204864,4096,14153,14160,True
ep5,186,31538,31538,forward,2367488,4096,4705,4712,True
ep5,187,31540,31540,meta,,4096,17921,17928,False
ep5,188,31542,31542,forward,7208960,4096,14161,14168,True
ep5,189,31542,31542,forward,2371584,4096,4713,4720,True
ep5,190,31544,31544,meta,,4096,17929,17936,False
ep5,191,31545,31545,forward,2375680,4096,4721,4728,True
ep5,192,31546,31546,forward,7213056,4096,14169,14176,True
ep5,193,31548,31548,meta,,4096,17937,17944,False
ep5,194,31549,31549,forward,2379776,4096,4729,4736,True
ep5,195,31550,31550,forward,7217152,4096,14177,14184,True
ep5,196,31552,31552,meta,,4096,17945,17952,False
ep5,197,31553,31553,forward,2383872,4096,4737,4744,True
ep5,198,31554,31554,forward,7221248,4096,14185,14192,True
ep5,199,31556,31556,meta,,4096,17953,17960,False
ep5,200,31557,31557,forward,2387968,4096,4745,4752,True
ep5,201,31558,31558,forward,7225344,4096,14193,14200,True
ep5,202,31560,31560,meta,,4096,17961,17968,False
ep5,203,31561,31561,forward,7229440,4096,14201,14208,True
ep5,204,31561,31561,forward,2392064,4096,4753,4760,True
ep5,205,31564,31564,meta,,4096,17969,17976,False
ep5,206,31565,31565,forward,7233536,4096,14209,14216,True
ep5,207,31565,31565,forward,2396160,4096,4761,4768,True
ep5,208,31568,31568,meta,,4096,17977,17984,False
ep5,209,31569,31569,forward,7237632,4096,14217,14224,True
ep5,210,31569,31569,forward,2400256,4096,4769,4776,True
ep5,211,31572,31572,meta,,4096,17985,17992,False
ep5,212,31572,31572,forward,2404352,4096,4777,4784,True
ep5,213,31573,31573,forward,7241728,4096,14225,14232,True
ep5,214,31576,31576,meta,,4096,17993,18000,False
ep5,215,31576,31576,forward,2408448,4096,4785,4792,True
ep5,216,31577,31577,forward,7245824,4096,14233,14240,True
ep5,217,31580,31580,meta,,4096,18001,18008,False
ep5,218,31580,31580,forward,2412544,4096,4793,4800,True
ep5,219,31581,31581,forward,7249920,4096,14241,14248,True
ep5,220,31584,31584,meta,,4096,18009,18016,False
ep5,221,31584,31584,forward,2416640,4096,4801,4808,True
ep5,222,31585,31585,forward,7254016,4096,14249,14256,True
ep5,223,31588,31588,meta,,4096,18017,18024,False
ep5,224,31588,31588,forward,2420736,4096,4809,4816,True
ep5,225,31589,31589,forward,7258112,4096,14257,14264,True
ep5,226,31592,31592,meta,,4096,18025,18032,False
ep5,227,31592,31592,forward,2424832,4096,4817,4824,True
ep5,228,31593,31593,forward,7262208,4096,14265,14272,True
ep5,229,31595,31595,forward,2428928,4096,4825,4832,True
ep5,230,31596,31596,meta,,4096,18033,18040,False
ep5,231,31597,31597,forward,7266304,4096,14273,14280,True
ep5,232,31599,31599,forward,2433024,4096,4833,4840,True
ep5,233,31600,31600,meta,,4096,18041,18048,False
ep5,234,31601,31601,forward,7270400,4096,14281,14288,True
ep5,235,31603,31603,forward,2437120,4096,4841,4848,True
ep5,236,31604,31604,meta,,4096,18049,18056,False
ep5,237,31605,31605,forward,7274496,4096,14289,14296,True
ep5,238,31607,31607,forward,2441216,4096,4849,4856,True
ep5,239,31608,31608,forward,7278592,4096,14297,14304,True
ep5,240,31608,31608,meta,,4096,18057,18064,False
ep5,241,31611,31611,forward,2445312,4096,4857,4864,True
ep5,242,31612,31612,forward,7282688,4096,14305,14312,True
ep5,243,31612,31612,meta,,4096,18065,18072,False
ep5,244,31615,31615,forward,2449408,4096,4865,4872,True
ep5,245,31616,31616,forward,7286784,4096,14313,14320,True
ep5,246,31616,31616,meta,,4096,18073,18080,False
ep5,247,31619,31619,forward,2453504,4096,4873,4880,True
ep5,248,31620,31620,forward,7290880,4096,14321,14328,True
ep5,249,31620,31620,meta,,4096,18081,18088,False
ep5,250,31623,31623,forward,2457600,4096,4881,4888,True
ep5,251,31624,31624,forward,7294976,4096,14329,14336,True
ep5,252,31624,31624,meta,,4096,18089,18096,False
ep5,253,31626,31626,forward,2461696,4096,4889,4896,True
ep5,254,31627,31627,forward,7299072,4096,14337,14344,True
ep5,255,31628,31628,meta,,4096,18097,18104,False
ep5,256,31630,31630,forward,2465792,4096,4897,4904,True
ep5,257,31631,31631,forward,7303168,4096,14345,14352,True
ep5,258,31632,31632,meta,,4096,18105,18112,False
ep5,259,31634,31634,forward,2469888,4096,4905,4912,True
ep5,260,31635,31635,forward,7307264,4096,14353,14360,True
ep5,261,31636,31636,meta,,4096,18113,18120,False
ep5,262,31638,31638,forward,2473984,4096,4913,4920,True
ep5,263,31639,31639,forward,7311360,4096,14361,14368,True
ep5,264,31640,31640,meta,,4096,18121,18128,False
ep5,265,31642,31642,forward,2478080,4096,4921,4928,True
ep5,266,31643,31643,forward,7315456,4096,14369,14376,True
ep5,267,31644,31644,meta,,4096,18129,18136,False
ep5,268,31646,31646,forward,2482176,4096,4929,4936,True
ep5,269,31647,31647,forward,7319552,4096,14377,14384,True
ep5,270,31648,31648,meta,,4096,18137,18144,False
ep5,271,31650,31650,forward,7323648,4096,14385,14392,True
ep5,272,31650,31650,forward,2486272,4096,4937,4944,True
ep5,273,31652,31652,meta,,4096,18145,18152,False
ep5,274,31654,31654,forward,7327744,4096,14393,14400,True
ep5,275,31654,31654,forward,2490368,4096,4945,4952,True
ep5,276,31656,31656,meta,,4096,18153,18160,False
ep5,277,31657,31657,forward,2494464,4096,4953,4960,True
ep5,278,31658,31658,forward,7331840,4096,14401,14408,True
ep5,279,31659,31659,meta,,4096,18161,18168,False
ep5,280,31661,31661,forward,2498560,4096,4961,4968,True
ep5,281,31662,31662,forward,7335936,4096,14409,14416,True
ep5,282,31663,31663,meta,,4096,18169,18176,False
ep5,283,31665,31665,forward,2502656,4096,4969,4976,True
ep5,284,31666,31666,forward,7340032,4096,14417,14424,True
ep5,285,31667,31667,meta,,4096,18177,18184,False
ep5,286,31669,31669,forward,2506752,4096,4977,4984,True
ep5,287,31670,31670,forward,7344128,4096,14425,14432,True
ep5,288,31671,31671,meta,,4096,18185,18192,False
ep5,289,31673,31673,forward,2510848,4096,4985,4992,True
ep5,290,31674,31674,forward,7348224,4096,14433,14440,True
ep5,291,31675,31675,meta,,4096,18193,18200,False
ep5,292,31677,31677,forward,2514944,4096,4993,5000,True
ep5,293,31678,31678,forward,7352320,4096,14441,14448,True
ep5,294,31679,31679,meta,,4096,18201,18208,False
ep5,295,31681,31681,forward,7356416,4096,14449,14456,True
ep5,296,31681,31681,forward,2519040,4096,5001,5008,True
ep5,297,31683,31683,meta,,4096,18209,18216,False
ep5,298,31685,31685,forward,7360512,4096,14457,14464,True
ep5,299,31685,31685,forward,2523136,4096,5009,5016,True
ep5,300,31687,31687,meta,,4096,18217,18224,False
ep5,301,31689,31689,forward,7364608,4096,14465,14472,True
ep5,302,31689,31689,forward,2527232,4096,5017,5024,True
ep5,303,31691,31691,meta,,4096,18225,18232,False
ep5,304,31693,31693,forward,7368704,4096,14473,14480,True
ep5,305,31693,31693,forward,2531328,4096,5025,5032,True
ep5,306,31695,31695,meta,,4096,18233,18240,False
ep5,307,31696,31696,forward,2535424,4096,5033,5040,True
ep5,308,31697,31697,forward,7372800,4096,14481,14488,True
ep5,309,31699,31699,meta,,4096,18241,18248,False
ep5,310,31700,31700,forward,2539520,4096,5041,5048,True
ep5,311,31701,31701,forward,7376896,4096,14489,14496,True
ep5,312,31703,31703,meta,,4096,18249,18256,False
ep5,313,31704,31704,forward,2543616,4096,5049,5056,True
ep5,314,31705,31705,forward,7380992,4096,14497,14504,True
ep5,315,31707,31707,meta,,4096,18257,18264,False
ep5,316,31708,31708,forward,7385088,4096,14505,14512,True
ep5,317,31708,31708,forward,2547712,4096,5057,5064,True
ep5,318,31710,31710,meta,,4096,18265,18272,False
ep5,319,31712,31712,forward,2551808,4096,5065,5072,True
ep5,320,31713,31713,forward,7389184,4096,14513,14520,True
ep5,321,31714,31714,meta,,4096,18273,18280,False
ep5,322,31716,31716,forward,2555904,4096,5073,5080,True
ep5,323,31717,31717,forward,7393280,4096,14521,14528,True
ep5,324,31718,31718,meta,,4096,18281,18288,False
ep5,325,31720,31720,forward,7397376,4096,14529,14536,True
ep5,326,31720,31720,forward,2560000,4096,5081,5088,True
ep5,327,31722,31722,meta,,4096,18289,18296,False
ep5,328,31724,31724,forward,7401472,4096,14537,14544,True
ep5,329,31724,31724,forward,2564096,4096,5089,5096,True
ep5,330,31726,31726,meta,,4096,18297,18304,False
ep5,331,31728,31728,forward,7405568,4096,14545,14552,True
ep5,332,31728,31728,forward,2568192,4096,5097,5104,True
ep5,333,31730,31730,meta,,4096,18305,18312,False
ep5,334,31732,31732,forward,7409664,4096,14553,14560,True
ep5,335,31732,31732,forward,1646592,4096,3297,3304,True
ep5,336,31734,31734,meta,,4096,18313,18320,False
ep5,337,31736,31736,forward,7413760,4096,14561,14568,True
ep5,338,31736,31736,forward,1650688,4096,3305,3312,True
ep5,339,31737,31737,meta,,4096,18321,18328,False
ep5,340,31740,31740,forward,7417856,4096,14569,14576,True
ep5,341,31740,31740,forward,1654784,4096,3313,3320,True
ep5,342,31741,31741,meta,,4096,18329,18336,False
ep5,343,31744,31744,forward,7421952,4096,14577,14584,True
ep5,344,31744,31744,forward,1658880,4096,3321,3328,True
ep5,345,31745,31745,meta,,4096,18337,18344,False
ep5,346,31748,31748,forward,7426048,4096,14585,14592,True
ep5,347,31748,31748,forward,1662976,4096,3329,3336,True
ep5,348,31749,31749,meta,,4096,18345,18352,False
ep5,349,31752,31752,forward,7430144,4096,14593,14600,True
ep5,350,31752,31752,forward,1667072,4096,3337,3344,True
ep5,351,31753,31753,meta,,4096,18353,18360,False
ep5,352,31756,31756,forward,7434240,4096,14601,14608,True
ep5,353,31756,31756,forward,1671168,4096,3345,3352,True
ep5,354,31757,31757,meta,,4096,18361,18368,False
ep5,355,31759,31759,forward,7438336,4096,14609,14616,True
ep5,356,31760,31760,forward,1675264,4096,3353,3360,True
ep5,357,31761,31761,meta,,4096,18369,18376,False
ep5,358,31763,31763,forward,7442432,4096,14617,14624,True
ep5,359,31763,31763,forward,1679360,4096,3361,3368,True
ep5,360,31765,31765,meta,,4096,18377,18384,False
ep5,361,31767,31767,forward,7446528,4096,14625,14632,True
ep5,362,31767,31767,forward,1683456,4096,3369,3376,True
ep5,363,31769,31769,meta,,4096,18385,18392,False
ep5,364,31771,31771,forward,7450624,4096,14633,14640,True
ep5,365,31771,31771,forward,1687552,4096,3377,3384,True
ep5,366,31772,31772,meta,,4096,18393,18400,False
ep5,367,31775,31775,forward,7454720,4096,14641,14648,True
ep5,368,31775,31775,forward,1691648,4096,3385,3392,True
ep5,369,31776,31776,meta,,4096,18401,18408,False
ep5,370,31778,31778,forward,1695744,4096,3393,3400,True
ep5,371,31779,31779,forward,7458816,4096,14649,14656,True
ep5,372,31780,31780,meta,,4096,18409,18416,False
ep5,373,31783,31783,forward,7462912,4096,14657,14664,True
ep5,374,31783,31783,forward,1699840,4096,3401,3408,True
ep5,375,31784,31784,meta,,4096,18417,18424,False
ep5,376,31786,31786,forward,1703936,4096,3409,3416,True
ep5,377,31787,31787,forward,7467008,4096,14665,14672,True
ep5,378,31788,31788,meta,,4096,18425,18432,False
ep5,379,31790,31790,forward,1708032,4096,3417,3424,True
ep5,380,31791,31791,forward,7471104,4096,14673,14680,True
ep5,381,31792,31792,meta,,4096,18433,18440,False
ep5,382,31794,31794,forward,1712128,4096,3425,3432,True
ep5,383,31795,31795,forward,7475200,4096,14681,14688,True
ep5,384,31796,31796,meta,,4096,18441,18448,False
ep5,385,31798,31798,forward,7479296,4096,14689,14696,True
ep5,386,31798,31798,forward,1716224,4096,3433,3440,True
ep5,387,31799,31799,meta,,4096,18449,18456,False
ep5,388,31802,31802,forward,7483392,4096,14697,14704,True
ep5,389,31802,31802,forward,1720320,4096,3441,3448,True
ep5,390,31803,31803,meta,,4096,18457,18464,False
ep5,391,31805,31805,forward,1724416,4096,3449,3456,True
ep5,392,31806,31806,forward,7487488,4096,14705,14712,True
ep5,393,31807,31807,meta,,4096,18465,18472,False
ep5,394,31809,31809,forward,1728512,4096,3457,3464,True
ep5,395,31810,31810,forward,7491584,4096,14713,14720,True
ep5,396,31811,31811,meta,,4096,18473,18480,False
ep5,397,31813,31813,forward,1732608,4096,3465,3472,True
ep5,398,31814,31814,forward,7495680,4096,14721,14728,True
ep5,399,31815,31815,meta,,4096,18481,18488,False
ep5,400,31817,31817,forward,1736704,4096,3473,3480,True
ep5,401,31818,31818,forward,7499776,4096,14729,14736,True
ep5,402,31819,31819,meta,,4096,18489,18496,False
ep5,403,31821,31821,forward,1740800,4096,3481,3488,True
ep5,404,31822,31822,forward,7503872,4096,14737,14744,True
ep5,405,31823,31823,meta,,4096,18497,18504,False
ep5,406,31825,31825,forward,1744896,4096,3489,3496,True
ep5,407,31826,31826,forward,7507968,4096,14745,14752,True
ep5,408,31827,31827,meta,,4096,18505,18512,False
ep5,409,31829,31829,forward,1748992,4096,3497,3504,True
ep5,410,31830,31830,forward,7512064,4096,14753,14760,True
ep5,411,31832,31832,forward,1753088,4096,3505,3512,True
ep5,412,31834,31834,forward,7516160,4096,14761,14768,True
ep5,413,31836,31836,forward,1757184,4096,3513,3520,True
ep5,414,31838,31838,forward,7520256,4096,14769,14776,True
ep5,415,31840,31840,forward,1761280,4096,3521,3528,True
ep5,416,31842,31842,forward,7524352,4096,14777,14784,True
ep5,417,31844,31844,forward,1765376,4096,3529,3536,True
ep5,418,31846,31846,forward,7528448,4096,14785,14792,True
ep5,419,31849,31849,forward,1769472,4096,3537,3544,True
ep5,420,31850,31853,forward,7532544,8192,14793,14808,True
ep5,421,31853,31853,forward,1773568,4096,3545,3552,True
ep5,422,31857,31857,forward,7540736,4096,14809,14816,True
ep5,423,31857,31857,forward,1777664,4096,3553,3560,True
ep5,424,31861,31861,forward,7544832,4096,14817,14824,True
ep5,425,31861,31861,forward,1781760,4096,3561,3568,True
ep5,426,31865,31865,forward,7548928,4096,14825,14832,True
ep5,427,31865,31868,forward,1785856,8192,3569,3584,True
ep5,428,31869,31873,forward,7553024,8192,14833,14848,True
ep5,429,31873,31873,forward,1794048,4096,3585,3592,True
ep5,430,31876,31876,forward,7561216,4096,14849,14856,True
ep5,431,31876,31876,forward,1798144,4096,3593,3600,True
ep5,432,31880,31880,forward,7565312,4096,14857,14864,True
ep5,433,31880,31880,forward,1802240,4096,3601,3608,True
ep5,434,31884,31884,forward,7569408,4096,14865,14872,True
ep5,435,31884,31884,forward,1806336,4096,3609,3616,True
ep5,436,31888,31888,forward,7573504,4096,14873,14880,True
ep5,437,31888,31888,forward,1810432,4096,3617,3624,True
ep5,438,31892,31892,forward,7577600,4096,14881,14888,True
ep5,439,31892,31892,forward,1814528,4096,3625,3632,True
ep5,440,31896,31896,forward,7581696,4096,14889,14896,True
ep5,441,31896,31896,forward,1818624,4096,3633,3640,True
ep5,442,31900,31900,forward,7585792,4096,14897,14904,True
ep5,443,31900,31900,forward,1822720,4096,3641,3648,True
ep5,444,31904,31904,forward,7589888,4096,14905,14912,True
ep5,445,31904,31904,forward,1826816,4096,3649,3656,True
ep5,446,31907,31907,forward,7593984,4096,14913,14920,True
ep5,447,31908,31908,forward,1830912,4096,3657,3664,True
ep5,448,31911,31911,forward,7598080,4096,14921,14928,True
ep5,449,31912,31912,forward,2572288,4096,5105,5112,True
ep5,450,31915,31915,forward,7602176,4096,14929,14936,True
ep5,451,31916,31916,forward,2576384,4096,5113,5120,True
ep5,452,31919,31919,forward,7606272,4096,14937,14944,True
ep5,453,31920,31920,forward,2580480,4096,5121,5128,True
ep5,454,31923,31923,forward,7610368,4096,14945,14952,True
ep5,455,31924,31924,forward,2584576,4096,5129,5136,True
ep5,456,31927,31927,forward,7614464,4096,14953,14960,True
ep5,457,31928,31928,forward,2588672,4096,5137,5144,True
ep5,458,31931,31931,forward,7618560,4096,14961,14968,True
ep5,459,31932,31932,forward,2592768,4096,5145,5152,True
ep5,460,31935,31935,forward,7622656,4096,14969,14976,True
ep5,461,31936,31936,forward,2596864,4096,5153,5160,True
ep5,462,31939,31939,forward,7626752,4096,14977,14984,True
ep5,463,31939,31939,forward,2600960,4096,5161,5168,True
ep5,464,31943,31943,forward,7630848,4096,14985,14992,True
ep5,465,31943,31943,forward,2605056,4096,5169,5176,True
ep5,466,31947,31947,forward,7634944,4096,14993,15000,True
ep5,467,31947,31947,forward,2609152,4096,5177,5184,True
ep5,468,31951,31951,forward,7639040,4096,15001,15008,True
ep5,469,31951,31951,forward,2613248,4096,5185,5192,True
ep5,470,31955,31955,forward,7643136,4096,15009,15016,True
ep5,471,31955,31955,forward,2617344,4096,5193,5200,True
ep5,472,31958,31958,forward,7647232,4096,15017,15024,True
ep5,473,31959,31959,forward,2621440,4096,5201,5208,True
ep5,474,31962,31962,forward,7651328,4096,15025,15032,True
ep5,475,31963,31963,forward,2625536,4096,5209,5216,True
ep5,476,31966,31966,forward,7655424,4096,15033,15040,True
ep5,477,31967,31967,forward,2629632,4096,5217,5224,True
ep5,478,31970,31970,forward,7659520,4096,15041,15048,True
ep5,479,31971,31971,forward,2633728,4096,5225,5232,True
ep5,480,31974,31974,forward,7663616,4096,15049,15056,True
ep5,481,31975,31975,forward,2637824,4096,5233,5240,True
ep5,482,31978,31978,forward,7667712,4096,15057,15064,True
ep5,483,31979,31979,forward,2641920,4096,5241,5248,True
ep5,484,31982,31982,forward,7671808,4096,15065,15072,True
ep5,485,31983,31983,forward,2646016,4096,5249,5256,True
ep5,486,31986,31986,forward,7675904,4096,15073,15080,True
ep5,487,31986,31986,forward,2650112,4096,5257,5264,True
ep5,488,31990,31990,forward,7680000,4096,15081,15088,True
ep5,489,31990,31990,forward,2654208,4096,5265,5272,True
ep5,490,31994,31994,forward,7684096,4096,15089,15096,True
ep5,491,31994,31994,forward,2658304,4096,5273,5280,True
ep5,492,31997,31997,forward,7688192,4096,15097,15104,True
ep5,493,31998,31998,forward,2662400,4096,5281,5288,True
ep5,494,32001,32001,forward,7692288,4096,15105,15112,True
ep5,495,32002,32002,forward,2666496,4096,5289,5296,True
ep5,496,32005,32005,forward,7696384,4096,15113,15120,True
ep5,497,32006,32006,forward,2670592,4096,5297,5304,True
ep5,498,32009,32009,forward,7700480,4096,15121,15128,True
ep5,499,32009,32024,forward,2674688,20480,5305,5344,True
ep5,500,32027,32027,forward,7704576,4096,15129,15136,True
ep5,501,32029,32029,forward,2695168,4096,5345,5352,True
ep5,502,32031,32031,forward,7708672,4096,15137,15144,True
ep5,503,32032,32032,forward,2699264,4096,5353,5360,True
ep5,504,32035,32035,forward,7712768,4096,15145,15152,True
ep5,505,32036,32036,forward,2703360,4096,5361,5368,True
ep5,506,32039,32039,forward,7716864,4096,15153,15160,True
ep5,507,32040,32040,forward,2707456,4096,5369,5376,True
ep5,508,32043,32043,forward,7720960,4096,15161,15168,True
ep5,509,32044,32044,forward,2711552,4096,5377,5384,True
ep5,510,32047,32047,forward,7725056,4096,15169,15176,True
ep5,511,32048,32048,forward,2715648,4096,5385,5392,True
ep5,512,32050,32050,forward,7729152,4096,15177,15184,True
ep5,513,32052,32052,forward,2719744,4096,5393,5400,True
ep5,514,32054,32054,forward,7733248,4096,15185,15192,True
ep5,515,32055,32055,forward,2723840,4096,5401,5408,True
ep5,516,32058,32058,forward,7737344,4096,15193,15200,True
ep5,517,32059,32059,forward,2727936,4096,5409,5416,True
ep5,518,32062,32062,forward,7741440,4096,15201,15208,True
ep5,519,32063,32063,forward,2732032,4096,5417,5424,True
ep5,520,32066,32078,forward,7745536,16384,15209,15240,True
ep5,521,32080,32080,forward,2736128,4096,5425,5432,True
ep5,522,32082,32082,forward,7761920,4096,15241,15248,True
ep5,523,32084,32084,forward,2740224,4096,5433,5440,True
ep5,524,32086,32086,forward,7766016,4096,15249,15256,True
ep5,525,32088,32088,forward,2744320,4096,5441,5448,True
ep5,526,32090,32090,forward,7770112,4096,15257,15264,True
ep5,527,32092,32092,forward,2748416,4096,5449,5456,True
ep5,528,32094,32094,forward,7774208,4096,15265,15272,True
ep5,529,32096,32096,forward,2752512,4096,5457,5464,True
ep5,530,32098,32098,forward,7778304,4096,15273,15280,True
ep5,531,32100,32100,forward,2756608,4096,5465,5472,True
ep5,532,32102,32102,forward,7782400,4096,15281,15288,True
ep5,533,32104,32104,forward,2760704,4096,5473,5480,True
ep5,534,32105,32105,forward,7786496,4096,15289,15296,True
ep5,535,32108,32108,forward,2764800,4096,5481,5488,True
ep5,536,32109,32109,forward,7790592,4096,15297,15304,True
ep5,537,32112,32112,forward,2768896,4096,5489,5496,True
ep5,538,32113,32113,forward,7794688,4096,15305,15312,True
ep5,539,32116,32116,forward,2772992,4096,5497,5504,True
ep5,540,32117,32117,forward,7798784,4096,15313,15320,True
ep5,541,32119,32119,forward,2777088,4096,5505,5512,True
ep5,542,32121,32121,forward,7802880,4096,15321,15328,True
ep5,543,32123,32123,forward,2781184,4096,5513,5520,True
ep5,544,32125,32125,forward,7806976,4096,15329,15336,True
ep5,545,32127,32127,forward,2785280,4096,5521,5528,True
ep5,546,32128,32128,forward,7811072,4096,15337,15344,True
ep5,547,32131,32131,forward,2789376,4096,5529,5536,True
ep5,548,32132,32132,forward,7815168,4096,15345,15352,True
ep5,549,32135,32135,forward,2793472,4096,5537,5544,True
ep5,550,32136,32139,forward,7819264,8192,15353,15368,True
ep5,551,32139,32139,forward,2797568,4096,5545,5552,True
ep5,552,32143,32143,forward,7827456,4096,15369,15376,True
ep5,553,32143,32143,forward,2801664,4096,5553,5560,True
ep5,554,32147,32147,forward,7831552,4096,15377,15384,True
ep5,555,32147,32147,forward,2805760,4096,5561,5568,True
ep5,556,32151,32151,forward,7835648,4096,15385,15392,True
ep5,557,32151,32154,forward,2809856,8192,5569,5584,True
ep5,558,32155,32159,forward,7839744,8192,15393,15408,True
ep5,559,32159,32159,forward,2818048,4096,5585,5592,True
ep5,560,32163,32163,forward,7847936,4096,15409,15416,True
ep5,561,32163,32163,forward,2822144,4096,5593,5600,True
ep5,562,32167,32167,forward,7852032,4096,15417,15424,True
ep5,563,32167,32167,forward,2826240,4096,5601,5608,True
ep5,564,32171,32171,forward,7856128,4096,15425,15432,True
ep5,565,32171,32171,forward,2830336,4096,5609,5616,True
ep5,566,32174,32174,forward,7860224,4096,15433,15440,True
ep5,567,32175,32175,forward,2834432,4096,5617,5624,True
ep5,568,32178,32178,forward,7864320,4096,15441,15448,True
ep5,569,32179,32179,forward,2838528,4096,5625,5632,True
ep5,570,32182,32182,forward,7868416,4096,15449,15456,True
ep5,571,32183,32183,forward,2842624,4096,5633,5640,True
ep5,572,32186,32186,forward,7872512,4096,15457,15464,True
ep5,573,32187,32187,forward,2846720,4096,5641,5648,True
ep5,574,32190,32190,forward,7876608,4096,15465,15472,True
ep5,575,32190,32194,forward,2850816,8192,5649,5664,True
ep5,576,32195,32195,forward,7880704,4096,15473,15480,True
ep5,577,32198,32198,forward,2859008,4096,5665,5672,True
ep5,578,32199,32199,forward,7884800,4096,15481,15488,True
ep5,579,32202,32202,forward,2863104,4096,5673,5680,True
ep5,580,32203,32206,forward,7888896,8192,15489,15504,True
ep5,581,32206,32206,forward,2867200,4096,5681,5688,True
ep5,582,32210,32210,forward,7897088,4096,15505,15512,True
ep5,583,32210,32210,forward,2871296,4096,5689,5696,True
ep5,584,32214,32214,forward,7901184,4096,15513,15520,True
ep5,585,32214,32217,forward,2875392,8192,5697,5712,True
ep5,586,32218,32218,forward,7905280,4096,15521,15528,True
ep5,587,32221,32221,forward,2883584,4096,5713,5720,True
ep5,588,32222,32222,forward,7909376,4096,15529,15536,True
ep5,589,32225,32225,forward,2887680,4096,5721,5728,True
ep5,590,32226,32226,forward,7913472,4096,15537,15544,True
ep5,591,32229,32229,forward,2891776,4096,5729,5736,True
ep5,592,32230,32233,forward,7917568,8192,15545,15560,True
ep5,593,32233,32233,forward,2895872,4096,5737,5744,True
ep5,594,32237,32237,forward,7925760,4096,15561,15568,True
ep5,595,32237,32237,forward,2899968,4096,5745,5752,True
ep5,596,32241,32241,forward,7929856,4096,15569,15576,True
ep5,597,32241,32241,forward,2904064,4096,5753,5760,True
ep5,598,32245,32245,forward,7933952,4096,15577,15584,True
ep5,599,32245,32245,forward,2908160,4096,5761,5768,True
ep5,600,32249,32249,forward,7938048,4096,15585,15592,True
ep5,601,32249,32252,forward,2912256,8192,5769,5784,True
ep5,602,32253,32253,forward,7942144,4096,15593,15600,True
ep5,603,32256,32256,forward,2920448,4096,5785,5792,True
ep5,604,32257,32257,forward,7946240,4096,15601,15608,True
ep5,605,32260,32260,forward,2924544,4096,5793,5800,True
ep5,606,32261,32264,forward,7950336,8192,15609,15624,True
ep5,607,32264,32264,forward,2928640,4096,5801,5808,True
ep5,608,32268,32268,forward,7958528,4096,15625,15632,True
ep5,609,32268,32271,forward,2932736,8192,5809,5824,True
ep5,610,32272,32275,forward,7962624,8192,15633,15648,True
ep5,611,32275,32275,forward,2940928,4096,5825,5832,True
ep5,612,32279,32279,forward,7970816,4096,15649,15656,True
ep5,613,32279,32279,forward,2945024,4096,5833,5840,True
ep5,614,32283,32283,forward,7974912,4096,15657,15664,True
ep5,615,32283,32283,forward,2949120,4096,5841,5848,True
ep5,616,32287,32287,forward,7979008,4096,15665,15672,True
ep5,617,32287,32287,forward,2953216,4096,5849,5856,True
ep5,618,32291,32291,forward,7983104,4096,15673,15680,True
ep5,619,32291,32291,forward,2957312,4096,5857,5864,True
ep5,620,32295,32295,forward,7987200,4096,15681,15688,True
ep5,621,32295,32298,forward,2961408,8192,5865,5880,True
ep5,622,32299,32302,forward,7991296,8192,15689,15704,True
ep5,623,32302,32302,forward,2969600,4096,5881,5888,True
ep5,624,32306,32306,forward,7999488,4096,15705,15712,True
ep5,625,32306,32310,forward,2973696,8192,5889,5904,True
ep5,626,32311,32311,forward,8003584,4096,15713,15720,True
ep5,627,32313,32313,forward,2981888,4096,5905,5912,True
ep5,628,32314,32314,forward,8007680,4096,15721,15728,True
ep5,629,32317,32317,forward,2985984,4096,5913,5920,True
ep5,630,32318,32318,forward,8011776,4096,15729,15736,True
ep5,631,32321,32321,forward,2990080,4096,5921,5928,True
ep5,632,32322,32322,forward,8015872,4096,15737,15744,True
ep5,633,32325,32325,forward,2994176,4096,5929,5936,True
ep5,634,32326,32326,forward,8019968,4096,15745,15752,True
ep5,635,32329,32329,forward,2998272,4096,5937,5944,True
ep5,636,32330,32330,forward,8024064,4096,15753,15760,True
ep5,637,32332,32332,forward,3002368,4096,5945,5952,True
ep5,638,32334,32334,forward,8028160,4096,15761,15768,True
ep5,639,32336,32336,forward,3006464,4096,5953,5960,True
ep5,640,32338,32338,forward,8032256,4096,15769,15776,True
ep5,641,32340,32340,forward,3010560,4096,5961,5968,True
ep5,642,32342,32342,forward,8036352,4096,15777,15784,True
ep5,643,32344,32344,forward,3014656,4096,5969,5976,True
ep5,644,32346,32346,forward,8040448,4096,15785,15792,True
ep5,645,32348,32348,forward,3018752,4096,5977,5984,True
ep5,646,32350,32350,forward,8044544,4096,15793,15800,True
ep5,647,32352,32352,forward,3022848,4096,5985,5992,True
ep5,648,32354,32354,forward,8048640,4096,15801,15808,True
ep5,649,32356,32356,forward,3026944,4096,5993,6000,True
ep5,650,32358,32358,forward,8052736,4096,15809,15816,True
ep5,651,32360,32360,forward,3031040,4096,6001,6008,True
ep5,652,32362,32362,forward,8056832,4096,15817,15824,True
ep5,653,32364,32364,forward,3035136,4096,6009,6016,True
ep5,654,32366,32366,forward,8060928,4096,15825,15832,True
ep5,655,32368,32368,forward,3039232,4096,6017,6024,True
ep5,656,32369,32369,forward,8065024,4096,15833,15840,True
ep5,657,32372,32372,forward,3043328,4096,6025,6032,True
ep5,658,32373,32373,forward,8069120,4096,15841,15848,True
ep5,659,32375,32375,forward,3047424,4096,6033,6040,True
ep5,660,32377,32377,forward,8073216,4096,15849,15856,True
ep5,661,32379,32379,forward,3051520,4096,6041,6048,True
ep5,662,32381,32381,forward,8077312,4096,15857,15864,True
ep5,663,32383,32383,forward,3055616,4096,6049,6056,True
ep5,664,32384,32384,forward,8081408,4096,15865,15872,True
ep5,665,32387,32387,forward,3059712,4096,6057,6064,True
ep5,666,32388,32388,forward,8085504,4096,15873,15880,True
ep5,667,32391,32391,forward,3063808,4096,6065,6072,True
ep5,668,32392,32392,forward,8089600,4096,15881,15888,True
ep5,669,32395,32395,forward,3067904,4096,6073,6080,True
ep5,670,32396,32411,forward,8093696,20480,15889,15928,True
ep5,671,32413,32413,forward,3072000,4096,6081,6088,True
ep5,672,32415,32415,forward,8114176,4096,15929,15936,True
ep5,673,32416,32416,forward,3076096,4096,6089,6096,True
ep5,674,32419,32419,forward,8118272,4096,15937,15944,True
ep5,675,32420,32420,forward,3080192,4096,6097,6104,True
ep5,676,32422,32422,forward,8122368,4096,15945,15952,True
ep5,677,32424,32424,forward,3084288,4096,6105,6112,True
ep5,678,32427,32427,forward,8126464,4096,15953,15960,True
ep5,679,32428,32428,forward,3088384,4096,6113,6120,True
ep5,680,32431,32431,forward,8130560,4096,15961,15968,True
ep5,681,32432,32432,forward,3092480,4096,6121,6128,True
ep5,682,32434,32434,forward,8134656,4096,15969,15976,True
ep5,683,32436,32436,forward,3096576,4096,6129,6136,True
ep5,684,32438,32438,forward,8138752,4096,15977,15984,True
ep5,685,32440,37339,forward,3100672,5042176,6137,15984,True
ep6,0,38030,38054,forward,245760,16384,561,592,True
ep6,1,38059,38190,forward,122880,122880,321,560,True
ep6,2,38195,38326,forward,0,122880,81,320,True
ep6,3,38331,38690,forward,262144,368640,593,1312,True
ep6,4,38694,38694,forward,8384512,4096,16457,16464,True
ep6,5,38705,39330,forward,630784,647168,1313,2576,True
ep6,6,39334,39679,forward,1835008,368640,3665,4384,True
ep6,7,39683,39996,forward,1277952,319488,2577,3200,True
ep7,0,39997,39997,meta,,4096,17489,17496,False
ep7,1,40000,40011,forward,1597440,16384,3201,3232,True
ep7,2,40015,40015,meta,,4096,17497,17504,False
ep7,3,40015,40023,forward,1613824,12288,3233,3256,True
ep7,4,40026,40026,meta,,4096,17505,17512,False
ep7,5,40027,40042,forward,1626112,20480,3257,3296,True
ep7,6,40043,40043,meta,,4096,17513,17520,False
ep7,7,40047,40047,meta,,4096,17521,17528,False
ep7,8,40047,40050,forward,2203648,8192,4385,4400,True
ep7,9,40051,40051,meta,,4096,17529,17536,False
ep7,10,40054,40054,forward,2211840,4096,4401,4408,True
ep7,11,40055,40055,meta,,4096,17537,17544,False
ep7,12,40058,40058,forward,2215936,4096,4409,4416,True
ep7,13,40059,40059,meta,,4096,17545,17552,False
ep7,14,40062,40062,forward,2220032,4096,4417,4424,True
ep7,15,40063,40063,meta,,4096,17553,17560,False
ep7,16,40066,40078,forward,2224128,16384,4425,4456,True
ep7,17,40080,40080,meta,,4096,17561,17568,False
ep7,18,40082,40082,forward,2240512,4096,4457,4464,True
ep7,19,40084,40084,meta,,4096,17569,17576,False
ep7,20,40086,40086,forward,2244608,4096,4465,4472,True
ep7,21,40088,40088,meta,,4096,17577,17584,False
ep7,22,40090,40090,forward,2248704,4096,4473,4480,True
ep7,23,40092,40092,meta,,4096,17585,17592,False
ep7,24,40094,40094,forward,2252800,4096,4481,4488,True
ep7,25,40095,40095,meta,,4096,17593,17600,False
ep7,26,40098,40098,forward,2256896,4096,4489,4496,True
ep7,27,40099,40099,meta,,4096,17601,17608,False
ep7,28,40102,40102,forward,2260992,4096,4497,4504,True
ep7,29,40103,40103,meta,,4096,17609,17616,False
ep7,30,40105,40105,forward,2265088,4096,4505,4512,True
ep7,31,40107,40107,meta,,4096,17617,17624,False
ep7,32,40109,40109,forward,2269184,4096,4513,4520,True
ep7,33,40111,40111,meta,,4096,17625,17632,False
ep7,34,40113,40113,forward,2273280,4096,4521,4528,True
ep7,35,40115,40115,meta,,4096,17633,17640,False
ep7,36,40117,40117,forward,2277376,4096,4529,4536,True
ep7,37,40119,40119,meta,,4096,17641,17648,False
ep7,38,40121,40121,forward,2281472,4096,4537,4544,True
ep7,39,40122,40122,meta,,4096,17649,17656,False
ep7,40,40125,40125,forward,2285568,4096,4545,4552,True
ep7,41,40126,40126,meta,,4096,17657,17664,False
ep7,42,40129,40129,forward,2289664,4096,4553,4560,True
ep7,43,40130,40130,meta,,4096,17665,17672,False
ep7,44,40133,40133,forward,2293760,4096,4561,4568,True
ep7,45,40134,40134,meta,,4096,17673,17680,False
ep7,46,40137,40137,forward,2297856,4096,4569,4576,True
ep7,47,40138,40138,meta,,4096,17681,17688,False
ep7,48,40140,40140,forward,2301952,4096,4577,4584,True
ep7,49,40142,40142,meta,,4096,17689,17696,False
ep7,50,40144,40144,forward,2306048,4096,4585,4592,True
ep7,51,40146,40146,meta,,4096,17697,17704,False
ep7,52,40148,40148,forward,2310144,4096,4593,4600,True
ep7,53,40150,40150,meta,,4096,17705,17712,False
ep7,54,40152,40152,forward,2314240,4096,4601,4608,True
ep7,55,40154,40154,meta,,4096,17713,17720,False
ep7,56,40156,40156,forward,2318336,4096,4609,4616,True
ep7,57,40158,40158,meta,,4096,17721,17728,False
ep7,58,40160,40160,forward,2322432,4096,4617,4624,True
ep7,59,40162,40162,meta,,4096,17729,17736,False
ep7,60,40165,40165,forward,2326528,4096,4625,4632,True
ep7,61,40166,40166,meta,,4096,17737,17744,False
ep7,62,40169,40169,forward,2330624,4096,4633,4640,True
ep7,63,40170,40170,meta,,4096,17745,17752,False
ep7,64,40172,40172,forward,2334720,4096,4641,4648,True
ep7,65,40174,40174,meta,,4096,17753,17760,False
ep7,66,40176,40176,forward,2338816,4096,4649,4656,True
ep7,67,40178,40178,meta,,4096,17761,17768,False
ep7,68,40180,40180,forward,2342912,4096,4657,4664,True
ep7,69,40182,40182,meta,,4096,17769,17776,False
ep7,70,40184,40184,forward,2347008,4096,4665,4672,True
ep7,71,40185,40185,meta,,4096,17777,17784,False
ep7,72,40188,40188,forward,2351104,4096,4673,4680,True
ep7,73,40189,40189,meta,,4096,17785,17792,False
ep7,74,40191,40191,forward,2355200,4096,4681,4688,True
ep7,75,40193,40193,meta,,4096,17793,17800,False
ep7,76,40195,40195,forward,2359296,4096,4689,4696,True
ep7,77,40197,40197,meta,,4096,17801,17808,False
ep7,78,40199,40199,forward,2363392,4096,4697,4704,True
ep7,79,40201,40201,meta,,4096,17809,17816,False
ep7,80,40203,40203,forward,2367488,4096,4705,4712,True
ep7,81,40205,40205,meta,,4096,17817,17824,False
ep7,82,40207,40207,forward,2371584,4096,4713,4720,True
ep7,83,40209,40209,meta,,4096,17825,17832,False
ep7,84,40211,40211,forward,2375680,4096,4721,4728,True
ep7,85,40213,40213,meta,,4096,17833,17840,False
ep7,86,40215,40215,forward,2379776,4096,4729,4736,True
ep7,87,40217,40217,meta,,4096,17841,17848,False
ep7,88,40219,40219,forward,2383872,4096,4737,4744,True
ep7,89,40221,40221,meta,,4096,17849,17856,False
ep7,90,40223,40223,forward,2387968,4096,4745,4752,True
ep7,91,40225,40225,meta,,4096,17857,17864,False
ep7,92,40226,40226,forward,2392064,4096,4753,4760,True
ep7,93,40228,40228,meta,,4096,17865,17872,False
ep7,94,40230,40230,forward,2396160,4096,4761,4768,True
ep7,95,40232,40232,meta,,4096,17873,17880,False
ep7,96,40234,40234,forward,2400256,4096,4769,4776,True
ep7,97,40236,40236,meta,,4096,17881,17888,False
ep7,98,40238,40238,forward,2404352,4096,4777,4784,True
ep7,99,40240,40240,meta,,4096,17889,17896,False
ep7,100,40241,40241,forward,2408448,4096,4785,4792,True
ep7,101,40244,40244,meta,,4096,17897,17904,False
ep7,102,40245,40245,forward,2412544,4096,4793,4800,True
ep7,103,40248,40248,meta,,4096,17905,17912,False
ep7,104,40249,40249,forward,2416640,4096,4801,4808,True
ep7,105,40252,40252,meta,,4096,17913,17920,False
ep7,106,40253,40253,forward,2420736,4096,4809,4816,True
ep7,107,40256,40256,meta,,4096,17921,17928,False
ep7,108,40256,40256,forward,2424832,4096,4817,4824,True
ep7,109,40260,40260,meta,,4096,17929,17936,False
ep7,110,40260,40260,forward,2428928,4096,4825,4832,True
ep7,111,40263,40263,meta,,4096,17937,17944,False
ep7,112,40264,40264,forward,2433024,4096,4833,4840,True
ep7,113,40267,40267,meta,,4096,17945,17952,False
ep7,114,40268,40268,forward,2437120,4096,4841,4848,True
ep7,115,40271,40271,meta,,4096,17953,17960,False
ep7,116,40272,40272,forward,2441216,4096,4849,4856,True
ep7,117,40275,40275,meta,,4096,17961,17968,False
ep7,118,40276,40276,forward,2445312,4096,4857,4864,True
ep7,119,40279,40279,meta,,4096,17969,17976,False
ep7,120,40280,40280,forward,2449408,4096,4865,4872,True
ep7,121,40283,40283,meta,,4096,17977,17984,False
ep7,122,40284,40284,forward,2453504,4096,4873,4880,True
ep7,123,40287,40287,meta,,4096,17985,17992,False
ep7,124,40288,40288,forward,2457600,4096,4881,4888,True
ep7,125,40290,40290,meta,,4096,17993,18000,False
ep7,126,40292,40292,forward,2461696,4096,4889,4896,True
ep7,127,40295,40295,meta,,4096,18001,18008,False
ep7,128,40295,40295,forward,2465792,4096,4897,4904,True
ep7,129,40299,40299,meta,,4096,18009,18016,False
ep7,130,40299,40299,forward,2469888,4096,4905,4912,True
ep7,131,40303,40303,meta,,4096,18017,18024,False
ep7,132,40303,40303,forward,2473984,4096,4913,4920,True
ep7,133,40307,40307,meta,,4096,18025,18032,False
ep7,134,40307,40307,forward,2478080,4096,4921,4928,True
ep7,135,40310,40310,meta,,4096,18033,18040,False
ep7,136,40311,40311,forward,2482176,4096,4929,4936,True
ep7,137,40314,40314,meta,,4096,18041,18048,False
ep7,138,40315,40315,forward,2486272,4096,4937,4944,True
ep7,139,40318,40318,meta,,4096,18049,18056,False
ep7,140,40319,40319,forward,2490368,4096,4945,4952,True
ep7,141,40322,40322,meta,,4096,18057,18064,False
ep7,142,40323,40323,forward,2494464,4096,4953,4960,True
ep7,143,40326,40326,meta,,4096,18065,18072,False
ep7,144,40327,40327,forward,2498560,4096,4961,4968,True
ep7,145,40330,40330,meta,,4096,18073,18080,False
ep7,146,40331,40331,forward,2502656,4096,4969,4976,True
ep7,147,40334,40334,meta,,4096,18081,18088,False
ep7,148,40335,40335,forward,2506752,4096,4977,4984,True
ep7,149,40338,40338,meta,,4096,18089,18096,False
ep7,150,40338,40338,forward,2510848,4096,4985,4992,True
ep7,151,40342,40342,meta,,4096,18097,18104,False
ep7,152,40342,40342,forward,2514944,4096,4993,5000,True
ep7,153,40346,40346,meta,,4096,18105,18112,False
ep7,154,40346,40346,forward,2519040,4096,5001,5008,True
ep7,155,40350,40350,meta,,4096,18113,18120,False
ep7,156,40350,40350,forward,2523136,4096,5009,5016,True
ep7,157,40353,40353,meta,,4096,18121,18128,False
ep7,158,40354,40354,forward,2527232,4096,5017,5024,True
ep7,159,40357,40357,meta,,4096,18129,18136,False
ep7,160,40358,40358,forward,2531328,4096,5025,5032,True
ep7,161,40361,40361,meta,,4096,18137,18144,False
ep7,162,40362,40362,forward,2535424,4096,5033,5040,True
ep7,163,40365,40365,meta,,4096,18145,18152,False
ep7,164,40366,40366,forward,2539520,4096,5041,5048,True
ep7,165,40369,40369,meta,,4096,18153,18160,False
ep7,166,40370,40370,forward,2543616,4096,5049,5056,True
ep7,167,40373,40373,meta,,4096,18161,18168,False
ep7,168,40373,40373,forward,2547712,4096,5057,5064,True
ep7,169,40377,40377,meta,,4096,18169,18176,False
ep7,170,40377,40377,forward,2551808,4096,5065,5072,True
ep7,171,40381,40381,meta,,4096,18177,18184,False
ep7,172,40381,40381,forward,2555904,4096,5073,5080,True
ep7,173,40385,40385,meta,,4096,18185,18192,False
ep7,174,40385,40385,forward,2560000,4096,5081,5088,True
ep7,175,40389,40389,meta,,4096,18193,18200,False
ep7,176,40389,40389,forward,2564096,4096,5089,5096,True
ep7,177,40393,40393,meta,,4096,18201,18208,False
ep7,178,40393,40393,forward,2568192,4096,5097,5104,True
ep7,179,40396,40396,meta,,4096,18209,18216,False
ep7,180,40397,40397,forward,1646592,4096,3297,3304,True
ep7,181,40400,40400,meta,,4096,18217,18224,False
ep7,182,40401,40401,forward,1650688,4096,3305,3312,True
ep7,183,40404,40404,meta,,4096,18225,18232,False
ep7,184,40405,40405,forward,1654784,4096,3313,3320,True
ep7,185,40408,40408,meta,,4096,18233,18240,False
ep7,186,40409,40409,forward,1658880,4096,3321,3328,True
ep7,187,40412,40412,meta,,4096,18241,18248,False
ep7,188,40413,40413,forward,1662976,4096,3329,3336,True
ep7,189,40416,40416,meta,,4096,18249,18256,False
ep7,190,40417,40417,forward,1667072,4096,3337,3344,True
ep7,191,40420,40420,meta,,4096,18257,18264,False
ep7,192,40421,40421,forward,1671168,4096,3345,3352,True
ep7,193,40424,40424,meta,,4096,18265,18272,False
ep7,194,40425,40425,forward,1675264,4096,3353,3360,True
ep7,195,40428,40428,meta,,4096,18273,18280,False
ep7,196,40428,40428,forward,1679360,4096,3361,3368,True
ep7,197,40432,40432,meta,,4096,18281,18288,False
ep7,198,40432,40432,forward,1683456,4096,3369,3376,True
ep7,199,40436,40436,meta,,4096,18289,18296,False
ep7,200,40436,40436,forward,1687552,4096,3377,3384,True
ep7,201,40440,40440,meta,,4096,18297,18304,False
ep7,202,40440,40440,forward,1691648,4096,3385,3392,True
ep7,203,40444,40444,meta,,4096,18305,18312,False
ep7,204,40444,40447,forward,1695744,8192,3393,3408,True
ep7,205,40448,40448,meta,,4096,18313,18320,False
ep7,206,40451,40451,meta,,4096,18321,18328,False
ep7,207,40451,40451,forward,1703936,4096,3409,3416,True
ep7,208,40455,40455,meta,,4096,18329,18336,False
ep7,209,40455,40455,forward,1708032,4096,3417,3424,True
ep7,210,40459,40459,meta,,4096,18337,18344,False
ep7,211,40459,40459,forward,1712128,4096,3425,3432,True
ep7,212,40463,40463,meta,,4096,18345,18352,False
ep7,213,40463,40463,forward,1716224,4096,3433,3440,True
ep7,214,40467,40467,meta,,4096,18353,18360,False
ep7,215,40467,40467,forward,1720320,4096,3441,3448,True
ep7,216,40470,40470,meta,,4096,18361,18368,False
ep7,217,40471,40471,forward,1724416,4096,3449,3456,True
ep7,218,40475,40475,meta,,4096,18369,18376,False
ep7,219,40475,40475,forward,1728512,4096,3457,3464,True
ep7,220,40479,40479,meta,,4096,18377,18384,False
ep7,221,40479,40479,forward,1732608,4096,3465,3472,True
ep7,222,40482,40482,meta,,4096,18385,18392,False
ep7,223,40483,40483,forward,1736704,4096,3473,3480,True
ep7,224,40486,40486,meta,,4096,18393,18400,False
ep7,225,40486,40486,forward,1740800,4096,3481,3488,True
ep7,226,40490,40490,meta,,4096,18401,18408,False
ep7,227,40490,40490,forward,1744896,4096,3489,3496,True
ep7,228,40494,40494,meta,,4096,18409,18416,False
ep7,229,40494,40494,forward,1748992,4096,3497,3504,True
ep7,230,40498,40498,meta,,4096,18417,18424,False
ep7,231,40498,40498,forward,1753088,4096,3505,3512,True
ep7,232,40502,40502,meta,,4096,18425,18432,False
ep7,233,40502,40502,forward,1757184,4096,3513,3520,True
ep7,234,40506,40506,meta,,4096,18433,18440,False
ep7,235,40506,40509,forward,1761280,8192,3521,3536,True
ep7,236,40510,40510,meta,,4096,18441,18448,False
ep7,237,40513,40513,meta,,4096,18449,18456,False
ep7,238,40514,40514,forward,1769472,4096,3537,3544,True
ep7,239,40517,40517,meta,,4096,18457,18464,False
ep7,240,40518,40518,forward,1773568,4096,3545,3552,True
ep7,241,40521,40521,meta,,4096,18465,18472,False
ep7,242,40521,40521,forward,1777664,4096,3553,3560,True
ep7,243,40525,40525,meta,,4096,18473,18480,False
ep7,244,40525,40525,forward,1781760,4096,3561,3568,True
ep7,245,40529,40529,meta,,4096,18481,18488,False
ep7,246,40529,40529,forward,1785856,4096,3569,3576,True
ep7,247,40533,40533,meta,,4096,18489,18496,False
ep7,248,40533,40533,forward,1789952,4096,3577,3584,True
ep7,249,40537,40537,meta,,4096,18497,18504,False
ep7,250,40537,40537,forward,1794048,4096,3585,3592,True
ep7,251,40540,40540,meta,,4096,18505,18512,False
ep7,252,40541,40571,forward,1798144,36864,3593,3664,True
ep7,253,40575,40676,forward,2572288,110592,5105,5320,True
ep7,254,40692,41063,forward,2695168,393216,5345,6112,True
ep7,255,41122,41893,forward,3133440,843776,6201,7848,True
ep7,256,41977,42329,forward,4067328,393216,8025,8792,True
ep7,257,42664,43015,forward,4812800,393216,9481,10248,True
ep7,258,43387,43736,forward,5599232,393216,11017,11784,True
ep7,259,43853,44526,forward,6119424,659456,12033,13320,True
ep8,0,44526,44526,meta,,4096,17489,17496,False
ep8,1,44530,44542,forward,6778880,16384,13321,13352,True
ep8,2,44544,44544,meta,,4096,17497,17504,False
ep8,3,44546,44554,forward,6795264,12288,13353,13376,True
ep8,4,44556,44556,meta,,4096,17505,17512,False
ep8,5,44558,44573,forward,6807552,20480,13377,13416,True
ep8,6,44573,44573,meta,,4096,17513,17520,False
ep8,7,44577,44577,forward,6828032,4096,13417,13424,True
ep8,8,44577,44577,meta,,4096,17521,17528,False
ep8,9,44581,44581,forward,6832128,4096,13425,13432,True
ep8,10,44581,44581,meta,,4096,17529,17536,False
ep8,11,44585,44585,forward,6836224,4096,13433,13440,True
ep8,12,44585,44585,meta,,4096,17537,17544,False
ep8,13,44589,44589,forward,6840320,4096,13441,13448,True
ep8,14,44589,44589,meta,,4096,17545,17552,False
ep8,15,44593,44593,forward,6844416,4096,13449,13456,True
ep8,16,44593,44593,meta,,4096,17553,17560,False
ep8,17,44597,44611,forward,6848512,20480,13457,13496,True
ep8,18,44611,44611,meta,,4096,17561,17568,False
ep8,19,44615,44615,forward,6868992,4096,13497,13504,True
ep8,20,44615,44615,meta,,4096,17569,17576,False
ep8,21,44618,44618,forward,6873088,4096,13505,13512,True
ep8,22,44619,44619,meta,,4096,17577,17584,False
ep8,23,44622,44622,forward,6877184,4096,13513,13520,True
ep8,24,44622,44622,meta,,4096,17585,17592,False
ep8,25,44626,44626,forward,6881280,4096,13521,13528,True
ep8,26,44626,44626,meta,,4096,17593,17600,False
ep8,27,44630,44630,forward,6885376,4096,13529,13536,True
ep8,28,44630,44630,meta,,4096,17601,17608,False
ep8,29,44634,44634,forward,6889472,4096,13537,13544,True
ep8,30,44634,44634,meta,,4096,17609,17616,False
ep8,31,44637,44637,forward,6893568,4096,13545,13552,True
ep8,32,44637,44637,meta,,4096,17617,17624,False
ep8,33,44641,44641,forward,6897664,4096,13553,13560,True
ep8,34,44641,44641,meta,,4096,17625,17632,False
ep8,35,44645,44645,forward,6901760,4096,13561,13568,True
ep8,36,44645,44645,meta,,4096,17633,17640,False
ep8,37,44649,44649,forward,6905856,4096,13569,13576,True
ep8,38,44649,44649,meta,,4096,17641,17648,False
ep8,39,44653,44653,forward,6909952,4096,13577,13584,True
ep8,40,44653,44653,meta,,4096,17649,17656,False
ep8,41,44657,44657,forward,6914048,4096,13585,13592,True
ep8,42,44657,44657,meta,,4096,17657,17664,False
ep8,43,44660,44660,forward,6918144,4096,13593,13600,True
ep8,44,44661,44661,meta,,4096,17665,17672,False
ep8,45,44664,44664,forward,6922240,4096,13601,13608,True
ep8,46,44665,44665,meta,,4096,17673,17680,False
ep8,47,44668,44668,forward,6926336,4096,13609,13616,True
ep8,48,44669,44669,meta,,4096,17681,17688,False
ep8,49,44672,44672,forward,6930432,4096,13617,13624,True
ep8,50,44672,44672,meta,,4096,17689,17696,False
ep8,51,44676,44676,forward,6934528,4096,13625,13632,True
ep8,52,44676,44676,meta,,4096,17697,17704,False
ep8,53,44680,44680,forward,6938624,4096,13633,13640,True
ep8,54,44680,44680,meta,,4096,17705,17712,False
ep8,55,44684,44684,forward,6942720,4096,13641,13648,True
ep8,56,44684,44684,meta,,4096,17713,17720,False
ep8,57,44687,44687,forward,6946816,4096,13649,13656,True
ep8,58,44688,44688,meta,,4096,17721,17728,False
ep8,59,44691,44691,forward,6950912,4096,13657,13664,True
ep8,60,44692,44692,meta,,4096,17729,17736,False
ep8,61,44695,44695,forward,6955008,4096,13665,13672,True
ep8,62,44696,44696,meta,,4096,17737,17744,False
ep8,63,44699,44699,forward,6959104,4096,13673,13680,True
ep8,64,44700,44700,meta,,4096,17745,17752,False
ep8,65,44702,44702,forward,6963200,4096,13681,13688,True
ep8,66,44704,44704,meta,,4096,17753,17760,False
ep8,67,44706,44706,forward,6967296,4096,13689,13696,True
ep8,68,44708,44708,meta,,4096,17761,17768,False
ep8,69,44710,44710,forward,6971392,4096,13697,13704,True
ep8,70,44712,44712,meta,,4096,17769,17776,False
ep8,71,44714,44714,forward,6975488,4096,13705,13712,True
ep8,72,44716,44716,meta,,4096,17777,17784,False
ep8,73,44718,44718,forward,6979584,4096,13713,13720,True
ep8,74,44720,44720,meta,,4096,17785,17792,False
ep8,75,44722,44722,forward,6983680,4096,13721,13728,True
ep8,76,44724,44724,meta,,4096,17793,17800,False
ep8,77,44726,44726,forward,6987776,4096,13729,13736,True
ep8,78,44728,44728,meta,,4096,17801,17808,False
ep8,79,44730,44730,forward,6991872,4096,13737,13744,True
ep8,80,44732,44732,meta,,4096,17809,17816,False
ep8,81,44734,44734,forward,6995968,4096,13745,13752,True
ep8,82,44736,44736,meta,,4096,17817,17824,False
ep8,83,44737,44737,forward,7000064,4096,13753,13760,True
ep8,84,44739,44739,meta,,4096,17825,17832,False
ep8,85,44741,44741,forward,7004160,4096,13761,13768,True
ep8,86,44743,44743,meta,,4096,17833,17840,False
ep8,87,44747,44747,meta,,4096,17841,17848,False
ep8,88,44751,44751,meta,,4096,17849,17856,False
ep8,89,44755,44755,meta,,4096,17857,17864,False
ep8,90,44759,44759,forward,7008256,4096,13769,13776,True
ep8,91,44759,44759,meta,,4096,17865,17872,False
ep8,92,44762,44762,forward,7012352,4096,13777,13784,True
ep8,93,44763,44763,meta,,4096,17873,17880,False
ep8,94,44766,44766,forward,7016448,4096,13785,13792,True
ep8,95,44767,44767,meta,,4096,17881,17888,False
ep8,96,44771,44771,forward,7020544,4096,13793,13800,True
ep8,97,44771,44771,meta,,4096,17889,17896,False
ep8,98,44775,44775,forward,7024640,4096,13801,13808,True
ep8,99,44775,44775,meta,,4096,17897,17904,False
ep8,100,44779,44779,forward,7028736,4096,13809,13816,True
ep8,101,44779,44779,meta,,4096,17905,17912,False
ep8,102,44783,44783,forward,7032832,4096,13817,13824,True
ep8,103,44783,44783,meta,,4096,17913,17920,False
ep8,104,44787,44787,forward,7036928,4096,13825,13832,True
ep8,105,44787,44787,meta,,4096,17921,17928,False
ep8,106,44790,44790,forward,7041024,4096,13833,13840,True
ep8,107,44791,44791,meta,,4096,17929,17936,False
ep8,108,44794,44794,forward,7045120,4096,13841,13848,True
ep8,109,44795,44795,meta,,4096,17937,17944,False
ep8,110,44798,44798,forward,7049216,4096,13849,13856,True
ep8,111,44799,44799,meta,,4096,17945,17952,False
ep8,112,44802,44802,forward,7053312,4096,13857,13864,True
ep8,113,44802,44802,meta,,4096,17953,17960,False
ep8,114,44806,44806,forward,7057408,4096,13865,13872,True
ep8,115,44806,44806,meta,,4096,17961,17968,False
ep8,116,44810,44810,forward,7061504,4096,13873,13880,True
ep8,117,44810,44810,meta,,4096,17969,17976,False
ep8,118,44814,44814,forward,7065600,4096,13881,13888,True
ep8,119,44814,44814,meta,,4096,17977,17984,False
ep8,120,44818,44818,forward,7069696,4096,13889,13896,True
ep8,121,44818,44818,meta,,4096,17985,17992,False
ep8,122,44822,44822,forward,7073792,4096,13897,13904,True
ep8,123,44822,44822,meta,,4096,17993,18000,False
ep8,124,44826,44826,forward,7077888,4096,13905,13912,True
ep8,125,44826,44826,meta,,4096,18001,18008,False
ep8,126,44830,44830,forward,7081984,4096,13913,13920,True
ep8,127,44830,44830,meta,,4096,18009,18016,False
ep8,128,44834,44834,forward,7086080,4096,13921,13928,True
ep8,129,44834,44834,meta,,4096,18017,18024,False
ep8,130,44838,44838,forward,7090176,4096,13929,13936,True
ep8,131,44838,44838,meta,,4096,18025,18032,False
ep8,132,44842,44842,forward,7094272,4096,13937,13944,True
ep8,133,44842,44842,meta,,4096,18033,18040,False
ep8,134,44846,44846,forward,7098368,4096,13945,13952,True
ep8,135,44846,44846,meta,,4096,18041,18048,False
ep8,136,44850,44850,forward,7102464,4096,13953,13960,True
ep8,137,44850,44850,meta,,4096,18049,18056,False
ep8,138,44853,44853,meta,,4096,18057,18064,False
ep8,139,44854,44854,forward,7106560,4096,13961,13968,True
ep8,140,44857,44857,meta,,4096,18065,18072,False
ep8,141,44858,44858,forward,7110656,4096,13969,13976,True
ep8,142,44861,44861,meta,,4096,18073,18080,False
ep8,143,44862,44862,forward,7114752,4096,13977,13984,True
ep8,144,44865,44865,meta,,4096,18081,18088,False
ep8,145,44866,44866,forward,7118848,4096,13985,13992,True
ep8,146,44869,44869,meta,,4096,18089,18096,False
ep8,147,44870,44870,forward,7122944,4096,13993,14000,True
ep8,148,44873,44873,meta,,4096,18097,18104,False
ep8,149,44874,44874,forward,7127040,4096,14001,14008,True
ep8,150,44877,44877,meta,,4096,18105,18112,False
ep8,151,44878,44878,forward,7131136,4096,14009,14016,True
ep8,152,44880,44880,meta,,4096,18113,18120,False
ep8,153,44882,44882,forward,7135232,4096,14017,14024,True
ep8,154,44884,44884,meta,,4096,18121,18128,False
ep8,155,44886,44886,forward,7139328,4096,14025,14032,True
ep8,156,44888,44888,meta,,4096,18129,18136,False
ep8,157,44890,44890,forward,7143424,4096,14033,14040,True
ep8,158,44892,44892,meta,,4096,18137,18144,False
ep8,159,44894,44894,forward,7147520,4096,14041,14048,True
ep8,160,44896,44896,meta,,4096,18145,18152,False
ep8,161,44898,44898,forward,7151616,4096,14049,14056,True
ep8,162,44900,44900,meta,,4096,18153,18160,False
ep8,163,44901,44901,forward,7155712,4096,14057,14064,True
ep8,164,44904,44904,meta,,4096,18161,18168,False
ep8,165,44905,44905,forward,7159808,4096,14065,14072,True
ep8,166,44908,44908,meta,,4096,18169,18176,False
ep8,167,44909,44909,forward,7163904,4096,14073,14080,True
ep8,168,44912,44912,meta,,4096,18177,18184,False
ep8,169,44913,44913,forward,7168000,4096,14081,14088,True
ep8,170,44916,44916,meta,,4096,18185,18192,False
ep8,171,44917,44917,forward,7172096,4096,14089,14096,True
ep8,172,44919,44919,meta,,4096,18193,18200,False
ep8,173,44921,44921,forward,7176192,4096,14097,14104,True
ep8,174,44923,44923,meta,,4096,18201,18208,False
ep8,175,44925,44925,forward,7180288,4096,14105,14112,True
ep8,176,44927,44927,meta,,4096,18209,18216,False
ep8,177,44929,44929,forward,7184384,4096,14113,14120,True
ep8,178,44931,44931,meta,,4096,18217,18224,False
ep8,179,44933,44933,forward,7188480,4096,14121,14128,True
ep8,180,44935,44935,meta,,4096,18225,18232,False
ep8,181,44936,44936,forward,7192576,4096,14129,14136,True
ep8,182,44939,44939,meta,,4096,18233,18240,False
ep8,183,44940,44940,forward,7196672,4096,14137,14144,True
ep8,184,44943,44943,meta,,4096,18241,18248,False
ep8,185,44944,44944,forward,7200768,4096,14145,14152,True
ep8,186,44947,44947,meta,,4096,18249,18256,False
ep8,187,44948,44948,forward,7204864,4096,14153,14160,True
ep8,188,44951,44951,meta,,4096,18257,18264,False
ep8,189,44952,44952,forward,7208960,4096,14161,14168,True
ep8,190,44955,44955,meta,,4096,18265,18272,False
ep8,191,44956,44959,forward,7213056,8192,14169,14184,True
ep8,192,44959,44959,meta,,4096,18273,18280,False
ep8,193,44963,44963,forward,7221248,4096,14185,14192,True
ep8,194,44963,44963,meta,,4096,18281,18288,False
ep8,195,44967,44967,forward,7225344,4096,14193,14200,True
ep8,196,44967,44967,meta,,4096,18289,18296,False
ep8,197,44971,44971,forward,7229440,4096,14201,14208,True
ep8,198,44971,44971,meta,,4096,18297,18304,False
ep8,199,44975,44975,forward,7233536,4096,14209,14216,True
ep8,200,44975,44975,meta,,4096,18305,18312,False
ep8,201,44979,44979,forward,7237632,4096,14217,14224,True
ep8,202,44979,44979,meta,,4096,18313,18320,False
ep8,203,44982,44982,meta,,4096,18321,18328,False
ep8,204,44983,44983,forward,7241728,4096,14225,14232,True
ep8,205,44986,44986,meta,,4096,18329,18336,False
ep8,206,44987,44987,forward,7245824,4096,14233,14240,True
ep8,207,44990,44990,meta,,4096,18337,18344,False
ep8,208,44991,44991,forward,7249920,4096,14241,14248,True
ep8,209,44994,44994,meta,,4096,18345,18352,False
ep8,210,44995,44995,forward,7254016,4096,14249,14256,True
ep8,211,44998,44998,meta,,4096,18353,18360,False
ep8,212,44999,45002,forward,7258112,8192,14257,14272,True
ep8,213,45002,45002,meta,,4096,18361,18368,False
ep8,214,45006,45006,meta,,4096,18369,18376,False
ep8,215,45007,45007,forward,7266304,4096,14273,14280,True
ep8,216,45010,45010,meta,,4096,18377,18384,False
ep8,217,45011,45014,forward,7270400,8192,14281,14296,True
ep8,218,45014,45014,meta,,4096,18385,18392,False
ep8,219,45017,45017,meta,,4096,18393,18400,False
ep8,220,45018,45018,forward,7278592,4096,14297,14304,True
ep8,221,45021,45021,meta,,4096,18401,18408,False
ep8,222,45022,45022,forward,7282688,4096,14305,14312,True
ep8,223,45025,45025,meta,,4096,18409,18416,False
ep8,224,45026,45026,forward,7286784,4096,14313,14320,True
ep8,225,45029,45029,meta,,4096,18417,18424,False
ep8,226,45030,45030,forward,7290880,4096,14321,14328,True
ep8,227,45033,45033,meta,,4096,18425,18432,False
ep8,228,45034,45037,forward,7294976,8192,14329,14344,True
ep8,229,45037,45037,meta,,4096,18433,18440,False
ep8,230,45041,45041,forward,7303168,4096,14345,14352,True
ep8,231,45041,45041,meta,,4096,18441,18448,False
ep8,232,45045,45045,forward,7307264,4096,14353,14360,True
ep8,233,45045,45045,meta,,4096,18449,18456,False
ep8,234,45048,45048,forward,7311360,4096,14361,14368,True
ep8,235,45049,45049,meta,,4096,18457,18464,False
ep8,236,45052,45052,forward,7315456,4096,14369,14376,True
ep8,237,45052,45052,meta,,4096,18465,18472,False
ep8,238,45056,45056,forward,7319552,4096,14377,14384,True
ep8,239,45056,45056,meta,,4096,18473,18480,False
ep8,240,45060,45060,forward,7323648,4096,14385,14392,True
ep8,241,45060,45060,meta,,4096,18481,18488,False
ep8,242,45064,45064,forward,7327744,4096,14393,14400,True
ep8,243,45064,45064,meta,,4096,18489,18496,False
ep8,244,45067,45067,forward,7331840,4096,14401,14408,True
ep8,245,45068,45068,meta,,4096,18497,18504,False
ep8,246,45071,45071,forward,7335936,4096,14409,14416,True
ep8,247,45072,45072,meta,,4096,18505,18512,False
ep8,248,45075,45847,forward,7340032,802816,14417,15984,True
ep9,0,59898,59923,forward,245760,16384,561,592,True
ep9,1,59928,60058,forward,122880,122880,321,560,True
ep9,2,60062,60191,forward,0,122880,81,320,True
ep9,3,60196,60555,forward,262144,368640,593,1312,True
ep9,4,60559,60559,forward,8384512,4096,16457,16464,True
ep9,5,60573,61200,forward,630784,647168,1313,2576,True
ep9,6,61204,61549,forward,1835008,368640,3665,4384,True
ep9,7,61553,61914,forward,1277952,368640,2577,3296,True
ep9,8,61919,62265,forward,2203648,368640,4385,5104,True
ep9,9,62269,62445,forward,1646592,188416,3297,3664,True
ep9,10,62449,64862,forward,2572288,2490368,5105,9968,True
ep10,0,64864,64864,forward,245760,4096,561,568,True
ep10,1,64865,64881,forward,5062656,20480,9969,10008,True
ep10,2,64882,64882,forward,249856,4096,569,576,True
ep10,3,64885,64885,forward,5083136,4096,10009,10016,True
ep10,4,64885,64885,forward,253952,4096,577,584,True
ep10,5,64889,64889,forward,5087232,4096,10017,10024,True
ep10,6,64889,64889,forward,258048,4096,585,592,True
ep10,7,64892,64931,forward,5091328,45056,10025,10112,True
ep10,8,64934,64934,forward,151552,4096,377,384,True
ep10,9,64935,64935,forward,5136384,4096,10113,10120,True
ep10,10,64937,64937,forward,155648,4096,385,392,True
ep10,11,64939,64939,forward,5140480,4096,10121,10128,True
ep10,12,64941,64941,forward,159744,4096,393,400,True
ep10,13,64943,64943,forward,5144576,4096,10129,10136,True
ep10,14,64945,64945,forward,163840,4096,401,408,True
ep10,15,64948,64948,forward,5148672,4096,10137,10144,True
ep10,16,64949,64949,forward,167936,4096,409,416,True
ep10,17,64952,64952,forward,5152768,4096,10145,10152,True
ep10,18,64953,64953,forward,172032,4096,417,424,True
ep10,19,64956,64956,forward,5156864,4096,10153,10160,True
ep10,20,64956,64956,forward,176128,4096,425,432,True
ep10,21,64959,64959,forward,5160960,4096,10161,10168,True
ep10,22,64960,64960,forward,180224,4096,433,440,True
ep10,23,64963,64963,forward,5165056,4096,10169,10176,True
ep10,24,64964,64964,forward,184320,4096,441,448,True
ep10,25,64967,64967,forward,5169152,4096,10177,10184,True
ep10,26,64968,64968,forward,188416,4096,449,456,True
ep10,27,64971,64971,forward,5173248,4096,10185,10192,True
ep10,28,64971,64971,forward,192512,4096,457,464,True
ep10,29,64975,64975,forward,5177344,4096,10193,10200,True
ep10,30,64975,64975,forward,196608,4096,465,472,True
ep10,31,64979,64979,forward,5181440,4096,10201,10208,True
ep10,32,64979,64979,forward,200704,4096,473,480,True
ep10,33,64982,64982,forward,5185536,4096,10209,10216,True
ep10,34,64983,64983,forward,204800,4096,481,488,True
ep10,35,64986,64986,forward,5189632,4096,10217,10224,True
ep10,36,64986,64990,forward,208896,8192,489,504,True
ep10,37,64991,64994,forward,5193728,8192,10225,10240,True
ep10,38,64994,64994,forward,217088,4096,505,512,True
ep10,39,64998,64998,forward,5201920,4096,10241,10248,True
ep10,40,64998,65001,forward,221184,8192,513,528,True
ep10,41,65002,65002,forward,5206016,4096,10249,10256,True
ep10,42,65005,65005,forward,229376,4096,529,536,True
ep10,43,65006,65006,forward,5210112,4096,10257,10264,True
ep10,44,65009,65016,forward,233472,12288,537,560,True
ep10,45,65020,65020,forward,0,4096,81,88,True
ep10,46,65024,65024,forward,5214208,4096,10265,10272,True
ep10,47,65027,65027,forward,4096,4096,89,96,True
ep10,48,65028,65039,forward,5218304,16384,10273,10304,True
ep10,49,65040,65040,forward,8192,4096,97,104,True
ep10,50,65043,65047,forward,5234688,8192,10305,10320,True
ep10,51,65048,65048,forward,12288,4096,105,112,True
ep10,52,65051,65051,forward,5242880,4096,10321,10328,True
ep10,53,65052,65052,forward,16384,4096,113,120,True
ep10,54,65055,65055,forward,5246976,4096,10329,10336,True
ep10,55,65056,65056,forward,20480,4096,121,128,True
ep10,56,65058,65058,forward,5251072,4096,10337,10344,True
ep10,57,65060,65060,forward,24576,4096,129,136,True
ep10,58,65062,65062,forward,5255168,4096,10345,10352,True
ep10,59,65064,65064,forward,28672,4096,137,144,True
ep10,60,65066,65066,forward,5259264,4096,10353,10360,True
ep10,61,65068,65068,forward,32768,4096,145,152,True
ep10,62,65070,65070,forward,5263360,4096,10361,10368,True
ep10,63,65072,65072,forward,36864,4096,153,160,True
ep10,64,65074,65074,forward,5267456,4096,10369,10376,True
ep10,65,65076,65076,forward,40960,4096,161,168,True
ep10,66,65078,65078,forward,5271552,4096,10377,10384,True
ep10,67,65080,65080,forward,45056,4096,169,176,True
ep10,68,65082,65082,forward,5275648,4096,10385,10392,True
ep10,69,65084,65084,forward,49152,4096,177,184,True
ep10,70,65086,65086,forward,5279744,4096,10393,10400,True
ep10,71,65088,65088,forward,53248,4096,185,192,True
ep10,72,65090,65090,forward,5283840,4096,10401,10408,True
ep10,73,65092,65092,forward,57344,4096,193,200,True
ep10,74,65094,65094,forward,5287936,4096,10409,10416,True
ep10,75,65095,65095,forward,61440,4096,201,208,True
ep10,76,65098,65098,forward,5292032,4096,10417,10424,True
ep10,77,65099,65099,forward,65536,4096,209,216,True
ep10,78,65101,65101,forward,5296128,4096,10425,10432,True
ep10,79,65103,65103,forward,69632,4096,217,224,True
ep10,80,65106,65106,forward,5300224,4096,10433,10440,True
ep10,81,65107,65107,forward,73728,4096,225,232,True
ep10,82,65110,65110,forward,5304320,4096,10441,10448,True
ep10,83,65110,65110,forward,77824,4096,233,240,True
ep10,84,65113,65113,forward,5308416,4096,10449,10456,True
ep10,85,65114,65114,forward,81920,4096,241,248,True
ep10,86,65117,65117,forward,5312512,4096,10457,10464,True
ep10,87,65118,65118,forward,86016,4096,249,256,True
ep10,88,65121,65121,forward,5316608,4096,10465,10472,True
ep10,89,65122,65122,forward,90112,4096,257,264,True
ep10,90,65125,65125,forward,5320704,4096,10473,10480,True
ep10,91,65126,65126,forward,94208,4096,265,272,True
ep10,92,65129,65129,forward,5324800,4096,10481,10488,True
ep10,93,65130,65130,forward,98304,4096,273,280,True
ep10,94,65133,65133,forward,5328896,4096,10489,10496,True
ep10,95,65134,65134,forward,102400,4096,281,288,True
ep10,96,65136,65136,forward,5332992,4096,10497,10504,True
ep10,97,65137,65137,forward,106496,4096,289,296,True
ep10,98,65140,65140,forward,5337088,4096,10505,10512,True
ep10,99,65141,65141,forward,110592,4096,297,304,True
ep10,100,65144,65144,forward,5341184,4096,10513,10520,True
ep10,101,65145,65145,forward,114688,4096,305,312,True
ep10,102,65148,65148,forward,5345280,4096,10521,10528,True
ep10,103,65149,65149,forward,118784,4096,313,320,True
ep10,104,65152,65152,forward,5349376,4096,10529,10536,True
ep10,105,65154,65154,forward,262144,4096,593,600,True
ep10,106,65156,65215,forward,5353472,65536,10537,10664,True
ep10,107,65218,65218,forward,266240,4096,601,608,True
ep10,108,65219,65219,forward,5419008,4096,10665,10672,True
ep10,109,65222,65222,forward,270336,4096,609,616,True
ep10,110,65223,65223,forward,5423104,4096,10673,10680,True
ep10,111,65225,65225,forward,274432,4096,617,624,True
ep10,112,65227,65227,forward,5427200,4096,10681,10688,True
ep10,113,65229,65229,forward,278528,4096,625,632,True
ep10,114,65231,65231,forward,5431296,4096,10689,10696,True
ep10,115,65232,65232,forward,282624,4096,633,640,True
ep10,116,65235,65235,forward,5435392,4096,10697,10704,True
ep10,117,65236,65236,forward,286720,4096,641,648,True
ep10,118,65239,65239,forward,5439488,4096,10705,10712,True
ep10,119,65240,65240,forward,290816,4096,649,656,True
ep10,120,65243,65243,forward,5443584,4096,10713,10720,True
ep10,121,65243,65243,forward,294912,4096,657,664,True
ep10,122,65246,65246,forward,5447680,4096,10721,10728,True
ep10,123,65247,65247,forward,299008,4096,665,672,True
ep10,124,65250,65250,forward,5451776,4096,10729,10736,True
ep10,125,65250,65250,forward,303104,4096,673,680,True
ep10,126,65254,65254,forward,5455872,4096,10737,10744,True
ep10,127,65254,65254,forward,307200,4096,681,688,True
ep10,128,65258,65258,forward,5459968,4096,10745,10752,True
ep10,129,65258,65261,forward,311296,8192,689,704,True
ep10,130,65262,65262,forward,5464064,4096,10753,10760,True
ep10,131,65265,65265,forward,319488,4096,705,712,True
ep10,132,65266,65266,forward,5468160,4096,10761,10768,True
ep10,133,65268,65268,forward,323584,4096,713,720,True
ep10,134,65270,65270,forward,5472256,4096,10769,10776,True
ep10,135,65272,65272,forward,327680,4096,721,728,True
ep10,136,65274,65274,forward,5476352,4096,10777,10784,True
ep10,137,65276,65276,forward,331776,4096,729,736,True
ep10,138,65278,65278,forward,5480448,4096,10785,10792,True
ep10,139,65279,65279,forward,335872,4096,737,744,True
ep10,140,65282,65282,forward,5484544,4096,10793,10800,True
ep10,141,65283,65283,forward,339968,4096,745,752,True
ep10,142,65285,65285,forward,5488640,4096,10801,10808,True
ep10,143,65287,65287,forward,344064,4096,753,760,True
ep10,144,65289,65289,forward,5492736,4096,10809,10816,True
ep10,145,65290,65290,forward,348160,4096,761,768,True
ep10,146,65293,65293,forward,5496832,4096,10817,10824,True
ep10,147,65294,65294,forward,352256,4096,769,776,True
ep10,148,65297,65297,forward,5500928,4096,10825,10832,True
ep10,149,65298,65298,forward,356352,4096,777,784,True
ep10,150,65301,65301,forward,5505024,4096,10833,10840,True
ep10,151,65302,65302,forward,360448,4096,785,792,True
ep10,152,65304,65304,forward,5509120,4096,10841,10848,True
ep10,153,65306,65306,forward,364544,4096,793,800,True
ep10,154,65308,65308,forward,5513216,4096,10849,10856,True
ep10,155,65309,65309,forward,368640,4096,801,808,True
ep10,156,65312,65312,forward,5517312,4096,10857,10864,True
ep10,157,65313,65313,forward,372736,4096,809,816,True
ep10,158,65316,65316,forward,5521408,4096,10865,10872,True
ep10,159,65317,65317,forward,376832,4096,817,824,True
ep10,160,65320,65320,forward,5525504,4096,10873,10880,True
ep10,161,65321,65321,forward,380928,4096,825,832,True
ep10,162,65324,65324,forward,5529600,4096,10881,10888,True
ep10,163,65325,65325,forward,385024,4096,833,840,True
ep10,164,65328,65328,forward,5533696,4096,10889,10896,True
ep10,165,65329,65329,forward,389120,4096,841,848,True
ep10,166,65332,65332,forward,5537792,4096,10897,10904,True
ep10,167,65333,65333,forward,393216,4096,849,856,True
ep10,168,65336,65336,forward,5541888,4096,10905,10912,True
ep10,169,65336,65336,forward,397312,4096,857,864,True
ep10,170,65340,65340,forward,5545984,4096,10913,10920,True
ep10,171,65340,65343,forward,401408,8192,865,880,True
ep10,172,65344,65344,forward,5550080,4096,10921,10928,True
ep10,173,65347,65347,forward,409600,4096,881,888,True
ep10,174,65348,65348,forward,5554176,4096,10929,10936,True
ep10,175,65351,65351,forward,413696,4096,889,896,True
ep10,176,65352,65352,forward,5558272,4096,10937,10944,True
ep10,177,65354,65354,forward,417792,4096,897,904,True
ep10,178,65356,65356,forward,5562368,4096,10945,10952,True
ep10,179,65358,65358,forward,421888,4096,905,912,True
ep10,180,65359,65359,forward,5566464,4096,10953,10960,True
ep10,181,65361,65361,forward,425984,4096,913,920,True
ep10,182,65363,65363,forward,5570560,4096,10961,10968,True
ep10,183,65365,65365,forward,430080,4096,921,928,True
ep10,184,65367,65367,forward,5574656,4096,10969,10976,True
ep10,185,65369,65369,forward,434176,4096,929,936,True
ep10,186,65371,65371,forward,5578752,4096,10977,10984,True
ep10,187,65373,65373,forward,438272,4096,937,944,True
ep10,188,65375,65375,forward,5582848,4096,10985,10992,True
ep10,189,65377,65377,forward,442368,4096,945,952,True
ep10,190,65379,65379,forward,5586944,4096,10993,11000,True
ep10,191,65381,65381,forward,446464,4096,953,960,True
ep10,192,65383,65383,forward,5591040,4096,11001,11008,True
ep10,193,65385,65385,forward,450560,4096,961,968,True
ep10,194,65386,65386,forward,5595136,4096,11009,11016,True
ep10,195,65388,65388,forward,454656,4096,969,976,True
ep10,196,65390,65390,forward,5599232,4096,11017,11024,True
ep10,197,65392,65392,forward,458752,4096,977,984,True
ep10,198,65394,65394,forward,5603328,4096,11025,11032,True
ep10,199,65396,65396,forward,462848,4096,985,992,True
ep10,200,65397,65397,forward,5607424,4096,11033,11040,True
ep10,201,65400,65400,forward,466944,4096,993,1000,True
ep10,202,65401,65401,forward,5611520,4096,11041,11048,True
ep10,203,65404,65404,forward,471040,4096,1001,1008,True
ep10,204,65405,65405,forward,5615616,4096,11049,11056,True
ep10,205,65408,65408,forward,475136,4096,1009,1016,True
ep10,206,65409,65409,forward,5619712,4096,11057,11064,True
ep10,207,65412,65412,forward,479232,4096,1017,1024,True
ep10,208,65413,65413,forward,5623808,4096,11065,11072,True
ep10,209,65416,65416,forward,483328,4096,1025,1032,True
ep10,210,65417,65417,forward,5627904,4096,11073,11080,True
ep10,211,65419,65419,forward,487424,4096,1033,1040,True
ep10,212,65421,65421,forward,5632000,4096,11081,11088,True
ep10,213,65423,65423,forward,491520,4096,1041,1048,True
ep10,214,65425,65425,forward,5636096,4096,11089,11096,True
ep10,215,65427,65427,forward,495616,4096,1049,1056,True
ep10,216,65429,65429,forward,5640192,4096,11097,11104,True
ep10,217,65431,65431,forward,499712,4096,1057,1064,True
ep10,218,65433,65433,forward,5644288,4096,11105,11112,True
ep10,219,65434,65434,forward,503808,4096,1065,1072,True
ep10,220,65436,65436,forward,5648384,4096,11113,11120,True
ep10,221,65439,65439,forward,507904,4096,1073,1080,True
ep10,222,65440,65440,forward,5652480,4096,11121,11128,True
ep10,223,65443,65443,forward,512000,4096,1081,1088,True
ep10,224,65444,65444,forward,5656576,4096,11129,11136,True
ep10,225,65446,65446,forward,516096,4096,1089,1096,True
ep10,226,65448,65448,forward,5660672,4096,11137,11144,True
ep10,227,65450,65450,forward,520192,4096,1097,1104,True
ep10,228,65452,65452,forward,5664768,4096,11145,11152,True
ep10,229,65454,65454,forward,524288,4096,1105,1112,True
ep10,230,65458,65458,forward,5668864,4096,11153,11160,True
ep10,231,65458,65458,forward,528384,4096,1113,1120,True
ep10,232,65462,65462,forward,5672960,4096,11161,11168,True
ep10,233,65462,65462,forward,532480,4096,1121,1128,True
ep10,234,65466,65466,forward,5677056,4096,11169,11176,True
ep10,235,65466,65466,forward,536576,4096,1129,1136,True
ep10,236,65470,65470,forward,5681152,4096,11177,11184,True
ep10,237,65470,65470,forward,540672,4096,1137,1144,True
ep10,238,65473,65473,forward,5685248,4096,11185,11192,True
ep10,239,65474,65474,forward,544768,4096,1145,1152,True
ep10,240,65477,65477,forward,5689344,4096,11193,11200,True
ep10,241,65478,65478,forward,548864,4096,1153,1160,True
ep10,242,65481,65481,forward,5693440,4096,11201,11208,True
ep10,243,65481,65481,forward,552960,4096,1161,1168,True
ep10,244,65484,65484,forward,5697536,4096,11209,11216,True
ep10,245,65485,65485,forward,557056,4096,1169,1176,True
ep10,246,65488,65488,forward,5701632,4096,11217,11224,True
ep10,247,65489,65489,forward,561152,4096,1177,1184,True
ep10,248,65492,65492,forward,5705728,4096,11225,11232,True
ep10,249,65493,65493,forward,565248,4096,1185,1192,True
ep10,250,65496,65496,forward,5709824,4096,11233,11240,True
ep10,251,65497,65497,forward,569344,4096,1193,1200,True
ep10,252,65500,65500,forward,5713920,4096,11241,11248,True
ep10,253,65501,65501,forward,573440,4096,1201,1208,True
ep10,254,65504,65504,forward,5718016,4096,11249,11256,True
ep10,255,65504,65504,forward,577536,4096,1209,1216,True
ep10,256,65508,65508,forward,5722112,4096,11257,11264,True
ep10,257,65508,65508,forward,581632,4096,1217,1224,True
ep10,258,65512,65512,forward,5726208,4096,11265,11272,True
ep10,259,65512,65512,forward,585728,4096,1225,1232,True
ep10,260,65516,65516,forward,5730304,4096,11273,11280,True
ep10,261,65516,65516,forward,589824,4096,1233,1240,True
ep10,262,65520,65520,forward,5734400,4096,11281,11288,True
ep10,263,65520,65520,forward,593920,4096,1241,1248,True
ep10,264,65524,65524,forward,5738496,4096,11289,11296,True
ep10,265,65524,65524,forward,598016,4096,1249,1256,True
ep10,266,65528,65528,forward,5742592,4096,11297,11304,True
ep10,267,65528,65531,forward,602112,8192,1257,1272,True
ep10,268,65532,65532,forward,5746688,4096,11305,11312,True
ep10,269,65535,65535,forward,610304,4096,1273,1280,True
ep10,270,65536,65539,forward,5750784,8192,11313,11328,True
ep10,271,65539,65539,forward,614400,4096,1281,1288,True
ep10,272,65543,65543,forward,5758976,4096,11329,11336,True
ep10,273,65543,65543,forward,618496,4096,1289,1296,True
ep10,274,65547,65547,forward,5763072,4096,11337,11344,True
ep10,275,65547,65550,forward,622592,8192,1297,1312,True
ep10,276,65551,65555,forward,5767168,8192,11345,11360,True
ep10,277,65555,65555,forward,8384512,4096,16457,16464,True
ep10,278,65559,65559,forward,5775360,4096,11361,11368,True
ep10,279,65560,65560,forward,630784,4096,1313,1320,True
ep10,280,65562,65562,forward,5779456,4096,11369,11376,True
ep10,281,65563,65563,forward,634880,4096,1321,1328,True
ep10,282,65566,65566,forward,5783552,4096,11377,11384,True
ep10,283,65567,65567,forward,638976,4096,1329,1336,True
ep10,284,65570,65570,forward,5787648,4096,11385,11392,True
ep10,285,65571,65571,forward,643072,4096,1337,1344,True
ep10,286,65574,65574,forward,5791744,4096,11393,11400,True
ep10,287,65575,65575,forward,647168,4096,1345,1352,True
ep10,288,65578,65578,forward,5795840,4096,11401,11408,True
ep10,289,65579,65579,forward,651264,4096,1353,1360,True
ep10,290,65582,65582,forward,5799936,4096,11409,11416,True
ep10,291,65583,65583,forward,655360,4096,1361,1368,True
ep10,292,65586,65586,forward,5804032,4096,11417,11424,True
ep10,293,65587,65587,forward,659456,4096,1369,1376,True
ep10,294,65590,65590,forward,5808128,4096,11425,11432,True
ep10,295,65591,65591,forward,663552,4096,1377,1384,True
ep10,296,65593,65593,forward,5812224,4096,11433,11440,True
ep10,297,65595,65595,forward,667648,4096,1385,1392,True
ep10,298,65597,65597,forward,5816320,4096,11441,11448,True
ep10,299,65599,65599,forward,671744,4096,1393,1400,True
ep10,300,65601,65601,forward,5820416,4096,11449,11456,True
ep10,301,65603,65603,forward,675840,4096,1401,1408,True
ep10,302,65605,65605,forward,5824512,4096,11457,11464,True
ep10,303,65607,65607,forward,679936,4096,1409,1416,True
ep10,304,65609,65609,forward,5828608,4096,11465,11472,True
ep10,305,65611,65611,forward,684032,4096,1417,1424,True
ep10,306,65613,65613,forward,5832704,4096,11473,11480,True
ep10,307,65615,65615,forward,688128,4096,1425,1432,True
ep10,308,65617,65617,forward,5836800,4096,11481,11488,True
ep10,309,65619,65619,forward,692224,4096,1433,1440,True
ep10,310,65621,65621,forward,5840896,4096,11489,11496,True
ep10,311,65622,65622,forward,696320,4096,1441,1448,True
ep10,312,65625,65625,forward,5844992,4096,11497,11504,True
ep10,313,65626,65626,forward,700416,4096,1449,1456,True
ep10,314,65629,65629,forward,5849088,4096,11505,11512,True
ep10,315,65630,65630,forward,704512,4096,1457,1464,True
ep10,316,65633,65633,forward,5853184,4096,11513,11520,True
ep10,317,65634,65634,forward,708608,4096,1465,1472,True
ep10,318,65636,65636,forward,5857280,4096,11521,11528,True
ep10,319,65638,65638,forward,712704,4096,1473,1480,True
ep10,320,65640,65640,forward,5861376,4096,11529,11536,True
ep10,321,65642,65642,forward,716800,4096,1481,1488,True
ep10,322,65644,65644,forward,5865472,4096,11537,11544,True
ep10,323,65645,65645,forward,720896,4096,1489,1496,True
ep10,324,65648,65648,forward,5869568,4096,11545,11552,True
ep10,325,65649,65649,forward,724992,4096,1497,1504,True
ep10,326,65652,65652,forward,5873664,4096,11553,11560,True
ep10,327,65653,65653,forward,729088,4096,1505,1512,True
ep10,328,65656,65656,forward,5877760,4096,11561,11568,True
ep10,329,65657,65657,forward,733184,4096,1513,1520,True
ep10,330,65660,65660,forward,5881856,4096,11569,11576,True
ep10,331,65661,65661,forward,737280,4096,1521,1528,True
ep10,332,65664,65664,forward,5885952,4096,11577,11584,True
ep10,333,65665,65665,forward,741376,4096,1529,1536,True
ep10,334,65668,65668,forward,5890048,4096,11585,11592,True
ep10,335,65668,65668,forward,745472,4096,1537,1544,True
ep10,336,65671,65671,forward,5894144,4096,11593,11600,True
ep10,337,65672,65672,forward,749568,4096,1545,1552,True
ep10,338,65675,65675,forward,5898240,4096,11601,11608,True
ep10,339,65677,65677,forward,753664,4096,1553,1560,True
ep10,340,65679,65679,forward,5902336,4096,11609,11616,True
ep10,341,65681,65681,forward,757760,4096,1561,1568,True
ep10,342,65683,65683,forward,5906432,4096,11617,11624,True
ep10,343,65685,65685,forward,761856,4096,1569,1576,True
ep10,344,65687,65687,forward,5910528,4096,11625,11632,True
ep10,345,65688,65688,forward,765952,4096,1577,1584,True
ep10,346,65692,65692,forward,5914624,4096,11633,11640,True
ep10,347,65692,65692,forward,770048,4096,1585,1592,True
ep10,348,65696,65696,forward,5918720,4096,11641,11648,True
ep10,349,65696,65696,forward,774144,4096,1593,1600,True
ep10,350,65699,65699,forward,5922816,4096,11649,11656,True
ep10,351,65700,65700,forward,778240,4096,1601,1608,True
ep10,352,65704,65704,forward,5926912,4096,11657,11664,True
ep10,353,65704,65704,forward,782336,4096,1609,1616,True
ep10,354,65708,65708,forward,5931008,4096,11665,11672,True
ep10,355,65708,65708,forward,786432,4096,1617,1624,True
ep10,356,65712,65712,forward,5935104,4096,11673,11680,True
ep10,357,65712,65715,forward,790528,8192,1625,1640,True
ep10,358,65716,65719,forward,5939200,8192,11681,11696,True
ep10,359,65719,65719,forward,798720,4096,1641,1648,True
ep10,360,65723,65723,forward,5947392,4096,11697,11704,True
ep10,361,65723,65723,forward,802816,4096,1649,1656,True
ep10,362,65727,65727,forward,5951488,4096,11705,11712,True
ep10,363,65727,65727,forward,806912,4096,1657,1664,True
ep10,364,65731,65731,forward,5955584,4096,11713,11720,True
ep10,365,65731,65731,forward,811008,4096,1665,1672,True
ep10,366,65735,65735,forward,5959680,4096,11721,11728,True
ep10,367,65735,65738,forward,815104,8192,1673,1688,True
ep10,368,65739,65742,forward,5963776,8192,11729,11744,True
ep10,369,65742,65742,forward,823296,4096,1689,1696,True
ep10,370,65746,65746,forward,5971968,4096,11745,11752,True
ep10,371,65746,65746,forward,827392,4096,1697,1704,True
ep10,372,65750,65750,forward,5976064,4096,11753,11760,True
ep10,373,65750,65750,forward,831488,4096,1705,1712,True
ep10,374,65754,65754,forward,5980160,4096,11761,11768,True
ep10,375,65754,65754,forward,835584,4096,1713,1720,True
ep10,376,65758,65758,forward,5984256,4096,11769,11776,True
ep10,377,65758,65761,forward,839680,8192,1721,1736,True
ep10,378,65762,65762,forward,5988352,4096,11777,11784,True
ep10,379,65765,65765,forward,847872,4096,1737,1744,True
ep10,380,65766,65769,forward,5992448,8192,11785,11800,True
ep10,381,65769,65769,forward,851968,4096,1745,1752,True
ep10,382,65773,65773,forward,6000640,4096,11801,11808,True
ep10,383,65773,65773,forward,856064,4096,1753,1760,True
ep10,384,65777,65777,forward,6004736,4096,11809,11816,True
ep10,385,65777,65780,forward,860160,8192,1761,1776,True
ep10,386,65781,65781,forward,6008832,4096,11817,11824,True
ep10,387,65784,65784,forward,868352,4096,1777,1784,True
ep10,388,65785,65785,forward,6012928,4096,11825,11832,True
ep10,389,65788,65788,forward,872448,4096,1785,1792,True
ep10,390,65789,65789,forward,6017024,4096,11833,11840,True
ep10,391,65792,65792,forward,876544,4096,1793,1800,True
ep10,392,65793,65793,forward,6021120,4096,11841,11848,True
ep10,393,65796,65796,forward,880640,4096,1801,1808,True
ep10,394,65797,65797,forward,6025216,4096,11849,11856,True
ep10,395,65800,65800,forward,884736,4096,1809,1816,True
ep10,396,65801,65801,forward,6029312,4096,11857,11864,True
ep10,397,65803,65803,forward,888832,4096,1817,1824,True
ep10,398,65805,65805,forward,6033408,4096,11865,11872,True
ep10,399,65807,65807,forward,892928,4096,1825,1832,True
ep10,400,65809,65809,forward,6037504,4096,11873,11880,True
ep10,401,65811,65828,forward,897024,20480,1833,1872,True
ep10,402,65829,65832,forward,6041600,8192,11881,11896,True
ep10,403,65832,65832,forward,917504,4096,1873,1880,True
ep10,404,65836,65836,forward,6049792,4096,11897,11904,True
ep10,405,65836,65836,forward,921600,4096,1881,1888,True
ep10,406,65840,65840,forward,6053888,4096,11905,11912,True
ep10,407,65840,65840,forward,925696,4096,1889,1896,True
ep10,408,65844,65844,forward,6057984,4096,11913,11920,True
ep10,409,65844,65844,forward,929792,4096,1897,1904,True
ep10,410,65847,65847,forward,6062080,4096,11921,11928,True
ep10,411,65848,65848,forward,933888,4096,1905,1912,True
ep10,412,65851,65851,forward,6066176,4096,11929,11936,True
ep10,413,65852,65852,forward,937984,4096,1913,1920,True
ep10,414,65855,65855,forward,6070272,4096,11937,11944,True
ep10,415,65855,65855,forward,942080,4096,1921,1928,True
ep10,416,65859,65859,forward,6074368,4096,11945,11952,True
ep10,417,65859,65859,forward,946176,4096,1929,1936,True
ep10,418,65862,65862,forward,6078464,4096,11953,11960,True
ep10,419,65863,65863,forward,950272,4096,1937,1944,True
ep10,420,65866,65866,forward,6082560,4096,11961,11968,True
ep10,421,65867,65867,forward,954368,4096,1945,1952,True
ep10,422,65870,65870,forward,6086656,4096,11969,11976,True
ep10,423,65871,65871,forward,958464,4096,1953,1960,True
ep10,424,65874,65874,forward,6090752,4096,11977,11984,True
ep10,425,65875,65875,forward,962560,4096,1961,1968,True
ep10,426,65878,65878,forward,6094848,4096,11985,11992,True
ep10,427,65879,65879,forward,966656,4096,1969,1976,True
ep10,428,65882,65882,forward,6098944,4096,11993,12000,True
ep10,429,65883,65883,forward,970752,4096,1977,1984,True
ep10,430,65886,65886,forward,6103040,4096,12001,12008,True
ep10,431,65887,65887,forward,974848,4096,1985,1992,True
ep10,432,65889,65889,forward,6107136,4096,12009,12016,True
ep10,433,65890,65890,forward,978944,4096,1993,2000,True
ep10,434,65893,65893,forward,6111232,4096,12017,12024,True
ep10,435,65894,65894,forward,983040,4096,2001,2008,True
ep10,436,65897,65897,forward,6115328,4096,12025,12032,True
ep10,437,65898,65898,forward,987136,4096,2009,2016,True
ep10,438,65901,65901,forward,6119424,4096,12033,12040,True
ep10,439,65902,65902,forward,991232,4096,2017,2024,True
ep10,440,65905,65905,forward,6123520,4096,12041,12048,True
ep10,441,65906,65906,forward,995328,4096,2025,2032,True
ep10,442,65909,65909,forward,6127616,4096,12049,12056,True
ep10,443,65910,65910,forward,999424,4096,2033,2040,True
ep10,444,65912,65912,forward,6131712,4096,12057,12064,True
ep10,445,65914,65914,forward,1003520,4096,2041,2048,True
ep10,446,65916,65916,forward,6135808,4096,12065,12072,True
ep10,447,65918,65918,forward,1007616,4096,2049,2056,True
ep10,448,65920,65920,forward,6139904,4096,12073,12080,True
ep10,449,65921,65921,forward,1011712,4096,2057,2064,True
ep10,450,65924,65924,forward,6144000,4096,12081,12088,True
ep10,451,65925,65925,forward,1015808,4096,2065,2072,True
ep10,452,65928,65928,forward,6148096,4096,12089,12096,True
ep10,453,65929,65929,forward,1019904,4096,2073,2080,True
ep10,454,65932,65932,forward,6152192,4096,12097,12104,True
ep10,455,65933,65933,forward,1024000,4096,2081,2088,True
ep10,456,65936,65936,forward,6156288,4096,12105,12112,True
ep10,457,65937,65937,forward,1028096,4096,2089,2096,True
ep10,458,65940,65940,forward,6160384,4096,12113,12120,True
ep10,459,65941,65956,forward,1032192,20480,2097,2136,True
ep10,460,65958,65970,forward,6164480,16384,12121,12152,True
ep10,461,65973,65973,forward,1052672,4096,2137,2144,True
ep10,462,65974,65977,forward,6180864,8192,12153,12168,True
ep10,463,65977,65977,forward,1056768,4096,2145,2152,True
ep10,464,65981,65981,forward,6189056,4096,12169,12176,True
ep10,465,65981,65981,forward,1060864,4096,2153,2160,True
ep10,466,65985,65985,forward,6193152,4096,12177,12184,True
ep10,467,65985,65985,forward,1064960,4096,2161,2168,True
ep10,468,65989,65989,forward,6197248,4096,12185,12192,True
ep10,469,65989,65989,forward,1069056,4096,2169,2176,True
ep10,470,65993,65993,forward,6201344,4096,12193,12200,True
ep10,471,65993,65993,forward,1073152,4096,2177,2184,True
ep10,472,65997,65997,forward,6205440,4096,12201,12208,True
ep10,473,65997,66000,forward,1077248,8192,2185,2200,True
ep10,474,66001,66001,forward,6209536,4096,12209,12216,True
ep10,475,66004,66004,forward,1085440,4096,2201,2208,True
ep10,476,66005,66005,forward,6213632,4096,12217,12224,True
ep10,477,66008,66008,forward,1089536,4096,2209,2216,True
ep10,478,66009,66009,forward,6217728,4096,12225,12232,True
ep10,479,66012,66012,forward,1093632,4096,2217,2224,True
ep10,480,66013,66013,forward,6221824,4096,12233,12240,True
ep10,481,66016,66016,forward,1097728,4096,2225,2232,True
ep10,482,66017,66017,forward,6225920,4096,12241,12248,True
ep10,483,66020,66020,forward,1101824,4096,2233,2240,True
ep10,484,66021,66021,forward,6230016,4096,12249,12256,True
ep10,485,66024,66024,forward,1105920,4096,2241,2248,True
ep10,486,66025,66025,forward,6234112,4096,12257,12264,True
ep10,487,66028,66028,forward,1110016,4096,2249,2256,True
ep10,488,66029,66029,forward,6238208,4096,12265,12272,True
ep10,489,66032,66032,forward,1114112,4096,2257,2264,True
ep10,490,66033,66036,forward,6242304,8192,12273,12288,True
ep10,491,66036,66036,forward,1118208,4096,2265,2272,True
ep10,492,66040,66040,forward,6250496,4096,12289,12296,True
ep10,493,66040,66040,forward,1122304,4096,2273,2280,True
ep10,494,66044,66044,forward,6254592,4096,12297,12304,True
ep10,495,66044,66044,forward,1126400,4096,2281,2288,True
ep10,496,66048,66048,forward,6258688,4096,12305,12312,True
ep10,497,66048,66048,forward,1130496,4096,2289,2296,True
ep10,498,66052,66052,forward,6262784,4096,12313,12320,True
ep10,499,66052,66052,forward,1134592,4096,2297,2304,True
ep10,500,66056,66056,forward,6266880,4096,12321,12328,True
ep10,501,66056,66056,forward,1138688,4096,2305,2312,True
ep10,502,66060,66060,forward,6270976,4096,12329,12336,True
ep10,503,66060,66063,forward,1142784,8192,2313,2328,True
ep10,504,66064,66064,forward,6275072,4096,12337,12344,True
ep10,505,66067,66067,forward,1150976,4096,2329,2336,True
ep10,506,66068,66068,forward,6279168,4096,12345,12352,True
ep10,507,66072,66072,forward,1155072,4096,2337,2344,True
ep10,508,66073,66073,forward,6283264,4096,12353,12360,True
ep10,509,66075,66075,forward,1159168,4096,2345,2352,True
ep10,510,66076,66076,forward,6287360,4096,12361,12368,True
ep10,511,66079,66079,forward,1163264,4096,2353,2360,True
ep10,512,66080,66080,forward,6291456,4096,12369,12376,True
ep10,513,66083,66083,forward,1167360,4096,2361,2368,True
ep10,514,66084,66084,forward,6295552,4096,12377,12384,True
ep10,515,66087,66087,forward,1171456,4096,2369,2376,True
ep10,516,66088,66088,forward,6299648,4096,12385,12392,True
ep10,517,66091,66091,forward,1175552,4096,2377,2384,True
ep10,518,66092,66092,forward,6303744,4096,12393,12400,True
ep10,519,66095,66095,forward,1179648,4096,2385,2392,True
ep10,520,66096,66096,forward,6307840,4096,12401,12408,True
ep10,521,66099,66099,forward,1183744,4096,2393,2400,True
ep10,522,66100,66100,forward,6311936,4096,12409,12416,True
ep10,523,66103,66103,forward,1187840,4096,2401,2408,True
ep10,524,66104,66104,forward,6316032,4096,12417,12424,True
ep10,525,66106,66106,forward,1191936,4096,2409,2416,True
ep10,526,66108,66108,forward,6320128,4096,12425,12432,True
ep10,527,66110,66110,forward,1196032,4096,2417,2424,True
ep10,528,66112,66112,forward,6324224,4096,12433,12440,True
ep10,529,66114,66114,forward,1200128,4096,2425,2432,True
ep10,530,66116,66116,forward,6328320,4096,12441,12448,True
ep10,531,66118,66118,forward,1204224,4096,2433,2440,True
ep10,532,66120,66120,forward,6332416,4096,12449,12456,True
ep10,533,66122,66122,forward,1208320,4096,2441,2448,True
ep10,534,66124,66124,forward,6336512,4096,12457,12464,True
ep10,535,66126,66126,forward,1212416,4096,2449,2456,True
ep10,536,66128,66128,forward,6340608,4096,12465,12472,True
ep10,537,66130,66130,forward,1216512,4096,2457,2464,True
ep10,538,66131,66131,forward,6344704,4096,12473,12480,True
ep10,539,66134,66134,forward,1220608,4096,2465,2472,True
ep10,540,66135,66135,forward,6348800,4096,12481,12488,True
ep10,541,66138,66138,forward,1224704,4096,2473,2480,True
ep10,542,66139,66139,forward,6352896,4096,12489,12496,True
ep10,543,66142,66142,forward,1228800,4096,2481,2488,True
ep10,544,66143,66143,forward,6356992,4096,12497,12504,True
ep10,545,66145,66145,forward,1232896,4096,2489,2496,True
ep10,546,66146,66146,forward,6361088,4096,12505,12512,True
ep10,547,66149,66149,forward,1236992,4096,2497,2504,True
ep10,548,66150,66150,forward,6365184,4096,12513,12520,True
ep10,549,66153,66153,forward,1241088,4096,2505,2512,True
ep10,550,66154,66154,forward,6369280,4096,12521,12528,True
ep10,551,66157,66157,forward,1245184,4096,2513,2520,True
ep10,552,66158,66158,forward,6373376,4096,12529,12536,True
ep10,553,66161,66161,forward,1249280,4096,2521,2528,True
ep10,554,66162,66162,forward,6377472,4096,12537,12544,True
ep10,555,66165,66165,forward,1253376,4096,2529,2536,True
ep10,556,66166,66166,forward,6381568,4096,12545,12552,True
ep10,557,66169,66169,forward,1257472,4096,2537,2544,True
ep10,558,66170,66170,forward,6385664,4096,12553,12560,True
ep10,559,66173,66173,forward,1261568,4096,2545,2552,True
ep10,560,66174,66174,forward,6389760,4096,12561,12568,True
ep10,561,66177,66177,forward,1265664,4096,2553,2560,True
ep10,562,66178,66178,forward,6393856,4096,12569,12576,True
ep10,563,66181,66181,forward,1269760,4096,2561,2568,True
ep10,564,66182,66185,forward,6397952,8192,12577,12592,True
ep10,565,66185,66185,forward,1273856,4096,2569,2576,True
ep10,566,66189,66189,forward,1835008,4096,3665,3672,True
ep10,567,66190,66190,forward,6406144,4096,12593,12600,True
ep10,568,66192,66192,forward,1839104,4096,3673,3680,True
ep10,569,66194,66194,forward,6410240,4096,12601,12608,True
ep10,570,66196,66196,forward,1843200,4096,3681,3688,True
ep10,571,66197,66197,forward,6414336,4096,12609,12616,True
ep10,572,66200,66200,forward,1847296,4096,3689,3696,True
ep10,573,66201,66201,forward,6418432,4096,12617,12624,True
ep10,574,66204,66204,forward,1851392,4096,3697,3704,True
ep10,575,66205,66205,forward,6422528,4096,12625,12632,True
ep10,576,66208,66208,forward,1855488,4096,3705,3712,True
ep10,577,66209,66209,forward,6426624,4096,12633,12640,True
ep10,578,66212,66212,forward,1859584,4096,3713,3720,True
ep10,579,66213,66213,forward,6430720,4096,12641,12648,True
ep10,580,66215,66215,forward,1863680,4096,3721,3728,True
ep10,581,66217,66217,forward,6434816,4096,12649,12656,True
ep10,582,66219,66219,forward,1867776,4096,3729,3736,True
ep10,583,66221,66221,forward,6438912,4096,12657,12664,True
ep10,584,66223,66223,forward,1871872,4096,3737,3744,True
ep10,585,66225,66225,forward,6443008,4096,12665,12672,True
ep10,586,66227,66227,forward,1875968,4096,3745,3752,True
ep10,587,66229,66229,forward,6447104,4096,12673,12680,True
ep10,588,66231,66231,forward,1880064,4096,3753,3760,True
ep10,589,66233,66233,forward,6451200,4096,12681,12688,True
ep10,590,66235,66235,forward,1884160,4096,3761,3768,True
ep10,591,66237,66237,forward,6455296,4096,12689,12696,True
ep10,592,66239,66239,forward,1888256,4096,3769,3776,True
ep10,593,66240,66240,forward,6459392,4096,12697,12704,True
ep10,594,66243,66243,forward,1892352,4096,3777,3784,True
ep10,595,66244,66244,forward,6463488,4096,12705,12712,True
ep10,596,66246,66246,forward,1896448,4096,3785,3792,True
ep10,597,66248,66248,forward,6467584,4096,12713,12720,True
ep10,598,66250,66250,forward,1900544,4096,3793,3800,True
ep10,599,66252,66252,forward,6471680,4096,12721,12728,True
ep10,600,66254,66254,forward,1904640,4096,3801,3808,True
ep10,601,66256,66256,forward,6475776,4096,12729,12736,True
ep10,602,66258,66258,forward,1908736,4096,3809,3816,True
ep10,603,66260,66260,forward,6479872,4096,12737,12744,True
ep10,604,66262,66262,forward,1912832,4096,3817,3824,True
ep10,605,66264,66264,forward,6483968,4096,12745,12752,True
ep10,606,66266,66266,forward,1916928,4096,3825,3832,True
ep10,607,66267,66267,forward,6488064,4096,12753,12760,True
ep10,608,66270,66270,forward,1921024,4096,3833,3840,True
ep10,609,66271,66271,forward,6492160,4096,12761,12768,True
ep10,610,66274,66274,forward,1925120,4096,3841,3848,True
ep10,611,66275,66275,forward,6496256,4096,12769,12776,True
ep10,612,66278,66278,forward,1929216,4096,3849,3856,True
ep10,613,66279,66279,forward,6500352,4096,12777,12784,True
ep10,614,66281,66281,forward,1933312,4096,3857,3864,True
ep10,615,66282,66282,forward,6504448,4096,12785,12792,True
ep10,616,66285,66285,forward,1937408,4096,3865,3872,True
ep10,617,66286,66286,forward,6508544,4096,12793,12800,True
ep10,618,66289,66289,forward,1941504,4096,3873,3880,True
ep10,619,66290,66290,forward,6512640,4096,12801,12808,True
ep10,620,66293,66293,forward,1945600,4096,3881,3888,True
ep10,621,66294,66294,forward,6516736,4096,12809,12816,True
ep10,622,66296,66296,forward,1949696,4096,3889,3896,True
ep10,623,66298,66298,forward,6520832,4096,12817,12824,True
ep10,624,66300,66300,forward,1953792,4096,3897,3904,True
ep10,625,66302,66302,forward,6524928,4096,12825,12832,True
ep10,626,66305,66305,forward,1957888,4096,3905,3912,True
ep10,627,66306,66306,forward,6529024,4096,12833,12840,True
ep10,628,66309,66309,forward,1961984,4096,3913,3920,True
ep10,629,66310,66310,forward,6533120,4096,12841,12848,True
ep10,630,66312,66312,forward,1966080,4096,3921,3928,True
ep10,631,66314,66314,forward,6537216,4096,12849,12856,True
ep10,632,66316,66316,forward,1970176,4096,3929,3936,True
ep10,633,66318,66318,forward,6541312,4096,12857,12864,True
ep10,634,66320,66320,forward,1974272,4096,3937,3944,True
ep10,635,66322,66322,forward,6545408,4096,12865,12872,True
ep10,636,66324,66324,forward,1978368,4096,3945,3952,True
ep10,637,66325,66325,forward,6549504,4096,12873,12880,True
ep10,638,66328,66328,forward,1982464,4096,3953,3960,True
ep10,639,66329,66329,forward,6553600,4096,12881,12888,True
ep10,640,66332,66332,forward,1986560,4096,3961,3968,True
ep10,641,66333,66333,forward,6557696,4096,12889,12896,True
ep10,642,66336,66336,forward,1990656,4096,3969,3976,True
ep10,643,66337,66337,forward,6561792,4096,12897,12904,True
ep10,644,66340,66340,forward,1994752,4096,3977,3984,True
ep10,645,66341,66341,forward,6565888,4096,12905,12912,True
ep10,646,66344,66344,forward,1998848,4096,3985,3992,True
ep10,647,66345,66345,forward,6569984,4096,12913,12920,True
ep10,648,66348,66348,forward,2002944,4096,3993,4000,True
ep10,649,66349,66349,forward,6574080,4096,12921,12928,True
ep10,650,66351,66351,forward,2007040,4096,4001,4008,True
ep10,651,66353,66353,forward,6578176,4096,12929,12936,True
ep10,652,66355,66355,forward,2011136,4096,4009,4016,True
ep10,653,66357,66357,forward,6582272,4096,12937,12944,True
ep10,654,66359,66359,forward,2015232,4096,4017,4024,True
ep10,655,66361,66361,forward,6586368,4096,12945,12952,True
ep10,656,66363,66363,forward,2019328,4096,4025,4032,True
ep10,657,66364,66364,forward,6590464,4096,12953,12960,True
ep10,658,66367,66367,forward,2023424,4096,4033,4040,True
ep10,659,66368,66368,forward,6594560,4096,12961,12968,True
ep10,660,66371,66371,forward,2027520,4096,4041,4048,True
ep10,661,66372,66372,forward,6598656,4096,12969,12976,True
ep10,662,66374,66374,forward,2031616,4096,4049,4056,True
ep10,663,66376,66376,forward,6602752,4096,12977,12984,True
ep10,664,66378,66378,forward,2035712,4096,4057,4064,True
ep10,665,66380,66380,forward,6606848,4096,12985,12992,True
ep10,666,66382,66382,forward,2039808,4096,4065,4072,True
ep10,667,66383,66383,forward,6610944,4096,12993,13000,True
ep10,668,66386,66386,forward,2043904,4096,4073,4080,True
ep10,669,66387,66387,forward,6615040,4096,13001,13008,True
ep10,670,66390,66390,forward,2048000,4096,4081,4088,True
ep10,671,66391,66391,forward,6619136,4096,13009,13016,True
ep10,672,66394,66394,forward,2052096,4096,4089,4096,True
ep10,673,66395,66395,forward,6623232,4096,13017,13024,True
ep10,674,66397,66397,forward,2056192,4096,4097,4104,True
ep10,675,66399,66399,forward,6627328,4096,13025,13032,True
ep10,676,66401,66401,forward,2060288,4096,4105,4112,True
ep10,677,66402,66402,forward,6631424,4096,13033,13040,True
ep10,678,66405,66405,forward,2064384,4096,4113,4120,True
ep10,679,66406,66406,forward,6635520,4096,13041,13048,True
ep10,680,66409,66409,forward,2068480,4096,4121,4128,True
ep10,681,66410,66410,forward,6639616,4096,13049,13056,True
ep10,682,66413,66413,forward,2072576,4096,4129,4136,True
ep10,683,66414,66414,forward,6643712,4096,13057,13064,True
ep10,684,66417,66417,forward,2076672,4096,4137,4144,True
ep10,685,66418,66422,forward,6647808,8192,13065,13080,True
ep10,686,66422,66425,forward,2080768,8192,4145,4160,True
ep10,687,66426,66426,forward,6656000,4096,13081,13088,True
ep10,688,66429,66429,forward,2088960,4096,4161,4168,True
ep10,689,66430,66430,forward,6660096,4096,13089,13096,True
ep10,690,66433,66433,forward,2093056,4096,4169,4176,True
ep10,691,66434,66434,forward,6664192,4096,13097,13104,True
ep10,692,66437,66437,forward,2097152,4096,4177,4184,True
ep10,693,66438,66438,forward,6668288,4096,13105,13112,True
ep10,694,66441,66441,forward,2101248,4096,4185,4192,True
ep10,695,66442,66442,forward,6672384,4096,13113,13120,True
ep10,696,66444,66444,forward,2105344,4096,4193,4200,True
ep10,697,66446,66446,forward,6676480,4096,13121,13128,True
ep10,698,66448,66448,forward,2109440,4096,4201,4208,True
ep10,699,66450,66450,forward,6680576,4096,13129,13136,True
ep10,700,66452,66452,forward,2113536,4096,4209,4216,True
ep10,701,66454,66454,forward,6684672,4096,13137,13144,True
ep10,702,66456,66456,forward,2117632,4096,4217,4224,True
ep10,703,66458,66458,forward,6688768,4096,13145,13152,True
ep10,704,66460,66460,forward,2121728,4096,4225,4232,True
ep10,705,66461,66461,forward,6692864,4096,13153,13160,True
ep10,706,66463,66463,forward,2125824,4096,4233,4240,True
ep10,707,66466,66466,forward,6696960,4096,13161,13168,True
ep10,708,66467,66467,forward,2129920,4096,4241,4248,True
ep10,709,66469,66469,forward,6701056,4096,13169,13176,True
ep10,710,66471,66471,forward,2134016,4096,4249,4256,True
ep10,711,66473,66473,forward,6705152,4096,13177,13184,True
ep10,712,66475,66475,forward,2138112,4096,4257,4264,True
ep10,713,66477,66477,forward,6709248,4096,13185,13192,True
ep10,714,66479,66479,forward,2142208,4096,4265,4272,True
ep10,715,66481,66481,forward,6713344,4096,13193,13200,True
ep10,716,66483,66483,forward,2146304,4096,4273,4280,True
ep10,717,66485,66485,forward,6717440,4096,13201,13208,True
ep10,718,66487,66487,forward,2150400,4096,4281,4288,True
ep10,719,66489,66489,forward,6721536,4096,13209,13216,True
ep10,720,66491,66491,forward,2154496,4096,4289,4296,True
ep10,721,66493,66493,forward,6725632,4096,13217,13224,True
ep10,722,66495,66495,forward,2158592,4096,4297,4304,True
ep10,723,66497,66497,forward,6729728,4096,13225,13232,True
ep10,724,66499,66499,forward,2162688,4096,4305,4312,True
ep10,725,66501,66501,forward,6733824,4096,13233,13240,True
ep10,726,66503,66503,forward,2166784,4096,4313,4320,True
ep10,727,66504,66504,forward,6737920,4096,13241,13248,True
ep10,728,66507,66507,forward,2170880,4096,4321,4328,True
ep10,729,66508,66508,forward,6742016,4096,13249,13256,True
ep10,730,66511,66511,forward,2174976,4096,4329,4336,True
ep10,731,66512,66512,forward,6746112,4096,13257,13264,True
ep10,732,66515,66515,forward,2179072,4096,4337,4344,True
ep10,733,66516,66516,forward,6750208,4096,13265,13272,True
ep10,734,66519,66519,forward,2183168,4096,4345,4352,True
ep10,735,66520,66520,forward,6754304,4096,13273,13280,True
ep10,736,66523,66523,forward,2187264,4096,4353,4360,True
ep10,737,66524,66524,forward,6758400,4096,13281,13288,True
ep10,738,66526,66526,forward,2191360,4096,4361,4368,True
ep10,739,66528,66528,forward,6762496,4096,13289,13296,True
ep10,740,66530,66530,forward,2195456,4096,4369,4376,True
ep10,741,66532,66532,forward,6766592,4096,13297,13304,True
ep10,742,66534,66534,forward,2199552,4096,4377,4384,True
ep10,743,66536,66536,forward,6770688,4096,13305,13312,True
ep10,744,66539,66539,forward,1277952,4096,2577,2584,True
ep10,745,66540,66540,forward,6774784,4096,13313,13320,True
ep10,746,66542,66542,forward,1282048,4096,2585,2592,True
ep10,747,66544,66544,forward,6778880,4096,13321,13328,True
ep10,748,66546,66546,forward,1286144,4096,2593,2600,True
ep10,749,66548,66548,forward,6782976,4096,13329,13336,True
ep10,750,66550,66550,forward,1290240,4096,2601,2608,True
ep10,751,66551,66551,forward,6787072,4096,13337,13344,True
ep10,752,66554,66554,forward,1294336,4096,2609,2616,True
ep10,753,66555,66555,forward,6791168,4096,13345,13352,True
ep10,754,66558,66558,forward,1298432,4096,2617,2624,True
ep10,755,66559,66559,forward,6795264,4096,13353,13360,True
ep10,756,66562,66562,forward,1302528,4096,2625,2632,True
ep10,757,66563,66563,forward,6799360,4096,13361,13368,True
ep10,758,66566,66566,forward,1306624,4096,2633,2640,True
ep10,759,66567,66567,forward,6803456,4096,13369,13376,True
ep10,760,66569,66569,forward,1310720,4096,2641,2648,True
ep10,761,66571,66571,forward,6807552,4096,13377,13384,True
ep10,762,66573,66573,forward,1314816,4096,2649,2656,True
ep10,763,66575,66575,forward,6811648,4096,13385,13392,True
ep10,764,66577,66577,forward,1318912,4096,2657,2664,True
ep10,765,66579,66579,forward,6815744,4096,13393,13400,True
ep10,766,66581,66581,forward,1323008,4096,2665,2672,True
ep10,767,66582,66582,forward,6819840,4096,13401,13408,True
ep10,768,66585,66585,forward,1327104,4096,2673,2680,True
ep10,769,66587,66587,forward,6823936,4096,13409,13416,True
ep10,770,66589,66589,forward,1331200,4096,2681,2688,True
ep10,771,66591,66591,forward,6828032,4096,13417,13424,True
ep10,772,66593,66593,forward,1335296,4096,2689,2696,True
ep10,773,66594,66594,forward,6832128,4096,13425,13432,True
ep10,774,66597,66597,forward,1339392,4096,2697,2704,True
ep10,775,66599,66599,forward,6836224,4096,13433,13440,True
ep10,776,66600,66600,forward,1343488,4096,2705,2712,True
ep10,777,66603,66603,forward,6840320,4096,13441,13448,True
ep10,778,66604,66604,forward,1347584,4096,2713,2720,True
ep10,779,66606,66606,forward,6844416,4096,13449,13456,True
ep10,780,66608,66608,forward,1351680,4096,2721,2728,True
ep10,781,66610,66610,forward,6848512,4096,13457,13464,True
ep10,782,66612,66624,forward,1355776,16384,2729,2760,True
ep10,783,66628,66628,forward,6852608,4096,13465,13472,True
ep10,784,66628,66631,forward,1372160,8192,2761,2776,True
ep10,785,66632,66636,forward,6856704,8192,13473,13488,True
ep10,786,66636,66639,forward,1380352,8192,2777,2792,True
ep10,787,66640,66640,forward,6864896,4096,13489,13496,True
ep10,788,66643,66643,forward,1388544,4096,2793,2800,True
ep10,789,66644,66647,forward,6868992,8192,13497,13512,True
ep10,790,66647,66647,forward,1392640,4096,2801,2808,True
ep10,791,66651,66651,forward,6877184,4096,13513,13520,True
ep10,792,66651,66651,forward,1396736,4096,2809,2816,True
ep10,793,66655,66655,forward,6881280,4096,13521,13528,True
ep10,794,66656,66656,forward,1400832,4096,2817,2824,True
ep10,795,66659,66659,forward,6885376,4096,13529,13536,True
ep10,796,66659,66659,forward,1404928,4096,2825,2832,True
ep10,797,66663,66663,forward,6889472,4096,13537,13544,True
ep10,798,66663,66663,forward,1409024,4096,2833,2840,True
ep10,799,66667,66667,forward,6893568,4096,13545,13552,True
ep10,800,66667,66667,forward,1413120,4096,2841,2848,True
ep10,801,66671,66671,forward,6897664,4096,13553,13560,True
ep10,802,66671,66671,forward,1417216,4096,2849,2856,True
ep10,803,66675,66675,forward,6901760,4096,13561,13568,True
ep10,804,66675,66675,forward,1421312,4096,2857,2864,True
ep10,805,66679,66679,forward,6905856,4096,13569,13576,True
ep10,806,66679,66679,forward,1425408,4096,2865,2872,True
ep10,807,66683,66683,forward,6909952,4096,13577,13584,True
ep10,808,66683,66683,forward,1429504,4096,2873,2880,True
ep10,809,66687,66687,forward,6914048,4096,13585,13592,True
ep10,810,66687,66687,forward,1433600,4096,2881,2888,True
ep10,811,66690,66690,forward,6918144,4096,13593,13600,True
ep10,812,66691,66691,forward,1437696,4096,2889,2896,True
ep10,813,66694,66694,forward,6922240,4096,13601,13608,True
ep10,814,66694,66694,forward,1441792,4096,2897,2904,True
ep10,815,66698,66698,forward,6926336,4096,13609,13616,True
ep10,816,66698,66698,forward,1445888,4096,2905,2912,True
ep10,817,66702,66702,forward,6930432,4096,13617,13624,True
ep10,818,66702,66702,forward,1449984,4096,2913,2920,True
ep10,819,66706,66706,forward,6934528,4096,13625,13632,True
ep10,820,66706,66706,forward,1454080,4096,2921,2928,True
ep10,821,66709,66709,forward,6938624,4096,13633,13640,True
ep10,822,66710,66710,forward,1458176,4096,2929,2936,True
ep10,823,66713,66713,forward,6942720,4096,13641,13648,True
ep10,824,66714,66714,forward,1462272,4096,2937,2944,True
ep10,825,66718,66718,forward,6946816,4096,13649,13656,True
ep10,826,66718,66718,forward,1466368,4096,2945,2952,True
ep10,827,66722,66722,forward,6950912,4096,13657,13664,True
ep10,828,66722,66725,forward,1470464,8192,2953,2968,True
ep10,829,66726,66729,forward,6955008,8192,13665,13680,True
ep10,830,66729,66729,forward,1478656,4096,2969,2976,True
ep10,831,66733,66733,forward,6963200,4096,13681,13688,True
ep10,832,66733,66733,forward,1482752,4096,2977,2984,True
ep10,833,66737,66737,forward,6967296,4096,13689,13696,True
ep10,834,66737,66737,forward,1486848,4096,2985,2992,True
ep10,835,66741,66741,forward,6971392,4096,13697,13704,True
ep10,836,66741,66741,forward,1490944,4096,2993,3000,True
ep10,837,66745,66745,forward,6975488,4096,13705,13712,True
ep10,838,66745,66748,forward,1495040,8192,3001,3016,True
ep10,839,66749,66749,forward,6979584,4096,13713,13720,True
ep10,840,66752,66752,forward,1503232,4096,3017,3024,True
ep10,841,66753,66753,forward,6983680,4096,13721,13728,True
ep10,842,66756,66756,forward,1507328,4096,3025,3032,True
ep10,843,66757,66773,forward,6987776,20480,13729,13768,True
ep10,844,66773,66773,forward,1511424,4096,3033,3040,True
ep10,845,66777,66777,forward,7008256,4096,13769,13776,True
ep10,846,66777,66777,forward,1515520,4096,3041,3048,True
ep10,847,66780,66780,forward,7012352,4096,13777,13784,True
ep10,848,66781,66781,forward,1519616,4096,3049,3056,True
ep10,849,66784,66784,forward,7016448,4096,13785,13792,True
ep10,850,66785,66785,forward,1523712,4096,3057,3064,True
ep10,851,66789,66789,forward,7020544,4096,13793,13800,True
ep10,852,66789,66789,forward,1527808,4096,3065,3072,True
ep10,853,66793,66793,forward,7024640,4096,13801,13808,True
ep10,854,66793,66793,forward,1531904,4096,3073,3080,True
ep10,855,66797,66797,forward,7028736,4096,13809,13816,True
ep10,856,66797,66797,forward,1536000,4096,3081,3088,True
ep10,857,66801,66801,forward,7032832,4096,13817,13824,True
ep10,858,66801,66801,forward,1540096,4096,3089,3096,True
ep10,859,66804,66804,forward,7036928,4096,13825,13832,True
ep10,860,66805,66805,forward,1544192,4096,3097,3104,True
ep10,861,66808,66808,forward,7041024,4096,13833,13840,True
ep10,862,66809,66809,forward,1548288,4096,3105,3112,True
ep10,863,66812,66812,forward,7045120,4096,13841,13848,True
ep10,864,66813,66813,forward,1552384,4096,3113,3120,True
ep10,865,66816,66816,forward,7049216,4096,13849,13856,True
ep10,866,66817,66817,forward,1556480,4096,3121,3128,True
ep10,867,66820,66820,forward,7053312,4096,13857,13864,True
ep10,868,66821,66821,forward,1560576,4096,3129,3136,True
ep10,869,66824,66824,forward,7057408,4096,13865,13872,True
ep10,870,66825,66825,forward,1564672,4096,3137,3144,True
ep10,871,66828,66828,forward,7061504,4096,13873,13880,True
ep10,872,66829,66829,forward,1568768,4096,3145,3152,True
ep10,873,66832,66832,forward,7065600,4096,13881,13888,True
ep10,874,66833,66833,forward,1572864,4096,3153,3160,True
ep10,875,66835,66835,forward,7069696,4096,13889,13896,True
ep10,876,66837,66837,forward,1576960,4096,3161,3168,True
ep10,877,66839,66839,forward,7073792,4096,13897,13904,True
ep10,878,66841,66841,forward,1581056,4096,3169,3176,True
ep10,879,66843,66843,forward,7077888,4096,13905,13912,True
ep10,880,66845,66845,forward,1585152,4096,3177,3184,True
ep10,881,66846,66846,forward,7081984,4096,13913,13920,True
ep10,882,66849,66849,forward,1589248,4096,3185,3192,True
ep10,883,66850,66850,forward,7086080,4096,13921,13928,True
ep10,884,66852,66852,forward,1593344,4096,3193,3200,True
ep10,885,66854,66854,forward,7090176,4096,13929,13936,True
ep10,886,66856,66856,forward,1597440,4096,3201,3208,True
ep10,887,66858,66858,forward,7094272,4096,13937,13944,True
ep10,888,66860,66860,forward,1601536,4096,3209,3216,True
ep10,889,66862,66862,forward,7098368,4096,13945,13952,True
ep10,890,66864,66864,forward,1605632,4096,3217,3224,True
ep10,891,66866,66866,forward,7102464,4096,13953,13960,True
ep10,892,66868,66868,forward,1609728,4096,3225,3232,True
ep10,893,66869,66869,forward,7106560,4096,13961,13968,True
ep10,894,66872,66872,forward,1613824,4096,3233,3240,True
ep10,895,66873,66873,forward,7110656,4096,13969,13976,True
ep10,896,66876,66876,forward,1617920,4096,3241,3248,True
ep10,897,66878,66878,forward,7114752,4096,13977,13984,True
ep10,898,66880,66880,forward,1622016,4096,3249,3256,True
ep10,899,66881,66881,forward,7118848,4096,13985,13992,True
ep10,900,66884,66884,forward,1626112,4096,3257,3264,True
ep10,901,66885,66885,forward,7122944,4096,13993,14000,True
ep10,902,66888,66888,forward,1630208,4096,3265,3272,True
ep10,903,66889,66889,forward,7127040,4096,14001,14008,True
ep10,904,66892,66892,forward,1634304,4096,3273,3280,True
ep10,905,66893,66893,forward,7131136,4096,14009,14016,True
ep10,906,66895,66895,forward,1638400,4096,3281,3288,True
ep10,907,66896,66896,forward,7135232,4096,14017,14024,True
ep10,908,66899,66899,forward,1642496,4096,3289,3296,True
ep10,909,66900,66904,forward,7139328,8192,14025,14040,True
ep10,910,66904,66907,forward,2203648,8192,4385,4400,True
ep10,911,66908,66908,forward,7147520,4096,14041,14048,True
ep10,912,66911,66911,forward,2211840,4096,4401,4408,True
ep10,913,66912,66912,forward,7151616,4096,14049,14056,True
ep10,914,66915,66915,forward,2215936,4096,4409,4416,True
ep10,915,66916,66919,forward,7155712,8192,14057,14072,True
ep10,916,66919,66919,forward,2220032,4096,4417,4424,True
ep10,917,66923,66923,forward,7163904,4096,14073,14080,True
ep10,918,66923,66923,forward,2224128,4096,4425,4432,True
ep10,919,66927,66927,forward,7168000,4096,14081,14088,True
ep10,920,66927,66930,forward,2228224,8192,4433,4448,True
ep10,921,66931,66935,forward,7172096,8192,14089,14104,True
ep10,922,66935,66938,forward,2236416,8192,4449,4464,True
ep10,923,66939,66939,forward,7180288,4096,14105,14112,True
ep10,924,66942,66942,forward,2244608,4096,4465,4472,True
ep10,925,66943,66943,forward,7184384,4096,14113,14120,True
ep10,926,66946,66946,forward,2248704,4096,4473,4480,True
ep10,927,66947,66947,forward,7188480,4096,14121,14128,True
ep10,928,66950,66950,forward,2252800,4096,4481,4488,True
ep10,929,66951,66951,forward,7192576,4096,14129,14136,True
ep10,930,66954,66954,forward,2256896,4096,4489,4496,True
ep10,931,66955,66955,forward,7196672,4096,14137,14144,True
ep10,932,66957,66957,forward,2260992,4096,4497,4504,True
ep10,933,66959,66959,forward,7200768,4096,14145,14152,True
ep10,934,66961,66961,forward,2265088,4096,4505,4512,True
ep10,935,66962,66962,forward,7204864,4096,14153,14160,True
ep10,936,66965,66965,forward,2269184,4096,4513,4520,True
ep10,937,66966,66966,forward,7208960,4096,14161,14168,True
ep10,938,66969,66969,forward,2273280,4096,4521,4528,True
ep10,939,66970,66970,forward,7213056,4096,14169,14176,True
ep10,940,66973,66973,forward,2277376,4096,4529,4536,True
ep10,941,66974,66974,forward,7217152,4096,14177,14184,True
ep10,942,66977,66977,forward,2281472,4096,4537,4544,True
ep10,943,66978,66978,forward,7221248,4096,14185,14192,True
ep10,944,66981,66981,forward,2285568,4096,4545,4552,True
ep10,945,66982,66982,forward,7225344,4096,14193,14200,True
ep10,946,66985,66985,forward,2289664,4096,4553,4560,True
ep10,947,66986,66986,forward,7229440,4096,14201,14208,True
ep10,948,66989,66989,forward,2293760,4096,4561,4568,True
ep10,949,66990,66990,forward,7233536,4096,14209,14216,True
ep10,950,66993,66993,forward,2297856,4096,4569,4576,True
ep10,951,66994,66994,forward,7237632,4096,14217,14224,True
ep10,952,66997,66997,forward,2301952,4096,4577,4584,True
ep10,953,66998,66998,forward,7241728,4096,14225,14232,True
ep10,954,67001,67001,forward,2306048,4096,4585,4592,True
ep10,955,67002,67005,forward,7245824,8192,14233,14248,True
ep10,956,67005,67008,forward,2310144,8192,4593,4608,True
ep10,957,67009,67009,forward,7254016,4096,14249,14256,True
ep10,958,67012,67012,forward,2318336,4096,4609,4616,True
ep10,959,67013,67013,forward,7258112,4096,14257,14264,True
ep10,960,67016,67016,forward,2322432,4096,4617,4624,True
ep10,961,67017,67017,forward,7262208,4096,14265,14272,True
ep10,962,67020,67020,forward,2326528,4096,4625,4632,True
ep10,963,67021,67021,forward,7266304,4096,14273,14280,True
ep10,964,67024,67024,forward,2330624,4096,4633,4640,True
ep10,965,67025,67025,forward,7270400,4096,14281,14288,True
ep10,966,67028,67028,forward,2334720,4096,4641,4648,True
ep10,967,67029,67029,forward,7274496,4096,14289,14296,True
ep10,968,67032,67032,forward,2338816,4096,4649,4656,True
ep10,969,67033,67033,forward,7278592,4096,14297,14304,True
ep10,970,67036,67036,forward,2342912,4096,4657,4664,True
ep10,971,67037,67040,forward,7282688,8192,14305,14320,True
ep10,972,67040,67040,forward,2347008,4096,4665,4672,True
ep10,973,67044,67044,forward,7290880,4096,14321,14328,True
ep10,974,67044,67047,forward,2351104,8192,4673,4688,True
ep10,975,67048,67048,forward,7294976,4096,14329,14336,True
ep10,976,67051,67051,forward,2359296,4096,4689,4696,True
ep10,977,67052,67052,forward,7299072,4096,14337,14344,True
ep10,978,67055,67055,forward,2363392,4096,4697,4704,True
ep10,979,67056,67056,forward,7303168,4096,14345,14352,True
ep10,980,67059,67059,forward,2367488,4096,4705,4712,True
ep10,981,67060,67060,forward,7307264,4096,14353,14360,True
ep10,982,67063,67063,forward,2371584,4096,4713,4720,True
ep10,983,67064,67064,forward,7311360,4096,14361,14368,True
ep10,984,67067,67067,forward,2375680,4096,4721,4728,True
ep10,985,67068,67068,forward,7315456,4096,14369,14376,True
ep10,986,67071,67071,forward,2379776,4096,4729,4736,True
ep10,987,67072,67075,forward,7319552,8192,14377,14392,True
ep10,988,67075,67075,forward,2383872,4096,4737,4744,True
ep10,989,67079,67079,forward,7327744,4096,14393,14400,True
ep10,990,67079,67079,forward,2387968,4096,4745,4752,True
ep10,991,67083,67083,forward,7331840,4096,14401,14408,True
ep10,992,67083,67086,forward,2392064,8192,4753,4768,True
ep10,993,67087,67087,forward,7335936,4096,14409,14416,True
ep10,994,67090,67090,forward,2400256,4096,4769,4776,True
ep10,995,67091,67091,forward,7340032,4096,14417,14424,True
ep10,996,67094,67094,forward,2404352,4096,4777,4784,True
ep10,997,67095,67095,forward,7344128,4096,14425,14432,True
ep10,998,67098,67098,forward,2408448,4096,4785,4792,True
ep10,999,67099,67102,forward,7348224,8192,14433,14448,True
ep10,1000,67102,67102,forward,2412544,4096,4793,4800,True
ep10,1001,67106,67106,forward,7356416,4096,14449,14456,True
ep10,1002,67106,67106,forward,2416640,4096,4801,4808,True
ep10,1003,67110,67110,forward,7360512,4096,14457,14464,True
ep10,1004,67110,67110,forward,2420736,4096,4809,4816,True
ep10,1005,67114,67114,forward,7364608,4096,14465,14472,True
ep10,1006,67114,67114,forward,2424832,4096,4817,4824,True
ep10,1007,67118,67118,forward,7368704,4096,14473,14480,True
ep10,1008,67118,67118,forward,2428928,4096,4825,4832,True
ep10,1009,67122,67122,forward,7372800,4096,14481,14488,True
ep10,1010,67122,67122,forward,2433024,4096,4833,4840,True
ep10,1011,67126,67126,forward,7376896,4096,14489,14496,True
ep10,1012,67126,67126,forward,2437120,4096,4841,4848,True
ep10,1013,67130,67130,forward,7380992,4096,14497,14504,True
ep10,1014,67130,67133,forward,2441216,8192,4849,4864,True
ep10,1015,67134,67138,forward,7385088,8192,14505,14520,True
ep10,1016,67138,67138,forward,2449408,4096,4865,4872,True
ep10,1017,67142,67142,forward,7393280,4096,14521,14528,True
ep10,1018,67142,67142,forward,2453504,4096,4873,4880,True
ep10,1019,67145,67145,forward,7397376,4096,14529,14536,True
ep10,1020,67146,67146,forward,2457600,4096,4881,4888,True
ep10,1021,67149,67149,forward,7401472,4096,14537,14544,True
ep10,1022,67149,67149,forward,2461696,4096,4889,4896,True
ep10,1023,67153,67153,forward,7405568,4096,14545,14552,True
ep10,1024,67153,67153,forward,2465792,4096,4897,4904,True
ep10,1025,67157,67157,forward,7409664,4096,14553,14560,True
ep10,1026,67157,67157,forward,2469888,4096,4905,4912,True
ep10,1027,67161,67161,forward,7413760,4096,14561,14568,True
ep10,1028,67161,67161,forward,2473984,4096,4913,4920,True
ep10,1029,67165,67165,forward,7417856,4096,14569,14576,True
ep10,1030,67165,67165,forward,2478080,4096,4921,4928,True
ep10,1031,67168,67168,forward,7421952,4096,14577,14584,True
ep10,1032,67169,67169,forward,2482176,4096,4929,4936,True
ep10,1033,67172,67172,forward,7426048,4096,14585,14592,True
ep10,1034,67173,67173,forward,2486272,4096,4937,4944,True
ep10,1035,67176,67176,forward,7430144,4096,14593,14600,True
ep10,1036,67177,67177,forward,2490368,4096,4945,4952,True
ep10,1037,67180,67180,forward,7434240,4096,14601,14608,True
ep10,1038,67181,67181,forward,2494464,4096,4953,4960,True
ep10,1039,67184,67184,forward,7438336,4096,14609,14616,True
ep10,1040,67184,67184,forward,2498560,4096,4961,4968,True
ep10,1041,67188,67188,forward,7442432,4096,14617,14624,True
ep10,1042,67188,67188,forward,2502656,4096,4969,4976,True
ep10,1043,67192,67192,forward,7446528,4096,14625,14632,True
ep10,1044,67192,67192,forward,2506752,4096,4977,4984,True
ep10,1045,67196,67196,forward,7450624,4096,14633,14640,True
ep10,1046,67196,67199,forward,2510848,8192,4985,5000,True
ep10,1047,67200,67200,forward,7454720,4096,14641,14648,True
ep10,1048,67203,67203,forward,2519040,4096,5001,5008,True
ep10,1049,67204,67204,forward,7458816,4096,14649,14656,True
ep10,1050,67207,67207,forward,2523136,4096,5009,5016,True
ep10,1051,67208,67208,forward,7462912,4096,14657,14664,True
ep10,1052,67211,67211,forward,2527232,4096,5017,5024,True
ep10,1053,67212,67212,forward,7467008,4096,14665,14672,True
ep10,1054,67215,67215,forward,2531328,4096,5025,5032,True
ep10,1055,67216,67216,forward,7471104,4096,14673,14680,True
ep10,1056,67219,67219,forward,2535424,4096,5033,5040,True
ep10,1057,67220,67220,forward,7475200,4096,14681,14688,True
ep10,1058,67222,67222,forward,2539520,4096,5041,5048,True
ep10,1059,67224,67224,forward,7479296,4096,14689,14696,True
ep10,1060,67226,67226,forward,2543616,4096,5049,5056,True
ep10,1061,67228,67228,forward,7483392,4096,14697,14704,True
ep10,1062,67230,67230,forward,2547712,4096,5057,5064,True
ep10,1063,67232,67232,forward,7487488,4096,14705,14712,True
ep10,1064,67234,67234,forward,2551808,4096,5065,5072,True
ep10,1065,67235,67235,forward,7491584,4096,14713,14720,True
ep10,1066,67238,67238,forward,2555904,4096,5073,5080,True
ep10,1067,67239,67239,forward,7495680,4096,14721,14728,True
ep10,1068,67242,67242,forward,2560000,4096,5081,5088,True
ep10,1069,67243,67243,forward,7499776,4096,14729,14736,True
ep10,1070,67246,67246,forward,2564096,4096,5089,5096,True
ep10,1071,67247,67247,forward,7503872,4096,14737,14744,True
ep10,1072,67250,67250,forward,2568192,4096,5097,5104,True
ep10,1073,67251,67251,forward,7507968,4096,14745,14752,True
ep10,1074,67254,67254,forward,1646592,4096,3297,3304,True
ep10,1075,67255,67255,forward,7512064,4096,14753,14760,True
ep10,1076,67258,67258,forward,1650688,4096,3305,3312,True
ep10,1077,67259,67259,forward,7516160,4096,14761,14768,True
ep10,1078,67262,67262,forward,1654784,4096,3313,3320,True
ep10,1079,67263,67263,forward,7520256,4096,14769,14776,True
ep10,1080,67266,67266,forward,1658880,4096,3321,3328,True
ep10,1081,67267,67267,forward,7524352,4096,14777,14784,True
ep10,1082,67269,67269,forward,1662976,4096,3329,3336,True
ep10,1083,67271,67271,forward,7528448,4096,14785,14792,True
ep10,1084,67273,67273,forward,1667072,4096,3337,3344,True
ep10,1085,67275,67275,forward,7532544,4096,14793,14800,True
ep10,1086,67277,67277,forward,1671168,4096,3345,3352,True
ep10,1087,67278,67278,forward,7536640,4096,14801,14808,True
ep10,1088,67280,67280,forward,1675264,4096,3353,3360,True
ep10,1089,67282,67282,forward,7540736,4096,14809,14816,True
ep10,1090,67284,67284,forward,1679360,4096,3361,3368,True
ep10,1091,67286,67286,forward,7544832,4096,14817,14824,True
ep10,1092,67288,67288,forward,1683456,4096,3369,3376,True
ep10,1093,67290,67290,forward,7548928,4096,14825,14832,True
ep10,1094,67292,67292,forward,1687552,4096,3377,3384,True
ep10,1095,67294,67294,forward,7553024,4096,14833,14840,True
ep10,1096,67296,67296,forward,1691648,4096,3385,3392,True
ep10,1097,67298,67298,forward,7557120,4096,14841,14848,True
ep10,1098,67300,67300,forward,1695744,4096,3393,3400,True
ep10,1099,67302,67302,forward,7561216,4096,14849,14856,True
ep10,1100,67304,67304,forward,1699840,4096,3401,3408,True
ep10,1101,67305,67305,forward,7565312,4096,14857,14864,True
ep10,1102,67307,67307,forward,1703936,4096,3409,3416,True
ep10,1103,67309,67309,forward,7569408,4096,14865,14872,True
ep10,1104,67311,67311,forward,1708032,4096,3417,3424,True
ep10,1105,67313,67313,forward,7573504,4096,14873,14880,True
ep10,1106,67315,67315,forward,1712128,4096,3425,3432,True
ep10,1107,67317,67317,forward,7577600,4096,14881,14888,True
ep10,1108,67319,67319,forward,1716224,4096,3433,3440,True
ep10,1109,67321,67321,forward,7581696,4096,14889,14896,True
ep10,1110,67323,67323,forward,1720320,4096,3441,3448,True
ep10,1111,67325,67325,forward,7585792,4096,14897,14904,True
ep10,1112,67327,67327,forward,1724416,4096,3449,3456,True
ep10,1113,67329,67329,forward,7589888,4096,14905,14912,True
ep10,1114,67331,67331,forward,1728512,4096,3457,3464,True
ep10,1115,67333,67333,forward,7593984,4096,14913,14920,True
ep10,1116,67335,67335,forward,1732608,4096,3465,3472,True
ep10,1117,67336,67336,forward,7598080,4096,14921,14928,True
ep10,1118,67339,67339,forward,1736704,4096,3473,3480,True
ep10,1119,67340,67340,forward,7602176,4096,14929,14936,True
ep10,1120,67343,67343,forward,1740800,4096,3481,3488,True
ep10,1121,67344,67344,forward,7606272,4096,14937,14944,True
ep10,1122,67347,67347,forward,1744896,4096,3489,3496,True
ep10,1123,67348,67348,forward,7610368,4096,14945,14952,True
ep10,1124,67351,67351,forward,1748992,4096,3497,3504,True
ep10,1125,67352,67352,forward,7614464,4096,14953,14960,True
ep10,1126,67355,67355,forward,1753088,4096,3505,3512,True
ep10,1127,67356,67356,forward,7618560,4096,14961,14968,True
ep10,1128,67358,67358,forward,1757184,4096,3513,3520,True
ep10,1129,67360,67360,forward,7622656,4096,14969,14976,True
ep10,1130,67362,67362,forward,1761280,4096,3521,3528,True
ep10,1131,67364,67364,forward,7626752,4096,14977,14984,True
ep10,1132,67366,67366,forward,1765376,4096,3529,3536,True
ep10,1133,67367,67367,forward,7630848,4096,14985,14992,True
ep10,1134,67371,67371,forward,1769472,4096,3537,3544,True
ep10,1135,67372,67372,forward,7634944,4096,14993,15000,True
ep10,1136,67374,67374,forward,1773568,4096,3545,3552,True
ep10,1137,67376,67376,forward,7639040,4096,15001,15008,True
ep10,1138,67378,67378,forward,1777664,4096,3553,3560,True
ep10,1139,67379,67379,forward,7643136,4096,15009,15016,True
ep10,1140,67382,67382,forward,1781760,4096,3561,3568,True
ep10,1141,67383,67383,forward,7647232,4096,15017,15024,True
ep10,1142,67386,67386,forward,1785856,4096,3569,3576,True
ep10,1143,67387,67387,forward,7651328,4096,15025,15032,True
ep10,1144,67390,67390,forward,1789952,4096,3577,3584,True
ep10,1145,67391,67394,forward,7655424,8192,15033,15048,True
ep10,1146,67394,67394,forward,1794048,4096,3585,3592,True
ep10,1147,67398,67398,forward,7663616,4096,15049,15056,True
ep10,1148,67398,67398,forward,1798144,4096,3593,3600,True
ep10,1149,67402,67402,forward,7667712,4096,15057,15064,True
ep10,1150,67402,67405,forward,1802240,8192,3601,3616,True
ep10,1151,67406,67409,forward,7671808,8192,15065,15080,True
ep10,1152,67409,67409,forward,1810432,4096,3617,3624,True
ep10,1153,67413,67413,forward,7680000,4096,15081,15088,True
ep10,1154,67413,67429,forward,1814528,20480,3625,3664,True
ep10,1155,67432,67432,forward,7684096,4096,15089,15096,True
ep10,1156,67434,67434,forward,2572288,4096,5105,5112,True
ep10,1157,67436,67436,forward,7688192,4096,15097,15104,True
ep10,1158,67437,67437,forward,2576384,4096,5113,5120,True
ep10,1159,67440,67440,forward,7692288,4096,15105,15112,True
ep10,1160,67441,67441,forward,2580480,4096,5121,5128,True
ep10,1161,67444,67444,forward,7696384,4096,15113,15120,True
ep10,1162,67445,67445,forward,2584576,4096,5129,5136,True
ep10,1163,67448,67448,forward,7700480,4096,15121,15128,True
ep10,1164,67449,67449,forward,2588672,4096,5137,5144,True
ep10,1165,67451,67451,forward,7704576,4096,15129,15136,True
ep10,1166,67452,67452,forward,2592768,4096,5145,5152,True
ep10,1167,67455,67455,forward,7708672,4096,15137,15144,True
ep10,1168,67456,67456,forward,2596864,4096,5153,5160,True
ep10,1169,67459,67459,forward,7712768,4096,15145,15152,True
ep10,1170,67460,67460,forward,2600960,4096,5161,5168,True
ep10,1171,67463,67463,forward,7716864,4096,15153,15160,True
ep10,1172,67464,67464,forward,2605056,4096,5169,5176,True
ep10,1173,67467,67467,forward,7720960,4096,15161,15168,True
ep10,1174,67468,67468,forward,2609152,4096,5177,5184,True
ep10,1175,67471,67471,forward,7725056,4096,15169,15176,True
ep10,1176,67471,67471,forward,2613248,4096,5185,5192,True
ep10,1177,67475,67475,forward,7729152,4096,15177,15184,True
ep10,1178,67475,67475,forward,2617344,4096,5193,5200,True
ep10,1179,67479,67479,forward,7733248,4096,15185,15192,True
ep10,1180,67479,67479,forward,2621440,4096,5201,5208,True
ep10,1181,67482,67482,forward,7737344,4096,15193,15200,True
ep10,1182,67483,67483,forward,2625536,4096,5209,5216,True
ep10,1183,67486,67486,forward,7741440,4096,15201,15208,True
ep10,1184,67486,67486,forward,2629632,4096,5217,5224,True
ep10,1185,67490,67490,forward,7745536,4096,15209,15216,True
ep10,1186,67490,67490,forward,2633728,4096,5225,5232,True
ep10,1187,67493,67493,forward,7749632,4096,15217,15224,True
ep10,1188,67494,67494,forward,2637824,4096,5233,5240,True
ep10,1189,67497,67497,forward,7753728,4096,15225,15232,True
ep10,1190,67498,67498,forward,2641920,4096,5241,5248,True
ep10,1191,67501,67501,forward,7757824,4096,15233,15240,True
ep10,1192,67502,67502,forward,2646016,4096,5249,5256,True
ep10,1193,67505,67505,forward,7761920,4096,15241,15248,True
ep10,1194,67506,67506,forward,2650112,4096,5257,5264,True
ep10,1195,67509,67509,forward,7766016,4096,15249,15256,True
ep10,1196,67510,67510,forward,2654208,4096,5265,5272,True
ep10,1197,67513,67513,forward,7770112,4096,15257,15264,True
ep10,1198,67513,67513,forward,2658304,4096,5273,5280,True
ep10,1199,67517,67517,forward,7774208,4096,15265,15272,True
ep10,1200,67517,67517,forward,2662400,4096,5281,5288,True
ep10,1201,67521,67521,forward,7778304,4096,15273,15280,True
ep10,1202,67521,67524,forward,2666496,8192,5289,5304,True
ep10,1203,67525,67525,forward,7782400,4096,15281,15288,True
ep10,1204,67528,67528,forward,2674688,4096,5305,5312,True
ep10,1205,67529,67529,forward,7786496,4096,15289,15296,True
ep10,1206,67531,67531,forward,2678784,4096,5313,5320,True
ep10,1207,67532,67532,forward,7790592,4096,15297,15304,True
ep10,1208,67535,67535,forward,2682880,4096,5321,5328,True
ep10,1209,67536,67536,forward,7794688,4096,15305,15312,True
ep10,1210,67539,67539,forward,2686976,4096,5329,5336,True
ep10,1211,67540,67540,forward,7798784,4096,15313,15320,True
ep10,1212,67542,67542,forward,2691072,4096,5337,5344,True
ep10,1213,67544,67544,forward,7802880,4096,15321,15328,True
ep10,1214,67546,67546,forward,2695168,4096,5345,5352,True
ep10,1215,67548,67548,forward,7806976,4096,15329,15336,True
ep10,1216,67550,67550,forward,2699264,4096,5353,5360,True
ep10,1217,67552,67552,forward,7811072,4096,15337,15344,True
ep10,1218,67554,67554,forward,2703360,4096,5361,5368,True
ep10,1219,67556,67556,forward,7815168,4096,15345,15352,True
ep10,1220,67557,67557,forward,2707456,4096,5369,5376,True
ep10,1221,67559,67575,forward,7819264,20480,15353,15392,True
ep10,1222,67575,67578,forward,2711552,8192,5377,5392,True
ep10,1223,67579,67579,forward,7839744,4096,15393,15400,True
ep10,1224,67582,67582,forward,2719744,4096,5393,5400,True
ep10,1225,67583,67583,forward,7843840,4096,15401,15408,True
ep10,1226,67586,67586,forward,2723840,4096,5401,5408,True
ep10,1227,67587,67587,forward,7847936,4096,15409,15416,True
ep10,1228,67590,67590,forward,2727936,4096,5409,5416,True
ep10,1229,67591,67594,forward,7852032,8192,15417,15432,True
ep10,1230,67594,67597,forward,2732032,8192,5417,5432,True
ep10,1231,67598,67598,forward,7860224,4096,15433,15440,True
ep10,1232,67601,67601,forward,2740224,4096,5433,5440,True
ep10,1233,67602,67602,forward,7864320,4096,15441,15448,True
ep10,1234,67605,67605,forward,2744320,4096,5441,5448,True
ep10,1235,67606,67606,forward,7868416,4096,15449,15456,True
ep10,1236,67609,67609,forward,2748416,4096,5449,5456,True
ep10,1237,67610,67614,forward,7872512,8192,15457,15472,True
ep10,1238,67614,67617,forward,2752512,8192,5457,5472,True
ep10,1239,67618,67618,forward,7880704,4096,15473,15480,True
ep10,1240,67621,67621,forward,2760704,4096,5473,5480,True
ep10,1241,67622,67622,forward,7884800,4096,15481,15488,True
ep10,1242,67625,67625,forward,2764800,4096,5481,5488,True
ep10,1243,67626,67626,forward,7888896,4096,15489,15496,True
ep10,1244,67629,67629,forward,2768896,4096,5489,5496,True
ep10,1245,67630,67630,forward,7892992,4096,15497,15504,True
ep10,1246,67632,67632,forward,2772992,4096,5497,5504,True
ep10,1247,67633,67633,forward,7897088,4096,15505,15512,True
ep10,1248,67636,67636,forward,2777088,4096,5505,5512,True
ep10,1249,67637,67637,forward,7901184,4096,15513,15520,True
ep10,1250,67640,67640,forward,2781184,4096,5513,5520,True
ep10,1251,67641,67641,forward,7905280,4096,15521,15528,True
ep10,1252,67644,67644,forward,2785280,4096,5521,5528,True
ep10,1253,67645,67645,forward,7909376,4096,15529,15536,True
ep10,1254,67648,67648,forward,2789376,4096,5529,5536,True
ep10,1255,67649,67649,forward,7913472,4096,15537,15544,True
ep10,1256,67652,67652,forward,2793472,4096,5537,5544,True
ep10,1257,67653,67653,forward,7917568,4096,15545,15552,True
ep10,1258,67656,67656,forward,2797568,4096,5545,5552,True
ep10,1259,67657,67657,forward,7921664,4096,15553,15560,True
ep10,1260,67660,67660,forward,2801664,4096,5553,5560,True
ep10,1261,67661,67661,forward,7925760,4096,15561,15568,True
ep10,1262,67663,67663,forward,2805760,4096,5561,5568,True
ep10,1263,67664,67668,forward,7929856,8192,15569,15584,True
ep10,1264,67668,67671,forward,2809856,8192,5569,5584,True
ep10,1265,67672,67676,forward,7938048,8192,15585,15600,True
ep10,1266,67676,67676,forward,2818048,4096,5585,5592,True
ep10,1267,67680,67680,forward,7946240,4096,15601,15608,True
ep10,1268,67680,67680,forward,2822144,4096,5593,5600,True
ep10,1269,67684,67684,forward,7950336,4096,15609,15616,True
ep10,1270,67684,67687,forward,2826240,8192,5601,5616,True
ep10,1271,67688,67691,forward,7954432,8192,15617,15632,True
ep10,1272,67691,67691,forward,2834432,4096,5617,5624,True
ep10,1273,67695,67695,forward,7962624,4096,15633,15640,True
ep10,1274,67695,67695,forward,2838528,4096,5625,5632,True
ep10,1275,67699,67699,forward,7966720,4096,15641,15648,True
ep10,1276,67699,67699,forward,2842624,4096,5633,5640,True
ep10,1277,67703,67703,forward,7970816,4096,15649,15656,True
ep10,1278,67703,67703,forward,2846720,4096,5641,5648,True
ep10,1279,67707,67707,forward,7974912,4096,15657,15664,True
ep10,1280,67707,67710,forward,2850816,8192,5649,5664,True
ep10,1281,67711,67711,forward,7979008,4096,15665,15672,True
ep10,1282,67714,67714,forward,2859008,4096,5665,5672,True
ep10,1283,67715,67715,forward,7983104,4096,15673,15680,True
ep10,1284,67718,67718,forward,2863104,4096,5673,5680,True
ep10,1285,67719,67719,forward,7987200,4096,15681,15688,True
ep10,1286,67722,67722,forward,2867200,4096,5681,5688,True
ep10,1287,67723,67723,forward,7991296,4096,15689,15696,True
ep10,1288,67726,67726,forward,2871296,4096,5689,5696,True
ep10,1289,67727,67727,forward,7995392,4096,15697,15704,True
ep10,1290,67730,67730,forward,2875392,4096,5697,5704,True
ep10,1291,67731,67731,forward,7999488,4096,15705,15712,True
ep10,1292,67734,67734,forward,2879488,4096,5705,5712,True
ep10,1293,67735,67735,forward,8003584,4096,15713,15720,True
ep10,1294,67738,67738,forward,2883584,4096,5713,5720,True
ep10,1295,67739,67739,forward,8007680,4096,15721,15728,True
ep10,1296,67742,67742,forward,2887680,4096,5721,5728,True
ep10,1297,67743,67743,forward,8011776,4096,15729,15736,True
ep10,1298,67746,67746,forward,2891776,4096,5729,5736,True
ep10,1299,67747,67747,forward,8015872,4096,15737,15744,True
ep10,1300,67749,67749,forward,2895872,4096,5737,5744,True
ep10,1301,67751,67751,forward,8019968,4096,15745,15752,True
ep10,1302,67753,67753,forward,2899968,4096,5745,5752,True
ep10,1303,67755,67755,forward,8024064,4096,15753,15760,True
ep10,1304,67757,67757,forward,2904064,4096,5753,5760,True
ep10,1305,67759,67759,forward,8028160,4096,15761,15768,True
ep10,1306,67761,67761,forward,2908160,4096,5761,5768,True
ep10,1307,67762,67762,forward,8032256,4096,15769,15776,True
ep10,1308,67765,67765,forward,2912256,4096,5769,5776,True
ep10,1309,67766,67766,forward,8036352,4096,15777,15784,True
ep10,1310,67769,67769,forward,2916352,4096,5777,5784,True
ep10,1311,67770,67770,forward,8040448,4096,15785,15792,True
ep10,1312,67773,67773,forward,2920448,4096,5785,5792,True
ep10,1313,67774,67774,forward,8044544,4096,15793,15800,True
ep10,1314,67776,67776,forward,2924544,4096,5793,5800,True
ep10,1315,67778,67778,forward,8048640,4096,15801,15808,True
ep10,1316,67780,67780,forward,2928640,4096,5801,5808,True
ep10,1317,67782,67782,forward,8052736,4096,15809,15816,True
ep10,1318,67784,67784,forward,2932736,4096,5809,5816,True
ep10,1319,67786,67786,forward,8056832,4096,15817,15824,True
ep10,1320,67788,67788,forward,2936832,4096,5817,5824,True
ep10,1321,67789,67789,forward,8060928,4096,15825,15832,True
ep10,1322,67792,67792,forward,2940928,4096,5825,5832,True
ep10,1323,67793,67793,forward,8065024,4096,15833,15840,True
ep10,1324,67796,67796,forward,2945024,4096,5833,5840,True
ep10,1325,67797,67797,forward,8069120,4096,15841,15848,True
ep10,1326,67800,67800,forward,2949120,4096,5841,5848,True
ep10,1327,67801,67801,forward,8073216,4096,15849,15856,True
ep10,1328,67804,67804,forward,2953216,4096,5849,5856,True
ep10,1329,67805,67805,forward,8077312,4096,15857,15864,True
ep10,1330,67808,67808,forward,2957312,4096,5857,5864,True
ep10,1331,67809,67809,forward,8081408,4096,15865,15872,True
ep10,1332,67812,67812,forward,2961408,4096,5865,5872,True
ep10,1333,67813,67813,forward,8085504,4096,15873,15880,True
ep10,1334,67815,67815,forward,2965504,4096,5873,5880,True
ep10,1335,67817,67817,forward,8089600,4096,15881,15888,True
ep10,1336,67819,67819,forward,2969600,4096,5881,5888,True
ep10,1337,67821,67821,forward,8093696,4096,15889,15896,True
ep10,1338,67823,67823,forward,2973696,4096,5889,5896,True
ep10,1339,67825,67825,forward,8097792,4096,15897,15904,True
ep10,1340,67827,67827,forward,2977792,4096,5897,5904,True
ep10,1341,67829,67829,forward,8101888,4096,15905,15912,True
ep10,1342,67831,67831,forward,2981888,4096,5905,5912,True
ep10,1343,67832,67832,forward,8105984,4096,15913,15920,True
ep10,1344,67835,67835,forward,2985984,4096,5913,5920,True
ep10,1345,67836,67836,forward,8110080,4096,15921,15928,True
ep10,1346,67839,67839,forward,2990080,4096,5921,5928,True
ep10,1347,67840,67840,forward,8114176,4096,15929,15936,True
ep10,1348,67843,67843,forward,2994176,4096,5929,5936,True
ep10,1349,67844,67847,forward,8118272,8192,15937,15952,True
ep10,1350,67847,67850,forward,2998272,8192,5937,5952,True
ep10,1351,67851,67851,forward,8126464,4096,15953,15960,True
ep10,1352,67854,67854,forward,3006464,4096,5953,5960,True
ep10,1353,67855,67855,forward,8130560,4096,15961,15968,True
ep10,1354,67858,67858,forward,3010560,4096,5961,5968,True
ep10,1355,67859,67859,forward,8134656,4096,15969,15976,True
ep10,1356,67862,67862,forward,3014656,4096,5969,5976,True
ep10,1357,67863,67863,forward,8138752,4096,15977,15984,True
ep10,1358,67866,72836,forward,3018752,5124096,5977,15984,True
ep11,0,76798,76798,meta,,4096,16929,16936,False
ep11,1,76802,76802,meta,,4096,16937,16944,False
ep11,2,76806,76806,meta,,4096,16465,16472,False
ep11,3,76824,76824,meta,,4096,16473,16480,False
ep11,4,76842,76842,meta,,4096,16481,16488,False
ep11,5,76859,76859,meta,,4096,16489,16496,False
ep11,6,76863,76863,meta,,4096,16497,16504,False
ep11,7,76867,76867,meta,,4096,16505,16512,False
ep11,8,76871,76871,meta,,4096,16513,16520,False
ep11,9,76874,76874,meta,,4096,16521,16528,False
ep11,10,76878,76878,meta,,4096,16529,16536,False
ep11,11,76882,76882,meta,,4096,16537,16544,False
ep11,12,76885,76885,meta,,4096,16545,16552,False
ep11,13,76889,76889,meta,,4096,16553,16560,False
ep11,14,76892,76892,meta,,4096,16561,16568,False
ep11,15,76896,76896,meta,,4096,16569,16576,False
ep11,16,76900,76900,meta,,4096,16577,16584,False
ep11,17,76905,76905,meta,,4096,16585,16592,False
ep11,18,76909,76909,meta,,4096,16593,16600,False
ep11,19,76912,76912,meta,,4096,16601,16608,False
ep11,20,76916,76916,meta,,4096,16609,16616,False
ep11,21,76920,76920,meta,,4096,16617,16624,False
ep11,22,76923,76923,meta,,4096,16625,16632,False
ep11,23,76927,76927,meta,,4096,16633,16640,False
ep11,24,76931,76931,meta,,4096,16641,16648,False
ep11,25,76936,76936,meta,,4096,16649,16656,False
ep11,26,76940,76940,meta,,4096,16657,16664,False
ep11,27,76945,76945,meta,,4096,16665,16672,False
ep11,28,76950,76950,meta,,4096,16673,16680,False
ep11,29,76955,76955,meta,,4096,16681,16688,False
ep11,30,76960,76960,meta,,4096,16689,16696,False
ep11,31,76965,76965,meta,,4096,16697,16704,False
ep11,32,76971,76971,meta,,4096,16977,16984,False
ep11,33,76989,76989,meta,,4096,16985,16992,False
ep11,34,76994,76994,meta,,4096,16993,17000,False
ep11,35,76998,76998,meta,,4096,17001,17008,False
ep11,36,77003,77003,meta,,4096,17009,17016,False
ep11,37,77007,77007,meta,,4096,17017,17024,False
ep11,38,77012,77012,meta,,4096,17025,17032,False
ep11,39,77016,77016,meta,,4096,17033,17040,False
ep11,40,77020,77020,meta,,4096,17041,17048,False
ep11,41,77025,77025,meta,,4096,17049,17056,False
ep11,42,77030,77030,meta,,4096,17057,17064,False
ep11,43,77034,77034,meta,,4096,17065,17072,False
ep11,44,77039,77039,meta,,4096,17073,17080,False
ep11,45,77044,77044,meta,,4096,17081,17088,False
ep11,46,77049,77049,meta,,4096,17089,17096,False
ep11,47,77053,77053,meta,,4096,17097,17104,False
ep11,48,77058,77058,meta,,4096,17105,17112,False
ep11,49,77062,77062,meta,,4096,17113,17120,False
ep11,50,77067,77067,meta,,4096,17121,17128,False
ep11,51,77071,77071,meta,,4096,17129,17136,False
ep11,52,77075,77075,meta,,4096,17137,17144,False
ep11,53,77080,77080,meta,,4096,17145,17152,False
ep11,54,77085,77085,meta,,4096,17153,17160,False
ep11,55,77090,77090,meta,,4096,17161,17168,False
ep11,56,77094,77094,meta,,4096,17169,17176,False
ep11,57,77099,77099,meta,,4096,17177,17184,False
ep11,58,77104,77104,meta,,4096,17185,17192,False
ep11,59,77108,77108,meta,,4096,17193,17200,False
ep11,60,77112,77112,meta,,4096,17201,17208,False
ep11,61,77117,77117,meta,,4096,17209,17216,False
ep11,62,77122,77122,meta,,4096,17217,17224,False
ep11,63,77126,77126,meta,,4096,17225,17232,False
ep11,64,77131,77131,meta,,4096,17233,17240,False
ep11,65,77136,77136,meta,,4096,17241,17248,False
ep11,66,77140,77140,meta,,4096,17249,17256,False
ep11,67,77145,77145,meta,,4096,17257,17264,False
ep11,68,77150,77150,meta,,4096,17265,17272,False
ep11,69,77154,77154,meta,,4096,17273,17280,False
ep11,70,77159,77159,meta,,4096,17281,17288,False
ep11,71,77164,77164,meta,,4096,17289,17296,False
ep11,72,77168,77168,meta,,4096,17297,17304,False
ep11,73,77172,77172,meta,,4096,17305,17312,False
ep11,74,77177,77177,meta,,4096,17313,17320,False
ep11,75,77182,77182,meta,,4096,17321,17328,False
ep11,76,77186,77186,meta,,4096,17329,17336,False
ep11,77,77191,77191,meta,,4096,17337,17344,False
ep11,78,77196,77196,meta,,4096,17345,17352,False
ep11,79,77201,77201,meta,,4096,17353,17360,False
ep11,80,77205,77205,meta,,4096,17361,17368,False
ep11,81,77210,77210,meta,,4096,17369,17376,False
ep11,82,77214,77214,meta,,4096,17377,17384,False
ep11,83,77219,77219,meta,,4096,17385,17392,False
ep11,84,77223,77223,meta,,4096,17393,17400,False
ep11,85,77228,77228,meta,,4096,17401,17408,False
ep11,86,77232,77232,meta,,4096,17409,17416,False
ep11,87,77237,77237,meta,,4096,17417,17424,False
ep11,88,77242,77242,meta,,4096,17425,17432,False
ep11,89,77246,77246,meta,,4096,17433,17440,False
ep11,90,77251,77251,meta,,4096,17441,17448,False
ep11,91,77256,77256,meta,,4096,17449,17456,False
ep11,92,77261,77261,meta,,4096,17457,17464,False
ep11,93,77265,77265,meta,,4096,17465,17472,False
ep11,94,77270,77270,meta,,4096,17473,17480,False
ep11,95,77274,77274,meta,,4096,17481,17488,False
ep12,0,166397,166423,forward,245760,16384,561,592,True
ep12,1,166427,166558,forward,122880,122880,321,560,True
ep12,2,166562,166692,forward,0,122880,81,320,True
ep12,3,166697,167058,forward,262144,368640,593,1312,True
ep12,4,167062,167062,forward,8384512,4096,16457,16464,True
ep12,5,167075,167455,forward,630784,401408,1313,2096,True
ep12,6,167459,167818,forward,1835008,368640,3665,4384,True
ep12,7,167822,168167,forward,1032192,368640,2097,2816,True
ep12,8,168171,168531,forward,2203648,368640,4385,5104,True
ep12,9,168535,168883,forward,1400832,368640,2817,3536,True
ep12,10,168887,169247,forward,2572288,368640,5105,5824,True
ep12,11,169251,169309,forward,1769472,65536,3537,3664,True
ep12,12,169313,170295,forward,2940928,1007616,5825,7792,True
ep13,0,173440,177522,forward,3948544,4194304,7793,15984,True
