[tx] {"t":"hello","ver":1}
[rx] {"t":"hello_ack","ver":"0.4.31-dev","fw":"pidrive","slots":4,"page":true,"audio":true,"bin":true,"tcp":true,"tcpPort":9090}
[hello_ack] ver=0.4.31-dev slots=4 page=True tcp=True
[tx] {"t":"audio_stop"}
[bridge] tcp:192.168.178.89:9090 audio=48k paging=on
[tx] {"t":"ping"}
[tx] {"t":"menu_set","rev":2374,"page":0,"items":[{"uid":"fav0","name":"Rock Antenne","kind":"station"},{"uid":"fav1","name":"Rock Antenne Bayern","kind":"station"},{"uid":"fav2","name":"Radio BOB!","kind":"station"},{"uid":"pump:page_next","name":"Menue","kind":"action"}]}
[rx] {"t":"audio_ack","ok":true,"op":"stop"}
[audio_ack] {'t': 'audio_ack', 'ok': True, 'op': 'stop'}
[rx] {"t":"pong"}
[tx] {"t":"ping"}
[rx] {"t":"pong"}
[tx] {"t":"menu_set","rev":2374,"page":0,"items":[{"uid":"fav0","name":"Rock Antenne","kind":"station"},{"uid":"fav1","name":"Rock Antenne Bayern","kind":"station"},{"uid":"fav2","name":"Radio BOB!","kind":"station"},{"uid":"pump:page_next","name":"Menue","kind":"action"}]}
[rx] {"t":"menu_ack","ok":true,"n":4,"rev":2374}
[menu_ack] ok=True n=4 rev=2374
[tx] {"t":"ping"}
[rx] {"t":"pong"}
[tx] {"t":"menu_set","rev":2375,"page":0,"items":[{"uid":"fav0","name":"Rock Antenne","kind":"station"},{"uid":"fav1","name":"Rock Antenne Bayern","kind":"station"},{"uid":"fav2","name":"Radio BOB!","kind":"station"},{"uid":"pump:page_next","name":"Menue","kind":"action"}]}
[rx] {"t":"menu_ack","ok":true,"n":4,"rev":2375}
[menu_ack] ok=True n=4 rev=2375
[tx] {"t":"ping"}
[rx] {"t":"pong"}
[tx] {"t":"ping"}
[rx] {"t":"pong"}
[rx] {"t":"event","op":"play_uid","uid":"fav1"}
[trace] t=0ms play_uid=fav1
[trace] t=50ms audio.start fav fav1
[id3] cover file /home/pidrive/pidrive/assets/usb-msc-covers/stations/web_rock_antenne_bayern.jpg (1903 B)
[tx] {"t":"audio_start","uid":"fav1","codec":"mp3","br":"48k","cSrc":"file","cPath":"stations/web_rock_antenne_bayern.jpg","cTry":"stations/web_rock_antenne_bayern.jpg|stations/rock_antenne_bayern.jpg"}
[trace] audio_start sent uid=fav1 cover=file
[id3] sent 3044 B jpeg=1903 src=file rel='stations/web_rock_antenne_bayern.jpg' → /tmp/pump_id3_probe.mp3
[audio] ffmpeg https://stream.rockantenne.de/rockantenne-bayern/stream/mp3 @ 48k
[rx] {"t":"audio_ack","ok":true,"op":"start","uid":"fav1","id3":true,"warmup":8192}
[audio_ack] {'t': 'audio_ack', 'ok': True, 'op': 'start', 'uid': 'fav1', 'id3': True, 'warmup': 8192}
[audio] forwarded 9000 B / 2s
[audio] forwarded 18000 B / 2s
[audio] forwarded 18000 B / 2s
[audio] forwarded 18000 B / 2s
[audio] forwarded 18000 B / 2s
[audio] forwarded 18000 B / 2s
[audio] forwarded 18000 B / 2s
[audio] forwarded 18000 B / 2s
[audio] forwarded 18000 B / 2s
[audio] forwarded 18000 B / 2s
[audio] forwarded 17192 B / 2s
[audio] forwarded 16976 B / 2s
[audio] forwarded 16976 B / 2s
[audio] forwarded 16976 B / 2s
[audio] forwarded 16976 B / 2s
[audio] forwarded 16976 B / 2s
[audio] forwarded 16976 B / 2s
[audio] forwarded 16976 B / 2s
[audio] forwarded 16976 B / 2s
[audio] forwarded 18000 B / 2s
[audio] forwarded 18000 B / 2s
[audio] forwarded 18000 B / 2s
[audio] forwarded 18000 B / 2s
[audio] forwarded 18000 B / 2s
[audio] forwarded 18000 B / 2s
[audio] forwarded 18000 B / 2s
[audio] forwarded 18000 B / 2s
[audio] forwarded 18000 B / 2s
[audio] forwarded 17192 B / 2s
[audio] forwarded 16976 B / 2s
[audio] forwarded 16976 B / 2s
[audio] forwarded 14797 B / 2s
[audio] forwarded 12225 B / 2s
[audio] forwarded 5329 B / 2s
[audio] forwarded 12382 B / 2s
[audio] forwarded 17555 B / 2s
[audio] forwarded 12072 B / 2s
[audio] forwarded 12382 B / 2s
[audio] forwarded 7687 B / 2s
[audio] forwarded 11201 B / 2s
[audio] forwarded 16687 B / 2s
[audio] forwarded 12072 B / 2s
[audio] forwarded 12225 B / 2s
[audio] forwarded 10759 B / 2s
[audio] forwarded 12226 B / 2s
[audio] forwarded 12904 B / 2s
[audio] forwarded 12382 B / 2s
[audio] forwarded 17192 B / 2s
[audio] forwarded 7531 B / 2s
[audio] forwarded 12382 B / 2s
[audio] forwarded 10386 B / 2s
[audio] forwarded 12382 B / 2s
[audio] forwarded 17711 B / 2s
[audio] forwarded 9000 B / 2s
[audio] forwarded 12225 B / 2s
[audio] forwarded 8711 B / 2s
[audio] forwarded 12226 B / 2s
[audio] forwarded 17711 B / 2s
[audio] forwarded 9000 B / 2s
[audio] forwarded 12225 B / 2s
[audio] forwarded 8711 B / 2s
[audio] forwarded 12225 B / 2s
[audio] forwarded 18025 B / 2s
[audio] forwarded 12382 B / 2s
[audio] forwarded 13096 B / 2s
[audio] forwarded 4615 B / 2s
[audio] forwarded 11755 B / 2s
[audio] forwarded 17711 B / 2s
[audio] forwarded 12382 B / 2s
[audio] forwarded 15297 B / 2s
[audio] forwarded 4775 B / 2s
[audio] forwarded 12226 B / 2s
[audio] forwarded 15663 B / 2s
[audio] forwarded 12225 B / 2s
[audio] forwarded 16168 B / 2s
[audio] forwarded 6663 B / 2s
[audio] forwarded 11201 B / 2s
[audio] forwarded 13615 B / 2s
[audio] forwarded 12226 B / 2s
[audio] forwarded 14590 B / 2s
[audio] forwarded 10289 B / 2s
[audio] forwarded 12382 B / 2s
[audio] forwarded 10386 B / 2s
[audio] forwarded 12382 B / 2s
[audio] forwarded 17192 B / 2s
[audio] forwarded 11410 B / 2s
[audio] forwarded 12382 B / 2s
[audio] forwarded 6977 B / 2s
[audio] forwarded 12225 B / 2s
[audio] forwarded 17711 B / 2s
[audio] forwarded 10024 B / 2s
[audio] forwarded 12226 B / 2s
[audio] forwarded 7687 B / 2s
[audio] forwarded 12225 B / 2s
[audio] forwarded 17711 B / 2s
[audio] forwarded 9000 B / 2s
[audio] forwarded 12382 B / 2s
[audio] forwarded 8554 B / 2s
[audio] forwarded 12382 B / 2s
[audio] forwarded 17555 B / 2s
[audio] forwarded 12072 B / 2s
[audio] forwarded 12382 B / 2s
[audio] forwarded 7530 B / 2s
[audio] forwarded 12382 B / 2s
[audio] forwarded 15976 B / 2s
[audio] forwarded 12226 B / 2s
[audio] forwarded 17502 B / 2s
[audio] forwarded 4305 B / 2s
[audio] forwarded 12382 B / 2s
[audio] forwarded 13458 B / 2s
[audio] forwarded 12382 B / 2s
[audio] forwarded 17554 B / 2s
[audio] forwarded 6144 B / 2s
[audio] forwarded 12382 B / 2s
[audio] forwarded 11411 B / 2s
[audio] forwarded 12382 B / 2s
[audio] forwarded 17192 B / 2s
[audio] forwarded 9735 B / 2s
[audio] forwarded 12225 B / 2s
[audio] forwarded 8495 B / 2s
[audio] forwarded 12225 B / 2s
[audio] forwarded 17711 B / 2s
[rx] {"t":"event","op":"diag","code":"msc.phase","detail":"idle unplug"}
[msc] msc.phase idle unplug
[audio] forwarded 12226 B / 2s
[audio] forwarded 12382 B / 2s
[audio] forwarded 5642 B / 2s
[audio] forwarded 12382 B / 2s
[audio] forwarded 17555 B / 2s
[audio] forwarded 12382 B / 2s
[bridge] link lost (timed out) — reconnect in 3.0s
[tx] {"t":"hello","ver":1}
[rx] {"t":"hello_ack","ver":"0.4.31-dev","fw":"pidrive","slots":4,"page":true,"audio":true,"bin":true,"tcp":true,"tcpPort":9090}
[hello_ack] ver=0.4.31-dev slots=4 page=True tcp=True
[tx] {"t":"menu_set","rev":2375,"page":0,"items":[{"uid":"fav0","name":"Rock Antenne","kind":"station"},{"uid":"fav1","name":"Rock Antenne Bayern","kind":"station"},{"uid":"fav2","name":"Radio BOB!","kind":"station"},{"uid":"pump:page_next","name":"Menue","kind":"action"}]}
[bridge] reconnected tcp:192.168.178.89:9090 hello_ack=ok (menu snapshot resent rev=2375 grace=9)
[tx] {"t":"ping"}
[audio] forwarded 11048 B / 2s
[rx] {"t":"menu_ack","ok":true,"n":4,"rev":2375}
[menu_ack] ok=True n=4 rev=2375
[rx] {"t":"pong"}
[tx] {"t":"menu_set","rev":2376,"page":0,"items":[{"uid":"fav0","name":"Rock Antenne","kind":"station"},{"uid":"fav1","name":"Rock Antenne Bayern","kind":"station"},{"uid":"fav2","name":"Radio BOB!","kind":"station"},{"uid":"pump:page_next","name":"Menue","kind":"action"}]}
[rx] {"t":"menu_ack","ok":true,"n":4,"rev":2376}
[menu_ack] ok=True n=4 rev=2376
[tx] {"t":"ping"}
[rx] {"t":"pong"}
[tx] {"t":"ping"}
[rx] {"t":"pong"}
[tx] {"t":"menu_set","rev":2377,"page":0,"items":[{"uid":"fav0","name":"Rock Antenne","kind":"station"},{"uid":"fav1","name":"Rock Antenne Bayern","kind":"station"},{"uid":"fav2","name":"Radio BOB!","kind":"station"},{"uid":"pump:page_next","name":"Menue","kind":"action"}]}
[rx] {"t":"menu_ack","ok":true,"n":4,"rev":2377}
[menu_ack] ok=True n=4 rev=2377
[tx] {"t":"ping"}
[rx] {"t":"pong"}
[tx] {"t":"ping"}
[rx] {"t":"pong"}
[tx] {"t":"ping"}
[rx] {"t":"pong"}
[tx] {"t":"ping"}
[rx] {"t":"pong"}
[tx] {"t":"ping"}
[rx] {"t":"pong"}
[tx] {"t":"ping"}
[rx] {"t":"pong"}
[tx] {"t":"ping"}
[rx] {"t":"pong"}
[tx] {"t":"ping"}
[rx] {"t":"pong"}
[tx] {"t":"ping"}
[rx] {"t":"pong"}
[tx] {"t":"ping"}
[rx] {"t":"pong"}
[tx] {"t":"ping"}
[rx] {"t":"pong"}
[tx] {"t":"ping"}
[rx] {"t":"pong"}
[tx] {"t":"ping"}
[rx] {"t":"pong"}
[tx] {"t":"ping"}
[rx] {"t":"pong"}
[tx] {"t":"ping"}
[rx] {"t":"pong"}
[tx] {"t":"ping"}
[rx] {"t":"pong"}
[tx] {"t":"ping"}
[rx] {"t":"pong"}
[tx] {"t":"ping"}
[rx] {"t":"pong"}
[tx] {"t":"ping"}
[rx] {"t":"pong"}
[tx] {"t":"ping"}
[rx] {"t":"pong"}
[tx] {"t":"ping"}
[rx] {"t":"pong"}
[tx] {"t":"ping"}
[rx] {"t":"pong"}
[tx] {"t":"ping"}
[rx] {"t":"pong"}
[tx] {"t":"ping"}
[rx] {"t":"pong"}
[tx] {"t":"ping"}
[rx] {"t":"pong"}
[tx] {"t":"ping"}
[rx] {"t":"pong"}
[tx] {"t":"ping"}
[rx] {"t":"pong"}
[tx] {"t":"ping"}
[rx] {"t":"pong"}
[tx] {"t":"ping"}
[rx] {"t":"pong"}
[tx] {"t":"ping"}
[rx] {"t":"pong"}
[tx] {"t":"ping"}
[rx] {"t":"pong"}
[tx] {"t":"ping"}
[rx] {"t":"pong"}
[rx] {"t":"event","op":"play_uid","uid":"fav1"}
[trace] t=0ms play_uid=fav1
[trace] t=50ms audio.start fav fav1
[tx] {"t":"audio_stop"}
[id3] cover file /home/pidrive/pidrive/assets/usb-msc-covers/stations/web_rock_antenne_bayern.jpg (1903 B)
[tx] {"t":"audio_start","uid":"fav1","codec":"mp3","br":"48k","cSrc":"file","cPath":"stations/web_rock_antenne_bayern.jpg","cTry":"stations/web_rock_antenne_bayern.jpg|stations/rock_antenne_bayern.jpg"}
[trace] audio_start sent uid=fav1 cover=file
[id3] skip: [Errno 32] Broken pipe
[audio] ffmpeg https://stream.rockantenne.de/rockantenne-bayern/stream/mp3 @ 48k
[rx] {"t":"audio_ack","ok":true,"op":"stop"}
[audio_ack] {'t': 'audio_ack', 'ok': True, 'op': 'stop'}
[bridge] link lost ([Errno 32] Broken pipe) — reconnect in 3.0s
[tx] {"t":"hello","ver":1}
[rx] {"t":"hello_ack","ver":"0.4.31-dev","fw":"pidrive","slots":4,"page":true,"audio":true,"bin":true,"tcp":true,"tcpPort":9090}
[hello_ack] ver=0.4.31-dev slots=4 page=True tcp=True
[tx] {"t":"menu_set","rev":2377,"page":0,"items":[{"uid":"fav0","name":"Rock Antenne","kind":"station"},{"uid":"fav1","name":"Rock Antenne Bayern","kind":"station"},{"uid":"fav2","name":"Radio BOB!","kind":"station"},{"uid":"pump:page_next","name":"Menue","kind":"action"}]}
[bridge] reconnected tcp:192.168.178.89:9090 hello_ack=ok (menu snapshot resent rev=2377 grace=9)
[tx] {"t":"ping"}
[rx] {"t":"menu_ack","ok":true,"n":4,"rev":2377}
[menu_ack] ok=True n=4 rev=2377
[rx] {"t":"pong"}
[tx] {"t":"ping"}
[rx] {"t":"pong"}
[tx] {"t":"ping"}
[rx] {"t":"pong"}
[tx] {"t":"ping"}
[rx] {"t":"pong"}
[rx] {"t":"event","op":"diag","code":"play.reject","detail":"not_from_head uid=fav0 from=729 +4096B age=95470ms prefetch"}
[msc] play.reject not_from_head uid=fav0 from=729 +4096B age=95470ms prefetch
[tx] {"t":"ping"}
[rx] {"t":"pong"}
[rx] {"t":"event","op":"diag","code":"msc.quiet","detail":"file=1612288B age=2000ms"}
[msc] msc.quiet file=1612288B age=2000ms
[tx] {"t":"ping"}
[rx] {"t":"pong"}
[tx] {"t":"ping"}
[rx] {"t":"pong"}
[tx] {"t":"ping"}
[rx] {"t":"pong"}
[tx] {"t":"ping"}
[rx] {"t":"pong"}
[tx] {"t":"ping"}
[rx] {"t":"pong"}
[tx] {"t":"ping"}
[rx] {"t":"pong"}
[tx] {"t":"ping"}
[rx] {"t":"pong"}
[tx] {"t":"ping"}
[rx] {"t":"pong"}
[tx] {"t":"ping"}
[rx] {"t":"pong"}
[rx] {"t":"event","op":"play_uid","uid":"fav1"}
[trace] t=0ms play_uid=fav1
[trace] t=50ms audio.start fav fav1
[tx] {"t":"audio_stop"}
[id3] cover file /home/pidrive/pidrive/assets/usb-msc-covers/stations/web_rock_antenne_bayern.jpg (1903 B)
[tx] {"t":"audio_start","uid":"fav1","codec":"mp3","br":"48k","cSrc":"file","cPath":"stations/web_rock_antenne_bayern.jpg","cTry":"stations/web_rock_antenne_bayern.jpg|stations/rock_antenne_bayern.jpg"}
[trace] audio_start sent uid=fav1 cover=file
[id3] sent 3044 B jpeg=1903 src=file rel='stations/web_rock_antenne_bayern.jpg' → /tmp/pump_id3_probe.mp3
[audio] ffmpeg https://stream.rockantenne.de/rockantenne-bayern/stream/mp3 @ 48k
[rx] {"t":"audio_ack","ok":true,"op":"stop"}
[audio_ack] {'t': 'audio_ack', 'ok': True, 'op': 'stop'}
[rx] {"t":"audio_ack","ok":true,"op":"start","uid":"fav1","id3":true,"warmup":8192}
[audio_ack] {'t': 'audio_ack', 'ok': True, 'op': 'start', 'uid': 'fav1', 'id3': True, 'warmup': 8192}
[audio] forwarded 9000 B / 2s
[audio] forwarded 18000 B / 2s
[audio] forwarded 18000 B / 2s
[audio] forwarded 18000 B / 2s
[audio] forwarded 18000 B / 2s
[audio] forwarded 18000 B / 2s
[audio] forwarded 18000 B / 2s
[audio] forwarded 18000 B / 2s
[audio] forwarded 18000 B / 2s
[audio] forwarded 18000 B / 2s
[audio] forwarded 17192 B / 2s
[audio] forwarded 16976 B / 2s
[audio] forwarded 16976 B / 2s
[audio] forwarded 16976 B / 2s
[audio] forwarded 16976 B / 2s
[audio] forwarded 16976 B / 2s
[audio] forwarded 16976 B / 2s
[audio] forwarded 16976 B / 2s
[audio] forwarded 16976 B / 2s
[audio] forwarded 18000 B / 2s
[audio] forwarded 18000 B / 2s
[audio] forwarded 18000 B / 2s
[audio] forwarded 18000 B / 2s
[audio] forwarded 18000 B / 2s
[audio] forwarded 18000 B / 2s
[audio] forwarded 18000 B / 2s
[audio] forwarded 18000 B / 2s
[audio] forwarded 18000 B / 2s
[audio] forwarded 17192 B / 2s
[audio] forwarded 16976 B / 2s
[audio] forwarded 16976 B / 2s
[audio] forwarded 15678 B / 2s
[audio] forwarded 13249 B / 2s
[audio] forwarded 4305 B / 2s
[audio] forwarded 12382 B / 2s
[audio] forwarded 17554 B / 2s
[audio] forwarded 12072 B / 2s
[audio] forwarded 12382 B / 2s
[audio] forwarded 7531 B / 2s
[audio] forwarded 12382 B / 2s
[audio] forwarded 15663 B / 2s
[audio] forwarded 12072 B / 2s
[bridge] link lost (timed out) — reconnect in 3.0s
[tx] {"t":"hello","ver":1}
[bridge] reconnected tcp:192.168.178.89:9090 hello_ack=missing (menu sync pending, grace=9)
[bridge] link lost ([Errno 32] Broken pipe) — reconnect in 3.0s
[tx] {"t":"hello","ver":1}
[rx] {"t":"hello_ack","ver":"0.4.31-dev","fw":"pidrive","slots":4,"page":true,"audio":true,"bin":true,"tcp":true,"tcpPort":9090}
[hello_ack] ver=0.4.31-dev slots=4 page=True tcp=True
[tx] {"t":"menu_set","rev":2377,"page":0,"items":[{"uid":"fav0","name":"Rock Antenne","kind":"station"},{"uid":"fav1","name":"Rock Antenne Bayern","kind":"station"},{"uid":"fav2","name":"Radio BOB!","kind":"station"},{"uid":"pump:page_next","name":"Menue","kind":"action"}]}
[bridge] reconnected tcp:192.168.178.89:9090 hello_ack=ok (menu snapshot resent rev=2377 grace=9)
[tx] {"t":"ping"}
[audio] forwarded 3225 B / 2s
[rx] {"t":"menu_ack","ok":true,"n":4,"rev":2377}
[menu_ack] ok=True n=4 rev=2377
[rx] {"t":"pong"}
[tx] {"t":"ping"}
[rx] {"t":"pong"}
[tx] {"t":"ping"}
[rx] {"t":"pong"}
[tx] {"t":"ping"}
[rx] {"t":"pong"}
[tx] {"t":"ping"}
[rx] {"t":"pong"}
[tx] {"t":"ping"}
[rx] {"t":"pong"}
[tx] {"t":"ping"}
[rx] {"t":"pong"}
[tx] {"t":"ping"}
[rx] {"t":"pong"}
[tx] {"t":"ping"}
[rx] {"t":"pong"}
[tx] {"t":"ping"}
[rx] {"t":"pong"}
[tx] {"t":"ping"}
[rx] {"t":"pong"}
[tx] {"t":"ping"}
[rx] {"t":"pong"}
[tx] {"t":"ping"}
[rx] {"t":"pong"}
[tx] {"t":"ping"}
[rx] {"t":"pong"}
[tx] {"t":"ping"}
[rx] {"t":"pong"}
[tx] {"t":"ping"}
[rx] {"t":"pong"}
[tx] {"t":"ping"}
[rx] {"t":"pong"}
[tx] {"t":"ping"}
[rx] {"t":"pong"}
[tx] {"t":"ping"}
[rx] {"t":"pong"}
[tx] {"t":"ping"}
[rx] {"t":"pong"}
[tx] {"t":"ping"}
[rx] {"t":"pong"}
[tx] {"t":"ping"}
[rx] {"t":"pong"}
[tx] {"t":"ping"}
[rx] {"t":"pong"}
[tx] {"t":"menu_set","rev":2378,"page":0,"items":[{"uid":"fav0","name":"Rock Antenne","kind":"station"},{"uid":"fav1","name":"Rock Antenne Bayern","kind":"station"},{"uid":"fav2","name":"Radio BOB!","kind":"station"},{"uid":"pump:page_next","name":"Menue","kind":"action"}]}
[rx] {"t":"menu_ack","ok":true,"n":4,"rev":2378}
[menu_ack] ok=True n=4 rev=2378
[tx] {"t":"ping"}
[rx] {"t":"pong"}
[tx] {"t":"ping"}
[rx] {"t":"pong"}
[tx] {"t":"ping"}
[rx] {"t":"pong"}
[tx] {"t":"ping"}
[rx] {"t":"pong"}
[tx] {"t":"ping"}
[rx] {"t":"pong"}
[rx] {"t":"event","op":"diag","code":"play.reject","detail":"not_from_head uid=fav0 from=537 +4096B age=64848ms prefetch"}
[msc] play.reject not_from_head uid=fav0 from=537 +4096B age=64848ms prefetch
[rx] {"t":"event","op":"diag","code":"play.reject","detail":"seq_short uid=fav0 from=57 +4096B age=64991ms"}
[msc] play.reject seq_short uid=fav0 from=57 +4096B age=64991ms
[rx] {"t":"event","op":"play_uid","uid":"fav0"}
[trace] t=0ms play_uid=fav0
[audio] ignore rapid fav0 (have fav1)
[rx] {"t":"event","op":"diag","code":"play.reject","detail":"cooldown uid=fav0 from=57 +12288B age=65006ms"}
[msc] play.reject cooldown uid=fav0 from=57 +12288B age=65006ms
[rx] {"t":"event","op":"diag","code":"play.reject","detail":"not_from_head uid=fav0 from=569 +4096B age=65119ms prefetch"}
[msc] play.reject not_from_head uid=fav0 from=569 +4096B age=65119ms prefetch
[tx] {"t":"ping"}
[rx] {"t":"pong"}
[tx] {"t":"ping"}
[rx] {"t":"pong"}
[tx] {"t":"ping"}
[rx] {"t":"pong"}
[tx] {"t":"ping"}
[rx] {"t":"pong"}
[tx] {"t":"ping"}
[rx] {"t":"pong"}
[tx] {"t":"ping"}
[rx] {"t":"pong"}
[tx] {"t":"ping"}
[rx] {"t":"pong"}
[tx] {"t":"ping"}
[rx] {"t":"pong"}
[tx] {"t":"ping"}
[rx] {"t":"pong"}
[tx] {"t":"ping"}
[rx] {"t":"pong"}
[tx] {"t":"ping"}
[rx] {"t":"pong"}
[tx] {"t":"ping"}
[rx] {"t":"pong"}
[tx] {"t":"menu_set","rev":2379,"page":0,"items":[{"uid":"fav0","name":"Rock Antenne","kind":"station"},{"uid":"fav1","name":"Rock Antenne Bayern","kind":"station"},{"uid":"fav2","name":"Radio BOB!","kind":"station"},{"uid":"pump:page_next","name":"Menue","kind":"action"}]}
[rx] {"t":"menu_ack","ok":true,"n":4,"rev":2379}
[menu_ack] ok=True n=4 rev=2379
[tx] {"t":"ping"}
[rx] {"t":"pong"}
[tx] {"t":"ping"}
[rx] {"t":"pong"}
[tx] {"t":"ping"}
[rx] {"t":"pong"}
[tx] {"t":"ping"}
[rx] {"t":"pong"}
[tx] {"t":"ping"}
[rx] {"t":"pong"}
[tx] {"t":"ping"}
[rx] {"t":"pong"}
[tx] {"t":"ping"}
[rx] {"t":"pong"}
[tx] {"t":"ping"}
[rx] {"t":"pong"}
[tx] {"t":"ping"}
[rx] {"t":"pong"}
[tx] {"t":"ping"}
[rx] {"t":"pong"}
[tx] {"t":"ping"}
[rx] {"t":"pong"}
[tx] {"t":"ping"}
[rx] {"t":"pong"}
[tx] {"t":"ping"}
[rx] {"t":"pong"}
[tx] {"t":"ping"}
[rx] {"t":"pong"}
[tx] {"t":"ping"}
[rx] {"t":"pong"}
[tx] {"t":"ping"}
[rx] {"t":"pong"}
[tx] {"t":"ping"}
[rx] {"t":"pong"}
[tx] {"t":"ping"}
[rx] {"t":"pong"}
[tx] {"t":"ping"}
[rx] {"t":"pong"}
[tx] {"t":"ping"}
[rx] {"t":"pong"}
[tx] {"t":"ping"}
[rx] {"t":"pong"}
[tx] {"t":"ping"}
[rx] {"t":"pong"}
[tx] {"t":"ping"}
[rx] {"t":"pong"}
[tx] {"t":"ping"}
[rx] {"t":"pong"}
[tx] {"t":"ping"}
[rx] {"t":"pong"}
[tx] {"t":"ping"}
[rx] {"t":"pong"}
[tx] {"t":"ping"}
[rx] {"t":"pong"}
[tx] {"t":"ping"}
[rx] {"t":"pong"}
[tx] {"t":"ping"}
[rx] {"t":"pong"}
[tx] {"t":"ping"}
[rx] {"t":"pong"}
[tx] {"t":"ping"}
[rx] {"t":"pong"}
[tx] {"t":"ping"}
[rx] {"t":"pong"}
[tx] {"t":"ping"}
[rx] {"t":"pong"}
[tx] {"t":"ping"}
[rx] {"t":"pong"}
[tx] {"t":"ping"}
[rx] {"t":"pong"}
[tx] {"t":"ping"}
[rx] {"t":"pong"}
[tx] {"t":"ping"}
[rx] {"t":"pong"}
[tx] {"t":"ping"}
[rx] {"t":"pong"}
[tx] {"t":"ping"}
[rx] {"t":"pong"}
[tx] {"t":"ping"}
[rx] {"t":"pong"}
[tx] {"t":"ping"}
[rx] {"t":"pong"}
[tx] {"t":"ping"}
[rx] {"t":"pong"}
[tx] {"t":"ping"}
[rx] {"t":"pong"}
[tx] {"t":"ping"}
[rx] {"t":"pong"}
[tx] {"t":"ping"}
[rx] {"t":"pong"}
[tx] {"t":"ping"}
[rx] {"t":"pong"}
[tx] {"t":"ping"}
[rx] {"t":"pong"}
[tx] {"t":"ping"}
[rx] {"t":"pong"}
[tx] {"t":"ping"}
[rx] {"t":"pong"}
[tx] {"t":"ping"}
[rx] {"t":"pong"}
[tx] {"t":"ping"}
[rx] {"t":"pong"}
[tx] {"t":"ping"}
[rx] {"t":"pong"}
[tx] {"t":"ping"}
[rx] {"t":"pong"}
[tx] {"t":"ping"}
[rx] {"t":"pong"}
[tx] {"t":"ping"}
[rx] {"t":"pong"}
[tx] {"t":"ping"}
[rx] {"t":"pong"}
[tx] {"t":"ping"}
[rx] {"t":"pong"}
[tx] {"t":"ping"}
[rx] {"t":"pong"}
[tx] {"t":"ping"}
[rx] {"t":"pong"}
[tx] {"t":"ping"}
[rx] {"t":"pong"}
[tx] {"t":"ping"}
[rx] {"t":"pong"}
[tx] {"t":"ping"}
[rx] {"t":"pong"}
[tx] {"t":"ping"}
[rx] {"t":"pong"}
[tx] {"t":"ping"}
[rx] {"t":"pong"}
[tx] {"t":"ping"}
[rx] {"t":"pong"}
[tx] {"t":"ping"}
[rx] {"t":"pong"}
[tx] {"t":"ping"}
[rx] {"t":"pong"}
[tx] {"t":"ping"}
[rx] {"t":"pong"}
[tx] {"t":"ping"}
[rx] {"t":"pong"}
[tx] {"t":"ping"}
[rx] {"t":"pong"}
[tx] {"t":"ping"}
[rx] {"t":"pong"}
[tx] {"t":"ping"}
[rx] {"t":"pong"}
[tx] {"t":"ping"}
[rx] {"t":"pong"}
[tx] {"t":"ping"}
[rx] {"t":"pong"}
[tx] {"t":"ping"}
[rx] {"t":"pong"}
[tx] {"t":"ping"}
[rx] {"t":"pong"}
[tx] {"t":"ping"}
[rx] {"t":"pong"}
[tx] {"t":"ping"}
[rx] {"t":"pong"}
[tx] {"t":"ping"}
[rx] {"t":"pong"}
[tx] {"t":"ping"}
[rx] {"t":"pong"}
[tx] {"t":"ping"}
[rx] {"t":"pong"}
[tx] {"t":"ping"}
[rx] {"t":"pong"}
[tx] {"t":"ping"}
[rx] {"t":"pong"}
[tx] {"t":"ping"}
[rx] {"t":"pong"}
[tx] {"t":"ping"}
[rx] {"t":"pong"}
[tx] {"t":"ping"}
[rx] {"t":"pong"}
[tx] {"t":"ping"}
[rx] {"t":"pong"}
[tx] {"t":"ping"}
[rx] {"t":"pong"}
[tx] {"t":"ping"}
[rx] {"t":"pong"}
[tx] {"t":"ping"}
[rx] {"t":"pong"}
[tx] {"t":"ping"}
[rx] {"t":"pong"}
[tx] {"t":"ping"}
[rx] {"t":"pong"}
[tx] {"t":"ping"}
[rx] {"t":"pong"}
[tx] {"t":"ping"}
[rx] {"t":"pong"}
[tx] {"t":"ping"}
[rx] {"t":"pong"}
[tx] {"t":"ping"}
[rx] {"t":"pong"}
[tx] {"t":"ping"}
[rx] {"t":"pong"}
[tx] {"t":"ping"}
[rx] {"t":"pong"}
[tx] {"t":"ping"}
[rx] {"t":"pong"}
[tx] {"t":"ping"}
[rx] {"t":"pong"}
[tx] {"t":"ping"}
[rx] {"t":"pong"}
[tx] {"t":"ping"}
[rx] {"t":"pong"}
[tx] {"t":"ping"}
[rx] {"t":"pong"}
[tx] {"t":"ping"}
[rx] {"t":"pong"}
[tx] {"t":"ping"}
[rx] {"t":"pong"}
[tx] {"t":"ping"}
[rx] {"t":"pong"}
[tx] {"t":"ping"}
[rx] {"t":"pong"}
[tx] {"t":"ping"}
[rx] {"t":"pong"}
[tx] {"t":"ping"}
[rx] {"t":"pong"}
[tx] {"t":"ping"}
[rx] {"t":"pong"}
[tx] {"t":"ping"}
[rx] {"t":"pong"}
[tx] {"t":"ping"}
[rx] {"t":"pong"}
[tx] {"t":"ping"}
[rx] {"t":"pong"}
[tx] {"t":"ping"}
[rx] {"t":"pong"}
[tx] {"t":"ping"}
[rx] {"t":"pong"}
[tx] {"t":"ping"}
[rx] {"t":"pong"}
[tx] {"t":"ping"}
[rx] {"t":"pong"}
[tx] {"t":"ping"}
[rx] {"t":"pong"}
[tx] {"t":"ping"}
[rx] {"t":"pong"}
[tx] {"t":"menu_set","rev":2380,"page":0,"items":[{"uid":"fav0","name":"Rock Antenne","kind":"station"},{"uid":"fav1","name":"Rock Antenne Bayern","kind":"station"},{"uid":"fav2","name":"Radio BOB!","kind":"station"},{"uid":"pump:page_next","name":"Menue","kind":"action"}]}
[rx] {"t":"menu_ack","ok":true,"n":4,"rev":2380}
[menu_ack] ok=True n=4 rev=2380
[tx] {"t":"ping"}
[rx] {"t":"pong"}
[tx] {"t":"ping"}
[rx] {"t":"pong"}
[tx] {"t":"ping"}
[rx] {"t":"pong"}
[tx] {"t":"ping"}
[rx] {"t":"pong"}
[tx] {"t":"ping"}
[rx] {"t":"pong"}
[tx] {"t":"ping"}
[rx] {"t":"pong"}
[tx] {"t":"ping"}
[rx] {"t":"pong"}
[tx] {"t":"ping"}
[rx] {"t":"pong"}
[tx] {"t":"ping"}
[rx] {"t":"pong"}
[tx] {"t":"ping"}
[rx] {"t":"pong"}
[tx] {"t":"ping"}
[rx] {"t":"pong"}
[tx] {"t":"ping"}
[rx] {"t":"pong"}
[tx] {"t":"ping"}
[rx] {"t":"pong"}
[tx] {"t":"ping"}
[rx] {"t":"pong"}
[tx] {"t":"ping"}
[rx] {"t":"pong"}
[tx] {"t":"ping"}
[rx] {"t":"pong"}
[tx] {"t":"ping"}
[rx] {"t":"pong"}
[tx] {"t":"menu_set","rev":2381,"page":0,"items":[{"uid":"fav0","name":"Rock Antenne","kind":"station"},{"uid":"fav1","name":"Rock Antenne Bayern","kind":"station"},{"uid":"fav2","name":"Radio BOB!","kind":"station"},{"uid":"pump:page_next","name":"Menue","kind":"action"}]}
[rx] {"t":"menu_ack","ok":true,"n":4,"rev":2381}
[menu_ack] ok=True n=4 rev=2381
[tx] {"t":"ping"}
[rx] {"t":"pong"}
[tx] {"t":"ping"}
[rx] {"t":"pong"}
[tx] {"t":"ping"}
[rx] {"t":"pong"}
[tx] {"t":"ping"}
[rx] {"t":"pong"}
[tx] {"t":"ping"}
[rx] {"t":"pong"}
[tx] {"t":"ping"}
[rx] {"t":"pong"}
[tx] {"t":"ping"}
[rx] {"t":"pong"}
[tx] {"t":"ping"}
[rx] {"t":"pong"}
[tx] {"t":"ping"}
[rx] {"t":"pong"}
[tx] {"t":"ping"}
[rx] {"t":"pong"}
[tx] {"t":"ping"}
[rx] {"t":"pong"}
[tx] {"t":"ping"}
[rx] {"t":"pong"}
[tx] {"t":"ping"}
[rx] {"t":"pong"}
[tx] {"t":"ping"}
[rx] {"t":"pong"}
[tx] {"t":"ping"}
[rx] {"t":"pong"}
[tx] {"t":"ping"}
[rx] {"t":"pong"}
[tx] {"t":"ping"}
[rx] {"t":"pong"}
[tx] {"t":"ping"}
[rx] {"t":"pong"}
[tx] {"t":"ping"}
[rx] {"t":"pong"}
[tx] {"t":"ping"}
[rx] {"t":"pong"}
[tx] {"t":"ping"}
[rx] {"t":"pong"}
[tx] {"t":"ping"}
[rx] {"t":"pong"}
[tx] {"t":"ping"}
[rx] {"t":"pong"}
[tx] {"t":"ping"}
[rx] {"t":"pong"}
[tx] {"t":"ping"}
[rx] {"t":"pong"}
[tx] {"t":"ping"}
[rx] {"t":"pong"}
[tx] {"t":"ping"}
[rx] {"t":"pong"}
[tx] {"t":"ping"}
[rx] {"t":"pong"}
[tx] {"t":"ping"}
[rx] {"t":"pong"}
[tx] {"t":"ping"}
[rx] {"t":"pong"}
[tx] {"t":"ping"}
[rx] {"t":"pong"}
[tx] {"t":"ping"}
[rx] {"t":"pong"}
[tx] {"t":"ping"}
[rx] {"t":"pong"}
[tx] {"t":"ping"}
[rx] {"t":"pong"}
[tx] {"t":"ping"}
[rx] {"t":"pong"}
[tx] {"t":"ping"}
[rx] {"t":"pong"}
[tx] {"t":"ping"}
[rx] {"t":"pong"}
[tx] {"t":"ping"}
[rx] {"t":"pong"}
[tx] {"t":"ping"}
[rx] {"t":"pong"}
[tx] {"t":"ping"}
[rx] {"t":"pong"}
[tx] {"t":"ping"}
[rx] {"t":"pong"}
[tx] {"t":"ping"}
[rx] {"t":"pong"}
[tx] {"t":"ping"}
[rx] {"t":"pong"}
[tx] {"t":"ping"}
[rx] {"t":"pong"}
[tx] {"t":"ping"}
[rx] {"t":"pong"}
[tx] {"t":"ping"}
[rx] {"t":"pong"}
[tx] {"t":"ping"}
[rx] {"t":"pong"}
[tx] {"t":"ping"}
[rx] {"t":"pong"}
[tx] {"t":"ping"}
[rx] {"t":"pong"}
[tx] {"t":"ping"}
[rx] {"t":"pong"}
[tx] {"t":"ping"}
[rx] {"t":"pong"}
[tx] {"t":"ping"}
[rx] {"t":"pong"}
[tx] {"t":"ping"}
[rx] {"t":"pong"}
[tx] {"t":"ping"}
[rx] {"t":"pong"}
[tx] {"t":"ping"}
[rx] {"t":"pong"}
[tx] {"t":"ping"}
[rx] {"t":"pong"}
[tx] {"t":"ping"}
[rx] {"t":"pong"}
[tx] {"t":"ping"}
[rx] {"t":"pong"}
[tx] {"t":"ping"}
[rx] {"t":"pong"}
[tx] {"t":"ping"}
[rx] {"t":"pong"}
[tx] {"t":"ping"}
[rx] {"t":"pong"}
[tx] {"t":"ping"}
[rx] {"t":"pong"}
[tx] {"t":"ping"}
[rx] {"t":"pong"}
[tx] {"t":"ping"}
[rx] {"t":"pong"}
[tx] {"t":"ping"}
[rx] {"t":"pong"}
[tx] {"t":"ping"}
[rx] {"t":"pong"}
[tx] {"t":"ping"}
[rx] {"t":"pong"}
[tx] {"t":"ping"}
[rx] {"t":"pong"}
[tx] {"t":"ping"}
[rx] {"t":"pong"}
[tx] {"t":"ping"}
[rx] {"t":"pong"}
[tx] {"t":"ping"}
[rx] {"t":"pong"}
[tx] {"t":"ping"}
[rx] {"t":"pong"}
[tx] {"t":"ping"}
[rx] {"t":"pong"}
[tx] {"t":"ping"}
[rx] {"t":"pong"}
[tx] {"t":"ping"}
[rx] {"t":"pong"}
[tx] {"t":"ping"}
[rx] {"t":"pong"}
[tx] {"t":"ping"}
[rx] {"t":"pong"}
[tx] {"t":"ping"}
[rx] {"t":"pong"}
[tx] {"t":"ping"}
[rx] {"t":"pong"}
[tx] {"t":"ping"}
[rx] {"t":"pong"}
[tx] {"t":"ping"}
[rx] {"t":"pong"}
[tx] {"t":"ping"}
[rx] {"t":"pong"}
[tx] {"t":"ping"}
[rx] {"t":"pong"}
[tx] {"t":"ping"}
[rx] {"t":"pong"}
[tx] {"t":"ping"}
[rx] {"t":"pong"}
[tx] {"t":"ping"}
[rx] {"t":"pong"}
[tx] {"t":"ping"}
[rx] {"t":"pong"}
[tx] {"t":"ping"}
[rx] {"t":"pong"}
[tx] {"t":"ping"}
[rx] {"t":"pong"}
[tx] {"t":"ping"}
[rx] {"t":"pong"}
[tx] {"t":"ping"}
[rx] {"t":"pong"}
[tx] {"t":"ping"}
[rx] {"t":"pong"}
[tx] {"t":"ping"}
[rx] {"t":"pong"}
[tx] {"t":"ping"}
[rx] {"t":"pong"}
[tx] {"t":"ping"}
[rx] {"t":"pong"}
[tx] {"t":"ping"}
[rx] {"t":"pong"}
[tx] {"t":"ping"}
[rx] {"t":"pong"}
[tx] {"t":"ping"}
[rx] {"t":"pong"}
[tx] {"t":"ping"}
[rx] {"t":"pong"}
[tx] {"t":"ping"}
[rx] {"t":"pong"}
[tx] {"t":"ping"}
[rx] {"t":"pong"}
[tx] {"t":"ping"}
[rx] {"t":"pong"}
[tx] {"t":"ping"}
[rx] {"t":"pong"}
[tx] {"t":"ping"}
[rx] {"t":"pong"}
[tx] {"t":"ping"}
[rx] {"t":"pong"}
[tx] {"t":"ping"}
[rx] {"t":"pong"}
[tx] {"t":"ping"}
[rx] {"t":"pong"}
[tx] {"t":"ping"}
[rx] {"t":"pong"}
[tx] {"t":"ping"}
[rx] {"t":"pong"}
[tx] {"t":"ping"}
[rx] {"t":"pong"}
[tx] {"t":"ping"}
[rx] {"t":"pong"}
[tx] {"t":"ping"}
[rx] {"t":"pong"}
[tx] {"t":"ping"}
[rx] {"t":"pong"}
[tx] {"t":"ping"}
[rx] {"t":"pong"}
[tx] {"t":"ping"}
[rx] {"t":"pong"}
[tx] {"t":"ping"}
[rx] {"t":"pong"}
[tx] {"t":"ping"}
[rx] {"t":"pong"}
[tx] {"t":"ping"}
[rx] {"t":"pong"}
[tx] {"t":"ping"}
[rx] {"t":"pong"}
[tx] {"t":"menu_set","rev":2382,"page":0,"items":[{"uid":"fav0","name":"Rock Antenne","kind":"station"},{"uid":"fav1","name":"Rock Antenne Bayern","kind":"station"},{"uid":"fav2","name":"Radio BOB!","kind":"station"},{"uid":"pump:page_next","name":"Menue","kind":"action"}]}
[tx] {"t":"ping"}
[rx] {"t":"menu_ack","ok":true,"n":4,"rev":2382}
[menu_ack] ok=True n=4 rev=2382
[rx] {"t":"pong"}
[tx] {"t":"ping"}
[rx] {"t":"pong"}
[tx] {"t":"ping"}
[rx] {"t":"pong"}
[tx] {"t":"ping"}
[rx] {"t":"pong"}
[tx] {"t":"ping"}
[rx] {"t":"pong"}
[tx] {"t":"ping"}
[rx] {"t":"pong"}
[tx] {"t":"ping"}
[rx] {"t":"pong"}
[tx] {"t":"ping"}
[rx] {"t":"pong"}
[tx] {"t":"ping"}
[rx] {"t":"pong"}
[tx] {"t":"ping"}
[rx] {"t":"pong"}
[tx] {"t":"ping"}
[rx] {"t":"pong"}
[tx] {"t":"ping"}
[rx] {"t":"pong"}
[tx] {"t":"ping"}
[rx] {"t":"pong"}
[tx] {"t":"ping"}
[rx] {"t":"pong"}
[tx] {"t":"ping"}
[rx] {"t":"pong"}
[tx] {"t":"ping"}
[rx] {"t":"pong"}
[tx] {"t":"ping"}
[rx] {"t":"pong"}
[tx] {"t":"menu_set","rev":2383,"page":0,"items":[{"uid":"fav0","name":"Rock Antenne","kind":"station"},{"uid":"fav1","name":"Rock Antenne Bayern","kind":"station"},{"uid":"fav2","name":"Radio BOB!","kind":"station"},{"uid":"pump:page_next","name":"Menue","kind":"action"}]}
[rx] {"t":"menu_ack","ok":true,"n":4,"rev":2383}
[menu_ack] ok=True n=4 rev=2383
[tx] {"t":"ping"}
[rx] {"t":"pong"}
[tx] {"t":"ping"}
[rx] {"t":"pong"}
[tx] {"t":"ping"}
[rx] {"t":"pong"}
[tx] {"t":"ping"}
[rx] {"t":"pong"}
[tx] {"t":"ping"}
[rx] {"t":"pong"}
[tx] {"t":"ping"}
[rx] {"t":"pong"}
[tx] {"t":"ping"}
[rx] {"t":"pong"}
[tx] {"t":"ping"}
[rx] {"t":"pong"}
[tx] {"t":"ping"}
[rx] {"t":"pong"}
[tx] {"t":"ping"}
[rx] {"t":"pong"}
[tx] {"t":"ping"}
[rx] {"t":"pong"}
[tx] {"t":"ping"}
[rx] {"t":"pong"}
[tx] {"t":"ping"}
[rx] {"t":"pong"}
[tx] {"t":"ping"}
[rx] {"t":"pong"}
[tx] {"t":"ping"}
[rx] {"t":"pong"}
[tx] {"t":"ping"}
[rx] {"t":"pong"}
[tx] {"t":"ping"}
[rx] {"t":"pong"}
[tx] {"t":"ping"}
[rx] {"t":"pong"}
[tx] {"t":"ping"}
[rx] {"t":"pong"}
[tx] {"t":"ping"}
[rx] {"t":"pong"}
[tx] {"t":"ping"}
[rx] {"t":"pong"}
[tx] {"t":"ping"}
[rx] {"t":"pong"}
[tx] {"t":"ping"}
[rx] {"t":"pong"}
[tx] {"t":"ping"}
[rx] {"t":"pong"}
[tx] {"t":"ping"}
[rx] {"t":"pong"}
[tx] {"t":"ping"}
[rx] {"t":"pong"}
[tx] {"t":"ping"}
[rx] {"t":"pong"}
[tx] {"t":"ping"}
[rx] {"t":"pong"}
[tx] {"t":"ping"}
[rx] {"t":"pong"}
[tx] {"t":"ping"}
[rx] {"t":"pong"}
[tx] {"t":"ping"}
[rx] {"t":"pong"}
[tx] {"t":"ping"}
[rx] {"t":"pong"}
[tx] {"t":"ping"}
[rx] {"t":"pong"}
[tx] {"t":"ping"}
[rx] {"t":"pong"}
[tx] {"t":"ping"}
[rx] {"t":"pong"}
[tx] {"t":"ping"}
[rx] {"t":"pong"}
[tx] {"t":"ping"}
[rx] {"t":"pong"}
[tx] {"t":"ping"}
[rx] {"t":"pong"}
[tx] {"t":"ping"}
[rx] {"t":"pong"}
[tx] {"t":"hello","ver":1}
[rx] {"t":"hello_ack","ver":"0.4.31-dev","fw":"pidrive","slots":4,"page":true,"audio":true,"bin":true,"tcp":true,"tcpPort":9090}
[hello_ack] ver=0.4.31-dev slots=4 page=True tcp=True
[tx] {"t":"audio_stop"}
[bridge] tcp:192.168.178.89:9090 audio=48k paging=on
[tx] {"t":"ping"}
[tx] {"t":"menu_set","rev":2385,"page":0,"items":[{"uid":"fav0","name":"Rock Antenne","kind":"station"},{"uid":"fav1","name":"Rock Antenne Bayern","kind":"station"},{"uid":"fav2","name":"Radio BOB!","kind":"station"},{"uid":"pump:page_next","name":"Menue","kind":"action"}]}
[rx] {"t":"audio_ack","ok":true,"op":"stop"}
[audio_ack] {'t': 'audio_ack', 'ok': True, 'op': 'stop'}
[rx] {"t":"pong"}
[tx] {"t":"ping"}
[rx] {"t":"pong"}
[tx] {"t":"menu_set","rev":2385,"page":0,"items":[{"uid":"fav0","name":"Rock Antenne","kind":"station"},{"uid":"fav1","name":"Rock Antenne Bayern","kind":"station"},{"uid":"fav2","name":"Radio BOB!","kind":"station"},{"uid":"pump:page_next","name":"Menue","kind":"action"}]}
[rx] {"t":"menu_ack","ok":true,"n":4,"rev":2385}
[menu_ack] ok=True n=4 rev=2385
[tx] {"t":"ping"}
[rx] {"t":"pong"}
[tx] {"t":"ping"}
[rx] {"t":"pong"}
[tx] {"t":"ping"}
[rx] {"t":"pong"}
[tx] {"t":"ping"}
[rx] {"t":"pong"}
[tx] {"t":"menu_set","rev":2386,"page":0,"items":[{"uid":"fav0","name":"Rock Antenne","kind":"station"},{"uid":"fav1","name":"Rock Antenne Bayern","kind":"station"},{"uid":"fav2","name":"Radio BOB!","kind":"station"},{"uid":"pump:page_next","name":"Menue","kind":"action"}]}
[rx] {"t":"menu_ack","ok":true,"n":4,"rev":2386}
[menu_ack] ok=True n=4 rev=2386
[tx] {"t":"ping"}
[rx] {"t":"pong"}
[tx] {"t":"ping"}
[rx] {"t":"pong"}
[tx] {"t":"ping"}
[rx] {"t":"pong"}
[tx] {"t":"ping"}
[rx] {"t":"pong"}
[tx] {"t":"ping"}
[rx] {"t":"pong"}
[tx] {"t":"ping"}
[rx] {"t":"pong"}
[tx] {"t":"hello","ver":1}
[rx] {"t":"hello_ack","ver":"0.4.31-dev","fw":"pidrive","slots":4,"page":true,"audio":true,"bin":true,"tcp":true,"tcpPort":9090}
[hello_ack] ver=0.4.31-dev slots=4 page=True tcp=True
[tx] {"t":"audio_stop"}
[bridge] tcp:192.168.178.89:9090 audio=48k paging=on
[tx] {"t":"ping"}
[tx] {"t":"menu_set","rev":2387,"page":0,"items":[{"uid":"fav0","name":"Rock Antenne","kind":"station"},{"uid":"fav1","name":"Rock Antenne Bayern","kind":"station"},{"uid":"fav2","name":"Radio BOB!","kind":"station"},{"uid":"pump:page_next","name":"Menue","kind":"action"}]}
[rx] {"t":"audio_ack","ok":true,"op":"stop"}
[audio_ack] {'t': 'audio_ack', 'ok': True, 'op': 'stop'}
[rx] {"t":"pong"}
[tx] {"t":"ping"}
[rx] {"t":"pong"}
[tx] {"t":"menu_set","rev":2387,"page":0,"items":[{"uid":"fav0","name":"Rock Antenne","kind":"station"},{"uid":"fav1","name":"Rock Antenne Bayern","kind":"station"},{"uid":"fav2","name":"Radio BOB!","kind":"station"},{"uid":"pump:page_next","name":"Menue","kind":"action"}]}
[rx] {"t":"menu_ack","ok":true,"n":4,"rev":2387}
[menu_ack] ok=True n=4 rev=2387
[tx] {"t":"ping"}
[rx] {"t":"pong"}
[tx] {"t":"ping"}
[rx] {"t":"pong"}
[tx] {"t":"ping"}
[rx] {"t":"pong"}
[tx] {"t":"ping"}
[rx] {"t":"pong"}
[tx] {"t":"ping"}
[rx] {"t":"pong"}
[tx] {"t":"ping"}
[rx] {"t":"pong"}
[tx] {"t":"ping"}
[rx] {"t":"pong"}
[tx] {"t":"ping"}
[rx] {"t":"pong"}
[tx] {"t":"ping"}
[rx] {"t":"pong"}
[tx] {"t":"ping"}
[rx] {"t":"pong"}
[tx] {"t":"ping"}
[rx] {"t":"pong"}
[tx] {"t":"ping"}
[rx] {"t":"pong"}
[tx] {"t":"ping"}
[rx] {"t":"pong"}
[tx] {"t":"ping"}
[rx] {"t":"pong"}
[tx] {"t":"ping"}
[rx] {"t":"pong"}
[tx] {"t":"ping"}
[rx] {"t":"pong"}
[tx] {"t":"ping"}
[rx] {"t":"pong"}
[tx] {"t":"ping"}
[rx] {"t":"pong"}
[tx] {"t":"ping"}
[rx] {"t":"pong"}
[tx] {"t":"ping"}
[rx] {"t":"pong"}
[tx] {"t":"ping"}
[rx] {"t":"pong"}
[tx] {"t":"ping"}
[rx] {"t":"pong"}
[tx] {"t":"ping"}
[rx] {"t":"pong"}
[tx] {"t":"ping"}
[rx] {"t":"pong"}
[tx] {"t":"ping"}
[rx] {"t":"pong"}
[tx] {"t":"ping"}
[rx] {"t":"pong"}
[tx] {"t":"ping"}
[rx] {"t":"pong"}
[tx] {"t":"ping"}
[rx] {"t":"pong"}
[tx] {"t":"ping"}
[rx] {"t":"pong"}
[tx] {"t":"ping"}
[rx] {"t":"pong"}
[tx] {"t":"ping"}
[rx] {"t":"pong"}
[tx] {"t":"ping"}
[rx] {"t":"pong"}
[tx] {"t":"ping"}
[rx] {"t":"pong"}
[tx] {"t":"ping"}
[rx] {"t":"pong"}
[tx] {"t":"ping"}
[rx] {"t":"pong"}
[tx] {"t":"ping"}
[rx] {"t":"pong"}
[tx] {"t":"hello","ver":1}
[bridge] warn: no hello_ack yet — continuing
Traceback (most recent call last):
  File "/home/pidrive/pump_bridge.py", line 1823, in <module>
    raise SystemExit(main())
                     ~~~~^^
  File "/home/pidrive/pump_bridge.py", line 1331, in main
    send({"t": "audio_stop"})
    ~~~~^^^^^^^^^^^^^^^^^^^^^
  File "/home/pidrive/pump_bridge.py", line 1295, in send
    ser.write((line + "\n").encode("utf-8"))
    ~~~~~~~~~^^^^^^^^^^^^^^^^^^^^^^^^^^^^^^^
  File "/home/pidrive/pump_bridge.py", line 174, in write
    self._sock.sendall(data)
    ~~~~~~~~~~~~~~~~~~^^^^^^
BrokenPipeError: [Errno 32] Broken pipe
2026-10-01T18:06:02+02:00 started pid=127702 host=192.168.178.89
connect failed: timed out
2026-10-01T18:08:01+02:00 started pid=128277 host=192.168.178.89
connect failed: [Errno 113] No route to host
2026-10-01T18:10:01+02:00 started pid=128829 host=192.168.178.89
[tx] {"t":"hello","ver":1}
[rx] {"t":"hello_ack","ver":"0.4.31-dev","fw":"pidrive","slots":4,"page":true,"audio":true,"bin":true,"tcp":true,"tcpPort":9090}
[hello_ack] ver=0.4.31-dev slots=4 page=True tcp=True
[tx] {"t":"audio_stop"}
[bridge] tcp:192.168.178.89:9090 audio=48k paging=on
[tx] {"t":"ping"}
[tx] {"t":"menu_set","rev":2389,"page":0,"items":[{"uid":"fav0","name":"Rock Antenne","kind":"station"},{"uid":"fav1","name":"Rock Antenne Bayern","kind":"station"},{"uid":"fav2","name":"Radio BOB!","kind":"station"},{"uid":"pump:page_next","name":"Menue","kind":"action"}]}
[rx] {"t":"audio_ack","ok":true,"op":"stop"}
[audio_ack] {'t': 'audio_ack', 'ok': True, 'op': 'stop'}
[rx] {"t":"pong"}
[tx] {"t":"ping"}
[rx] {"t":"pong"}
[tx] {"t":"menu_set","rev":2389,"page":0,"items":[{"uid":"fav0","name":"Rock Antenne","kind":"station"},{"uid":"fav1","name":"Rock Antenne Bayern","kind":"station"},{"uid":"fav2","name":"Radio BOB!","kind":"station"},{"uid":"pump:page_next","name":"Menue","kind":"action"}]}
[rx] {"t":"menu_ack","ok":true,"n":4,"rev":2389}
[menu_ack] ok=True n=4 rev=2389
[tx] {"t":"ping"}
[rx] {"t":"pong"}
[tx] {"t":"ping"}
[rx] {"t":"pong"}
[tx] {"t":"ping"}
[rx] {"t":"pong"}
[tx] {"t":"ping"}
[rx] {"t":"pong"}
[tx] {"t":"ping"}
[rx] {"t":"pong"}
[tx] {"t":"ping"}
[rx] {"t":"pong"}
[tx] {"t":"ping"}
[rx] {"t":"pong"}
[tx] {"t":"ping"}
[rx] {"t":"pong"}
[tx] {"t":"ping"}
[rx] {"t":"pong"}
[tx] {"t":"ping"}
[rx] {"t":"pong"}
[tx] {"t":"ping"}
[tx] {"t":"ping"}
[tx] {"t":"ping"}
[tx] {"t":"ping"}
[tx] {"t":"ping"}
[tx] {"t":"ping"}
[tx] {"t":"ping"}
[tx] {"t":"ping"}
[bridge] link lost ([Errno 32] Broken pipe) — reconnect in 3.0s
[tx] {"t":"hello","ver":1}
[bridge] warn: no hello_ack yet — continuing
[tx] {"t":"audio_stop"}
[bridge] tcp:192.168.178.89:9090 audio=48k paging=on
[tx] {"t":"ping"}
[tx] {"t":"menu_set","rev":2389,"page":0,"items":[{"uid":"fav0","name":"Rock Antenne","kind":"station"},{"uid":"fav1","name":"Rock Antenne Bayern","kind":"station"},{"uid":"fav2","name":"Radio BOB!","kind":"station"},{"uid":"pump:page_next","name":"Menue","kind":"action"}]}
[tx] {"t":"ping"}
[tx] {"t":"menu_set","rev":2389,"page":0,"items":[{"uid":"fav0","name":"Rock Antenne","kind":"station"},{"uid":"fav1","name":"Rock Antenne Bayern","kind":"station"},{"uid":"fav2","name":"Radio BOB!","kind":"station"},{"uid":"pump:page_next","name":"Menue","kind":"action"}]}
[tx] {"t":"ping"}
[tx] {"t":"ping"}
[tx] {"t":"menu_set","rev":2389,"page":0,"items":[{"uid":"fav0","name":"Rock Antenne","kind":"station"},{"uid":"fav1","name":"Rock Antenne Bayern","kind":"station"},{"uid":"fav2","name":"Radio BOB!","kind":"station"},{"uid":"pump:page_next","name":"Menue","kind":"action"}]}
[tx] {"t":"ping"}
[tx] {"t":"menu_set","rev":2389,"page":0,"items":[{"uid":"fav0","name":"Rock Antenne","kind":"station"},{"uid":"fav1","name":"Rock Antenne Bayern","kind":"station"},{"uid":"fav2","name":"Radio BOB!","kind":"station"},{"uid":"pump:page_next","name":"Menue","kind":"action"}]}
[tx] {"t":"ping"}
[tx] {"t":"ping"}
[tx] {"t":"menu_set","rev":2389,"page":0,"items":[{"uid":"fav0","name":"Rock Antenne","kind":"station"},{"uid":"fav1","name":"Rock Antenne Bayern","kind":"station"},{"uid":"fav2","name":"Radio BOB!","kind":"station"},{"uid":"pump:page_next","name":"Menue","kind":"action"}]}
[tx] {"t":"ping"}
[tx] {"t":"menu_set","rev":2389,"page":0,"items":[{"uid":"fav0","name":"Rock Antenne","kind":"station"},{"uid":"fav1","name":"Rock Antenne Bayern","kind":"station"},{"uid":"fav2","name":"Radio BOB!","kind":"station"},{"uid":"pump:page_next","name":"Menue","kind":"action"}]}
[tx] {"t":"ping"}
[tx] {"t":"ping"}
[tx] {"t":"menu_set","rev":2389,"page":0,"items":[{"uid":"fav0","name":"Rock Antenne","kind":"station"},{"uid":"fav1","name":"Rock Antenne Bayern","kind":"station"},{"uid":"fav2","name":"Radio BOB!","kind":"station"},{"uid":"pump:page_next","name":"Menue","kind":"action"}]}
[tx] {"t":"ping"}
[tx] {"t":"ping"}
[tx] {"t":"menu_set","rev":2389,"page":0,"items":[{"uid":"fav0","name":"Rock Antenne","kind":"station"},{"uid":"fav1","name":"Rock Antenne Bayern","kind":"station"},{"uid":"fav2","name":"Radio BOB!","kind":"station"},{"uid":"pump:page_next","name":"Menue","kind":"action"}]}
[tx] {"t":"ping"}
[tx] {"t":"menu_set","rev":2389,"page":0,"items":[{"uid":"fav0","name":"Rock Antenne","kind":"station"},{"uid":"fav1","name":"Rock Antenne Bayern","kind":"station"},{"uid":"fav2","name":"Radio BOB!","kind":"station"},{"uid":"pump:page_next","name":"Menue","kind":"action"}]}
[tx] {"t":"ping"}
[tx] {"t":"ping"}
[tx] {"t":"menu_set","rev":2389,"page":0,"items":[{"uid":"fav0","name":"Rock Antenne","kind":"station"},{"uid":"fav1","name":"Rock Antenne Bayern","kind":"station"},{"uid":"fav2","name":"Radio BOB!","kind":"station"},{"uid":"pump:page_next","name":"Menue","kind":"action"}]}
[tx] {"t":"ping"}
[tx] {"t":"menu_set","rev":2389,"page":0,"items":[{"uid":"fav0","name":"Rock Antenne","kind":"station"},{"uid":"fav1","name":"Rock Antenne Bayern","kind":"station"},{"uid":"fav2","name":"Radio BOB!","kind":"station"},{"uid":"pump:page_next","name":"Menue","kind":"action"}]}
[tx] {"t":"ping"}
[tx] {"t":"ping"}
[tx] {"t":"menu_set","rev":2389,"page":0,"items":[{"uid":"fav0","name":"Rock Antenne","kind":"station"},{"uid":"fav1","name":"Rock Antenne Bayern","kind":"station"},{"uid":"fav2","name":"Radio BOB!","kind":"station"},{"uid":"pump:page_next","name":"Menue","kind":"action"}]}
[tx] {"t":"ping"}
[tx] {"t":"ping"}
[tx] {"t":"menu_set","rev":2389,"page":0,"items":[{"uid":"fav0","name":"Rock Antenne","kind":"station"},{"uid":"fav1","name":"Rock Antenne Bayern","kind":"station"},{"uid":"fav2","name":"Radio BOB!","kind":"station"},{"uid":"pump:page_next","name":"Menue","kind":"action"}]}
[tx] {"t":"ping"}
[tx] {"t":"menu_set","rev":2389,"page":0,"items":[{"uid":"fav0","name":"Rock Antenne","kind":"station"},{"uid":"fav1","name":"Rock Antenne Bayern","kind":"station"},{"uid":"fav2","name":"Radio BOB!","kind":"station"},{"uid":"pump:page_next","name":"Menue","kind":"action"}]}
[tx] {"t":"ping"}
[tx] {"t":"ping"}
[tx] {"t":"menu_set","rev":2389,"page":0,"items":[{"uid":"fav0","name":"Rock Antenne","kind":"station"},{"uid":"fav1","name":"Rock Antenne Bayern","kind":"station"},{"uid":"fav2","name":"Radio BOB!","kind":"station"},{"uid":"pump:page_next","name":"Menue","kind":"action"}]}
[tx] {"t":"ping"}
[tx] {"t":"menu_set","rev":2389,"page":0,"items":[{"uid":"fav0","name":"Rock Antenne","kind":"station"},{"uid":"fav1","name":"Rock Antenne Bayern","kind":"station"},{"uid":"fav2","name":"Radio BOB!","kind":"station"},{"uid":"pump:page_next","name":"Menue","kind":"action"}]}
[tx] {"t":"ping"}
[tx] {"t":"ping"}
[tx] {"t":"menu_set","rev":2389,"page":0,"items":[{"uid":"fav0","name":"Rock Antenne","kind":"station"},{"uid":"fav1","name":"Rock Antenne Bayern","kind":"station"},{"uid":"fav2","name":"Radio BOB!","kind":"station"},{"uid":"pump:page_next","name":"Menue","kind":"action"}]}
[tx] {"t":"ping"}
[tx] {"t":"ping"}
[tx] {"t":"menu_set","rev":2389,"page":0,"items":[{"uid":"fav0","name":"Rock Antenne","kind":"station"},{"uid":"fav1","name":"Rock Antenne Bayern","kind":"station"},{"uid":"fav2","name":"Radio BOB!","kind":"station"},{"uid":"pump:page_next","name":"Menue","kind":"action"}]}
[tx] {"t":"ping"}
[tx] {"t":"menu_set","rev":2389,"page":0,"items":[{"uid":"fav0","name":"Rock Antenne","kind":"station"},{"uid":"fav1","name":"Rock Antenne Bayern","kind":"station"},{"uid":"fav2","name":"Radio BOB!","kind":"station"},{"uid":"pump:page_next","name":"Menue","kind":"action"}]}
[tx] {"t":"ping"}
[tx] {"t":"ping"}
[tx] {"t":"menu_set","rev":2389,"page":0,"items":[{"uid":"fav0","name":"Rock Antenne","kind":"station"},{"uid":"fav1","name":"Rock Antenne Bayern","kind":"station"},{"uid":"fav2","name":"Radio BOB!","kind":"station"},{"uid":"pump:page_next","name":"Menue","kind":"action"}]}
[tx] {"t":"ping"}
[tx] {"t":"menu_set","rev":2389,"page":0,"items":[{"uid":"fav0","name":"Rock Antenne","kind":"station"},{"uid":"fav1","name":"Rock Antenne Bayern","kind":"station"},{"uid":"fav2","name":"Radio BOB!","kind":"station"},{"uid":"pump:page_next","name":"Menue","kind":"action"}]}
[tx] {"t":"ping"}
[tx] {"t":"ping"}
[tx] {"t":"menu_set","rev":2389,"page":0,"items":[{"uid":"fav0","name":"Rock Antenne","kind":"station"},{"uid":"fav1","name":"Rock Antenne Bayern","kind":"station"},{"uid":"fav2","name":"Radio BOB!","kind":"station"},{"uid":"pump:page_next","name":"Menue","kind":"action"}]}
[tx] {"t":"ping"}
[tx] {"t":"menu_set","rev":2389,"page":0,"items":[{"uid":"fav0","name":"Rock Antenne","kind":"station"},{"uid":"fav1","name":"Rock Antenne Bayern","kind":"station"},{"uid":"fav2","name":"Radio BOB!","kind":"station"},{"uid":"pump:page_next","name":"Menue","kind":"action"}]}
[tx] {"t":"ping"}
[tx] {"t":"ping"}
[tx] {"t":"menu_set","rev":2389,"page":0,"items":[{"uid":"fav0","name":"Rock Antenne","kind":"station"},{"uid":"fav1","name":"Rock Antenne Bayern","kind":"station"},{"uid":"fav2","name":"Radio BOB!","kind":"station"},{"uid":"pump:page_next","name":"Menue","kind":"action"}]}
[tx] {"t":"ping"}
[tx] {"t":"ping"}
[tx] {"t":"menu_set","rev":2389,"page":0,"items":[{"uid":"fav0","name":"Rock Antenne","kind":"station"},{"uid":"fav1","name":"Rock Antenne Bayern","kind":"station"},{"uid":"fav2","name":"Radio BOB!","kind":"station"},{"uid":"pump:page_next","name":"Menue","kind":"action"}]}
[tx] {"t":"ping"}
[tx] {"t":"menu_set","rev":2389,"page":0,"items":[{"uid":"fav0","name":"Rock Antenne","kind":"station"},{"uid":"fav1","name":"Rock Antenne Bayern","kind":"station"},{"uid":"fav2","name":"Radio BOB!","kind":"station"},{"uid":"pump:page_next","name":"Menue","kind":"action"}]}
[tx] {"t":"ping"}
[tx] {"t":"ping"}
[tx] {"t":"menu_set","rev":2389,"page":0,"items":[{"uid":"fav0","name":"Rock Antenne","kind":"station"},{"uid":"fav1","name":"Rock Antenne Bayern","kind":"station"},{"uid":"fav2","name":"Radio BOB!","kind":"station"},{"uid":"pump:page_next","name":"Menue","kind":"action"}]}
[tx] {"t":"ping"}
[tx] {"t":"menu_set","rev":2389,"page":0,"items":[{"uid":"fav0","name":"Rock Antenne","kind":"station"},{"uid":"fav1","name":"Rock Antenne Bayern","kind":"station"},{"uid":"fav2","name":"Radio BOB!","kind":"station"},{"uid":"pump:page_next","name":"Menue","kind":"action"}]}
[tx] {"t":"ping"}
[tx] {"t":"ping"}
[tx] {"t":"menu_set","rev":2389,"page":0,"items":[{"uid":"fav0","name":"Rock Antenne","kind":"station"},{"uid":"fav1","name":"Rock Antenne Bayern","kind":"station"},{"uid":"fav2","name":"Radio BOB!","kind":"station"},{"uid":"pump:page_next","name":"Menue","kind":"action"}]}
[tx] {"t":"ping"}
[tx] {"t":"ping"}
[tx] {"t":"menu_set","rev":2389,"page":0,"items":[{"uid":"fav0","name":"Rock Antenne","kind":"station"},{"uid":"fav1","name":"Rock Antenne Bayern","kind":"station"},{"uid":"fav2","name":"Radio BOB!","kind":"station"},{"uid":"pump:page_next","name":"Menue","kind":"action"}]}
[tx] {"t":"ping"}
[tx] {"t":"menu_set","rev":2389,"page":0,"items":[{"uid":"fav0","name":"Rock Antenne","kind":"station"},{"uid":"fav1","name":"Rock Antenne Bayern","kind":"station"},{"uid":"fav2","name":"Radio BOB!","kind":"station"},{"uid":"pump:page_next","name":"Menue","kind":"action"}]}
[tx] {"t":"ping"}
[tx] {"t":"ping"}
[tx] {"t":"menu_set","rev":2389,"page":0,"items":[{"uid":"fav0","name":"Rock Antenne","kind":"station"},{"uid":"fav1","name":"Rock Antenne Bayern","kind":"station"},{"uid":"fav2","name":"Radio BOB!","kind":"station"},{"uid":"pump:page_next","name":"Menue","kind":"action"}]}
[tx] {"t":"ping"}
[tx] {"t":"menu_set","rev":2390,"page":0,"items":[{"uid":"fav0","name":"Rock Antenne","kind":"station"},{"uid":"fav1","name":"Rock Antenne Bayern","kind":"station"},{"uid":"fav2","name":"Radio BOB!","kind":"station"},{"uid":"pump:page_next","name":"Menue","kind":"action"}]}
[tx] {"t":"ping"}
[tx] {"t":"ping"}
[tx] {"t":"menu_set","rev":2390,"page":0,"items":[{"uid":"fav0","name":"Rock Antenne","kind":"station"},{"uid":"fav1","name":"Rock Antenne Bayern","kind":"station"},{"uid":"fav2","name":"Radio BOB!","kind":"station"},{"uid":"pump:page_next","name":"Menue","kind":"action"}]}
[tx] {"t":"ping"}
[tx] {"t":"ping"}
[tx] {"t":"menu_set","rev":2390,"page":0,"items":[{"uid":"fav0","name":"Rock Antenne","kind":"station"},{"uid":"fav1","name":"Rock Antenne Bayern","kind":"station"},{"uid":"fav2","name":"Radio BOB!","kind":"station"},{"uid":"pump:page_next","name":"Menue","kind":"action"}]}
[tx] {"t":"ping"}
[tx] {"t":"menu_set","rev":2390,"page":0,"items":[{"uid":"fav0","name":"Rock Antenne","kind":"station"},{"uid":"fav1","name":"Rock Antenne Bayern","kind":"station"},{"uid":"fav2","name":"Radio BOB!","kind":"station"},{"uid":"pump:page_next","name":"Menue","kind":"action"}]}
[tx] {"t":"ping"}
[tx] {"t":"ping"}
[tx] {"t":"menu_set","rev":2390,"page":0,"items":[{"uid":"fav0","name":"Rock Antenne","kind":"station"},{"uid":"fav1","name":"Rock Antenne Bayern","kind":"station"},{"uid":"fav2","name":"Radio BOB!","kind":"station"},{"uid":"pump:page_next","name":"Menue","kind":"action"}]}
[tx] {"t":"ping"}
[tx] {"t":"menu_set","rev":2390,"page":0,"items":[{"uid":"fav0","name":"Rock Antenne","kind":"station"},{"uid":"fav1","name":"Rock Antenne Bayern","kind":"station"},{"uid":"fav2","name":"Radio BOB!","kind":"station"},{"uid":"pump:page_next","name":"Menue","kind":"action"}]}
[tx] {"t":"ping"}
[tx] {"t":"ping"}
[tx] {"t":"menu_set","rev":2390,"page":0,"items":[{"uid":"fav0","name":"Rock Antenne","kind":"station"},{"uid":"fav1","name":"Rock Antenne Bayern","kind":"station"},{"uid":"fav2","name":"Radio BOB!","kind":"station"},{"uid":"pump:page_next","name":"Menue","kind":"action"}]}
[tx] {"t":"ping"}
[tx] {"t":"menu_set","rev":2390,"page":0,"items":[{"uid":"fav0","name":"Rock Antenne","kind":"station"},{"uid":"fav1","name":"Rock Antenne Bayern","kind":"station"},{"uid":"fav2","name":"Radio BOB!","kind":"station"},{"uid":"pump:page_next","name":"Menue","kind":"action"}]}
[tx] {"t":"ping"}
[tx] {"t":"ping"}
[tx] {"t":"menu_set","rev":2390,"page":0,"items":[{"uid":"fav0","name":"Rock Antenne","kind":"station"},{"uid":"fav1","name":"Rock Antenne Bayern","kind":"station"},{"uid":"fav2","name":"Radio BOB!","kind":"station"},{"uid":"pump:page_next","name":"Menue","kind":"action"}]}
[tx] {"t":"ping"}
[tx] {"t":"ping"}
[tx] {"t":"menu_set","rev":2390,"page":0,"items":[{"uid":"fav0","name":"Rock Antenne","kind":"station"},{"uid":"fav1","name":"Rock Antenne Bayern","kind":"station"},{"uid":"fav2","name":"Radio BOB!","kind":"station"},{"uid":"pump:page_next","name":"Menue","kind":"action"}]}
[tx] {"t":"ping"}
[tx] {"t":"menu_set","rev":2391,"page":0,"items":[{"uid":"fav0","name":"Rock Antenne","kind":"station"},{"uid":"fav1","name":"Rock Antenne Bayern","kind":"station"},{"uid":"fav2","name":"Radio BOB!","kind":"station"},{"uid":"pump:page_next","name":"Menue","kind":"action"}]}
[tx] {"t":"ping"}
[tx] {"t":"ping"}
[tx] {"t":"menu_set","rev":2391,"page":0,"items":[{"uid":"fav0","name":"Rock Antenne","kind":"station"},{"uid":"fav1","name":"Rock Antenne Bayern","kind":"station"},{"uid":"fav2","name":"Radio BOB!","kind":"station"},{"uid":"pump:page_next","name":"Menue","kind":"action"}]}
[tx] {"t":"ping"}
[tx] {"t":"menu_set","rev":2391,"page":0,"items":[{"uid":"fav0","name":"Rock Antenne","kind":"station"},{"uid":"fav1","name":"Rock Antenne Bayern","kind":"station"},{"uid":"fav2","name":"Radio BOB!","kind":"station"},{"uid":"pump:page_next","name":"Menue","kind":"action"}]}
[tx] {"t":"ping"}
[tx] {"t":"ping"}
[tx] {"t":"menu_set","rev":2391,"page":0,"items":[{"uid":"fav0","name":"Rock Antenne","kind":"station"},{"uid":"fav1","name":"Rock Antenne Bayern","kind":"station"},{"uid":"fav2","name":"Radio BOB!","kind":"station"},{"uid":"pump:page_next","name":"Menue","kind":"action"}]}
[tx] {"t":"ping"}
[tx] {"t":"ping"}
[tx] {"t":"menu_set","rev":2391,"page":0,"items":[{"uid":"fav0","name":"Rock Antenne","kind":"station"},{"uid":"fav1","name":"Rock Antenne Bayern","kind":"station"},{"uid":"fav2","name":"Radio BOB!","kind":"station"},{"uid":"pump:page_next","name":"Menue","kind":"action"}]}
[tx] {"t":"ping"}
[tx] {"t":"menu_set","rev":2391,"page":0,"items":[{"uid":"fav0","name":"Rock Antenne","kind":"station"},{"uid":"fav1","name":"Rock Antenne Bayern","kind":"station"},{"uid":"fav2","name":"Radio BOB!","kind":"station"},{"uid":"pump:page_next","name":"Menue","kind":"action"}]}
[tx] {"t":"ping"}
[tx] {"t":"ping"}
[tx] {"t":"menu_set","rev":2391,"page":0,"items":[{"uid":"fav0","name":"Rock Antenne","kind":"station"},{"uid":"fav1","name":"Rock Antenne Bayern","kind":"station"},{"uid":"fav2","name":"Radio BOB!","kind":"station"},{"uid":"pump:page_next","name":"Menue","kind":"action"}]}
[tx] {"t":"ping"}
[tx] {"t":"menu_set","rev":2391,"page":0,"items":[{"uid":"fav0","name":"Rock Antenne","kind":"station"},{"uid":"fav1","name":"Rock Antenne Bayern","kind":"station"},{"uid":"fav2","name":"Radio BOB!","kind":"station"},{"uid":"pump:page_next","name":"Menue","kind":"action"}]}
[tx] {"t":"ping"}
[tx] {"t":"ping"}
[tx] {"t":"menu_set","rev":2391,"page":0,"items":[{"uid":"fav0","name":"Rock Antenne","kind":"station"},{"uid":"fav1","name":"Rock Antenne Bayern","kind":"station"},{"uid":"fav2","name":"Radio BOB!","kind":"station"},{"uid":"pump:page_next","name":"Menue","kind":"action"}]}
[tx] {"t":"ping"}
[tx] {"t":"ping"}
[tx] {"t":"menu_set","rev":2391,"page":0,"items":[{"uid":"fav0","name":"Rock Antenne","kind":"station"},{"uid":"fav1","name":"Rock Antenne Bayern","kind":"station"},{"uid":"fav2","name":"Radio BOB!","kind":"station"},{"uid":"pump:page_next","name":"Menue","kind":"action"}]}
[tx] {"t":"ping"}
[tx] {"t":"menu_set","rev":2391,"page":0,"items":[{"uid":"fav0","name":"Rock Antenne","kind":"station"},{"uid":"fav1","name":"Rock Antenne Bayern","kind":"station"},{"uid":"fav2","name":"Radio BOB!","kind":"station"},{"uid":"pump:page_next","name":"Menue","kind":"action"}]}
[tx] {"t":"ping"}
[tx] {"t":"ping"}
[tx] {"t":"menu_set","rev":2391,"page":0,"items":[{"uid":"fav0","name":"Rock Antenne","kind":"station"},{"uid":"fav1","name":"Rock Antenne Bayern","kind":"station"},{"uid":"fav2","name":"Radio BOB!","kind":"station"},{"uid":"pump:page_next","name":"Menue","kind":"action"}]}
[tx] {"t":"ping"}
[tx] {"t":"menu_set","rev":2391,"page":0,"items":[{"uid":"fav0","name":"Rock Antenne","kind":"station"},{"uid":"fav1","name":"Rock Antenne Bayern","kind":"station"},{"uid":"fav2","name":"Radio BOB!","kind":"station"},{"uid":"pump:page_next","name":"Menue","kind":"action"}]}
[tx] {"t":"ping"}
[tx] {"t":"ping"}
[tx] {"t":"menu_set","rev":2391,"page":0,"items":[{"uid":"fav0","name":"Rock Antenne","kind":"station"},{"uid":"fav1","name":"Rock Antenne Bayern","kind":"station"},{"uid":"fav2","name":"Radio BOB!","kind":"station"},{"uid":"pump:page_next","name":"Menue","kind":"action"}]}
[tx] {"t":"ping"}
[tx] {"t":"menu_set","rev":2391,"page":0,"items":[{"uid":"fav0","name":"Rock Antenne","kind":"station"},{"uid":"fav1","name":"Rock Antenne Bayern","kind":"station"},{"uid":"fav2","name":"Radio BOB!","kind":"station"},{"uid":"pump:page_next","name":"Menue","kind":"action"}]}
[tx] {"t":"ping"}
[tx] {"t":"ping"}
[tx] {"t":"menu_set","rev":2391,"page":0,"items":[{"uid":"fav0","name":"Rock Antenne","kind":"station"},{"uid":"fav1","name":"Rock Antenne Bayern","kind":"station"},{"uid":"fav2","name":"Radio BOB!","kind":"station"},{"uid":"pump:page_next","name":"Menue","kind":"action"}]}
[tx] {"t":"ping"}
[tx] {"t":"ping"}
[tx] {"t":"menu_set","rev":2391,"page":0,"items":[{"uid":"fav0","name":"Rock Antenne","kind":"station"},{"uid":"fav1","name":"Rock Antenne Bayern","kind":"station"},{"uid":"fav2","name":"Radio BOB!","kind":"station"},{"uid":"pump:page_next","name":"Menue","kind":"action"}]}
[tx] {"t":"ping"}
[tx] {"t":"menu_set","rev":2391,"page":0,"items":[{"uid":"fav0","name":"Rock Antenne","kind":"station"},{"uid":"fav1","name":"Rock Antenne Bayern","kind":"station"},{"uid":"fav2","name":"Radio BOB!","kind":"station"},{"uid":"pump:page_next","name":"Menue","kind":"action"}]}
[tx] {"t":"ping"}
[tx] {"t":"ping"}
[tx] {"t":"menu_set","rev":2391,"page":0,"items":[{"uid":"fav0","name":"Rock Antenne","kind":"station"},{"uid":"fav1","name":"Rock Antenne Bayern","kind":"station"},{"uid":"fav2","name":"Radio BOB!","kind":"station"},{"uid":"pump:page_next","name":"Menue","kind":"action"}]}
[tx] {"t":"ping"}
[tx] {"t":"menu_set","rev":2391,"page":0,"items":[{"uid":"fav0","name":"Rock Antenne","kind":"station"},{"uid":"fav1","name":"Rock Antenne Bayern","kind":"station"},{"uid":"fav2","name":"Radio BOB!","kind":"station"},{"uid":"pump:page_next","name":"Menue","kind":"action"}]}
[tx] {"t":"ping"}
[tx] {"t":"ping"}
[tx] {"t":"menu_set","rev":2391,"page":0,"items":[{"uid":"fav0","name":"Rock Antenne","kind":"station"},{"uid":"fav1","name":"Rock Antenne Bayern","kind":"station"},{"uid":"fav2","name":"Radio BOB!","kind":"station"},{"uid":"pump:page_next","name":"Menue","kind":"action"}]}
[tx] {"t":"ping"}
[tx] {"t":"ping"}
[tx] {"t":"menu_set","rev":2391,"page":0,"items":[{"uid":"fav0","name":"Rock Antenne","kind":"station"},{"uid":"fav1","name":"Rock Antenne Bayern","kind":"station"},{"uid":"fav2","name":"Radio BOB!","kind":"station"},{"uid":"pump:page_next","name":"Menue","kind":"action"}]}
[tx] {"t":"ping"}
[tx] {"t":"menu_set","rev":2391,"page":0,"items":[{"uid":"fav0","name":"Rock Antenne","kind":"station"},{"uid":"fav1","name":"Rock Antenne Bayern","kind":"station"},{"uid":"fav2","name":"Radio BOB!","kind":"station"},{"uid":"pump:page_next","name":"Menue","kind":"action"}]}
[tx] {"t":"ping"}
[tx] {"t":"ping"}
[tx] {"t":"menu_set","rev":2391,"page":0,"items":[{"uid":"fav0","name":"Rock Antenne","kind":"station"},{"uid":"fav1","name":"Rock Antenne Bayern","kind":"station"},{"uid":"fav2","name":"Radio BOB!","kind":"station"},{"uid":"pump:page_next","name":"Menue","kind":"action"}]}
[tx] {"t":"ping"}
[tx] {"t":"menu_set","rev":2391,"page":0,"items":[{"uid":"fav0","name":"Rock Antenne","kind":"station"},{"uid":"fav1","name":"Rock Antenne Bayern","kind":"station"},{"uid":"fav2","name":"Radio BOB!","kind":"station"},{"uid":"pump:page_next","name":"Menue","kind":"action"}]}
[tx] {"t":"ping"}
[tx] {"t":"ping"}
[tx] {"t":"menu_set","rev":2391,"page":0,"items":[{"uid":"fav0","name":"Rock Antenne","kind":"station"},{"uid":"fav1","name":"Rock Antenne Bayern","kind":"station"},{"uid":"fav2","name":"Radio BOB!","kind":"station"},{"uid":"pump:page_next","name":"Menue","kind":"action"}]}
[tx] {"t":"ping"}
[tx] {"t":"ping"}
[tx] {"t":"menu_set","rev":2391,"page":0,"items":[{"uid":"fav0","name":"Rock Antenne","kind":"station"},{"uid":"fav1","name":"Rock Antenne Bayern","kind":"station"},{"uid":"fav2","name":"Radio BOB!","kind":"station"},{"uid":"pump:page_next","name":"Menue","kind":"action"}]}
[tx] {"t":"ping"}
[tx] {"t":"menu_set","rev":2391,"page":0,"items":[{"uid":"fav0","name":"Rock Antenne","kind":"station"},{"uid":"fav1","name":"Rock Antenne Bayern","kind":"station"},{"uid":"fav2","name":"Radio BOB!","kind":"station"},{"uid":"pump:page_next","name":"Menue","kind":"action"}]}
[tx] {"t":"ping"}
[tx] {"t":"ping"}
[tx] {"t":"menu_set","rev":2391,"page":0,"items":[{"uid":"fav0","name":"Rock Antenne","kind":"station"},{"uid":"fav1","name":"Rock Antenne Bayern","kind":"station"},{"uid":"fav2","name":"Radio BOB!","kind":"station"},{"uid":"pump:page_next","name":"Menue","kind":"action"}]}
[tx] {"t":"ping"}
[tx] {"t":"menu_set","rev":2391,"page":0,"items":[{"uid":"fav0","name":"Rock Antenne","kind":"station"},{"uid":"fav1","name":"Rock Antenne Bayern","kind":"station"},{"uid":"fav2","name":"Radio BOB!","kind":"station"},{"uid":"pump:page_next","name":"Menue","kind":"action"}]}
[tx] {"t":"ping"}
[tx] {"t":"ping"}
[tx] {"t":"menu_set","rev":2391,"page":0,"items":[{"uid":"fav0","name":"Rock Antenne","kind":"station"},{"uid":"fav1","name":"Rock Antenne Bayern","kind":"station"},{"uid":"fav2","name":"Radio BOB!","kind":"station"},{"uid":"pump:page_next","name":"Menue","kind":"action"}]}
[tx] {"t":"ping"}
[tx] {"t":"menu_set","rev":2391,"page":0,"items":[{"uid":"fav0","name":"Rock Antenne","kind":"station"},{"uid":"fav1","name":"Rock Antenne Bayern","kind":"station"},{"uid":"fav2","name":"Radio BOB!","kind":"station"},{"uid":"pump:page_next","name":"Menue","kind":"action"}]}
[tx] {"t":"ping"}
[tx] {"t":"ping"}
[tx] {"t":"menu_set","rev":2391,"page":0,"items":[{"uid":"fav0","name":"Rock Antenne","kind":"station"},{"uid":"fav1","name":"Rock Antenne Bayern","kind":"station"},{"uid":"fav2","name":"Radio BOB!","kind":"station"},{"uid":"pump:page_next","name":"Menue","kind":"action"}]}
[tx] {"t":"ping"}
[tx] {"t":"ping"}
[tx] {"t":"menu_set","rev":2391,"page":0,"items":[{"uid":"fav0","name":"Rock Antenne","kind":"station"},{"uid":"fav1","name":"Rock Antenne Bayern","kind":"station"},{"uid":"fav2","name":"Radio BOB!","kind":"station"},{"uid":"pump:page_next","name":"Menue","kind":"action"}]}
[tx] {"t":"ping"}
[tx] {"t":"menu_set","rev":2391,"page":0,"items":[{"uid":"fav0","name":"Rock Antenne","kind":"station"},{"uid":"fav1","name":"Rock Antenne Bayern","kind":"station"},{"uid":"fav2","name":"Radio BOB!","kind":"station"},{"uid":"pump:page_next","name":"Menue","kind":"action"}]}
[tx] {"t":"ping"}
[tx] {"t":"ping"}
[tx] {"t":"menu_set","rev":2391,"page":0,"items":[{"uid":"fav0","name":"Rock Antenne","kind":"station"},{"uid":"fav1","name":"Rock Antenne Bayern","kind":"station"},{"uid":"fav2","name":"Radio BOB!","kind":"station"},{"uid":"pump:page_next","name":"Menue","kind":"action"}]}
[tx] {"t":"ping"}
[tx] {"t":"menu_set","rev":2391,"page":0,"items":[{"uid":"fav0","name":"Rock Antenne","kind":"station"},{"uid":"fav1","name":"Rock Antenne Bayern","kind":"station"},{"uid":"fav2","name":"Radio BOB!","kind":"station"},{"uid":"pump:page_next","name":"Menue","kind":"action"}]}
[tx] {"t":"ping"}
[tx] {"t":"ping"}
[tx] {"t":"menu_set","rev":2391,"page":0,"items":[{"uid":"fav0","name":"Rock Antenne","kind":"station"},{"uid":"fav1","name":"Rock Antenne Bayern","kind":"station"},{"uid":"fav2","name":"Radio BOB!","kind":"station"},{"uid":"pump:page_next","name":"Menue","kind":"action"}]}
[tx] {"t":"ping"}
[tx] {"t":"ping"}
[tx] {"t":"menu_set","rev":2391,"page":0,"items":[{"uid":"fav0","name":"Rock Antenne","kind":"station"},{"uid":"fav1","name":"Rock Antenne Bayern","kind":"station"},{"uid":"fav2","name":"Radio BOB!","kind":"station"},{"uid":"pump:page_next","name":"Menue","kind":"action"}]}
[tx] {"t":"ping"}
[tx] {"t":"menu_set","rev":2391,"page":0,"items":[{"uid":"fav0","name":"Rock Antenne","kind":"station"},{"uid":"fav1","name":"Rock Antenne Bayern","kind":"station"},{"uid":"fav2","name":"Radio BOB!","kind":"station"},{"uid":"pump:page_next","name":"Menue","kind":"action"}]}
[tx] {"t":"ping"}
[tx] {"t":"ping"}
[tx] {"t":"menu_set","rev":2391,"page":0,"items":[{"uid":"fav0","name":"Rock Antenne","kind":"station"},{"uid":"fav1","name":"Rock Antenne Bayern","kind":"station"},{"uid":"fav2","name":"Radio BOB!","kind":"station"},{"uid":"pump:page_next","name":"Menue","kind":"action"}]}
[tx] {"t":"ping"}
[tx] {"t":"menu_set","rev":2391,"page":0,"items":[{"uid":"fav0","name":"Rock Antenne","kind":"station"},{"uid":"fav1","name":"Rock Antenne Bayern","kind":"station"},{"uid":"fav2","name":"Radio BOB!","kind":"station"},{"uid":"pump:page_next","name":"Menue","kind":"action"}]}
[tx] {"t":"ping"}
[tx] {"t":"ping"}
[tx] {"t":"menu_set","rev":2391,"page":0,"items":[{"uid":"fav0","name":"Rock Antenne","kind":"station"},{"uid":"fav1","name":"Rock Antenne Bayern","kind":"station"},{"uid":"fav2","name":"Radio BOB!","kind":"station"},{"uid":"pump:page_next","name":"Menue","kind":"action"}]}
[tx] {"t":"ping"}
[tx] {"t":"ping"}
[tx] {"t":"menu_set","rev":2391,"page":0,"items":[{"uid":"fav0","name":"Rock Antenne","kind":"station"},{"uid":"fav1","name":"Rock Antenne Bayern","kind":"station"},{"uid":"fav2","name":"Radio BOB!","kind":"station"},{"uid":"pump:page_next","name":"Menue","kind":"action"}]}
[tx] {"t":"ping"}
[tx] {"t":"menu_set","rev":2391,"page":0,"items":[{"uid":"fav0","name":"Rock Antenne","kind":"station"},{"uid":"fav1","name":"Rock Antenne Bayern","kind":"station"},{"uid":"fav2","name":"Radio BOB!","kind":"station"},{"uid":"pump:page_next","name":"Menue","kind":"action"}]}
[tx] {"t":"ping"}
[tx] {"t":"ping"}
[tx] {"t":"menu_set","rev":2391,"page":0,"items":[{"uid":"fav0","name":"Rock Antenne","kind":"station"},{"uid":"fav1","name":"Rock Antenne Bayern","kind":"station"},{"uid":"fav2","name":"Radio BOB!","kind":"station"},{"uid":"pump:page_next","name":"Menue","kind":"action"}]}
[tx] {"t":"ping"}
[tx] {"t":"menu_set","rev":2391,"page":0,"items":[{"uid":"fav0","name":"Rock Antenne","kind":"station"},{"uid":"fav1","name":"Rock Antenne Bayern","kind":"station"},{"uid":"fav2","name":"Radio BOB!","kind":"station"},{"uid":"pump:page_next","name":"Menue","kind":"action"}]}
[tx] {"t":"ping"}
[tx] {"t":"ping"}
[tx] {"t":"menu_set","rev":2391,"page":0,"items":[{"uid":"fav0","name":"Rock Antenne","kind":"station"},{"uid":"fav1","name":"Rock Antenne Bayern","kind":"station"},{"uid":"fav2","name":"Radio BOB!","kind":"station"},{"uid":"pump:page_next","name":"Menue","kind":"action"}]}
[tx] {"t":"ping"}
[tx] {"t":"menu_set","rev":2391,"page":0,"items":[{"uid":"fav0","name":"Rock Antenne","kind":"station"},{"uid":"fav1","name":"Rock Antenne Bayern","kind":"station"},{"uid":"fav2","name":"Radio BOB!","kind":"station"},{"uid":"pump:page_next","name":"Menue","kind":"action"}]}
[tx] {"t":"ping"}
[tx] {"t":"ping"}
[tx] {"t":"menu_set","rev":2391,"page":0,"items":[{"uid":"fav0","name":"Rock Antenne","kind":"station"},{"uid":"fav1","name":"Rock Antenne Bayern","kind":"station"},{"uid":"fav2","name":"Radio BOB!","kind":"station"},{"uid":"pump:page_next","name":"Menue","kind":"action"}]}
[tx] {"t":"ping"}
[tx] {"t":"ping"}
[tx] {"t":"menu_set","rev":2391,"page":0,"items":[{"uid":"fav0","name":"Rock Antenne","kind":"station"},{"uid":"fav1","name":"Rock Antenne Bayern","kind":"station"},{"uid":"fav2","name":"Radio BOB!","kind":"station"},{"uid":"pump:page_next","name":"Menue","kind":"action"}]}
[tx] {"t":"ping"}
[tx] {"t":"menu_set","rev":2391,"page":0,"items":[{"uid":"fav0","name":"Rock Antenne","kind":"station"},{"uid":"fav1","name":"Rock Antenne Bayern","kind":"station"},{"uid":"fav2","name":"Radio BOB!","kind":"station"},{"uid":"pump:page_next","name":"Menue","kind":"action"}]}
[tx] {"t":"ping"}
[tx] {"t":"ping"}
[tx] {"t":"menu_set","rev":2391,"page":0,"items":[{"uid":"fav0","name":"Rock Antenne","kind":"station"},{"uid":"fav1","name":"Rock Antenne Bayern","kind":"station"},{"uid":"fav2","name":"Radio BOB!","kind":"station"},{"uid":"pump:page_next","name":"Menue","kind":"action"}]}
[tx] {"t":"ping"}
[tx] {"t":"menu_set","rev":2391,"page":0,"items":[{"uid":"fav0","name":"Rock Antenne","kind":"station"},{"uid":"fav1","name":"Rock Antenne Bayern","kind":"station"},{"uid":"fav2","name":"Radio BOB!","kind":"station"},{"uid":"pump:page_next","name":"Menue","kind":"action"}]}
[tx] {"t":"ping"}
[tx] {"t":"ping"}
[tx] {"t":"menu_set","rev":2391,"page":0,"items":[{"uid":"fav0","name":"Rock Antenne","kind":"station"},{"uid":"fav1","name":"Rock Antenne Bayern","kind":"station"},{"uid":"fav2","name":"Radio BOB!","kind":"station"},{"uid":"pump:page_next","name":"Menue","kind":"action"}]}
[tx] {"t":"ping"}
[tx] {"t":"ping"}
[tx] {"t":"menu_set","rev":2391,"page":0,"items":[{"uid":"fav0","name":"Rock Antenne","kind":"station"},{"uid":"fav1","name":"Rock Antenne Bayern","kind":"station"},{"uid":"fav2","name":"Radio BOB!","kind":"station"},{"uid":"pump:page_next","name":"Menue","kind":"action"}]}
[tx] {"t":"ping"}
[tx] {"t":"menu_set","rev":2391,"page":0,"items":[{"uid":"fav0","name":"Rock Antenne","kind":"station"},{"uid":"fav1","name":"Rock Antenne Bayern","kind":"station"},{"uid":"fav2","name":"Radio BOB!","kind":"station"},{"uid":"pump:page_next","name":"Menue","kind":"action"}]}
[tx] {"t":"ping"}
[tx] {"t":"ping"}
[tx] {"t":"menu_set","rev":2391,"page":0,"items":[{"uid":"fav0","name":"Rock Antenne","kind":"station"},{"uid":"fav1","name":"Rock Antenne Bayern","kind":"station"},{"uid":"fav2","name":"Radio BOB!","kind":"station"},{"uid":"pump:page_next","name":"Menue","kind":"action"}]}
[tx] {"t":"ping"}
[tx] {"t":"menu_set","rev":2391,"page":0,"items":[{"uid":"fav0","name":"Rock Antenne","kind":"station"},{"uid":"fav1","name":"Rock Antenne Bayern","kind":"station"},{"uid":"fav2","name":"Radio BOB!","kind":"station"},{"uid":"pump:page_next","name":"Menue","kind":"action"}]}
[tx] {"t":"ping"}
[tx] {"t":"ping"}
[tx] {"t":"menu_set","rev":2391,"page":0,"items":[{"uid":"fav0","name":"Rock Antenne","kind":"station"},{"uid":"fav1","name":"Rock Antenne Bayern","kind":"station"},{"uid":"fav2","name":"Radio BOB!","kind":"station"},{"uid":"pump:page_next","name":"Menue","kind":"action"}]}
[tx] {"t":"ping"}
[tx] {"t":"ping"}
[tx] {"t":"menu_set","rev":2391,"page":0,"items":[{"uid":"fav0","name":"Rock Antenne","kind":"station"},{"uid":"fav1","name":"Rock Antenne Bayern","kind":"station"},{"uid":"fav2","name":"Radio BOB!","kind":"station"},{"uid":"pump:page_next","name":"Menue","kind":"action"}]}
[tx] {"t":"ping"}
[tx] {"t":"menu_set","rev":2391,"page":0,"items":[{"uid":"fav0","name":"Rock Antenne","kind":"station"},{"uid":"fav1","name":"Rock Antenne Bayern","kind":"station"},{"uid":"fav2","name":"Radio BOB!","kind":"station"},{"uid":"pump:page_next","name":"Menue","kind":"action"}]}
[tx] {"t":"ping"}
[tx] {"t":"ping"}
[tx] {"t":"menu_set","rev":2391,"page":0,"items":[{"uid":"fav0","name":"Rock Antenne","kind":"station"},{"uid":"fav1","name":"Rock Antenne Bayern","kind":"station"},{"uid":"fav2","name":"Radio BOB!","kind":"station"},{"uid":"pump:page_next","name":"Menue","kind":"action"}]}
[tx] {"t":"ping"}
[tx] {"t":"menu_set","rev":2391,"page":0,"items":[{"uid":"fav0","name":"Rock Antenne","kind":"station"},{"uid":"fav1","name":"Rock Antenne Bayern","kind":"station"},{"uid":"fav2","name":"Radio BOB!","kind":"station"},{"uid":"pump:page_next","name":"Menue","kind":"action"}]}
[tx] {"t":"ping"}
[tx] {"t":"ping"}
[tx] {"t":"menu_set","rev":2391,"page":0,"items":[{"uid":"fav0","name":"Rock Antenne","kind":"station"},{"uid":"fav1","name":"Rock Antenne Bayern","kind":"station"},{"uid":"fav2","name":"Radio BOB!","kind":"station"},{"uid":"pump:page_next","name":"Menue","kind":"action"}]}
[tx] {"t":"ping"}
[tx] {"t":"menu_set","rev":2391,"page":0,"items":[{"uid":"fav0","name":"Rock Antenne","kind":"station"},{"uid":"fav1","name":"Rock Antenne Bayern","kind":"station"},{"uid":"fav2","name":"Radio BOB!","kind":"station"},{"uid":"pump:page_next","name":"Menue","kind":"action"}]}
[tx] {"t":"ping"}
[tx] {"t":"ping"}
[tx] {"t":"menu_set","rev":2391,"page":0,"items":[{"uid":"fav0","name":"Rock Antenne","kind":"station"},{"uid":"fav1","name":"Rock Antenne Bayern","kind":"station"},{"uid":"fav2","name":"Radio BOB!","kind":"station"},{"uid":"pump:page_next","name":"Menue","kind":"action"}]}
[tx] {"t":"ping"}
[tx] {"t":"ping"}
[tx] {"t":"menu_set","rev":2391,"page":0,"items":[{"uid":"fav0","name":"Rock Antenne","kind":"station"},{"uid":"fav1","name":"Rock Antenne Bayern","kind":"station"},{"uid":"fav2","name":"Radio BOB!","kind":"station"},{"uid":"pump:page_next","name":"Menue","kind":"action"}]}
[tx] {"t":"ping"}
[tx] {"t":"menu_set","rev":2391,"page":0,"items":[{"uid":"fav0","name":"Rock Antenne","kind":"station"},{"uid":"fav1","name":"Rock Antenne Bayern","kind":"station"},{"uid":"fav2","name":"Radio BOB!","kind":"station"},{"uid":"pump:page_next","name":"Menue","kind":"action"}]}
[tx] {"t":"ping"}
[tx] {"t":"ping"}
[tx] {"t":"menu_set","rev":2391,"page":0,"items":[{"uid":"fav0","name":"Rock Antenne","kind":"station"},{"uid":"fav1","name":"Rock Antenne Bayern","kind":"station"},{"uid":"fav2","name":"Radio BOB!","kind":"station"},{"uid":"pump:page_next","name":"Menue","kind":"action"}]}
[tx] {"t":"ping"}
[tx] {"t":"menu_set","rev":2391,"page":0,"items":[{"uid":"fav0","name":"Rock Antenne","kind":"station"},{"uid":"fav1","name":"Rock Antenne Bayern","kind":"station"},{"uid":"fav2","name":"Radio BOB!","kind":"station"},{"uid":"pump:page_next","name":"Menue","kind":"action"}]}
[tx] {"t":"ping"}
[tx] {"t":"ping"}
[tx] {"t":"menu_set","rev":2391,"page":0,"items":[{"uid":"fav0","name":"Rock Antenne","kind":"station"},{"uid":"fav1","name":"Rock Antenne Bayern","kind":"station"},{"uid":"fav2","name":"Radio BOB!","kind":"station"},{"uid":"pump:page_next","name":"Menue","kind":"action"}]}
[tx] {"t":"ping"}
[tx] {"t":"ping"}
[tx] {"t":"menu_set","rev":2391,"page":0,"items":[{"uid":"fav0","name":"Rock Antenne","kind":"station"},{"uid":"fav1","name":"Rock Antenne Bayern","kind":"station"},{"uid":"fav2","name":"Radio BOB!","kind":"station"},{"uid":"pump:page_next","name":"Menue","kind":"action"}]}
[tx] {"t":"ping"}
[tx] {"t":"menu_set","rev":2391,"page":0,"items":[{"uid":"fav0","name":"Rock Antenne","kind":"station"},{"uid":"fav1","name":"Rock Antenne Bayern","kind":"station"},{"uid":"fav2","name":"Radio BOB!","kind":"station"},{"uid":"pump:page_next","name":"Menue","kind":"action"}]}
[tx] {"t":"ping"}
[tx] {"t":"ping"}
[tx] {"t":"menu_set","rev":2391,"page":0,"items":[{"uid":"fav0","name":"Rock Antenne","kind":"station"},{"uid":"fav1","name":"Rock Antenne Bayern","kind":"station"},{"uid":"fav2","name":"Radio BOB!","kind":"station"},{"uid":"pump:page_next","name":"Menue","kind":"action"}]}
[tx] {"t":"ping"}
[tx] {"t":"menu_set","rev":2392,"page":0,"items":[{"uid":"fav0","name":"Rock Antenne","kind":"station"},{"uid":"fav1","name":"Rock Antenne Bayern","kind":"station"},{"uid":"fav2","name":"Radio BOB!","kind":"station"},{"uid":"pump:page_next","name":"Menue","kind":"action"}]}
[tx] {"t":"ping"}
[tx] {"t":"ping"}
[tx] {"t":"menu_set","rev":2392,"page":0,"items":[{"uid":"fav0","name":"Rock Antenne","kind":"station"},{"uid":"fav1","name":"Rock Antenne Bayern","kind":"station"},{"uid":"fav2","name":"Radio BOB!","kind":"station"},{"uid":"pump:page_next","name":"Menue","kind":"action"}]}
[tx] {"t":"ping"}
[tx] {"t":"ping"}
[tx] {"t":"menu_set","rev":2392,"page":0,"items":[{"uid":"fav0","name":"Rock Antenne","kind":"station"},{"uid":"fav1","name":"Rock Antenne Bayern","kind":"station"},{"uid":"fav2","name":"Radio BOB!","kind":"station"},{"uid":"pump:page_next","name":"Menue","kind":"action"}]}
[tx] {"t":"ping"}
[tx] {"t":"menu_set","rev":2392,"page":0,"items":[{"uid":"fav0","name":"Rock Antenne","kind":"station"},{"uid":"fav1","name":"Rock Antenne Bayern","kind":"station"},{"uid":"fav2","name":"Radio BOB!","kind":"station"},{"uid":"pump:page_next","name":"Menue","kind":"action"}]}
[tx] {"t":"ping"}
[tx] {"t":"ping"}
[tx] {"t":"menu_set","rev":2392,"page":0,"items":[{"uid":"fav0","name":"Rock Antenne","kind":"station"},{"uid":"fav1","name":"Rock Antenne Bayern","kind":"station"},{"uid":"fav2","name":"Radio BOB!","kind":"station"},{"uid":"pump:page_next","name":"Menue","kind":"action"}]}
[tx] {"t":"ping"}
[tx] {"t":"menu_set","rev":2392,"page":0,"items":[{"uid":"fav0","name":"Rock Antenne","kind":"station"},{"uid":"fav1","name":"Rock Antenne Bayern","kind":"station"},{"uid":"fav2","name":"Radio BOB!","kind":"station"},{"uid":"pump:page_next","name":"Menue","kind":"action"}]}
[tx] {"t":"ping"}
[tx] {"t":"ping"}
[tx] {"t":"menu_set","rev":2392,"page":0,"items":[{"uid":"fav0","name":"Rock Antenne","kind":"station"},{"uid":"fav1","name":"Rock Antenne Bayern","kind":"station"},{"uid":"fav2","name":"Radio BOB!","kind":"station"},{"uid":"pump:page_next","name":"Menue","kind":"action"}]}
[tx] {"t":"ping"}
[tx] {"t":"menu_set","rev":2392,"page":0,"items":[{"uid":"fav0","name":"Rock Antenne","kind":"station"},{"uid":"fav1","name":"Rock Antenne Bayern","kind":"station"},{"uid":"fav2","name":"Radio BOB!","kind":"station"},{"uid":"pump:page_next","name":"Menue","kind":"action"}]}
[tx] {"t":"ping"}
[tx] {"t":"ping"}
[tx] {"t":"menu_set","rev":2392,"page":0,"items":[{"uid":"fav0","name":"Rock Antenne","kind":"station"},{"uid":"fav1","name":"Rock Antenne Bayern","kind":"station"},{"uid":"fav2","name":"Radio BOB!","kind":"station"},{"uid":"pump:page_next","name":"Menue","kind":"action"}]}
[tx] {"t":"ping"}
[tx] {"t":"ping"}
[tx] {"t":"menu_set","rev":2392,"page":0,"items":[{"uid":"fav0","name":"Rock Antenne","kind":"station"},{"uid":"fav1","name":"Rock Antenne Bayern","kind":"station"},{"uid":"fav2","name":"Radio BOB!","kind":"station"},{"uid":"pump:page_next","name":"Menue","kind":"action"}]}
[tx] {"t":"ping"}
[tx] {"t":"menu_set","rev":2392,"page":0,"items":[{"uid":"fav0","name":"Rock Antenne","kind":"station"},{"uid":"fav1","name":"Rock Antenne Bayern","kind":"station"},{"uid":"fav2","name":"Radio BOB!","kind":"station"},{"uid":"pump:page_next","name":"Menue","kind":"action"}]}
[tx] {"t":"ping"}
[tx] {"t":"ping"}
[tx] {"t":"menu_set","rev":2393,"page":0,"items":[{"uid":"fav0","name":"Rock Antenne","kind":"station"},{"uid":"fav1","name":"Rock Antenne Bayern","kind":"station"},{"uid":"fav2","name":"Radio BOB!","kind":"station"},{"uid":"pump:page_next","name":"Menue","kind":"action"}]}
[tx] {"t":"ping"}
[tx] {"t":"menu_set","rev":2393,"page":0,"items":[{"uid":"fav0","name":"Rock Antenne","kind":"station"},{"uid":"fav1","name":"Rock Antenne Bayern","kind":"station"},{"uid":"fav2","name":"Radio BOB!","kind":"station"},{"uid":"pump:page_next","name":"Menue","kind":"action"}]}
[tx] {"t":"ping"}
[tx] {"t":"ping"}
[tx] {"t":"menu_set","rev":2393,"page":0,"items":[{"uid":"fav0","name":"Rock Antenne","kind":"station"},{"uid":"fav1","name":"Rock Antenne Bayern","kind":"station"},{"uid":"fav2","name":"Radio BOB!","kind":"station"},{"uid":"pump:page_next","name":"Menue","kind":"action"}]}
[tx] {"t":"ping"}
[tx] {"t":"ping"}
[tx] {"t":"menu_set","rev":2393,"page":0,"items":[{"uid":"fav0","name":"Rock Antenne","kind":"station"},{"uid":"fav1","name":"Rock Antenne Bayern","kind":"station"},{"uid":"fav2","name":"Radio BOB!","kind":"station"},{"uid":"pump:page_next","name":"Menue","kind":"action"}]}
[tx] {"t":"ping"}
[tx] {"t":"menu_set","rev":2393,"page":0,"items":[{"uid":"fav0","name":"Rock Antenne","kind":"station"},{"uid":"fav1","name":"Rock Antenne Bayern","kind":"station"},{"uid":"fav2","name":"Radio BOB!","kind":"station"},{"uid":"pump:page_next","name":"Menue","kind":"action"}]}
[tx] {"t":"ping"}
[tx] {"t":"ping"}
[tx] {"t":"menu_set","rev":2393,"page":0,"items":[{"uid":"fav0","name":"Rock Antenne","kind":"station"},{"uid":"fav1","name":"Rock Antenne Bayern","kind":"station"},{"uid":"fav2","name":"Radio BOB!","kind":"station"},{"uid":"pump:page_next","name":"Menue","kind":"action"}]}
[tx] {"t":"ping"}
[tx] {"t":"menu_set","rev":2393,"page":0,"items":[{"uid":"fav0","name":"Rock Antenne","kind":"station"},{"uid":"fav1","name":"Rock Antenne Bayern","kind":"station"},{"uid":"fav2","name":"Radio BOB!","kind":"station"},{"uid":"pump:page_next","name":"Menue","kind":"action"}]}
[tx] {"t":"ping"}
[tx] {"t":"ping"}
[tx] {"t":"menu_set","rev":2393,"page":0,"items":[{"uid":"fav0","name":"Rock Antenne","kind":"station"},{"uid":"fav1","name":"Rock Antenne Bayern","kind":"station"},{"uid":"fav2","name":"Radio BOB!","kind":"station"},{"uid":"pump:page_next","name":"Menue","kind":"action"}]}
[tx] {"t":"ping"}
[tx] {"t":"ping"}
[tx] {"t":"menu_set","rev":2393,"page":0,"items":[{"uid":"fav0","name":"Rock Antenne","kind":"station"},{"uid":"fav1","name":"Rock Antenne Bayern","kind":"station"},{"uid":"fav2","name":"Radio BOB!","kind":"station"},{"uid":"pump:page_next","name":"Menue","kind":"action"}]}
[tx] {"t":"ping"}
[tx] {"t":"menu_set","rev":2393,"page":0,"items":[{"uid":"fav0","name":"Rock Antenne","kind":"station"},{"uid":"fav1","name":"Rock Antenne Bayern","kind":"station"},{"uid":"fav2","name":"Radio BOB!","kind":"station"},{"uid":"pump:page_next","name":"Menue","kind":"action"}]}
[tx] {"t":"ping"}
[tx] {"t":"ping"}
[tx] {"t":"menu_set","rev":2393,"page":0,"items":[{"uid":"fav0","name":"Rock Antenne","kind":"station"},{"uid":"fav1","name":"Rock Antenne Bayern","kind":"station"},{"uid":"fav2","name":"Radio BOB!","kind":"station"},{"uid":"pump:page_next","name":"Menue","kind":"action"}]}
[tx] {"t":"ping"}
[tx] {"t":"menu_set","rev":2393,"page":0,"items":[{"uid":"fav0","name":"Rock Antenne","kind":"station"},{"uid":"fav1","name":"Rock Antenne Bayern","kind":"station"},{"uid":"fav2","name":"Radio BOB!","kind":"station"},{"uid":"pump:page_next","name":"Menue","kind":"action"}]}
[tx] {"t":"ping"}
[tx] {"t":"ping"}
[tx] {"t":"menu_set","rev":2393,"page":0,"items":[{"uid":"fav0","name":"Rock Antenne","kind":"station"},{"uid":"fav1","name":"Rock Antenne Bayern","kind":"station"},{"uid":"fav2","name":"Radio BOB!","kind":"station"},{"uid":"pump:page_next","name":"Menue","kind":"action"}]}
[tx] {"t":"ping"}
[tx] {"t":"menu_set","rev":2393,"page":0,"items":[{"uid":"fav0","name":"Rock Antenne","kind":"station"},{"uid":"fav1","name":"Rock Antenne Bayern","kind":"station"},{"uid":"fav2","name":"Radio BOB!","kind":"station"},{"uid":"pump:page_next","name":"Menue","kind":"action"}]}
[tx] {"t":"ping"}
[tx] {"t":"ping"}
[tx] {"t":"menu_set","rev":2393,"page":0,"items":[{"uid":"fav0","name":"Rock Antenne","kind":"station"},{"uid":"fav1","name":"Rock Antenne Bayern","kind":"station"},{"uid":"fav2","name":"Radio BOB!","kind":"station"},{"uid":"pump:page_next","name":"Menue","kind":"action"}]}
[tx] {"t":"ping"}
[tx] {"t":"ping"}
[tx] {"t":"menu_set","rev":2393,"page":0,"items":[{"uid":"fav0","name":"Rock Antenne","kind":"station"},{"uid":"fav1","name":"Rock Antenne Bayern","kind":"station"},{"uid":"fav2","name":"Radio BOB!","kind":"station"},{"uid":"pump:page_next","name":"Menue","kind":"action"}]}
[tx] {"t":"ping"}
[tx] {"t":"menu_set","rev":2393,"page":0,"items":[{"uid":"fav0","name":"Rock Antenne","kind":"station"},{"uid":"fav1","name":"Rock Antenne Bayern","kind":"station"},{"uid":"fav2","name":"Radio BOB!","kind":"station"},{"uid":"pump:page_next","name":"Menue","kind":"action"}]}
[tx] {"t":"ping"}
[tx] {"t":"ping"}
[tx] {"t":"menu_set","rev":2393,"page":0,"items":[{"uid":"fav0","name":"Rock Antenne","kind":"station"},{"uid":"fav1","name":"Rock Antenne Bayern","kind":"station"},{"uid":"fav2","name":"Radio BOB!","kind":"station"},{"uid":"pump:page_next","name":"Menue","kind":"action"}]}
[tx] {"t":"ping"}
[tx] {"t":"menu_set","rev":2393,"page":0,"items":[{"uid":"fav0","name":"Rock Antenne","kind":"station"},{"uid":"fav1","name":"Rock Antenne Bayern","kind":"station"},{"uid":"fav2","name":"Radio BOB!","kind":"station"},{"uid":"pump:page_next","name":"Menue","kind":"action"}]}
[bridge] link lost (timed out) — reconnect in 3.0s
[bridge] reconnect failed: [Errno 113] No route to host
[bridge] link lost (timed out) — reconnect in 3.0s
[bridge] reconnect failed: [Errno 113] No route to host
[bridge] link lost (timed out) — reconnect in 3.0s
[bridge] reconnect failed: [Errno 113] No route to host
[bridge] link lost (timed out) — reconnect in 3.0s
[bridge] reconnect failed: [Errno 113] No route to host
[bridge] link lost (timed out) — reconnect in 3.0s
[bridge] reconnect failed: [Errno 113] No route to host
[bridge] link lost (timed out) — reconnect in 3.0s
[bridge] reconnect failed: [Errno 113] No route to host
[bridge] link lost (timed out) — reconnect in 3.0s
[bridge] reconnect failed: [Errno 113] No route to host
[bridge] link lost (timed out) — reconnect in 3.0s
[bridge] reconnect failed: [Errno 113] No route to host
[bridge] link lost (timed out) — reconnect in 3.0s
[bridge] reconnect failed: [Errno 113] No route to host
[bridge] link lost (timed out) — reconnect in 3.0s
[bridge] reconnect failed: [Errno 113] No route to host
[bridge] link lost (timed out) — reconnect in 3.0s
[bridge] reconnect failed: [Errno 113] No route to host
[bridge] link lost (timed out) — reconnect in 3.0s
[bridge] reconnect failed: [Errno 113] No route to host
[bridge] link lost (timed out) — reconnect in 3.0s
[bridge] reconnect failed: [Errno 113] No route to host
[bridge] link lost (timed out) — reconnect in 3.0s
[bridge] reconnect failed: [Errno 113] No route to host
[bridge] link lost (timed out) — reconnect in 3.0s
[bridge] reconnect failed: [Errno 113] No route to host
[bridge] link lost (timed out) — reconnect in 3.0s
[bridge] reconnect failed: [Errno 113] No route to host
[bridge] link lost (timed out) — reconnect in 3.0s
[bridge] reconnect failed: [Errno 113] No route to host
[bridge] link lost (timed out) — reconnect in 3.0s
[bridge] reconnect failed: [Errno 113] No route to host
[bridge] link lost (timed out) — reconnect in 3.0s
[bridge] reconnect failed: [Errno 113] No route to host
[bridge] link lost (timed out) — reconnect in 3.0s
[bridge] reconnect failed: [Errno 113] No route to host
[bridge] link lost (timed out) — reconnect in 3.0s
[bridge] reconnect failed: [Errno 113] No route to host
[bridge] link lost (timed out) — reconnect in 3.0s
[bridge] reconnect failed: [Errno 113] No route to host
[bridge] link lost (timed out) — reconnect in 3.0s
[bridge] reconnect failed: [Errno 113] No route to host
[bridge] link lost (timed out) — reconnect in 3.0s
[bridge] reconnect failed: [Errno 113] No route to host
[bridge] link lost (timed out) — reconnect in 3.0s
[bridge] reconnect failed: [Errno 113] No route to host
[bridge] link lost (timed out) — reconnect in 3.0s
[bridge] reconnect failed: [Errno 113] No route to host
[bridge] link lost (timed out) — reconnect in 3.0s
[bridge] reconnect failed: [Errno 113] No route to host
[bridge] link lost (timed out) — reconnect in 3.0s
[bridge] reconnect failed: [Errno 113] No route to host
[bridge] link lost (timed out) — reconnect in 3.0s
[bridge] reconnect failed: [Errno 113] No route to host
[bridge] link lost (timed out) — reconnect in 3.0s
[bridge] reconnect failed: [Errno 113] No route to host
[bridge] link lost (timed out) — reconnect in 3.0s
[bridge] reconnect failed: [Errno 113] No route to host
[bridge] link lost (timed out) — reconnect in 3.0s
[bridge] reconnect failed: [Errno 113] No route to host
[bridge] link lost (timed out) — reconnect in 3.0s
[bridge] reconnect failed: [Errno 113] No route to host
[bridge] link lost (timed out) — reconnect in 3.0s
[bridge] reconnect failed: [Errno 113] No route to host
[bridge] link lost (timed out) — reconnect in 3.0s
[bridge] reconnect failed: [Errno 113] No route to host
[bridge] link lost (timed out) — reconnect in 3.0s
[bridge] reconnect failed: [Errno 113] No route to host
[bridge] link lost (timed out) — reconnect in 3.0s
[bridge] reconnect failed: [Errno 113] No route to host
[bridge] link lost (timed out) — reconnect in 3.0s
[bridge] reconnect failed: [Errno 113] No route to host
[bridge] link lost (timed out) — reconnect in 3.0s
[bridge] reconnect failed: [Errno 113] No route to host
[bridge] link lost (timed out) — reconnect in 3.0s
[bridge] reconnect failed: [Errno 113] No route to host
[bridge] link lost (timed out) — reconnect in 3.0s
[bridge] reconnect failed: [Errno 113] No route to host
[bridge] link lost (timed out) — reconnect in 3.0s
[bridge] reconnect failed: [Errno 113] No route to host
[bridge] link lost (timed out) — reconnect in 3.0s
[bridge] reconnect failed: [Errno 113] No route to host
[bridge] link lost (timed out) — reconnect in 3.0s
[bridge] reconnect failed: [Errno 113] No route to host
[bridge] link lost (timed out) — reconnect in 3.0s
[bridge] reconnect failed: [Errno 113] No route to host
[bridge] link lost (timed out) — reconnect in 3.0s
[bridge] reconnect failed: [Errno 113] No route to host
[bridge] link lost (timed out) — reconnect in 3.0s
[bridge] reconnect failed: [Errno 113] No route to host
[bridge] link lost (timed out) — reconnect in 3.0s
[bridge] reconnect failed: [Errno 113] No route to host
[bridge] link lost (timed out) — reconnect in 3.0s
[bridge] reconnect failed: [Errno 113] No route to host
[bridge] link lost (timed out) — reconnect in 3.0s
[bridge] reconnect failed: [Errno 113] No route to host
[bridge] link lost (timed out) — reconnect in 3.0s
[bridge] reconnect failed: [Errno 113] No route to host
[bridge] link lost (timed out) — reconnect in 3.0s
[bridge] reconnect failed: [Errno 113] No route to host
[bridge] link lost (timed out) — reconnect in 3.0s
[bridge] reconnect failed: [Errno 113] No route to host
[bridge] link lost (timed out) — reconnect in 3.0s
[bridge] reconnect failed: [Errno 113] No route to host
[bridge] link lost (timed out) — reconnect in 3.0s
[bridge] reconnect failed: [Errno 113] No route to host
[bridge] link lost (timed out) — reconnect in 3.0s
[bridge] reconnect failed: [Errno 113] No route to host
[bridge] link lost (timed out) — reconnect in 3.0s
[bridge] reconnect failed: [Errno 113] No route to host
[bridge] link lost (timed out) — reconnect in 3.0s
[bridge] reconnect failed: [Errno 113] No route to host
[bridge] link lost (timed out) — reconnect in 3.0s
[bridge] reconnect failed: [Errno 113] No route to host
[bridge] link lost (timed out) — reconnect in 3.0s
[bridge] reconnect failed: [Errno 113] No route to host
[bridge] link lost (timed out) — reconnect in 3.0s
[bridge] reconnect failed: [Errno 113] No route to host
[bridge] link lost (timed out) — reconnect in 3.0s
[bridge] reconnect failed: [Errno 113] No route to host
[bridge] link lost (timed out) — reconnect in 3.0s
[bridge] reconnect failed: [Errno 113] No route to host
[bridge] link lost (timed out) — reconnect in 3.0s
[bridge] reconnect failed: [Errno 113] No route to host
[bridge] link lost (timed out) — reconnect in 3.0s
[bridge] reconnect failed: [Errno 113] No route to host
[bridge] link lost (timed out) — reconnect in 3.0s
[bridge] reconnect failed: [Errno 113] No route to host
[bridge] link lost (timed out) — reconnect in 3.0s
[bridge] reconnect failed: [Errno 113] No route to host
[bridge] link lost (timed out) — reconnect in 3.0s
[bridge] reconnect failed: [Errno 113] No route to host
[bridge] link lost (timed out) — reconnect in 3.0s
[bridge] reconnect failed: [Errno 113] No route to host
[bridge] link lost (timed out) — reconnect in 3.0s
[bridge] reconnect failed: [Errno 113] No route to host
[bridge] link lost (timed out) — reconnect in 3.0s
[bridge] reconnect failed: [Errno 113] No route to host
[bridge] link lost (timed out) — reconnect in 3.0s
[bridge] reconnect failed: [Errno 113] No route to host
[bridge] link lost (timed out) — reconnect in 3.0s
[bridge] reconnect failed: [Errno 113] No route to host
[bridge] link lost (timed out) — reconnect in 3.0s
[bridge] reconnect failed: [Errno 113] No route to host
[bridge] link lost (timed out) — reconnect in 3.0s
[bridge] reconnect failed: [Errno 113] No route to host
[bridge] link lost (timed out) — reconnect in 3.0s
[bridge] reconnect failed: [Errno 113] No route to host
[bridge] link lost (timed out) — reconnect in 3.0s
[bridge] reconnect failed: [Errno 113] No route to host
[bridge] link lost (timed out) — reconnect in 3.0s
[bridge] reconnect failed: [Errno 113] No route to host
[bridge] link lost (timed out) — reconnect in 3.0s
[bridge] reconnect failed: [Errno 113] No route to host
[bridge] link lost (timed out) — reconnect in 3.0s
[bridge] reconnect failed: [Errno 113] No route to host
[bridge] link lost (timed out) — reconnect in 3.0s
[bridge] reconnect failed: [Errno 113] No route to host
[bridge] link lost (timed out) — reconnect in 3.0s
[bridge] reconnect failed: [Errno 113] No route to host
[bridge] link lost (timed out) — reconnect in 3.0s
[bridge] reconnect failed: [Errno 113] No route to host
[bridge] link lost (timed out) — reconnect in 3.0s
[bridge] reconnect failed: [Errno 113] No route to host
[bridge] link lost (timed out) — reconnect in 3.0s
[bridge] reconnect failed: [Errno 113] No route to host
[bridge] link lost (timed out) — reconnect in 3.0s
[bridge] reconnect failed: [Errno 113] No route to host
[bridge] link lost (timed out) — reconnect in 3.0s
[bridge] reconnect failed: [Errno 113] No route to host
[bridge] link lost (timed out) — reconnect in 3.0s
[bridge] reconnect failed: [Errno 113] No route to host
[bridge] link lost (timed out) — reconnect in 3.0s
[bridge] reconnect failed: [Errno 113] No route to host
[bridge] link lost (timed out) — reconnect in 3.0s
[bridge] reconnect failed: [Errno 113] No route to host
[bridge] link lost (timed out) — reconnect in 3.0s
[bridge] reconnect failed: [Errno 113] No route to host
[bridge] link lost (timed out) — reconnect in 3.0s
[bridge] reconnect failed: [Errno 113] No route to host
[bridge] link lost (timed out) — reconnect in 3.0s
[bridge] reconnect failed: [Errno 113] No route to host
[bridge] link lost (timed out) — reconnect in 3.0s
[bridge] reconnect failed: [Errno 113] No route to host
[bridge] link lost (timed out) — reconnect in 3.0s
[bridge] reconnect failed: [Errno 113] No route to host
[bridge] link lost (timed out) — reconnect in 3.0s
[bridge] reconnect failed: [Errno 113] No route to host
[bridge] link lost (timed out) — reconnect in 3.0s
[bridge] reconnect failed: [Errno 113] No route to host
[bridge] link lost (timed out) — reconnect in 3.0s
[bridge] reconnect failed: [Errno 113] No route to host
[bridge] link lost (timed out) — reconnect in 3.0s
[bridge] reconnect failed: [Errno 113] No route to host
[bridge] link lost (timed out) — reconnect in 3.0s
[bridge] reconnect failed: [Errno 113] No route to host
[bridge] link lost (timed out) — reconnect in 3.0s
[bridge] reconnect failed: [Errno 113] No route to host
[bridge] link lost (timed out) — reconnect in 3.0s
[bridge] reconnect failed: [Errno 113] No route to host
[bridge] link lost (timed out) — reconnect in 3.0s
[bridge] reconnect failed: [Errno 113] No route to host
[bridge] link lost ([Errno 32] Broken pipe) — reconnect in 3.0s
[bridge] reconnect failed: [Errno 113] No route to host
[bridge] link lost ([Errno 32] Broken pipe) — reconnect in 3.0s
[bridge] reconnect failed: [Errno 113] No route to host
[bridge] link lost ([Errno 32] Broken pipe) — reconnect in 3.0s
[bridge] reconnect failed: [Errno 113] No route to host
[bridge] link lost ([Errno 32] Broken pipe) — reconnect in 3.0s
[bridge] reconnect failed: [Errno 113] No route to host
[bridge] link lost ([Errno 32] Broken pipe) — reconnect in 3.0s
[bridge] reconnect failed: [Errno 113] No route to host
[bridge] link lost ([Errno 32] Broken pipe) — reconnect in 3.0s
[bridge] reconnect failed: [Errno 113] No route to host
[bridge] link lost ([Errno 32] Broken pipe) — reconnect in 3.0s
[bridge] reconnect failed: [Errno 113] No route to host
[bridge] link lost ([Errno 32] Broken pipe) — reconnect in 3.0s
[bridge] reconnect failed: [Errno 113] No route to host
[bridge] link lost ([Errno 32] Broken pipe) — reconnect in 3.0s
[bridge] reconnect failed: [Errno 113] No route to host
[bridge] link lost ([Errno 32] Broken pipe) — reconnect in 3.0s
[bridge] reconnect failed: [Errno 113] No route to host
[bridge] link lost ([Errno 32] Broken pipe) — reconnect in 3.0s
[bridge] reconnect failed: [Errno 113] No route to host
[bridge] link lost ([Errno 32] Broken pipe) — reconnect in 3.0s
[bridge] reconnect failed: [Errno 113] No route to host
[bridge] link lost ([Errno 32] Broken pipe) — reconnect in 3.0s
[bridge] reconnect failed: [Errno 113] No route to host
[bridge] link lost ([Errno 32] Broken pipe) — reconnect in 3.0s
[bridge] reconnect failed: [Errno 113] No route to host
[bridge] link lost ([Errno 32] Broken pipe) — reconnect in 3.0s
[bridge] reconnect failed: [Errno 113] No route to host
[bridge] link lost ([Errno 32] Broken pipe) — reconnect in 3.0s
[bridge] reconnect failed: [Errno 113] No route to host
[bridge] link lost ([Errno 32] Broken pipe) — reconnect in 3.0s
[bridge] reconnect failed: [Errno 113] No route to host
[bridge] link lost ([Errno 32] Broken pipe) — reconnect in 3.0s
[bridge] reconnect failed: [Errno 113] No route to host
[bridge] link lost ([Errno 32] Broken pipe) — reconnect in 3.0s
[bridge] reconnect failed: [Errno 113] No route to host
[bridge] link lost ([Errno 32] Broken pipe) — reconnect in 3.0s
[bridge] reconnect failed: [Errno 113] No route to host
[bridge] link lost ([Errno 32] Broken pipe) — reconnect in 3.0s
[bridge] reconnect failed: [Errno 113] No route to host
[bridge] link lost ([Errno 32] Broken pipe) — reconnect in 3.0s
[bridge] reconnect failed: [Errno 113] No route to host
[bridge] link lost ([Errno 32] Broken pipe) — reconnect in 3.0s
[bridge] reconnect failed: [Errno 113] No route to host
[bridge] link lost ([Errno 32] Broken pipe) — reconnect in 3.0s
[bridge] reconnect failed: [Errno 113] No route to host
[bridge] link lost ([Errno 32] Broken pipe) — reconnect in 3.0s
[bridge] reconnect failed: [Errno 113] No route to host
[bridge] link lost ([Errno 32] Broken pipe) — reconnect in 3.0s
[bridge] reconnect failed: [Errno 113] No route to host
[bridge] link lost ([Errno 32] Broken pipe) — reconnect in 3.0s
[bridge] reconnect failed: [Errno 113] No route to host
[bridge] link lost ([Errno 32] Broken pipe) — reconnect in 3.0s
[bridge] reconnect failed: [Errno 113] No route to host
[bridge] link lost ([Errno 32] Broken pipe) — reconnect in 3.0s
[bridge] reconnect failed: [Errno 113] No route to host
[bridge] link lost ([Errno 32] Broken pipe) — reconnect in 3.0s
[bridge] reconnect failed: [Errno 113] No route to host
[bridge] link lost ([Errno 32] Broken pipe) — reconnect in 3.0s
[bridge] reconnect failed: [Errno 113] No route to host
[bridge] link lost ([Errno 32] Broken pipe) — reconnect in 3.0s
[bridge] reconnect failed: [Errno 113] No route to host
[bridge] link lost ([Errno 32] Broken pipe) — reconnect in 3.0s
[bridge] reconnect failed: [Errno 113] No route to host
[bridge] link lost ([Errno 32] Broken pipe) — reconnect in 3.0s
[bridge] reconnect failed: [Errno 113] No route to host
[bridge] link lost ([Errno 32] Broken pipe) — reconnect in 3.0s
[bridge] reconnect failed: [Errno 113] No route to host
[bridge] link lost ([Errno 32] Broken pipe) — reconnect in 3.0s
[bridge] reconnect failed: [Errno 113] No route to host
[bridge] link lost ([Errno 32] Broken pipe) — reconnect in 3.0s
[bridge] reconnect failed: [Errno 113] No route to host
[bridge] link lost ([Errno 32] Broken pipe) — reconnect in 3.0s
[bridge] reconnect failed: [Errno 113] No route to host
[bridge] link lost ([Errno 32] Broken pipe) — reconnect in 3.0s
[bridge] reconnect failed: [Errno 113] No route to host
[bridge] link lost ([Errno 32] Broken pipe) — reconnect in 3.0s
[bridge] reconnect failed: [Errno 113] No route to host
[bridge] link lost ([Errno 32] Broken pipe) — reconnect in 3.0s
[bridge] reconnect failed: [Errno 113] No route to host
[bridge] link lost ([Errno 32] Broken pipe) — reconnect in 3.0s
[bridge] reconnect failed: [Errno 113] No route to host
[bridge] link lost ([Errno 32] Broken pipe) — reconnect in 3.0s
[bridge] reconnect failed: [Errno 113] No route to host
[bridge] link lost ([Errno 32] Broken pipe) — reconnect in 3.0s
[bridge] reconnect failed: [Errno 113] No route to host
[bridge] link lost ([Errno 32] Broken pipe) — reconnect in 3.0s
[bridge] reconnect failed: [Errno 113] No route to host
[bridge] link lost ([Errno 32] Broken pipe) — reconnect in 3.0s
[bridge] reconnect failed: [Errno 113] No route to host
[bridge] link lost ([Errno 32] Broken pipe) — reconnect in 3.0s
[bridge] reconnect failed: [Errno 113] No route to host
[bridge] link lost ([Errno 32] Broken pipe) — reconnect in 3.0s
[bridge] reconnect failed: [Errno 113] No route to host
[bridge] link lost ([Errno 32] Broken pipe) — reconnect in 3.0s
[bridge] reconnect failed: [Errno 113] No route to host
[bridge] link lost ([Errno 32] Broken pipe) — reconnect in 3.0s
[bridge] reconnect failed: [Errno 113] No route to host
[bridge] link lost ([Errno 32] Broken pipe) — reconnect in 3.0s
[bridge] reconnect failed: [Errno 113] No route to host
[bridge] link lost ([Errno 32] Broken pipe) — reconnect in 3.0s
[bridge] reconnect failed: [Errno 113] No route to host
[bridge] link lost ([Errno 32] Broken pipe) — reconnect in 3.0s
[bridge] reconnect failed: [Errno 113] No route to host
[bridge] link lost ([Errno 32] Broken pipe) — reconnect in 3.0s
[bridge] reconnect failed: [Errno 113] No route to host
[bridge] link lost ([Errno 32] Broken pipe) — reconnect in 3.0s
[bridge] reconnect failed: [Errno 113] No route to host
[bridge] link lost ([Errno 32] Broken pipe) — reconnect in 3.0s
[bridge] reconnect failed: [Errno 113] No route to host
[bridge] link lost ([Errno 32] Broken pipe) — reconnect in 3.0s
[bridge] reconnect failed: [Errno 113] No route to host
[bridge] link lost ([Errno 32] Broken pipe) — reconnect in 3.0s
[bridge] reconnect failed: [Errno 113] No route to host
[bridge] link lost ([Errno 32] Broken pipe) — reconnect in 3.0s
[bridge] reconnect failed: [Errno 113] No route to host
[bridge] link lost ([Errno 32] Broken pipe) — reconnect in 3.0s
[bridge] reconnect failed: [Errno 113] No route to host
[bridge] link lost ([Errno 32] Broken pipe) — reconnect in 3.0s
[bridge] reconnect failed: [Errno 113] No route to host
[bridge] link lost ([Errno 32] Broken pipe) — reconnect in 3.0s
[bridge] reconnect failed: [Errno 113] No route to host
[bridge] link lost ([Errno 32] Broken pipe) — reconnect in 3.0s
[bridge] reconnect failed: [Errno 113] No route to host
[bridge] link lost ([Errno 32] Broken pipe) — reconnect in 3.0s
[bridge] reconnect failed: [Errno 113] No route to host
[bridge] link lost ([Errno 32] Broken pipe) — reconnect in 3.0s
[bridge] reconnect failed: [Errno 113] No route to host
[bridge] link lost ([Errno 32] Broken pipe) — reconnect in 3.0s
[bridge] reconnect failed: [Errno 113] No route to host
[bridge] link lost ([Errno 32] Broken pipe) — reconnect in 3.0s
[bridge] reconnect failed: [Errno 113] No route to host
[bridge] link lost ([Errno 32] Broken pipe) — reconnect in 3.0s
[bridge] reconnect failed: [Errno 113] No route to host
[bridge] link lost ([Errno 32] Broken pipe) — reconnect in 3.0s
[bridge] reconnect failed: [Errno 113] No route to host
[bridge] link lost ([Errno 32] Broken pipe) — reconnect in 3.0s
[bridge] reconnect failed: [Errno 113] No route to host
[bridge] link lost ([Errno 32] Broken pipe) — reconnect in 3.0s
[bridge] reconnect failed: [Errno 113] No route to host
[bridge] link lost ([Errno 32] Broken pipe) — reconnect in 3.0s
[bridge] reconnect failed: [Errno 113] No route to host
[bridge] link lost ([Errno 32] Broken pipe) — reconnect in 3.0s
[bridge] reconnect failed: [Errno 113] No route to host
[bridge] link lost ([Errno 32] Broken pipe) — reconnect in 3.0s
[bridge] reconnect failed: [Errno 113] No route to host
[bridge] link lost ([Errno 32] Broken pipe) — reconnect in 3.0s
[bridge] reconnect failed: [Errno 113] No route to host
[bridge] link lost ([Errno 32] Broken pipe) — reconnect in 3.0s
[bridge] reconnect failed: [Errno 113] No route to host
[bridge] link lost ([Errno 32] Broken pipe) — reconnect in 3.0s
[bridge] reconnect failed: [Errno 113] No route to host
[bridge] link lost ([Errno 32] Broken pipe) — reconnect in 3.0s
[bridge] reconnect failed: [Errno 113] No route to host
[bridge] link lost ([Errno 32] Broken pipe) — reconnect in 3.0s
[bridge] reconnect failed: [Errno 113] No route to host
[bridge] link lost ([Errno 32] Broken pipe) — reconnect in 3.0s
[bridge] reconnect failed: [Errno 113] No route to host
[bridge] link lost ([Errno 32] Broken pipe) — reconnect in 3.0s
[bridge] reconnect failed: [Errno 113] No route to host
[bridge] link lost ([Errno 32] Broken pipe) — reconnect in 3.0s
[bridge] reconnect failed: [Errno 113] No route to host
[bridge] link lost ([Errno 32] Broken pipe) — reconnect in 3.0s
[bridge] reconnect failed: [Errno 113] No route to host
[bridge] link lost ([Errno 32] Broken pipe) — reconnect in 3.0s
[bridge] reconnect failed: [Errno 113] No route to host
[bridge] link lost ([Errno 32] Broken pipe) — reconnect in 3.0s
[bridge] reconnect failed: [Errno 113] No route to host
[bridge] link lost ([Errno 32] Broken pipe) — reconnect in 3.0s
[bridge] reconnect failed: [Errno 113] No route to host
[bridge] link lost ([Errno 32] Broken pipe) — reconnect in 3.0s
[bridge] reconnect failed: [Errno 113] No route to host
[bridge] link lost ([Errno 32] Broken pipe) — reconnect in 3.0s
[bridge] reconnect failed: [Errno 113] No route to host
[bridge] link lost ([Errno 32] Broken pipe) — reconnect in 3.0s
[bridge] reconnect failed: [Errno 113] No route to host
[bridge] link lost ([Errno 32] Broken pipe) — reconnect in 3.0s
[bridge] reconnect failed: [Errno 113] No route to host
[bridge] link lost ([Errno 32] Broken pipe) — reconnect in 3.0s
[bridge] reconnect failed: [Errno 113] No route to host
[bridge] link lost ([Errno 32] Broken pipe) — reconnect in 3.0s
[bridge] reconnect failed: [Errno 113] No route to host
[bridge] link lost ([Errno 32] Broken pipe) — reconnect in 3.0s
[bridge] reconnect failed: [Errno 113] No route to host
[bridge] link lost ([Errno 32] Broken pipe) — reconnect in 3.0s
[bridge] reconnect failed: [Errno 113] No route to host
[bridge] link lost ([Errno 32] Broken pipe) — reconnect in 3.0s
[bridge] reconnect failed: [Errno 113] No route to host
[bridge] link lost ([Errno 32] Broken pipe) — reconnect in 3.0s
[bridge] reconnect failed: [Errno 113] No route to host
[bridge] link lost ([Errno 32] Broken pipe) — reconnect in 3.0s
[bridge] reconnect failed: [Errno 113] No route to host
[bridge] link lost ([Errno 32] Broken pipe) — reconnect in 3.0s
[bridge] reconnect failed: [Errno 113] No route to host
[bridge] link lost ([Errno 32] Broken pipe) — reconnect in 3.0s
[bridge] reconnect failed: [Errno 113] No route to host
[bridge] link lost ([Errno 32] Broken pipe) — reconnect in 3.0s
[bridge] reconnect failed: [Errno 113] No route to host
[bridge] link lost ([Errno 32] Broken pipe) — reconnect in 3.0s
[bridge] reconnect failed: [Errno 113] No route to host
[bridge] link lost ([Errno 32] Broken pipe) — reconnect in 3.0s
[bridge] reconnect failed: [Errno 113] No route to host
[bridge] link lost ([Errno 32] Broken pipe) — reconnect in 3.0s
[bridge] reconnect failed: [Errno 113] No route to host
[bridge] link lost ([Errno 32] Broken pipe) — reconnect in 3.0s
[bridge] reconnect failed: [Errno 113] No route to host
[bridge] link lost ([Errno 32] Broken pipe) — reconnect in 3.0s
[bridge] reconnect failed: [Errno 113] No route to host
[bridge] link lost ([Errno 32] Broken pipe) — reconnect in 3.0s
[bridge] reconnect failed: [Errno 113] No route to host
[bridge] link lost ([Errno 32] Broken pipe) — reconnect in 3.0s
[bridge] reconnect failed: [Errno 113] No route to host
[bridge] link lost ([Errno 32] Broken pipe) — reconnect in 3.0s
[bridge] reconnect failed: [Errno 113] No route to host
[bridge] link lost ([Errno 32] Broken pipe) — reconnect in 3.0s
[bridge] reconnect failed: [Errno 113] No route to host
[bridge] link lost ([Errno 32] Broken pipe) — reconnect in 3.0s
[bridge] reconnect failed: [Errno 113] No route to host
[bridge] link lost ([Errno 32] Broken pipe) — reconnect in 3.0s
[bridge] reconnect failed: [Errno 113] No route to host
[bridge] link lost ([Errno 32] Broken pipe) — reconnect in 3.0s
[bridge] reconnect failed: [Errno 113] No route to host
[bridge] link lost ([Errno 32] Broken pipe) — reconnect in 3.0s
[bridge] reconnect failed: [Errno 113] No route to host
[bridge] link lost ([Errno 32] Broken pipe) — reconnect in 3.0s
[bridge] reconnect failed: [Errno 113] No route to host
[bridge] link lost ([Errno 32] Broken pipe) — reconnect in 3.0s
[bridge] reconnect failed: [Errno 113] No route to host
[bridge] link lost ([Errno 32] Broken pipe) — reconnect in 3.0s
[bridge] reconnect failed: [Errno 113] No route to host
[bridge] link lost ([Errno 32] Broken pipe) — reconnect in 3.0s
[bridge] reconnect failed: [Errno 113] No route to host
[bridge] link lost ([Errno 32] Broken pipe) — reconnect in 3.0s
[bridge] reconnect failed: [Errno 113] No route to host
[bridge] link lost ([Errno 32] Broken pipe) — reconnect in 3.0s
[bridge] reconnect failed: [Errno 113] No route to host
[bridge] link lost ([Errno 32] Broken pipe) — reconnect in 3.0s
[bridge] reconnect failed: [Errno 113] No route to host
[bridge] link lost ([Errno 32] Broken pipe) — reconnect in 3.0s
[bridge] reconnect failed: [Errno 113] No route to host
[bridge] link lost ([Errno 32] Broken pipe) — reconnect in 3.0s
[bridge] reconnect failed: [Errno 113] No route to host
[bridge] link lost ([Errno 32] Broken pipe) — reconnect in 3.0s
[bridge] reconnect failed: [Errno 113] No route to host
[bridge] link lost ([Errno 32] Broken pipe) — reconnect in 3.0s
[bridge] reconnect failed: [Errno 113] No route to host
[bridge] link lost ([Errno 32] Broken pipe) — reconnect in 3.0s
[bridge] reconnect failed: [Errno 113] No route to host
[bridge] link lost ([Errno 32] Broken pipe) — reconnect in 3.0s
[bridge] reconnect failed: [Errno 113] No route to host
[bridge] link lost ([Errno 32] Broken pipe) — reconnect in 3.0s
[bridge] reconnect failed: [Errno 113] No route to host
[bridge] link lost ([Errno 32] Broken pipe) — reconnect in 3.0s
[bridge] reconnect failed: [Errno 113] No route to host
[bridge] link lost ([Errno 32] Broken pipe) — reconnect in 3.0s
[bridge] reconnect failed: [Errno 113] No route to host
[bridge] link lost ([Errno 32] Broken pipe) — reconnect in 3.0s
[bridge] reconnect failed: [Errno 113] No route to host
[bridge] link lost ([Errno 32] Broken pipe) — reconnect in 3.0s
[bridge] reconnect failed: [Errno 113] No route to host
[bridge] link lost ([Errno 32] Broken pipe) — reconnect in 3.0s
[bridge] reconnect failed: [Errno 113] No route to host
[bridge] link lost ([Errno 32] Broken pipe) — reconnect in 3.0s
[bridge] reconnect failed: [Errno 113] No route to host
[bridge] link lost ([Errno 32] Broken pipe) — reconnect in 3.0s
[bridge] reconnect failed: [Errno 113] No route to host
[bridge] link lost ([Errno 32] Broken pipe) — reconnect in 3.0s
[bridge] reconnect failed: [Errno 113] No route to host
[bridge] link lost ([Errno 32] Broken pipe) — reconnect in 3.0s
[bridge] reconnect failed: [Errno 113] No route to host
[bridge] link lost ([Errno 32] Broken pipe) — reconnect in 3.0s
[bridge] reconnect failed: [Errno 113] No route to host
[bridge] link lost ([Errno 32] Broken pipe) — reconnect in 3.0s
[bridge] reconnect failed: [Errno 113] No route to host
[bridge] link lost ([Errno 32] Broken pipe) — reconnect in 3.0s
[bridge] reconnect failed: [Errno 113] No route to host
[bridge] link lost ([Errno 32] Broken pipe) — reconnect in 3.0s
[bridge] reconnect failed: [Errno 113] No route to host
[bridge] link lost ([Errno 32] Broken pipe) — reconnect in 3.0s
[bridge] reconnect failed: [Errno 113] No route to host
[bridge] link lost ([Errno 32] Broken pipe) — reconnect in 3.0s
[bridge] reconnect failed: [Errno 113] No route to host
[bridge] link lost ([Errno 32] Broken pipe) — reconnect in 3.0s
[bridge] reconnect failed: [Errno 113] No route to host
[bridge] link lost ([Errno 32] Broken pipe) — reconnect in 3.0s
[bridge] reconnect failed: [Errno 113] No route to host
[bridge] link lost ([Errno 32] Broken pipe) — reconnect in 3.0s
[bridge] reconnect failed: [Errno 113] No route to host
[bridge] link lost ([Errno 32] Broken pipe) — reconnect in 3.0s
[bridge] reconnect failed: [Errno 113] No route to host
[bridge] link lost ([Errno 32] Broken pipe) — reconnect in 3.0s
[bridge] reconnect failed: [Errno 113] No route to host
[bridge] link lost ([Errno 32] Broken pipe) — reconnect in 3.0s
[bridge] reconnect failed: [Errno 113] No route to host
[bridge] link lost ([Errno 32] Broken pipe) — reconnect in 3.0s
[bridge] reconnect failed: [Errno 113] No route to host
[bridge] link lost ([Errno 32] Broken pipe) — reconnect in 3.0s
[bridge] reconnect failed: [Errno 113] No route to host
[bridge] link lost ([Errno 32] Broken pipe) — reconnect in 3.0s
[bridge] reconnect failed: [Errno 113] No route to host
[bridge] link lost ([Errno 32] Broken pipe) — reconnect in 3.0s
[bridge] reconnect failed: [Errno 113] No route to host
[bridge] link lost ([Errno 32] Broken pipe) — reconnect in 3.0s
[bridge] reconnect failed: [Errno 113] No route to host
[bridge] link lost ([Errno 32] Broken pipe) — reconnect in 3.0s
[bridge] reconnect failed: [Errno 113] No route to host
[bridge] link lost ([Errno 32] Broken pipe) — reconnect in 3.0s
[bridge] reconnect failed: [Errno 113] No route to host
[bridge] link lost ([Errno 32] Broken pipe) — reconnect in 3.0s
[bridge] reconnect failed: [Errno 113] No route to host
[bridge] link lost ([Errno 32] Broken pipe) — reconnect in 3.0s
[bridge] reconnect failed: [Errno 113] No route to host
[bridge] link lost ([Errno 32] Broken pipe) — reconnect in 3.0s
[bridge] reconnect failed: [Errno 113] No route to host
[bridge] link lost ([Errno 32] Broken pipe) — reconnect in 3.0s
[bridge] reconnect failed: [Errno 113] No route to host
[bridge] link lost ([Errno 32] Broken pipe) — reconnect in 3.0s
[bridge] reconnect failed: [Errno 113] No route to host
[bridge] link lost ([Errno 32] Broken pipe) — reconnect in 3.0s
[bridge] reconnect failed: [Errno 113] No route to host
[bridge] link lost ([Errno 32] Broken pipe) — reconnect in 3.0s
[bridge] reconnect failed: [Errno 113] No route to host
[bridge] link lost ([Errno 32] Broken pipe) — reconnect in 3.0s
[bridge] reconnect failed: [Errno 113] No route to host
[bridge] link lost ([Errno 32] Broken pipe) — reconnect in 3.0s
[bridge] reconnect failed: [Errno 113] No route to host
[bridge] link lost ([Errno 32] Broken pipe) — reconnect in 3.0s
[bridge] reconnect failed: [Errno 113] No route to host
[bridge] link lost ([Errno 32] Broken pipe) — reconnect in 3.0s
[bridge] reconnect failed: [Errno 113] No route to host
[bridge] link lost ([Errno 32] Broken pipe) — reconnect in 3.0s
[bridge] reconnect failed: [Errno 113] No route to host
[bridge] link lost ([Errno 32] Broken pipe) — reconnect in 3.0s
[bridge] reconnect failed: [Errno 113] No route to host
[bridge] link lost ([Errno 32] Broken pipe) — reconnect in 3.0s
[bridge] reconnect failed: [Errno 113] No route to host
[bridge] link lost ([Errno 32] Broken pipe) — reconnect in 3.0s
[bridge] reconnect failed: [Errno 113] No route to host
[bridge] link lost ([Errno 32] Broken pipe) — reconnect in 3.0s
[bridge] reconnect failed: [Errno 113] No route to host
[bridge] link lost ([Errno 32] Broken pipe) — reconnect in 3.0s
[bridge] reconnect failed: [Errno 113] No route to host
[bridge] link lost ([Errno 32] Broken pipe) — reconnect in 3.0s
[bridge] reconnect failed: [Errno 113] No route to host
[bridge] link lost ([Errno 32] Broken pipe) — reconnect in 3.0s
[bridge] reconnect failed: [Errno 113] No route to host
[bridge] link lost ([Errno 32] Broken pipe) — reconnect in 3.0s
[bridge] reconnect failed: [Errno 113] No route to host
[bridge] link lost ([Errno 32] Broken pipe) — reconnect in 3.0s
[bridge] reconnect failed: [Errno 113] No route to host
[bridge] link lost ([Errno 32] Broken pipe) — reconnect in 3.0s
[bridge] reconnect failed: [Errno 113] No route to host
[bridge] link lost ([Errno 32] Broken pipe) — reconnect in 3.0s
[bridge] reconnect failed: [Errno 113] No route to host
[bridge] link lost ([Errno 32] Broken pipe) — reconnect in 3.0s
[bridge] reconnect failed: [Errno 113] No route to host
[bridge] link lost ([Errno 32] Broken pipe) — reconnect in 3.0s
[bridge] reconnect failed: [Errno 113] No route to host
[bridge] link lost ([Errno 32] Broken pipe) — reconnect in 3.0s
[bridge] reconnect failed: [Errno 113] No route to host
[bridge] link lost ([Errno 32] Broken pipe) — reconnect in 3.0s
[bridge] reconnect failed: [Errno 113] No route to host
[bridge] link lost ([Errno 32] Broken pipe) — reconnect in 3.0s
[bridge] reconnect failed: [Errno 113] No route to host
[bridge] link lost ([Errno 32] Broken pipe) — reconnect in 3.0s
[bridge] reconnect failed: [Errno 113] No route to host
[bridge] link lost ([Errno 32] Broken pipe) — reconnect in 3.0s
[bridge] reconnect failed: [Errno 113] No route to host
[bridge] link lost ([Errno 32] Broken pipe) — reconnect in 3.0s
[bridge] reconnect failed: [Errno 113] No route to host
[bridge] link lost ([Errno 32] Broken pipe) — reconnect in 3.0s
[bridge] reconnect failed: [Errno 113] No route to host
[bridge] link lost ([Errno 32] Broken pipe) — reconnect in 3.0s
[bridge] reconnect failed: [Errno 113] No route to host
[bridge] link lost ([Errno 32] Broken pipe) — reconnect in 3.0s
[bridge] reconnect failed: [Errno 113] No route to host
[bridge] link lost ([Errno 32] Broken pipe) — reconnect in 3.0s
[bridge] reconnect failed: [Errno 113] No route to host
[bridge] link lost ([Errno 32] Broken pipe) — reconnect in 3.0s
[bridge] reconnect failed: [Errno 113] No route to host
[bridge] link lost ([Errno 32] Broken pipe) — reconnect in 3.0s
[bridge] reconnect failed: [Errno 113] No route to host
[bridge] link lost ([Errno 32] Broken pipe) — reconnect in 3.0s
[bridge] reconnect failed: [Errno 113] No route to host
[bridge] link lost ([Errno 32] Broken pipe) — reconnect in 3.0s
[bridge] reconnect failed: [Errno 113] No route to host
[bridge] link lost ([Errno 32] Broken pipe) — reconnect in 3.0s
[bridge] reconnect failed: [Errno 113] No route to host
[bridge] link lost ([Errno 32] Broken pipe) — reconnect in 3.0s
[bridge] reconnect failed: [Errno 113] No route to host
[bridge] link lost ([Errno 32] Broken pipe) — reconnect in 3.0s
[bridge] reconnect failed: [Errno 113] No route to host
[bridge] link lost ([Errno 32] Broken pipe) — reconnect in 3.0s
[bridge] reconnect failed: [Errno 113] No route to host
[bridge] link lost ([Errno 32] Broken pipe) — reconnect in 3.0s
[bridge] reconnect failed: [Errno 113] No route to host
[bridge] link lost ([Errno 32] Broken pipe) — reconnect in 3.0s
[bridge] reconnect failed: [Errno 113] No route to host
[bridge] link lost ([Errno 32] Broken pipe) — reconnect in 3.0s
[bridge] reconnect failed: [Errno 113] No route to host
[bridge] link lost ([Errno 32] Broken pipe) — reconnect in 3.0s
[bridge] reconnect failed: [Errno 113] No route to host
[bridge] link lost ([Errno 32] Broken pipe) — reconnect in 3.0s
[bridge] reconnect failed: [Errno 113] No route to host
[bridge] link lost ([Errno 32] Broken pipe) — reconnect in 3.0s
[bridge] reconnect failed: [Errno 113] No route to host
[bridge] link lost ([Errno 32] Broken pipe) — reconnect in 3.0s
[bridge] reconnect failed: [Errno 113] No route to host
[bridge] link lost ([Errno 32] Broken pipe) — reconnect in 3.0s
[bridge] reconnect failed: [Errno 113] No route to host
[bridge] link lost ([Errno 32] Broken pipe) — reconnect in 3.0s
[bridge] reconnect failed: [Errno 113] No route to host
[bridge] link lost ([Errno 32] Broken pipe) — reconnect in 3.0s
[bridge] reconnect failed: [Errno 113] No route to host
[bridge] link lost ([Errno 32] Broken pipe) — reconnect in 3.0s
[bridge] reconnect failed: [Errno 113] No route to host
[bridge] link lost ([Errno 32] Broken pipe) — reconnect in 3.0s
[bridge] reconnect failed: [Errno 113] No route to host
[bridge] link lost ([Errno 32] Broken pipe) — reconnect in 3.0s
[bridge] reconnect failed: [Errno 113] No route to host
[bridge] link lost ([Errno 32] Broken pipe) — reconnect in 3.0s
[bridge] reconnect failed: [Errno 113] No route to host
[bridge] link lost ([Errno 32] Broken pipe) — reconnect in 3.0s
[bridge] reconnect failed: [Errno 113] No route to host
[bridge] link lost ([Errno 32] Broken pipe) — reconnect in 3.0s
[bridge] reconnect failed: [Errno 113] No route to host
[bridge] link lost ([Errno 32] Broken pipe) — reconnect in 3.0s
[bridge] reconnect failed: [Errno 113] No route to host
[bridge] link lost ([Errno 32] Broken pipe) — reconnect in 3.0s
[bridge] reconnect failed: [Errno 113] No route to host
[bridge] link lost ([Errno 32] Broken pipe) — reconnect in 3.0s
[bridge] reconnect failed: [Errno 113] No route to host
[bridge] link lost ([Errno 32] Broken pipe) — reconnect in 3.0s
[bridge] reconnect failed: [Errno 113] No route to host
[bridge] link lost ([Errno 32] Broken pipe) — reconnect in 3.0s
[bridge] reconnect failed: [Errno 113] No route to host
[bridge] link lost ([Errno 32] Broken pipe) — reconnect in 3.0s
[bridge] reconnect failed: [Errno 113] No route to host
[bridge] link lost ([Errno 32] Broken pipe) — reconnect in 3.0s
[bridge] reconnect failed: [Errno 113] No route to host
[bridge] link lost ([Errno 32] Broken pipe) — reconnect in 3.0s
[bridge] reconnect failed: [Errno 113] No route to host
[bridge] link lost ([Errno 32] Broken pipe) — reconnect in 3.0s
[bridge] reconnect failed: [Errno 113] No route to host
[bridge] link lost ([Errno 32] Broken pipe) — reconnect in 3.0s
[bridge] reconnect failed: [Errno 113] No route to host
[bridge] link lost ([Errno 32] Broken pipe) — reconnect in 3.0s
[bridge] reconnect failed: [Errno 113] No route to host
[bridge] link lost ([Errno 32] Broken pipe) — reconnect in 3.0s
[bridge] reconnect failed: [Errno 113] No route to host
[bridge] link lost ([Errno 32] Broken pipe) — reconnect in 3.0s
[bridge] reconnect failed: [Errno 113] No route to host
[bridge] link lost ([Errno 32] Broken pipe) — reconnect in 3.0s
[bridge] reconnect failed: [Errno 113] No route to host
[bridge] link lost ([Errno 32] Broken pipe) — reconnect in 3.0s
[bridge] reconnect failed: [Errno 113] No route to host
[bridge] link lost ([Errno 32] Broken pipe) — reconnect in 3.0s
[bridge] reconnect failed: [Errno 113] No route to host
[bridge] link lost ([Errno 32] Broken pipe) — reconnect in 3.0s
[bridge] reconnect failed: [Errno 113] No route to host
[bridge] link lost ([Errno 32] Broken pipe) — reconnect in 3.0s
[bridge] reconnect failed: [Errno 113] No route to host
[bridge] link lost ([Errno 32] Broken pipe) — reconnect in 3.0s
[bridge] reconnect failed: [Errno 113] No route to host
[bridge] link lost ([Errno 32] Broken pipe) — reconnect in 3.0s
[bridge] reconnect failed: [Errno 113] No route to host
[bridge] link lost ([Errno 32] Broken pipe) — reconnect in 3.0s
[bridge] reconnect failed: [Errno 113] No route to host
[bridge] link lost ([Errno 32] Broken pipe) — reconnect in 3.0s
[bridge] reconnect failed: [Errno 113] No route to host
[bridge] link lost ([Errno 32] Broken pipe) — reconnect in 3.0s
[bridge] reconnect failed: [Errno 113] No route to host
[bridge] link lost ([Errno 32] Broken pipe) — reconnect in 3.0s
[bridge] reconnect failed: [Errno 113] No route to host
[bridge] link lost ([Errno 32] Broken pipe) — reconnect in 3.0s
[bridge] reconnect failed: [Errno 113] No route to host
[bridge] link lost ([Errno 32] Broken pipe) — reconnect in 3.0s
[bridge] reconnect failed: [Errno 113] No route to host
[bridge] link lost ([Errno 32] Broken pipe) — reconnect in 3.0s
[bridge] reconnect failed: [Errno 113] No route to host
[bridge] link lost ([Errno 32] Broken pipe) — reconnect in 3.0s
[bridge] reconnect failed: [Errno 113] No route to host
[bridge] link lost ([Errno 32] Broken pipe) — reconnect in 3.0s
[bridge] reconnect failed: [Errno 113] No route to host
[bridge] link lost ([Errno 32] Broken pipe) — reconnect in 3.0s
[bridge] reconnect failed: [Errno 113] No route to host
[bridge] link lost ([Errno 32] Broken pipe) — reconnect in 3.0s
[bridge] reconnect failed: [Errno 113] No route to host
[bridge] link lost ([Errno 32] Broken pipe) — reconnect in 3.0s
[bridge] reconnect failed: [Errno 113] No route to host
[bridge] link lost ([Errno 32] Broken pipe) — reconnect in 3.0s
[bridge] reconnect failed: [Errno 113] No route to host
[bridge] link lost ([Errno 32] Broken pipe) — reconnect in 3.0s
[bridge] reconnect failed: [Errno 113] No route to host
[bridge] link lost ([Errno 32] Broken pipe) — reconnect in 3.0s
[bridge] reconnect failed: [Errno 113] No route to host
[bridge] link lost ([Errno 32] Broken pipe) — reconnect in 3.0s
[bridge] reconnect failed: [Errno 113] No route to host
[bridge] link lost ([Errno 32] Broken pipe) — reconnect in 3.0s
[bridge] reconnect failed: [Errno 113] No route to host
[bridge] link lost ([Errno 32] Broken pipe) — reconnect in 3.0s
[bridge] reconnect failed: [Errno 113] No route to host
[bridge] link lost ([Errno 32] Broken pipe) — reconnect in 3.0s
[bridge] reconnect failed: [Errno 113] No route to host
[bridge] link lost ([Errno 32] Broken pipe) — reconnect in 3.0s
[bridge] reconnect failed: [Errno 113] No route to host
[bridge] link lost ([Errno 32] Broken pipe) — reconnect in 3.0s
[bridge] reconnect failed: [Errno 113] No route to host
[bridge] link lost ([Errno 32] Broken pipe) — reconnect in 3.0s
[bridge] reconnect failed: [Errno 113] No route to host
[bridge] link lost ([Errno 32] Broken pipe) — reconnect in 3.0s
[bridge] reconnect failed: [Errno 113] No route to host
[bridge] link lost ([Errno 32] Broken pipe) — reconnect in 3.0s
[bridge] reconnect failed: [Errno 113] No route to host
[bridge] link lost ([Errno 32] Broken pipe) — reconnect in 3.0s
[bridge] reconnect failed: [Errno 113] No route to host
[bridge] link lost ([Errno 32] Broken pipe) — reconnect in 3.0s
[bridge] reconnect failed: [Errno 113] No route to host
[bridge] link lost ([Errno 32] Broken pipe) — reconnect in 3.0s
[bridge] reconnect failed: [Errno 113] No route to host
[bridge] link lost ([Errno 32] Broken pipe) — reconnect in 3.0s
[bridge] reconnect failed: [Errno 113] No route to host
[bridge] link lost ([Errno 32] Broken pipe) — reconnect in 3.0s
[bridge] reconnect failed: [Errno 113] No route to host
[bridge] link lost ([Errno 32] Broken pipe) — reconnect in 3.0s
[bridge] reconnect failed: [Errno 113] No route to host
[bridge] link lost ([Errno 32] Broken pipe) — reconnect in 3.0s
[bridge] reconnect failed: [Errno 113] No route to host
[bridge] link lost ([Errno 32] Broken pipe) — reconnect in 3.0s
[bridge] reconnect failed: [Errno 113] No route to host
[bridge] link lost ([Errno 32] Broken pipe) — reconnect in 3.0s
[bridge] reconnect failed: [Errno 113] No route to host
[bridge] link lost ([Errno 32] Broken pipe) — reconnect in 3.0s
[bridge] reconnect failed: [Errno 113] No route to host
[bridge] link lost ([Errno 32] Broken pipe) — reconnect in 3.0s
[bridge] reconnect failed: [Errno 113] No route to host
[bridge] link lost ([Errno 32] Broken pipe) — reconnect in 3.0s
[bridge] reconnect failed: [Errno 113] No route to host
[bridge] link lost ([Errno 32] Broken pipe) — reconnect in 3.0s
[bridge] reconnect failed: [Errno 113] No route to host
[bridge] link lost ([Errno 32] Broken pipe) — reconnect in 3.0s
[bridge] reconnect failed: [Errno 113] No route to host
[bridge] link lost ([Errno 32] Broken pipe) — reconnect in 3.0s
[bridge] reconnect failed: [Errno 113] No route to host
[bridge] link lost ([Errno 32] Broken pipe) — reconnect in 3.0s
[bridge] reconnect failed: [Errno 113] No route to host
[bridge] link lost ([Errno 32] Broken pipe) — reconnect in 3.0s
[bridge] reconnect failed: [Errno 113] No route to host
[bridge] link lost ([Errno 32] Broken pipe) — reconnect in 3.0s
[bridge] reconnect failed: [Errno 113] No route to host
[bridge] link lost ([Errno 32] Broken pipe) — reconnect in 3.0s
[bridge] reconnect failed: [Errno 113] No route to host
[bridge] link lost ([Errno 32] Broken pipe) — reconnect in 3.0s
[bridge] reconnect failed: [Errno 113] No route to host
[bridge] link lost ([Errno 32] Broken pipe) — reconnect in 3.0s
[bridge] reconnect failed: [Errno 113] No route to host
[bridge] link lost ([Errno 32] Broken pipe) — reconnect in 3.0s
[bridge] reconnect failed: [Errno 113] No route to host
[bridge] link lost ([Errno 32] Broken pipe) — reconnect in 3.0s
[bridge] reconnect failed: [Errno 113] No route to host
[bridge] link lost ([Errno 32] Broken pipe) — reconnect in 3.0s
[bridge] reconnect failed: [Errno 113] No route to host
[bridge] link lost ([Errno 32] Broken pipe) — reconnect in 3.0s
[bridge] reconnect failed: [Errno 113] No route to host
[bridge] link lost ([Errno 32] Broken pipe) — reconnect in 3.0s
[bridge] reconnect failed: [Errno 113] No route to host
[bridge] link lost ([Errno 32] Broken pipe) — reconnect in 3.0s
[bridge] reconnect failed: [Errno 113] No route to host
[bridge] link lost ([Errno 32] Broken pipe) — reconnect in 3.0s
[bridge] reconnect failed: [Errno 113] No route to host
[bridge] link lost ([Errno 32] Broken pipe) — reconnect in 3.0s
[bridge] reconnect failed: [Errno 113] No route to host
[bridge] link lost ([Errno 32] Broken pipe) — reconnect in 3.0s
[bridge] reconnect failed: [Errno 113] No route to host
[bridge] link lost ([Errno 32] Broken pipe) — reconnect in 3.0s
[bridge] reconnect failed: [Errno 113] No route to host
[bridge] link lost ([Errno 32] Broken pipe) — reconnect in 3.0s
[bridge] reconnect failed: [Errno 113] No route to host
[bridge] link lost ([Errno 32] Broken pipe) — reconnect in 3.0s
[bridge] reconnect failed: [Errno 113] No route to host
[bridge] link lost ([Errno 32] Broken pipe) — reconnect in 3.0s
[bridge] reconnect failed: [Errno 113] No route to host
[bridge] link lost ([Errno 32] Broken pipe) — reconnect in 3.0s
[bridge] reconnect failed: [Errno 113] No route to host
[bridge] link lost ([Errno 32] Broken pipe) — reconnect in 3.0s
[bridge] reconnect failed: [Errno 113] No route to host
[bridge] link lost ([Errno 32] Broken pipe) — reconnect in 3.0s
[bridge] reconnect failed: [Errno 113] No route to host
[bridge] link lost ([Errno 32] Broken pipe) — reconnect in 3.0s
[bridge] reconnect failed: [Errno 113] No route to host
[bridge] link lost ([Errno 32] Broken pipe) — reconnect in 3.0s
[bridge] reconnect failed: [Errno 113] No route to host
[bridge] link lost ([Errno 32] Broken pipe) — reconnect in 3.0s
[bridge] reconnect failed: [Errno 113] No route to host
[bridge] link lost ([Errno 32] Broken pipe) — reconnect in 3.0s
[bridge] reconnect failed: [Errno 113] No route to host
[bridge] link lost ([Errno 32] Broken pipe) — reconnect in 3.0s
[bridge] reconnect failed: [Errno 113] No route to host
[bridge] link lost ([Errno 32] Broken pipe) — reconnect in 3.0s
[bridge] reconnect failed: [Errno 113] No route to host
[bridge] link lost ([Errno 32] Broken pipe) — reconnect in 3.0s
[bridge] reconnect failed: [Errno 113] No route to host
[bridge] link lost ([Errno 32] Broken pipe) — reconnect in 3.0s
[bridge] reconnect failed: [Errno 113] No route to host
[bridge] link lost ([Errno 32] Broken pipe) — reconnect in 3.0s
[bridge] reconnect failed: [Errno 113] No route to host
[bridge] link lost ([Errno 32] Broken pipe) — reconnect in 3.0s
[bridge] reconnect failed: [Errno 113] No route to host
[bridge] link lost ([Errno 32] Broken pipe) — reconnect in 3.0s
[bridge] reconnect failed: [Errno 113] No route to host
[bridge] link lost ([Errno 32] Broken pipe) — reconnect in 3.0s
[bridge] reconnect failed: [Errno 113] No route to host
[bridge] link lost ([Errno 32] Broken pipe) — reconnect in 3.0s
[bridge] reconnect failed: [Errno 113] No route to host
[bridge] link lost ([Errno 32] Broken pipe) — reconnect in 3.0s
[bridge] reconnect failed: [Errno 113] No route to host
[bridge] link lost ([Errno 32] Broken pipe) — reconnect in 3.0s
[bridge] reconnect failed: [Errno 113] No route to host
[bridge] link lost ([Errno 32] Broken pipe) — reconnect in 3.0s
[bridge] reconnect failed: [Errno 113] No route to host
[bridge] link lost ([Errno 32] Broken pipe) — reconnect in 3.0s
[bridge] reconnect failed: [Errno 113] No route to host
[bridge] link lost ([Errno 32] Broken pipe) — reconnect in 3.0s
[bridge] reconnect failed: [Errno 113] No route to host
[bridge] link lost ([Errno 32] Broken pipe) — reconnect in 3.0s
[bridge] reconnect failed: [Errno 113] No route to host
[bridge] link lost ([Errno 32] Broken pipe) — reconnect in 3.0s
[bridge] reconnect failed: [Errno 113] No route to host
[bridge] link lost ([Errno 32] Broken pipe) — reconnect in 3.0s
[bridge] reconnect failed: [Errno 113] No route to host
[bridge] link lost ([Errno 32] Broken pipe) — reconnect in 3.0s
[bridge] reconnect failed: [Errno 113] No route to host
[bridge] link lost ([Errno 32] Broken pipe) — reconnect in 3.0s
[bridge] reconnect failed: [Errno 113] No route to host
[bridge] link lost ([Errno 32] Broken pipe) — reconnect in 3.0s
[bridge] reconnect failed: [Errno 113] No route to host
[bridge] link lost ([Errno 32] Broken pipe) — reconnect in 3.0s
[bridge] reconnect failed: [Errno 113] No route to host
[bridge] link lost ([Errno 32] Broken pipe) — reconnect in 3.0s
[bridge] reconnect failed: [Errno 113] No route to host
[bridge] link lost ([Errno 32] Broken pipe) — reconnect in 3.0s
[bridge] reconnect failed: [Errno 113] No route to host
[bridge] link lost ([Errno 32] Broken pipe) — reconnect in 3.0s
[bridge] reconnect failed: [Errno 113] No route to host
[bridge] link lost ([Errno 32] Broken pipe) — reconnect in 3.0s
[bridge] reconnect failed: [Errno 113] No route to host
[bridge] link lost ([Errno 32] Broken pipe) — reconnect in 3.0s
[bridge] reconnect failed: [Errno 113] No route to host
[bridge] link lost ([Errno 32] Broken pipe) — reconnect in 3.0s
[bridge] reconnect failed: [Errno 113] No route to host
[bridge] link lost ([Errno 32] Broken pipe) — reconnect in 3.0s
[bridge] reconnect failed: [Errno 113] No route to host
[bridge] link lost ([Errno 32] Broken pipe) — reconnect in 3.0s
[bridge] reconnect failed: [Errno 113] No route to host
[bridge] link lost ([Errno 32] Broken pipe) — reconnect in 3.0s
[bridge] reconnect failed: [Errno 113] No route to host
[bridge] link lost ([Errno 32] Broken pipe) — reconnect in 3.0s
[bridge] reconnect failed: [Errno 113] No route to host
[bridge] link lost ([Errno 32] Broken pipe) — reconnect in 3.0s
[bridge] reconnect failed: [Errno 113] No route to host
[bridge] link lost ([Errno 32] Broken pipe) — reconnect in 3.0s
[bridge] reconnect failed: [Errno 113] No route to host
[bridge] link lost ([Errno 32] Broken pipe) — reconnect in 3.0s
[bridge] reconnect failed: [Errno 113] No route to host
[bridge] link lost ([Errno 32] Broken pipe) — reconnect in 3.0s
[bridge] reconnect failed: [Errno 113] No route to host
[bridge] link lost ([Errno 32] Broken pipe) — reconnect in 3.0s
[bridge] reconnect failed: [Errno 113] No route to host
[bridge] link lost ([Errno 32] Broken pipe) — reconnect in 3.0s
[bridge] reconnect failed: [Errno 113] No route to host
[bridge] link lost ([Errno 32] Broken pipe) — reconnect in 3.0s
[bridge] reconnect failed: [Errno 113] No route to host
[bridge] link lost ([Errno 32] Broken pipe) — reconnect in 3.0s
[bridge] reconnect failed: [Errno 113] No route to host
[bridge] link lost ([Errno 32] Broken pipe) — reconnect in 3.0s
[bridge] reconnect failed: [Errno 113] No route to host
[bridge] link lost ([Errno 32] Broken pipe) — reconnect in 3.0s
[bridge] reconnect failed: [Errno 113] No route to host
[bridge] link lost ([Errno 32] Broken pipe) — reconnect in 3.0s
[bridge] reconnect failed: [Errno 113] No route to host
[bridge] link lost ([Errno 32] Broken pipe) — reconnect in 3.0s
[bridge] reconnect failed: [Errno 113] No route to host
[bridge] link lost ([Errno 32] Broken pipe) — reconnect in 3.0s
[bridge] reconnect failed: [Errno 113] No route to host
[bridge] link lost ([Errno 32] Broken pipe) — reconnect in 3.0s
[bridge] reconnect failed: [Errno 113] No route to host
[bridge] link lost ([Errno 32] Broken pipe) — reconnect in 3.0s
[bridge] reconnect failed: [Errno 113] No route to host
[bridge] link lost ([Errno 32] Broken pipe) — reconnect in 3.0s
[bridge] reconnect failed: [Errno 113] No route to host
[bridge] link lost ([Errno 32] Broken pipe) — reconnect in 3.0s
[bridge] reconnect failed: [Errno 113] No route to host
[bridge] link lost ([Errno 32] Broken pipe) — reconnect in 3.0s
[bridge] reconnect failed: [Errno 113] No route to host
[bridge] link lost ([Errno 32] Broken pipe) — reconnect in 3.0s
[bridge] reconnect failed: [Errno 113] No route to host
[bridge] link lost ([Errno 32] Broken pipe) — reconnect in 3.0s
[bridge] reconnect failed: [Errno 113] No route to host
[bridge] link lost ([Errno 32] Broken pipe) — reconnect in 3.0s
[bridge] reconnect failed: [Errno 113] No route to host
[bridge] link lost ([Errno 32] Broken pipe) — reconnect in 3.0s
[bridge] reconnect failed: [Errno 113] No route to host
[bridge] link lost ([Errno 32] Broken pipe) — reconnect in 3.0s
[bridge] reconnect failed: [Errno 113] No route to host
[bridge] link lost ([Errno 32] Broken pipe) — reconnect in 3.0s
[bridge] reconnect failed: [Errno 113] No route to host
[bridge] link lost ([Errno 32] Broken pipe) — reconnect in 3.0s
[bridge] reconnect failed: [Errno 113] No route to host
[bridge] link lost ([Errno 32] Broken pipe) — reconnect in 3.0s
[bridge] reconnect failed: [Errno 113] No route to host
[bridge] link lost ([Errno 32] Broken pipe) — reconnect in 3.0s
[bridge] reconnect failed: [Errno 113] No route to host
[bridge] link lost ([Errno 32] Broken pipe) — reconnect in 3.0s
[bridge] reconnect failed: [Errno 113] No route to host
[bridge] link lost ([Errno 32] Broken pipe) — reconnect in 3.0s
[bridge] reconnect failed: [Errno 113] No route to host
[bridge] link lost ([Errno 32] Broken pipe) — reconnect in 3.0s
[bridge] reconnect failed: [Errno 113] No route to host
[bridge] link lost ([Errno 32] Broken pipe) — reconnect in 3.0s
[bridge] reconnect failed: [Errno 113] No route to host
[bridge] link lost ([Errno 32] Broken pipe) — reconnect in 3.0s
[bridge] reconnect failed: [Errno 113] No route to host
[bridge] link lost ([Errno 32] Broken pipe) — reconnect in 3.0s
===== FIELD PREP 2026-10-01T18:53:33+02:00 =====
[bridge] reconnect failed: [Errno 113] No route to host
[bridge] link lost ([Errno 32] Broken pipe) — reconnect in 3.0s
[bridge] reconnect failed: [Errno 113] No route to host
[bridge] link lost ([Errno 32] Broken pipe) — reconnect in 3.0s
[bridge] reconnect failed: [Errno 113] No route to host
[bridge] link lost ([Errno 32] Broken pipe) — reconnect in 3.0s
[bridge] reconnect failed: [Errno 113] No route to host
[bridge] link lost ([Errno 32] Broken pipe) — reconnect in 3.0s
[bridge] reconnect failed: [Errno 113] No route to host
[bridge] link lost ([Errno 32] Broken pipe) — reconnect in 3.0s
[bridge] reconnect failed: [Errno 113] No route to host
[bridge] link lost ([Errno 32] Broken pipe) — reconnect in 3.0s
[bridge] reconnect failed: [Errno 113] No route to host
[bridge] link lost ([Errno 32] Broken pipe) — reconnect in 3.0s
[bridge] reconnect failed: [Errno 113] No route to host
[bridge] link lost ([Errno 32] Broken pipe) — reconnect in 3.0s
[bridge] reconnect failed: [Errno 113] No route to host
[bridge] link lost ([Errno 32] Broken pipe) — reconnect in 3.0s
[bridge] reconnect failed: [Errno 113] No route to host
[bridge] link lost ([Errno 32] Broken pipe) — reconnect in 3.0s
[bridge] reconnect failed: [Errno 113] No route to host
[bridge] link lost ([Errno 32] Broken pipe) — reconnect in 3.0s
[bridge] reconnect failed: [Errno 113] No route to host
[bridge] link lost ([Errno 32] Broken pipe) — reconnect in 3.0s
[bridge] reconnect failed: [Errno 113] No route to host
[bridge] link lost ([Errno 32] Broken pipe) — reconnect in 3.0s
[bridge] reconnect failed: [Errno 113] No route to host
[bridge] link lost ([Errno 32] Broken pipe) — reconnect in 3.0s
[bridge] reconnect failed: [Errno 113] No route to host
[bridge] link lost ([Errno 32] Broken pipe) — reconnect in 3.0s
[bridge] reconnect failed: [Errno 113] No route to host
[bridge] link lost ([Errno 32] Broken pipe) — reconnect in 3.0s
[bridge] reconnect failed: [Errno 113] No route to host
[bridge] link lost ([Errno 32] Broken pipe) — reconnect in 3.0s
[bridge] reconnect failed: [Errno 113] No route to host
[bridge] link lost ([Errno 32] Broken pipe) — reconnect in 3.0s
[bridge] reconnect failed: [Errno 113] No route to host
[bridge] link lost ([Errno 32] Broken pipe) — reconnect in 3.0s
[bridge] reconnect failed: [Errno 113] No route to host
[bridge] link lost ([Errno 32] Broken pipe) — reconnect in 3.0s
[bridge] reconnect failed: [Errno 113] No route to host
[bridge] link lost ([Errno 32] Broken pipe) — reconnect in 3.0s
[bridge] reconnect failed: [Errno 113] No route to host
[bridge] link lost ([Errno 32] Broken pipe) — reconnect in 3.0s
[bridge] reconnect failed: [Errno 113] No route to host
[bridge] link lost ([Errno 32] Broken pipe) — reconnect in 3.0s
[bridge] reconnect failed: [Errno 113] No route to host
[bridge] link lost ([Errno 32] Broken pipe) — reconnect in 3.0s
[bridge] reconnect failed: [Errno 113] No route to host
[bridge] link lost ([Errno 32] Broken pipe) — reconnect in 3.0s
[bridge] reconnect failed: [Errno 113] No route to host
[bridge] link lost ([Errno 32] Broken pipe) — reconnect in 3.0s
[bridge] reconnect failed: [Errno 113] No route to host
[bridge] link lost ([Errno 32] Broken pipe) — reconnect in 3.0s
[bridge] reconnect failed: [Errno 113] No route to host
[bridge] link lost ([Errno 32] Broken pipe) — reconnect in 3.0s
[bridge] reconnect failed: [Errno 113] No route to host
[bridge] link lost ([Errno 32] Broken pipe) — reconnect in 3.0s
[bridge] reconnect failed: [Errno 113] No route to host
[bridge] link lost ([Errno 32] Broken pipe) — reconnect in 3.0s
[bridge] reconnect failed: [Errno 113] No route to host
[bridge] link lost ([Errno 32] Broken pipe) — reconnect in 3.0s
[bridge] reconnect failed: [Errno 113] No route to host
[bridge] link lost ([Errno 32] Broken pipe) — reconnect in 3.0s
[bridge] reconnect failed: [Errno 113] No route to host
[bridge] link lost ([Errno 32] Broken pipe) — reconnect in 3.0s
[bridge] reconnect failed: [Errno 113] No route to host
[bridge] link lost ([Errno 32] Broken pipe) — reconnect in 3.0s
[bridge] reconnect failed: [Errno 113] No route to host
[bridge] link lost ([Errno 32] Broken pipe) — reconnect in 3.0s
[bridge] reconnect failed: [Errno 113] No route to host
[bridge] link lost ([Errno 32] Broken pipe) — reconnect in 3.0s
[bridge] reconnect failed: [Errno 113] No route to host
[bridge] link lost ([Errno 32] Broken pipe) — reconnect in 3.0s
[bridge] reconnect failed: [Errno 113] No route to host
[bridge] link lost ([Errno 32] Broken pipe) — reconnect in 3.0s
[bridge] reconnect failed: [Errno 113] No route to host
[bridge] link lost ([Errno 32] Broken pipe) — reconnect in 3.0s
[bridge] reconnect failed: [Errno 113] No route to host
[bridge] link lost ([Errno 32] Broken pipe) — reconnect in 3.0s
[bridge] reconnect failed: [Errno 113] No route to host
[bridge] link lost ([Errno 32] Broken pipe) — reconnect in 3.0s
[bridge] reconnect failed: [Errno 113] No route to host
[bridge] link lost ([Errno 32] Broken pipe) — reconnect in 3.0s
[bridge] reconnect failed: [Errno 113] No route to host
[bridge] link lost ([Errno 32] Broken pipe) — reconnect in 3.0s
[bridge] reconnect failed: [Errno 113] No route to host
[bridge] link lost ([Errno 32] Broken pipe) — reconnect in 3.0s
[bridge] reconnect failed: [Errno 113] No route to host
[bridge] link lost ([Errno 32] Broken pipe) — reconnect in 3.0s
[bridge] reconnect failed: [Errno 113] No route to host
[bridge] link lost ([Errno 32] Broken pipe) — reconnect in 3.0s
[bridge] reconnect failed: [Errno 113] No route to host
[bridge] link lost ([Errno 32] Broken pipe) — reconnect in 3.0s
[bridge] reconnect failed: [Errno 113] No route to host
[bridge] link lost ([Errno 32] Broken pipe) — reconnect in 3.0s
[bridge] reconnect failed: [Errno 113] No route to host
[bridge] link lost ([Errno 32] Broken pipe) — reconnect in 3.0s
[bridge] reconnect failed: [Errno 113] No route to host
[bridge] link lost ([Errno 32] Broken pipe) — reconnect in 3.0s
[bridge] reconnect failed: [Errno 113] No route to host
[bridge] link lost ([Errno 32] Broken pipe) — reconnect in 3.0s
[bridge] reconnect failed: [Errno 113] No route to host
[bridge] link lost ([Errno 32] Broken pipe) — reconnect in 3.0s
[tx] {"t":"hello","ver":1}
[bridge] reconnected tcp:192.168.178.89:9090 hello_ack=missing (menu sync pending, grace=9)
[tx] {"t":"ping"}
[bridge] link lost ([Errno 32] Broken pipe) — reconnect in 3.0s
[tx] {"t":"hello","ver":1}
[bridge] reconnected tcp:192.168.178.89:9090 hello_ack=missing (menu sync pending, grace=9)
[tx] {"t":"ping"}
[tx] {"t":"ping"}
[tx] {"t":"ping"}
[tx] {"t":"ping"}
[tx] {"t":"ping"}
[tx] {"t":"ping"}
[bridge] link lost ([Errno 32] Broken pipe) — reconnect in 3.0s
[tx] {"t":"hello","ver":1}
[bridge] reconnected tcp:192.168.178.89:9090 hello_ack=missing (menu sync pending, grace=9)
[tx] {"t":"ping"}
[tx] {"t":"ping"}
[tx] {"t":"ping"}
[tx] {"t":"ping"}
[tx] {"t":"ping"}
[tx] {"t":"ping"}
[tx] {"t":"ping"}
[tx] {"t":"ping"}
[tx] {"t":"ping"}
[tx] {"t":"ping"}
[tx] {"t":"ping"}
[tx] {"t":"ping"}
[tx] {"t":"ping"}
[tx] {"t":"ping"}
[tx] {"t":"ping"}
[tx] {"t":"ping"}
[tx] {"t":"ping"}
[tx] {"t":"ping"}
[tx] {"t":"ping"}
[tx] {"t":"ping"}
[tx] {"t":"ping"}
[tx] {"t":"ping"}
[tx] {"t":"ping"}
[tx] {"t":"ping"}
[tx] {"t":"ping"}
[tx] {"t":"ping"}
[tx] {"t":"ping"}
[tx] {"t":"ping"}
[tx] {"t":"ping"}
[bridge] link lost ([Errno 32] Broken pipe) — reconnect in 3.0s
[tx] {"t":"hello","ver":1}
[bridge] reconnected tcp:192.168.178.89:9090 hello_ack=missing (menu sync pending, grace=9)
[tx] {"t":"ping"}
[bridge] link lost ([Errno 32] Broken pipe) — reconnect in 3.0s
[bridge] reconnect failed: timed out
[bridge] link lost ([Errno 32] Broken pipe) — reconnect in 3.0s
[bridge] reconnect failed: timed out
[bridge] link lost ([Errno 32] Broken pipe) — reconnect in 3.0s
[bridge] reconnect failed: timed out
[bridge] link lost ([Errno 32] Broken pipe) — reconnect in 3.0s
[bridge] reconnect failed: timed out
[bridge] link lost ([Errno 32] Broken pipe) — reconnect in 3.0s
[bridge] reconnect failed: [Errno 113] No route to host
[bridge] link lost ([Errno 32] Broken pipe) — reconnect in 3.0s
[bridge] reconnect failed: [Errno 111] Connection refused
[bridge] link lost ([Errno 32] Broken pipe) — reconnect in 3.0s
[tx] {"t":"hello","ver":1}
[bridge] reconnected tcp:192.168.178.89:9090 hello_ack=missing (menu sync pending, grace=9)
[tx] {"t":"ping"}
[tx] {"t":"ping"}
[tx] {"t":"ping"}
[tx] {"t":"ping"}
[bridge] link lost ([Errno 32] Broken pipe) — reconnect in 3.0s
[tx] {"t":"hello","ver":1}
[bridge] reconnected tcp:192.168.178.89:9090 hello_ack=missing (menu sync pending, grace=9)
[tx] {"t":"ping"}
[bridge] link lost ([Errno 32] Broken pipe) — reconnect in 3.0s
[tx] {"t":"hello","ver":1}
[bridge] reconnected tcp:192.168.178.89:9090 hello_ack=missing (menu sync pending, grace=9)
[bridge] link lost ([Errno 32] Broken pipe) — reconnect in 3.0s
[tx] {"t":"hello","ver":1}
[bridge] reconnected tcp:192.168.178.89:9090 hello_ack=missing (menu sync pending, grace=9)
[tx] {"t":"ping"}
[bridge] link lost ([Errno 32] Broken pipe) — reconnect in 3.0s
[tx] {"t":"hello","ver":1}
[bridge] reconnected tcp:192.168.178.89:9090 hello_ack=missing (menu sync pending, grace=9)
[tx] {"t":"ping"}
[tx] {"t":"ping"}
[tx] {"t":"ping"}
[tx] {"t":"ping"}
[tx] {"t":"hello","ver":1}
[bridge] warn: no hello_ack yet — continuing
[tx] {"t":"audio_stop"}
[bridge] tcp:192.168.178.89:9090 audio=48k paging=on
[tx] {"t":"ping"}
[tx] {"t":"menu_set","rev":2411,"page":0,"items":[{"uid":"fav0","name":"Rock Antenne","kind":"station"},{"uid":"fav1","name":"Rock Antenne Bayern","kind":"station"},{"uid":"fav2","name":"Radio BOB!","kind":"station"},{"uid":"pump:page_next","name":"Menue","kind":"action"}]}
[tx] {"t":"ping"}
[bridge] link lost ([Errno 32] Broken pipe) — reconnect in 3.0s
[tx] {"t":"hello","ver":1}
[bridge] reconnected tcp:192.168.178.89:9090 hello_ack=missing (menu sync pending, grace=9)
[tx] {"t":"ping"}
[tx] {"t":"ping"}
[tx] {"t":"ping"}
[tx] {"t":"ping"}
[tx] {"t":"ping"}
[tx] {"t":"ping"}
[tx] {"t":"ping"}
[tx] {"t":"ping"}
[tx] {"t":"ping"}
[tx] {"t":"ping"}
[tx] {"t":"ping"}
[tx] {"t":"ping"}
[tx] {"t":"ping"}
[tx] {"t":"ping"}
[tx] {"t":"ping"}
[tx] {"t":"ping"}
[tx] {"t":"ping"}
[tx] {"t":"ping"}
[tx] {"t":"ping"}
[tx] {"t":"ping"}
[tx] {"t":"ping"}
[tx] {"t":"ping"}
[tx] {"t":"ping"}
[tx] {"t":"ping"}
[tx] {"t":"ping"}
[tx] {"t":"ping"}
[tx] {"t":"ping"}
[tx] {"t":"ping"}
[tx] {"t":"ping"}
[tx] {"t":"ping"}
[tx] {"t":"ping"}
[tx] {"t":"ping"}
[tx] {"t":"ping"}
[tx] {"t":"ping"}
[tx] {"t":"ping"}
[tx] {"t":"ping"}
[tx] {"t":"ping"}
[tx] {"t":"ping"}
[tx] {"t":"ping"}
[tx] {"t":"ping"}
[tx] {"t":"ping"}
[tx] {"t":"ping"}
[tx] {"t":"ping"}
[tx] {"t":"ping"}
[tx] {"t":"ping"}
[tx] {"t":"ping"}
[tx] {"t":"ping"}
[tx] {"t":"ping"}
[tx] {"t":"ping"}
[tx] {"t":"ping"}
[tx] {"t":"ping"}
[tx] {"t":"ping"}
[tx] {"t":"ping"}
[tx] {"t":"ping"}
[tx] {"t":"ping"}
[tx] {"t":"ping"}
[tx] {"t":"ping"}
[tx] {"t":"ping"}
[tx] {"t":"ping"}
[tx] {"t":"ping"}
[tx] {"t":"ping"}
[tx] {"t":"ping"}
[tx] {"t":"ping"}
[tx] {"t":"ping"}
[tx] {"t":"ping"}
[tx] {"t":"ping"}
[tx] {"t":"ping"}
[tx] {"t":"ping"}
[tx] {"t":"ping"}
[tx] {"t":"ping"}
[tx] {"t":"ping"}
[tx] {"t":"ping"}
[tx] {"t":"ping"}
[tx] {"t":"ping"}
[tx] {"t":"ping"}
[tx] {"t":"ping"}
[tx] {"t":"ping"}
[tx] {"t":"ping"}
[tx] {"t":"ping"}
[tx] {"t":"ping"}
[tx] {"t":"ping"}
[tx] {"t":"ping"}
[tx] {"t":"ping"}
[tx] {"t":"ping"}
[tx] {"t":"ping"}
[tx] {"t":"ping"}
[tx] {"t":"ping"}
[tx] {"t":"ping"}
[tx] {"t":"ping"}
[tx] {"t":"ping"}
[tx] {"t":"ping"}
[tx] {"t":"ping"}
[tx] {"t":"ping"}
[tx] {"t":"ping"}
[tx] {"t":"ping"}
[tx] {"t":"ping"}
[tx] {"t":"ping"}
[tx] {"t":"ping"}
[tx] {"t":"ping"}
[tx] {"t":"ping"}
[tx] {"t":"ping"}
[tx] {"t":"ping"}
[tx] {"t":"ping"}
[tx] {"t":"ping"}
[tx] {"t":"ping"}
[tx] {"t":"ping"}
[tx] {"t":"ping"}
[tx] {"t":"ping"}
[tx] {"t":"ping"}
[tx] {"t":"ping"}
[tx] {"t":"ping"}
[tx] {"t":"ping"}
[tx] {"t":"ping"}
[tx] {"t":"ping"}
[tx] {"t":"ping"}
[tx] {"t":"ping"}
[tx] {"t":"ping"}
[tx] {"t":"ping"}
[tx] {"t":"ping"}
[tx] {"t":"ping"}
[tx] {"t":"ping"}
[tx] {"t":"ping"}
[tx] {"t":"ping"}
[tx] {"t":"ping"}
[tx] {"t":"ping"}
[tx] {"t":"ping"}
[tx] {"t":"ping"}
[tx] {"t":"ping"}
[tx] {"t":"ping"}
[tx] {"t":"ping"}
[tx] {"t":"ping"}
[tx] {"t":"ping"}
[tx] {"t":"ping"}
[tx] {"t":"ping"}
[tx] {"t":"ping"}
[tx] {"t":"ping"}
[tx] {"t":"ping"}
[tx] {"t":"ping"}
[tx] {"t":"ping"}
[tx] {"t":"ping"}
[tx] {"t":"ping"}
[tx] {"t":"ping"}
[tx] {"t":"ping"}
[tx] {"t":"ping"}
[tx] {"t":"ping"}
[tx] {"t":"ping"}
[tx] {"t":"ping"}
[tx] {"t":"ping"}
[tx] {"t":"ping"}
[tx] {"t":"ping"}
[tx] {"t":"ping"}
[tx] {"t":"ping"}
[tx] {"t":"ping"}
[tx] {"t":"ping"}
[tx] {"t":"ping"}
[tx] {"t":"ping"}
[tx] {"t":"ping"}
[tx] {"t":"ping"}
[tx] {"t":"ping"}
[tx] {"t":"ping"}
[tx] {"t":"ping"}
[tx] {"t":"ping"}
[tx] {"t":"ping"}
[tx] {"t":"ping"}
[tx] {"t":"ping"}
[tx] {"t":"ping"}
[tx] {"t":"ping"}
[tx] {"t":"ping"}
[tx] {"t":"ping"}
[tx] {"t":"ping"}
[tx] {"t":"ping"}
[tx] {"t":"ping"}
[tx] {"t":"ping"}
[tx] {"t":"ping"}
[tx] {"t":"ping"}
[tx] {"t":"ping"}
[tx] {"t":"ping"}
[tx] {"t":"ping"}
[tx] {"t":"ping"}
[tx] {"t":"ping"}
[tx] {"t":"ping"}
[tx] {"t":"ping"}
[tx] {"t":"ping"}
[tx] {"t":"ping"}
[tx] {"t":"ping"}
[tx] {"t":"ping"}
[tx] {"t":"ping"}
[tx] {"t":"ping"}
[tx] {"t":"ping"}
[tx] {"t":"ping"}
[tx] {"t":"ping"}
[tx] {"t":"ping"}
[tx] {"t":"ping"}
[tx] {"t":"ping"}
[tx] {"t":"ping"}
[tx] {"t":"ping"}
[tx] {"t":"ping"}
[tx] {"t":"ping"}
[tx] {"t":"ping"}
[tx] {"t":"ping"}
[tx] {"t":"ping"}
[tx] {"t":"ping"}
[tx] {"t":"ping"}
[tx] {"t":"ping"}
[tx] {"t":"ping"}
[tx] {"t":"ping"}
[tx] {"t":"ping"}
[tx] {"t":"ping"}
[tx] {"t":"ping"}
[tx] {"t":"ping"}
[tx] {"t":"ping"}
[tx] {"t":"ping"}
[tx] {"t":"ping"}
[tx] {"t":"ping"}
[tx] {"t":"ping"}
[tx] {"t":"ping"}
[tx] {"t":"ping"}
[tx] {"t":"ping"}
[tx] {"t":"ping"}
[tx] {"t":"ping"}
[tx] {"t":"ping"}
[tx] {"t":"ping"}
[tx] {"t":"ping"}
[tx] {"t":"ping"}
[tx] {"t":"ping"}
[tx] {"t":"ping"}
[tx] {"t":"ping"}
[tx] {"t":"ping"}
[tx] {"t":"ping"}
[tx] {"t":"ping"}
[tx] {"t":"ping"}
[tx] {"t":"ping"}
[tx] {"t":"ping"}
[tx] {"t":"ping"}
[tx] {"t":"ping"}
[tx] {"t":"ping"}
[tx] {"t":"ping"}
[tx] {"t":"ping"}
[tx] {"t":"ping"}
[tx] {"t":"ping"}
[tx] {"t":"ping"}
[tx] {"t":"ping"}
[tx] {"t":"ping"}
[tx] {"t":"ping"}
[tx] {"t":"ping"}
[tx] {"t":"ping"}
[tx] {"t":"ping"}
[tx] {"t":"ping"}
[tx] {"t":"ping"}
[tx] {"t":"ping"}
[tx] {"t":"ping"}
[tx] {"t":"ping"}
[tx] {"t":"ping"}
[tx] {"t":"ping"}
[tx] {"t":"ping"}
[tx] {"t":"ping"}
[tx] {"t":"ping"}
[tx] {"t":"ping"}
[tx] {"t":"ping"}
[tx] {"t":"ping"}
[tx] {"t":"ping"}
[tx] {"t":"ping"}
[tx] {"t":"ping"}
[tx] {"t":"ping"}
[tx] {"t":"ping"}
[tx] {"t":"ping"}
[tx] {"t":"ping"}
[tx] {"t":"ping"}
[tx] {"t":"ping"}
[tx] {"t":"ping"}
[tx] {"t":"ping"}
[tx] {"t":"ping"}
[tx] {"t":"ping"}
[tx] {"t":"ping"}
[tx] {"t":"ping"}
[tx] {"t":"ping"}
[tx] {"t":"ping"}
[tx] {"t":"ping"}
[tx] {"t":"ping"}
[tx] {"t":"ping"}
[tx] {"t":"ping"}
[tx] {"t":"ping"}
[tx] {"t":"ping"}
[tx] {"t":"ping"}
[tx] {"t":"ping"}
[tx] {"t":"ping"}
[tx] {"t":"ping"}
[tx] {"t":"ping"}
[tx] {"t":"ping"}
[tx] {"t":"ping"}
[tx] {"t":"ping"}
[tx] {"t":"ping"}
[tx] {"t":"ping"}
[tx] {"t":"ping"}
[tx] {"t":"ping"}
[tx] {"t":"ping"}
[tx] {"t":"ping"}
[tx] {"t":"ping"}
[tx] {"t":"ping"}
[tx] {"t":"ping"}
[tx] {"t":"ping"}
[tx] {"t":"ping"}
[tx] {"t":"ping"}
===== FIELD 0.4.34 2026-10-01T19:48:39+02:00 =====
[tx] {"t":"hello","ver":1}
[rx] {"t":"hello_ack","ver":"0.4.34-dev","fw":"pidrive","slots":4,"page":true,"audio":true,"bin":true,"tcp":true,"tcpPort":9090}
[hello_ack] ver=0.4.34-dev slots=4 page=True tcp=True
[tx] {"t":"audio_stop"}
[bridge] tcp:192.168.178.89:9090 audio=48k paging=on
[tx] {"t":"ping"}
[tx] {"t":"menu_set","rev":2431,"page":0,"items":[{"uid":"fav0","name":"Rock Antenne","kind":"station"},{"uid":"fav1","name":"Rock Antenne Bayern","kind":"station"},{"uid":"fav2","name":"Radio BOB!","kind":"station"},{"uid":"pump:page_next","name":"Menue","kind":"action"}]}
[rx] {"t":"audio_ack","ok":true,"op":"stop"}
[audio_ack] {'t': 'audio_ack', 'ok': True, 'op': 'stop'}
[rx] {"t":"pong"}
[rx] {"t":"menu_ack","ok":true,"n":4,"rev":2431}
[menu_ack] ok=True n=4 rev=2431
[tx] {"t":"ping"}
[rx] {"t":"pong"}
[tx] {"t":"ping"}
[rx] {"t":"pong"}
[tx] {"t":"ping"}
[rx] {"t":"pong"}
[tx] {"t":"ping"}
[rx] {"t":"pong"}
[tx] {"t":"ping"}
[rx] {"t":"pong"}
[tx] {"t":"ping"}
[rx] {"t":"pong"}
[tx] {"t":"ping"}
[rx] {"t":"pong"}
[tx] {"t":"ping"}
[tx] {"t":"ping"}
[tx] {"t":"ping"}
[tx] {"t":"ping"}
[rx] {"t":"pong"}
[rx] {"t":"pong"}
[rx] {"t":"pong"}
[rx] {"t":"pong"}
[tx] {"t":"ping"}
[rx] {"t":"pong"}
[tx] {"t":"ping"}
[rx] {"t":"pong"}
[tx] {"t":"ping"}
[rx] {"t":"event","op":"msc.reads","ms":34089,"gap":31804,"lba0":2105,"lba1":2105,"bytes":4096,"n":1,"kind":2,"ov":0}
[msc.reads] n=1 bytes=4096 lba=2105..2105 gap=31804 ov=0
[rx] {"t":"event","op":"diag","code":"play.reject","detail":"seq_short uid=fav2 from=2105 +4096B age=33205ms"}
[msc] play.reject seq_short uid=fav2 from=2105 +4096B age=33205ms
[rx] {"t":"event","op":"diag","code":"msc.phase","detail":"play Radio BOB!"}
[msc] msc.phase play Radio BOB!
[rx] {"t":"event","op":"msc.reads","ms":34106,"gap":17,"lba0":2113,"lba1":2113,"bytes":4096,"n":1,"kind":2,"ov":0}
[msc.reads] n=1 bytes=4096 lba=2113..2113 gap=17 ov=0
[rx] {"t":"event","op":"play_uid","uid":"fav2"}
[trace] t=0ms play_uid=fav2
[trace] t=50ms audio.start fav fav2
[id3] cover file /home/pidrive/pidrive/assets/usb-msc-covers/stations/web_radio_bob.jpg (2373 B)
[tx] {"t":"audio_start","uid":"fav2","codec":"mp3","br":"48k","cSrc":"file","cPath":"stations/web_radio_bob.jpg","cTry":"stations/web_radio_bob.jpg|stations/radio_bob.jpg"}
[trace] audio_start sent uid=fav2 cover=file
[id3] sent 3496 B jpeg=2373 src=file rel='stations/web_radio_bob.jpg' → /tmp/pump_id3_probe.mp3
[audio] ffmpeg https://streams.radiobob.de/bob-national/mp3-128 @ 48k
[rx] {"t":"pong"}
[rx] {"t":"event","op":"msc.reads","ms":34162,"gap":56,"lba0":2121,"lba1":2121,"bytes":4096,"n":1,"kind":2,"ov":0}
[msc.reads] n=1 bytes=4096 lba=2121..2121 gap=56 ov=0
[rx] {"t":"event","op":"msc.reads","ms":34226,"gap":64,"lba0":2129,"lba1":2129,"bytes":4096,"n":1,"kind":2,"ov":0}
[msc.reads] n=1 bytes=4096 lba=2129..2129 gap=64 ov=0
[rx] {"t":"event","op":"msc.reads","ms":34230,"gap":4,"lba0":2137,"lba1":2137,"bytes":4096,"n":1,"kind":2,"ov":0}
[msc.reads] n=1 bytes=4096 lba=2137..2137 gap=4 ov=0
[rx] {"t":"event","op":"msc.reads","ms":34234,"gap":4,"lba0":2145,"lba1":2185,"bytes":24576,"n":6,"kind":2,"ov":0}
[msc.reads] n=6 bytes=24576 lba=2145..2185 gap=4 ov=0
[rx] {"t":"audio_ack","ok":true,"op":"start","uid":"fav2","id3":true,"warmup":8192}
[audio_ack] {'t': 'audio_ack', 'ok': True, 'op': 'start', 'uid': 'fav2', 'id3': True, 'warmup': 8192}
[rx] {"t":"event","op":"msc.reads","ms":34256,"gap":3,"lba0":2193,"lba1":2353,"bytes":86016,"n":21,"kind":2,"ov":0}
[msc.reads] n=21 bytes=86016 lba=2193..2353 gap=3 ov=0
[rx] {"t":"event","op":"msc.reads","ms":34334,"gap":4,"lba0":2361,"lba1":2361,"bytes":4096,"n":1,"kind":2,"ov":0}
[msc.reads] n=1 bytes=4096 lba=2361..2361 gap=4 ov=0
[rx] {"t":"event","op":"msc.reads","ms":34338,"gap":4,"lba0":2369,"lba1":2369,"bytes":4096,"n":1,"kind":2,"ov":0}
[msc.reads] n=1 bytes=4096 lba=2369..2369 gap=4 ov=0
[rx] {"t":"event","op":"msc.reads","ms":34342,"gap":4,"lba0":2377,"lba1":2465,"bytes":49152,"n":12,"kind":2,"ov":0}
[msc.reads] n=12 bytes=49152 lba=2377..2465 gap=4 ov=0
[rx] {"t":"event","op":"msc.reads","ms":34387,"gap":4,"lba0":2473,"lba1":2481,"bytes":8192,"n":2,"kind":2,"ov":0}
[msc.reads] n=2 bytes=8192 lba=2473..2481 gap=4 ov=0
[rx] {"t":"event","op":"msc.reads","ms":34394,"gap":4,"lba0":2489,"lba1":2497,"bytes":8192,"n":2,"kind":2,"ov":0}
[msc.reads] n=2 bytes=8192 lba=2489..2497 gap=4 ov=0
[rx] {"t":"event","op":"msc.reads","ms":34402,"gap":4,"lba0":2505,"lba1":2561,"bytes":32768,"n":8,"kind":2,"ov":0}
[msc.reads] n=8 bytes=32768 lba=2505..2561 gap=4 ov=0
[rx] {"t":"event","op":"msc.reads","ms":34432,"gap":4,"lba0":2569,"lba1":2649,"bytes":45056,"n":11,"kind":2,"ov":0}
[msc.reads] n=11 bytes=45056 lba=2569..2649 gap=4 ov=0
[rx] {"t":"event","op":"msc.reads","ms":34472,"gap":3,"lba0":2657,"lba1":2697,"bytes":24576,"n":6,"kind":2,"ov":0}
[msc.reads] n=6 bytes=24576 lba=2657..2697 gap=3 ov=0
[rx] {"t":"event","op":"diag","code":"play.reject","detail":"not_from_head uid=fav0 from=969 +4096B age=33642ms prefetch"}
[msc] play.reject not_from_head uid=fav0 from=969 +4096B age=33642ms prefetch
[rx] {"t":"event","op":"msc.reads","ms":34495,"gap":4,"lba0":2705,"lba1":969,"bytes":38912,"n":10,"kind":2,"ov":0}
[msc.reads] n=10 bytes=38912 lba=2705..969 gap=4 ov=0
[rx] {"t":"event","op":"msc.reads","ms":34585,"gap":59,"lba0":977,"lba1":1009,"bytes":20480,"n":5,"kind":2,"ov":0}
[msc.reads] n=5 bytes=20480 lba=977..1009 gap=59 ov=0
[rx] {"t":"event","op":"msc.reads","ms":34604,"gap":4,"lba0":1017,"lba1":1017,"bytes":4096,"n":1,"kind":2,"ov":0}
[msc.reads] n=1 bytes=4096 lba=1017..1017 gap=4 ov=0
[rx] {"t":"event","op":"msc.reads","ms":34608,"gap":4,"lba0":1025,"lba1":1073,"bytes":28672,"n":7,"kind":2,"ov":0}
[msc.reads] n=7 bytes=28672 lba=1025..1073 gap=4 ov=0
[rx] {"t":"event","op":"msc.reads","ms":34634,"gap":4,"lba0":729,"lba1":729,"bytes":4096,"n":1,"kind":2,"ov":0}
[msc.reads] n=1 bytes=4096 lba=729..729 gap=4 ov=0
[rx] {"t":"event","op":"msc.reads","ms":34638,"gap":4,"lba0":737,"lba1":793,"bytes":32768,"n":8,"kind":2,"ov":0}
[msc.reads] n=8 bytes=32768 lba=737..793 gap=4 ov=0
[rx] {"t":"event","op":"msc.reads","ms":34667,"gap":3,"lba0":801,"lba1":801,"bytes":4096,"n":1,"kind":2,"ov":0}
[msc.reads] n=1 bytes=4096 lba=801..801 gap=3 ov=0
[rx] {"t":"event","op":"msc.reads","ms":34671,"gap":4,"lba0":809,"lba1":809,"bytes":4096,"n":1,"kind":2,"ov":0}
[msc.reads] n=1 bytes=4096 lba=809..809 gap=4 ov=0
[rx] {"t":"event","op":"msc.reads","ms":34675,"gap":4,"lba0":817,"lba1":825,"bytes":8192,"n":2,"kind":2,"ov":0}
[msc.reads] n=2 bytes=8192 lba=817..825 gap=4 ov=0
[rx] {"t":"event","op":"msc.reads","ms":34683,"gap":4,"lba0":833,"lba1":833,"bytes":4096,"n":1,"kind":2,"ov":0}
[msc.reads] n=1 bytes=4096 lba=833..833 gap=4 ov=0
[rx] {"t":"event","op":"msc.reads","ms":34687,"gap":4,"lba0":841,"lba1":841,"bytes":4096,"n":1,"kind":2,"ov":0}
[msc.reads] n=1 bytes=4096 lba=841..841 gap=4 ov=0
[rx] {"t":"event","op":"msc.reads","ms":34691,"gap":4,"lba0":849,"lba1":897,"bytes":28672,"n":7,"kind":2,"ov":0}
[msc.reads] n=7 bytes=28672 lba=849..897 gap=4 ov=0
[rx] {"t":"event","op":"msc.reads","ms":34717,"gap":4,"lba0":905,"lba1":905,"bytes":4096,"n":1,"kind":2,"ov":0}
[msc.reads] n=1 bytes=4096 lba=905..905 gap=4 ov=0
[rx] {"t":"event","op":"msc.reads","ms":34720,"gap":3,"lba0":913,"lba1":913,"bytes":4096,"n":1,"kind":2,"ov":0}
[msc.reads] n=1 bytes=4096 lba=913..913 gap=3 ov=0
[rx] {"t":"event","op":"msc.reads","ms":34724,"gap":4,"lba0":921,"lba1":921,"bytes":4096,"n":1,"kind":2,"ov":0}
[msc.reads] n=1 bytes=4096 lba=921..921 gap=4 ov=0
[rx] {"t":"event","op":"msc.reads","ms":34728,"gap":4,"lba0":929,"lba1":929,"bytes":4096,"n":1,"kind":2,"ov":0}
[msc.reads] n=1 bytes=4096 lba=929..929 gap=4 ov=0
[rx] {"t":"event","op":"msc.reads","ms":34732,"gap":4,"lba0":937,"lba1":725,"bytes":18432,"n":5,"kind":2,"ov":0}
[msc.reads] n=5 bytes=18432 lba=937..725 gap=4 ov=0
[rx] {"t":"event","op":"msc.reads","ms":37346,"gap":2598,"lba0":1081,"lba1":1081,"bytes":4096,"n":1,"kind":2,"ov":0}
[msc.reads] n=1 bytes=4096 lba=1081..1081 gap=2598 ov=0
[rx] {"t":"event","op":"diag","code":"play.reject","detail":"seq_short uid=fav1 from=1081 +4096B age=36462ms"}
[msc] play.reject seq_short uid=fav1 from=1081 +4096B age=36462ms
[rx] {"t":"event","op":"diag","code":"play.reject","detail":"cooldown uid=fav1 from=1081 +8192B age=36479ms"}
[msc] play.reject cooldown uid=fav1 from=1081 +8192B age=36479ms
[rx] {"t":"event","op":"msc.reads","ms":37363,"gap":17,"lba0":1089,"lba1":1089,"bytes":4096,"n":1,"kind":2,"ov":0}
[msc.reads] n=1 bytes=4096 lba=1089..1089 gap=17 ov=0
[rx] {"t":"event","op":"msc.reads","ms":37370,"gap":7,"lba0":1097,"lba1":1097,"bytes":4096,"n":1,"kind":2,"ov":0}
[msc.reads] n=1 bytes=4096 lba=1097..1097 gap=7 ov=0
[rx] {"t":"event","op":"msc.reads","ms":37374,"gap":4,"lba0":1105,"lba1":1105,"bytes":4096,"n":1,"kind":2,"ov":0}
[msc.reads] n=1 bytes=4096 lba=1105..1105 gap=4 ov=0
[rx] {"t":"event","op":"msc.reads","ms":37378,"gap":4,"lba0":1113,"lba1":1113,"bytes":4096,"n":1,"kind":2,"ov":0}
[msc.reads] n=1 bytes=4096 lba=1113..1113 gap=4 ov=0
[rx] {"t":"event","op":"msc.reads","ms":37382,"gap":4,"lba0":1121,"lba1":1129,"bytes":8192,"n":2,"kind":2,"ov":0}
[msc.reads] n=2 bytes=8192 lba=1121..1129 gap=4 ov=0
[rx] {"t":"event","op":"msc.reads","ms":37390,"gap":4,"lba0":1137,"lba1":1137,"bytes":4096,"n":1,"kind":2,"ov":0}
[msc.reads] n=1 bytes=4096 lba=1137..1137 gap=4 ov=0
[rx] {"t":"event","op":"msc.reads","ms":37394,"gap":4,"lba0":1145,"lba1":1145,"bytes":4096,"n":1,"kind":2,"ov":0}
[msc.reads] n=1 bytes=4096 lba=1145..1145 gap=4 ov=0
[rx] {"t":"event","op":"msc.reads","ms":37398,"gap":4,"lba0":1153,"lba1":1153,"bytes":4096,"n":1,"kind":2,"ov":0}
[msc.reads] n=1 bytes=4096 lba=1153..1153 gap=4 ov=0
[rx] {"t":"event","op":"msc.reads","ms":37402,"gap":4,"lba0":1161,"lba1":1161,"bytes":4096,"n":1,"kind":2,"ov":0}
[msc.reads] n=1 bytes=4096 lba=1161..1161 gap=4 ov=0
[rx] {"t":"event","op":"msc.reads","ms":37406,"gap":4,"lba0":1169,"lba1":1257,"bytes":49152,"n":12,"kind":2,"ov":0}
[msc.reads] n=12 bytes=49152 lba=1169..1257 gap=4 ov=0
[rx] {"t":"event","op":"msc.reads","ms":37450,"gap":3,"lba0":1265,"lba1":1265,"bytes":4096,"n":1,"kind":2,"ov":0}
[msc.reads] n=1 bytes=4096 lba=1265..1265 gap=3 ov=0
[rx] {"t":"event","op":"msc.reads","ms":37454,"gap":4,"lba0":1273,"lba1":1273,"bytes":4096,"n":1,"kind":2,"ov":0}
[msc.reads] n=1 bytes=4096 lba=1273..1273 gap=4 ov=0
[rx] {"t":"event","op":"msc.reads","ms":37459,"gap":5,"lba0":1281,"lba1":1321,"bytes":24576,"n":6,"kind":2,"ov":0}
[msc.reads] n=6 bytes=24576 lba=1281..1321 gap=5 ov=0
[rx] {"t":"event","op":"diag","code":"play.reject","detail":"seq_short uid=fav0 from=65 +4096B age=36634ms prefetch"}
[msc] play.reject seq_short uid=fav0 from=65 +4096B age=36634ms prefetch
[rx] {"t":"event","op":"msc.reads","ms":37481,"gap":4,"lba0":1329,"lba1":65,"bytes":45056,"n":11,"kind":2,"ov":0}
[msc.reads] n=11 bytes=45056 lba=1329..65 gap=4 ov=0
[rx] {"t":"event","op":"diag","code":"play.reject","detail":"cooldown uid=fav0 from=65 +8192B age=36653ms"}
[msc] play.reject cooldown uid=fav0 from=65 +8192B age=36653ms
[rx] {"t":"event","op":"msc.reads","ms":37537,"gap":19,"lba0":73,"lba1":73,"bytes":4096,"n":1,"kind":2,"ov":0}
[msc.reads] n=1 bytes=4096 lba=73..73 gap=19 ov=0
[rx] {"t":"event","op":"msc.reads","ms":37544,"gap":7,"lba0":81,"lba1":81,"bytes":4096,"n":1,"kind":2,"ov":0}
[msc.reads] n=1 bytes=4096 lba=81..81 gap=7 ov=0
[rx] {"t":"event","op":"msc.reads","ms":37548,"gap":4,"lba0":89,"lba1":169,"bytes":45056,"n":11,"kind":2,"ov":0}
[msc.reads] n=11 bytes=45056 lba=89..169 gap=4 ov=0
[rx] {"t":"event","op":"msc.reads","ms":37591,"gap":4,"lba0":177,"lba1":177,"bytes":4096,"n":1,"kind":2,"ov":0}
[msc.reads] n=1 bytes=4096 lba=177..177 gap=4 ov=0
[rx] {"t":"event","op":"msc.reads","ms":37595,"gap":4,"lba0":185,"lba1":193,"bytes":8192,"n":2,"kind":2,"ov":0}
[msc.reads] n=2 bytes=8192 lba=185..193 gap=4 ov=0
[rx] {"t":"event","op":"msc.reads","ms":37603,"gap":4,"lba0":201,"lba1":201,"bytes":4096,"n":1,"kind":2,"ov":0}
[msc.reads] n=1 bytes=4096 lba=201..201 gap=4 ov=0
[rx] {"t":"event","op":"msc.reads","ms":37607,"gap":4,"lba0":209,"lba1":209,"bytes":4096,"n":1,"kind":2,"ov":0}
[msc.reads] n=1 bytes=4096 lba=209..209 gap=4 ov=0
[rx] {"t":"event","op":"msc.reads","ms":37611,"gap":4,"lba0":217,"lba1":313,"bytes":53248,"n":13,"kind":2,"ov":0}
[msc.reads] n=13 bytes=53248 lba=217..313 gap=4 ov=0
[rx] {"t":"event","op":"msc.reads","ms":37661,"gap":4,"lba0":321,"lba1":321,"bytes":4096,"n":1,"kind":2,"ov":0}
[msc.reads] n=1 bytes=4096 lba=321..321 gap=4 ov=0
[rx] {"t":"event","op":"msc.reads","ms":37665,"gap":4,"lba0":329,"lba1":329,"bytes":4096,"n":1,"kind":2,"ov":0}
[msc.reads] n=1 bytes=4096 lba=329..329 gap=4 ov=0
[rx] {"t":"event","op":"msc.reads","ms":37669,"gap":4,"lba0":337,"lba1":337,"bytes":4096,"n":1,"kind":2,"ov":0}
[msc.reads] n=1 bytes=4096 lba=337..337 gap=4 ov=0
[rx] {"t":"event","op":"msc.reads","ms":37673,"gap":4,"lba0":345,"lba1":345,"bytes":4096,"n":1,"kind":2,"ov":0}
[msc.reads] n=1 bytes=4096 lba=345..345 gap=4 ov=0
[rx] {"t":"event","op":"msc.reads","ms":37678,"gap":5,"lba0":353,"lba1":353,"bytes":4096,"n":1,"kind":2,"ov":0}
[msc.reads] n=1 bytes=4096 lba=353..353 gap=5 ov=0
[rx] {"t":"event","op":"msc.reads","ms":37682,"gap":4,"lba0":361,"lba1":361,"bytes":4096,"n":1,"kind":2,"ov":0}
[msc.reads] n=1 bytes=4096 lba=361..361 gap=4 ov=0
[rx] {"t":"event","op":"msc.reads","ms":37686,"gap":4,"lba0":369,"lba1":377,"bytes":8192,"n":2,"kind":2,"ov":0}
[msc.reads] n=2 bytes=8192 lba=369..377 gap=4 ov=0
[rx] {"t":"event","op":"msc.reads","ms":37694,"gap":4,"lba0":385,"lba1":385,"bytes":4096,"n":1,"kind":2,"ov":0}
[msc.reads] n=1 bytes=4096 lba=385..385 gap=4 ov=0
[rx] {"t":"event","op":"msc.reads","ms":37698,"gap":4,"lba0":393,"lba1":393,"bytes":4096,"n":1,"kind":2,"ov":0}
[msc.reads] n=1 bytes=4096 lba=393..393 gap=4 ov=0
[rx] {"t":"event","op":"msc.reads","ms":37702,"gap":4,"lba0":401,"lba1":401,"bytes":4096,"n":1,"kind":2,"ov":0}
[msc.reads] n=1 bytes=4096 lba=401..401 gap=4 ov=0
[rx] {"t":"event","op":"msc.reads","ms":37706,"gap":4,"lba0":409,"lba1":409,"bytes":4096,"n":1,"kind":2,"ov":0}
[msc.reads] n=1 bytes=4096 lba=409..409 gap=4 ov=0
[rx] {"t":"event","op":"msc.reads","ms":37710,"gap":4,"lba0":417,"lba1":417,"bytes":4096,"n":1,"kind":2,"ov":0}
[msc.reads] n=1 bytes=4096 lba=417..417 gap=4 ov=0
[rx] {"t":"event","op":"msc.reads","ms":37714,"gap":4,"lba0":425,"lba1":425,"bytes":4096,"n":1,"kind":2,"ov":0}
[msc.reads] n=1 bytes=4096 lba=425..425 gap=4 ov=0
[rx] {"t":"event","op":"msc.reads","ms":37718,"gap":4,"lba0":433,"lba1":441,"bytes":8192,"n":2,"kind":2,"ov":0}
[msc.reads] n=2 bytes=8192 lba=433..441 gap=4 ov=0
[rx] {"t":"event","op":"msc.reads","ms":37726,"gap":4,"lba0":449,"lba1":449,"bytes":4096,"n":1,"kind":2,"ov":0}
[msc.reads] n=1 bytes=4096 lba=449..449 gap=4 ov=0
[rx] {"t":"event","op":"msc.reads","ms":37730,"gap":4,"lba0":457,"lba1":457,"bytes":4096,"n":1,"kind":2,"ov":0}
[msc.reads] n=1 bytes=4096 lba=457..457 gap=4 ov=0
[rx] {"t":"event","op":"msc.reads","ms":37734,"gap":4,"lba0":465,"lba1":465,"bytes":4096,"n":1,"kind":2,"ov":0}
[msc.reads] n=1 bytes=4096 lba=465..465 gap=4 ov=0
[rx] {"t":"event","op":"msc.reads","ms":37739,"gap":5,"lba0":473,"lba1":473,"bytes":4096,"n":1,"kind":2,"ov":0}
[msc.reads] n=1 bytes=4096 lba=473..473 gap=5 ov=0
[rx] {"t":"event","op":"msc.reads","ms":37743,"gap":4,"lba0":481,"lba1":481,"bytes":4096,"n":1,"kind":2,"ov":0}
[msc.reads] n=1 bytes=4096 lba=481..481 gap=4 ov=0
[rx] {"t":"event","op":"msc.reads","ms":37747,"gap":4,"lba0":489,"lba1":497,"bytes":8192,"n":2,"kind":2,"ov":0}
[msc.reads] n=2 bytes=8192 lba=489..497 gap=4 ov=0
[rx] {"t":"event","op":"msc.reads","ms":37755,"gap":4,"lba0":505,"lba1":505,"bytes":4096,"n":1,"kind":2,"ov":0}
[msc.reads] n=1 bytes=4096 lba=505..505 gap=4 ov=0
[rx] {"t":"event","op":"msc.reads","ms":37759,"gap":4,"lba0":513,"lba1":513,"bytes":4096,"n":1,"kind":2,"ov":0}
[msc.reads] n=1 bytes=4096 lba=513..513 gap=4 ov=0
[rx] {"t":"event","op":"msc.reads","ms":37763,"gap":4,"lba0":521,"lba1":521,"bytes":4096,"n":1,"kind":2,"ov":0}
[msc.reads] n=1 bytes=4096 lba=521..521 gap=4 ov=0
[rx] {"t":"event","op":"msc.reads","ms":37767,"gap":4,"lba0":529,"lba1":529,"bytes":4096,"n":1,"kind":2,"ov":0}
[msc.reads] n=1 bytes=4096 lba=529..529 gap=4 ov=0
[rx] {"t":"event","op":"msc.reads","ms":37771,"gap":4,"lba0":537,"lba1":537,"bytes":4096,"n":1,"kind":2,"ov":0}
[msc.reads] n=1 bytes=4096 lba=537..537 gap=4 ov=0
[rx] {"t":"event","op":"msc.reads","ms":37774,"gap":3,"lba0":545,"lba1":553,"bytes":8192,"n":2,"kind":2,"ov":0}
[msc.reads] n=2 bytes=8192 lba=545..553 gap=3 ov=0
[rx] {"t":"event","op":"msc.reads","ms":37782,"gap":4,"lba0":561,"lba1":569,"bytes":8192,"n":2,"kind":2,"ov":0}
[msc.reads] n=2 bytes=8192 lba=561..569 gap=4 ov=0
[rx] {"t":"event","op":"msc.reads","ms":37790,"gap":4,"lba0":577,"lba1":577,"bytes":4096,"n":1,"kind":2,"ov":0}
[msc.reads] n=1 bytes=4096 lba=577..577 gap=4 ov=0
[rx] {"t":"event","op":"msc.reads","ms":37794,"gap":4,"lba0":585,"lba1":585,"bytes":4096,"n":1,"kind":2,"ov":0}
[msc.reads] n=1 bytes=4096 lba=585..585 gap=4 ov=0
[rx] {"t":"event","op":"msc.reads","ms":37798,"gap":4,"lba0":593,"lba1":593,"bytes":4096,"n":1,"kind":2,"ov":0}
[msc.reads] n=1 bytes=4096 lba=593..593 gap=4 ov=0
[rx] {"t":"event","op":"msc.reads","ms":37801,"gap":3,"lba0":601,"lba1":617,"bytes":12288,"n":3,"kind":2,"ov":0}
[msc.reads] n=3 bytes=12288 lba=601..617 gap=3 ov=0
[rx] {"t":"event","op":"msc.reads","ms":37813,"gap":4,"lba0":625,"lba1":625,"bytes":4096,"n":1,"kind":2,"ov":0}
[msc.reads] n=1 bytes=4096 lba=625..625 gap=4 ov=0
[rx] {"t":"event","op":"msc.reads","ms":37817,"gap":4,"lba0":633,"lba1":633,"bytes":4096,"n":1,"kind":2,"ov":0}
[msc.reads] n=1 bytes=4096 lba=633..633 gap=4 ov=0
[rx] {"t":"event","op":"msc.reads","ms":37820,"gap":3,"lba0":641,"lba1":657,"bytes":12288,"n":3,"kind":2,"ov":0}
[msc.reads] n=3 bytes=12288 lba=641..657 gap=3 ov=0
[rx] {"t":"event","op":"msc.reads","ms":37832,"gap":4,"lba0":665,"lba1":665,"bytes":4096,"n":1,"kind":2,"ov":0}
[msc.reads] n=1 bytes=4096 lba=665..665 gap=4 ov=0
[rx] {"t":"event","op":"msc.reads","ms":37835,"gap":3,"lba0":673,"lba1":673,"bytes":4096,"n":1,"kind":2,"ov":0}
[msc.reads] n=1 bytes=4096 lba=673..673 gap=3 ov=0
[rx] {"t":"event","op":"msc.reads","ms":37839,"gap":4,"lba0":681,"lba1":681,"bytes":4096,"n":1,"kind":2,"ov":0}
[msc.reads] n=1 bytes=4096 lba=681..681 gap=4 ov=0
[rx] {"t":"event","op":"msc.reads","ms":37843,"gap":4,"lba0":689,"lba1":689,"bytes":4096,"n":1,"kind":2,"ov":0}
[msc.reads] n=1 bytes=4096 lba=689..689 gap=4 ov=0
[rx] {"t":"event","op":"msc.reads","ms":37847,"gap":4,"lba0":697,"lba1":697,"bytes":4096,"n":1,"kind":2,"ov":0}
[msc.reads] n=1 bytes=4096 lba=697..697 gap=4 ov=0
[rx] {"t":"event","op":"msc.reads","ms":37851,"gap":4,"lba0":705,"lba1":705,"bytes":4096,"n":1,"kind":2,"ov":0}
[msc.reads] n=1 bytes=4096 lba=705..705 gap=4 ov=0
[rx] {"t":"event","op":"msc.reads","ms":37855,"gap":4,"lba0":713,"lba1":721,"bytes":8192,"n":2,"kind":2,"ov":0}
[msc.reads] n=2 bytes=8192 lba=713..721 gap=4 ov=0
[rx] {"t":"event","op":"msc.reads","ms":37863,"gap":4,"lba0":729,"lba1":729,"bytes":4096,"n":1,"kind":2,"ov":0}
[msc.reads] n=1 bytes=4096 lba=729..729 gap=4 ov=0
[rx] {"t":"event","op":"msc.reads","ms":37867,"gap":4,"lba0":737,"lba1":737,"bytes":4096,"n":1,"kind":2,"ov":0}
[msc.reads] n=1 bytes=4096 lba=737..737 gap=4 ov=0
[rx] {"t":"event","op":"msc.reads","ms":37871,"gap":4,"lba0":745,"lba1":745,"bytes":4096,"n":1,"kind":2,"ov":0}
[msc.reads] n=1 bytes=4096 lba=745..745 gap=4 ov=0
[rx] {"t":"event","op":"msc.reads","ms":37875,"gap":4,"lba0":753,"lba1":753,"bytes":4096,"n":1,"kind":2,"ov":0}
[msc.reads] n=1 bytes=4096 lba=753..753 gap=4 ov=0
[audio] forwarded 18000 B / 2s
[audio] forwarded 18000 B / 2s
[audio] forwarded 18000 B / 2s
[audio] forwarded 18000 B / 2s
[audio] forwarded 18000 B / 2s
[audio] forwarded 18000 B / 2s
[audio] forwarded 18000 B / 2s
[audio] forwarded 17192 B / 2s
[audio] forwarded 16976 B / 2s
[audio] forwarded 16976 B / 2s
[audio] forwarded 16976 B / 2s
[audio] forwarded 16976 B / 2s
[audio] forwarded 16976 B / 2s
[audio] forwarded 16976 B / 2s
[audio] forwarded 16976 B / 2s
[audio] forwarded 18000 B / 2s
[rx] {"t":"event","op":"msc.reads","ms":70149,"gap":32274,"lba0":537,"lba1":537,"bytes":4096,"n":1,"kind":2,"ov":0}
[msc.reads] n=1 bytes=4096 lba=537..537 gap=32274 ov=0
[rx] {"t":"event","op":"diag","code":"play.reject","detail":"not_from_head uid=fav0 from=537 +4096B age=69265ms prefetch"}
[msc] play.reject not_from_head uid=fav0 from=537 +4096B age=69265ms prefetch
[rx] {"t":"event","op":"msc.reads","ms":70167,"gap":18,"lba0":545,"lba1":321,"bytes":28672,"n":7,"kind":2,"ov":0}
[msc.reads] n=7 bytes=28672 lba=545..321 gap=18 ov=0
[rx] {"t":"event","op":"msc.reads","ms":70194,"gap":4,"lba0":329,"lba1":329,"bytes":4096,"n":1,"kind":2,"ov":0}
[msc.reads] n=1 bytes=4096 lba=329..329 gap=4 ov=0
[rx] {"t":"event","op":"msc.reads","ms":70198,"gap":4,"lba0":337,"lba1":345,"bytes":8192,"n":2,"kind":2,"ov":0}
[msc.reads] n=2 bytes=8192 lba=337..345 gap=4 ov=0
[rx] {"t":"event","op":"msc.reads","ms":70206,"gap":4,"lba0":353,"lba1":353,"bytes":4096,"n":1,"kind":2,"ov":0}
[msc.reads] n=1 bytes=4096 lba=353..353 gap=4 ov=0
[rx] {"t":"event","op":"msc.reads","ms":70210,"gap":4,"lba0":361,"lba1":361,"bytes":4096,"n":1,"kind":2,"ov":0}
[msc.reads] n=1 bytes=4096 lba=361..361 gap=4 ov=0
[rx] {"t":"event","op":"msc.reads","ms":70214,"gap":4,"lba0":369,"lba1":369,"bytes":4096,"n":1,"kind":2,"ov":0}
[msc.reads] n=1 bytes=4096 lba=369..369 gap=4 ov=0
[rx] {"t":"event","op":"msc.reads","ms":70218,"gap":4,"lba0":377,"lba1":377,"bytes":4096,"n":1,"kind":2,"ov":0}
[msc.reads] n=1 bytes=4096 lba=377..377 gap=4 ov=0
[rx] {"t":"event","op":"msc.reads","ms":70222,"gap":4,"lba0":385,"lba1":393,"bytes":8192,"n":2,"kind":2,"ov":0}
[msc.reads] n=2 bytes=8192 lba=385..393 gap=4 ov=0
[rx] {"t":"event","op":"msc.reads","ms":70230,"gap":4,"lba0":401,"lba1":401,"bytes":4096,"n":1,"kind":2,"ov":0}
[msc.reads] n=1 bytes=4096 lba=401..401 gap=4 ov=0
[rx] {"t":"event","op":"msc.reads","ms":70234,"gap":4,"lba0":409,"lba1":409,"bytes":4096,"n":1,"kind":2,"ov":0}
[msc.reads] n=1 bytes=4096 lba=409..409 gap=4 ov=0
[rx] {"t":"event","op":"msc.reads","ms":70238,"gap":4,"lba0":417,"lba1":425,"bytes":8192,"n":2,"kind":2,"ov":0}
[msc.reads] n=2 bytes=8192 lba=417..425 gap=4 ov=0
[rx] {"t":"event","op":"msc.reads","ms":70246,"gap":4,"lba0":433,"lba1":433,"bytes":4096,"n":1,"kind":2,"ov":0}
[msc.reads] n=1 bytes=4096 lba=433..433 gap=4 ov=0
[rx] {"t":"event","op":"msc.reads","ms":70250,"gap":4,"lba0":441,"lba1":441,"bytes":4096,"n":1,"kind":2,"ov":0}
[msc.reads] n=1 bytes=4096 lba=441..441 gap=4 ov=0
[rx] {"t":"event","op":"msc.reads","ms":70254,"gap":4,"lba0":449,"lba1":465,"bytes":12288,"n":3,"kind":2,"ov":0}
[msc.reads] n=3 bytes=12288 lba=449..465 gap=4 ov=0
[rx] {"t":"event","op":"msc.reads","ms":70266,"gap":4,"lba0":473,"lba1":481,"bytes":8192,"n":2,"kind":2,"ov":0}
[msc.reads] n=2 bytes=8192 lba=473..481 gap=4 ov=0
[rx] {"t":"event","op":"msc.reads","ms":70274,"gap":4,"lba0":489,"lba1":489,"bytes":4096,"n":1,"kind":2,"ov":0}
[msc.reads] n=1 bytes=4096 lba=489..489 gap=4 ov=0
[rx] {"t":"event","op":"msc.reads","ms":70278,"gap":4,"lba0":497,"lba1":497,"bytes":4096,"n":1,"kind":2,"ov":0}
[msc.reads] n=1 bytes=4096 lba=497..497 gap=4 ov=0
[rx] {"t":"event","op":"msc.reads","ms":70282,"gap":4,"lba0":505,"lba1":505,"bytes":4096,"n":1,"kind":2,"ov":0}
[msc.reads] n=1 bytes=4096 lba=505..505 gap=4 ov=0
[rx] {"t":"event","op":"msc.reads","ms":70286,"gap":4,"lba0":513,"lba1":513,"bytes":4096,"n":1,"kind":2,"ov":0}
[msc.reads] n=1 bytes=4096 lba=513..513 gap=4 ov=0
[rx] {"t":"event","op":"msc.reads","ms":70290,"gap":4,"lba0":521,"lba1":521,"bytes":4096,"n":1,"kind":2,"ov":0}
[msc.reads] n=1 bytes=4096 lba=521..521 gap=4 ov=0
[rx] {"t":"event","op":"diag","code":"play.reject","detail":"seq_short uid=fav0 from=57 +4096B age=69414ms"}
[msc] play.reject seq_short uid=fav0 from=57 +4096B age=69414ms
[rx] {"t":"event","op":"msc.reads","ms":70294,"gap":4,"lba0":529,"lba1":57,"bytes":8192,"n":2,"kind":2,"ov":0}
[msc.reads] n=2 bytes=8192 lba=529..57 gap=4 ov=0
[rx] {"t":"event","op":"play_uid","uid":"fav0"}
[trace] t=0ms play_uid=fav0
[audio] ignore rapid fav0 (have fav2)
[rx] {"t":"event","op":"msc.reads","ms":70307,"gap":9,"lba0":65,"lba1":65,"bytes":4096,"n":1,"kind":2,"ov":0}
[msc.reads] n=1 bytes=4096 lba=65..65 gap=9 ov=0
[rx] {"t":"event","op":"diag","code":"play.reject","detail":"cooldown uid=fav0 from=57 +12288B age=69431ms"}
[msc] play.reject cooldown uid=fav0 from=57 +12288B age=69431ms
[rx] {"t":"event","op":"msc.reads","ms":70315,"gap":8,"lba0":73,"lba1":73,"bytes":4096,"n":1,"kind":2,"ov":0}
[msc.reads] n=1 bytes=4096 lba=73..73 gap=8 ov=0
[rx] {"t":"event","op":"msc.reads","ms":70323,"gap":8,"lba0":81,"lba1":121,"bytes":24576,"n":6,"kind":2,"ov":0}
[msc.reads] n=6 bytes=24576 lba=81..121 gap=8 ov=0
[rx] {"t":"event","op":"msc.reads","ms":70346,"gap":4,"lba0":129,"lba1":129,"bytes":4096,"n":1,"kind":2,"ov":0}
[msc.reads] n=1 bytes=4096 lba=129..129 gap=4 ov=0
[rx] {"t":"event","op":"msc.reads","ms":70350,"gap":4,"lba0":137,"lba1":137,"bytes":4096,"n":1,"kind":2,"ov":0}
[msc.reads] n=1 bytes=4096 lba=137..137 gap=4 ov=0
[rx] {"t":"event","op":"msc.reads","ms":70354,"gap":4,"lba0":145,"lba1":145,"bytes":4096,"n":1,"kind":2,"ov":0}
[msc.reads] n=1 bytes=4096 lba=145..145 gap=4 ov=0
[rx] {"t":"event","op":"msc.reads","ms":70358,"gap":4,"lba0":153,"lba1":153,"bytes":4096,"n":1,"kind":2,"ov":0}
[msc.reads] n=1 bytes=4096 lba=153..153 gap=4 ov=0
[rx] {"t":"event","op":"msc.reads","ms":70362,"gap":4,"lba0":161,"lba1":161,"bytes":4096,"n":1,"kind":2,"ov":0}
[msc.reads] n=1 bytes=4096 lba=161..161 gap=4 ov=0
[rx] {"t":"event","op":"msc.reads","ms":70366,"gap":4,"lba0":169,"lba1":225,"bytes":32768,"n":8,"kind":2,"ov":0}
[msc.reads] n=8 bytes=32768 lba=169..225 gap=4 ov=0
[rx] {"t":"event","op":"msc.reads","ms":70397,"gap":4,"lba0":233,"lba1":233,"bytes":4096,"n":1,"kind":2,"ov":0}
[msc.reads] n=1 bytes=4096 lba=233..233 gap=4 ov=0
[rx] {"t":"event","op":"msc.reads","ms":70401,"gap":4,"lba0":241,"lba1":249,"bytes":8192,"n":2,"kind":2,"ov":0}
[msc.reads] n=2 bytes=8192 lba=241..249 gap=4 ov=0
[rx] {"t":"event","op":"msc.reads","ms":70409,"gap":4,"lba0":257,"lba1":257,"bytes":4096,"n":1,"kind":2,"ov":0}
[msc.reads] n=1 bytes=4096 lba=257..257 gap=4 ov=0
[audio] forwarded 12852 B / 2s
[rx] {"t":"event","op":"msc.reads","ms":70413,"gap":4,"lba0":265,"lba1":265,"bytes":4096,"n":1,"kind":2,"ov":0}
[msc.reads] n=1 bytes=4096 lba=265..265 gap=4 ov=0
[rx] {"t":"event","op":"msc.reads","ms":70417,"gap":4,"lba0":273,"lba1":289,"bytes":12288,"n":3,"kind":2,"ov":0}
[msc.reads] n=3 bytes=12288 lba=273..289 gap=4 ov=0
[rx] {"t":"event","op":"msc.reads","ms":70431,"gap":6,"lba0":569,"lba1":569,"bytes":4096,"n":1,"kind":2,"ov":0}
[msc.reads] n=1 bytes=4096 lba=569..569 gap=6 ov=0
[rx] {"t":"event","op":"diag","code":"play.reject","detail":"not_from_head uid=fav0 from=569 +4096B age=69547ms prefetch"}
[msc] play.reject not_from_head uid=fav0 from=569 +4096B age=69547ms prefetch
[rx] {"t":"event","op":"msc.reads","ms":70449,"gap":18,"lba0":577,"lba1":577,"bytes":4096,"n":1,"kind":2,"ov":0}
[msc.reads] n=1 bytes=4096 lba=577..577 gap=18 ov=0
[rx] {"t":"event","op":"msc.reads","ms":70452,"gap":3,"lba0":585,"lba1":585,"bytes":4096,"n":1,"kind":2,"ov":0}
[msc.reads] n=1 bytes=4096 lba=585..585 gap=3 ov=0
[rx] {"t":"event","op":"msc.reads","ms":70456,"gap":4,"lba0":593,"lba1":593,"bytes":4096,"n":1,"kind":2,"ov":0}
[msc.reads] n=1 bytes=4096 lba=593..593 gap=4 ov=0
[rx] {"t":"event","op":"msc.reads","ms":70460,"gap":4,"lba0":601,"lba1":601,"bytes":4096,"n":1,"kind":2,"ov":0}
[msc.reads] n=1 bytes=4096 lba=601..601 gap=4 ov=0
[rx] {"t":"event","op":"msc.reads","ms":70464,"gap":4,"lba0":609,"lba1":609,"bytes":4096,"n":1,"kind":2,"ov":0}
[msc.reads] n=1 bytes=4096 lba=609..609 gap=4 ov=0
[rx] {"t":"event","op":"msc.reads","ms":70468,"gap":4,"lba0":617,"lba1":625,"bytes":8192,"n":2,"kind":2,"ov":0}
[msc.reads] n=2 bytes=8192 lba=617..625 gap=4 ov=0
[rx] {"t":"event","op":"msc.reads","ms":70475,"gap":3,"lba0":633,"lba1":633,"bytes":4096,"n":1,"kind":2,"ov":0}
[msc.reads] n=1 bytes=4096 lba=633..633 gap=3 ov=0
[rx] {"t":"event","op":"msc.reads","ms":70479,"gap":4,"lba0":641,"lba1":649,"bytes":8192,"n":2,"kind":2,"ov":0}
[msc.reads] n=2 bytes=8192 lba=641..649 gap=4 ov=0
[rx] {"t":"event","op":"msc.reads","ms":70487,"gap":4,"lba0":657,"lba1":665,"bytes":8192,"n":2,"kind":2,"ov":0}
[msc.reads] n=2 bytes=8192 lba=657..665 gap=4 ov=0
[rx] {"t":"event","op":"msc.reads","ms":70495,"gap":4,"lba0":673,"lba1":673,"bytes":4096,"n":1,"kind":2,"ov":0}
[msc.reads] n=1 bytes=4096 lba=673..673 gap=4 ov=0
[rx] {"t":"event","op":"msc.reads","ms":70499,"gap":4,"lba0":681,"lba1":681,"bytes":4096,"n":1,"kind":2,"ov":0}
[msc.reads] n=1 bytes=4096 lba=681..681 gap=4 ov=0
[rx] {"t":"event","op":"msc.reads","ms":70503,"gap":4,"lba0":689,"lba1":689,"bytes":4096,"n":1,"kind":2,"ov":0}
[msc.reads] n=1 bytes=4096 lba=689..689 gap=4 ov=0
[rx] {"t":"event","op":"msc.reads","ms":70506,"gap":3,"lba0":697,"lba1":705,"bytes":8192,"n":2,"kind":2,"ov":0}
[msc.reads] n=2 bytes=8192 lba=697..705 gap=3 ov=0
[rx] {"t":"event","op":"msc.reads","ms":70514,"gap":4,"lba0":713,"lba1":721,"bytes":8192,"n":2,"kind":2,"ov":0}
[msc.reads] n=2 bytes=8192 lba=713..721 gap=4 ov=0
[rx] {"t":"event","op":"msc.reads","ms":70522,"gap":4,"lba0":729,"lba1":729,"bytes":4096,"n":1,"kind":2,"ov":0}
[msc.reads] n=1 bytes=4096 lba=729..729 gap=4 ov=0
[rx] {"t":"event","op":"msc.reads","ms":70526,"gap":4,"lba0":737,"lba1":737,"bytes":4096,"n":1,"kind":2,"ov":0}
[msc.reads] n=1 bytes=4096 lba=737..737 gap=4 ov=0
[rx] {"t":"event","op":"msc.reads","ms":70530,"gap":4,"lba0":745,"lba1":745,"bytes":4096,"n":1,"kind":2,"ov":0}
[msc.reads] n=1 bytes=4096 lba=745..745 gap=4 ov=0
[rx] {"t":"event","op":"msc.reads","ms":70533,"gap":3,"lba0":753,"lba1":769,"bytes":12288,"n":3,"kind":2,"ov":0}
[msc.reads] n=3 bytes=12288 lba=753..769 gap=3 ov=0
[rx] {"t":"event","op":"msc.reads","ms":70545,"gap":4,"lba0":777,"lba1":777,"bytes":4096,"n":1,"kind":2,"ov":0}
[msc.reads] n=1 bytes=4096 lba=777..777 gap=4 ov=0
[rx] {"t":"event","op":"msc.reads","ms":70549,"gap":4,"lba0":785,"lba1":785,"bytes":4096,"n":1,"kind":2,"ov":0}
[msc.reads] n=1 bytes=4096 lba=785..785 gap=4 ov=0
[rx] {"t":"event","op":"msc.reads","ms":70553,"gap":4,"lba0":793,"lba1":793,"bytes":4096,"n":1,"kind":2,"ov":0}
[msc.reads] n=1 bytes=4096 lba=793..793 gap=4 ov=0
[rx] {"t":"event","op":"msc.reads","ms":70556,"gap":3,"lba0":801,"lba1":873,"bytes":40960,"n":10,"kind":2,"ov":0}
[msc.reads] n=10 bytes=40960 lba=801..873 gap=3 ov=0
[rx] {"t":"event","op":"msc.reads","ms":70594,"gap":4,"lba0":881,"lba1":881,"bytes":4096,"n":1,"kind":2,"ov":0}
[msc.reads] n=1 bytes=4096 lba=881..881 gap=4 ov=0
[rx] {"t":"event","op":"msc.reads","ms":70597,"gap":3,"lba0":889,"lba1":897,"bytes":8192,"n":2,"kind":2,"ov":0}
[msc.reads] n=2 bytes=8192 lba=889..897 gap=3 ov=0
[rx] {"t":"event","op":"msc.reads","ms":70605,"gap":4,"lba0":905,"lba1":921,"bytes":12288,"n":3,"kind":2,"ov":0}
[msc.reads] n=3 bytes=12288 lba=905..921 gap=4 ov=0
[rx] {"t":"event","op":"msc.reads","ms":70616,"gap":3,"lba0":929,"lba1":977,"bytes":28672,"n":7,"kind":2,"ov":0}
[msc.reads] n=7 bytes=28672 lba=929..977 gap=3 ov=0
[rx] {"t":"event","op":"msc.reads","ms":70643,"gap":4,"lba0":985,"lba1":985,"bytes":4096,"n":1,"kind":2,"ov":0}
[msc.reads] n=1 bytes=4096 lba=985..985 gap=4 ov=0
[rx] {"t":"event","op":"msc.reads","ms":70647,"gap":4,"lba0":993,"lba1":993,"bytes":4096,"n":1,"kind":2,"ov":0}
[msc.reads] n=1 bytes=4096 lba=993..993 gap=4 ov=0
[rx] {"t":"event","op":"msc.reads","ms":70650,"gap":3,"lba0":1001,"lba1":1001,"bytes":4096,"n":1,"kind":2,"ov":0}
[msc.reads] n=1 bytes=4096 lba=1001..1001 gap=3 ov=0
[rx] {"t":"event","op":"msc.reads","ms":70654,"gap":4,"lba0":1009,"lba1":1009,"bytes":4096,"n":1,"kind":2,"ov":0}
[msc.reads] n=1 bytes=4096 lba=1009..1009 gap=4 ov=0
[rx] {"t":"event","op":"msc.reads","ms":70658,"gap":4,"lba0":1017,"lba1":1025,"bytes":8192,"n":2,"kind":2,"ov":0}
[msc.reads] n=2 bytes=8192 lba=1017..1025 gap=4 ov=0
[rx] {"t":"event","op":"msc.reads","ms":70666,"gap":4,"lba0":1033,"lba1":1033,"bytes":4096,"n":1,"kind":2,"ov":0}
[msc.reads] n=1 bytes=4096 lba=1033..1033 gap=4 ov=0
[rx] {"t":"event","op":"msc.reads","ms":70670,"gap":4,"lba0":1041,"lba1":1041,"bytes":4096,"n":1,"kind":2,"ov":0}
[msc.reads] n=1 bytes=4096 lba=1041..1041 gap=4 ov=0
[rx] {"t":"event","op":"msc.reads","ms":70674,"gap":4,"lba0":1049,"lba1":1057,"bytes":8192,"n":2,"kind":2,"ov":0}
[msc.reads] n=2 bytes=8192 lba=1049..1057 gap=4 ov=0
[rx] {"t":"event","op":"msc.reads","ms":70682,"gap":4,"lba0":1065,"lba1":1065,"bytes":4096,"n":1,"kind":2,"ov":0}
[msc.reads] n=1 bytes=4096 lba=1065..1065 gap=4 ov=0
[rx] {"t":"event","op":"msc.reads","ms":70686,"gap":4,"lba0":1073,"lba1":1073,"bytes":4096,"n":1,"kind":2,"ov":0}
[msc.reads] n=1 bytes=4096 lba=1073..1073 gap=4 ov=0
[audio] forwarded 12382 B / 2s
[audio] forwarded 11912 B / 2s
[audio] forwarded 11912 B / 2s
[audio] forwarded 11682 B / 2s
[audio] forwarded 12455 B / 2s
[audio] forwarded 11912 B / 2s
[audio] forwarded 12225 B / 2s
[audio] forwarded 11912 B / 2s
[audio] forwarded 11912 B / 2s
[audio] forwarded 11912 B / 2s
[audio] forwarded 12936 B / 2s
[audio] forwarded 12382 B / 2s
[audio] forwarded 11755 B / 2s
[audio] forwarded 11912 B / 2s
[audio] forwarded 12925 B / 2s
[audio] forwarded 11912 B / 2s
[audio] forwarded 11912 B / 2s
[audio] forwarded 12225 B / 2s
[audio] forwarded 11912 B / 2s
[audio] forwarded 11912 B / 2s
[audio] forwarded 12225 B / 2s
[audio] forwarded 11912 B / 2s
[audio] forwarded 11912 B / 2s
[audio] forwarded 11912 B / 2s
[audio] forwarded 12225 B / 2s
[audio] forwarded 11912 B / 2s
[audio] forwarded 11912 B / 2s
[audio] forwarded 11911 B / 2s
[audio] forwarded 13406 B / 2s
[audio] forwarded 11369 B / 2s
[audio] forwarded 12528 B / 2s
[audio] forwarded 12226 B / 2s
[audio] forwarded 11911 B / 2s
[audio] forwarded 11912 B / 2s
[audio] forwarded 11912 B / 2s
[audio] forwarded 11912 B / 2s
[audio] forwarded 12382 B / 2s
[audio] forwarded 11912 B / 2s
[audio] forwarded 11755 B / 2s
[audio] forwarded 12382 B / 2s
[audio] forwarded 12852 B / 2s
[audio] forwarded 11996 B / 2s
[audio] forwarded 12225 B / 2s
[audio] forwarded 11912 B / 2s
[audio] forwarded 12455 B / 2s
[audio] forwarded 12225 B / 2s
[audio] forwarded 11912 B / 2s
[audio] forwarded 11912 B / 2s
[audio] forwarded 11912 B / 2s
[audio] forwarded 11912 B / 2s
[audio] forwarded 12225 B / 2s
[audio] forwarded 11912 B / 2s
[audio] forwarded 11912 B / 2s
[audio] forwarded 12382 B / 2s
[audio] forwarded 11911 B / 2s
[audio] forwarded 12936 B / 2s
[audio] forwarded 12226 B / 2s
[audio] forwarded 11911 B / 2s
[bridge] link lost (timed out) — reconnect in 3.0s
[bridge] reconnect failed: timed out
[bridge] link lost (timed out) — reconnect in 3.0s
[bridge] reconnect failed: timed out
[bridge] link lost (timed out) — reconnect in 3.0s
[bridge] reconnect failed: [Errno 113] No route to host
[bridge] link lost (timed out) — reconnect in 3.0s
[bridge] reconnect failed: [Errno 113] No route to host
[bridge] link lost (timed out) — reconnect in 3.0s
[bridge] reconnect failed: [Errno 113] No route to host
[bridge] link lost (timed out) — reconnect in 3.0s
[bridge] reconnect failed: [Errno 113] No route to host
[bridge] link lost (timed out) — reconnect in 3.0s
[bridge] reconnect failed: [Errno 113] No route to host
[bridge] link lost (timed out) — reconnect in 3.0s
[bridge] reconnect failed: [Errno 113] No route to host
[bridge] link lost (timed out) — reconnect in 3.0s
[bridge] reconnect failed: [Errno 113] No route to host
[bridge] link lost (timed out) — reconnect in 3.0s
[bridge] reconnect failed: [Errno 113] No route to host
[bridge] link lost (timed out) — reconnect in 3.0s
[bridge] reconnect failed: [Errno 113] No route to host
[bridge] link lost (timed out) — reconnect in 3.0s
[bridge] reconnect failed: [Errno 113] No route to host
[bridge] link lost (timed out) — reconnect in 3.0s
[bridge] reconnect failed: [Errno 113] No route to host
[bridge] link lost (timed out) — reconnect in 3.0s
[bridge] reconnect failed: [Errno 113] No route to host
[bridge] link lost (timed out) — reconnect in 3.0s
[bridge] reconnect failed: [Errno 113] No route to host
[bridge] link lost (timed out) — reconnect in 3.0s
[bridge] reconnect failed: [Errno 113] No route to host
[bridge] link lost (timed out) — reconnect in 3.0s
[bridge] reconnect failed: [Errno 113] No route to host
[bridge] link lost (timed out) — reconnect in 3.0s
[bridge] reconnect failed: [Errno 113] No route to host
[bridge] link lost (timed out) — reconnect in 3.0s
[bridge] reconnect failed: [Errno 113] No route to host
[bridge] link lost (timed out) — reconnect in 3.0s
[bridge] reconnect failed: [Errno 113] No route to host
[bridge] link lost (timed out) — reconnect in 3.0s
[bridge] reconnect failed: [Errno 113] No route to host
[bridge] link lost (timed out) — reconnect in 3.0s
[tx] {"t":"hello","ver":1}
[rx] {"t":"hello_ack","ver":"0.4.34-dev","fw":"pidrive","slots":4,"page":true,"audio":true,"bin":true,"tcp":true,"tcpPort":9090}
[hello_ack] ver=0.4.34-dev slots=4 page=True tcp=True
[tx] {"t":"menu_set","rev":2431,"page":0,"items":[{"uid":"fav0","name":"Rock Antenne","kind":"station"},{"uid":"fav1","name":"Rock Antenne Bayern","kind":"station"},{"uid":"fav2","name":"Radio BOB!","kind":"station"},{"uid":"pump:page_next","name":"Menue","kind":"action"}]}
[bridge] reconnected tcp:192.168.178.89:9090 hello_ack=ok (menu snapshot resent rev=2431 grace=9)
[tx] {"t":"ping"}
[audio] forwarded 7367 B / 2s
[rx] {"t":"menu_ack","ok":true,"n":4,"rev":2431}
[menu_ack] ok=True n=4 rev=2431
[rx] {"t":"pong"}
[tx] {"t":"menu_set","rev":2433,"page":0,"items":[{"uid":"fav0","name":"Rock Antenne","kind":"station"},{"uid":"fav1","name":"Rock Antenne Bayern","kind":"station"},{"uid":"fav2","name":"Radio BOB!","kind":"station"},{"uid":"pump:page_next","name":"Menue","kind":"action"}]}
[rx] {"t":"menu_ack","ok":true,"n":4,"rev":2433}
[menu_ack] ok=True n=4 rev=2433
[tx] {"t":"ping"}
[rx] {"t":"pong"}
[tx] {"t":"ping"}
[rx] {"t":"pong"}
[tx] {"t":"ping"}
[rx] {"t":"pong"}
[tx] {"t":"ping"}
[tx] {"t":"ping"}
[tx] {"t":"ping"}
[tx] {"t":"ping"}
[tx] {"t":"ping"}
[tx] {"t":"ping"}
[tx] {"t":"ping"}
[tx] {"t":"ping"}
[tx] {"t":"ping"}
[tx] {"t":"ping"}
[tx] {"t":"ping"}
[tx] {"t":"ping"}
[tx] {"t":"ping"}
[tx] {"t":"ping"}
[tx] {"t":"ping"}
[tx] {"t":"ping"}
[tx] {"t":"ping"}
[tx] {"t":"ping"}
[bridge] link lost ([Errno 32] Broken pipe) — reconnect in 3.0s
[tx] {"t":"hello","ver":1}
[rx] {"t":"hello_ack","ver":"0.4.34-dev","fw":"pidrive","slots":4,"page":true,"audio":true,"bin":true,"tcp":true,"tcpPort":9090}
[hello_ack] ver=0.4.34-dev slots=4 page=True tcp=True
[tx] {"t":"menu_set","rev":2433,"page":0,"items":[{"uid":"fav0","name":"Rock Antenne","kind":"station"},{"uid":"fav1","name":"Rock Antenne Bayern","kind":"station"},{"uid":"fav2","name":"Radio BOB!","kind":"station"},{"uid":"pump:page_next","name":"Menue","kind":"action"}]}
[bridge] reconnected tcp:192.168.178.89:9090 hello_ack=ok (menu snapshot resent rev=2433 grace=9)
[tx] {"t":"ping"}
[rx] {"t":"menu_ack","ok":true,"n":4,"rev":2433}
[menu_ack] ok=True n=4 rev=2433
[rx] {"t":"pong"}
[tx] {"t":"ping"}
[rx] {"t":"pong"}
[tx] {"t":"ping"}
[rx] {"t":"pong"}
[tx] {"t":"ping"}
[rx] {"t":"pong"}
[tx] {"t":"menu_set","rev":2434,"page":0,"items":[{"uid":"fav0","name":"Rock Antenne","kind":"station"},{"uid":"fav1","name":"Rock Antenne Bayern","kind":"station"},{"uid":"fav2","name":"Radio BOB!","kind":"station"},{"uid":"pump:page_next","name":"Menue","kind":"action"}]}
[rx] {"t":"menu_ack","ok":true,"n":4,"rev":2434}
[menu_ack] ok=True n=4 rev=2434
[tx] {"t":"ping"}
[rx] {"t":"pong"}
[tx] {"t":"ping"}
[rx] {"t":"pong"}
[tx] {"t":"ping"}
[rx] {"t":"pong"}
[tx] {"t":"ping"}
[rx] {"t":"pong"}
[tx] {"t":"ping"}
[rx] {"t":"pong"}
[tx] {"t":"ping"}
[rx] {"t":"pong"}
[tx] {"t":"ping"}
[rx] {"t":"pong"}
[tx] {"t":"ping"}
[rx] {"t":"pong"}
[tx] {"t":"ping"}
[rx] {"t":"pong"}
[tx] {"t":"ping"}
[rx] {"t":"pong"}
[tx] {"t":"ping"}
[rx] {"t":"pong"}
[tx] {"t":"ping"}
[rx] {"t":"pong"}
[tx] {"t":"ping"}
[rx] {"t":"pong"}
[tx] {"t":"ping"}
[rx] {"t":"pong"}
[tx] {"t":"ping"}
[rx] {"t":"pong"}
[tx] {"t":"ping"}
[rx] {"t":"pong"}
===== FIELD replug 2026-10-01T19:55:05+02:00 =====
[tx] {"t":"hello","ver":1}
[bridge] warn: no hello_ack yet — continuing
Traceback (most recent call last):
  File "/home/pidrive/pump_bridge.py", line 1823, in <module>
    raise SystemExit(main())
                     ~~~~^^
  File "/home/pidrive/pump_bridge.py", line 1331, in main
    send({"t": "audio_stop"})
    ~~~~^^^^^^^^^^^^^^^^^^^^^
  File "/home/pidrive/pump_bridge.py", line 1295, in send
    ser.write((line + "\n").encode("utf-8"))
    ~~~~~~~~~^^^^^^^^^^^^^^^^^^^^^^^^^^^^^^^
  File "/home/pidrive/pump_bridge.py", line 174, in write
    self._sock.sendall(data)
    ~~~~~~~~~~~~~~~~~~^^^^^^
BrokenPipeError: [Errno 32] Broken pipe
2026-10-01T19:56:01+02:00 started pid=159467 host=192.168.178.89
[tx] {"t":"hello","ver":1}
[rx] {"t":"hello_ack","ver":"0.4.34-dev","fw":"pidrive","slots":4,"page":true,"audio":true,"bin":true,"tcp":true,"tcpPort":9090}
[hello_ack] ver=0.4.34-dev slots=4 page=True tcp=True
[tx] {"t":"audio_stop"}
[bridge] tcp:192.168.178.89:9090 audio=48k paging=on
[tx] {"t":"ping"}
[tx] {"t":"menu_set","rev":2435,"page":0,"items":[{"uid":"fav0","name":"Rock Antenne","kind":"station"},{"uid":"fav1","name":"Rock Antenne Bayern","kind":"station"},{"uid":"fav2","name":"Radio BOB!","kind":"station"},{"uid":"pump:page_next","name":"Menue","kind":"action"}]}
[rx] {"t":"audio_ack","ok":true,"op":"stop"}
[audio_ack] {'t': 'audio_ack', 'ok': True, 'op': 'stop'}
[rx] {"t":"pong"}
[rx] {"t":"menu_ack","ok":true,"n":4,"rev":2435}
[menu_ack] ok=True n=4 rev=2435
[tx] {"t":"ping"}
[rx] {"t":"pong"}
[tx] {"t":"ping"}
[rx] {"t":"pong"}
[tx] {"t":"ping"}
[rx] {"t":"pong"}
[tx] {"t":"ping"}
[rx] {"t":"pong"}
[tx] {"t":"ping"}
[rx] {"t":"pong"}
[tx] {"t":"ping"}
[rx] {"t":"pong"}
[tx] {"t":"ping"}
[rx] {"t":"pong"}
[tx] {"t":"ping"}
[rx] {"t":"pong"}
[tx] {"t":"ping"}
[rx] {"t":"pong"}
[tx] {"t":"ping"}
[rx] {"t":"pong"}
[tx] {"t":"ping"}
[rx] {"t":"pong"}
[tx] {"t":"ping"}
[rx] {"t":"pong"}
[tx] {"t":"ping"}
[rx] {"t":"pong"}
[tx] {"t":"ping"}
[rx] {"t":"pong"}
[tx] {"t":"ping"}
[rx] {"t":"pong"}
[tx] {"t":"ping"}
[rx] {"t":"pong"}
[tx] {"t":"ping"}
[rx] {"t":"pong"}
[tx] {"t":"ping"}
[rx] {"t":"pong"}
[tx] {"t":"ping"}
[rx] {"t":"pong"}
[tx] {"t":"ping"}
[rx] {"t":"pong"}
[tx] {"t":"ping"}
[rx] {"t":"pong"}
[tx] {"t":"ping"}
[rx] {"t":"pong"}
[tx] {"t":"ping"}
[rx] {"t":"pong"}
[tx] {"t":"ping"}
[rx] {"t":"pong"}
[tx] {"t":"ping"}
[rx] {"t":"pong"}
[tx] {"t":"ping"}
[rx] {"t":"pong"}
[tx] {"t":"ping"}
[rx] {"t":"pong"}
[tx] {"t":"ping"}
[rx] {"t":"pong"}
[tx] {"t":"ping"}
[rx] {"t":"pong"}
[tx] {"t":"ping"}
[rx] {"t":"pong"}
[tx] {"t":"ping"}
[rx] {"t":"pong"}
[tx] {"t":"ping"}
[rx] {"t":"pong"}
[tx] {"t":"ping"}
[rx] {"t":"pong"}
[tx] {"t":"ping"}
[rx] {"t":"pong"}
[tx] {"t":"ping"}
[rx] {"t":"pong"}
[tx] {"t":"ping"}
[rx] {"t":"pong"}
[tx] {"t":"ping"}
[rx] {"t":"pong"}
[tx] {"t":"ping"}
[rx] {"t":"pong"}
[tx] {"t":"ping"}
[rx] {"t":"pong"}
[tx] {"t":"ping"}
[rx] {"t":"pong"}
[tx] {"t":"ping"}
[rx] {"t":"pong"}
[tx] {"t":"ping"}
[rx] {"t":"pong"}
[tx] {"t":"ping"}
[rx] {"t":"pong"}
[tx] {"t":"ping"}
[rx] {"t":"pong"}
[tx] {"t":"ping"}
[rx] {"t":"pong"}
[tx] {"t":"ping"}
[rx] {"t":"pong"}
[tx] {"t":"ping"}
[rx] {"t":"pong"}
[tx] {"t":"ping"}
[rx] {"t":"pong"}
[tx] {"t":"ping"}
[rx] {"t":"pong"}
[tx] {"t":"ping"}
[rx] {"t":"pong"}
[tx] {"t":"ping"}
[rx] {"t":"pong"}
[tx] {"t":"ping"}
[rx] {"t":"pong"}
[rx] {"t":"event","op":"play_uid","uid":"fav1"}
[trace] t=0ms play_uid=fav1
[trace] t=50ms audio.start fav fav1
[id3] cover file /home/pidrive/pidrive/assets/usb-msc-covers/stations/web_rock_antenne_bayern.jpg (1903 B)
[tx] {"t":"audio_start","uid":"fav1","codec":"mp3","br":"48k","cSrc":"file","cPath":"stations/web_rock_antenne_bayern.jpg","cTry":"stations/web_rock_antenne_bayern.jpg|stations/rock_antenne_bayern.jpg"}
[trace] audio_start sent uid=fav1 cover=file
[id3] sent 3044 B jpeg=1903 src=file rel='stations/web_rock_antenne_bayern.jpg' → /tmp/pump_id3_probe.mp3
[audio] ffmpeg https://stream.rockantenne.de/rockantenne-bayern/stream/mp3 @ 48k
[rx] {"t":"audio_ack","ok":true,"op":"start","uid":"fav1","id3":true,"warmup":8192}
[audio_ack] {'t': 'audio_ack', 'ok': True, 'op': 'start', 'uid': 'fav1', 'id3': True, 'warmup': 8192}
[audio] forwarded 10024 B / 2s
[audio] forwarded 18000 B / 2s
[audio] forwarded 18000 B / 2s
[audio] forwarded 18000 B / 2s
[audio] forwarded 18000 B / 2s
[audio] forwarded 18000 B / 2s
[audio] forwarded 18000 B / 2s
[audio] forwarded 18000 B / 2s
[audio] forwarded 18000 B / 2s
[audio] forwarded 18000 B / 2s
[audio] forwarded 17192 B / 2s
[audio] forwarded 16976 B / 2s
[audio] forwarded 16976 B / 2s
[audio] forwarded 16976 B / 2s
[audio] forwarded 16976 B / 2s
[audio] forwarded 16976 B / 2s
[audio] forwarded 16976 B / 2s
[audio] forwarded 16976 B / 2s
[audio] forwarded 16976 B / 2s
[audio] forwarded 18000 B / 2s
[audio] forwarded 18000 B / 2s
[audio] forwarded 18000 B / 2s
[audio] forwarded 18000 B / 2s
[audio] forwarded 18000 B / 2s
[audio] forwarded 18000 B / 2s
[audio] forwarded 18000 B / 2s
[bridge] link lost (timed out) — reconnect in 3.0s
[bridge] reconnect failed: timed out
[bridge] link lost (timed out) — reconnect in 3.0s
[bridge] reconnect failed: timed out
[bridge] link lost (timed out) — reconnect in 3.0s
[bridge] reconnect failed: timed out
[bridge] link lost (timed out) — reconnect in 3.0s
[bridge] reconnect failed: timed out
[bridge] link lost (timed out) — reconnect in 3.0s
[bridge] reconnect failed: [Errno 113] No route to host
[bridge] link lost (timed out) — reconnect in 3.0s
[bridge] reconnect failed: [Errno 113] No route to host
[bridge] link lost (timed out) — reconnect in 3.0s
[bridge] reconnect failed: [Errno 113] No route to host
[bridge] link lost (timed out) — reconnect in 3.0s
[bridge] reconnect failed: [Errno 113] No route to host
[bridge] link lost (timed out) — reconnect in 3.0s
[bridge] reconnect failed: [Errno 113] No route to host
[bridge] link lost (timed out) — reconnect in 3.0s
[bridge] reconnect failed: [Errno 113] No route to host
[bridge] link lost (timed out) — reconnect in 3.0s
[bridge] reconnect failed: [Errno 113] No route to host
[bridge] link lost (timed out) — reconnect in 3.0s
[bridge] reconnect failed: [Errno 113] No route to host
[bridge] link lost (timed out) — reconnect in 3.0s
[bridge] reconnect failed: [Errno 113] No route to host
[bridge] link lost (timed out) — reconnect in 3.0s
[bridge] reconnect failed: [Errno 111] Connection refused
[bridge] link lost (timed out) — reconnect in 3.0s
[tx] {"t":"hello","ver":1}
[rx] {"t":"hello_ack","ver":"0.4.34-dev","fw":"pidrive","slots":4,"page":true,"audio":true,"bin":true,"tcp":true,"tcpPort":9090}
[hello_ack] ver=0.4.34-dev slots=4 page=True tcp=True
[tx] {"t":"menu_set","rev":2435,"page":0,"items":[{"uid":"fav0","name":"Rock Antenne","kind":"station"},{"uid":"fav1","name":"Rock Antenne Bayern","kind":"station"},{"uid":"fav2","name":"Radio BOB!","kind":"station"},{"uid":"pump:page_next","name":"Menue","kind":"action"}]}
[bridge] reconnected tcp:192.168.178.89:9090 hello_ack=ok (menu snapshot resent rev=2435 grace=9)
[tx] {"t":"ping"}
[audio] forwarded 8192 B / 2s
[rx] {"t":"menu_ack","ok":true,"n":4,"rev":2435}
[menu_ack] ok=True n=4 rev=2435
[rx] {"t":"pong"}
[rx] {"t":"event","op":"diag","code":"msc.first_read","detail":"1004 ms"}
[msc] msc.first_read 1004 ms
[rx] {"t":"event","op":"msc.reads","ms":5617,"gap":0,"lba0":0,"lba1":0,"bytes":4096,"n":1,"kind":4,"ov":0}
[msc.reads] n=1 bytes=4096 lba=0..0 gap=0 ov=0
[rx] {"t":"event","op":"msc.reads","ms":5638,"gap":21,"lba0":0,"lba1":0,"bytes":4096,"n":1,"kind":4,"ov":0}
[msc.reads] n=1 bytes=4096 lba=0..0 gap=21 ov=0
[rx] {"t":"event","op":"msc.reads","ms":5642,"gap":4,"lba0":16,"lba1":16,"bytes":4096,"n":1,"kind":5,"ov":0}
[msc.reads] n=1 bytes=4096 lba=16..16 gap=4 ov=0
[rx] {"t":"event","op":"msc.reads","ms":5646,"gap":4,"lba0":24,"lba1":24,"bytes":4096,"n":1,"kind":1,"ov":0}
[msc.reads] n=1 bytes=4096 lba=24..24 gap=4 ov=0
[rx] {"t":"event","op":"msc.reads","ms":5650,"gap":4,"lba0":32,"lba1":32,"bytes":4096,"n":1,"kind":1,"ov":0}
[msc.reads] n=1 bytes=4096 lba=32..32 gap=4 ov=0
[rx] {"t":"event","op":"msc.reads","ms":5654,"gap":4,"lba0":40,"lba1":40,"bytes":4096,"n":1,"kind":1,"ov":0}
[msc.reads] n=1 bytes=4096 lba=40..40 gap=4 ov=0
[rx] {"t":"event","op":"diag","code":"play.reject","detail":"not_from_head uid=fav0 from=120 +4096B age=1058ms prefetch"}
[msc] play.reject not_from_head uid=fav0 from=120 +4096B age=1058ms prefetch
[rx] {"t":"event","op":"msc.reads","ms":5658,"gap":4,"lba0":48,"lba1":48,"bytes":4096,"n":1,"kind":1,"ov":0}
[msc.reads] n=1 bytes=4096 lba=48..48 gap=4 ov=0
[rx] {"t":"event","op":"msc.reads","ms":5662,"gap":4,"lba0":8,"lba1":8,"bytes":4096,"n":1,"kind":5,"ov":0}
[msc.reads] n=1 bytes=4096 lba=8..8 gap=4 ov=0
[rx] {"t":"event","op":"msc.reads","ms":5666,"gap":4,"lba0":56,"lba1":56,"bytes":4096,"n":1,"kind":1,"ov":0}
[msc.reads] n=1 bytes=4096 lba=56..56 gap=4 ov=0
[rx] {"t":"event","op":"msc.reads","ms":5671,"gap":5,"lba0":120,"lba1":120,"bytes":4096,"n":1,"kind":2,"ov":0}
[msc.reads] n=1 bytes=4096 lba=120..120 gap=5 ov=0
[rx] {"t":"event","op":"msc.reads","ms":5689,"gap":18,"lba0":128,"lba1":512,"bytes":12288,"n":3,"kind":2,"ov":0}
[msc.reads] n=3 bytes=12288 lba=128..512 gap=18 ov=0
[rx] {"t":"event","op":"msc.reads","ms":5712,"gap":15,"lba0":0,"lba1":0,"bytes":4096,"n":1,"kind":4,"ov":0}
[msc.reads] n=1 bytes=4096 lba=0..0 gap=15 ov=0
[rx] {"t":"event","op":"msc.reads","ms":5813,"gap":101,"lba0":0,"lba1":0,"bytes":512,"n":1,"kind":4,"ov":0}
[msc.reads] n=1 bytes=512 lba=0..0 gap=101 ov=0
[rx] {"t":"event","op":"msc.reads","ms":5815,"gap":2,"lba0":1,"lba1":1,"bytes":4096,"n":1,"kind":5,"ov":0}
[msc.reads] n=1 bytes=4096 lba=1..1 gap=2 ov=0
[rx] {"t":"event","op":"msc.reads","ms":5820,"gap":5,"lba0":17,"lba1":17,"bytes":4096,"n":1,"kind":1,"ov":0}
[msc.reads] n=1 bytes=4096 lba=17..17 gap=5 ov=0
[rx] {"t":"event","op":"msc.reads","ms":5824,"gap":4,"lba0":25,"lba1":25,"bytes":4096,"n":1,"kind":1,"ov":0}
[msc.reads] n=1 bytes=4096 lba=25..25 gap=4 ov=0
[rx] {"t":"event","op":"msc.reads","ms":5828,"gap":4,"lba0":33,"lba1":33,"bytes":4096,"n":1,"kind":1,"ov":0}
[msc.reads] n=1 bytes=4096 lba=33..33 gap=4 ov=0
[rx] {"t":"event","op":"msc.reads","ms":5832,"gap":4,"lba0":41,"lba1":41,"bytes":4096,"n":1,"kind":1,"ov":0}
[msc.reads] n=1 bytes=4096 lba=41..41 gap=4 ov=0
[rx] {"t":"event","op":"msc.reads","ms":5869,"gap":37,"lba0":1,"lba1":1,"bytes":512,"n":1,"kind":5,"ov":0}
[msc.reads] n=1 bytes=512 lba=1..1 gap=37 ov=0
[rx] {"t":"event","op":"msc.reads","ms":5870,"gap":1,"lba0":2,"lba1":16,"bytes":7168,"n":3,"kind":5,"ov":0}
[msc.reads] n=3 bytes=7168 lba=2..16 gap=1 ov=0
[rx] {"t":"event","op":"msc.reads","ms":5878,"gap":4,"lba0":24,"lba1":24,"bytes":4096,"n":1,"kind":1,"ov":0}
[msc.reads] n=1 bytes=4096 lba=24..24 gap=4 ov=0
[rx] {"t":"event","op":"msc.reads","ms":5882,"gap":4,"lba0":32,"lba1":32,"bytes":4096,"n":1,"kind":1,"ov":0}
[msc.reads] n=1 bytes=4096 lba=32..32 gap=4 ov=0
[rx] {"t":"event","op":"msc.reads","ms":5885,"gap":3,"lba0":40,"lba1":40,"bytes":4096,"n":1,"kind":1,"ov":0}
[msc.reads] n=1 bytes=4096 lba=40..40 gap=3 ov=0
[rx] {"t":"event","op":"msc.reads","ms":5889,"gap":4,"lba0":48,"lba1":48,"bytes":4096,"n":1,"kind":1,"ov":0}
[msc.reads] n=1 bytes=4096 lba=48..48 gap=4 ov=0
[rx] {"t":"event","op":"msc.reads","ms":5894,"gap":5,"lba0":8,"lba1":8,"bytes":4096,"n":1,"kind":5,"ov":0}
[msc.reads] n=1 bytes=4096 lba=8..8 gap=5 ov=0
[rx] {"t":"event","op":"msc.reads","ms":5899,"gap":5,"lba0":56,"lba1":56,"bytes":4096,"n":1,"kind":1,"ov":0}
[msc.reads] n=1 bytes=4096 lba=56..56 gap=5 ov=0
[rx] {"t":"event","op":"msc.reads","ms":5904,"gap":5,"lba0":120,"lba1":64,"bytes":12288,"n":3,"kind":2,"ov":0}
[msc.reads] n=3 bytes=12288 lba=120..64 gap=5 ov=0
[rx] {"t":"event","op":"msc.reads","ms":5918,"gap":4,"lba0":512,"lba1":512,"bytes":4096,"n":1,"kind":2,"ov":0}
[msc.reads] n=1 bytes=4096 lba=512..512 gap=4 ov=0
[rx] {"t":"event","op":"msc.reads","ms":6057,"gap":139,"lba0":49,"lba1":49,"bytes":2048,"n":1,"kind":1,"ov":0}
[msc.reads] n=1 bytes=2048 lba=49..49 gap=139 ov=0
[rx] {"t":"event","op":"msc.reads","ms":6062,"gap":5,"lba0":53,"lba1":53,"bytes":2048,"n":1,"kind":1,"ov":0}
[msc.reads] n=1 bytes=2048 lba=53..53 gap=5 ov=0
[rx] {"t":"event","op":"msc.reads","ms":6132,"gap":70,"lba0":57,"lba1":57,"bytes":4096,"n":1,"kind":2,"ov":0}
[msc.reads] n=1 bytes=4096 lba=57..57 gap=70 ov=0
[rx] {"t":"event","op":"diag","code":"play.reject","detail":"plug_window uid=fav0 from=57 +4096B age=1519ms"}
[msc] play.reject plug_window uid=fav0 from=57 +4096B age=1519ms
[rx] {"t":"event","op":"msc.reads","ms":6150,"gap":18,"lba0":65,"lba1":65,"bytes":4096,"n":1,"kind":2,"ov":0}
[msc.reads] n=1 bytes=4096 lba=65..65 gap=18 ov=0
[rx] {"t":"event","op":"msc.reads","ms":6153,"gap":3,"lba0":73,"lba1":73,"bytes":4096,"n":1,"kind":2,"ov":0}
[msc.reads] n=1 bytes=4096 lba=73..73 gap=3 ov=0
[rx] {"t":"event","op":"msc.reads","ms":6157,"gap":4,"lba0":81,"lba1":81,"bytes":4096,"n":1,"kind":2,"ov":0}
[msc.reads] n=1 bytes=4096 lba=81..81 gap=4 ov=0
[rx] {"t":"event","op":"msc.reads","ms":6164,"gap":7,"lba0":89,"lba1":89,"bytes":4096,"n":1,"kind":2,"ov":0}
[msc.reads] n=1 bytes=4096 lba=89..89 gap=7 ov=0
[rx] {"t":"event","op":"msc.reads","ms":6168,"gap":4,"lba0":97,"lba1":97,"bytes":4096,"n":1,"kind":2,"ov":0}
[msc.reads] n=1 bytes=4096 lba=97..97 gap=4 ov=0
[rx] {"t":"event","op":"diag","code":"play.reject","detail":"not_from_head uid=fav0 from=1073 +4096B age=1612ms prefetch"}
[msc] play.reject not_from_head uid=fav0 from=1073 +4096B age=1612ms prefetch
[rx] {"t":"event","op":"msc.reads","ms":6172,"gap":4,"lba0":105,"lba1":1073,"bytes":61440,"n":15,"kind":2,"ov":0}
[msc.reads] n=15 bytes=61440 lba=105..1073 gap=4 ov=0
[rx] {"t":"event","op":"msc.reads","ms":6244,"gap":19,"lba0":217,"lba1":217,"bytes":4096,"n":1,"kind":2,"ov":0}
[msc.reads] n=1 bytes=4096 lba=217..217 gap=19 ov=0
[rx] {"t":"event","op":"msc.reads","ms":6248,"gap":4,"lba0":225,"lba1":225,"bytes":4096,"n":1,"kind":2,"ov":0}
[msc.reads] n=1 bytes=4096 lba=225..225 gap=4 ov=0
[rx] {"t":"event","op":"msc.reads","ms":6252,"gap":4,"lba0":233,"lba1":481,"bytes":131072,"n":32,"kind":2,"ov":0}
[msc.reads] n=32 bytes=131072 lba=233..481 gap=4 ov=0
[rx] {"t":"event","op":"msc.reads","ms":6373,"gap":4,"lba0":489,"lba1":497,"bytes":8192,"n":2,"kind":2,"ov":0}
[msc.reads] n=2 bytes=8192 lba=489..497 gap=4 ov=0
[rx] {"t":"event","op":"msc.reads","ms":6380,"gap":4,"lba0":505,"lba1":513,"bytes":8192,"n":2,"kind":2,"ov":0}
[msc.reads] n=2 bytes=8192 lba=505..513 gap=4 ov=0
[tx] {"t":"menu_set","rev":2437,"page":0,"items":[{"uid":"fav0","name":"Rock Antenne","kind":"station"},{"uid":"fav1","name":"Rock Antenne Bayern","kind":"station"},{"uid":"fav2","name":"Radio BOB!","kind":"station"},{"uid":"pump:page_next","name":"Menue","kind":"action"}]}
[rx] {"t":"event","op":"msc.reads","ms":6388,"gap":4,"lba0":521,"lba1":521,"bytes":4096,"n":1,"kind":2,"ov":0}
[msc.reads] n=1 bytes=4096 lba=521..521 gap=4 ov=0
[rx] {"t":"event","op":"diag","code":"play.reject","detail":"plug_window uid=pump:page_next from=3129 +4096B age=2535ms"}
[msc] play.reject plug_window uid=pump:page_next from=3129 +4096B age=2535ms
[rx] {"t":"menu_ack","ok":true,"n":4,"rev":2437}
[menu_ack] ok=True n=4 rev=2437
[rx] {"t":"event","op":"diag","code":"play.reject","detail":"not_from_head uid=fav1 from=1241 +4096B age=2562ms prefetch"}
[msc] play.reject not_from_head uid=fav1 from=1241 +4096B age=2562ms prefetch
[rx] {"t":"event","op":"msc.reads","ms":6929,"gap":3,"lba0":1009,"lba1":897,"bytes":131072,"n":32,"kind":2,"ov":114}
[msc.reads] n=32 bytes=131072 lba=1009..897 gap=3 ov=114
[rx] {"t":"event","op":"msc.reads","ms":7045,"gap":3,"lba0":905,"lba1":1241,"bytes":125440,"n":32,"kind":2,"ov":114}
[msc.reads] n=32 bytes=125440 lba=905..1241 gap=3 ov=114
[rx] {"t":"event","op":"msc.reads","ms":7192,"gap":17,"lba0":1249,"lba1":1249,"bytes":4096,"n":1,"kind":2,"ov":114}
[msc.reads] n=1 bytes=4096 lba=1249..1249 gap=17 ov=114
[rx] {"t":"event","op":"msc.reads","ms":7196,"gap":4,"lba0":1257,"lba1":1257,"bytes":4096,"n":1,"kind":2,"ov":114}
[msc.reads] n=1 bytes=4096 lba=1257..1257 gap=4 ov=114
[rx] {"t":"event","op":"msc.reads","ms":7200,"gap":4,"lba0":1265,"lba1":1273,"bytes":8192,"n":2,"kind":2,"ov":114}
[msc.reads] n=2 bytes=8192 lba=1265..1273 gap=4 ov=114
[rx] {"t":"event","op":"msc.reads","ms":7208,"gap":4,"lba0":1281,"lba1":1281,"bytes":4096,"n":1,"kind":2,"ov":114}
[msc.reads] n=1 bytes=4096 lba=1281..1281 gap=4 ov=114
[rx] {"t":"event","op":"msc.reads","ms":7212,"gap":4,"lba0":1289,"lba1":1289,"bytes":4096,"n":1,"kind":2,"ov":114}
[msc.reads] n=1 bytes=4096 lba=1289..1289 gap=4 ov=114
[rx] {"t":"event","op":"msc.reads","ms":7216,"gap":4,"lba0":1297,"lba1":1297,"bytes":4096,"n":1,"kind":2,"ov":114}
[msc.reads] n=1 bytes=4096 lba=1297..1297 gap=4 ov=114
[rx] {"t":"event","op":"msc.reads","ms":7219,"gap":3,"lba0":1305,"lba1":1305,"bytes":4096,"n":1,"kind":2,"ov":114}
[msc.reads] n=1 bytes=4096 lba=1305..1305 gap=3 ov=114
[rx] {"t":"event","op":"msc.reads","ms":7223,"gap":4,"lba0":1313,"lba1":1313,"bytes":4096,"n":1,"kind":2,"ov":114}
[msc.reads] n=1 bytes=4096 lba=1313..1313 gap=4 ov=114
[rx] {"t":"event","op":"msc.reads","ms":7227,"gap":4,"lba0":1321,"lba1":81,"bytes":57344,"n":14,"kind":2,"ov":114}
[msc.reads] n=14 bytes=57344 lba=1321..81 gap=4 ov=114
[rx] {"t":"event","op":"msc.reads","ms":7279,"gap":4,"lba0":89,"lba1":129,"bytes":24576,"n":6,"kind":2,"ov":114}
[msc.reads] n=6 bytes=24576 lba=89..129 gap=4 ov=114
[rx] {"t":"event","op":"msc.reads","ms":7302,"gap":4,"lba0":137,"lba1":137,"bytes":4096,"n":1,"kind":2,"ov":114}
[msc.reads] n=1 bytes=4096 lba=137..137 gap=4 ov=114
[rx] {"t":"event","op":"msc.reads","ms":7306,"gap":4,"lba0":145,"lba1":153,"bytes":8192,"n":2,"kind":2,"ov":114}
[msc.reads] n=2 bytes=8192 lba=145..153 gap=4 ov=114
[rx] {"t":"event","op":"msc.reads","ms":7314,"gap":4,"lba0":161,"lba1":161,"bytes":4096,"n":1,"kind":2,"ov":114}
[msc.reads] n=1 bytes=4096 lba=161..161 gap=4 ov=114
[rx] {"t":"event","op":"msc.reads","ms":7318,"gap":4,"lba0":169,"lba1":265,"bytes":53248,"n":13,"kind":2,"ov":114}
[msc.reads] n=13 bytes=53248 lba=169..265 gap=4 ov=114
[rx] {"t":"event","op":"msc.reads","ms":7367,"gap":4,"lba0":273,"lba1":321,"bytes":28672,"n":7,"kind":2,"ov":114}
[msc.reads] n=7 bytes=28672 lba=273..321 gap=4 ov=114
[rx] {"t":"event","op":"msc.reads","ms":7395,"gap":4,"lba0":329,"lba1":369,"bytes":24576,"n":6,"kind":2,"ov":114}
[msc.reads] n=6 bytes=24576 lba=329..369 gap=4 ov=114
[rx] {"t":"event","op":"msc.reads","ms":7419,"gap":5,"lba0":377,"lba1":377,"bytes":4096,"n":1,"kind":2,"ov":114}
[msc.reads] n=1 bytes=4096 lba=377..377 gap=5 ov=114
[rx] {"t":"event","op":"msc.reads","ms":7423,"gap":4,"lba0":385,"lba1":385,"bytes":4096,"n":1,"kind":2,"ov":114}
[msc.reads] n=1 bytes=4096 lba=385..385 gap=4 ov=114
[rx] {"t":"event","op":"msc.reads","ms":7427,"gap":4,"lba0":393,"lba1":393,"bytes":4096,"n":1,"kind":2,"ov":114}
[msc.reads] n=1 bytes=4096 lba=393..393 gap=4 ov=114
[rx] {"t":"event","op":"msc.reads","ms":7431,"gap":4,"lba0":401,"lba1":401,"bytes":4096,"n":1,"kind":2,"ov":114}
[msc.reads] n=1 bytes=4096 lba=401..401 gap=4 ov=114
[tx] {"t":"ping"}
[rx] {"t":"pong"}
[rx] {"t":"event","op":"diag","code":"msc.phase","detail":"quiet cache?"}
[msc] msc.phase quiet cache?
[rx] {"t":"event","op":"diag","code":"msc.quiet","detail":"file=1260032B age=2003ms"}
[msc] msc.quiet file=1260032B age=2003ms
[tx] {"t":"ping"}
[rx] {"t":"pong"}
[tx] {"t":"ping"}
[rx] {"t":"pong"}
[tx] {"t":"ping"}
[rx] {"t":"pong"}
[tx] {"t":"ping"}
[rx] {"t":"pong"}
[tx] {"t":"ping"}
[rx] {"t":"pong"}
===== FIELD otg-wait 2026-10-01T20:00:33+02:00 =====
[tx] {"t":"hello","ver":1}
[bridge] warn: no hello_ack yet — continuing
Traceback (most recent call last):
  File "/home/pidrive/pump_bridge.py", line 1823, in <module>
    raise SystemExit(main())
                     ~~~~^^
  File "/home/pidrive/pump_bridge.py", line 1331, in main
    send({"t": "audio_stop"})
    ~~~~^^^^^^^^^^^^^^^^^^^^^
  File "/home/pidrive/pump_bridge.py", line 1295, in send
    ser.write((line + "\n").encode("utf-8"))
    ~~~~~~~~~^^^^^^^^^^^^^^^^^^^^^^^^^^^^^^^
  File "/home/pidrive/pump_bridge.py", line 174, in write
    self._sock.sendall(data)
    ~~~~~~~~~~~~~~~~~~^^^^^^
BrokenPipeError: [Errno 32] Broken pipe
[tx] {"t":"hello","ver":1}
[rx] {"t":"hello_ack","ver":"0.4.34-dev","fw":"pidrive","slots":4,"page":true,"audio":true,"bin":true,"tcp":true,"tcpPort":9090}
[hello_ack] ver=0.4.34-dev slots=4 page=True tcp=True
[tx] {"t":"audio_stop"}
[bridge] tcp:192.168.178.89:9090 audio=48k paging=on
[tx] {"t":"ping"}
[tx] {"t":"menu_set","rev":2437,"page":0,"items":[{"uid":"fav0","name":"Rock Antenne","kind":"station"},{"uid":"fav1","name":"Rock Antenne Bayern","kind":"station"},{"uid":"fav2","name":"Radio BOB!","kind":"station"},{"uid":"pump:page_next","name":"Menue","kind":"action"}]}
[rx] {"t":"audio_ack","ok":true,"op":"stop"}
[audio_ack] {'t': 'audio_ack', 'ok': True, 'op': 'stop'}
[rx] {"t":"pong"}
[rx] {"t":"menu_ack","ok":true,"n":4,"rev":2437}
[menu_ack] ok=True n=4 rev=2437
[tx] {"t":"ping"}
[rx] {"t":"pong"}
[tx] {"t":"ping"}
[rx] {"t":"pong"}
[tx] {"t":"ping"}
[rx] {"t":"pong"}
[tx] {"t":"ping"}
[rx] {"t":"pong"}
[tx] {"t":"ping"}
[rx] {"t":"pong"}
[tx] {"t":"ping"}
[rx] {"t":"pong"}
[tx] {"t":"ping"}
[rx] {"t":"pong"}
[tx] {"t":"ping"}
[rx] {"t":"pong"}
[tx] {"t":"ping"}
[rx] {"t":"pong"}
[tx] {"t":"ping"}
[rx] {"t":"pong"}
[tx] {"t":"ping"}
[rx] {"t":"pong"}
[tx] {"t":"ping"}
[rx] {"t":"pong"}
[tx] {"t":"ping"}
[rx] {"t":"pong"}
[tx] {"t":"ping"}
[rx] {"t":"pong"}
[tx] {"t":"ping"}
[rx] {"t":"pong"}
[tx] {"t":"ping"}
[rx] {"t":"pong"}
[tx] {"t":"ping"}
[rx] {"t":"pong"}
[tx] {"t":"ping"}
[rx] {"t":"pong"}
[tx] {"t":"ping"}
[rx] {"t":"pong"}
[tx] {"t":"ping"}
[rx] {"t":"pong"}
[tx] {"t":"ping"}
[rx] {"t":"pong"}
[tx] {"t":"ping"}
[rx] {"t":"pong"}
[tx] {"t":"ping"}
[rx] {"t":"pong"}
[tx] {"t":"ping"}
[rx] {"t":"pong"}
[tx] {"t":"ping"}
[rx] {"t":"pong"}
[tx] {"t":"ping"}
[rx] {"t":"pong"}
[tx] {"t":"ping"}
[rx] {"t":"pong"}
[tx] {"t":"ping"}
[rx] {"t":"pong"}
[tx] {"t":"ping"}
[tx] {"t":"ping"}
[tx] {"t":"ping"}
[tx] {"t":"ping"}
[tx] {"t":"ping"}
[bridge] link lost ([Errno 32] Broken pipe) — reconnect in 3.0s
[tx] {"t":"hello","ver":1}
[rx] {"t":"hello_ack","ver":"0.4.34-dev","fw":"pidrive","slots":4,"page":true,"audio":true,"bin":true,"tcp":true,"tcpPort":9090}
[hello_ack] ver=0.4.34-dev slots=4 page=True tcp=True
[tx] {"t":"menu_set","rev":2437,"page":0,"items":[{"uid":"fav0","name":"Rock Antenne","kind":"station"},{"uid":"fav1","name":"Rock Antenne Bayern","kind":"station"},{"uid":"fav2","name":"Radio BOB!","kind":"station"},{"uid":"pump:page_next","name":"Menue","kind":"action"}]}
[bridge] reconnected tcp:192.168.178.89:9090 hello_ack=ok (menu snapshot resent rev=2437 grace=9)
[tx] {"t":"ping"}
[rx] {"t":"menu_ack","ok":true,"n":4,"rev":2437}
[menu_ack] ok=True n=4 rev=2437
[rx] {"t":"pong"}
[tx] {"t":"ping"}
[rx] {"t":"pong"}
[tx] {"t":"ping"}
[rx] {"t":"pong"}
[tx] {"t":"ping"}
[rx] {"t":"pong"}
[tx] {"t":"ping"}
[rx] {"t":"pong"}
[tx] {"t":"ping"}
[rx] {"t":"pong"}
[tx] {"t":"ping"}
[rx] {"t":"pong"}
[tx] {"t":"ping"}
[rx] {"t":"pong"}
[tx] {"t":"ping"}
[rx] {"t":"pong"}
[tx] {"t":"ping"}
[rx] {"t":"pong"}
[tx] {"t":"ping"}
[rx] {"t":"pong"}
[rx] {"t":"event","op":"msc.reads","ms":35303,"gap":22056,"lba0":2105,"lba1":2105,"bytes":4096,"n":1,"kind":2,"ov":100}
[msc.reads] n=1 bytes=4096 lba=2105..2105 gap=22056 ov=100
[rx] {"t":"event","op":"diag","code":"play.reject","detail":"seq_short uid=fav2 from=2105 +4096B age=34441ms"}
[msc] play.reject seq_short uid=fav2 from=2105 +4096B age=34441ms
[rx] {"t":"event","op":"play_uid","uid":"fav2"}
[trace] t=0ms play_uid=fav2
[trace] t=50ms audio.start fav fav2
[id3] cover file /home/pidrive/pidrive/assets/usb-msc-covers/stations/web_radio_bob.jpg (2373 B)
[tx] {"t":"audio_start","uid":"fav2","codec":"mp3","br":"48k","cSrc":"file","cPath":"stations/web_radio_bob.jpg","cTry":"stations/web_radio_bob.jpg|stations/radio_bob.jpg"}
[trace] audio_start sent uid=fav2 cover=file
[id3] sent 3496 B jpeg=2373 src=file rel='stations/web_radio_bob.jpg' → /tmp/pump_id3_probe.mp3
[audio] ffmpeg https://streams.radiobob.de/bob-national/mp3-128 @ 48k
[rx] {"t":"event","op":"msc.reads","ms":35320,"gap":17,"lba0":2113,"lba1":2113,"bytes":4096,"n":1,"kind":2,"ov":100}
[msc.reads] n=1 bytes=4096 lba=2113..2113 gap=17 ov=100
[rx] {"t":"event","op":"msc.reads","ms":35327,"gap":7,"lba0":2121,"lba1":2121,"bytes":4096,"n":1,"kind":2,"ov":100}
[msc.reads] n=1 bytes=4096 lba=2121..2121 gap=7 ov=100
[rx] {"t":"event","op":"diag","code":"play.reject","detail":"cooldown uid=fav2 from=2105 +12288B age=34465ms"}
[msc] play.reject cooldown uid=fav2 from=2105 +12288B age=34465ms
[rx] {"t":"event","op":"msc.reads","ms":35344,"gap":17,"lba0":2129,"lba1":2129,"bytes":4096,"n":1,"kind":2,"ov":100}
[msc.reads] n=1 bytes=4096 lba=2129..2129 gap=17 ov=100
[rx] {"t":"event","op":"msc.reads","ms":35348,"gap":4,"lba0":2137,"lba1":2137,"bytes":4096,"n":1,"kind":2,"ov":100}
[msc.reads] n=1 bytes=4096 lba=2137..2137 gap=4 ov=100
[rx] {"t":"event","op":"msc.reads","ms":35352,"gap":4,"lba0":2145,"lba1":2145,"bytes":4096,"n":1,"kind":2,"ov":100}
[msc.reads] n=1 bytes=4096 lba=2145..2145 gap=4 ov=100
[rx] {"t":"event","op":"msc.reads","ms":35356,"gap":4,"lba0":2153,"lba1":2153,"bytes":4096,"n":1,"kind":2,"ov":100}
[msc.reads] n=1 bytes=4096 lba=2153..2153 gap=4 ov=100
[rx] {"t":"event","op":"msc.reads","ms":35359,"gap":3,"lba0":2161,"lba1":2361,"bytes":106496,"n":26,"kind":2,"ov":100}
[msc.reads] n=26 bytes=106496 lba=2161..2361 gap=3 ov=100
[rx] {"t":"event","op":"msc.reads","ms":35456,"gap":3,"lba0":2369,"lba1":2369,"bytes":4096,"n":1,"kind":2,"ov":100}
[msc.reads] n=1 bytes=4096 lba=2369..2369 gap=3 ov=100
[rx] {"t":"event","op":"msc.reads","ms":35460,"gap":4,"lba0":2377,"lba1":2385,"bytes":8192,"n":2,"kind":2,"ov":100}
[msc.reads] n=2 bytes=8192 lba=2377..2385 gap=4 ov=100
[rx] {"t":"event","op":"msc.reads","ms":35468,"gap":4,"lba0":2393,"lba1":2393,"bytes":4096,"n":1,"kind":2,"ov":100}
[msc.reads] n=1 bytes=4096 lba=2393..2393 gap=4 ov=100
[rx] {"t":"audio_ack","ok":true,"op":"start","uid":"fav2","id3":true,"warmup":8192}
[audio_ack] {'t': 'audio_ack', 'ok': True, 'op': 'start', 'uid': 'fav2', 'id3': True, 'warmup': 8192}
[rx] {"t":"event","op":"msc.reads","ms":35472,"gap":4,"lba0":2401,"lba1":2417,"bytes":12288,"n":3,"kind":2,"ov":100}
[msc.reads] n=3 bytes=12288 lba=2401..2417 gap=4 ov=100
[rx] {"t":"event","op":"msc.reads","ms":35484,"gap":4,"lba0":2425,"lba1":2489,"bytes":36864,"n":9,"kind":2,"ov":100}
[msc.reads] n=9 bytes=36864 lba=2425..2489 gap=4 ov=100
[rx] {"t":"event","op":"msc.reads","ms":35517,"gap":4,"lba0":2497,"lba1":2505,"bytes":8192,"n":2,"kind":2,"ov":100}
[msc.reads] n=2 bytes=8192 lba=2497..2505 gap=4 ov=100
[rx] {"t":"event","op":"msc.reads","ms":35524,"gap":4,"lba0":2513,"lba1":2513,"bytes":4096,"n":1,"kind":2,"ov":100}
[msc.reads] n=1 bytes=4096 lba=2513..2513 gap=4 ov=100
[rx] {"t":"event","op":"msc.reads","ms":35528,"gap":4,"lba0":2521,"lba1":2521,"bytes":4096,"n":1,"kind":2,"ov":100}
[msc.reads] n=1 bytes=4096 lba=2521..2521 gap=4 ov=100
[rx] {"t":"event","op":"msc.reads","ms":35532,"gap":4,"lba0":2529,"lba1":2529,"bytes":4096,"n":1,"kind":2,"ov":100}
[msc.reads] n=1 bytes=4096 lba=2529..2529 gap=4 ov=100
[rx] {"t":"event","op":"msc.reads","ms":35536,"gap":4,"lba0":2537,"lba1":2537,"bytes":4096,"n":1,"kind":2,"ov":100}
[msc.reads] n=1 bytes=4096 lba=2537..2537 gap=4 ov=100
[rx] {"t":"event","op":"msc.reads","ms":35540,"gap":4,"lba0":2545,"lba1":2545,"bytes":4096,"n":1,"kind":2,"ov":100}
[msc.reads] n=1 bytes=4096 lba=2545..2545 gap=4 ov=100
[rx] {"t":"event","op":"msc.reads","ms":35544,"gap":4,"lba0":2553,"lba1":2625,"bytes":40960,"n":10,"kind":2,"ov":100}
[msc.reads] n=10 bytes=40960 lba=2553..2625 gap=4 ov=100
[rx] {"t":"event","op":"msc.reads","ms":35581,"gap":4,"lba0":2633,"lba1":2633,"bytes":4096,"n":1,"kind":2,"ov":100}
[msc.reads] n=1 bytes=4096 lba=2633..2633 gap=4 ov=100
[rx] {"t":"event","op":"msc.reads","ms":35585,"gap":4,"lba0":2641,"lba1":2641,"bytes":4096,"n":1,"kind":2,"ov":100}
[msc.reads] n=1 bytes=4096 lba=2641..2641 gap=4 ov=100
[rx] {"t":"event","op":"msc.reads","ms":35589,"gap":4,"lba0":2649,"lba1":2649,"bytes":4096,"n":1,"kind":2,"ov":100}
[msc.reads] n=1 bytes=4096 lba=2649..2649 gap=4 ov=100
[rx] {"t":"event","op":"diag","code":"play.reject","detail":"not_from_head uid=fav0 from=969 +4096B age=34784ms prefetch"}
[msc] play.reject not_from_head uid=fav0 from=969 +4096B age=34784ms prefetch
[rx] {"t":"event","op":"msc.reads","ms":35593,"gap":4,"lba0":2657,"lba1":969,"bytes":63488,"n":16,"kind":2,"ov":100}
[msc.reads] n=16 bytes=63488 lba=2657..969 gap=4 ov=100
[rx] {"t":"event","op":"msc.reads","ms":35663,"gap":17,"lba0":977,"lba1":977,"bytes":4096,"n":1,"kind":2,"ov":100}
[msc.reads] n=1 bytes=4096 lba=977..977 gap=17 ov=100
[rx] {"t":"event","op":"msc.reads","ms":35667,"gap":4,"lba0":985,"lba1":985,"bytes":4096,"n":1,"kind":2,"ov":100}
[msc.reads] n=1 bytes=4096 lba=985..985 gap=4 ov=100
[rx] {"t":"event","op":"msc.reads","ms":35671,"gap":4,"lba0":993,"lba1":1017,"bytes":16384,"n":4,"kind":2,"ov":100}
[msc.reads] n=4 bytes=16384 lba=993..1017 gap=4 ov=100
[rx] {"t":"event","op":"msc.reads","ms":35686,"gap":4,"lba0":1025,"lba1":1025,"bytes":4096,"n":1,"kind":2,"ov":100}
[msc.reads] n=1 bytes=4096 lba=1025..1025 gap=4 ov=100
[rx] {"t":"event","op":"msc.reads","ms":35690,"gap":4,"lba0":1033,"lba1":729,"bytes":28672,"n":7,"kind":2,"ov":100}
[msc.reads] n=7 bytes=28672 lba=1033..729 gap=4 ov=100
[rx] {"t":"event","op":"msc.reads","ms":35716,"gap":4,"lba0":737,"lba1":737,"bytes":4096,"n":1,"kind":2,"ov":100}
[msc.reads] n=1 bytes=4096 lba=737..737 gap=4 ov=100
[rx] {"t":"event","op":"msc.reads","ms":35720,"gap":4,"lba0":745,"lba1":745,"bytes":4096,"n":1,"kind":2,"ov":100}
[msc.reads] n=1 bytes=4096 lba=745..745 gap=4 ov=100
[rx] {"t":"event","op":"msc.reads","ms":35724,"gap":4,"lba0":753,"lba1":777,"bytes":16384,"n":4,"kind":2,"ov":100}
[msc.reads] n=4 bytes=16384 lba=753..777 gap=4 ov=100
[rx] {"t":"event","op":"msc.reads","ms":35738,"gap":3,"lba0":785,"lba1":889,"bytes":57344,"n":14,"kind":2,"ov":100}
[msc.reads] n=14 bytes=57344 lba=785..889 gap=3 ov=100
[rx] {"t":"event","op":"msc.reads","ms":35789,"gap":3,"lba0":897,"lba1":897,"bytes":4096,"n":1,"kind":2,"ov":100}
[msc.reads] n=1 bytes=4096 lba=897..897 gap=3 ov=100
[rx] {"t":"event","op":"msc.reads","ms":35793,"gap":4,"lba0":905,"lba1":905,"bytes":4096,"n":1,"kind":2,"ov":100}
[msc.reads] n=1 bytes=4096 lba=905..905 gap=4 ov=100
[rx] {"t":"event","op":"msc.reads","ms":35797,"gap":4,"lba0":913,"lba1":913,"bytes":4096,"n":1,"kind":2,"ov":100}
[msc.reads] n=1 bytes=4096 lba=913..913 gap=4 ov=100
[rx] {"t":"event","op":"msc.reads","ms":35801,"gap":4,"lba0":921,"lba1":725,"bytes":26624,"n":7,"kind":2,"ov":100}
[msc.reads] n=7 bytes=26624 lba=921..725 gap=4 ov=100
[audio] forwarded 18000 B / 2s
[audio] forwarded 18000 B / 2s
[audio] forwarded 18000 B / 2s
[audio] forwarded 18000 B / 2s
[audio] forwarded 18000 B / 2s
[audio] forwarded 17192 B / 2s
[audio] forwarded 16976 B / 2s
[audio] forwarded 16976 B / 2s
[audio] forwarded 16976 B / 2s
[audio] forwarded 16976 B / 2s
[audio] forwarded 16530 B / 2s
[audio] forwarded 11755 B / 2s
[audio] forwarded 12382 B / 2s
[audio] forwarded 11912 B / 2s
[audio] forwarded 11912 B / 2s
[audio] forwarded 12225 B / 2s
[audio] forwarded 11912 B / 2s
[audio] forwarded 12936 B / 2s
[audio] forwarded 12225 B / 2s
[audio] forwarded 11912 B / 2s
[audio] forwarded 12455 B / 2s
[audio] forwarded 11912 B / 2s
[audio] forwarded 12382 B / 2s
[audio] forwarded 11755 B / 2s
[audio] forwarded 11912 B / 2s
[audio] forwarded 11912 B / 2s
[audio] forwarded 12382 B / 2s
[audio] forwarded 11911 B / 2s
[audio] forwarded 11912 B / 2s
[audio] forwarded 12226 B / 2s
[audio] forwarded 11911 B / 2s
[audio] forwarded 12936 B / 2s
[audio] forwarded 12226 B / 2s
[audio] forwarded 11911 B / 2s
[audio] forwarded 11912 B / 2s
[audio] forwarded 12769 B / 2s
[audio] forwarded 11912 B / 2s
[audio] forwarded 11912 B / 2s
[audio] forwarded 11911 B / 2s
[audio] forwarded 11912 B / 2s
[audio] forwarded 12382 B / 2s
[audio] forwarded 11912 B / 2s
[audio] forwarded 11912 B / 2s
[audio] forwarded 12225 B / 2s
[audio] forwarded 11912 B / 2s
[audio] forwarded 12225 B / 2s
[audio] forwarded 11912 B / 2s
[audio] forwarded 11912 B / 2s
[audio] forwarded 12936 B / 2s
[audio] forwarded 11912 B / 2s
[audio] forwarded 12382 B / 2s
[audio] forwarded 11755 B / 2s
[audio] forwarded 12455 B / 2s
[audio] forwarded 12382 B / 2s
[audio] forwarded 11912 B / 2s
[audio] forwarded 11912 B / 2s
[audio] forwarded 12225 B / 2s
[audio] forwarded 11912 B / 2s
[audio] forwarded 11912 B / 2s
[audio] forwarded 12225 B / 2s
[audio] forwarded 11912 B / 2s
[audio] forwarded 11912 B / 2s
[audio] forwarded 12382 B / 2s
[audio] forwarded 11755 B / 2s
[audio] forwarded 11912 B / 2s
[audio] forwarded 12936 B / 2s
[audio] forwarded 11911 B / 2s
[audio] forwarded 12382 B / 2s
[audio] forwarded 12299 B / 2s
[audio] forwarded 11912 B / 2s
[audio] forwarded 12382 B / 2s
[audio] forwarded 11912 B / 2s
[audio] forwarded 11911 B / 2s
[audio] forwarded 12226 B / 2s
[audio] forwarded 11912 B / 2s
[audio] forwarded 11911 B / 2s
[audio] forwarded 12226 B / 2s
[audio] forwarded 11912 B / 2s
[audio] forwarded 11911 B / 2s
[audio] forwarded 11912 B / 2s
[audio] forwarded 11912 B / 2s
[audio] forwarded 13406 B / 2s
[audio] forwarded 11912 B / 2s
[audio] forwarded 11912 B / 2s
[audio] forwarded 12768 B / 2s
[audio] forwarded 11912 B / 2s
[audio] forwarded 11912 B / 2s
[audio] forwarded 12225 B / 2s
[audio] forwarded 11912 B / 2s
[audio] forwarded 11912 B / 2s
[audio] forwarded 12225 B / 2s
[audio] forwarded 11912 B / 2s
[audio] forwarded 11912 B / 2s
[audio] forwarded 11912 B / 2s
[audio] forwarded 12382 B / 2s
[audio] forwarded 11912 B / 2s
[audio] forwarded 12779 B / 2s
[audio] forwarded 11912 B / 2s
[audio] forwarded 12382 B / 2s
[audio] forwarded 12455 B / 2s
[audio] forwarded 11912 B / 2s
[audio] forwarded 12225 B / 2s
[audio] forwarded 11912 B / 2s
[audio] forwarded 11912 B / 2s
[audio] forwarded 12225 B / 2s
[audio] forwarded 11912 B / 2s
[audio] forwarded 11912 B / 2s
[audio] forwarded 12382 B / 2s
[audio] forwarded 11755 B / 2s
[audio] forwarded 11912 B / 2s
[audio] forwarded 11912 B / 2s
[audio] forwarded 11911 B / 2s
[audio] forwarded 13406 B / 2s
[audio] forwarded 11912 B / 2s
[audio] forwarded 11912 B / 2s
[audio] forwarded 12769 B / 2s
[audio] forwarded 11912 B / 2s
[audio] forwarded 11911 B / 2s
[audio] forwarded 12226 B / 2s
[audio] forwarded 11912 B / 2s
[audio] forwarded 11911 B / 2s
[audio] forwarded 12226 B / 2s
[audio] forwarded 11912 B / 2s
[audio] forwarded 11911 B / 2s
[audio] forwarded 11912 B / 2s
[audio] forwarded 11912 B / 2s
[audio] forwarded 12382 B / 2s
[audio] forwarded 12936 B / 2s
[audio] forwarded 11912 B / 2s
[audio] forwarded 12225 B / 2s
[audio] forwarded 12225 B / 2s
[audio] forwarded 12142 B / 2s
[audio] forwarded 11682 B / 2s
[audio] forwarded 12769 B / 2s
[audio] forwarded 11912 B / 2s
[audio] forwarded 11911 B / 2s
[audio] forwarded 11912 B / 2s
[audio] forwarded 11912 B / 2s
[audio] forwarded 12382 B / 2s
[audio] forwarded 11912 B / 2s
[audio] forwarded 11912 B / 2s
[audio] forwarded 12225 B / 2s
[audio] forwarded 11912 B / 2s
[audio] forwarded 11912 B / 2s
[audio] forwarded 12225 B / 2s
[audio] forwarded 12936 B / 2s
[audio] forwarded 11912 B / 2s
[audio] forwarded 12382 B / 2s
[audio] forwarded 11755 B / 2s
[audio] forwarded 12455 B / 2s
[audio] forwarded 11912 B / 2s
[audio] forwarded 11912 B / 2s
[audio] forwarded 12382 B / 2s
[audio] forwarded 11755 B / 2s
[audio] forwarded 11912 B / 2s
[audio] forwarded 12382 B / 2s
[audio] forwarded 11912 B / 2s
[audio] forwarded 11911 B / 2s
[audio] forwarded 12226 B / 2s
[audio] forwarded 11912 B / 2s
[audio] forwarded 11911 B / 2s
[audio] forwarded 12226 B / 2s
[audio] forwarded 11912 B / 2s
[audio] forwarded 12935 B / 2s
[audio] forwarded 11912 B / 2s
[audio] forwarded 12382 B / 2s
[audio] forwarded 11912 B / 2s
[audio] forwarded 12299 B / 2s
[audio] forwarded 11911 B / 2s
[audio] forwarded 12382 B / 2s
[audio] forwarded 11912 B / 2s
[audio] forwarded 11912 B / 2s
[audio] forwarded 12225 B / 2s
[audio] forwarded 11912 B / 2s
[rx] {"t":"event","op":"diag","code":"msc.phase","detail":"idle unplug"}
[msc] msc.phase idle unplug
[audio] forwarded 11912 B / 2s
[audio] forwarded 12225 B / 2s
[audio] forwarded 11912 B / 2s
[audio] forwarded 12382 B / 2s
[audio] forwarded 11912 B / 2s
[audio] forwarded 11912 B / 2s
[audio] forwarded 13249 B / 2s
[audio] forwarded 11912 B / 2s
[audio] forwarded 11912 B / 2s
[audio] forwarded 12225 B / 2s
[audio] forwarded 12455 B / 2s
[audio] forwarded 11912 B / 2s
[audio] forwarded 12226 B / 2s
[audio] forwarded 11911 B / 2s
[audio] forwarded 11912 B / 2s
[audio] forwarded 11912 B / 2s
[audio] forwarded 11912 B / 2s
[audio] forwarded 12382 B / 2s
[audio] forwarded 11912 B / 2s
[audio] forwarded 11755 B / 2s
[audio] forwarded 12382 B / 2s
[audio] forwarded 11912 B / 2s
[audio] forwarded 11912 B / 2s
[audio] forwarded 12225 B / 2s
[audio] forwarded 12936 B / 2s
[audio] forwarded 11912 B / 2s
[audio] forwarded 12225 B / 2s
[audio] forwarded 10888 B / 2s
[audio] forwarded 12936 B / 2s
[audio] forwarded 12455 B / 2s
[audio] forwarded 12382 B / 2s
[audio] forwarded 11755 B / 2s
[audio] forwarded 11912 B / 2s
[audio] forwarded 11912 B / 2s
[audio] forwarded 12382 B / 2s
[audio] forwarded 11911 B / 2s
[audio] forwarded 11912 B / 2s
[audio] forwarded 12226 B / 2s
[audio] forwarded 11911 B / 2s
[audio] forwarded 11912 B / 2s
[audio] forwarded 12226 B / 2s
[audio] forwarded 11911 B / 2s
[audio] forwarded 11912 B / 2s
[audio] forwarded 12936 B / 2s
[audio] forwarded 12382 B / 2s
[audio] forwarded 11912 B / 2s
[audio] forwarded 12298 B / 2s
[audio] forwarded 11912 B / 2s
[audio] forwarded 12382 B / 2s
[audio] forwarded 11912 B / 2s
[audio] forwarded 12225 B / 2s
[audio] forwarded 11912 B / 2s
[audio] forwarded 11912 B / 2s
[audio] forwarded 12225 B / 2s
[audio] forwarded 11912 B / 2s
[audio] forwarded 11912 B / 2s
[audio] forwarded 11912 B / 2s
[audio] forwarded 12382 B / 2s
[audio] forwarded 11912 B / 2s
[audio] forwarded 12779 B / 2s
[audio] forwarded 12382 B / 2s
[audio] forwarded 11912 B / 2s
[audio] forwarded 12068 B / 2s
[audio] forwarded 12299 B / 2s
[audio] forwarded 12225 B / 2s
[audio] forwarded 11912 B / 2s
[audio] forwarded 11912 B / 2s
[audio] forwarded 12225 B / 2s
[audio] forwarded 11912 B / 2s
[audio] forwarded 11912 B / 2s
[audio] forwarded 12382 B / 2s
[audio] forwarded 11755 B / 2s
[bridge] link lost (timed out) — reconnect in 3.0s
[bridge] reconnect failed: timed out
[bridge] link lost (timed out) — reconnect in 3.0s
[bridge] reconnect failed: timed out
[bridge] link lost (timed out) — reconnect in 3.0s
[bridge] reconnect failed: timed out
[bridge] link lost (timed out) — reconnect in 3.0s
[bridge] reconnect failed: [Errno 113] No route to host
[bridge] link lost (timed out) — reconnect in 3.0s
[bridge] reconnect failed: [Errno 113] No route to host
[bridge] link lost (timed out) — reconnect in 3.0s
[bridge] reconnect failed: [Errno 113] No route to host
[bridge] link lost (timed out) — reconnect in 3.0s
[bridge] reconnect failed: [Errno 113] No route to host
[bridge] link lost (timed out) — reconnect in 3.0s
[bridge] reconnect failed: [Errno 113] No route to host
[bridge] link lost (timed out) — reconnect in 3.0s
[bridge] reconnect failed: [Errno 113] No route to host
[bridge] link lost (timed out) — reconnect in 3.0s
[bridge] reconnect failed: [Errno 113] No route to host
[bridge] link lost (timed out) — reconnect in 3.0s
[bridge] reconnect failed: [Errno 113] No route to host
[bridge] link lost (timed out) — reconnect in 3.0s
[bridge] reconnect failed: [Errno 113] No route to host
[bridge] link lost (timed out) — reconnect in 3.0s
[bridge] reconnect failed: [Errno 113] No route to host
[bridge] link lost (timed out) — reconnect in 3.0s
[bridge] reconnect failed: [Errno 113] No route to host
[bridge] link lost (timed out) — reconnect in 3.0s
[bridge] reconnect failed: [Errno 113] No route to host
[bridge] link lost (timed out) — reconnect in 3.0s
[bridge] reconnect failed: [Errno 113] No route to host
[bridge] link lost (timed out) — reconnect in 3.0s
[bridge] reconnect failed: [Errno 113] No route to host
[bridge] link lost (timed out) — reconnect in 3.0s
[bridge] reconnect failed: [Errno 113] No route to host
[bridge] link lost (timed out) — reconnect in 3.0s
[bridge] reconnect failed: [Errno 113] No route to host
[bridge] link lost (timed out) — reconnect in 3.0s
[bridge] reconnect failed: [Errno 113] No route to host
[bridge] link lost (timed out) — reconnect in 3.0s
[bridge] reconnect failed: [Errno 113] No route to host
[bridge] link lost (timed out) — reconnect in 3.0s
[bridge] reconnect failed: [Errno 113] No route to host
[bridge] link lost (timed out) — reconnect in 3.0s
[bridge] reconnect failed: [Errno 113] No route to host
[bridge] link lost (timed out) — reconnect in 3.0s
[bridge] reconnect failed: [Errno 113] No route to host
[bridge] link lost (timed out) — reconnect in 3.0s
[bridge] reconnect failed: [Errno 113] No route to host
[bridge] link lost (timed out) — reconnect in 3.0s
[bridge] reconnect failed: [Errno 113] No route to host
[bridge] link lost (timed out) — reconnect in 3.0s
[bridge] reconnect failed: [Errno 113] No route to host
[bridge] link lost (timed out) — reconnect in 3.0s
[bridge] reconnect failed: [Errno 113] No route to host
[bridge] link lost (timed out) — reconnect in 3.0s
[bridge] reconnect failed: [Errno 113] No route to host
[bridge] link lost (timed out) — reconnect in 3.0s
[bridge] reconnect failed: [Errno 113] No route to host
[bridge] link lost (timed out) — reconnect in 3.0s
[bridge] reconnect failed: [Errno 113] No route to host
[bridge] link lost (timed out) — reconnect in 3.0s
[bridge] reconnect failed: [Errno 113] No route to host
[bridge] link lost (timed out) — reconnect in 3.0s
[bridge] reconnect failed: [Errno 113] No route to host
[bridge] link lost (timed out) — reconnect in 3.0s
[bridge] reconnect failed: [Errno 113] No route to host
[bridge] link lost (timed out) — reconnect in 3.0s
[bridge] reconnect failed: [Errno 113] No route to host
[bridge] link lost (timed out) — reconnect in 3.0s
[bridge] reconnect failed: [Errno 113] No route to host
[bridge] link lost (timed out) — reconnect in 3.0s
[bridge] reconnect failed: [Errno 113] No route to host
[bridge] link lost (timed out) — reconnect in 3.0s
[bridge] reconnect failed: [Errno 113] No route to host
[bridge] link lost (timed out) — reconnect in 3.0s
[bridge] reconnect failed: [Errno 113] No route to host
[bridge] link lost (timed out) — reconnect in 3.0s
[bridge] reconnect failed: [Errno 113] No route to host
[bridge] link lost (timed out) — reconnect in 3.0s
[bridge] reconnect failed: [Errno 113] No route to host
[bridge] link lost (timed out) — reconnect in 3.0s
[bridge] reconnect failed: [Errno 113] No route to host
[bridge] link lost (timed out) — reconnect in 3.0s
[bridge] reconnect failed: [Errno 113] No route to host
[bridge] link lost (timed out) — reconnect in 3.0s
[bridge] reconnect failed: [Errno 113] No route to host
[bridge] link lost (timed out) — reconnect in 3.0s
[bridge] reconnect failed: [Errno 113] No route to host
[bridge] link lost (timed out) — reconnect in 3.0s
[bridge] reconnect failed: [Errno 113] No route to host
[bridge] link lost (timed out) — reconnect in 3.0s
[bridge] reconnect failed: [Errno 113] No route to host
[bridge] link lost (timed out) — reconnect in 3.0s
2026-10-01T20:18:01+02:00 started pid=165997 host=192.168.178.89
connect failed: [Errno 113] No route to host
2026-10-02T07:26:59+02:00 started pid=354431 host=192.168.178.89
[tx] {"t":"hello","ver":1}
[rx] {"t":"hello_ack","ver":"0.4.36-dev","fw":"pidrive","slots":4,"page":true,"audio":true,"bin":true,"tcp":true,"tcpPort":9090}
[hello_ack] ver=0.4.36-dev slots=4 page=True tcp=True
[tx] {"t":"audio_stop"}
[bridge] tcp:192.168.178.89:9090 audio=48k paging=on
[rx] {"t":"event","op":"play_uid","uid":"fav1"}
[trace] t=0ms play_uid=fav1
[trace] t=50ms audio.start fav fav1
[id3] cover file /home/pidrive/pidrive/assets/usb-msc-covers/stations/web_rock_antenne_bayern.jpg (1903 B)
[tx] {"t":"audio_start","uid":"fav1","codec":"mp3","br":"48k","cSrc":"file","cPath":"stations/web_rock_antenne_bayern.jpg","cTry":"stations/web_rock_antenne_bayern.jpg|stations/rock_antenne_bayern.jpg"}
[trace] audio_start sent uid=fav1 cover=file
[id3] sent 3044 B jpeg=1903 src=file rel='stations/web_rock_antenne_bayern.jpg' → /tmp/pump_id3_probe.mp3
[audio] ffmpeg https://stream.rockantenne.de/rockantenne-bayern/stream/mp3 @ 48k
[rx] {"t":"audio_ack","ok":true,"op":"stop"}
[audio_ack] {'t': 'audio_ack', 'ok': True, 'op': 'stop'}
[rx] {"t":"audio_ack","ok":true,"op":"start","uid":"fav1","id3":true,"warmup":0}
[audio_ack] {'t': 'audio_ack', 'ok': True, 'op': 'start', 'uid': 'fav1', 'id3': True, 'warmup': 0}
[rx] {"t":"event","op":"diag","code":"play.reject","detail":"not_from_head uid=fav0 from=537 +4096B age=101975ms prefetch"}
[msc] play.reject not_from_head uid=fav0 from=537 +4096B age=101975ms prefetch
[rx] {"t":"event","op":"msc.reads","ms":102868,"gap":41000,"lba0":537,"lba1":537,"bytes":4096,"n":1,"kind":2,"ov":0}
[msc.reads] n=1 bytes=4096 lba=537..537 gap=41000 ov=0
[rx] {"t":"event","op":"msc.reads","ms":102886,"gap":18,"lba0":545,"lba1":545,"bytes":4096,"n":1,"kind":2,"ov":0}
[msc.reads] n=1 bytes=4096 lba=545..545 gap=18 ov=0
[rx] {"t":"event","op":"msc.reads","ms":102890,"gap":4,"lba0":553,"lba1":553,"bytes":4096,"n":1,"kind":2,"ov":0}
[msc.reads] n=1 bytes=4096 lba=553..553 gap=4 ov=0
[rx] {"t":"event","op":"msc.reads","ms":102894,"gap":4,"lba0":561,"lba1":561,"bytes":4096,"n":1,"kind":2,"ov":0}
[msc.reads] n=1 bytes=4096 lba=561..561 gap=4 ov=0
[rx] {"t":"event","op":"msc.reads","ms":102899,"gap":5,"lba0":297,"lba1":305,"bytes":8192,"n":2,"kind":2,"ov":0}
[msc.reads] n=2 bytes=8192 lba=297..305 gap=5 ov=0
[rx] {"t":"event","op":"msc.reads","ms":102907,"gap":4,"lba0":313,"lba1":313,"bytes":4096,"n":1,"kind":2,"ov":0}
[msc.reads] n=1 bytes=4096 lba=313..313 gap=4 ov=0
[rx] {"t":"event","op":"msc.reads","ms":102911,"gap":4,"lba0":321,"lba1":329,"bytes":8192,"n":2,"kind":2,"ov":0}
[msc.reads] n=2 bytes=8192 lba=321..329 gap=4 ov=0
[rx] {"t":"event","op":"msc.reads","ms":102919,"gap":4,"lba0":337,"lba1":337,"bytes":4096,"n":1,"kind":2,"ov":0}
[msc.reads] n=1 bytes=4096 lba=337..337 gap=4 ov=0
[rx] {"t":"event","op":"msc.reads","ms":102923,"gap":4,"lba0":345,"lba1":345,"bytes":4096,"n":1,"kind":2,"ov":0}
[msc.reads] n=1 bytes=4096 lba=345..345 gap=4 ov=0
[rx] {"t":"event","op":"msc.reads","ms":102927,"gap":4,"lba0":353,"lba1":353,"bytes":4096,"n":1,"kind":2,"ov":0}
[msc.reads] n=1 bytes=4096 lba=353..353 gap=4 ov=0
[rx] {"t":"event","op":"msc.reads","ms":102932,"gap":5,"lba0":361,"lba1":361,"bytes":4096,"n":1,"kind":2,"ov":0}
[msc.reads] n=1 bytes=4096 lba=361..361 gap=5 ov=0
[rx] {"t":"event","op":"msc.reads","ms":102936,"gap":4,"lba0":369,"lba1":369,"bytes":4096,"n":1,"kind":2,"ov":0}
[msc.reads] n=1 bytes=4096 lba=369..369 gap=4 ov=0
[rx] {"t":"event","op":"msc.reads","ms":102940,"gap":4,"lba0":377,"lba1":385,"bytes":8192,"n":2,"kind":2,"ov":0}
[msc.reads] n=2 bytes=8192 lba=377..385 gap=4 ov=0
[rx] {"t":"event","op":"msc.reads","ms":102948,"gap":4,"lba0":393,"lba1":393,"bytes":4096,"n":1,"kind":2,"ov":0}
[msc.reads] n=1 bytes=4096 lba=393..393 gap=4 ov=0
[rx] {"t":"event","op":"msc.reads","ms":102952,"gap":4,"lba0":401,"lba1":401,"bytes":4096,"n":1,"kind":2,"ov":0}
[msc.reads] n=1 bytes=4096 lba=401..401 gap=4 ov=0
[rx] {"t":"event","op":"msc.reads","ms":102955,"gap":3,"lba0":409,"lba1":409,"bytes":4096,"n":1,"kind":2,"ov":0}
[msc.reads] n=1 bytes=4096 lba=409..409 gap=3 ov=0
[rx] {"t":"event","op":"msc.reads","ms":102959,"gap":4,"lba0":417,"lba1":417,"bytes":4096,"n":1,"kind":2,"ov":0}
[msc.reads] n=1 bytes=4096 lba=417..417 gap=4 ov=0
[rx] {"t":"event","op":"msc.reads","ms":102963,"gap":4,"lba0":425,"lba1":425,"bytes":4096,"n":1,"kind":2,"ov":0}
[msc.reads] n=1 bytes=4096 lba=425..425 gap=4 ov=0
[rx] {"t":"event","op":"msc.reads","ms":102967,"gap":4,"lba0":433,"lba1":433,"bytes":4096,"n":1,"kind":2,"ov":0}
[msc.reads] n=1 bytes=4096 lba=433..433 gap=4 ov=0
[rx] {"t":"event","op":"msc.reads","ms":102971,"gap":4,"lba0":441,"lba1":457,"bytes":12288,"n":3,"kind":2,"ov":0}
[msc.reads] n=3 bytes=12288 lba=441..457 gap=4 ov=0
[rx] {"t":"event","op":"msc.reads","ms":102984,"gap":5,"lba0":465,"lba1":465,"bytes":4096,"n":1,"kind":2,"ov":0}
[msc.reads] n=1 bytes=4096 lba=465..465 gap=5 ov=0
[rx] {"t":"event","op":"msc.reads","ms":102988,"gap":4,"lba0":473,"lba1":481,"bytes":8192,"n":2,"kind":2,"ov":0}
[msc.reads] n=2 bytes=8192 lba=473..481 gap=4 ov=0
[rx] {"t":"event","op":"msc.reads","ms":102996,"gap":4,"lba0":489,"lba1":489,"bytes":4096,"n":1,"kind":2,"ov":0}
[msc.reads] n=1 bytes=4096 lba=489..489 gap=4 ov=0
[rx] {"t":"event","op":"msc.reads","ms":103000,"gap":4,"lba0":497,"lba1":497,"bytes":4096,"n":1,"kind":2,"ov":0}
[msc.reads] n=1 bytes=4096 lba=497..497 gap=4 ov=0
[rx] {"t":"event","op":"msc.reads","ms":103004,"gap":4,"lba0":505,"lba1":505,"bytes":4096,"n":1,"kind":2,"ov":0}
[msc.reads] n=1 bytes=4096 lba=505..505 gap=4 ov=0
[rx] {"t":"event","op":"msc.reads","ms":103008,"gap":4,"lba0":513,"lba1":513,"bytes":4096,"n":1,"kind":2,"ov":0}
[msc.reads] n=1 bytes=4096 lba=513..513 gap=4 ov=0
[rx] {"t":"event","op":"diag","code":"play.reject","detail":"seq_short uid=fav0 from=57 +4096B age=102127ms"}
[msc] play.reject seq_short uid=fav0 from=57 +4096B age=102127ms
[rx] {"t":"event","op":"msc.reads","ms":103011,"gap":3,"lba0":521,"lba1":57,"bytes":12288,"n":3,"kind":2,"ov":0}
[msc.reads] n=3 bytes=12288 lba=521..57 gap=3 ov=0
[rx] {"t":"event","op":"play_uid","uid":"fav0"}
[trace] t=0ms play_uid=fav0
[audio] ignore rapid fav0 (have fav1)
[rx] {"t":"event","op":"msc.reads","ms":103029,"gap":9,"lba0":65,"lba1":65,"bytes":4096,"n":1,"kind":2,"ov":0}
[msc.reads] n=1 bytes=4096 lba=65..65 gap=9 ov=0
[rx] {"t":"event","op":"diag","code":"play.reject","detail":"cooldown uid=fav0 from=57 +12288B age=102148ms"}
[msc] play.reject cooldown uid=fav0 from=57 +12288B age=102148ms
[rx] {"t":"event","op":"msc.reads","ms":103041,"gap":12,"lba0":73,"lba1":73,"bytes":4096,"n":1,"kind":2,"ov":0}
[msc.reads] n=1 bytes=4096 lba=73..73 gap=12 ov=0
[rx] {"t":"event","op":"msc.reads","ms":103077,"gap":36,"lba0":81,"lba1":81,"bytes":4096,"n":1,"kind":2,"ov":0}
[msc.reads] n=1 bytes=4096 lba=81..81 gap=36 ov=0
[rx] {"t":"event","op":"msc.reads","ms":103082,"gap":5,"lba0":89,"lba1":89,"bytes":4096,"n":1,"kind":2,"ov":0}
[msc.reads] n=1 bytes=4096 lba=89..89 gap=5 ov=0
[rx] {"t":"event","op":"msc.reads","ms":103086,"gap":4,"lba0":97,"lba1":97,"bytes":4096,"n":1,"kind":2,"ov":0}
[msc.reads] n=1 bytes=4096 lba=97..97 gap=4 ov=0
[rx] {"t":"event","op":"msc.reads","ms":103090,"gap":4,"lba0":105,"lba1":105,"bytes":4096,"n":1,"kind":2,"ov":0}
[msc.reads] n=1 bytes=4096 lba=105..105 gap=4 ov=0
[rx] {"t":"event","op":"msc.reads","ms":103094,"gap":4,"lba0":113,"lba1":113,"bytes":4096,"n":1,"kind":2,"ov":0}
[msc.reads] n=1 bytes=4096 lba=113..113 gap=4 ov=0
[rx] {"t":"event","op":"msc.reads","ms":103098,"gap":4,"lba0":121,"lba1":121,"bytes":4096,"n":1,"kind":2,"ov":0}
[msc.reads] n=1 bytes=4096 lba=121..121 gap=4 ov=0
[rx] {"t":"event","op":"msc.reads","ms":103102,"gap":4,"lba0":129,"lba1":129,"bytes":4096,"n":1,"kind":2,"ov":0}
[msc.reads] n=1 bytes=4096 lba=129..129 gap=4 ov=0
[rx] {"t":"event","op":"msc.reads","ms":103107,"gap":5,"lba0":137,"lba1":145,"bytes":8192,"n":2,"kind":2,"ov":0}
[msc.reads] n=2 bytes=8192 lba=137..145 gap=5 ov=0
[rx] {"t":"event","op":"msc.reads","ms":103114,"gap":4,"lba0":153,"lba1":153,"bytes":4096,"n":1,"kind":2,"ov":0}
[msc.reads] n=1 bytes=4096 lba=153..153 gap=4 ov=0
[rx] {"t":"event","op":"msc.reads","ms":103119,"gap":5,"lba0":161,"lba1":161,"bytes":4096,"n":1,"kind":2,"ov":0}
[msc.reads] n=1 bytes=4096 lba=161..161 gap=5 ov=0
[rx] {"t":"event","op":"msc.reads","ms":103123,"gap":4,"lba0":169,"lba1":169,"bytes":4096,"n":1,"kind":2,"ov":0}
[msc.reads] n=1 bytes=4096 lba=169..169 gap=4 ov=0
[rx] {"t":"event","op":"msc.reads","ms":103127,"gap":4,"lba0":177,"lba1":177,"bytes":4096,"n":1,"kind":2,"ov":0}
[msc.reads] n=1 bytes=4096 lba=177..177 gap=4 ov=0
[rx] {"t":"event","op":"msc.reads","ms":103131,"gap":4,"lba0":185,"lba1":201,"bytes":12288,"n":3,"kind":2,"ov":0}
[msc.reads] n=3 bytes=12288 lba=185..201 gap=4 ov=0
[rx] {"t":"event","op":"msc.reads","ms":103144,"gap":5,"lba0":209,"lba1":209,"bytes":4096,"n":1,"kind":2,"ov":0}
[msc.reads] n=1 bytes=4096 lba=209..209 gap=5 ov=0
[rx] {"t":"event","op":"msc.reads","ms":103148,"gap":4,"lba0":217,"lba1":225,"bytes":8192,"n":2,"kind":2,"ov":0}
[msc.reads] n=2 bytes=8192 lba=217..225 gap=4 ov=0
[rx] {"t":"event","op":"msc.reads","ms":103156,"gap":4,"lba0":233,"lba1":233,"bytes":4096,"n":1,"kind":2,"ov":0}
[msc.reads] n=1 bytes=4096 lba=233..233 gap=4 ov=0
[rx] {"t":"event","op":"msc.reads","ms":103160,"gap":4,"lba0":241,"lba1":241,"bytes":4096,"n":1,"kind":2,"ov":0}
[msc.reads] n=1 bytes=4096 lba=241..241 gap=4 ov=0
[rx] {"t":"event","op":"msc.reads","ms":103164,"gap":4,"lba0":249,"lba1":257,"bytes":8192,"n":2,"kind":2,"ov":0}
[msc.reads] n=2 bytes=8192 lba=249..257 gap=4 ov=0
[rx] {"t":"event","op":"msc.reads","ms":103172,"gap":4,"lba0":265,"lba1":265,"bytes":4096,"n":1,"kind":2,"ov":0}
[msc.reads] n=1 bytes=4096 lba=265..265 gap=4 ov=0
[rx] {"t":"event","op":"msc.reads","ms":103177,"gap":5,"lba0":273,"lba1":273,"bytes":4096,"n":1,"kind":2,"ov":0}
[msc.reads] n=1 bytes=4096 lba=273..273 gap=5 ov=0
[rx] {"t":"event","op":"msc.reads","ms":103181,"gap":4,"lba0":281,"lba1":281,"bytes":4096,"n":1,"kind":2,"ov":0}
[msc.reads] n=1 bytes=4096 lba=281..281 gap=4 ov=0
[rx] {"t":"event","op":"diag","code":"play.reject","detail":"not_from_head uid=fav0 from=569 +4096B age=102298ms prefetch"}
[msc] play.reject not_from_head uid=fav0 from=569 +4096B age=102298ms prefetch
[rx] {"t":"event","op":"msc.reads","ms":103185,"gap":4,"lba0":289,"lba1":569,"bytes":8192,"n":2,"kind":2,"ov":0}
[msc.reads] n=2 bytes=8192 lba=289..569 gap=4 ov=0
[rx] {"t":"event","op":"msc.reads","ms":103209,"gap":18,"lba0":577,"lba1":577,"bytes":4096,"n":1,"kind":2,"ov":0}
[msc.reads] n=1 bytes=4096 lba=577..577 gap=18 ov=0
[rx] {"t":"event","op":"msc.reads","ms":103213,"gap":4,"lba0":585,"lba1":585,"bytes":4096,"n":1,"kind":2,"ov":0}
[msc.reads] n=1 bytes=4096 lba=585..585 gap=4 ov=0
[rx] {"t":"event","op":"msc.reads","ms":103216,"gap":3,"lba0":593,"lba1":593,"bytes":4096,"n":1,"kind":2,"ov":0}
[msc.reads] n=1 bytes=4096 lba=593..593 gap=3 ov=0
[rx] {"t":"event","op":"msc.reads","ms":103220,"gap":4,"lba0":601,"lba1":761,"bytes":86016,"n":21,"kind":2,"ov":0}
[msc.reads] n=21 bytes=86016 lba=601..761 gap=4 ov=0
[rx] {"t":"event","op":"msc.reads","ms":103297,"gap":3,"lba0":769,"lba1":769,"bytes":4096,"n":1,"kind":2,"ov":0}
[msc.reads] n=1 bytes=4096 lba=769..769 gap=3 ov=0
[rx] {"t":"event","op":"msc.reads","ms":103301,"gap":4,"lba0":777,"lba1":785,"bytes":8192,"n":2,"kind":2,"ov":0}
[msc.reads] n=2 bytes=8192 lba=777..785 gap=4 ov=0
[rx] {"t":"event","op":"msc.reads","ms":103309,"gap":4,"lba0":793,"lba1":793,"bytes":4096,"n":1,"kind":2,"ov":0}
[msc.reads] n=1 bytes=4096 lba=793..793 gap=4 ov=0
[rx] {"t":"event","op":"msc.reads","ms":103313,"gap":4,"lba0":801,"lba1":881,"bytes":45056,"n":11,"kind":2,"ov":0}
[msc.reads] n=11 bytes=45056 lba=801..881 gap=4 ov=0
[rx] {"t":"event","op":"msc.reads","ms":103354,"gap":4,"lba0":889,"lba1":889,"bytes":4096,"n":1,"kind":2,"ov":0}
[msc.reads] n=1 bytes=4096 lba=889..889 gap=4 ov=0
[rx] {"t":"event","op":"msc.reads","ms":103358,"gap":4,"lba0":897,"lba1":897,"bytes":4096,"n":1,"kind":2,"ov":0}
[msc.reads] n=1 bytes=4096 lba=897..897 gap=4 ov=0
[rx] {"t":"event","op":"msc.reads","ms":103361,"gap":3,"lba0":905,"lba1":913,"bytes":8192,"n":2,"kind":2,"ov":0}
[msc.reads] n=2 bytes=8192 lba=905..913 gap=3 ov=0
[rx] {"t":"event","op":"msc.reads","ms":103369,"gap":4,"lba0":921,"lba1":1001,"bytes":45056,"n":11,"kind":2,"ov":0}
[msc.reads] n=11 bytes=45056 lba=921..1001 gap=4 ov=0
[rx] {"t":"event","op":"msc.reads","ms":103410,"gap":4,"lba0":1009,"lba1":1009,"bytes":4096,"n":1,"kind":2,"ov":0}
[msc.reads] n=1 bytes=4096 lba=1009..1009 gap=4 ov=0
[rx] {"t":"event","op":"msc.reads","ms":103414,"gap":4,"lba0":1017,"lba1":1073,"bytes":32768,"n":8,"kind":2,"ov":0}
[msc.reads] n=8 bytes=32768 lba=1017..1073 gap=4 ov=0
[audio] forwarded 18000 B / 2s
[audio] forwarded 18000 B / 2s
[audio] forwarded 18000 B / 2s
[audio] forwarded 18000 B / 2s
[audio] forwarded 18000 B / 2s
[audio] forwarded 18000 B / 2s
[audio] forwarded 18000 B / 2s
[audio] forwarded 18000 B / 2s
[audio] forwarded 17192 B / 2s
[audio] forwarded 16976 B / 2s
[audio] forwarded 16976 B / 2s
[audio] forwarded 16976 B / 2s
[audio] forwarded 16976 B / 2s
[audio] forwarded 16976 B / 2s
[audio] forwarded 16976 B / 2s
[audio] forwarded 16976 B / 2s
[audio] forwarded 16976 B / 2s
[audio] forwarded 18000 B / 2s
[audio] forwarded 18000 B / 2s
[audio] forwarded 18000 B / 2s
[audio] forwarded 18000 B / 2s
[audio] forwarded 18000 B / 2s
[audio] forwarded 18000 B / 2s
[audio] forwarded 18000 B / 2s
[audio] forwarded 18000 B / 2s
[audio] forwarded 18000 B / 2s
[audio] forwarded 17192 B / 2s
[audio] forwarded 16976 B / 2s
[audio] forwarded 16976 B / 2s
[audio] forwarded 16976 B / 2s
[audio] forwarded 12593 B / 2s
[audio] forwarded 12382 B / 2s
[audio] forwarded 18025 B / 2s
[audio] forwarded 12225 B / 2s
[audio] forwarded 13096 B / 2s
[audio] forwarded 4615 B / 2s
[audio] forwarded 12225 B / 2s
[audio] forwarded 17711 B / 2s
[audio] forwarded 10024 B / 2s
[audio] forwarded 12226 B / 2s
[audio] forwarded 10759 B / 2s
[audio] forwarded 12225 B / 2s
[audio] forwarded 14639 B / 2s
[audio] forwarded 12382 B / 2s
[audio] forwarded 13096 B / 2s
[audio] forwarded 10602 B / 2s
[audio] forwarded 12382 B / 2s
[audio] forwarded 11411 B / 2s
[audio] forwarded 12382 B / 2s
[audio] forwarded 17554 B / 2s
[audio] forwarded 8192 B / 2s
[audio] forwarded 12382 B / 2s
[audio] forwarded 9832 B / 2s
[audio] forwarded 12226 B / 2s
[audio] forwarded 17711 B / 2s
[audio] forwarded 9000 B / 2s
[audio] forwarded 12382 B / 2s
[audio] forwarded 8554 B / 2s
[audio] forwarded 12382 B / 2s
[audio] forwarded 17554 B / 2s
[audio] forwarded 12072 B / 2s
[audio] forwarded 11358 B / 2s
[audio] forwarded 6507 B / 2s
[audio] forwarded 12382 B / 2s
[audio] forwarded 17711 B / 2s
[audio] forwarded 12225 B / 2s
[audio] forwarded 12225 B / 2s
[audio] forwarded 5486 B / 2s
[audio] forwarded 12225 B / 2s
[audio] forwarded 18025 B / 2s
[audio] forwarded 12382 B / 2s
[audio] forwarded 15144 B / 2s
[audio] forwarded 4458 B / 2s
[audio] forwarded 12382 B / 2s
[audio] forwarded 15507 B / 2s
[audio] forwarded 12382 B / 2s
[audio] forwarded 13096 B / 2s
[audio] forwarded 9578 B / 2s
[audio] forwarded 12382 B / 2s
[audio] forwarded 12591 B / 2s
[audio] forwarded 12225 B / 2s
[audio] forwarded 15144 B / 2s
[audio] forwarded 10759 B / 2s
[audio] forwarded 12226 B / 2s
[audio] forwarded 9519 B / 2s
[audio] forwarded 12225 B / 2s
[rx] {"t":"event","op":"play_uid","uid":"pump:stop"}
[trace] t=0ms play_uid=pump:stop
[tx] {"t":"audio_stop"}
[audio] stop (SoftAP/Remote)
[tx] {"t":"ping"}
[tx] {"t":"menu_set","rev":2733,"page":0,"items":[{"uid":"fav0","name":"Rock Antenne","kind":"station"},{"uid":"fav1","name":"Rock Antenne Bayern","kind":"station"},{"uid":"fav2","name":"Radio BOB!","kind":"station"},{"uid":"pump:page_next","name":"Menue","kind":"action"}]}
[rx] {"t":"audio_ack","ok":true,"op":"stop"}
[audio_ack] {'t': 'audio_ack', 'ok': True, 'op': 'stop'}
[rx] {"t":"pong"}
[rx] {"t":"menu_ack","ok":true,"n":4,"rev":2733}
[menu_ack] ok=True n=4 rev=2733
[audio] forwarded 7168 B / 2s
[tx] {"t":"menu_set","rev":2734,"page":0,"items":[{"uid":"fav0","name":"Rock Antenne","kind":"station"},{"uid":"fav1","name":"Rock Antenne Bayern","kind":"station"},{"uid":"fav2","name":"Radio BOB!","kind":"station"},{"uid":"pump:page_next","name":"Menue","kind":"action"}]}
[rx] {"t":"menu_ack","ok":true,"n":4,"rev":2734}
[menu_ack] ok=True n=4 rev=2734
[tx] {"t":"ping"}
[rx] {"t":"pong"}
[tx] {"t":"ping"}
[rx] {"t":"pong"}
[tx] {"t":"ping"}
[rx] {"t":"pong"}
[rx] {"t":"event","op":"play_uid","uid":"pump:stop"}
[trace] t=0ms play_uid=pump:stop
[audio] stop (SoftAP/Remote)
[tx] {"t":"ping"}
[rx] {"t":"pong"}
[tx] {"t":"ping"}
[rx] {"t":"pong"}
[rx] {"t":"event","op":"msc.reads","ms":289213,"gap":65535,"lba0":0,"lba1":0,"bytes":4096,"n":1,"kind":4,"ov":0}
[msc.reads] n=1 bytes=4096 lba=0..0 gap=65535 ov=0
[rx] {"t":"event","op":"msc.reads","ms":289218,"gap":5,"lba0":16,"lba1":16,"bytes":4096,"n":1,"kind":5,"ov":0}
[msc.reads] n=1 bytes=4096 lba=16..16 gap=5 ov=0
[rx] {"t":"event","op":"msc.reads","ms":289222,"gap":4,"lba0":24,"lba1":24,"bytes":4096,"n":1,"kind":1,"ov":0}
[msc.reads] n=1 bytes=4096 lba=24..24 gap=4 ov=0
[rx] {"t":"event","op":"msc.reads","ms":289226,"gap":4,"lba0":32,"lba1":32,"bytes":4096,"n":1,"kind":1,"ov":0}
[msc.reads] n=1 bytes=4096 lba=32..32 gap=4 ov=0
[rx] {"t":"event","op":"msc.reads","ms":289230,"gap":4,"lba0":40,"lba1":40,"bytes":4096,"n":1,"kind":1,"ov":0}
[msc.reads] n=1 bytes=4096 lba=40..40 gap=4 ov=0
[rx] {"t":"event","op":"diag","code":"play.reject","detail":"not_from_head uid=fav0 from=120 +4096B age=288354ms prefetch"}
[msc] play.reject not_from_head uid=fav0 from=120 +4096B age=288354ms prefetch
[rx] {"t":"event","op":"msc.reads","ms":289234,"gap":4,"lba0":48,"lba1":48,"bytes":4096,"n":1,"kind":1,"ov":0}
[msc.reads] n=1 bytes=4096 lba=48..48 gap=4 ov=0
[rx] {"t":"event","op":"msc.reads","ms":289239,"gap":5,"lba0":8,"lba1":8,"bytes":4096,"n":1,"kind":5,"ov":0}
[msc.reads] n=1 bytes=4096 lba=8..8 gap=5 ov=0
[rx] {"t":"event","op":"msc.reads","ms":289243,"gap":4,"lba0":56,"lba1":56,"bytes":4096,"n":1,"kind":1,"ov":0}
[msc.reads] n=1 bytes=4096 lba=56..56 gap=4 ov=0
[rx] {"t":"event","op":"msc.reads","ms":289247,"gap":4,"lba0":120,"lba1":120,"bytes":4096,"n":1,"kind":2,"ov":0}
[msc.reads] n=1 bytes=4096 lba=120..120 gap=4 ov=0
[rx] {"t":"event","op":"msc.reads","ms":289268,"gap":21,"lba0":128,"lba1":512,"bytes":12288,"n":3,"kind":2,"ov":0}
[msc.reads] n=3 bytes=12288 lba=128..512 gap=21 ov=0
[rx] {"t":"event","op":"msc.reads","ms":289293,"gap":16,"lba0":0,"lba1":0,"bytes":4096,"n":1,"kind":4,"ov":0}
[msc.reads] n=1 bytes=4096 lba=0..0 gap=16 ov=0
[rx] {"t":"event","op":"msc.reads","ms":289366,"gap":73,"lba0":0,"lba1":0,"bytes":512,"n":1,"kind":4,"ov":0}
[msc.reads] n=1 bytes=512 lba=0..0 gap=73 ov=0
[rx] {"t":"event","op":"msc.reads","ms":289368,"gap":2,"lba0":1,"lba1":1,"bytes":4096,"n":1,"kind":5,"ov":0}
[msc.reads] n=1 bytes=4096 lba=1..1 gap=2 ov=0
[rx] {"t":"event","op":"msc.reads","ms":289372,"gap":4,"lba0":17,"lba1":17,"bytes":4096,"n":1,"kind":1,"ov":0}
[msc.reads] n=1 bytes=4096 lba=17..17 gap=4 ov=0
[rx] {"t":"event","op":"msc.reads","ms":289376,"gap":4,"lba0":25,"lba1":41,"bytes":12288,"n":3,"kind":1,"ov":0}
[msc.reads] n=3 bytes=12288 lba=25..41 gap=4 ov=0
[rx] {"t":"event","op":"msc.reads","ms":289437,"gap":54,"lba0":1,"lba1":1,"bytes":512,"n":1,"kind":5,"ov":0}
[msc.reads] n=1 bytes=512 lba=1..1 gap=54 ov=0
[rx] {"t":"event","op":"msc.reads","ms":289442,"gap":5,"lba0":2,"lba1":2,"bytes":512,"n":1,"kind":5,"ov":0}
[msc.reads] n=1 bytes=512 lba=2..2 gap=5 ov=0
[rx] {"t":"event","op":"msc.reads","ms":289443,"gap":1,"lba0":3,"lba1":5,"bytes":2560,"n":3,"kind":5,"ov":0}
[msc.reads] n=3 bytes=2560 lba=3..5 gap=1 ov=0
[rx] {"t":"event","op":"msc.reads","ms":289448,"gap":3,"lba0":16,"lba1":16,"bytes":4096,"n":1,"kind":5,"ov":0}
[msc.reads] n=1 bytes=4096 lba=16..16 gap=3 ov=0
[rx] {"t":"event","op":"msc.reads","ms":289452,"gap":4,"lba0":24,"lba1":24,"bytes":4096,"n":1,"kind":1,"ov":0}
[msc.reads] n=1 bytes=4096 lba=24..24 gap=4 ov=0
[rx] {"t":"event","op":"msc.reads","ms":289455,"gap":3,"lba0":32,"lba1":48,"bytes":12288,"n":3,"kind":1,"ov":0}
[msc.reads] n=3 bytes=12288 lba=32..48 gap=3 ov=0
[rx] {"t":"event","op":"msc.reads","ms":289468,"gap":5,"lba0":8,"lba1":8,"bytes":4096,"n":1,"kind":5,"ov":0}
[msc.reads] n=1 bytes=4096 lba=8..8 gap=5 ov=0
[rx] {"t":"event","op":"msc.reads","ms":289472,"gap":4,"lba0":56,"lba1":56,"bytes":4096,"n":1,"kind":1,"ov":0}
[msc.reads] n=1 bytes=4096 lba=56..56 gap=4 ov=0
[rx] {"t":"event","op":"msc.reads","ms":289477,"gap":5,"lba0":120,"lba1":512,"bytes":16384,"n":4,"kind":2,"ov":0}
[msc.reads] n=4 bytes=16384 lba=120..512 gap=5 ov=0
[tx] {"t":"ping"}
[rx] {"t":"pong"}
[rx] {"t":"event","op":"msc.reads","ms":291469,"gap":1979,"lba0":49,"lba1":49,"bytes":2048,"n":1,"kind":1,"ov":0}
[msc.reads] n=1 bytes=2048 lba=49..49 gap=1979 ov=0
[rx] {"t":"event","op":"msc.reads","ms":291476,"gap":7,"lba0":65,"lba1":65,"bytes":4096,"n":1,"kind":2,"ov":0}
[msc.reads] n=1 bytes=4096 lba=65..65 gap=7 ov=0
[rx] {"t":"event","op":"diag","code":"play.reject","detail":"plug_window uid=fav0 from=65 +4096B age=290583ms prefetch"}
[msc] play.reject plug_window uid=fav0 from=65 +4096B age=290583ms prefetch
[rx] {"t":"event","op":"msc.reads","ms":291494,"gap":18,"lba0":73,"lba1":73,"bytes":4096,"n":1,"kind":2,"ov":0}
[msc.reads] n=1 bytes=4096 lba=73..73 gap=18 ov=0
[rx] {"t":"event","op":"msc.reads","ms":291498,"gap":4,"lba0":81,"lba1":81,"bytes":4096,"n":1,"kind":2,"ov":0}
[msc.reads] n=1 bytes=4096 lba=81..81 gap=4 ov=0
[rx] {"t":"event","op":"msc.reads","ms":291502,"gap":4,"lba0":89,"lba1":105,"bytes":12288,"n":3,"kind":2,"ov":0}
[msc.reads] n=3 bytes=12288 lba=89..105 gap=4 ov=0
[rx] {"t":"event","op":"msc.reads","ms":291514,"gap":4,"lba0":113,"lba1":113,"bytes":4096,"n":1,"kind":2,"ov":0}
[msc.reads] n=1 bytes=4096 lba=113..113 gap=4 ov=0
[rx] {"t":"event","op":"msc.reads","ms":291518,"gap":4,"lba0":121,"lba1":121,"bytes":4096,"n":1,"kind":2,"ov":0}
[msc.reads] n=1 bytes=4096 lba=121..121 gap=4 ov=0
[rx] {"t":"event","op":"msc.reads","ms":291522,"gap":4,"lba0":129,"lba1":129,"bytes":4096,"n":1,"kind":2,"ov":0}
[msc.reads] n=1 bytes=4096 lba=129..129 gap=4 ov=0
[rx] {"t":"event","op":"msc.reads","ms":291526,"gap":4,"lba0":137,"lba1":217,"bytes":45056,"n":11,"kind":2,"ov":0}
[msc.reads] n=11 bytes=45056 lba=137..217 gap=4 ov=0
[rx] {"t":"event","op":"msc.reads","ms":291568,"gap":4,"lba0":225,"lba1":225,"bytes":4096,"n":1,"kind":2,"ov":0}
[msc.reads] n=1 bytes=4096 lba=225..225 gap=4 ov=0
[rx] {"t":"event","op":"msc.reads","ms":291572,"gap":4,"lba0":233,"lba1":233,"bytes":4096,"n":1,"kind":2,"ov":0}
[msc.reads] n=1 bytes=4096 lba=233..233 gap=4 ov=0
[rx] {"t":"event","op":"msc.reads","ms":291576,"gap":4,"lba0":241,"lba1":241,"bytes":4096,"n":1,"kind":2,"ov":0}
[msc.reads] n=1 bytes=4096 lba=241..241 gap=4 ov=0
[rx] {"t":"event","op":"diag","code":"play.reject","detail":"plug_window uid=fav1 from=1081 +4096B age=290687ms"}
[msc] play.reject plug_window uid=fav1 from=1081 +4096B age=290687ms
[rx] {"t":"event","op":"msc.reads","ms":291580,"gap":4,"lba0":1081,"lba1":1081,"bytes":4096,"n":1,"kind":2,"ov":0}
[msc.reads] n=1 bytes=4096 lba=1081..1081 gap=4 ov=0
[rx] {"t":"event","op":"msc.reads","ms":291634,"gap":54,"lba0":1089,"lba1":1089,"bytes":4096,"n":1,"kind":2,"ov":0}
[msc.reads] n=1 bytes=4096 lba=1089..1089 gap=54 ov=0
[rx] {"t":"event","op":"msc.reads","ms":291638,"gap":4,"lba0":1097,"lba1":1097,"bytes":4096,"n":1,"kind":2,"ov":0}
[msc.reads] n=1 bytes=4096 lba=1097..1097 gap=4 ov=0
[rx] {"t":"event","op":"msc.reads","ms":291641,"gap":3,"lba0":1105,"lba1":1105,"bytes":4096,"n":1,"kind":2,"ov":0}
[msc.reads] n=1 bytes=4096 lba=1105..1105 gap=3 ov=0
[rx] {"t":"event","op":"msc.reads","ms":291646,"gap":5,"lba0":1113,"lba1":1113,"bytes":4096,"n":1,"kind":2,"ov":0}
[msc.reads] n=1 bytes=4096 lba=1113..1113 gap=5 ov=0
[rx] {"t":"event","op":"msc.reads","ms":291649,"gap":3,"lba0":1121,"lba1":1121,"bytes":4096,"n":1,"kind":2,"ov":0}
[msc.reads] n=1 bytes=4096 lba=1121..1121 gap=3 ov=0
[rx] {"t":"event","op":"msc.reads","ms":291653,"gap":4,"lba0":1129,"lba1":1137,"bytes":8192,"n":2,"kind":2,"ov":0}
[msc.reads] n=2 bytes=8192 lba=1129..1137 gap=4 ov=0
[rx] {"t":"event","op":"msc.reads","ms":291661,"gap":4,"lba0":1145,"lba1":1145,"bytes":4096,"n":1,"kind":2,"ov":0}
[msc.reads] n=1 bytes=4096 lba=1145..1145 gap=4 ov=0
[rx] {"t":"event","op":"msc.reads","ms":291665,"gap":4,"lba0":1153,"lba1":1153,"bytes":4096,"n":1,"kind":2,"ov":0}
[msc.reads] n=1 bytes=4096 lba=1153..1153 gap=4 ov=0
[rx] {"t":"event","op":"msc.reads","ms":291668,"gap":3,"lba0":1161,"lba1":1161,"bytes":4096,"n":1,"kind":2,"ov":0}
[msc.reads] n=1 bytes=4096 lba=1161..1161 gap=3 ov=0
[rx] {"t":"event","op":"msc.reads","ms":291672,"gap":4,"lba0":1169,"lba1":1241,"bytes":40960,"n":10,"kind":2,"ov":0}
[msc.reads] n=10 bytes=40960 lba=1169..1241 gap=4 ov=0
[rx] {"t":"event","op":"msc.reads","ms":291709,"gap":4,"lba0":1249,"lba1":1249,"bytes":4096,"n":1,"kind":2,"ov":0}
[msc.reads] n=1 bytes=4096 lba=1249..1249 gap=4 ov=0
[rx] {"t":"event","op":"msc.reads","ms":291713,"gap":4,"lba0":1257,"lba1":1265,"bytes":8192,"n":2,"kind":2,"ov":0}
[msc.reads] n=2 bytes=8192 lba=1257..1265 gap=4 ov=0
[rx] {"t":"event","op":"msc.reads","ms":291720,"gap":3,"lba0":1273,"lba1":1273,"bytes":4096,"n":1,"kind":2,"ov":0}
[msc.reads] n=1 bytes=4096 lba=1273..1273 gap=3 ov=0
[rx] {"t":"event","op":"msc.reads","ms":291724,"gap":4,"lba0":1281,"lba1":1281,"bytes":4096,"n":1,"kind":2,"ov":0}
[msc.reads] n=1 bytes=4096 lba=1281..1281 gap=4 ov=0
[rx] {"t":"event","op":"msc.reads","ms":291728,"gap":4,"lba0":1289,"lba1":1289,"bytes":4096,"n":1,"kind":2,"ov":0}
[msc.reads] n=1 bytes=4096 lba=1289..1289 gap=4 ov=0
[rx] {"t":"event","op":"msc.reads","ms":291732,"gap":4,"lba0":1297,"lba1":1297,"bytes":4096,"n":1,"kind":2,"ov":0}
[msc.reads] n=1 bytes=4096 lba=1297..1297 gap=4 ov=0
[rx] {"t":"event","op":"msc.reads","ms":291736,"gap":4,"lba0":1305,"lba1":1385,"bytes":45056,"n":11,"kind":2,"ov":0}
[msc.reads] n=11 bytes=45056 lba=1305..1385 gap=4 ov=0
[rx] {"t":"event","op":"msc.reads","ms":291777,"gap":3,"lba0":1393,"lba1":1401,"bytes":8192,"n":2,"kind":2,"ov":0}
[msc.reads] n=2 bytes=8192 lba=1393..1401 gap=3 ov=0
[rx] {"t":"event","op":"msc.reads","ms":291785,"gap":4,"lba0":729,"lba1":729,"bytes":4096,"n":1,"kind":2,"ov":0}
[msc.reads] n=1 bytes=4096 lba=729..729 gap=4 ov=0
[rx] {"t":"event","op":"diag","code":"play.reject","detail":"not_from_head uid=fav0 from=729 +4096B age=290892ms prefetch"}
[msc] play.reject not_from_head uid=fav0 from=729 +4096B age=290892ms prefetch
[rx] {"t":"event","op":"msc.reads","ms":291816,"gap":31,"lba0":737,"lba1":737,"bytes":4096,"n":1,"kind":2,"ov":0}
[msc.reads] n=1 bytes=4096 lba=737..737 gap=31 ov=0
[rx] {"t":"event","op":"msc.reads","ms":291820,"gap":4,"lba0":745,"lba1":745,"bytes":4096,"n":1,"kind":2,"ov":0}
[msc.reads] n=1 bytes=4096 lba=745..745 gap=4 ov=0
[rx] {"t":"event","op":"msc.reads","ms":291824,"gap":4,"lba0":753,"lba1":753,"bytes":4096,"n":1,"kind":2,"ov":0}
[msc.reads] n=1 bytes=4096 lba=753..753 gap=4 ov=0
[rx] {"t":"event","op":"msc.reads","ms":291828,"gap":4,"lba0":489,"lba1":489,"bytes":4096,"n":1,"kind":2,"ov":0}
[msc.reads] n=1 bytes=4096 lba=489..489 gap=4 ov=0
[rx] {"t":"event","op":"msc.reads","ms":291832,"gap":4,"lba0":497,"lba1":561,"bytes":36864,"n":9,"kind":2,"ov":0}
[msc.reads] n=9 bytes=36864 lba=497..561 gap=4 ov=0
[rx] {"t":"event","op":"msc.reads","ms":291865,"gap":4,"lba0":569,"lba1":569,"bytes":4096,"n":1,"kind":2,"ov":0}
[msc.reads] n=1 bytes=4096 lba=569..569 gap=4 ov=0
[rx] {"t":"event","op":"msc.reads","ms":291869,"gap":4,"lba0":577,"lba1":577,"bytes":4096,"n":1,"kind":2,"ov":0}
[msc.reads] n=1 bytes=4096 lba=577..577 gap=4 ov=0
[rx] {"t":"event","op":"msc.reads","ms":291872,"gap":3,"lba0":585,"lba1":585,"bytes":4096,"n":1,"kind":2,"ov":0}
[msc.reads] n=1 bytes=4096 lba=585..585 gap=3 ov=0
[rx] {"t":"event","op":"msc.reads","ms":291876,"gap":4,"lba0":593,"lba1":641,"bytes":28672,"n":7,"kind":2,"ov":0}
[msc.reads] n=7 bytes=28672 lba=593..641 gap=4 ov=0
[rx] {"t":"event","op":"msc.reads","ms":291902,"gap":4,"lba0":649,"lba1":649,"bytes":4096,"n":1,"kind":2,"ov":0}
[msc.reads] n=1 bytes=4096 lba=649..649 gap=4 ov=0
[rx] {"t":"event","op":"msc.reads","ms":291906,"gap":4,"lba0":657,"lba1":257,"bytes":45056,"n":11,"kind":2,"ov":0}
[msc.reads] n=11 bytes=45056 lba=657..257 gap=4 ov=0
[rx] {"t":"event","op":"msc.reads","ms":291947,"gap":4,"lba0":265,"lba1":265,"bytes":4096,"n":1,"kind":2,"ov":0}
[msc.reads] n=1 bytes=4096 lba=265..265 gap=4 ov=0
[rx] {"t":"event","op":"msc.reads","ms":291951,"gap":4,"lba0":273,"lba1":273,"bytes":4096,"n":1,"kind":2,"ov":0}
[msc.reads] n=1 bytes=4096 lba=273..273 gap=4 ov=0
[rx] {"t":"event","op":"msc.reads","ms":291955,"gap":4,"lba0":281,"lba1":289,"bytes":8192,"n":2,"kind":2,"ov":0}
[msc.reads] n=2 bytes=8192 lba=281..289 gap=4 ov=0
[rx] {"t":"event","op":"msc.reads","ms":291963,"gap":4,"lba0":297,"lba1":297,"bytes":4096,"n":1,"kind":2,"ov":0}
[msc.reads] n=1 bytes=4096 lba=297..297 gap=4 ov=0
[rx] {"t":"event","op":"msc.reads","ms":291967,"gap":4,"lba0":305,"lba1":305,"bytes":4096,"n":1,"kind":2,"ov":0}
[msc.reads] n=1 bytes=4096 lba=305..305 gap=4 ov=0
[rx] {"t":"event","op":"msc.reads","ms":291971,"gap":4,"lba0":313,"lba1":313,"bytes":4096,"n":1,"kind":2,"ov":0}
[msc.reads] n=1 bytes=4096 lba=313..313 gap=4 ov=0
[rx] {"t":"event","op":"msc.reads","ms":291975,"gap":4,"lba0":321,"lba1":321,"bytes":4096,"n":1,"kind":2,"ov":0}
[msc.reads] n=1 bytes=4096 lba=321..321 gap=4 ov=0
[rx] {"t":"event","op":"msc.reads","ms":291979,"gap":4,"lba0":329,"lba1":337,"bytes":8192,"n":2,"kind":2,"ov":0}
[msc.reads] n=2 bytes=8192 lba=329..337 gap=4 ov=0
[rx] {"t":"event","op":"msc.reads","ms":291987,"gap":4,"lba0":345,"lba1":401,"bytes":32768,"n":8,"kind":2,"ov":0}
[msc.reads] n=8 bytes=32768 lba=345..401 gap=4 ov=0
[rx] {"t":"event","op":"msc.reads","ms":292018,"gap":4,"lba0":409,"lba1":473,"bytes":36864,"n":9,"kind":2,"ov":0}
[msc.reads] n=9 bytes=36864 lba=409..473 gap=4 ov=0
[rx] {"t":"event","op":"msc.reads","ms":292052,"gap":4,"lba0":481,"lba1":481,"bytes":4096,"n":1,"kind":2,"ov":0}
[msc.reads] n=1 bytes=4096 lba=481..481 gap=4 ov=0
[rx] {"t":"event","op":"msc.reads","ms":292201,"gap":149,"lba0":537,"lba1":537,"bytes":4096,"n":1,"kind":2,"ov":0}
[msc.reads] n=1 bytes=4096 lba=537..537 gap=149 ov=0
[rx] {"t":"event","op":"msc.reads","ms":292205,"gap":4,"lba0":545,"lba1":545,"bytes":4096,"n":1,"kind":2,"ov":0}
[msc.reads] n=1 bytes=4096 lba=545..545 gap=4 ov=0
[rx] {"t":"event","op":"msc.reads","ms":292208,"gap":3,"lba0":553,"lba1":553,"bytes":4096,"n":1,"kind":2,"ov":0}
[msc.reads] n=1 bytes=4096 lba=553..553 gap=3 ov=0
[rx] {"t":"event","op":"msc.reads","ms":292212,"gap":4,"lba0":561,"lba1":561,"bytes":4096,"n":1,"kind":2,"ov":0}
[msc.reads] n=1 bytes=4096 lba=561..561 gap=4 ov=0
[rx] {"t":"event","op":"msc.reads","ms":292217,"gap":5,"lba0":297,"lba1":297,"bytes":4096,"n":1,"kind":2,"ov":0}
[msc.reads] n=1 bytes=4096 lba=297..297 gap=5 ov=0
[rx] {"t":"event","op":"msc.reads","ms":292220,"gap":3,"lba0":305,"lba1":321,"bytes":12288,"n":3,"kind":2,"ov":0}
[msc.reads] n=3 bytes=12288 lba=305..321 gap=3 ov=0
[rx] {"t":"event","op":"msc.reads","ms":292232,"gap":4,"lba0":329,"lba1":329,"bytes":4096,"n":1,"kind":2,"ov":0}
[msc.reads] n=1 bytes=4096 lba=329..329 gap=4 ov=0
[rx] {"t":"event","op":"msc.reads","ms":292236,"gap":4,"lba0":337,"lba1":337,"bytes":4096,"n":1,"kind":2,"ov":0}
[msc.reads] n=1 bytes=4096 lba=337..337 gap=4 ov=0
[rx] {"t":"event","op":"msc.reads","ms":292241,"gap":5,"lba0":345,"lba1":345,"bytes":4096,"n":1,"kind":2,"ov":0}
[msc.reads] n=1 bytes=4096 lba=345..345 gap=5 ov=0
[rx] {"t":"event","op":"msc.reads","ms":292245,"gap":4,"lba0":353,"lba1":353,"bytes":4096,"n":1,"kind":2,"ov":0}
[msc.reads] n=1 bytes=4096 lba=353..353 gap=4 ov=0
[rx] {"t":"event","op":"msc.reads","ms":292249,"gap":4,"lba0":361,"lba1":361,"bytes":4096,"n":1,"kind":2,"ov":0}
[msc.reads] n=1 bytes=4096 lba=361..361 gap=4 ov=0
[rx] {"t":"event","op":"msc.reads","ms":292253,"gap":4,"lba0":369,"lba1":377,"bytes":8192,"n":2,"kind":2,"ov":0}
[msc.reads] n=2 bytes=8192 lba=369..377 gap=4 ov=0
[rx] {"t":"event","op":"msc.reads","ms":292261,"gap":4,"lba0":385,"lba1":385,"bytes":4096,"n":1,"kind":2,"ov":0}
[msc.reads] n=1 bytes=4096 lba=385..385 gap=4 ov=0
[rx] {"t":"event","op":"msc.reads","ms":292265,"gap":4,"lba0":393,"lba1":393,"bytes":4096,"n":1,"kind":2,"ov":0}
[msc.reads] n=1 bytes=4096 lba=393..393 gap=4 ov=0
[rx] {"t":"event","op":"msc.reads","ms":292269,"gap":4,"lba0":401,"lba1":401,"bytes":4096,"n":1,"kind":2,"ov":0}
[msc.reads] n=1 bytes=4096 lba=401..401 gap=4 ov=0
[rx] {"t":"event","op":"msc.reads","ms":292273,"gap":4,"lba0":409,"lba1":409,"bytes":4096,"n":1,"kind":2,"ov":0}
[msc.reads] n=1 bytes=4096 lba=409..409 gap=4 ov=0
[rx] {"t":"event","op":"msc.reads","ms":292277,"gap":4,"lba0":417,"lba1":425,"bytes":8192,"n":2,"kind":2,"ov":0}
[msc.reads] n=2 bytes=8192 lba=417..425 gap=4 ov=0
[rx] {"t":"event","op":"msc.reads","ms":292285,"gap":4,"lba0":433,"lba1":433,"bytes":4096,"n":1,"kind":2,"ov":0}
[msc.reads] n=1 bytes=4096 lba=433..433 gap=4 ov=0
[rx] {"t":"event","op":"msc.reads","ms":292289,"gap":4,"lba0":441,"lba1":441,"bytes":4096,"n":1,"kind":2,"ov":0}
[msc.reads] n=1 bytes=4096 lba=441..441 gap=4 ov=0
[rx] {"t":"event","op":"msc.reads","ms":292293,"gap":4,"lba0":449,"lba1":449,"bytes":4096,"n":1,"kind":2,"ov":0}
[msc.reads] n=1 bytes=4096 lba=449..449 gap=4 ov=0
[rx] {"t":"event","op":"msc.reads","ms":292297,"gap":4,"lba0":457,"lba1":457,"bytes":4096,"n":1,"kind":2,"ov":0}
[msc.reads] n=1 bytes=4096 lba=457..457 gap=4 ov=0
[rx] {"t":"event","op":"diag","code":"play.reject","detail":"plug_window uid=fav0 from=57 +4096B age=291442ms"}
[msc] play.reject plug_window uid=fav0 from=57 +4096B age=291442ms
[rx] {"t":"event","op":"msc.reads","ms":292301,"gap":4,"lba0":465,"lba1":225,"bytes":126976,"n":31,"kind":2,"ov":0}
[msc.reads] n=31 bytes=126976 lba=465..225 gap=4 ov=0
[rx] {"t":"event","op":"msc.reads","ms":292433,"gap":5,"lba0":233,"lba1":233,"bytes":4096,"n":1,"kind":2,"ov":0}
[msc.reads] n=1 bytes=4096 lba=233..233 gap=5 ov=0
[rx] {"t":"event","op":"msc.reads","ms":292437,"gap":4,"lba0":241,"lba1":241,"bytes":4096,"n":1,"kind":2,"ov":0}
[msc.reads] n=1 bytes=4096 lba=241..241 gap=4 ov=0
[rx] {"t":"event","op":"msc.reads","ms":292441,"gap":4,"lba0":249,"lba1":249,"bytes":4096,"n":1,"kind":2,"ov":0}
[msc.reads] n=1 bytes=4096 lba=249..249 gap=4 ov=0
[rx] {"t":"event","op":"msc.reads","ms":292445,"gap":4,"lba0":257,"lba1":257,"bytes":4096,"n":1,"kind":2,"ov":0}
[msc.reads] n=1 bytes=4096 lba=257..257 gap=4 ov=0
[rx] {"t":"event","op":"msc.reads","ms":292449,"gap":4,"lba0":265,"lba1":265,"bytes":4096,"n":1,"kind":2,"ov":0}
[msc.reads] n=1 bytes=4096 lba=265..265 gap=4 ov=0
[rx] {"t":"event","op":"msc.reads","ms":292453,"gap":4,"lba0":273,"lba1":273,"bytes":4096,"n":1,"kind":2,"ov":0}
[msc.reads] n=1 bytes=4096 lba=273..273 gap=4 ov=0
[rx] {"t":"event","op":"diag","code":"play.reject","detail":"not_from_head uid=fav0 from=569 +4096B age=291573ms prefetch"}
[msc] play.reject not_from_head uid=fav0 from=569 +4096B age=291573ms prefetch
[rx] {"t":"event","op":"msc.reads","ms":292457,"gap":4,"lba0":281,"lba1":569,"bytes":12288,"n":3,"kind":2,"ov":0}
[msc.reads] n=3 bytes=12288 lba=281..569 gap=4 ov=0
[rx] {"t":"event","op":"msc.reads","ms":292496,"gap":30,"lba0":577,"lba1":577,"bytes":4096,"n":1,"kind":2,"ov":0}
[msc.reads] n=1 bytes=4096 lba=577..577 gap=30 ov=0
[rx] {"t":"event","op":"msc.reads","ms":292500,"gap":4,"lba0":585,"lba1":585,"bytes":4096,"n":1,"kind":2,"ov":0}
[msc.reads] n=1 bytes=4096 lba=585..585 gap=4 ov=0
[rx] {"t":"event","op":"msc.reads","ms":292503,"gap":3,"lba0":593,"lba1":649,"bytes":32768,"n":8,"kind":2,"ov":0}
[msc.reads] n=8 bytes=32768 lba=593..649 gap=3 ov=0
[rx] {"t":"event","op":"msc.reads","ms":292533,"gap":4,"lba0":657,"lba1":657,"bytes":4096,"n":1,"kind":2,"ov":0}
[msc.reads] n=1 bytes=4096 lba=657..657 gap=4 ov=0
[rx] {"t":"event","op":"msc.reads","ms":292537,"gap":4,"lba0":665,"lba1":665,"bytes":4096,"n":1,"kind":2,"ov":0}
[msc.reads] n=1 bytes=4096 lba=665..665 gap=4 ov=0
[rx] {"t":"event","op":"msc.reads","ms":292540,"gap":3,"lba0":673,"lba1":673,"bytes":4096,"n":1,"kind":2,"ov":0}
[msc.reads] n=1 bytes=4096 lba=673..673 gap=3 ov=0
[rx] {"t":"event","op":"msc.reads","ms":292544,"gap":4,"lba0":681,"lba1":769,"bytes":49152,"n":12,"kind":2,"ov":0}
[msc.reads] n=12 bytes=49152 lba=681..769 gap=4 ov=0
[rx] {"t":"event","op":"msc.reads","ms":292588,"gap":4,"lba0":777,"lba1":777,"bytes":4096,"n":1,"kind":2,"ov":0}
[msc.reads] n=1 bytes=4096 lba=777..777 gap=4 ov=0
[rx] {"t":"event","op":"msc.reads","ms":292592,"gap":4,"lba0":785,"lba1":785,"bytes":4096,"n":1,"kind":2,"ov":0}
[msc.reads] n=1 bytes=4096 lba=785..785 gap=4 ov=0
[rx] {"t":"event","op":"msc.reads","ms":292596,"gap":4,"lba0":793,"lba1":793,"bytes":4096,"n":1,"kind":2,"ov":0}
[msc.reads] n=1 bytes=4096 lba=793..793 gap=4 ov=0
[rx] {"t":"event","op":"msc.reads","ms":292600,"gap":4,"lba0":801,"lba1":801,"bytes":4096,"n":1,"kind":2,"ov":0}
[msc.reads] n=1 bytes=4096 lba=801..801 gap=4 ov=0
[rx] {"t":"event","op":"msc.reads","ms":292604,"gap":4,"lba0":809,"lba1":817,"bytes":8192,"n":2,"kind":2,"ov":0}
[msc.reads] n=2 bytes=8192 lba=809..817 gap=4 ov=0
[rx] {"t":"event","op":"msc.reads","ms":292611,"gap":3,"lba0":825,"lba1":825,"bytes":4096,"n":1,"kind":2,"ov":0}
[msc.reads] n=1 bytes=4096 lba=825..825 gap=3 ov=0
[rx] {"t":"event","op":"msc.reads","ms":292615,"gap":4,"lba0":833,"lba1":841,"bytes":8192,"n":2,"kind":2,"ov":0}
[msc.reads] n=2 bytes=8192 lba=833..841 gap=4 ov=0
[rx] {"t":"event","op":"msc.reads","ms":292623,"gap":4,"lba0":849,"lba1":849,"bytes":4096,"n":1,"kind":2,"ov":0}
[msc.reads] n=1 bytes=4096 lba=849..849 gap=4 ov=0
[rx] {"t":"event","op":"msc.reads","ms":292627,"gap":4,"lba0":857,"lba1":857,"bytes":4096,"n":1,"kind":2,"ov":0}
[msc.reads] n=1 bytes=4096 lba=857..857 gap=4 ov=0
[rx] {"t":"event","op":"msc.reads","ms":292630,"gap":3,"lba0":865,"lba1":865,"bytes":4096,"n":1,"kind":2,"ov":0}
[msc.reads] n=1 bytes=4096 lba=865..865 gap=3 ov=0
[tx] {"t":"ping"}
[rx] {"t":"event","op":"msc.reads","ms":292634,"gap":4,"lba0":873,"lba1":873,"bytes":4096,"n":1,"kind":2,"ov":0}
[msc.reads] n=1 bytes=4096 lba=873..873 gap=4 ov=0
[rx] {"t":"event","op":"msc.reads","ms":292638,"gap":4,"lba0":881,"lba1":881,"bytes":4096,"n":1,"kind":2,"ov":0}
[msc.reads] n=1 bytes=4096 lba=881..881 gap=4 ov=0
[rx] {"t":"event","op":"msc.reads","ms":292642,"gap":4,"lba0":889,"lba1":889,"bytes":4096,"n":1,"kind":2,"ov":0}
[msc.reads] n=1 bytes=4096 lba=889..889 gap=4 ov=0
[rx] {"t":"event","op":"msc.reads","ms":292646,"gap":4,"lba0":897,"lba1":897,"bytes":4096,"n":1,"kind":2,"ov":0}
[msc.reads] n=1 bytes=4096 lba=897..897 gap=4 ov=0
[rx] {"t":"event","op":"msc.reads","ms":292650,"gap":4,"lba0":905,"lba1":905,"bytes":4096,"n":1,"kind":2,"ov":0}
[msc.reads] n=1 bytes=4096 lba=905..905 gap=4 ov=0
[rx] {"t":"pong"}
[rx] {"t":"event","op":"msc.reads","ms":292654,"gap":4,"lba0":913,"lba1":937,"bytes":16384,"n":4,"kind":2,"ov":0}
[msc.reads] n=4 bytes=16384 lba=913..937 gap=4 ov=0
[rx] {"t":"event","op":"msc.reads","ms":292669,"gap":4,"lba0":945,"lba1":945,"bytes":4096,"n":1,"kind":2,"ov":0}
[msc.reads] n=1 bytes=4096 lba=945..945 gap=4 ov=0
[rx] {"t":"event","op":"msc.reads","ms":292673,"gap":4,"lba0":953,"lba1":953,"bytes":4096,"n":1,"kind":2,"ov":0}
[msc.reads] n=1 bytes=4096 lba=953..953 gap=4 ov=0
[rx] {"t":"event","op":"msc.reads","ms":292677,"gap":4,"lba0":961,"lba1":969,"bytes":8192,"n":2,"kind":2,"ov":0}
[msc.reads] n=2 bytes=8192 lba=961..969 gap=4 ov=0
[rx] {"t":"event","op":"msc.reads","ms":292685,"gap":4,"lba0":977,"lba1":977,"bytes":4096,"n":1,"kind":2,"ov":0}
[msc.reads] n=1 bytes=4096 lba=977..977 gap=4 ov=0
[rx] {"t":"event","op":"msc.reads","ms":292688,"gap":3,"lba0":985,"lba1":985,"bytes":4096,"n":1,"kind":2,"ov":0}
[msc.reads] n=1 bytes=4096 lba=985..985 gap=3 ov=0
[rx] {"t":"event","op":"msc.reads","ms":292692,"gap":4,"lba0":993,"lba1":993,"bytes":4096,"n":1,"kind":2,"ov":0}
[msc.reads] n=1 bytes=4096 lba=993..993 gap=4 ov=0
[rx] {"t":"event","op":"msc.reads","ms":292696,"gap":4,"lba0":1001,"lba1":1001,"bytes":4096,"n":1,"kind":2,"ov":0}
[msc.reads] n=1 bytes=4096 lba=1001..1001 gap=4 ov=0
[rx] {"t":"event","op":"msc.reads","ms":292700,"gap":4,"lba0":1009,"lba1":1025,"bytes":12288,"n":3,"kind":2,"ov":0}
[msc.reads] n=3 bytes=12288 lba=1009..1025 gap=4 ov=0
[rx] {"t":"event","op":"msc.reads","ms":292711,"gap":4,"lba0":1033,"lba1":1033,"bytes":4096,"n":1,"kind":2,"ov":0}
[msc.reads] n=1 bytes=4096 lba=1033..1033 gap=4 ov=0
[rx] {"t":"event","op":"msc.reads","ms":292715,"gap":4,"lba0":1041,"lba1":1041,"bytes":4096,"n":1,"kind":2,"ov":0}
[msc.reads] n=1 bytes=4096 lba=1041..1041 gap=4 ov=0
[rx] {"t":"event","op":"msc.reads","ms":292719,"gap":4,"lba0":1049,"lba1":1073,"bytes":16384,"n":4,"kind":2,"ov":0}
[msc.reads] n=4 bytes=16384 lba=1049..1073 gap=4 ov=0
[tx] {"t":"ping"}
[rx] {"t":"pong"}
[tx] {"t":"ping"}
[rx] {"t":"pong"}
[tx] {"t":"ping"}
[rx] {"t":"pong"}
[tx] {"t":"ping"}
[rx] {"t":"pong"}
[tx] {"t":"ping"}
[rx] {"t":"pong"}
[tx] {"t":"ping"}
[rx] {"t":"pong"}
[tx] {"t":"ping"}
[rx] {"t":"pong"}
[tx] {"t":"ping"}
[rx] {"t":"pong"}
[tx] {"t":"ping"}
[rx] {"t":"pong"}
[tx] {"t":"menu_set","rev":2735,"page":0,"items":[{"uid":"fav0","name":"Rock Antenne","kind":"station"},{"uid":"fav1","name":"Rock Antenne Bayern","kind":"station"},{"uid":"fav2","name":"Radio BOB!","kind":"station"},{"uid":"pump:page_next","name":"Menue","kind":"action"}]}
[tx] {"t":"ping"}
[rx] {"t":"menu_ack","ok":true,"n":4,"rev":2735}
[menu_ack] ok=True n=4 rev=2735
[rx] {"t":"pong"}
[tx] {"t":"ping"}
[rx] {"t":"pong"}
[tx] {"t":"ping"}
[rx] {"t":"pong"}
[tx] {"t":"ping"}
[rx] {"t":"pong"}
[tx] {"t":"ping"}
[rx] {"t":"pong"}
[tx] {"t":"ping"}
[rx] {"t":"pong"}
[rx] {"t":"event","op":"diag","code":"msc.phase","detail":"idle unplug"}
[msc] msc.phase idle unplug
[tx] {"t":"ping"}
[rx] {"t":"pong"}
[tx] {"t":"ping"}
[rx] {"t":"event","op":"diag","code":"msc.phase","detail":"scan plug"}
[msc] msc.phase scan plug
[tx] {"t":"ping"}
[rx] {"t":"pong"}
[rx] {"t":"pong"}
[rx] {"t":"event","op":"diag","code":"msc.first_read","detail":"1005 ms"}
[msc] msc.first_read 1005 ms
[rx] {"t":"event","op":"msc.reads","ms":329860,"gap":0,"lba0":0,"lba1":0,"bytes":4096,"n":1,"kind":4,"ov":0}
[msc.reads] n=1 bytes=4096 lba=0..0 gap=0 ov=0
[rx] {"t":"event","op":"msc.reads","ms":329887,"gap":27,"lba0":0,"lba1":0,"bytes":4096,"n":1,"kind":4,"ov":0}
[msc.reads] n=1 bytes=4096 lba=0..0 gap=27 ov=0
[rx] {"t":"event","op":"msc.reads","ms":329892,"gap":5,"lba0":16,"lba1":16,"bytes":4096,"n":1,"kind":5,"ov":0}
[msc.reads] n=1 bytes=4096 lba=16..16 gap=5 ov=0
[rx] {"t":"event","op":"msc.reads","ms":329896,"gap":4,"lba0":24,"lba1":24,"bytes":4096,"n":1,"kind":1,"ov":0}
[msc.reads] n=1 bytes=4096 lba=24..24 gap=4 ov=0
[rx] {"t":"event","op":"msc.reads","ms":329899,"gap":3,"lba0":32,"lba1":32,"bytes":4096,"n":1,"kind":1,"ov":0}
[msc.reads] n=1 bytes=4096 lba=32..32 gap=3 ov=0
[rx] {"t":"event","op":"msc.reads","ms":329903,"gap":4,"lba0":40,"lba1":40,"bytes":4096,"n":1,"kind":1,"ov":0}
[msc.reads] n=1 bytes=4096 lba=40..40 gap=4 ov=0
[rx] {"t":"event","op":"msc.reads","ms":329907,"gap":4,"lba0":48,"lba1":48,"bytes":4096,"n":1,"kind":1,"ov":0}
[msc.reads] n=1 bytes=4096 lba=48..48 gap=4 ov=0
[rx] {"t":"event","op":"msc.reads","ms":329912,"gap":5,"lba0":8,"lba1":8,"bytes":4096,"n":1,"kind":5,"ov":0}
[msc.reads] n=1 bytes=4096 lba=8..8 gap=5 ov=0
[rx] {"t":"event","op":"msc.reads","ms":329916,"gap":4,"lba0":56,"lba1":56,"bytes":4096,"n":1,"kind":1,"ov":0}
[msc.reads] n=1 bytes=4096 lba=56..56 gap=4 ov=0
[rx] {"t":"event","op":"diag","code":"play.reject","detail":"not_from_head uid=fav0 from=120 +4096B age=1066ms prefetch"}
[msc] play.reject not_from_head uid=fav0 from=120 +4096B age=1066ms prefetch
[rx] {"t":"event","op":"msc.reads","ms":329920,"gap":4,"lba0":120,"lba1":120,"bytes":4096,"n":1,"kind":2,"ov":0}
[msc.reads] n=1 bytes=4096 lba=120..120 gap=4 ov=0
[rx] {"t":"event","op":"msc.reads","ms":329944,"gap":24,"lba0":128,"lba1":128,"bytes":4096,"n":1,"kind":2,"ov":0}
[msc.reads] n=1 bytes=4096 lba=128..128 gap=24 ov=0
[rx] {"t":"event","op":"msc.reads","ms":329948,"gap":4,"lba0":64,"lba1":64,"bytes":4096,"n":1,"kind":2,"ov":0}
[msc.reads] n=1 bytes=4096 lba=64..64 gap=4 ov=0
[rx] {"t":"event","op":"msc.reads","ms":329953,"gap":5,"lba0":512,"lba1":512,"bytes":4096,"n":1,"kind":2,"ov":0}
[msc.reads] n=1 bytes=4096 lba=512..512 gap=5 ov=0
[rx] {"t":"event","op":"msc.reads","ms":329966,"gap":13,"lba0":0,"lba1":0,"bytes":4096,"n":1,"kind":4,"ov":0}
[msc.reads] n=1 bytes=4096 lba=0..0 gap=13 ov=0
[rx] {"t":"event","op":"msc.reads","ms":330105,"gap":139,"lba0":0,"lba1":0,"bytes":512,"n":1,"kind":4,"ov":0}
[msc.reads] n=1 bytes=512 lba=0..0 gap=139 ov=0
[rx] {"t":"event","op":"msc.reads","ms":330107,"gap":2,"lba0":1,"lba1":1,"bytes":4096,"n":1,"kind":5,"ov":0}
[msc.reads] n=1 bytes=4096 lba=1..1 gap=2 ov=0
[rx] {"t":"event","op":"msc.reads","ms":330111,"gap":4,"lba0":17,"lba1":17,"bytes":4096,"n":1,"kind":1,"ov":0}
[msc.reads] n=1 bytes=4096 lba=17..17 gap=4 ov=0
[rx] {"t":"event","op":"msc.reads","ms":330115,"gap":4,"lba0":25,"lba1":25,"bytes":4096,"n":1,"kind":1,"ov":0}
[msc.reads] n=1 bytes=4096 lba=25..25 gap=4 ov=0
[rx] {"t":"event","op":"msc.reads","ms":330119,"gap":4,"lba0":33,"lba1":33,"bytes":4096,"n":1,"kind":1,"ov":0}
[msc.reads] n=1 bytes=4096 lba=33..33 gap=4 ov=0
[rx] {"t":"event","op":"msc.reads","ms":330123,"gap":4,"lba0":41,"lba1":41,"bytes":4096,"n":1,"kind":1,"ov":0}
[msc.reads] n=1 bytes=4096 lba=41..41 gap=4 ov=0
[rx] {"t":"event","op":"msc.reads","ms":330170,"gap":47,"lba0":1,"lba1":1,"bytes":512,"n":1,"kind":5,"ov":0}
[msc.reads] n=1 bytes=512 lba=1..1 gap=47 ov=0
[rx] {"t":"event","op":"msc.reads","ms":330171,"gap":1,"lba0":2,"lba1":3,"bytes":3072,"n":2,"kind":5,"ov":0}
[msc.reads] n=2 bytes=3072 lba=2..3 gap=1 ov=0
[rx] {"t":"event","op":"msc.reads","ms":330177,"gap":5,"lba0":16,"lba1":16,"bytes":4096,"n":1,"kind":5,"ov":0}
[msc.reads] n=1 bytes=4096 lba=16..16 gap=5 ov=0
[rx] {"t":"event","op":"msc.reads","ms":330180,"gap":3,"lba0":24,"lba1":32,"bytes":8192,"n":2,"kind":1,"ov":0}
[msc.reads] n=2 bytes=8192 lba=24..32 gap=3 ov=0
[rx] {"t":"event","op":"msc.reads","ms":330188,"gap":4,"lba0":40,"lba1":40,"bytes":4096,"n":1,"kind":1,"ov":0}
[msc.reads] n=1 bytes=4096 lba=40..40 gap=4 ov=0
[rx] {"t":"event","op":"msc.reads","ms":330192,"gap":4,"lba0":48,"lba1":48,"bytes":4096,"n":1,"kind":1,"ov":0}
[msc.reads] n=1 bytes=4096 lba=48..48 gap=4 ov=0
[rx] {"t":"event","op":"msc.reads","ms":330197,"gap":5,"lba0":8,"lba1":8,"bytes":4096,"n":1,"kind":5,"ov":0}
[msc.reads] n=1 bytes=4096 lba=8..8 gap=5 ov=0
[rx] {"t":"event","op":"msc.reads","ms":330203,"gap":6,"lba0":56,"lba1":56,"bytes":4096,"n":1,"kind":1,"ov":0}
[msc.reads] n=1 bytes=4096 lba=56..56 gap=6 ov=0
[rx] {"t":"event","op":"msc.reads","ms":330208,"gap":5,"lba0":120,"lba1":120,"bytes":4096,"n":1,"kind":2,"ov":0}
[msc.reads] n=1 bytes=4096 lba=120..120 gap=5 ov=0
[rx] {"t":"event","op":"msc.reads","ms":330215,"gap":7,"lba0":128,"lba1":512,"bytes":12288,"n":3,"kind":2,"ov":0}
[msc.reads] n=3 bytes=12288 lba=128..512 gap=7 ov=0
[rx] {"t":"event","op":"msc.reads","ms":330486,"gap":262,"lba0":49,"lba1":49,"bytes":2048,"n":1,"kind":1,"ov":0}
[msc.reads] n=1 bytes=2048 lba=49..49 gap=262 ov=0
[rx] {"t":"event","op":"msc.reads","ms":330552,"gap":66,"lba0":53,"lba1":53,"bytes":2048,"n":1,"kind":1,"ov":0}
[msc.reads] n=1 bytes=2048 lba=53..53 gap=66 ov=0
[rx] {"t":"event","op":"msc.reads","ms":330604,"gap":52,"lba0":65,"lba1":65,"bytes":4096,"n":1,"kind":2,"ov":0}
[msc.reads] n=1 bytes=4096 lba=65..65 gap=52 ov=0
[rx] {"t":"event","op":"msc.reads","ms":330608,"gap":4,"lba0":73,"lba1":73,"bytes":4096,"n":1,"kind":2,"ov":0}
[msc.reads] n=1 bytes=4096 lba=73..73 gap=4 ov=0
[rx] {"t":"event","op":"msc.reads","ms":330612,"gap":4,"lba0":81,"lba1":81,"bytes":4096,"n":1,"kind":2,"ov":0}
[msc.reads] n=1 bytes=4096 lba=81..81 gap=4 ov=0
[rx] {"t":"event","op":"msc.reads","ms":330616,"gap":4,"lba0":89,"lba1":89,"bytes":4096,"n":1,"kind":2,"ov":0}
[msc.reads] n=1 bytes=4096 lba=89..89 gap=4 ov=0
[rx] {"t":"event","op":"msc.reads","ms":330620,"gap":4,"lba0":97,"lba1":97,"bytes":4096,"n":1,"kind":2,"ov":0}
[msc.reads] n=1 bytes=4096 lba=97..97 gap=4 ov=0
[rx] {"t":"event","op":"msc.reads","ms":330624,"gap":4,"lba0":105,"lba1":113,"bytes":8192,"n":2,"kind":2,"ov":0}
[msc.reads] n=2 bytes=8192 lba=105..113 gap=4 ov=0
[rx] {"t":"event","op":"msc.reads","ms":330632,"gap":4,"lba0":121,"lba1":121,"bytes":4096,"n":1,"kind":2,"ov":0}
[msc.reads] n=1 bytes=4096 lba=121..121 gap=4 ov=0
[rx] {"t":"event","op":"msc.reads","ms":330636,"gap":4,"lba0":129,"lba1":129,"bytes":4096,"n":1,"kind":2,"ov":0}
[msc.reads] n=1 bytes=4096 lba=129..129 gap=4 ov=0
[rx] {"t":"event","op":"msc.reads","ms":330640,"gap":4,"lba0":137,"lba1":137,"bytes":4096,"n":1,"kind":2,"ov":0}
[msc.reads] n=1 bytes=4096 lba=137..137 gap=4 ov=0
[rx] {"t":"event","op":"msc.reads","ms":330644,"gap":4,"lba0":145,"lba1":145,"bytes":4096,"n":1,"kind":2,"ov":0}
[msc.reads] n=1 bytes=4096 lba=145..145 gap=4 ov=0
[rx] {"t":"event","op":"msc.reads","ms":330648,"gap":4,"lba0":153,"lba1":161,"bytes":8192,"n":2,"kind":2,"ov":0}
[msc.reads] n=2 bytes=8192 lba=153..161 gap=4 ov=0
[rx] {"t":"event","op":"msc.reads","ms":330656,"gap":4,"lba0":169,"lba1":169,"bytes":4096,"n":1,"kind":2,"ov":0}
[msc.reads] n=1 bytes=4096 lba=169..169 gap=4 ov=0
[rx] {"t":"event","op":"msc.reads","ms":330660,"gap":4,"lba0":177,"lba1":177,"bytes":4096,"n":1,"kind":2,"ov":0}
[msc.reads] n=1 bytes=4096 lba=177..177 gap=4 ov=0
[rx] {"t":"event","op":"msc.reads","ms":330664,"gap":4,"lba0":185,"lba1":185,"bytes":4096,"n":1,"kind":2,"ov":0}
[msc.reads] n=1 bytes=4096 lba=185..185 gap=4 ov=0
[rx] {"t":"event","op":"msc.reads","ms":330668,"gap":4,"lba0":193,"lba1":193,"bytes":4096,"n":1,"kind":2,"ov":0}
[msc.reads] n=1 bytes=4096 lba=193..193 gap=4 ov=0
[rx] {"t":"event","op":"msc.reads","ms":330672,"gap":4,"lba0":201,"lba1":201,"bytes":4096,"n":1,"kind":2,"ov":0}
[msc.reads] n=1 bytes=4096 lba=201..201 gap=4 ov=0
[rx] {"t":"event","op":"msc.reads","ms":330676,"gap":4,"lba0":209,"lba1":209,"bytes":4096,"n":1,"kind":2,"ov":0}
[msc.reads] n=1 bytes=4096 lba=209..209 gap=4 ov=0
[rx] {"t":"event","op":"msc.reads","ms":330680,"gap":4,"lba0":217,"lba1":225,"bytes":8192,"n":2,"kind":2,"ov":0}
[msc.reads] n=2 bytes=8192 lba=217..225 gap=4 ov=0
[rx] {"t":"event","op":"msc.reads","ms":330688,"gap":4,"lba0":233,"lba1":233,"bytes":4096,"n":1,"kind":2,"ov":0}
[msc.reads] n=1 bytes=4096 lba=233..233 gap=4 ov=0
[rx] {"t":"event","op":"msc.reads","ms":330692,"gap":4,"lba0":241,"lba1":241,"bytes":4096,"n":1,"kind":2,"ov":0}
[msc.reads] n=1 bytes=4096 lba=241..241 gap=4 ov=0
[rx] {"t":"event","op":"msc.reads","ms":330696,"gap":4,"lba0":1081,"lba1":1081,"bytes":4096,"n":1,"kind":2,"ov":0}
[msc.reads] n=1 bytes=4096 lba=1081..1081 gap=4 ov=0
[rx] {"t":"event","op":"diag","code":"play.reject","detail":"plug_window uid=fav1 from=1081 +4096B age=1841ms"}
[msc] play.reject plug_window uid=fav1 from=1081 +4096B age=1841ms
[rx] {"t":"event","op":"msc.reads","ms":330713,"gap":17,"lba0":1089,"lba1":1089,"bytes":4096,"n":1,"kind":2,"ov":0}
[msc.reads] n=1 bytes=4096 lba=1089..1089 gap=17 ov=0
[rx] {"t":"event","op":"msc.reads","ms":330717,"gap":4,"lba0":1097,"lba1":1097,"bytes":4096,"n":1,"kind":2,"ov":0}
[msc.reads] n=1 bytes=4096 lba=1097..1097 gap=4 ov=0
[rx] {"t":"event","op":"msc.reads","ms":330721,"gap":4,"lba0":1105,"lba1":1105,"bytes":4096,"n":1,"kind":2,"ov":0}
[msc.reads] n=1 bytes=4096 lba=1105..1105 gap=4 ov=0
[rx] {"t":"event","op":"msc.reads","ms":330725,"gap":4,"lba0":1113,"lba1":1113,"bytes":4096,"n":1,"kind":2,"ov":0}
[msc.reads] n=1 bytes=4096 lba=1113..1113 gap=4 ov=0
[rx] {"t":"event","op":"msc.reads","ms":330729,"gap":4,"lba0":1121,"lba1":1121,"bytes":4096,"n":1,"kind":2,"ov":0}
[msc.reads] n=1 bytes=4096 lba=1121..1121 gap=4 ov=0
[rx] {"t":"event","op":"msc.reads","ms":330733,"gap":4,"lba0":1129,"lba1":1129,"bytes":4096,"n":1,"kind":2,"ov":0}
[msc.reads] n=1 bytes=4096 lba=1129..1129 gap=4 ov=0
[rx] {"t":"event","op":"msc.reads","ms":330737,"gap":4,"lba0":1137,"lba1":1137,"bytes":4096,"n":1,"kind":2,"ov":0}
[msc.reads] n=1 bytes=4096 lba=1137..1137 gap=4 ov=0
[rx] {"t":"event","op":"msc.reads","ms":330741,"gap":4,"lba0":1145,"lba1":1145,"bytes":4096,"n":1,"kind":2,"ov":0}
[msc.reads] n=1 bytes=4096 lba=1145..1145 gap=4 ov=0
[rx] {"t":"event","op":"msc.reads","ms":330744,"gap":3,"lba0":1153,"lba1":1153,"bytes":4096,"n":1,"kind":2,"ov":0}
[msc.reads] n=1 bytes=4096 lba=1153..1153 gap=3 ov=0
[rx] {"t":"event","op":"msc.reads","ms":330748,"gap":4,"lba0":1161,"lba1":1169,"bytes":8192,"n":2,"kind":2,"ov":0}
[msc.reads] n=2 bytes=8192 lba=1161..1169 gap=4 ov=0
[rx] {"t":"event","op":"msc.reads","ms":330756,"gap":4,"lba0":1177,"lba1":1177,"bytes":4096,"n":1,"kind":2,"ov":0}
[msc.reads] n=1 bytes=4096 lba=1177..1177 gap=4 ov=0
[rx] {"t":"event","op":"msc.reads","ms":330760,"gap":4,"lba0":1185,"lba1":1193,"bytes":8192,"n":2,"kind":2,"ov":0}
[msc.reads] n=2 bytes=8192 lba=1185..1193 gap=4 ov=0
[rx] {"t":"event","op":"msc.reads","ms":330768,"gap":4,"lba0":1201,"lba1":1201,"bytes":4096,"n":1,"kind":2,"ov":0}
[msc.reads] n=1 bytes=4096 lba=1201..1201 gap=4 ov=0
[rx] {"t":"event","op":"msc.reads","ms":330772,"gap":4,"lba0":1209,"lba1":1209,"bytes":4096,"n":1,"kind":2,"ov":0}
[msc.reads] n=1 bytes=4096 lba=1209..1209 gap=4 ov=0
[rx] {"t":"event","op":"msc.reads","ms":330776,"gap":4,"lba0":1217,"lba1":1217,"bytes":4096,"n":1,"kind":2,"ov":0}
[msc.reads] n=1 bytes=4096 lba=1217..1217 gap=4 ov=0
[rx] {"t":"event","op":"msc.reads","ms":330779,"gap":3,"lba0":1225,"lba1":1225,"bytes":4096,"n":1,"kind":2,"ov":0}
[msc.reads] n=1 bytes=4096 lba=1225..1225 gap=3 ov=0
[rx] {"t":"event","op":"msc.reads","ms":330783,"gap":4,"lba0":1233,"lba1":1233,"bytes":4096,"n":1,"kind":2,"ov":0}
[msc.reads] n=1 bytes=4096 lba=1233..1233 gap=4 ov=0
[rx] {"t":"event","op":"msc.reads","ms":330787,"gap":4,"lba0":1241,"lba1":1249,"bytes":8192,"n":2,"kind":2,"ov":0}
[msc.reads] n=2 bytes=8192 lba=1241..1249 gap=4 ov=0
[rx] {"t":"event","op":"msc.reads","ms":330795,"gap":4,"lba0":1257,"lba1":1265,"bytes":8192,"n":2,"kind":2,"ov":0}
[msc.reads] n=2 bytes=8192 lba=1257..1265 gap=4 ov=0
[rx] {"t":"event","op":"msc.reads","ms":330803,"gap":4,"lba0":1273,"lba1":1273,"bytes":4096,"n":1,"kind":2,"ov":0}
[msc.reads] n=1 bytes=4096 lba=1273..1273 gap=4 ov=0
[rx] {"t":"event","op":"msc.reads","ms":330806,"gap":3,"lba0":1281,"lba1":1281,"bytes":4096,"n":1,"kind":2,"ov":0}
[msc.reads] n=1 bytes=4096 lba=1281..1281 gap=3 ov=0
[rx] {"t":"event","op":"msc.reads","ms":330810,"gap":4,"lba0":1289,"lba1":1297,"bytes":8192,"n":2,"kind":2,"ov":0}
[msc.reads] n=2 bytes=8192 lba=1289..1297 gap=4 ov=0
[rx] {"t":"event","op":"msc.reads","ms":330818,"gap":4,"lba0":1305,"lba1":1305,"bytes":4096,"n":1,"kind":2,"ov":0}
[msc.reads] n=1 bytes=4096 lba=1305..1305 gap=4 ov=0
[rx] {"t":"event","op":"msc.reads","ms":330822,"gap":4,"lba0":1313,"lba1":1329,"bytes":12288,"n":3,"kind":2,"ov":0}
[msc.reads] n=3 bytes=12288 lba=1313..1329 gap=4 ov=0
[rx] {"t":"event","op":"msc.reads","ms":330833,"gap":3,"lba0":1337,"lba1":1345,"bytes":8192,"n":2,"kind":2,"ov":0}
[msc.reads] n=2 bytes=8192 lba=1337..1345 gap=3 ov=0
[rx] {"t":"event","op":"msc.reads","ms":330841,"gap":4,"lba0":1353,"lba1":1353,"bytes":4096,"n":1,"kind":2,"ov":0}
[msc.reads] n=1 bytes=4096 lba=1353..1353 gap=4 ov=0
[rx] {"t":"event","op":"msc.reads","ms":330845,"gap":4,"lba0":1361,"lba1":1361,"bytes":4096,"n":1,"kind":2,"ov":0}
[msc.reads] n=1 bytes=4096 lba=1361..1361 gap=4 ov=0
[rx] {"t":"event","op":"msc.reads","ms":330849,"gap":4,"lba0":1369,"lba1":1385,"bytes":12288,"n":3,"kind":2,"ov":0}
[msc.reads] n=3 bytes=12288 lba=1369..1385 gap=4 ov=0
[rx] {"t":"event","op":"msc.reads","ms":330860,"gap":4,"lba0":1393,"lba1":1393,"bytes":4096,"n":1,"kind":2,"ov":0}
[msc.reads] n=1 bytes=4096 lba=1393..1393 gap=4 ov=0
[rx] {"t":"event","op":"msc.reads","ms":330864,"gap":4,"lba0":1401,"lba1":1401,"bytes":4096,"n":1,"kind":2,"ov":0}
[msc.reads] n=1 bytes=4096 lba=1401..1401 gap=4 ov=0
[rx] {"t":"event","op":"diag","code":"play.reject","detail":"not_from_head uid=fav0 from=729 +4096B age=2013ms prefetch"}
[msc] play.reject not_from_head uid=fav0 from=729 +4096B age=2013ms prefetch
[rx] {"t":"event","op":"msc.reads","ms":330868,"gap":4,"lba0":729,"lba1":729,"bytes":4096,"n":1,"kind":2,"ov":0}
[msc.reads] n=1 bytes=4096 lba=729..729 gap=4 ov=0
[rx] {"t":"event","op":"msc.reads","ms":330885,"gap":17,"lba0":737,"lba1":737,"bytes":4096,"n":1,"kind":2,"ov":0}
[msc.reads] n=1 bytes=4096 lba=737..737 gap=17 ov=0
[rx] {"t":"event","op":"msc.reads","ms":330889,"gap":4,"lba0":745,"lba1":745,"bytes":4096,"n":1,"kind":2,"ov":0}
[msc.reads] n=1 bytes=4096 lba=745..745 gap=4 ov=0
[rx] {"t":"event","op":"msc.reads","ms":330893,"gap":4,"lba0":753,"lba1":753,"bytes":4096,"n":1,"kind":2,"ov":0}
[msc.reads] n=1 bytes=4096 lba=753..753 gap=4 ov=0
[rx] {"t":"event","op":"msc.reads","ms":330897,"gap":4,"lba0":489,"lba1":489,"bytes":4096,"n":1,"kind":2,"ov":0}
[msc.reads] n=1 bytes=4096 lba=489..489 gap=4 ov=0
[rx] {"t":"event","op":"msc.reads","ms":330901,"gap":4,"lba0":497,"lba1":497,"bytes":4096,"n":1,"kind":2,"ov":0}
[msc.reads] n=1 bytes=4096 lba=497..497 gap=4 ov=0
[rx] {"t":"event","op":"msc.reads","ms":330905,"gap":4,"lba0":505,"lba1":505,"bytes":4096,"n":1,"kind":2,"ov":0}
[msc.reads] n=1 bytes=4096 lba=505..505 gap=4 ov=0
[rx] {"t":"event","op":"msc.reads","ms":330909,"gap":4,"lba0":513,"lba1":521,"bytes":8192,"n":2,"kind":2,"ov":0}
[msc.reads] n=2 bytes=8192 lba=513..521 gap=4 ov=0
[rx] {"t":"event","op":"msc.reads","ms":330917,"gap":4,"lba0":529,"lba1":529,"bytes":4096,"n":1,"kind":2,"ov":0}
[msc.reads] n=1 bytes=4096 lba=529..529 gap=4 ov=0
[rx] {"t":"event","op":"msc.reads","ms":330920,"gap":3,"lba0":537,"lba1":537,"bytes":4096,"n":1,"kind":2,"ov":0}
[msc.reads] n=1 bytes=4096 lba=537..537 gap=3 ov=0
[rx] {"t":"event","op":"msc.reads","ms":330924,"gap":4,"lba0":545,"lba1":545,"bytes":4096,"n":1,"kind":2,"ov":0}
[msc.reads] n=1 bytes=4096 lba=545..545 gap=4 ov=0
[rx] {"t":"event","op":"msc.reads","ms":330928,"gap":4,"lba0":553,"lba1":553,"bytes":4096,"n":1,"kind":2,"ov":0}
[msc.reads] n=1 bytes=4096 lba=553..553 gap=4 ov=0
[rx] {"t":"event","op":"msc.reads","ms":330932,"gap":4,"lba0":561,"lba1":569,"bytes":8192,"n":2,"kind":2,"ov":0}
[msc.reads] n=2 bytes=8192 lba=561..569 gap=4 ov=0
[rx] {"t":"event","op":"msc.reads","ms":330939,"gap":3,"lba0":577,"lba1":577,"bytes":4096,"n":1,"kind":2,"ov":0}
[msc.reads] n=1 bytes=4096 lba=577..577 gap=3 ov=0
[rx] {"t":"event","op":"msc.reads","ms":330943,"gap":4,"lba0":585,"lba1":585,"bytes":4096,"n":1,"kind":2,"ov":0}
[msc.reads] n=1 bytes=4096 lba=585..585 gap=4 ov=0
[rx] {"t":"event","op":"msc.reads","ms":330947,"gap":4,"lba0":593,"lba1":593,"bytes":4096,"n":1,"kind":2,"ov":0}
[msc.reads] n=1 bytes=4096 lba=593..593 gap=4 ov=0
[rx] {"t":"event","op":"msc.reads","ms":330951,"gap":4,"lba0":601,"lba1":601,"bytes":4096,"n":1,"kind":2,"ov":0}
[msc.reads] n=1 bytes=4096 lba=601..601 gap=4 ov=0
[rx] {"t":"event","op":"msc.reads","ms":330955,"gap":4,"lba0":609,"lba1":609,"bytes":4096,"n":1,"kind":2,"ov":0}
[msc.reads] n=1 bytes=4096 lba=609..609 gap=4 ov=0
[rx] {"t":"event","op":"msc.reads","ms":330959,"gap":4,"lba0":617,"lba1":625,"bytes":8192,"n":2,"kind":2,"ov":0}
[msc.reads] n=2 bytes=8192 lba=617..625 gap=4 ov=0
[rx] {"t":"event","op":"msc.reads","ms":330966,"gap":3,"lba0":633,"lba1":633,"bytes":4096,"n":1,"kind":2,"ov":0}
[msc.reads] n=1 bytes=4096 lba=633..633 gap=3 ov=0
[rx] {"t":"event","op":"msc.reads","ms":330970,"gap":4,"lba0":641,"lba1":641,"bytes":4096,"n":1,"kind":2,"ov":0}
[msc.reads] n=1 bytes=4096 lba=641..641 gap=4 ov=0
[rx] {"t":"event","op":"msc.reads","ms":330974,"gap":4,"lba0":649,"lba1":649,"bytes":4096,"n":1,"kind":2,"ov":0}
[msc.reads] n=1 bytes=4096 lba=649..649 gap=4 ov=0
[rx] {"t":"event","op":"msc.reads","ms":330978,"gap":4,"lba0":657,"lba1":657,"bytes":4096,"n":1,"kind":2,"ov":0}
[msc.reads] n=1 bytes=4096 lba=657..657 gap=4 ov=0
[rx] {"t":"event","op":"msc.reads","ms":330982,"gap":4,"lba0":665,"lba1":665,"bytes":4096,"n":1,"kind":2,"ov":0}
[msc.reads] n=1 bytes=4096 lba=665..665 gap=4 ov=0
[rx] {"t":"event","op":"msc.reads","ms":330985,"gap":3,"lba0":673,"lba1":673,"bytes":4096,"n":1,"kind":2,"ov":0}
[msc.reads] n=1 bytes=4096 lba=673..673 gap=3 ov=0
[rx] {"t":"event","op":"msc.reads","ms":330989,"gap":4,"lba0":681,"lba1":689,"bytes":8192,"n":2,"kind":2,"ov":0}
[msc.reads] n=2 bytes=8192 lba=681..689 gap=4 ov=0
[rx] {"t":"event","op":"msc.reads","ms":330997,"gap":4,"lba0":697,"lba1":697,"bytes":4096,"n":1,"kind":2,"ov":0}
[msc.reads] n=1 bytes=4096 lba=697..697 gap=4 ov=0
[rx] {"t":"event","op":"msc.reads","ms":331001,"gap":4,"lba0":705,"lba1":705,"bytes":4096,"n":1,"kind":2,"ov":0}
[msc.reads] n=1 bytes=4096 lba=705..705 gap=4 ov=0
[rx] {"t":"event","op":"msc.reads","ms":331005,"gap":4,"lba0":713,"lba1":713,"bytes":4096,"n":1,"kind":2,"ov":0}
[msc.reads] n=1 bytes=4096 lba=713..713 gap=4 ov=0
[rx] {"t":"event","op":"msc.reads","ms":331009,"gap":4,"lba0":721,"lba1":721,"bytes":4096,"n":1,"kind":2,"ov":0}
[msc.reads] n=1 bytes=4096 lba=721..721 gap=4 ov=0
[rx] {"t":"event","op":"msc.reads","ms":331013,"gap":4,"lba0":249,"lba1":249,"bytes":4096,"n":1,"kind":2,"ov":0}
[msc.reads] n=1 bytes=4096 lba=249..249 gap=4 ov=0
[rx] {"t":"event","op":"msc.reads","ms":331017,"gap":4,"lba0":257,"lba1":257,"bytes":4096,"n":1,"kind":2,"ov":0}
[msc.reads] n=1 bytes=4096 lba=257..257 gap=4 ov=0
[rx] {"t":"event","op":"msc.reads","ms":331021,"gap":4,"lba0":265,"lba1":273,"bytes":8192,"n":2,"kind":2,"ov":0}
[msc.reads] n=2 bytes=8192 lba=265..273 gap=4 ov=0
[rx] {"t":"event","op":"msc.reads","ms":331029,"gap":4,"lba0":281,"lba1":289,"bytes":8192,"n":2,"kind":2,"ov":0}
[msc.reads] n=2 bytes=8192 lba=281..289 gap=4 ov=0
[rx] {"t":"event","op":"msc.reads","ms":331037,"gap":4,"lba0":297,"lba1":297,"bytes":4096,"n":1,"kind":2,"ov":0}
[msc.reads] n=1 bytes=4096 lba=297..297 gap=4 ov=0
[rx] {"t":"event","op":"msc.reads","ms":331041,"gap":4,"lba0":305,"lba1":313,"bytes":8192,"n":2,"kind":2,"ov":0}
[msc.reads] n=2 bytes=8192 lba=305..313 gap=4 ov=0
[rx] {"t":"event","op":"msc.reads","ms":331049,"gap":4,"lba0":321,"lba1":321,"bytes":4096,"n":1,"kind":2,"ov":0}
[msc.reads] n=1 bytes=4096 lba=321..321 gap=4 ov=0
[rx] {"t":"event","op":"msc.reads","ms":331053,"gap":4,"lba0":329,"lba1":329,"bytes":4096,"n":1,"kind":2,"ov":0}
[msc.reads] n=1 bytes=4096 lba=329..329 gap=4 ov=0
[rx] {"t":"event","op":"msc.reads","ms":331057,"gap":4,"lba0":337,"lba1":337,"bytes":4096,"n":1,"kind":2,"ov":0}
[msc.reads] n=1 bytes=4096 lba=337..337 gap=4 ov=0
[rx] {"t":"event","op":"msc.reads","ms":331061,"gap":4,"lba0":345,"lba1":361,"bytes":12288,"n":3,"kind":2,"ov":0}
[msc.reads] n=3 bytes=12288 lba=345..361 gap=4 ov=0
[rx] {"t":"event","op":"msc.reads","ms":331073,"gap":4,"lba0":369,"lba1":377,"bytes":8192,"n":2,"kind":2,"ov":0}
[msc.reads] n=2 bytes=8192 lba=369..377 gap=4 ov=0
[rx] {"t":"event","op":"msc.reads","ms":331081,"gap":4,"lba0":385,"lba1":385,"bytes":4096,"n":1,"kind":2,"ov":0}
[msc.reads] n=1 bytes=4096 lba=385..385 gap=4 ov=0
[rx] {"t":"event","op":"msc.reads","ms":331086,"gap":5,"lba0":393,"lba1":393,"bytes":4096,"n":1,"kind":2,"ov":0}
[msc.reads] n=1 bytes=4096 lba=393..393 gap=5 ov=0
[rx] {"t":"event","op":"msc.reads","ms":331090,"gap":4,"lba0":401,"lba1":401,"bytes":4096,"n":1,"kind":2,"ov":0}
[msc.reads] n=1 bytes=4096 lba=401..401 gap=4 ov=0
[rx] {"t":"event","op":"msc.reads","ms":331094,"gap":4,"lba0":409,"lba1":417,"bytes":8192,"n":2,"kind":2,"ov":0}
[msc.reads] n=2 bytes=8192 lba=409..417 gap=4 ov=0
[rx] {"t":"event","op":"msc.reads","ms":331102,"gap":4,"lba0":425,"lba1":425,"bytes":4096,"n":1,"kind":2,"ov":0}
[msc.reads] n=1 bytes=4096 lba=425..425 gap=4 ov=0
[rx] {"t":"event","op":"msc.reads","ms":331106,"gap":4,"lba0":433,"lba1":433,"bytes":4096,"n":1,"kind":2,"ov":0}
[msc.reads] n=1 bytes=4096 lba=433..433 gap=4 ov=0
[rx] {"t":"event","op":"msc.reads","ms":331110,"gap":4,"lba0":441,"lba1":441,"bytes":4096,"n":1,"kind":2,"ov":0}
[msc.reads] n=1 bytes=4096 lba=441..441 gap=4 ov=0
[rx] {"t":"event","op":"msc.reads","ms":331114,"gap":4,"lba0":449,"lba1":449,"bytes":4096,"n":1,"kind":2,"ov":0}
[msc.reads] n=1 bytes=4096 lba=449..449 gap=4 ov=0
[rx] {"t":"event","op":"msc.reads","ms":331118,"gap":4,"lba0":457,"lba1":457,"bytes":4096,"n":1,"kind":2,"ov":0}
[msc.reads] n=1 bytes=4096 lba=457..457 gap=4 ov=0
[rx] {"t":"event","op":"msc.reads","ms":331122,"gap":4,"lba0":465,"lba1":465,"bytes":4096,"n":1,"kind":2,"ov":0}
[msc.reads] n=1 bytes=4096 lba=465..465 gap=4 ov=0
[rx] {"t":"event","op":"msc.reads","ms":331126,"gap":4,"lba0":473,"lba1":473,"bytes":4096,"n":1,"kind":2,"ov":0}
[msc.reads] n=1 bytes=4096 lba=473..473 gap=4 ov=0
[rx] {"t":"event","op":"msc.reads","ms":331130,"gap":4,"lba0":481,"lba1":481,"bytes":4096,"n":1,"kind":2,"ov":0}
[msc.reads] n=1 bytes=4096 lba=481..481 gap=4 ov=0
[tx] {"t":"ping"}
[rx] {"t":"pong"}
[rx] {"t":"event","op":"diag","code":"msc.phase","detail":"quiet cache?"}
[msc] msc.phase quiet cache?
[rx] {"t":"event","op":"diag","code":"msc.quiet","detail":"file=557056B age=2003ms"}
[msc] msc.quiet file=557056B age=2003ms
[tx] {"t":"ping"}
[rx] {"t":"pong"}
[tx] {"t":"ping"}
[rx] {"t":"pong"}
[tx] {"t":"ping"}
[rx] {"t":"pong"}
[tx] {"t":"ping"}
[rx] {"t":"pong"}
[tx] {"t":"ping"}
[rx] {"t":"pong"}
[tx] {"t":"ping"}
[rx] {"t":"pong"}
[tx] {"t":"ping"}
[rx] {"t":"pong"}
[tx] {"t":"ping"}
[rx] {"t":"pong"}
[tx] {"t":"ping"}
[rx] {"t":"pong"}
[tx] {"t":"ping"}
[rx] {"t":"pong"}
[tx] {"t":"ping"}
[rx] {"t":"pong"}
[tx] {"t":"ping"}
[rx] {"t":"pong"}
[tx] {"t":"ping"}
[rx] {"t":"pong"}
[tx] {"t":"ping"}
[rx] {"t":"pong"}
[rx] {"t":"event","op":"msc.reads","ms":360219,"gap":29089,"lba0":537,"lba1":537,"bytes":4096,"n":1,"kind":2,"ov":0}
[msc.reads] n=1 bytes=4096 lba=537..537 gap=29089 ov=0
[rx] {"t":"event","op":"diag","code":"play.reject","detail":"not_from_head uid=fav0 from=537 +4096B age=31364ms prefetch"}
[msc] play.reject not_from_head uid=fav0 from=537 +4096B age=31364ms prefetch
[rx] {"t":"event","op":"msc.reads","ms":360236,"gap":17,"lba0":545,"lba1":545,"bytes":4096,"n":1,"kind":2,"ov":0}
[msc.reads] n=1 bytes=4096 lba=545..545 gap=17 ov=0
[rx] {"t":"event","op":"msc.reads","ms":360240,"gap":4,"lba0":553,"lba1":553,"bytes":4096,"n":1,"kind":2,"ov":0}
[msc.reads] n=1 bytes=4096 lba=553..553 gap=4 ov=0
[rx] {"t":"event","op":"msc.reads","ms":360244,"gap":4,"lba0":561,"lba1":561,"bytes":4096,"n":1,"kind":2,"ov":0}
[msc.reads] n=1 bytes=4096 lba=561..561 gap=4 ov=0
[rx] {"t":"event","op":"msc.reads","ms":360248,"gap":4,"lba0":297,"lba1":353,"bytes":32768,"n":8,"kind":2,"ov":0}
[msc.reads] n=8 bytes=32768 lba=297..353 gap=4 ov=0
[rx] {"t":"event","op":"msc.reads","ms":360280,"gap":5,"lba0":361,"lba1":361,"bytes":4096,"n":1,"kind":2,"ov":0}
[msc.reads] n=1 bytes=4096 lba=361..361 gap=5 ov=0
[rx] {"t":"event","op":"msc.reads","ms":360284,"gap":4,"lba0":369,"lba1":369,"bytes":4096,"n":1,"kind":2,"ov":0}
[msc.reads] n=1 bytes=4096 lba=369..369 gap=4 ov=0
[rx] {"t":"event","op":"msc.reads","ms":360288,"gap":4,"lba0":377,"lba1":385,"bytes":8192,"n":2,"kind":2,"ov":0}
[msc.reads] n=2 bytes=8192 lba=377..385 gap=4 ov=0
[rx] {"t":"event","op":"msc.reads","ms":360296,"gap":4,"lba0":393,"lba1":393,"bytes":4096,"n":1,"kind":2,"ov":0}
[msc.reads] n=1 bytes=4096 lba=393..393 gap=4 ov=0
[rx] {"t":"event","op":"msc.reads","ms":360300,"gap":4,"lba0":401,"lba1":401,"bytes":4096,"n":1,"kind":2,"ov":0}
[msc.reads] n=1 bytes=4096 lba=401..401 gap=4 ov=0
[rx] {"t":"event","op":"msc.reads","ms":360304,"gap":4,"lba0":409,"lba1":409,"bytes":4096,"n":1,"kind":2,"ov":0}
[msc.reads] n=1 bytes=4096 lba=409..409 gap=4 ov=0
[rx] {"t":"event","op":"msc.reads","ms":360309,"gap":5,"lba0":417,"lba1":417,"bytes":4096,"n":1,"kind":2,"ov":0}
[msc.reads] n=1 bytes=4096 lba=417..417 gap=5 ov=0
[rx] {"t":"event","op":"msc.reads","ms":360313,"gap":4,"lba0":425,"lba1":433,"bytes":8192,"n":2,"kind":2,"ov":0}
[msc.reads] n=2 bytes=8192 lba=425..433 gap=4 ov=0
[rx] {"t":"event","op":"msc.reads","ms":360321,"gap":4,"lba0":441,"lba1":441,"bytes":4096,"n":1,"kind":2,"ov":0}
[msc.reads] n=1 bytes=4096 lba=441..441 gap=4 ov=0
[rx] {"t":"event","op":"msc.reads","ms":360325,"gap":4,"lba0":449,"lba1":449,"bytes":4096,"n":1,"kind":2,"ov":0}
[msc.reads] n=1 bytes=4096 lba=449..449 gap=4 ov=0
[rx] {"t":"event","op":"msc.reads","ms":360329,"gap":4,"lba0":457,"lba1":457,"bytes":4096,"n":1,"kind":2,"ov":0}
[msc.reads] n=1 bytes=4096 lba=457..457 gap=4 ov=0
[rx] {"t":"event","op":"msc.reads","ms":360333,"gap":4,"lba0":465,"lba1":465,"bytes":4096,"n":1,"kind":2,"ov":0}
[msc.reads] n=1 bytes=4096 lba=465..465 gap=4 ov=0
[rx] {"t":"event","op":"msc.reads","ms":360337,"gap":4,"lba0":473,"lba1":473,"bytes":4096,"n":1,"kind":2,"ov":0}
[msc.reads] n=1 bytes=4096 lba=473..473 gap=4 ov=0
[rx] {"t":"event","op":"msc.reads","ms":360341,"gap":4,"lba0":481,"lba1":481,"bytes":4096,"n":1,"kind":2,"ov":0}
[msc.reads] n=1 bytes=4096 lba=481..481 gap=4 ov=0
[rx] {"t":"event","op":"msc.reads","ms":360345,"gap":4,"lba0":489,"lba1":489,"bytes":4096,"n":1,"kind":2,"ov":0}
[msc.reads] n=1 bytes=4096 lba=489..489 gap=4 ov=0
[rx] {"t":"event","op":"msc.reads","ms":360349,"gap":4,"lba0":497,"lba1":497,"bytes":4096,"n":1,"kind":2,"ov":0}
[msc.reads] n=1 bytes=4096 lba=497..497 gap=4 ov=0
[rx] {"t":"event","op":"msc.reads","ms":360353,"gap":4,"lba0":505,"lba1":505,"bytes":4096,"n":1,"kind":2,"ov":0}
[msc.reads] n=1 bytes=4096 lba=505..505 gap=4 ov=0
[rx] {"t":"event","op":"msc.reads","ms":360357,"gap":4,"lba0":513,"lba1":513,"bytes":4096,"n":1,"kind":2,"ov":0}
[msc.reads] n=1 bytes=4096 lba=513..513 gap=4 ov=0
[rx] {"t":"event","op":"msc.reads","ms":360361,"gap":4,"lba0":521,"lba1":521,"bytes":4096,"n":1,"kind":2,"ov":0}
[msc.reads] n=1 bytes=4096 lba=521..521 gap=4 ov=0
[rx] {"t":"event","op":"diag","code":"play.reject","detail":"seq_short uid=fav0 from=57 +4096B age=31514ms"}
[msc] play.reject seq_short uid=fav0 from=57 +4096B age=31514ms
[rx] {"t":"event","op":"msc.reads","ms":360365,"gap":4,"lba0":529,"lba1":57,"bytes":8192,"n":2,"kind":2,"ov":0}
[msc.reads] n=2 bytes=8192 lba=529..57 gap=4 ov=0
[rx] {"t":"event","op":"diag","code":"msc.phase","detail":"play Rock Antenne"}
[msc] msc.phase play Rock Antenne
[rx] {"t":"event","op":"msc.reads","ms":360376,"gap":7,"lba0":65,"lba1":65,"bytes":4096,"n":1,"kind":2,"ov":0}
[msc.reads] n=1 bytes=4096 lba=65..65 gap=7 ov=0
[rx] {"t":"event","op":"play_uid","uid":"fav0"}
[trace] t=0ms play_uid=fav0
[trace] t=50ms audio.start fav fav0
[id3] cover file /home/pidrive/pidrive/assets/usb-msc-covers/stations/web_rock_antenne.jpg (2384 B)
[tx] {"t":"audio_start","uid":"fav0","codec":"mp3","br":"48k","cSrc":"file","cPath":"stations/web_rock_antenne.jpg","cTry":"stations/web_rock_antenne.jpg|stations/rock_antenne.jpg"}
[trace] audio_start sent uid=fav0 cover=file
[id3] sent 3511 B jpeg=2384 src=file rel='stations/web_rock_antenne.jpg' → /tmp/pump_id3_probe.mp3
[audio] ffmpeg https://stream.rockantenne.de/rockantenne/stream/mp3 @ 48k
[rx] {"t":"event","op":"diag","code":"play.reject","detail":"cooldown uid=fav0 from=57 +12288B age=31537ms"}
[msc] play.reject cooldown uid=fav0 from=57 +12288B age=31537ms
[rx] {"t":"event","op":"msc.reads","ms":360392,"gap":16,"lba0":73,"lba1":73,"bytes":4096,"n":1,"kind":2,"ov":0}
[msc.reads] n=1 bytes=4096 lba=73..73 gap=16 ov=0
[rx] {"t":"event","op":"msc.reads","ms":360399,"gap":7,"lba0":81,"lba1":81,"bytes":4096,"n":1,"kind":2,"ov":0}
[msc.reads] n=1 bytes=4096 lba=81..81 gap=7 ov=0
[rx] {"t":"event","op":"msc.reads","ms":360403,"gap":4,"lba0":89,"lba1":89,"bytes":4096,"n":1,"kind":2,"ov":0}
[msc.reads] n=1 bytes=4096 lba=89..89 gap=4 ov=0
[rx] {"t":"event","op":"msc.reads","ms":360407,"gap":4,"lba0":97,"lba1":97,"bytes":4096,"n":1,"kind":2,"ov":0}
[msc.reads] n=1 bytes=4096 lba=97..97 gap=4 ov=0
[rx] {"t":"event","op":"msc.reads","ms":360411,"gap":4,"lba0":105,"lba1":177,"bytes":40960,"n":10,"kind":2,"ov":0}
[msc.reads] n=10 bytes=40960 lba=105..177 gap=4 ov=0
[rx] {"t":"event","op":"msc.reads","ms":360449,"gap":4,"lba0":185,"lba1":185,"bytes":4096,"n":1,"kind":2,"ov":0}
[msc.reads] n=1 bytes=4096 lba=185..185 gap=4 ov=0
[rx] {"t":"event","op":"msc.reads","ms":360453,"gap":4,"lba0":193,"lba1":193,"bytes":4096,"n":1,"kind":2,"ov":0}
[msc.reads] n=1 bytes=4096 lba=193..193 gap=4 ov=0
[rx] {"t":"event","op":"msc.reads","ms":360457,"gap":4,"lba0":201,"lba1":209,"bytes":8192,"n":2,"kind":2,"ov":0}
[msc.reads] n=2 bytes=8192 lba=201..209 gap=4 ov=0
[rx] {"t":"audio_ack","ok":true,"op":"start","uid":"fav0","id3":true,"warmup":0}
[audio_ack] {'t': 'audio_ack', 'ok': True, 'op': 'start', 'uid': 'fav0', 'id3': True, 'warmup': 0}
[rx] {"t":"event","op":"msc.reads","ms":360465,"gap":4,"lba0":217,"lba1":257,"bytes":24576,"n":6,"kind":2,"ov":0}
[msc.reads] n=6 bytes=24576 lba=217..257 gap=4 ov=0
[rx] {"t":"event","op":"msc.reads","ms":360491,"gap":5,"lba0":265,"lba1":265,"bytes":4096,"n":1,"kind":2,"ov":0}
[msc.reads] n=1 bytes=4096 lba=265..265 gap=5 ov=0
[rx] {"t":"event","op":"msc.reads","ms":360496,"gap":5,"lba0":273,"lba1":273,"bytes":4096,"n":1,"kind":2,"ov":0}
[msc.reads] n=1 bytes=4096 lba=273..273 gap=5 ov=0
[rx] {"t":"event","op":"diag","code":"play.reject","detail":"not_from_head uid=fav0 from=569 +4096B age=31657ms prefetch"}
[msc] play.reject not_from_head uid=fav0 from=569 +4096B age=31657ms prefetch
[rx] {"t":"event","op":"msc.reads","ms":360501,"gap":5,"lba0":281,"lba1":569,"bytes":12288,"n":3,"kind":2,"ov":0}
[msc.reads] n=3 bytes=12288 lba=281..569 gap=5 ov=0
[rx] {"t":"event","op":"msc.reads","ms":360549,"gap":37,"lba0":577,"lba1":713,"bytes":73728,"n":18,"kind":2,"ov":0}
[msc.reads] n=18 bytes=73728 lba=577..713 gap=37 ov=0
[rx] {"t":"event","op":"msc.reads","ms":360632,"gap":5,"lba0":721,"lba1":721,"bytes":4096,"n":1,"kind":2,"ov":0}
[msc.reads] n=1 bytes=4096 lba=721..721 gap=5 ov=0
[rx] {"t":"event","op":"msc.reads","ms":360637,"gap":5,"lba0":729,"lba1":729,"bytes":4096,"n":1,"kind":2,"ov":0}
[msc.reads] n=1 bytes=4096 lba=729..729 gap=5 ov=0
[rx] {"t":"event","op":"msc.reads","ms":360642,"gap":5,"lba0":737,"lba1":737,"bytes":4096,"n":1,"kind":2,"ov":0}
[msc.reads] n=1 bytes=4096 lba=737..737 gap=5 ov=0
[rx] {"t":"event","op":"msc.reads","ms":360647,"gap":5,"lba0":745,"lba1":745,"bytes":4096,"n":1,"kind":2,"ov":0}
[msc.reads] n=1 bytes=4096 lba=745..745 gap=5 ov=0
[rx] {"t":"event","op":"msc.reads","ms":360652,"gap":5,"lba0":753,"lba1":825,"bytes":40960,"n":10,"kind":2,"ov":0}
[msc.reads] n=10 bytes=40960 lba=753..825 gap=5 ov=0
[rx] {"t":"event","op":"msc.reads","ms":360697,"gap":4,"lba0":833,"lba1":833,"bytes":4096,"n":1,"kind":2,"ov":0}
[msc.reads] n=1 bytes=4096 lba=833..833 gap=4 ov=0
[rx] {"t":"event","op":"msc.reads","ms":360702,"gap":5,"lba0":841,"lba1":841,"bytes":4096,"n":1,"kind":2,"ov":0}
[msc.reads] n=1 bytes=4096 lba=841..841 gap=5 ov=0
[rx] {"t":"event","op":"msc.reads","ms":360707,"gap":5,"lba0":849,"lba1":849,"bytes":4096,"n":1,"kind":2,"ov":0}
[msc.reads] n=1 bytes=4096 lba=849..849 gap=5 ov=0
[rx] {"t":"event","op":"msc.reads","ms":360712,"gap":5,"lba0":857,"lba1":905,"bytes":28672,"n":7,"kind":2,"ov":0}
[msc.reads] n=7 bytes=28672 lba=857..905 gap=5 ov=0
[rx] {"t":"event","op":"msc.reads","ms":360743,"gap":4,"lba0":913,"lba1":921,"bytes":8192,"n":2,"kind":2,"ov":0}
[msc.reads] n=2 bytes=8192 lba=913..921 gap=4 ov=0
[rx] {"t":"event","op":"msc.reads","ms":360753,"gap":5,"lba0":929,"lba1":929,"bytes":4096,"n":1,"kind":2,"ov":0}
[msc.reads] n=1 bytes=4096 lba=929..929 gap=5 ov=0
[rx] {"t":"event","op":"msc.reads","ms":360757,"gap":4,"lba0":937,"lba1":937,"bytes":4096,"n":1,"kind":2,"ov":0}
[msc.reads] n=1 bytes=4096 lba=937..937 gap=4 ov=0
[rx] {"t":"event","op":"msc.reads","ms":360762,"gap":5,"lba0":945,"lba1":993,"bytes":28672,"n":7,"kind":2,"ov":0}
[msc.reads] n=7 bytes=28672 lba=945..993 gap=5 ov=0
[rx] {"t":"event","op":"msc.reads","ms":360794,"gap":5,"lba0":1001,"lba1":1001,"bytes":4096,"n":1,"kind":2,"ov":0}
[msc.reads] n=1 bytes=4096 lba=1001..1001 gap=5 ov=0
[rx] {"t":"event","op":"msc.reads","ms":360799,"gap":5,"lba0":1009,"lba1":1009,"bytes":4096,"n":1,"kind":2,"ov":0}
[msc.reads] n=1 bytes=4096 lba=1009..1009 gap=5 ov=0
[rx] {"t":"event","op":"msc.reads","ms":360803,"gap":4,"lba0":1017,"lba1":1017,"bytes":4096,"n":1,"kind":2,"ov":0}
[msc.reads] n=1 bytes=4096 lba=1017..1017 gap=4 ov=0
[rx] {"t":"event","op":"msc.reads","ms":360808,"gap":5,"lba0":1025,"lba1":1033,"bytes":8192,"n":2,"kind":2,"ov":0}
[msc.reads] n=2 bytes=8192 lba=1025..1033 gap=5 ov=0
[rx] {"t":"event","op":"msc.reads","ms":360818,"gap":5,"lba0":1041,"lba1":1041,"bytes":4096,"n":1,"kind":2,"ov":0}
[msc.reads] n=1 bytes=4096 lba=1041..1041 gap=5 ov=0
[rx] {"t":"event","op":"msc.reads","ms":360823,"gap":5,"lba0":1049,"lba1":1049,"bytes":4096,"n":1,"kind":2,"ov":0}
[msc.reads] n=1 bytes=4096 lba=1049..1049 gap=5 ov=0
[rx] {"t":"event","op":"msc.reads","ms":360827,"gap":4,"lba0":1057,"lba1":1065,"bytes":8192,"n":2,"kind":2,"ov":0}
[msc.reads] n=2 bytes=8192 lba=1057..1065 gap=4 ov=0
[rx] {"t":"event","op":"msc.reads","ms":360837,"gap":5,"lba0":1073,"lba1":1073,"bytes":4096,"n":1,"kind":2,"ov":0}
[msc.reads] n=1 bytes=4096 lba=1073..1073 gap=5 ov=0
[audio] forwarded 9000 B / 2s
[rx] {"t":"event","op":"msc.reads","ms":363594,"gap":2757,"lba0":2105,"lba1":2105,"bytes":4096,"n":1,"kind":2,"ov":0}
[msc.reads] n=1 bytes=4096 lba=2105..2105 gap=2757 ov=0
[rx] {"t":"event","op":"diag","code":"play.reject","detail":"seq_short uid=fav2 from=2105 +4096B age=34739ms"}
[msc] play.reject seq_short uid=fav2 from=2105 +4096B age=34739ms
[rx] {"t":"event","op":"diag","code":"play.reject","detail":"cooldown uid=fav2 from=2105 +8192B age=34756ms"}
[msc] play.reject cooldown uid=fav2 from=2105 +8192B age=34756ms
[rx] {"t":"event","op":"msc.reads","ms":363611,"gap":17,"lba0":2113,"lba1":2145,"bytes":20480,"n":5,"kind":2,"ov":0}
[msc.reads] n=5 bytes=20480 lba=2113..2145 gap=17 ov=0
[rx] {"t":"event","op":"msc.reads","ms":363633,"gap":4,"lba0":2153,"lba1":2153,"bytes":4096,"n":1,"kind":2,"ov":0}
[msc.reads] n=1 bytes=4096 lba=2153..2153 gap=4 ov=0
[rx] {"t":"event","op":"msc.reads","ms":363637,"gap":4,"lba0":2161,"lba1":2161,"bytes":4096,"n":1,"kind":2,"ov":0}
[msc.reads] n=1 bytes=4096 lba=2161..2161 gap=4 ov=0
[rx] {"t":"event","op":"msc.reads","ms":363641,"gap":4,"lba0":2169,"lba1":2169,"bytes":4096,"n":1,"kind":2,"ov":0}
[msc.reads] n=1 bytes=4096 lba=2169..2169 gap=4 ov=0
[rx] {"t":"event","op":"msc.reads","ms":363645,"gap":4,"lba0":2177,"lba1":2321,"bytes":77824,"n":19,"kind":2,"ov":0}
[msc.reads] n=19 bytes=77824 lba=2177..2321 gap=4 ov=0
[rx] {"t":"event","op":"msc.reads","ms":363715,"gap":4,"lba0":2329,"lba1":2329,"bytes":4096,"n":1,"kind":2,"ov":0}
[msc.reads] n=1 bytes=4096 lba=2329..2329 gap=4 ov=0
[rx] {"t":"event","op":"msc.reads","ms":363719,"gap":4,"lba0":2337,"lba1":2337,"bytes":4096,"n":1,"kind":2,"ov":0}
[msc.reads] n=1 bytes=4096 lba=2337..2337 gap=4 ov=0
[rx] {"t":"event","op":"msc.reads","ms":363723,"gap":4,"lba0":2345,"lba1":2345,"bytes":4096,"n":1,"kind":2,"ov":0}
[msc.reads] n=1 bytes=4096 lba=2345..2345 gap=4 ov=0
[rx] {"t":"event","op":"msc.reads","ms":363727,"gap":4,"lba0":2353,"lba1":2353,"bytes":4096,"n":1,"kind":2,"ov":0}
[msc.reads] n=1 bytes=4096 lba=2353..2353 gap=4 ov=0
[rx] {"t":"event","op":"msc.reads","ms":363731,"gap":4,"lba0":2361,"lba1":2561,"bytes":106496,"n":26,"kind":2,"ov":0}
[msc.reads] n=26 bytes=106496 lba=2361..2561 gap=4 ov=0
[rx] {"t":"event","op":"msc.reads","ms":363826,"gap":3,"lba0":2569,"lba1":2569,"bytes":4096,"n":1,"kind":2,"ov":0}
[msc.reads] n=1 bytes=4096 lba=2569..2569 gap=3 ov=0
[rx] {"t":"event","op":"msc.reads","ms":363830,"gap":4,"lba0":2577,"lba1":2577,"bytes":4096,"n":1,"kind":2,"ov":0}
[msc.reads] n=1 bytes=4096 lba=2577..2577 gap=4 ov=0
[rx] {"t":"event","op":"msc.reads","ms":363835,"gap":5,"lba0":2585,"lba1":2585,"bytes":4096,"n":1,"kind":2,"ov":0}
[msc.reads] n=1 bytes=4096 lba=2585..2585 gap=5 ov=0
[rx] {"t":"event","op":"msc.reads","ms":363839,"gap":4,"lba0":2593,"lba1":2593,"bytes":4096,"n":1,"kind":2,"ov":0}
[msc.reads] n=1 bytes=4096 lba=2593..2593 gap=4 ov=0
[rx] {"t":"event","op":"diag","code":"play.reject","detail":"not_from_head uid=fav0 from=725 +2048B age=34996ms prefetch"}
[msc] play.reject not_from_head uid=fav0 from=725 +2048B age=34996ms prefetch
[rx] {"t":"event","op":"msc.reads","ms":363842,"gap":3,"lba0":2601,"lba1":769,"bytes":34816,"n":9,"kind":2,"ov":0}
[msc.reads] n=9 bytes=34816 lba=2601..769 gap=3 ov=0
[rx] {"t":"event","op":"msc.reads","ms":363896,"gap":5,"lba0":777,"lba1":777,"bytes":4096,"n":1,"kind":2,"ov":0}
[msc.reads] n=1 bytes=4096 lba=777..777 gap=5 ov=0
[rx] {"t":"event","op":"msc.reads","ms":363901,"gap":5,"lba0":785,"lba1":785,"bytes":4096,"n":1,"kind":2,"ov":0}
[msc.reads] n=1 bytes=4096 lba=785..785 gap=5 ov=0
[rx] {"t":"event","op":"msc.reads","ms":363906,"gap":5,"lba0":793,"lba1":793,"bytes":4096,"n":1,"kind":2,"ov":0}
[msc.reads] n=1 bytes=4096 lba=793..793 gap=5 ov=0
[rx] {"t":"event","op":"msc.reads","ms":363911,"gap":5,"lba0":801,"lba1":801,"bytes":4096,"n":1,"kind":2,"ov":0}
[msc.reads] n=1 bytes=4096 lba=801..801 gap=5 ov=0
[rx] {"t":"event","op":"msc.reads","ms":363916,"gap":5,"lba0":809,"lba1":809,"bytes":4096,"n":1,"kind":2,"ov":0}
[msc.reads] n=1 bytes=4096 lba=809..809 gap=5 ov=0
[rx] {"t":"event","op":"msc.reads","ms":363921,"gap":5,"lba0":817,"lba1":817,"bytes":4096,"n":1,"kind":2,"ov":0}
[msc.reads] n=1 bytes=4096 lba=817..817 gap=5 ov=0
[rx] {"t":"event","op":"msc.reads","ms":363926,"gap":5,"lba0":825,"lba1":825,"bytes":4096,"n":1,"kind":2,"ov":0}
[msc.reads] n=1 bytes=4096 lba=825..825 gap=5 ov=0
[rx] {"t":"event","op":"msc.reads","ms":363931,"gap":5,"lba0":833,"lba1":833,"bytes":4096,"n":1,"kind":2,"ov":0}
[msc.reads] n=1 bytes=4096 lba=833..833 gap=5 ov=0
[rx] {"t":"event","op":"msc.reads","ms":363936,"gap":5,"lba0":841,"lba1":841,"bytes":4096,"n":1,"kind":2,"ov":0}
[msc.reads] n=1 bytes=4096 lba=841..841 gap=5 ov=0
[rx] {"t":"event","op":"msc.reads","ms":363941,"gap":5,"lba0":849,"lba1":865,"bytes":12288,"n":3,"kind":2,"ov":0}
[msc.reads] n=3 bytes=12288 lba=849..865 gap=5 ov=0
[rx] {"t":"event","op":"msc.reads","ms":363955,"gap":5,"lba0":873,"lba1":873,"bytes":4096,"n":1,"kind":2,"ov":0}
[msc.reads] n=1 bytes=4096 lba=873..873 gap=5 ov=0
[rx] {"t":"event","op":"msc.reads","ms":363960,"gap":5,"lba0":881,"lba1":881,"bytes":4096,"n":1,"kind":2,"ov":0}
[msc.reads] n=1 bytes=4096 lba=881..881 gap=5 ov=0
[rx] {"t":"event","op":"msc.reads","ms":363965,"gap":5,"lba0":889,"lba1":889,"bytes":4096,"n":1,"kind":2,"ov":0}
[msc.reads] n=1 bytes=4096 lba=889..889 gap=5 ov=0
[rx] {"t":"event","op":"msc.reads","ms":363970,"gap":5,"lba0":897,"lba1":897,"bytes":4096,"n":1,"kind":2,"ov":0}
[msc.reads] n=1 bytes=4096 lba=897..897 gap=5 ov=0
[rx] {"t":"event","op":"msc.reads","ms":363975,"gap":5,"lba0":905,"lba1":2689,"bytes":131072,"n":32,"kind":2,"ov":0}
[msc.reads] n=32 bytes=131072 lba=905..2689 gap=5 ov=0
[rx] {"t":"event","op":"msc.reads","ms":364114,"gap":4,"lba0":2697,"lba1":2769,"bytes":38912,"n":10,"kind":2,"ov":0}
[msc.reads] n=10 bytes=38912 lba=2697..2769 gap=4 ov=0
[audio] forwarded 18000 B / 2s
[audio] forwarded 18000 B / 2s
[audio] forwarded 18000 B / 2s
[audio] forwarded 18000 B / 2s
[audio] forwarded 18000 B / 2s
[audio] forwarded 18000 B / 2s
[audio] forwarded 18000 B / 2s
[audio] forwarded 18000 B / 2s
[audio] forwarded 18000 B / 2s
[audio] forwarded 18000 B / 2s
[audio] forwarded 17192 B / 2s
[bridge] link lost (timed out) — reconnect in 3.0s
[tx] {"t":"hello","ver":1}
[bridge] reconnected tcp:192.168.178.89:9090 hello_ack=missing (menu sync pending, grace=9)
[tx] {"t":"ping"}
[audio] forwarded 5928 B / 2s
[tx] {"t":"ping"}
[tx] {"t":"ping"}
[bridge] link lost ([Errno 32] Broken pipe) — reconnect in 3.0s
[tx] {"t":"hello","ver":1}
[rx] {"t":"hello_ack","ver":"0.4.36-dev","fw":"pidrive","slots":4,"page":true,"audio":true,"bin":true,"tcp":true,"tcpPort":9090}
[hello_ack] ver=0.4.36-dev slots=4 page=True tcp=True
[tx] {"t":"menu_set","rev":2735,"page":0,"items":[{"uid":"fav0","name":"Rock Antenne","kind":"station"},{"uid":"fav1","name":"Rock Antenne Bayern","kind":"station"},{"uid":"fav2","name":"Radio BOB!","kind":"station"},{"uid":"pump:page_next","name":"Menue","kind":"action"}]}
[bridge] reconnected tcp:192.168.178.89:9090 hello_ack=ok (menu snapshot resent rev=2735 grace=9)
[tx] {"t":"ping"}
[rx] {"t":"menu_ack","ok":true,"n":4,"rev":2735}
[menu_ack] ok=True n=4 rev=2735
[rx] {"t":"pong"}
[tx] {"t":"ping"}
[rx] {"t":"pong"}
[tx] {"t":"ping"}
[rx] {"t":"pong"}
[tx] {"t":"ping"}
[rx] {"t":"pong"}
[tx] {"t":"ping"}
[tx] {"t":"ping"}
[tx] {"t":"ping"}
[tx] {"t":"ping"}
[tx] {"t":"ping"}
[rx] {"t":"pong"}
[rx] {"t":"pong"}
[rx] {"t":"pong"}
[rx] {"t":"pong"}
[rx] {"t":"pong"}
[tx] {"t":"ping"}
[rx] {"t":"pong"}
[tx] {"t":"ping"}
[rx] {"t":"pong"}
[tx] {"t":"ping"}
[rx] {"t":"pong"}
[tx] {"t":"ping"}
[rx] {"t":"pong"}
[tx] {"t":"ping"}
[rx] {"t":"pong"}
[tx] {"t":"ping"}
[rx] {"t":"pong"}
[tx] {"t":"ping"}
[rx] {"t":"pong"}
[tx] {"t":"ping"}
[rx] {"t":"pong"}
[tx] {"t":"ping"}
[tx] {"t":"ping"}
[rx] {"t":"pong"}
[rx] {"t":"pong"}
[tx] {"t":"ping"}
[rx] {"t":"pong"}
[tx] {"t":"ping"}
[rx] {"t":"pong"}
[tx] {"t":"ping"}
[rx] {"t":"pong"}
[tx] {"t":"ping"}
[tx] {"t":"ping"}
[rx] {"t":"pong"}
[rx] {"t":"pong"}
[tx] {"t":"ping"}
[rx] {"t":"pong"}
[tx] {"t":"ping"}
[rx] {"t":"pong"}
[tx] {"t":"ping"}
[rx] {"t":"pong"}
[tx] {"t":"ping"}
[rx] {"t":"pong"}
[tx] {"t":"ping"}
[rx] {"t":"pong"}
[tx] {"t":"ping"}
[rx] {"t":"pong"}
[tx] {"t":"ping"}
[rx] {"t":"pong"}
[tx] {"t":"ping"}
[rx] {"t":"pong"}
[tx] {"t":"ping"}
[rx] {"t":"pong"}
[tx] {"t":"ping"}
[rx] {"t":"pong"}
[tx] {"t":"ping"}
[rx] {"t":"pong"}
[tx] {"t":"ping"}
[rx] {"t":"pong"}
[tx] {"t":"ping"}
[rx] {"t":"pong"}
[tx] {"t":"ping"}
[rx] {"t":"pong"}
[tx] {"t":"ping"}
[rx] {"t":"pong"}
[tx] {"t":"ping"}
[rx] {"t":"pong"}
[tx] {"t":"ping"}
[rx] {"t":"pong"}
[tx] {"t":"ping"}
[rx] {"t":"pong"}
[tx] {"t":"ping"}
[rx] {"t":"pong"}
[tx] {"t":"ping"}
[rx] {"t":"pong"}
[tx] {"t":"ping"}
[rx] {"t":"pong"}
[tx] {"t":"ping"}
[rx] {"t":"pong"}
[tx] {"t":"ping"}
[rx] {"t":"pong"}
[tx] {"t":"ping"}
[tx] {"t":"ping"}
[tx] {"t":"ping"}
[tx] {"t":"ping"}
[tx] {"t":"ping"}
[tx] {"t":"ping"}
[rx] {"t":"pong"}
[rx] {"t":"event","op":"diag","code":"msc.phase","detail":"idle unplug"}
[msc] msc.phase idle unplug
[rx] {"t":"event","op":"diag","code":"msc.phase","detail":"scan plug"}
[msc] msc.phase scan plug
[rx] {"t":"event","op":"diag","code":"msc.first_read","detail":"1004 ms"}
[msc] msc.first_read 1004 ms
[rx] {"t":"event","op":"msc.reads","ms":506844,"gap":0,"lba0":0,"lba1":0,"bytes":4096,"n":1,"kind":4,"ov":0}
[msc.reads] n=1 bytes=4096 lba=0..0 gap=0 ov=0
[rx] {"t":"pong"}
[rx] {"t":"pong"}
[rx] {"t":"pong"}
[rx] {"t":"pong"}
[rx] {"t":"event","op":"diag","code":"msc.phase","detail":"quiet cache?"}
[msc] msc.phase quiet cache?
[rx] {"t":"event","op":"diag","code":"msc.quiet","detail":"file=557056B age=2041ms"}
[msc] msc.quiet file=557056B age=2041ms
[rx] {"t":"event","op":"msc.reads","ms":507719,"gap":4,"lba0":2625,"lba1":969,"bytes":79872,"n":20,"kind":2,"ov":100}
[msc.reads] n=20 bytes=79872 lba=2625..969 gap=4 ov=100
[rx] {"t":"event","op":"msc.reads","ms":507853,"gap":66,"lba0":977,"lba1":873,"bytes":131072,"n":32,"kind":2,"ov":100}
[msc.reads] n=32 bytes=131072 lba=977..873 gap=66 ov=100
[rx] {"t":"event","op":"msc.reads","ms":508003,"gap":5,"lba0":881,"lba1":725,"bytes":47104,"n":12,"kind":2,"ov":100}
[msc.reads] n=12 bytes=47104 lba=881..725 gap=5 ov=100
[tx] {"t":"ping"}
[tx] {"t":"ping"}
[rx] {"t":"pong"}
[rx] {"t":"pong"}
[rx] {"t":"pong"}
[tx] {"t":"ping"}
[rx] {"t":"pong"}
[rx] {"t":"event","op":"msc.reads","ms":516381,"gap":8327,"lba0":1081,"lba1":1081,"bytes":4096,"n":1,"kind":2,"ov":100}
[msc.reads] n=1 bytes=4096 lba=1081..1081 gap=8327 ov=100
[rx] {"t":"event","op":"diag","code":"play.reject","detail":"seq_short uid=fav1 from=1081 +4096B age=10542ms"}
[msc] play.reject seq_short uid=fav1 from=1081 +4096B age=10542ms
[rx] {"t":"event","op":"diag","code":"msc.phase","detail":"play Rock Antenne Bayern"}
[msc] msc.phase play Rock Antenne Bayern
[rx] {"t":"event","op":"msc.reads","ms":516399,"gap":18,"lba0":1089,"lba1":1089,"bytes":4096,"n":1,"kind":2,"ov":100}
[msc.reads] n=1 bytes=4096 lba=1089..1089 gap=18 ov=100
[rx] {"t":"event","op":"play_uid","uid":"fav1"}
[trace] t=0ms play_uid=fav1
[audio] ignore rapid fav1 (have fav0)
[rx] {"t":"event","op":"msc.reads","ms":516482,"gap":83,"lba0":1097,"lba1":1097,"bytes":4096,"n":1,"kind":2,"ov":100}
[msc.reads] n=1 bytes=4096 lba=1097..1097 gap=83 ov=100
[tx] {"t":"ping"}
[tx] {"t":"ping"}
[rx] {"t":"event","op":"msc.reads","ms":516546,"gap":64,"lba0":1105,"lba1":1289,"bytes":98304,"n":24,"kind":2,"ov":100}
[msc.reads] n=24 bytes=98304 lba=1105..1289 gap=64 ov=100
[rx] {"t":"event","op":"diag","code":"play.reject","detail":"seq_short uid=fav0 from=65 +4096B age=10847ms prefetch"}
[msc] play.reject seq_short uid=fav0 from=65 +4096B age=10847ms prefetch
[rx] {"t":"event","op":"diag","code":"play.reject","detail":"cooldown uid=fav0 from=65 +8192B age=11016ms"}
[msc] play.reject cooldown uid=fav0 from=65 +8192B age=11016ms
[rx] {"t":"event","op":"msc.reads","ms":517041,"gap":185,"lba0":81,"lba1":81,"bytes":4096,"n":1,"kind":2,"ov":100}
[msc.reads] n=1 bytes=4096 lba=81..81 gap=185 ov=100
[rx] {"t":"event","op":"msc.reads","ms":517147,"gap":6,"lba0":249,"lba1":497,"bytes":131072,"n":32,"kind":2,"ov":120}
[msc.reads] n=32 bytes=131072 lba=249..497 gap=6 ov=120
[rx] {"t":"event","op":"msc.reads","ms":517307,"gap":5,"lba0":505,"lba1":753,"bytes":131072,"n":32,"kind":2,"ov":120}
[msc.reads] n=32 bytes=131072 lba=505..753 gap=5 ov=120
[rx] {"t":"pong"}
[rx] {"t":"pong"}
[tx] {"t":"ping"}
[tx] {"t":"ping"}
[rx] {"t":"pong"}
[rx] {"t":"pong"}
[tx] {"t":"ping"}
[rx] {"t":"pong"}
[tx] {"t":"ping"}
[rx] {"t":"pong"}
[tx] {"t":"ping"}
[rx] {"t":"pong"}
[tx] {"t":"ping"}
[tx] {"t":"ping"}
[tx] {"t":"ping"}
[tx] {"t":"ping"}
[rx] {"t":"pong"}
[rx] {"t":"pong"}
[rx] {"t":"pong"}
[rx] {"t":"pong"}
[tx] {"t":"ping"}
[rx] {"t":"pong"}
[tx] {"t":"ping"}
[rx] {"t":"pong"}
[tx] {"t":"ping"}
[tx] {"t":"ping"}
[tx] {"t":"ping"}
[tx] {"t":"ping"}
[tx] {"t":"ping"}
[tx] {"t":"ping"}
[tx] {"t":"ping"}
[tx] {"t":"menu_set","rev":2736,"page":0,"items":[{"uid":"fav0","name":"Rock Antenne","kind":"station"},{"uid":"fav1","name":"Rock Antenne Bayern","kind":"station"},{"uid":"fav2","name":"Radio BOB!","kind":"station"},{"uid":"pump:page_next","name":"Menue","kind":"action"}]}
[tx] {"t":"ping"}
[tx] {"t":"menu_set","rev":2736,"page":0,"items":[{"uid":"fav0","name":"Rock Antenne","kind":"station"},{"uid":"fav1","name":"Rock Antenne Bayern","kind":"station"},{"uid":"fav2","name":"Radio BOB!","kind":"station"},{"uid":"pump:page_next","name":"Menue","kind":"action"}]}
[tx] {"t":"ping"}
[tx] {"t":"ping"}
[tx] {"t":"menu_set","rev":2736,"page":0,"items":[{"uid":"fav0","name":"Rock Antenne","kind":"station"},{"uid":"fav1","name":"Rock Antenne Bayern","kind":"station"},{"uid":"fav2","name":"Radio BOB!","kind":"station"},{"uid":"pump:page_next","name":"Menue","kind":"action"}]}
[tx] {"t":"ping"}
[tx] {"t":"ping"}
[tx] {"t":"menu_set","rev":2736,"page":0,"items":[{"uid":"fav0","name":"Rock Antenne","kind":"station"},{"uid":"fav1","name":"Rock Antenne Bayern","kind":"station"},{"uid":"fav2","name":"Radio BOB!","kind":"station"},{"uid":"pump:page_next","name":"Menue","kind":"action"}]}
[tx] {"t":"ping"}
[tx] {"t":"menu_set","rev":2736,"page":0,"items":[{"uid":"fav0","name":"Rock Antenne","kind":"station"},{"uid":"fav1","name":"Rock Antenne Bayern","kind":"station"},{"uid":"fav2","name":"Radio BOB!","kind":"station"},{"uid":"pump:page_next","name":"Menue","kind":"action"}]}
[tx] {"t":"ping"}
[tx] {"t":"ping"}
[tx] {"t":"menu_set","rev":2736,"page":0,"items":[{"uid":"fav0","name":"Rock Antenne","kind":"station"},{"uid":"fav1","name":"Rock Antenne Bayern","kind":"station"},{"uid":"fav2","name":"Radio BOB!","kind":"station"},{"uid":"pump:page_next","name":"Menue","kind":"action"}]}
[tx] {"t":"ping"}
[tx] {"t":"menu_set","rev":2736,"page":0,"items":[{"uid":"fav0","name":"Rock Antenne","kind":"station"},{"uid":"fav1","name":"Rock Antenne Bayern","kind":"station"},{"uid":"fav2","name":"Radio BOB!","kind":"station"},{"uid":"pump:page_next","name":"Menue","kind":"action"}]}
[tx] {"t":"ping"}
[tx] {"t":"ping"}
[tx] {"t":"menu_set","rev":2736,"page":0,"items":[{"uid":"fav0","name":"Rock Antenne","kind":"station"},{"uid":"fav1","name":"Rock Antenne Bayern","kind":"station"},{"uid":"fav2","name":"Radio BOB!","kind":"station"},{"uid":"pump:page_next","name":"Menue","kind":"action"}]}
[tx] {"t":"ping"}
[tx] {"t":"ping"}
[tx] {"t":"menu_set","rev":2736,"page":0,"items":[{"uid":"fav0","name":"Rock Antenne","kind":"station"},{"uid":"fav1","name":"Rock Antenne Bayern","kind":"station"},{"uid":"fav2","name":"Radio BOB!","kind":"station"},{"uid":"pump:page_next","name":"Menue","kind":"action"}]}
[tx] {"t":"ping"}
[tx] {"t":"menu_set","rev":2736,"page":0,"items":[{"uid":"fav0","name":"Rock Antenne","kind":"station"},{"uid":"fav1","name":"Rock Antenne Bayern","kind":"station"},{"uid":"fav2","name":"Radio BOB!","kind":"station"},{"uid":"pump:page_next","name":"Menue","kind":"action"}]}
[tx] {"t":"ping"}
[tx] {"t":"ping"}
[tx] {"t":"menu_set","rev":2736,"page":0,"items":[{"uid":"fav0","name":"Rock Antenne","kind":"station"},{"uid":"fav1","name":"Rock Antenne Bayern","kind":"station"},{"uid":"fav2","name":"Radio BOB!","kind":"station"},{"uid":"pump:page_next","name":"Menue","kind":"action"}]}
[tx] {"t":"ping"}
[tx] {"t":"menu_set","rev":2737,"page":0,"items":[{"uid":"fav0","name":"Rock Antenne","kind":"station"},{"uid":"fav1","name":"Rock Antenne Bayern","kind":"station"},{"uid":"fav2","name":"Radio BOB!","kind":"station"},{"uid":"pump:page_next","name":"Menue","kind":"action"}]}
[tx] {"t":"ping"}
[tx] {"t":"ping"}
[tx] {"t":"menu_set","rev":2737,"page":0,"items":[{"uid":"fav0","name":"Rock Antenne","kind":"station"},{"uid":"fav1","name":"Rock Antenne Bayern","kind":"station"},{"uid":"fav2","name":"Radio BOB!","kind":"station"},{"uid":"pump:page_next","name":"Menue","kind":"action"}]}
[tx] {"t":"ping"}
[tx] {"t":"ping"}
[tx] {"t":"menu_set","rev":2737,"page":0,"items":[{"uid":"fav0","name":"Rock Antenne","kind":"station"},{"uid":"fav1","name":"Rock Antenne Bayern","kind":"station"},{"uid":"fav2","name":"Radio BOB!","kind":"station"},{"uid":"pump:page_next","name":"Menue","kind":"action"}]}
[tx] {"t":"ping"}
[tx] {"t":"menu_set","rev":2737,"page":0,"items":[{"uid":"fav0","name":"Rock Antenne","kind":"station"},{"uid":"fav1","name":"Rock Antenne Bayern","kind":"station"},{"uid":"fav2","name":"Radio BOB!","kind":"station"},{"uid":"pump:page_next","name":"Menue","kind":"action"}]}
[tx] {"t":"ping"}
[tx] {"t":"ping"}
[tx] {"t":"menu_set","rev":2737,"page":0,"items":[{"uid":"fav0","name":"Rock Antenne","kind":"station"},{"uid":"fav1","name":"Rock Antenne Bayern","kind":"station"},{"uid":"fav2","name":"Radio BOB!","kind":"station"},{"uid":"pump:page_next","name":"Menue","kind":"action"}]}
[tx] {"t":"ping"}
[tx] {"t":"menu_set","rev":2737,"page":0,"items":[{"uid":"fav0","name":"Rock Antenne","kind":"station"},{"uid":"fav1","name":"Rock Antenne Bayern","kind":"station"},{"uid":"fav2","name":"Radio BOB!","kind":"station"},{"uid":"pump:page_next","name":"Menue","kind":"action"}]}
[tx] {"t":"ping"}
[tx] {"t":"ping"}
[tx] {"t":"menu_set","rev":2737,"page":0,"items":[{"uid":"fav0","name":"Rock Antenne","kind":"station"},{"uid":"fav1","name":"Rock Antenne Bayern","kind":"station"},{"uid":"fav2","name":"Radio BOB!","kind":"station"},{"uid":"pump:page_next","name":"Menue","kind":"action"}]}
[tx] {"t":"ping"}
[tx] {"t":"menu_set","rev":2737,"page":0,"items":[{"uid":"fav0","name":"Rock Antenne","kind":"station"},{"uid":"fav1","name":"Rock Antenne Bayern","kind":"station"},{"uid":"fav2","name":"Radio BOB!","kind":"station"},{"uid":"pump:page_next","name":"Menue","kind":"action"}]}
[tx] {"t":"ping"}
[tx] {"t":"ping"}
[tx] {"t":"menu_set","rev":2737,"page":0,"items":[{"uid":"fav0","name":"Rock Antenne","kind":"station"},{"uid":"fav1","name":"Rock Antenne Bayern","kind":"station"},{"uid":"fav2","name":"Radio BOB!","kind":"station"},{"uid":"pump:page_next","name":"Menue","kind":"action"}]}
[tx] {"t":"ping"}
[tx] {"t":"ping"}
[tx] {"t":"menu_set","rev":2737,"page":0,"items":[{"uid":"fav0","name":"Rock Antenne","kind":"station"},{"uid":"fav1","name":"Rock Antenne Bayern","kind":"station"},{"uid":"fav2","name":"Radio BOB!","kind":"station"},{"uid":"pump:page_next","name":"Menue","kind":"action"}]}
[tx] {"t":"ping"}
[tx] {"t":"menu_set","rev":2737,"page":0,"items":[{"uid":"fav0","name":"Rock Antenne","kind":"station"},{"uid":"fav1","name":"Rock Antenne Bayern","kind":"station"},{"uid":"fav2","name":"Radio BOB!","kind":"station"},{"uid":"pump:page_next","name":"Menue","kind":"action"}]}
[tx] {"t":"ping"}
[tx] {"t":"ping"}
[tx] {"t":"menu_set","rev":2737,"page":0,"items":[{"uid":"fav0","name":"Rock Antenne","kind":"station"},{"uid":"fav1","name":"Rock Antenne Bayern","kind":"station"},{"uid":"fav2","name":"Radio BOB!","kind":"station"},{"uid":"pump:page_next","name":"Menue","kind":"action"}]}
[tx] {"t":"ping"}
[tx] {"t":"menu_set","rev":2737,"page":0,"items":[{"uid":"fav0","name":"Rock Antenne","kind":"station"},{"uid":"fav1","name":"Rock Antenne Bayern","kind":"station"},{"uid":"fav2","name":"Radio BOB!","kind":"station"},{"uid":"pump:page_next","name":"Menue","kind":"action"}]}
[tx] {"t":"ping"}
[tx] {"t":"ping"}
[tx] {"t":"menu_set","rev":2737,"page":0,"items":[{"uid":"fav0","name":"Rock Antenne","kind":"station"},{"uid":"fav1","name":"Rock Antenne Bayern","kind":"station"},{"uid":"fav2","name":"Radio BOB!","kind":"station"},{"uid":"pump:page_next","name":"Menue","kind":"action"}]}
[tx] {"t":"ping"}
[tx] {"t":"ping"}
[tx] {"t":"menu_set","rev":2737,"page":0,"items":[{"uid":"fav0","name":"Rock Antenne","kind":"station"},{"uid":"fav1","name":"Rock Antenne Bayern","kind":"station"},{"uid":"fav2","name":"Radio BOB!","kind":"station"},{"uid":"pump:page_next","name":"Menue","kind":"action"}]}
[tx] {"t":"ping"}
[tx] {"t":"menu_set","rev":2737,"page":0,"items":[{"uid":"fav0","name":"Rock Antenne","kind":"station"},{"uid":"fav1","name":"Rock Antenne Bayern","kind":"station"},{"uid":"fav2","name":"Radio BOB!","kind":"station"},{"uid":"pump:page_next","name":"Menue","kind":"action"}]}
[tx] {"t":"ping"}
[tx] {"t":"ping"}
[tx] {"t":"menu_set","rev":2737,"page":0,"items":[{"uid":"fav0","name":"Rock Antenne","kind":"station"},{"uid":"fav1","name":"Rock Antenne Bayern","kind":"station"},{"uid":"fav2","name":"Radio BOB!","kind":"station"},{"uid":"pump:page_next","name":"Menue","kind":"action"}]}
[tx] {"t":"ping"}
[tx] {"t":"menu_set","rev":2737,"page":0,"items":[{"uid":"fav0","name":"Rock Antenne","kind":"station"},{"uid":"fav1","name":"Rock Antenne Bayern","kind":"station"},{"uid":"fav2","name":"Radio BOB!","kind":"station"},{"uid":"pump:page_next","name":"Menue","kind":"action"}]}
[tx] {"t":"ping"}
[tx] {"t":"ping"}
[tx] {"t":"menu_set","rev":2737,"page":0,"items":[{"uid":"fav0","name":"Rock Antenne","kind":"station"},{"uid":"fav1","name":"Rock Antenne Bayern","kind":"station"},{"uid":"fav2","name":"Radio BOB!","kind":"station"},{"uid":"pump:page_next","name":"Menue","kind":"action"}]}
[tx] {"t":"ping"}
[tx] {"t":"ping"}
[tx] {"t":"menu_set","rev":2737,"page":0,"items":[{"uid":"fav0","name":"Rock Antenne","kind":"station"},{"uid":"fav1","name":"Rock Antenne Bayern","kind":"station"},{"uid":"fav2","name":"Radio BOB!","kind":"station"},{"uid":"pump:page_next","name":"Menue","kind":"action"}]}
[tx] {"t":"ping"}
[tx] {"t":"menu_set","rev":2737,"page":0,"items":[{"uid":"fav0","name":"Rock Antenne","kind":"station"},{"uid":"fav1","name":"Rock Antenne Bayern","kind":"station"},{"uid":"fav2","name":"Radio BOB!","kind":"station"},{"uid":"pump:page_next","name":"Menue","kind":"action"}]}
[tx] {"t":"ping"}
[tx] {"t":"ping"}
[tx] {"t":"menu_set","rev":2737,"page":0,"items":[{"uid":"fav0","name":"Rock Antenne","kind":"station"},{"uid":"fav1","name":"Rock Antenne Bayern","kind":"station"},{"uid":"fav2","name":"Radio BOB!","kind":"station"},{"uid":"pump:page_next","name":"Menue","kind":"action"}]}
[tx] {"t":"ping"}
[tx] {"t":"menu_set","rev":2737,"page":0,"items":[{"uid":"fav0","name":"Rock Antenne","kind":"station"},{"uid":"fav1","name":"Rock Antenne Bayern","kind":"station"},{"uid":"fav2","name":"Radio BOB!","kind":"station"},{"uid":"pump:page_next","name":"Menue","kind":"action"}]}
[tx] {"t":"ping"}
[tx] {"t":"ping"}
[tx] {"t":"menu_set","rev":2737,"page":0,"items":[{"uid":"fav0","name":"Rock Antenne","kind":"station"},{"uid":"fav1","name":"Rock Antenne Bayern","kind":"station"},{"uid":"fav2","name":"Radio BOB!","kind":"station"},{"uid":"pump:page_next","name":"Menue","kind":"action"}]}
[tx] {"t":"ping"}
[tx] {"t":"menu_set","rev":2737,"page":0,"items":[{"uid":"fav0","name":"Rock Antenne","kind":"station"},{"uid":"fav1","name":"Rock Antenne Bayern","kind":"station"},{"uid":"fav2","name":"Radio BOB!","kind":"station"},{"uid":"pump:page_next","name":"Menue","kind":"action"}]}
[tx] {"t":"ping"}
[tx] {"t":"ping"}
[tx] {"t":"menu_set","rev":2737,"page":0,"items":[{"uid":"fav0","name":"Rock Antenne","kind":"station"},{"uid":"fav1","name":"Rock Antenne Bayern","kind":"station"},{"uid":"fav2","name":"Radio BOB!","kind":"station"},{"uid":"pump:page_next","name":"Menue","kind":"action"}]}
[tx] {"t":"ping"}
[tx] {"t":"ping"}
[tx] {"t":"menu_set","rev":2737,"page":0,"items":[{"uid":"fav0","name":"Rock Antenne","kind":"station"},{"uid":"fav1","name":"Rock Antenne Bayern","kind":"station"},{"uid":"fav2","name":"Radio BOB!","kind":"station"},{"uid":"pump:page_next","name":"Menue","kind":"action"}]}
[tx] {"t":"ping"}
[tx] {"t":"menu_set","rev":2737,"page":0,"items":[{"uid":"fav0","name":"Rock Antenne","kind":"station"},{"uid":"fav1","name":"Rock Antenne Bayern","kind":"station"},{"uid":"fav2","name":"Radio BOB!","kind":"station"},{"uid":"pump:page_next","name":"Menue","kind":"action"}]}
[tx] {"t":"ping"}
[tx] {"t":"ping"}
[tx] {"t":"menu_set","rev":2737,"page":0,"items":[{"uid":"fav0","name":"Rock Antenne","kind":"station"},{"uid":"fav1","name":"Rock Antenne Bayern","kind":"station"},{"uid":"fav2","name":"Radio BOB!","kind":"station"},{"uid":"pump:page_next","name":"Menue","kind":"action"}]}
[tx] {"t":"ping"}
[tx] {"t":"menu_set","rev":2737,"page":0,"items":[{"uid":"fav0","name":"Rock Antenne","kind":"station"},{"uid":"fav1","name":"Rock Antenne Bayern","kind":"station"},{"uid":"fav2","name":"Radio BOB!","kind":"station"},{"uid":"pump:page_next","name":"Menue","kind":"action"}]}
[tx] {"t":"ping"}
[tx] {"t":"ping"}
[tx] {"t":"menu_set","rev":2737,"page":0,"items":[{"uid":"fav0","name":"Rock Antenne","kind":"station"},{"uid":"fav1","name":"Rock Antenne Bayern","kind":"station"},{"uid":"fav2","name":"Radio BOB!","kind":"station"},{"uid":"pump:page_next","name":"Menue","kind":"action"}]}
[tx] {"t":"ping"}
[tx] {"t":"ping"}
[tx] {"t":"menu_set","rev":2737,"page":0,"items":[{"uid":"fav0","name":"Rock Antenne","kind":"station"},{"uid":"fav1","name":"Rock Antenne Bayern","kind":"station"},{"uid":"fav2","name":"Radio BOB!","kind":"station"},{"uid":"pump:page_next","name":"Menue","kind":"action"}]}
[tx] {"t":"ping"}
[tx] {"t":"menu_set","rev":2737,"page":0,"items":[{"uid":"fav0","name":"Rock Antenne","kind":"station"},{"uid":"fav1","name":"Rock Antenne Bayern","kind":"station"},{"uid":"fav2","name":"Radio BOB!","kind":"station"},{"uid":"pump:page_next","name":"Menue","kind":"action"}]}
[tx] {"t":"ping"}
[tx] {"t":"ping"}
[tx] {"t":"menu_set","rev":2737,"page":0,"items":[{"uid":"fav0","name":"Rock Antenne","kind":"station"},{"uid":"fav1","name":"Rock Antenne Bayern","kind":"station"},{"uid":"fav2","name":"Radio BOB!","kind":"station"},{"uid":"pump:page_next","name":"Menue","kind":"action"}]}
[tx] {"t":"ping"}
[tx] {"t":"menu_set","rev":2737,"page":0,"items":[{"uid":"fav0","name":"Rock Antenne","kind":"station"},{"uid":"fav1","name":"Rock Antenne Bayern","kind":"station"},{"uid":"fav2","name":"Radio BOB!","kind":"station"},{"uid":"pump:page_next","name":"Menue","kind":"action"}]}
[tx] {"t":"ping"}
[tx] {"t":"ping"}
[tx] {"t":"menu_set","rev":2737,"page":0,"items":[{"uid":"fav0","name":"Rock Antenne","kind":"station"},{"uid":"fav1","name":"Rock Antenne Bayern","kind":"station"},{"uid":"fav2","name":"Radio BOB!","kind":"station"},{"uid":"pump:page_next","name":"Menue","kind":"action"}]}
[tx] {"t":"ping"}
[tx] {"t":"ping"}
[tx] {"t":"menu_set","rev":2737,"page":0,"items":[{"uid":"fav0","name":"Rock Antenne","kind":"station"},{"uid":"fav1","name":"Rock Antenne Bayern","kind":"station"},{"uid":"fav2","name":"Radio BOB!","kind":"station"},{"uid":"pump:page_next","name":"Menue","kind":"action"}]}
[tx] {"t":"ping"}
[tx] {"t":"menu_set","rev":2737,"page":0,"items":[{"uid":"fav0","name":"Rock Antenne","kind":"station"},{"uid":"fav1","name":"Rock Antenne Bayern","kind":"station"},{"uid":"fav2","name":"Radio BOB!","kind":"station"},{"uid":"pump:page_next","name":"Menue","kind":"action"}]}
[tx] {"t":"ping"}
[tx] {"t":"ping"}
[tx] {"t":"menu_set","rev":2737,"page":0,"items":[{"uid":"fav0","name":"Rock Antenne","kind":"station"},{"uid":"fav1","name":"Rock Antenne Bayern","kind":"station"},{"uid":"fav2","name":"Radio BOB!","kind":"station"},{"uid":"pump:page_next","name":"Menue","kind":"action"}]}
[tx] {"t":"ping"}
[tx] {"t":"menu_set","rev":2737,"page":0,"items":[{"uid":"fav0","name":"Rock Antenne","kind":"station"},{"uid":"fav1","name":"Rock Antenne Bayern","kind":"station"},{"uid":"fav2","name":"Radio BOB!","kind":"station"},{"uid":"pump:page_next","name":"Menue","kind":"action"}]}
[tx] {"t":"ping"}
[tx] {"t":"ping"}
[tx] {"t":"menu_set","rev":2737,"page":0,"items":[{"uid":"fav0","name":"Rock Antenne","kind":"station"},{"uid":"fav1","name":"Rock Antenne Bayern","kind":"station"},{"uid":"fav2","name":"Radio BOB!","kind":"station"},{"uid":"pump:page_next","name":"Menue","kind":"action"}]}
[tx] {"t":"ping"}
[tx] {"t":"menu_set","rev":2737,"page":0,"items":[{"uid":"fav0","name":"Rock Antenne","kind":"station"},{"uid":"fav1","name":"Rock Antenne Bayern","kind":"station"},{"uid":"fav2","name":"Radio BOB!","kind":"station"},{"uid":"pump:page_next","name":"Menue","kind":"action"}]}
[tx] {"t":"ping"}
[tx] {"t":"ping"}
[tx] {"t":"menu_set","rev":2737,"page":0,"items":[{"uid":"fav0","name":"Rock Antenne","kind":"station"},{"uid":"fav1","name":"Rock Antenne Bayern","kind":"station"},{"uid":"fav2","name":"Radio BOB!","kind":"station"},{"uid":"pump:page_next","name":"Menue","kind":"action"}]}
[tx] {"t":"ping"}
[tx] {"t":"ping"}
[tx] {"t":"menu_set","rev":2737,"page":0,"items":[{"uid":"fav0","name":"Rock Antenne","kind":"station"},{"uid":"fav1","name":"Rock Antenne Bayern","kind":"station"},{"uid":"fav2","name":"Radio BOB!","kind":"station"},{"uid":"pump:page_next","name":"Menue","kind":"action"}]}
[tx] {"t":"ping"}
[tx] {"t":"menu_set","rev":2737,"page":0,"items":[{"uid":"fav0","name":"Rock Antenne","kind":"station"},{"uid":"fav1","name":"Rock Antenne Bayern","kind":"station"},{"uid":"fav2","name":"Radio BOB!","kind":"station"},{"uid":"pump:page_next","name":"Menue","kind":"action"}]}
[tx] {"t":"ping"}
[tx] {"t":"ping"}
[tx] {"t":"menu_set","rev":2737,"page":0,"items":[{"uid":"fav0","name":"Rock Antenne","kind":"station"},{"uid":"fav1","name":"Rock Antenne Bayern","kind":"station"},{"uid":"fav2","name":"Radio BOB!","kind":"station"},{"uid":"pump:page_next","name":"Menue","kind":"action"}]}
[tx] {"t":"ping"}
[tx] {"t":"menu_set","rev":2737,"page":0,"items":[{"uid":"fav0","name":"Rock Antenne","kind":"station"},{"uid":"fav1","name":"Rock Antenne Bayern","kind":"station"},{"uid":"fav2","name":"Radio BOB!","kind":"station"},{"uid":"pump:page_next","name":"Menue","kind":"action"}]}
[tx] {"t":"ping"}
[tx] {"t":"ping"}
[tx] {"t":"menu_set","rev":2737,"page":0,"items":[{"uid":"fav0","name":"Rock Antenne","kind":"station"},{"uid":"fav1","name":"Rock Antenne Bayern","kind":"station"},{"uid":"fav2","name":"Radio BOB!","kind":"station"},{"uid":"pump:page_next","name":"Menue","kind":"action"}]}
[tx] {"t":"ping"}
[tx] {"t":"ping"}
[tx] {"t":"menu_set","rev":2737,"page":0,"items":[{"uid":"fav0","name":"Rock Antenne","kind":"station"},{"uid":"fav1","name":"Rock Antenne Bayern","kind":"station"},{"uid":"fav2","name":"Radio BOB!","kind":"station"},{"uid":"pump:page_next","name":"Menue","kind":"action"}]}
[tx] {"t":"ping"}
[tx] {"t":"menu_set","rev":2737,"page":0,"items":[{"uid":"fav0","name":"Rock Antenne","kind":"station"},{"uid":"fav1","name":"Rock Antenne Bayern","kind":"station"},{"uid":"fav2","name":"Radio BOB!","kind":"station"},{"uid":"pump:page_next","name":"Menue","kind":"action"}]}
[tx] {"t":"ping"}
[tx] {"t":"ping"}
[tx] {"t":"menu_set","rev":2737,"page":0,"items":[{"uid":"fav0","name":"Rock Antenne","kind":"station"},{"uid":"fav1","name":"Rock Antenne Bayern","kind":"station"},{"uid":"fav2","name":"Radio BOB!","kind":"station"},{"uid":"pump:page_next","name":"Menue","kind":"action"}]}
[tx] {"t":"ping"}
[tx] {"t":"menu_set","rev":2737,"page":0,"items":[{"uid":"fav0","name":"Rock Antenne","kind":"station"},{"uid":"fav1","name":"Rock Antenne Bayern","kind":"station"},{"uid":"fav2","name":"Radio BOB!","kind":"station"},{"uid":"pump:page_next","name":"Menue","kind":"action"}]}
[tx] {"t":"ping"}
[tx] {"t":"ping"}
[tx] {"t":"menu_set","rev":2737,"page":0,"items":[{"uid":"fav0","name":"Rock Antenne","kind":"station"},{"uid":"fav1","name":"Rock Antenne Bayern","kind":"station"},{"uid":"fav2","name":"Radio BOB!","kind":"station"},{"uid":"pump:page_next","name":"Menue","kind":"action"}]}
[tx] {"t":"ping"}
[tx] {"t":"ping"}
[tx] {"t":"menu_set","rev":2737,"page":0,"items":[{"uid":"fav0","name":"Rock Antenne","kind":"station"},{"uid":"fav1","name":"Rock Antenne Bayern","kind":"station"},{"uid":"fav2","name":"Radio BOB!","kind":"station"},{"uid":"pump:page_next","name":"Menue","kind":"action"}]}
[tx] {"t":"ping"}
[tx] {"t":"menu_set","rev":2737,"page":0,"items":[{"uid":"fav0","name":"Rock Antenne","kind":"station"},{"uid":"fav1","name":"Rock Antenne Bayern","kind":"station"},{"uid":"fav2","name":"Radio BOB!","kind":"station"},{"uid":"pump:page_next","name":"Menue","kind":"action"}]}
[tx] {"t":"ping"}
[tx] {"t":"ping"}
[tx] {"t":"menu_set","rev":2737,"page":0,"items":[{"uid":"fav0","name":"Rock Antenne","kind":"station"},{"uid":"fav1","name":"Rock Antenne Bayern","kind":"station"},{"uid":"fav2","name":"Radio BOB!","kind":"station"},{"uid":"pump:page_next","name":"Menue","kind":"action"}]}
[tx] {"t":"ping"}
[tx] {"t":"menu_set","rev":2737,"page":0,"items":[{"uid":"fav0","name":"Rock Antenne","kind":"station"},{"uid":"fav1","name":"Rock Antenne Bayern","kind":"station"},{"uid":"fav2","name":"Radio BOB!","kind":"station"},{"uid":"pump:page_next","name":"Menue","kind":"action"}]}
[tx] {"t":"ping"}
[tx] {"t":"ping"}
[tx] {"t":"menu_set","rev":2737,"page":0,"items":[{"uid":"fav0","name":"Rock Antenne","kind":"station"},{"uid":"fav1","name":"Rock Antenne Bayern","kind":"station"},{"uid":"fav2","name":"Radio BOB!","kind":"station"},{"uid":"pump:page_next","name":"Menue","kind":"action"}]}
[tx] {"t":"ping"}
[tx] {"t":"menu_set","rev":2737,"page":0,"items":[{"uid":"fav0","name":"Rock Antenne","kind":"station"},{"uid":"fav1","name":"Rock Antenne Bayern","kind":"station"},{"uid":"fav2","name":"Radio BOB!","kind":"station"},{"uid":"pump:page_next","name":"Menue","kind":"action"}]}
[tx] {"t":"ping"}
[tx] {"t":"ping"}
[tx] {"t":"menu_set","rev":2737,"page":0,"items":[{"uid":"fav0","name":"Rock Antenne","kind":"station"},{"uid":"fav1","name":"Rock Antenne Bayern","kind":"station"},{"uid":"fav2","name":"Radio BOB!","kind":"station"},{"uid":"pump:page_next","name":"Menue","kind":"action"}]}
[tx] {"t":"ping"}
[tx] {"t":"ping"}
[tx] {"t":"menu_set","rev":2737,"page":0,"items":[{"uid":"fav0","name":"Rock Antenne","kind":"station"},{"uid":"fav1","name":"Rock Antenne Bayern","kind":"station"},{"uid":"fav2","name":"Radio BOB!","kind":"station"},{"uid":"pump:page_next","name":"Menue","kind":"action"}]}
[tx] {"t":"ping"}
[tx] {"t":"menu_set","rev":2737,"page":0,"items":[{"uid":"fav0","name":"Rock Antenne","kind":"station"},{"uid":"fav1","name":"Rock Antenne Bayern","kind":"station"},{"uid":"fav2","name":"Radio BOB!","kind":"station"},{"uid":"pump:page_next","name":"Menue","kind":"action"}]}
[tx] {"t":"ping"}
[tx] {"t":"ping"}
[tx] {"t":"menu_set","rev":2737,"page":0,"items":[{"uid":"fav0","name":"Rock Antenne","kind":"station"},{"uid":"fav1","name":"Rock Antenne Bayern","kind":"station"},{"uid":"fav2","name":"Radio BOB!","kind":"station"},{"uid":"pump:page_next","name":"Menue","kind":"action"}]}
[tx] {"t":"ping"}
[tx] {"t":"menu_set","rev":2737,"page":0,"items":[{"uid":"fav0","name":"Rock Antenne","kind":"station"},{"uid":"fav1","name":"Rock Antenne Bayern","kind":"station"},{"uid":"fav2","name":"Radio BOB!","kind":"station"},{"uid":"pump:page_next","name":"Menue","kind":"action"}]}
[tx] {"t":"ping"}
[tx] {"t":"ping"}
[tx] {"t":"menu_set","rev":2737,"page":0,"items":[{"uid":"fav0","name":"Rock Antenne","kind":"station"},{"uid":"fav1","name":"Rock Antenne Bayern","kind":"station"},{"uid":"fav2","name":"Radio BOB!","kind":"station"},{"uid":"pump:page_next","name":"Menue","kind":"action"}]}
[tx] {"t":"ping"}
[tx] {"t":"ping"}
[tx] {"t":"menu_set","rev":2737,"page":0,"items":[{"uid":"fav0","name":"Rock Antenne","kind":"station"},{"uid":"fav1","name":"Rock Antenne Bayern","kind":"station"},{"uid":"fav2","name":"Radio BOB!","kind":"station"},{"uid":"pump:page_next","name":"Menue","kind":"action"}]}
[tx] {"t":"ping"}
[tx] {"t":"menu_set","rev":2737,"page":0,"items":[{"uid":"fav0","name":"Rock Antenne","kind":"station"},{"uid":"fav1","name":"Rock Antenne Bayern","kind":"station"},{"uid":"fav2","name":"Radio BOB!","kind":"station"},{"uid":"pump:page_next","name":"Menue","kind":"action"}]}
[tx] {"t":"ping"}
[tx] {"t":"ping"}
[tx] {"t":"menu_set","rev":2737,"page":0,"items":[{"uid":"fav0","name":"Rock Antenne","kind":"station"},{"uid":"fav1","name":"Rock Antenne Bayern","kind":"station"},{"uid":"fav2","name":"Radio BOB!","kind":"station"},{"uid":"pump:page_next","name":"Menue","kind":"action"}]}
[tx] {"t":"ping"}
[tx] {"t":"menu_set","rev":2737,"page":0,"items":[{"uid":"fav0","name":"Rock Antenne","kind":"station"},{"uid":"fav1","name":"Rock Antenne Bayern","kind":"station"},{"uid":"fav2","name":"Radio BOB!","kind":"station"},{"uid":"pump:page_next","name":"Menue","kind":"action"}]}
[tx] {"t":"ping"}
[tx] {"t":"ping"}
[tx] {"t":"menu_set","rev":2737,"page":0,"items":[{"uid":"fav0","name":"Rock Antenne","kind":"station"},{"uid":"fav1","name":"Rock Antenne Bayern","kind":"station"},{"uid":"fav2","name":"Radio BOB!","kind":"station"},{"uid":"pump:page_next","name":"Menue","kind":"action"}]}
[tx] {"t":"ping"}
[tx] {"t":"ping"}
[tx] {"t":"menu_set","rev":2737,"page":0,"items":[{"uid":"fav0","name":"Rock Antenne","kind":"station"},{"uid":"fav1","name":"Rock Antenne Bayern","kind":"station"},{"uid":"fav2","name":"Radio BOB!","kind":"station"},{"uid":"pump:page_next","name":"Menue","kind":"action"}]}
[tx] {"t":"ping"}
[tx] {"t":"menu_set","rev":2737,"page":0,"items":[{"uid":"fav0","name":"Rock Antenne","kind":"station"},{"uid":"fav1","name":"Rock Antenne Bayern","kind":"station"},{"uid":"fav2","name":"Radio BOB!","kind":"station"},{"uid":"pump:page_next","name":"Menue","kind":"action"}]}
[tx] {"t":"ping"}
[tx] {"t":"ping"}
[tx] {"t":"menu_set","rev":2737,"page":0,"items":[{"uid":"fav0","name":"Rock Antenne","kind":"station"},{"uid":"fav1","name":"Rock Antenne Bayern","kind":"station"},{"uid":"fav2","name":"Radio BOB!","kind":"station"},{"uid":"pump:page_next","name":"Menue","kind":"action"}]}
[tx] {"t":"ping"}
[tx] {"t":"menu_set","rev":2737,"page":0,"items":[{"uid":"fav0","name":"Rock Antenne","kind":"station"},{"uid":"fav1","name":"Rock Antenne Bayern","kind":"station"},{"uid":"fav2","name":"Radio BOB!","kind":"station"},{"uid":"pump:page_next","name":"Menue","kind":"action"}]}
[tx] {"t":"ping"}
[tx] {"t":"ping"}
[tx] {"t":"menu_set","rev":2737,"page":0,"items":[{"uid":"fav0","name":"Rock Antenne","kind":"station"},{"uid":"fav1","name":"Rock Antenne Bayern","kind":"station"},{"uid":"fav2","name":"Radio BOB!","kind":"station"},{"uid":"pump:page_next","name":"Menue","kind":"action"}]}
[tx] {"t":"ping"}
[tx] {"t":"menu_set","rev":2738,"page":0,"items":[{"uid":"fav0","name":"Rock Antenne","kind":"station"},{"uid":"fav1","name":"Rock Antenne Bayern","kind":"station"},{"uid":"fav2","name":"Radio BOB!","kind":"station"},{"uid":"pump:page_next","name":"Menue","kind":"action"}]}
[tx] {"t":"ping"}
[tx] {"t":"ping"}
[tx] {"t":"menu_set","rev":2738,"page":0,"items":[{"uid":"fav0","name":"Rock Antenne","kind":"station"},{"uid":"fav1","name":"Rock Antenne Bayern","kind":"station"},{"uid":"fav2","name":"Radio BOB!","kind":"station"},{"uid":"pump:page_next","name":"Menue","kind":"action"}]}
[tx] {"t":"ping"}
[tx] {"t":"ping"}
[tx] {"t":"menu_set","rev":2738,"page":0,"items":[{"uid":"fav0","name":"Rock Antenne","kind":"station"},{"uid":"fav1","name":"Rock Antenne Bayern","kind":"station"},{"uid":"fav2","name":"Radio BOB!","kind":"station"},{"uid":"pump:page_next","name":"Menue","kind":"action"}]}
[tx] {"t":"ping"}
[tx] {"t":"menu_set","rev":2738,"page":0,"items":[{"uid":"fav0","name":"Rock Antenne","kind":"station"},{"uid":"fav1","name":"Rock Antenne Bayern","kind":"station"},{"uid":"fav2","name":"Radio BOB!","kind":"station"},{"uid":"pump:page_next","name":"Menue","kind":"action"}]}
[tx] {"t":"ping"}
[tx] {"t":"ping"}
[tx] {"t":"menu_set","rev":2738,"page":0,"items":[{"uid":"fav0","name":"Rock Antenne","kind":"station"},{"uid":"fav1","name":"Rock Antenne Bayern","kind":"station"},{"uid":"fav2","name":"Radio BOB!","kind":"station"},{"uid":"pump:page_next","name":"Menue","kind":"action"}]}
[tx] {"t":"ping"}
[tx] {"t":"menu_set","rev":2738,"page":0,"items":[{"uid":"fav0","name":"Rock Antenne","kind":"station"},{"uid":"fav1","name":"Rock Antenne Bayern","kind":"station"},{"uid":"fav2","name":"Radio BOB!","kind":"station"},{"uid":"pump:page_next","name":"Menue","kind":"action"}]}
[tx] {"t":"ping"}
[tx] {"t":"ping"}
[tx] {"t":"menu_set","rev":2738,"page":0,"items":[{"uid":"fav0","name":"Rock Antenne","kind":"station"},{"uid":"fav1","name":"Rock Antenne Bayern","kind":"station"},{"uid":"fav2","name":"Radio BOB!","kind":"station"},{"uid":"pump:page_next","name":"Menue","kind":"action"}]}
[tx] {"t":"ping"}
[tx] {"t":"ping"}
[tx] {"t":"menu_set","rev":2738,"page":0,"items":[{"uid":"fav0","name":"Rock Antenne","kind":"station"},{"uid":"fav1","name":"Rock Antenne Bayern","kind":"station"},{"uid":"fav2","name":"Radio BOB!","kind":"station"},{"uid":"pump:page_next","name":"Menue","kind":"action"}]}
[tx] {"t":"ping"}
[tx] {"t":"menu_set","rev":2738,"page":0,"items":[{"uid":"fav0","name":"Rock Antenne","kind":"station"},{"uid":"fav1","name":"Rock Antenne Bayern","kind":"station"},{"uid":"fav2","name":"Radio BOB!","kind":"station"},{"uid":"pump:page_next","name":"Menue","kind":"action"}]}
[tx] {"t":"ping"}
[tx] {"t":"ping"}
[tx] {"t":"menu_set","rev":2738,"page":0,"items":[{"uid":"fav0","name":"Rock Antenne","kind":"station"},{"uid":"fav1","name":"Rock Antenne Bayern","kind":"station"},{"uid":"fav2","name":"Radio BOB!","kind":"station"},{"uid":"pump:page_next","name":"Menue","kind":"action"}]}
[tx] {"t":"ping"}
[tx] {"t":"menu_set","rev":2739,"page":0,"items":[{"uid":"fav0","name":"Rock Antenne","kind":"station"},{"uid":"fav1","name":"Rock Antenne Bayern","kind":"station"},{"uid":"fav2","name":"Radio BOB!","kind":"station"},{"uid":"pump:page_next","name":"Menue","kind":"action"}]}
[tx] {"t":"ping"}
[tx] {"t":"ping"}
[tx] {"t":"menu_set","rev":2739,"page":0,"items":[{"uid":"fav0","name":"Rock Antenne","kind":"station"},{"uid":"fav1","name":"Rock Antenne Bayern","kind":"station"},{"uid":"fav2","name":"Radio BOB!","kind":"station"},{"uid":"pump:page_next","name":"Menue","kind":"action"}]}
[tx] {"t":"ping"}
[tx] {"t":"ping"}
[tx] {"t":"menu_set","rev":2739,"page":0,"items":[{"uid":"fav0","name":"Rock Antenne","kind":"station"},{"uid":"fav1","name":"Rock Antenne Bayern","kind":"station"},{"uid":"fav2","name":"Radio BOB!","kind":"station"},{"uid":"pump:page_next","name":"Menue","kind":"action"}]}
[tx] {"t":"ping"}
[tx] {"t":"menu_set","rev":2739,"page":0,"items":[{"uid":"fav0","name":"Rock Antenne","kind":"station"},{"uid":"fav1","name":"Rock Antenne Bayern","kind":"station"},{"uid":"fav2","name":"Radio BOB!","kind":"station"},{"uid":"pump:page_next","name":"Menue","kind":"action"}]}
[tx] {"t":"ping"}
[tx] {"t":"ping"}
[tx] {"t":"menu_set","rev":2739,"page":0,"items":[{"uid":"fav0","name":"Rock Antenne","kind":"station"},{"uid":"fav1","name":"Rock Antenne Bayern","kind":"station"},{"uid":"fav2","name":"Radio BOB!","kind":"station"},{"uid":"pump:page_next","name":"Menue","kind":"action"}]}
[tx] {"t":"ping"}
[tx] {"t":"menu_set","rev":2739,"page":0,"items":[{"uid":"fav0","name":"Rock Antenne","kind":"station"},{"uid":"fav1","name":"Rock Antenne Bayern","kind":"station"},{"uid":"fav2","name":"Radio BOB!","kind":"station"},{"uid":"pump:page_next","name":"Menue","kind":"action"}]}
[tx] {"t":"ping"}
[tx] {"t":"ping"}
[tx] {"t":"menu_set","rev":2739,"page":0,"items":[{"uid":"fav0","name":"Rock Antenne","kind":"station"},{"uid":"fav1","name":"Rock Antenne Bayern","kind":"station"},{"uid":"fav2","name":"Radio BOB!","kind":"station"},{"uid":"pump:page_next","name":"Menue","kind":"action"}]}
[tx] {"t":"ping"}
[tx] {"t":"menu_set","rev":2739,"page":0,"items":[{"uid":"fav0","name":"Rock Antenne","kind":"station"},{"uid":"fav1","name":"Rock Antenne Bayern","kind":"station"},{"uid":"fav2","name":"Radio BOB!","kind":"station"},{"uid":"pump:page_next","name":"Menue","kind":"action"}]}
[tx] {"t":"ping"}
[tx] {"t":"ping"}
[tx] {"t":"menu_set","rev":2739,"page":0,"items":[{"uid":"fav0","name":"Rock Antenne","kind":"station"},{"uid":"fav1","name":"Rock Antenne Bayern","kind":"station"},{"uid":"fav2","name":"Radio BOB!","kind":"station"},{"uid":"pump:page_next","name":"Menue","kind":"action"}]}
[tx] {"t":"ping"}
[tx] {"t":"ping"}
[tx] {"t":"menu_set","rev":2739,"page":0,"items":[{"uid":"fav0","name":"Rock Antenne","kind":"station"},{"uid":"fav1","name":"Rock Antenne Bayern","kind":"station"},{"uid":"fav2","name":"Radio BOB!","kind":"station"},{"uid":"pump:page_next","name":"Menue","kind":"action"}]}
[tx] {"t":"ping"}
[tx] {"t":"menu_set","rev":2739,"page":0,"items":[{"uid":"fav0","name":"Rock Antenne","kind":"station"},{"uid":"fav1","name":"Rock Antenne Bayern","kind":"station"},{"uid":"fav2","name":"Radio BOB!","kind":"station"},{"uid":"pump:page_next","name":"Menue","kind":"action"}]}
[tx] {"t":"ping"}
[tx] {"t":"ping"}
[tx] {"t":"menu_set","rev":2739,"page":0,"items":[{"uid":"fav0","name":"Rock Antenne","kind":"station"},{"uid":"fav1","name":"Rock Antenne Bayern","kind":"station"},{"uid":"fav2","name":"Radio BOB!","kind":"station"},{"uid":"pump:page_next","name":"Menue","kind":"action"}]}
[tx] {"t":"ping"}
[tx] {"t":"menu_set","rev":2739,"page":0,"items":[{"uid":"fav0","name":"Rock Antenne","kind":"station"},{"uid":"fav1","name":"Rock Antenne Bayern","kind":"station"},{"uid":"fav2","name":"Radio BOB!","kind":"station"},{"uid":"pump:page_next","name":"Menue","kind":"action"}]}
[tx] {"t":"ping"}
[tx] {"t":"ping"}
[tx] {"t":"menu_set","rev":2739,"page":0,"items":[{"uid":"fav0","name":"Rock Antenne","kind":"station"},{"uid":"fav1","name":"Rock Antenne Bayern","kind":"station"},{"uid":"fav2","name":"Radio BOB!","kind":"station"},{"uid":"pump:page_next","name":"Menue","kind":"action"}]}
[tx] {"t":"ping"}
[tx] {"t":"ping"}
[tx] {"t":"menu_set","rev":2739,"page":0,"items":[{"uid":"fav0","name":"Rock Antenne","kind":"station"},{"uid":"fav1","name":"Rock Antenne Bayern","kind":"station"},{"uid":"fav2","name":"Radio BOB!","kind":"station"},{"uid":"pump:page_next","name":"Menue","kind":"action"}]}
[tx] {"t":"ping"}
[tx] {"t":"menu_set","rev":2739,"page":0,"items":[{"uid":"fav0","name":"Rock Antenne","kind":"station"},{"uid":"fav1","name":"Rock Antenne Bayern","kind":"station"},{"uid":"fav2","name":"Radio BOB!","kind":"station"},{"uid":"pump:page_next","name":"Menue","kind":"action"}]}
[tx] {"t":"ping"}
[tx] {"t":"ping"}
[tx] {"t":"menu_set","rev":2739,"page":0,"items":[{"uid":"fav0","name":"Rock Antenne","kind":"station"},{"uid":"fav1","name":"Rock Antenne Bayern","kind":"station"},{"uid":"fav2","name":"Radio BOB!","kind":"station"},{"uid":"pump:page_next","name":"Menue","kind":"action"}]}
[tx] {"t":"ping"}
[tx] {"t":"menu_set","rev":2739,"page":0,"items":[{"uid":"fav0","name":"Rock Antenne","kind":"station"},{"uid":"fav1","name":"Rock Antenne Bayern","kind":"station"},{"uid":"fav2","name":"Radio BOB!","kind":"station"},{"uid":"pump:page_next","name":"Menue","kind":"action"}]}
[tx] {"t":"ping"}
[tx] {"t":"ping"}
[tx] {"t":"menu_set","rev":2739,"page":0,"items":[{"uid":"fav0","name":"Rock Antenne","kind":"station"},{"uid":"fav1","name":"Rock Antenne Bayern","kind":"station"},{"uid":"fav2","name":"Radio BOB!","kind":"station"},{"uid":"pump:page_next","name":"Menue","kind":"action"}]}
[tx] {"t":"ping"}
[tx] {"t":"ping"}
[tx] {"t":"menu_set","rev":2739,"page":0,"items":[{"uid":"fav0","name":"Rock Antenne","kind":"station"},{"uid":"fav1","name":"Rock Antenne Bayern","kind":"station"},{"uid":"fav2","name":"Radio BOB!","kind":"station"},{"uid":"pump:page_next","name":"Menue","kind":"action"}]}
[tx] {"t":"ping"}
[tx] {"t":"menu_set","rev":2739,"page":0,"items":[{"uid":"fav0","name":"Rock Antenne","kind":"station"},{"uid":"fav1","name":"Rock Antenne Bayern","kind":"station"},{"uid":"fav2","name":"Radio BOB!","kind":"station"},{"uid":"pump:page_next","name":"Menue","kind":"action"}]}
[tx] {"t":"ping"}
[tx] {"t":"ping"}
[tx] {"t":"menu_set","rev":2739,"page":0,"items":[{"uid":"fav0","name":"Rock Antenne","kind":"station"},{"uid":"fav1","name":"Rock Antenne Bayern","kind":"station"},{"uid":"fav2","name":"Radio BOB!","kind":"station"},{"uid":"pump:page_next","name":"Menue","kind":"action"}]}
[tx] {"t":"ping"}
[tx] {"t":"menu_set","rev":2739,"page":0,"items":[{"uid":"fav0","name":"Rock Antenne","kind":"station"},{"uid":"fav1","name":"Rock Antenne Bayern","kind":"station"},{"uid":"fav2","name":"Radio BOB!","kind":"station"},{"uid":"pump:page_next","name":"Menue","kind":"action"}]}
[tx] {"t":"ping"}
[tx] {"t":"ping"}
[tx] {"t":"menu_set","rev":2739,"page":0,"items":[{"uid":"fav0","name":"Rock Antenne","kind":"station"},{"uid":"fav1","name":"Rock Antenne Bayern","kind":"station"},{"uid":"fav2","name":"Radio BOB!","kind":"station"},{"uid":"pump:page_next","name":"Menue","kind":"action"}]}
[tx] {"t":"ping"}
[tx] {"t":"menu_set","rev":2739,"page":0,"items":[{"uid":"fav0","name":"Rock Antenne","kind":"station"},{"uid":"fav1","name":"Rock Antenne Bayern","kind":"station"},{"uid":"fav2","name":"Radio BOB!","kind":"station"},{"uid":"pump:page_next","name":"Menue","kind":"action"}]}
[tx] {"t":"ping"}
[tx] {"t":"ping"}
[tx] {"t":"menu_set","rev":2739,"page":0,"items":[{"uid":"fav0","name":"Rock Antenne","kind":"station"},{"uid":"fav1","name":"Rock Antenne Bayern","kind":"station"},{"uid":"fav2","name":"Radio BOB!","kind":"station"},{"uid":"pump:page_next","name":"Menue","kind":"action"}]}
[tx] {"t":"ping"}
[tx] {"t":"ping"}
[tx] {"t":"menu_set","rev":2739,"page":0,"items":[{"uid":"fav0","name":"Rock Antenne","kind":"station"},{"uid":"fav1","name":"Rock Antenne Bayern","kind":"station"},{"uid":"fav2","name":"Radio BOB!","kind":"station"},{"uid":"pump:page_next","name":"Menue","kind":"action"}]}
[tx] {"t":"ping"}
[tx] {"t":"menu_set","rev":2739,"page":0,"items":[{"uid":"fav0","name":"Rock Antenne","kind":"station"},{"uid":"fav1","name":"Rock Antenne Bayern","kind":"station"},{"uid":"fav2","name":"Radio BOB!","kind":"station"},{"uid":"pump:page_next","name":"Menue","kind":"action"}]}
[tx] {"t":"ping"}
[tx] {"t":"ping"}
[tx] {"t":"menu_set","rev":2739,"page":0,"items":[{"uid":"fav0","name":"Rock Antenne","kind":"station"},{"uid":"fav1","name":"Rock Antenne Bayern","kind":"station"},{"uid":"fav2","name":"Radio BOB!","kind":"station"},{"uid":"pump:page_next","name":"Menue","kind":"action"}]}
[tx] {"t":"ping"}
[tx] {"t":"menu_set","rev":2739,"page":0,"items":[{"uid":"fav0","name":"Rock Antenne","kind":"station"},{"uid":"fav1","name":"Rock Antenne Bayern","kind":"station"},{"uid":"fav2","name":"Radio BOB!","kind":"station"},{"uid":"pump:page_next","name":"Menue","kind":"action"}]}
[tx] {"t":"ping"}
[tx] {"t":"ping"}
[tx] {"t":"menu_set","rev":2739,"page":0,"items":[{"uid":"fav0","name":"Rock Antenne","kind":"station"},{"uid":"fav1","name":"Rock Antenne Bayern","kind":"station"},{"uid":"fav2","name":"Radio BOB!","kind":"station"},{"uid":"pump:page_next","name":"Menue","kind":"action"}]}
[tx] {"t":"ping"}
[tx] {"t":"ping"}
[tx] {"t":"menu_set","rev":2739,"page":0,"items":[{"uid":"fav0","name":"Rock Antenne","kind":"station"},{"uid":"fav1","name":"Rock Antenne Bayern","kind":"station"},{"uid":"fav2","name":"Radio BOB!","kind":"station"},{"uid":"pump:page_next","name":"Menue","kind":"action"}]}
[tx] {"t":"ping"}
[tx] {"t":"menu_set","rev":2739,"page":0,"items":[{"uid":"fav0","name":"Rock Antenne","kind":"station"},{"uid":"fav1","name":"Rock Antenne Bayern","kind":"station"},{"uid":"fav2","name":"Radio BOB!","kind":"station"},{"uid":"pump:page_next","name":"Menue","kind":"action"}]}
[tx] {"t":"ping"}
[tx] {"t":"ping"}
[tx] {"t":"menu_set","rev":2739,"page":0,"items":[{"uid":"fav0","name":"Rock Antenne","kind":"station"},{"uid":"fav1","name":"Rock Antenne Bayern","kind":"station"},{"uid":"fav2","name":"Radio BOB!","kind":"station"},{"uid":"pump:page_next","name":"Menue","kind":"action"}]}
[tx] {"t":"ping"}
[tx] {"t":"menu_set","rev":2739,"page":0,"items":[{"uid":"fav0","name":"Rock Antenne","kind":"station"},{"uid":"fav1","name":"Rock Antenne Bayern","kind":"station"},{"uid":"fav2","name":"Radio BOB!","kind":"station"},{"uid":"pump:page_next","name":"Menue","kind":"action"}]}
[tx] {"t":"ping"}
[tx] {"t":"ping"}
[tx] {"t":"menu_set","rev":2739,"page":0,"items":[{"uid":"fav0","name":"Rock Antenne","kind":"station"},{"uid":"fav1","name":"Rock Antenne Bayern","kind":"station"},{"uid":"fav2","name":"Radio BOB!","kind":"station"},{"uid":"pump:page_next","name":"Menue","kind":"action"}]}
[tx] {"t":"ping"}
[tx] {"t":"ping"}
[tx] {"t":"menu_set","rev":2739,"page":0,"items":[{"uid":"fav0","name":"Rock Antenne","kind":"station"},{"uid":"fav1","name":"Rock Antenne Bayern","kind":"station"},{"uid":"fav2","name":"Radio BOB!","kind":"station"},{"uid":"pump:page_next","name":"Menue","kind":"action"}]}
[tx] {"t":"ping"}
[tx] {"t":"menu_set","rev":2739,"page":0,"items":[{"uid":"fav0","name":"Rock Antenne","kind":"station"},{"uid":"fav1","name":"Rock Antenne Bayern","kind":"station"},{"uid":"fav2","name":"Radio BOB!","kind":"station"},{"uid":"pump:page_next","name":"Menue","kind":"action"}]}
[tx] {"t":"ping"}
[tx] {"t":"ping"}
[tx] {"t":"menu_set","rev":2739,"page":0,"items":[{"uid":"fav0","name":"Rock Antenne","kind":"station"},{"uid":"fav1","name":"Rock Antenne Bayern","kind":"station"},{"uid":"fav2","name":"Radio BOB!","kind":"station"},{"uid":"pump:page_next","name":"Menue","kind":"action"}]}
[tx] {"t":"ping"}
[tx] {"t":"menu_set","rev":2739,"page":0,"items":[{"uid":"fav0","name":"Rock Antenne","kind":"station"},{"uid":"fav1","name":"Rock Antenne Bayern","kind":"station"},{"uid":"fav2","name":"Radio BOB!","kind":"station"},{"uid":"pump:page_next","name":"Menue","kind":"action"}]}
[tx] {"t":"ping"}
[tx] {"t":"ping"}
[tx] {"t":"menu_set","rev":2739,"page":0,"items":[{"uid":"fav0","name":"Rock Antenne","kind":"station"},{"uid":"fav1","name":"Rock Antenne Bayern","kind":"station"},{"uid":"fav2","name":"Radio BOB!","kind":"station"},{"uid":"pump:page_next","name":"Menue","kind":"action"}]}
[tx] {"t":"ping"}
[tx] {"t":"menu_set","rev":2739,"page":0,"items":[{"uid":"fav0","name":"Rock Antenne","kind":"station"},{"uid":"fav1","name":"Rock Antenne Bayern","kind":"station"},{"uid":"fav2","name":"Radio BOB!","kind":"station"},{"uid":"pump:page_next","name":"Menue","kind":"action"}]}
[tx] {"t":"ping"}
[tx] {"t":"ping"}
[tx] {"t":"menu_set","rev":2739,"page":0,"items":[{"uid":"fav0","name":"Rock Antenne","kind":"station"},{"uid":"fav1","name":"Rock Antenne Bayern","kind":"station"},{"uid":"fav2","name":"Radio BOB!","kind":"station"},{"uid":"pump:page_next","name":"Menue","kind":"action"}]}
[tx] {"t":"ping"}
[tx] {"t":"ping"}
[tx] {"t":"menu_set","rev":2739,"page":0,"items":[{"uid":"fav0","name":"Rock Antenne","kind":"station"},{"uid":"fav1","name":"Rock Antenne Bayern","kind":"station"},{"uid":"fav2","name":"Radio BOB!","kind":"station"},{"uid":"pump:page_next","name":"Menue","kind":"action"}]}
[tx] {"t":"ping"}
[tx] {"t":"menu_set","rev":2739,"page":0,"items":[{"uid":"fav0","name":"Rock Antenne","kind":"station"},{"uid":"fav1","name":"Rock Antenne Bayern","kind":"station"},{"uid":"fav2","name":"Radio BOB!","kind":"station"},{"uid":"pump:page_next","name":"Menue","kind":"action"}]}
[tx] {"t":"ping"}
[tx] {"t":"ping"}
[tx] {"t":"menu_set","rev":2739,"page":0,"items":[{"uid":"fav0","name":"Rock Antenne","kind":"station"},{"uid":"fav1","name":"Rock Antenne Bayern","kind":"station"},{"uid":"fav2","name":"Radio BOB!","kind":"station"},{"uid":"pump:page_next","name":"Menue","kind":"action"}]}
[tx] {"t":"ping"}
[tx] {"t":"menu_set","rev":2739,"page":0,"items":[{"uid":"fav0","name":"Rock Antenne","kind":"station"},{"uid":"fav1","name":"Rock Antenne Bayern","kind":"station"},{"uid":"fav2","name":"Radio BOB!","kind":"station"},{"uid":"pump:page_next","name":"Menue","kind":"action"}]}
[tx] {"t":"ping"}
[tx] {"t":"ping"}
[tx] {"t":"menu_set","rev":2739,"page":0,"items":[{"uid":"fav0","name":"Rock Antenne","kind":"station"},{"uid":"fav1","name":"Rock Antenne Bayern","kind":"station"},{"uid":"fav2","name":"Radio BOB!","kind":"station"},{"uid":"pump:page_next","name":"Menue","kind":"action"}]}
[tx] {"t":"ping"}
[tx] {"t":"ping"}
[tx] {"t":"menu_set","rev":2739,"page":0,"items":[{"uid":"fav0","name":"Rock Antenne","kind":"station"},{"uid":"fav1","name":"Rock Antenne Bayern","kind":"station"},{"uid":"fav2","name":"Radio BOB!","kind":"station"},{"uid":"pump:page_next","name":"Menue","kind":"action"}]}
[tx] {"t":"ping"}
[tx] {"t":"menu_set","rev":2739,"page":0,"items":[{"uid":"fav0","name":"Rock Antenne","kind":"station"},{"uid":"fav1","name":"Rock Antenne Bayern","kind":"station"},{"uid":"fav2","name":"Radio BOB!","kind":"station"},{"uid":"pump:page_next","name":"Menue","kind":"action"}]}
[tx] {"t":"ping"}
[tx] {"t":"ping"}
[tx] {"t":"menu_set","rev":2739,"page":0,"items":[{"uid":"fav0","name":"Rock Antenne","kind":"station"},{"uid":"fav1","name":"Rock Antenne Bayern","kind":"station"},{"uid":"fav2","name":"Radio BOB!","kind":"station"},{"uid":"pump:page_next","name":"Menue","kind":"action"}]}
[bridge] link lost (timed out) — reconnect in 3.0s
[bridge] reconnect failed: [Errno 113] No route to host
[bridge] link lost (timed out) — reconnect in 3.0s
[bridge] reconnect failed: [Errno 113] No route to host
[bridge] link lost (timed out) — reconnect in 3.0s
[bridge] reconnect failed: [Errno 113] No route to host
[bridge] link lost (timed out) — reconnect in 3.0s
[bridge] reconnect failed: [Errno 113] No route to host
[bridge] link lost (timed out) — reconnect in 3.0s
[bridge] reconnect failed: [Errno 113] No route to host
[bridge] link lost (timed out) — reconnect in 3.0s
[bridge] reconnect failed: [Errno 113] No route to host
[bridge] link lost (timed out) — reconnect in 3.0s
[bridge] reconnect failed: [Errno 113] No route to host
[bridge] link lost (timed out) — reconnect in 3.0s
[bridge] reconnect failed: [Errno 113] No route to host
[bridge] link lost (timed out) — reconnect in 3.0s
[bridge] reconnect failed: [Errno 113] No route to host
[bridge] link lost (timed out) — reconnect in 3.0s
[bridge] reconnect failed: [Errno 113] No route to host
[bridge] link lost (timed out) — reconnect in 3.0s
[bridge] reconnect failed: [Errno 113] No route to host
[bridge] link lost (timed out) — reconnect in 3.0s
[bridge] reconnect failed: [Errno 113] No route to host
[bridge] link lost (timed out) — reconnect in 3.0s
[bridge] reconnect failed: [Errno 113] No route to host
[bridge] link lost (timed out) — reconnect in 3.0s
[bridge] reconnect failed: [Errno 113] No route to host
[bridge] link lost (timed out) — reconnect in 3.0s
[bridge] reconnect failed: [Errno 113] No route to host
[bridge] link lost (timed out) — reconnect in 3.0s
[bridge] reconnect failed: [Errno 113] No route to host
[bridge] link lost (timed out) — reconnect in 3.0s
[bridge] reconnect failed: [Errno 113] No route to host
[bridge] link lost (timed out) — reconnect in 3.0s
[bridge] reconnect failed: [Errno 113] No route to host
[bridge] link lost (timed out) — reconnect in 3.0s
[bridge] reconnect failed: [Errno 113] No route to host
[bridge] link lost (timed out) — reconnect in 3.0s
[bridge] reconnect failed: [Errno 113] No route to host
[bridge] link lost (timed out) — reconnect in 3.0s
[bridge] reconnect failed: [Errno 113] No route to host
[bridge] link lost (timed out) — reconnect in 3.0s
[bridge] reconnect failed: [Errno 113] No route to host
[bridge] link lost (timed out) — reconnect in 3.0s
[bridge] reconnect failed: [Errno 113] No route to host
[bridge] link lost (timed out) — reconnect in 3.0s
[bridge] reconnect failed: [Errno 113] No route to host
[bridge] link lost (timed out) — reconnect in 3.0s
[bridge] reconnect failed: [Errno 113] No route to host
[bridge] link lost (timed out) — reconnect in 3.0s
[bridge] reconnect failed: [Errno 113] No route to host
[bridge] link lost (timed out) — reconnect in 3.0s
[bridge] reconnect failed: [Errno 113] No route to host
[bridge] link lost (timed out) — reconnect in 3.0s
[bridge] reconnect failed: [Errno 113] No route to host
[bridge] link lost (timed out) — reconnect in 3.0s
[bridge] reconnect failed: [Errno 113] No route to host
[bridge] link lost (timed out) — reconnect in 3.0s
[bridge] reconnect failed: [Errno 113] No route to host
[bridge] link lost (timed out) — reconnect in 3.0s
[bridge] reconnect failed: [Errno 113] No route to host
[bridge] link lost (timed out) — reconnect in 3.0s
[bridge] reconnect failed: [Errno 113] No route to host
[bridge] link lost (timed out) — reconnect in 3.0s
[bridge] reconnect failed: [Errno 113] No route to host
[bridge] link lost (timed out) — reconnect in 3.0s
[bridge] reconnect failed: [Errno 113] No route to host
[bridge] link lost (timed out) — reconnect in 3.0s
[bridge] reconnect failed: [Errno 113] No route to host
[bridge] link lost (timed out) — reconnect in 3.0s
[bridge] reconnect failed: [Errno 113] No route to host
[bridge] link lost (timed out) — reconnect in 3.0s
[bridge] reconnect failed: [Errno 113] No route to host
[bridge] link lost (timed out) — reconnect in 3.0s
[bridge] reconnect failed: [Errno 113] No route to host
[bridge] link lost (timed out) — reconnect in 3.0s
[bridge] reconnect failed: [Errno 113] No route to host
[bridge] link lost (timed out) — reconnect in 3.0s
[bridge] reconnect failed: [Errno 113] No route to host
[bridge] link lost (timed out) — reconnect in 3.0s
[bridge] reconnect failed: [Errno 113] No route to host
[bridge] link lost (timed out) — reconnect in 3.0s
[bridge] reconnect failed: [Errno 113] No route to host
[bridge] link lost (timed out) — reconnect in 3.0s
[bridge] reconnect failed: [Errno 113] No route to host
[bridge] link lost (timed out) — reconnect in 3.0s
[bridge] reconnect failed: [Errno 113] No route to host
[bridge] link lost (timed out) — reconnect in 3.0s
[bridge] reconnect failed: [Errno 113] No route to host
[bridge] link lost (timed out) — reconnect in 3.0s
[bridge] reconnect failed: [Errno 113] No route to host
[bridge] link lost (timed out) — reconnect in 3.0s
[bridge] reconnect failed: [Errno 113] No route to host
[bridge] link lost (timed out) — reconnect in 3.0s
[bridge] reconnect failed: [Errno 113] No route to host
[bridge] link lost (timed out) — reconnect in 3.0s
[bridge] reconnect failed: [Errno 113] No route to host
[bridge] link lost (timed out) — reconnect in 3.0s
[bridge] reconnect failed: [Errno 113] No route to host
[bridge] link lost (timed out) — reconnect in 3.0s
[bridge] reconnect failed: [Errno 113] No route to host
[bridge] link lost (timed out) — reconnect in 3.0s
[bridge] reconnect failed: [Errno 113] No route to host
[bridge] link lost (timed out) — reconnect in 3.0s
[bridge] reconnect failed: [Errno 113] No route to host
[bridge] link lost (timed out) — reconnect in 3.0s
[bridge] reconnect failed: [Errno 113] No route to host
[bridge] link lost (timed out) — reconnect in 3.0s
[bridge] reconnect failed: [Errno 113] No route to host
[bridge] link lost (timed out) — reconnect in 3.0s
[bridge] reconnect failed: [Errno 113] No route to host
[bridge] link lost (timed out) — reconnect in 3.0s
[bridge] reconnect failed: [Errno 113] No route to host
[bridge] link lost (timed out) — reconnect in 3.0s
[bridge] reconnect failed: [Errno 113] No route to host
[bridge] link lost (timed out) — reconnect in 3.0s
[bridge] reconnect failed: [Errno 113] No route to host
[bridge] link lost (timed out) — reconnect in 3.0s
[bridge] reconnect failed: [Errno 113] No route to host
[bridge] link lost (timed out) — reconnect in 3.0s
[bridge] reconnect failed: [Errno 113] No route to host
[bridge] link lost (timed out) — reconnect in 3.0s
[bridge] reconnect failed: [Errno 113] No route to host
[bridge] link lost (timed out) — reconnect in 3.0s
[bridge] reconnect failed: [Errno 113] No route to host
[bridge] link lost (timed out) — reconnect in 3.0s
[bridge] reconnect failed: [Errno 113] No route to host
[bridge] link lost (timed out) — reconnect in 3.0s
[bridge] reconnect failed: [Errno 113] No route to host
[bridge] link lost (timed out) — reconnect in 3.0s
[bridge] reconnect failed: [Errno 113] No route to host
[bridge] link lost (timed out) — reconnect in 3.0s
[bridge] reconnect failed: [Errno 113] No route to host
[bridge] link lost (timed out) — reconnect in 3.0s
[bridge] reconnect failed: [Errno 113] No route to host
[bridge] link lost (timed out) — reconnect in 3.0s
[bridge] reconnect failed: [Errno 113] No route to host
[bridge] link lost (timed out) — reconnect in 3.0s
[bridge] reconnect failed: [Errno 113] No route to host
[bridge] link lost (timed out) — reconnect in 3.0s
[bridge] reconnect failed: [Errno 113] No route to host
[bridge] link lost (timed out) — reconnect in 3.0s
[bridge] reconnect failed: [Errno 113] No route to host
[bridge] link lost (timed out) — reconnect in 3.0s
[bridge] reconnect failed: [Errno 113] No route to host
[bridge] link lost (timed out) — reconnect in 3.0s
[bridge] reconnect failed: [Errno 113] No route to host
[bridge] link lost (timed out) — reconnect in 3.0s
[bridge] reconnect failed: [Errno 113] No route to host
[bridge] link lost (timed out) — reconnect in 3.0s
[bridge] reconnect failed: [Errno 113] No route to host
[bridge] link lost (timed out) — reconnect in 3.0s
[bridge] reconnect failed: [Errno 113] No route to host
[bridge] link lost (timed out) — reconnect in 3.0s
[bridge] reconnect failed: [Errno 113] No route to host
[bridge] link lost (timed out) — reconnect in 3.0s
[bridge] reconnect failed: [Errno 113] No route to host
[bridge] link lost (timed out) — reconnect in 3.0s
[bridge] reconnect failed: [Errno 113] No route to host
[bridge] link lost (timed out) — reconnect in 3.0s
[bridge] reconnect failed: [Errno 113] No route to host
[bridge] link lost (timed out) — reconnect in 3.0s
[bridge] reconnect failed: [Errno 113] No route to host
[bridge] link lost (timed out) — reconnect in 3.0s
[bridge] reconnect failed: [Errno 113] No route to host
[bridge] link lost (timed out) — reconnect in 3.0s
[bridge] reconnect failed: [Errno 113] No route to host
[bridge] link lost (timed out) — reconnect in 3.0s
[bridge] reconnect failed: [Errno 113] No route to host
[bridge] link lost (timed out) — reconnect in 3.0s
[bridge] reconnect failed: [Errno 113] No route to host
[bridge] link lost (timed out) — reconnect in 3.0s
[bridge] reconnect failed: [Errno 113] No route to host
[bridge] link lost (timed out) — reconnect in 3.0s
[bridge] reconnect failed: [Errno 113] No route to host
[bridge] link lost (timed out) — reconnect in 3.0s
[bridge] reconnect failed: [Errno 113] No route to host
[bridge] link lost (timed out) — reconnect in 3.0s
[bridge] reconnect failed: [Errno 113] No route to host
[bridge] link lost (timed out) — reconnect in 3.0s
[bridge] reconnect failed: [Errno 113] No route to host
[bridge] link lost (timed out) — reconnect in 3.0s
[bridge] reconnect failed: [Errno 113] No route to host
[bridge] link lost (timed out) — reconnect in 3.0s
[bridge] reconnect failed: [Errno 113] No route to host
[bridge] link lost (timed out) — reconnect in 3.0s
[bridge] reconnect failed: [Errno 113] No route to host
[bridge] link lost (timed out) — reconnect in 3.0s
[bridge] reconnect failed: [Errno 113] No route to host
[bridge] link lost (timed out) — reconnect in 3.0s
[bridge] reconnect failed: [Errno 113] No route to host
[bridge] link lost (timed out) — reconnect in 3.0s
[bridge] reconnect failed: [Errno 113] No route to host
[bridge] link lost (timed out) — reconnect in 3.0s
[bridge] reconnect failed: [Errno 113] No route to host
[bridge] link lost (timed out) — reconnect in 3.0s
[bridge] reconnect failed: [Errno 113] No route to host
[bridge] link lost (timed out) — reconnect in 3.0s
[bridge] reconnect failed: [Errno 113] No route to host
[bridge] link lost (timed out) — reconnect in 3.0s
[bridge] reconnect failed: [Errno 113] No route to host
[bridge] link lost (timed out) — reconnect in 3.0s
[bridge] reconnect failed: [Errno 113] No route to host
[bridge] link lost ([Errno 32] Broken pipe) — reconnect in 3.0s
[bridge] reconnect failed: [Errno 113] No route to host
[bridge] link lost ([Errno 32] Broken pipe) — reconnect in 3.0s
[bridge] reconnect failed: [Errno 113] No route to host
[bridge] link lost ([Errno 32] Broken pipe) — reconnect in 3.0s
[bridge] reconnect failed: [Errno 113] No route to host
[bridge] link lost ([Errno 32] Broken pipe) — reconnect in 3.0s
[bridge] reconnect failed: [Errno 113] No route to host
[bridge] link lost ([Errno 32] Broken pipe) — reconnect in 3.0s
[bridge] reconnect failed: [Errno 113] No route to host
[bridge] link lost ([Errno 32] Broken pipe) — reconnect in 3.0s
[bridge] reconnect failed: [Errno 113] No route to host
[bridge] link lost ([Errno 32] Broken pipe) — reconnect in 3.0s
[bridge] reconnect failed: [Errno 113] No route to host
[bridge] link lost ([Errno 32] Broken pipe) — reconnect in 3.0s
[bridge] reconnect failed: [Errno 113] No route to host
[bridge] link lost ([Errno 32] Broken pipe) — reconnect in 3.0s
[bridge] reconnect failed: [Errno 113] No route to host
[bridge] link lost ([Errno 32] Broken pipe) — reconnect in 3.0s
[bridge] reconnect failed: [Errno 113] No route to host
[bridge] link lost ([Errno 32] Broken pipe) — reconnect in 3.0s
[bridge] reconnect failed: [Errno 113] No route to host
[bridge] link lost ([Errno 32] Broken pipe) — reconnect in 3.0s
[bridge] reconnect failed: [Errno 113] No route to host
[bridge] link lost ([Errno 32] Broken pipe) — reconnect in 3.0s
[bridge] reconnect failed: [Errno 113] No route to host
[bridge] link lost ([Errno 32] Broken pipe) — reconnect in 3.0s
[bridge] reconnect failed: [Errno 113] No route to host
[bridge] link lost ([Errno 32] Broken pipe) — reconnect in 3.0s
[bridge] reconnect failed: [Errno 113] No route to host
[bridge] link lost ([Errno 32] Broken pipe) — reconnect in 3.0s
[bridge] reconnect failed: [Errno 113] No route to host
[bridge] link lost ([Errno 32] Broken pipe) — reconnect in 3.0s
[bridge] reconnect failed: [Errno 113] No route to host
[bridge] link lost ([Errno 32] Broken pipe) — reconnect in 3.0s
[bridge] reconnect failed: [Errno 113] No route to host
[bridge] link lost ([Errno 32] Broken pipe) — reconnect in 3.0s
[bridge] reconnect failed: [Errno 113] No route to host
[bridge] link lost ([Errno 32] Broken pipe) — reconnect in 3.0s
[bridge] reconnect failed: [Errno 113] No route to host
[bridge] link lost ([Errno 32] Broken pipe) — reconnect in 3.0s
[bridge] reconnect failed: [Errno 113] No route to host
[bridge] link lost ([Errno 32] Broken pipe) — reconnect in 3.0s
[bridge] reconnect failed: [Errno 113] No route to host
[bridge] link lost ([Errno 32] Broken pipe) — reconnect in 3.0s
[bridge] reconnect failed: [Errno 113] No route to host
[bridge] link lost ([Errno 32] Broken pipe) — reconnect in 3.0s
[bridge] reconnect failed: [Errno 113] No route to host
[bridge] link lost ([Errno 32] Broken pipe) — reconnect in 3.0s
[bridge] reconnect failed: [Errno 113] No route to host
[bridge] link lost ([Errno 32] Broken pipe) — reconnect in 3.0s
[bridge] reconnect failed: [Errno 113] No route to host
[bridge] link lost ([Errno 32] Broken pipe) — reconnect in 3.0s
[bridge] reconnect failed: [Errno 113] No route to host
[bridge] link lost ([Errno 32] Broken pipe) — reconnect in 3.0s
[bridge] reconnect failed: [Errno 113] No route to host
[bridge] link lost ([Errno 32] Broken pipe) — reconnect in 3.0s
[bridge] reconnect failed: [Errno 113] No route to host
[bridge] link lost ([Errno 32] Broken pipe) — reconnect in 3.0s
[bridge] reconnect failed: [Errno 113] No route to host
[bridge] link lost ([Errno 32] Broken pipe) — reconnect in 3.0s
[bridge] reconnect failed: [Errno 113] No route to host
[bridge] link lost ([Errno 32] Broken pipe) — reconnect in 3.0s
[bridge] reconnect failed: [Errno 113] No route to host
[bridge] link lost ([Errno 32] Broken pipe) — reconnect in 3.0s
[bridge] reconnect failed: [Errno 113] No route to host
[bridge] link lost ([Errno 32] Broken pipe) — reconnect in 3.0s
[bridge] reconnect failed: [Errno 113] No route to host
[bridge] link lost ([Errno 32] Broken pipe) — reconnect in 3.0s
[bridge] reconnect failed: [Errno 113] No route to host
[bridge] link lost ([Errno 32] Broken pipe) — reconnect in 3.0s
[bridge] reconnect failed: [Errno 113] No route to host
[bridge] link lost ([Errno 32] Broken pipe) — reconnect in 3.0s
[bridge] reconnect failed: [Errno 113] No route to host
[bridge] link lost ([Errno 32] Broken pipe) — reconnect in 3.0s
[bridge] reconnect failed: [Errno 113] No route to host
[bridge] link lost ([Errno 32] Broken pipe) — reconnect in 3.0s
[bridge] reconnect failed: [Errno 113] No route to host
[bridge] link lost ([Errno 32] Broken pipe) — reconnect in 3.0s
[bridge] reconnect failed: [Errno 113] No route to host
[bridge] link lost ([Errno 32] Broken pipe) — reconnect in 3.0s
[bridge] reconnect failed: [Errno 113] No route to host
[bridge] link lost ([Errno 32] Broken pipe) — reconnect in 3.0s
[bridge] reconnect failed: [Errno 113] No route to host
[bridge] link lost ([Errno 32] Broken pipe) — reconnect in 3.0s
[bridge] reconnect failed: [Errno 113] No route to host
[bridge] link lost ([Errno 32] Broken pipe) — reconnect in 3.0s
[bridge] reconnect failed: [Errno 113] No route to host
[bridge] link lost ([Errno 32] Broken pipe) — reconnect in 3.0s
[bridge] reconnect failed: [Errno 113] No route to host
[bridge] link lost ([Errno 32] Broken pipe) — reconnect in 3.0s
[bridge] reconnect failed: [Errno 113] No route to host
[bridge] link lost ([Errno 32] Broken pipe) — reconnect in 3.0s
[bridge] reconnect failed: [Errno 113] No route to host
[bridge] link lost ([Errno 32] Broken pipe) — reconnect in 3.0s
[bridge] reconnect failed: [Errno 113] No route to host
[bridge] link lost ([Errno 32] Broken pipe) — reconnect in 3.0s
[bridge] reconnect failed: [Errno 113] No route to host
[bridge] link lost ([Errno 32] Broken pipe) — reconnect in 3.0s
[bridge] reconnect failed: [Errno 113] No route to host
[bridge] link lost ([Errno 32] Broken pipe) — reconnect in 3.0s
[bridge] reconnect failed: [Errno 113] No route to host
[bridge] link lost ([Errno 32] Broken pipe) — reconnect in 3.0s
[bridge] reconnect failed: [Errno 113] No route to host
[bridge] link lost ([Errno 32] Broken pipe) — reconnect in 3.0s
[bridge] reconnect failed: [Errno 113] No route to host
[bridge] link lost ([Errno 32] Broken pipe) — reconnect in 3.0s
[bridge] reconnect failed: [Errno 113] No route to host
[bridge] link lost ([Errno 32] Broken pipe) — reconnect in 3.0s
[bridge] reconnect failed: [Errno 113] No route to host
[bridge] link lost ([Errno 32] Broken pipe) — reconnect in 3.0s
[bridge] reconnect failed: [Errno 113] No route to host
[bridge] link lost ([Errno 32] Broken pipe) — reconnect in 3.0s
[bridge] reconnect failed: [Errno 113] No route to host
[bridge] link lost ([Errno 32] Broken pipe) — reconnect in 3.0s
[bridge] reconnect failed: [Errno 113] No route to host
[bridge] link lost ([Errno 32] Broken pipe) — reconnect in 3.0s
[bridge] reconnect failed: [Errno 113] No route to host
[bridge] link lost ([Errno 32] Broken pipe) — reconnect in 3.0s
[bridge] reconnect failed: [Errno 113] No route to host
[bridge] link lost ([Errno 32] Broken pipe) — reconnect in 3.0s
[bridge] reconnect failed: [Errno 113] No route to host
[bridge] link lost ([Errno 32] Broken pipe) — reconnect in 3.0s
[bridge] reconnect failed: [Errno 113] No route to host
[bridge] link lost ([Errno 32] Broken pipe) — reconnect in 3.0s
[bridge] reconnect failed: [Errno 113] No route to host
[bridge] link lost ([Errno 32] Broken pipe) — reconnect in 3.0s
[bridge] reconnect failed: [Errno 113] No route to host
[bridge] link lost ([Errno 32] Broken pipe) — reconnect in 3.0s
[bridge] reconnect failed: [Errno 113] No route to host
[bridge] link lost ([Errno 32] Broken pipe) — reconnect in 3.0s
[bridge] reconnect failed: [Errno 113] No route to host
[bridge] link lost ([Errno 32] Broken pipe) — reconnect in 3.0s
[bridge] reconnect failed: [Errno 113] No route to host
[bridge] link lost ([Errno 32] Broken pipe) — reconnect in 3.0s
[bridge] reconnect failed: [Errno 113] No route to host
[bridge] link lost ([Errno 32] Broken pipe) — reconnect in 3.0s
[bridge] reconnect failed: [Errno 113] No route to host
[bridge] link lost ([Errno 32] Broken pipe) — reconnect in 3.0s
[bridge] reconnect failed: [Errno 113] No route to host
[bridge] link lost ([Errno 32] Broken pipe) — reconnect in 3.0s
[bridge] reconnect failed: [Errno 113] No route to host
[bridge] link lost ([Errno 32] Broken pipe) — reconnect in 3.0s
[bridge] reconnect failed: [Errno 113] No route to host
[bridge] link lost ([Errno 32] Broken pipe) — reconnect in 3.0s
[bridge] reconnect failed: [Errno 113] No route to host
[bridge] link lost ([Errno 32] Broken pipe) — reconnect in 3.0s
[bridge] reconnect failed: [Errno 113] No route to host
[bridge] link lost ([Errno 32] Broken pipe) — reconnect in 3.0s
[bridge] reconnect failed: [Errno 113] No route to host
[bridge] link lost ([Errno 32] Broken pipe) — reconnect in 3.0s
[bridge] reconnect failed: [Errno 113] No route to host
[bridge] link lost ([Errno 32] Broken pipe) — reconnect in 3.0s
[bridge] reconnect failed: [Errno 113] No route to host
[bridge] link lost ([Errno 32] Broken pipe) — reconnect in 3.0s
[bridge] reconnect failed: [Errno 113] No route to host
[bridge] link lost ([Errno 32] Broken pipe) — reconnect in 3.0s
[bridge] reconnect failed: [Errno 113] No route to host
[bridge] link lost ([Errno 32] Broken pipe) — reconnect in 3.0s
[bridge] reconnect failed: [Errno 113] No route to host
[bridge] link lost ([Errno 32] Broken pipe) — reconnect in 3.0s
[bridge] reconnect failed: [Errno 113] No route to host
[bridge] link lost ([Errno 32] Broken pipe) — reconnect in 3.0s
[bridge] reconnect failed: [Errno 113] No route to host
[bridge] link lost ([Errno 32] Broken pipe) — reconnect in 3.0s
[bridge] reconnect failed: [Errno 113] No route to host
[bridge] link lost ([Errno 32] Broken pipe) — reconnect in 3.0s
[bridge] reconnect failed: [Errno 113] No route to host
[bridge] link lost ([Errno 32] Broken pipe) — reconnect in 3.0s
[bridge] reconnect failed: [Errno 113] No route to host
[bridge] link lost ([Errno 32] Broken pipe) — reconnect in 3.0s
[bridge] reconnect failed: [Errno 113] No route to host
[bridge] link lost ([Errno 32] Broken pipe) — reconnect in 3.0s
[bridge] reconnect failed: [Errno 113] No route to host
[bridge] link lost ([Errno 32] Broken pipe) — reconnect in 3.0s
[bridge] reconnect failed: [Errno 113] No route to host
[bridge] link lost ([Errno 32] Broken pipe) — reconnect in 3.0s
[bridge] reconnect failed: [Errno 113] No route to host
[bridge] link lost ([Errno 32] Broken pipe) — reconnect in 3.0s
[bridge] reconnect failed: [Errno 113] No route to host
[bridge] link lost ([Errno 32] Broken pipe) — reconnect in 3.0s
[bridge] reconnect failed: [Errno 113] No route to host
[bridge] link lost ([Errno 32] Broken pipe) — reconnect in 3.0s
[bridge] reconnect failed: [Errno 113] No route to host
[bridge] link lost ([Errno 32] Broken pipe) — reconnect in 3.0s
[bridge] reconnect failed: [Errno 113] No route to host
[bridge] link lost ([Errno 32] Broken pipe) — reconnect in 3.0s
[bridge] reconnect failed: [Errno 113] No route to host
[bridge] link lost ([Errno 32] Broken pipe) — reconnect in 3.0s
[bridge] reconnect failed: [Errno 113] No route to host
[bridge] link lost ([Errno 32] Broken pipe) — reconnect in 3.0s
[bridge] reconnect failed: [Errno 113] No route to host
[bridge] link lost ([Errno 32] Broken pipe) — reconnect in 3.0s
[bridge] reconnect failed: [Errno 113] No route to host
[bridge] link lost ([Errno 32] Broken pipe) — reconnect in 3.0s
[bridge] reconnect failed: [Errno 113] No route to host
[bridge] link lost ([Errno 32] Broken pipe) — reconnect in 3.0s
[bridge] reconnect failed: [Errno 113] No route to host
[bridge] link lost ([Errno 32] Broken pipe) — reconnect in 3.0s
[bridge] reconnect failed: [Errno 113] No route to host
[bridge] link lost ([Errno 32] Broken pipe) — reconnect in 3.0s
[bridge] reconnect failed: [Errno 113] No route to host
[bridge] link lost ([Errno 32] Broken pipe) — reconnect in 3.0s
[bridge] reconnect failed: [Errno 113] No route to host
[bridge] link lost ([Errno 32] Broken pipe) — reconnect in 3.0s
[bridge] reconnect failed: [Errno 113] No route to host
[bridge] link lost ([Errno 32] Broken pipe) — reconnect in 3.0s
[bridge] reconnect failed: [Errno 113] No route to host
[bridge] link lost ([Errno 32] Broken pipe) — reconnect in 3.0s
[bridge] reconnect failed: [Errno 113] No route to host
[bridge] link lost ([Errno 32] Broken pipe) — reconnect in 3.0s
[bridge] reconnect failed: [Errno 113] No route to host
[bridge] link lost ([Errno 32] Broken pipe) — reconnect in 3.0s
[bridge] reconnect failed: [Errno 113] No route to host
[bridge] link lost ([Errno 32] Broken pipe) — reconnect in 3.0s
[bridge] reconnect failed: [Errno 113] No route to host
[bridge] link lost ([Errno 32] Broken pipe) — reconnect in 3.0s
[bridge] reconnect failed: [Errno 113] No route to host
[bridge] link lost ([Errno 32] Broken pipe) — reconnect in 3.0s
[bridge] reconnect failed: [Errno 113] No route to host
[bridge] link lost ([Errno 32] Broken pipe) — reconnect in 3.0s
[bridge] reconnect failed: [Errno 113] No route to host
[bridge] link lost ([Errno 32] Broken pipe) — reconnect in 3.0s
[bridge] reconnect failed: [Errno 113] No route to host
[bridge] link lost ([Errno 32] Broken pipe) — reconnect in 3.0s
[bridge] reconnect failed: [Errno 113] No route to host
[bridge] link lost ([Errno 32] Broken pipe) — reconnect in 3.0s
[bridge] reconnect failed: [Errno 113] No route to host
[bridge] link lost ([Errno 32] Broken pipe) — reconnect in 3.0s
[bridge] reconnect failed: [Errno 113] No route to host
[bridge] link lost ([Errno 32] Broken pipe) — reconnect in 3.0s
[bridge] reconnect failed: [Errno 113] No route to host
[bridge] link lost ([Errno 32] Broken pipe) — reconnect in 3.0s
[bridge] reconnect failed: [Errno 113] No route to host
[bridge] link lost ([Errno 32] Broken pipe) — reconnect in 3.0s
[bridge] reconnect failed: [Errno 113] No route to host
[bridge] link lost ([Errno 32] Broken pipe) — reconnect in 3.0s
[bridge] reconnect failed: [Errno 113] No route to host
[bridge] link lost ([Errno 32] Broken pipe) — reconnect in 3.0s
[bridge] reconnect failed: [Errno 113] No route to host
[bridge] link lost ([Errno 32] Broken pipe) — reconnect in 3.0s
[bridge] reconnect failed: [Errno 113] No route to host
[bridge] link lost ([Errno 32] Broken pipe) — reconnect in 3.0s
[bridge] reconnect failed: [Errno 113] No route to host
[bridge] link lost ([Errno 32] Broken pipe) — reconnect in 3.0s
[bridge] reconnect failed: [Errno 113] No route to host
[bridge] link lost ([Errno 32] Broken pipe) — reconnect in 3.0s
[bridge] reconnect failed: [Errno 113] No route to host
[bridge] link lost ([Errno 32] Broken pipe) — reconnect in 3.0s
[bridge] reconnect failed: [Errno 113] No route to host
[bridge] link lost ([Errno 32] Broken pipe) — reconnect in 3.0s
[bridge] reconnect failed: [Errno 113] No route to host
[bridge] link lost ([Errno 32] Broken pipe) — reconnect in 3.0s
[bridge] reconnect failed: [Errno 113] No route to host
[bridge] link lost ([Errno 32] Broken pipe) — reconnect in 3.0s
[bridge] reconnect failed: [Errno 113] No route to host
[bridge] link lost ([Errno 32] Broken pipe) — reconnect in 3.0s
[bridge] reconnect failed: [Errno 113] No route to host
[bridge] link lost ([Errno 32] Broken pipe) — reconnect in 3.0s
[bridge] reconnect failed: [Errno 113] No route to host
[bridge] link lost ([Errno 32] Broken pipe) — reconnect in 3.0s
[bridge] reconnect failed: [Errno 113] No route to host
[bridge] link lost ([Errno 32] Broken pipe) — reconnect in 3.0s
[bridge] reconnect failed: [Errno 113] No route to host
[bridge] link lost ([Errno 32] Broken pipe) — reconnect in 3.0s
[bridge] reconnect failed: [Errno 113] No route to host
[bridge] link lost ([Errno 32] Broken pipe) — reconnect in 3.0s
[bridge] reconnect failed: [Errno 113] No route to host
[bridge] link lost ([Errno 32] Broken pipe) — reconnect in 3.0s
[bridge] reconnect failed: [Errno 113] No route to host
[bridge] link lost ([Errno 32] Broken pipe) — reconnect in 3.0s
[bridge] reconnect failed: [Errno 113] No route to host
[bridge] link lost ([Errno 32] Broken pipe) — reconnect in 3.0s
[bridge] reconnect failed: [Errno 113] No route to host
[bridge] link lost ([Errno 32] Broken pipe) — reconnect in 3.0s
[bridge] reconnect failed: [Errno 113] No route to host
[bridge] link lost ([Errno 32] Broken pipe) — reconnect in 3.0s
[bridge] reconnect failed: [Errno 113] No route to host
[bridge] link lost ([Errno 32] Broken pipe) — reconnect in 3.0s
[bridge] reconnect failed: [Errno 113] No route to host
[bridge] link lost ([Errno 32] Broken pipe) — reconnect in 3.0s
[bridge] reconnect failed: [Errno 113] No route to host
[bridge] link lost ([Errno 32] Broken pipe) — reconnect in 3.0s
[bridge] reconnect failed: [Errno 113] No route to host
[bridge] link lost ([Errno 32] Broken pipe) — reconnect in 3.0s
[bridge] reconnect failed: [Errno 113] No route to host
[bridge] link lost ([Errno 32] Broken pipe) — reconnect in 3.0s
[bridge] reconnect failed: [Errno 113] No route to host
[bridge] link lost ([Errno 32] Broken pipe) — reconnect in 3.0s
[bridge] reconnect failed: [Errno 113] No route to host
[bridge] link lost ([Errno 32] Broken pipe) — reconnect in 3.0s
[bridge] reconnect failed: [Errno 113] No route to host
[bridge] link lost ([Errno 32] Broken pipe) — reconnect in 3.0s
[bridge] reconnect failed: [Errno 113] No route to host
[bridge] link lost ([Errno 32] Broken pipe) — reconnect in 3.0s
[bridge] reconnect failed: [Errno 113] No route to host
[bridge] link lost ([Errno 32] Broken pipe) — reconnect in 3.0s
[bridge] reconnect failed: [Errno 113] No route to host
[bridge] link lost ([Errno 32] Broken pipe) — reconnect in 3.0s
[bridge] reconnect failed: [Errno 113] No route to host
[bridge] link lost ([Errno 32] Broken pipe) — reconnect in 3.0s
[bridge] reconnect failed: [Errno 113] No route to host
[bridge] link lost ([Errno 32] Broken pipe) — reconnect in 3.0s
[bridge] reconnect failed: [Errno 113] No route to host
[bridge] link lost ([Errno 32] Broken pipe) — reconnect in 3.0s
[bridge] reconnect failed: [Errno 113] No route to host
[bridge] link lost ([Errno 32] Broken pipe) — reconnect in 3.0s
[bridge] reconnect failed: [Errno 113] No route to host
[bridge] link lost ([Errno 32] Broken pipe) — reconnect in 3.0s
[bridge] reconnect failed: [Errno 113] No route to host
[bridge] link lost ([Errno 32] Broken pipe) — reconnect in 3.0s
[bridge] reconnect failed: [Errno 113] No route to host
[bridge] link lost ([Errno 32] Broken pipe) — reconnect in 3.0s
[bridge] reconnect failed: [Errno 113] No route to host
[bridge] link lost ([Errno 32] Broken pipe) — reconnect in 3.0s
[bridge] reconnect failed: [Errno 113] No route to host
[bridge] link lost ([Errno 32] Broken pipe) — reconnect in 3.0s
[bridge] reconnect failed: [Errno 113] No route to host
[bridge] link lost ([Errno 32] Broken pipe) — reconnect in 3.0s
[bridge] reconnect failed: [Errno 113] No route to host
[bridge] link lost ([Errno 32] Broken pipe) — reconnect in 3.0s
[bridge] reconnect failed: [Errno 113] No route to host
[bridge] link lost ([Errno 32] Broken pipe) — reconnect in 3.0s
[bridge] reconnect failed: [Errno 113] No route to host
[bridge] link lost ([Errno 32] Broken pipe) — reconnect in 3.0s
[bridge] reconnect failed: [Errno 113] No route to host
[bridge] link lost ([Errno 32] Broken pipe) — reconnect in 3.0s
[bridge] reconnect failed: [Errno 113] No route to host
[bridge] link lost ([Errno 32] Broken pipe) — reconnect in 3.0s
[bridge] reconnect failed: [Errno 113] No route to host
[bridge] link lost ([Errno 32] Broken pipe) — reconnect in 3.0s
[bridge] reconnect failed: [Errno 113] No route to host
[bridge] link lost ([Errno 32] Broken pipe) — reconnect in 3.0s
[bridge] reconnect failed: [Errno 113] No route to host
[bridge] link lost ([Errno 32] Broken pipe) — reconnect in 3.0s
[bridge] reconnect failed: [Errno 113] No route to host
[bridge] link lost ([Errno 32] Broken pipe) — reconnect in 3.0s
[bridge] reconnect failed: [Errno 113] No route to host
[bridge] link lost ([Errno 32] Broken pipe) — reconnect in 3.0s
[bridge] reconnect failed: [Errno 113] No route to host
[bridge] link lost ([Errno 32] Broken pipe) — reconnect in 3.0s
[bridge] reconnect failed: [Errno 113] No route to host
[bridge] link lost ([Errno 32] Broken pipe) — reconnect in 3.0s
[bridge] reconnect failed: [Errno 113] No route to host
[bridge] link lost ([Errno 32] Broken pipe) — reconnect in 3.0s
[bridge] reconnect failed: [Errno 113] No route to host
[bridge] link lost ([Errno 32] Broken pipe) — reconnect in 3.0s
[bridge] reconnect failed: [Errno 113] No route to host
[bridge] link lost ([Errno 32] Broken pipe) — reconnect in 3.0s
[bridge] reconnect failed: [Errno 113] No route to host
[bridge] link lost ([Errno 32] Broken pipe) — reconnect in 3.0s
[bridge] reconnect failed: [Errno 113] No route to host
[bridge] link lost ([Errno 32] Broken pipe) — reconnect in 3.0s
[bridge] reconnect failed: [Errno 113] No route to host
[bridge] link lost ([Errno 32] Broken pipe) — reconnect in 3.0s
[bridge] reconnect failed: [Errno 113] No route to host
[bridge] link lost ([Errno 32] Broken pipe) — reconnect in 3.0s
[bridge] reconnect failed: [Errno 113] No route to host
[bridge] link lost ([Errno 32] Broken pipe) — reconnect in 3.0s
[bridge] reconnect failed: [Errno 113] No route to host
[bridge] link lost ([Errno 32] Broken pipe) — reconnect in 3.0s
[bridge] reconnect failed: [Errno 113] No route to host
[bridge] link lost ([Errno 32] Broken pipe) — reconnect in 3.0s
[bridge] reconnect failed: [Errno 113] No route to host
[bridge] link lost ([Errno 32] Broken pipe) — reconnect in 3.0s
[bridge] reconnect failed: [Errno 113] No route to host
[bridge] link lost ([Errno 32] Broken pipe) — reconnect in 3.0s
[bridge] reconnect failed: [Errno 113] No route to host
[bridge] link lost ([Errno 32] Broken pipe) — reconnect in 3.0s
[bridge] reconnect failed: [Errno 113] No route to host
[bridge] link lost ([Errno 32] Broken pipe) — reconnect in 3.0s
[bridge] reconnect failed: [Errno 113] No route to host
[bridge] link lost ([Errno 32] Broken pipe) — reconnect in 3.0s
[bridge] reconnect failed: [Errno 113] No route to host
[bridge] link lost ([Errno 32] Broken pipe) — reconnect in 3.0s
[bridge] reconnect failed: [Errno 113] No route to host
[bridge] link lost ([Errno 32] Broken pipe) — reconnect in 3.0s
[bridge] reconnect failed: [Errno 113] No route to host
[bridge] link lost ([Errno 32] Broken pipe) — reconnect in 3.0s
[bridge] reconnect failed: [Errno 113] No route to host
[bridge] link lost ([Errno 32] Broken pipe) — reconnect in 3.0s
