[tx] {"t":"hello","ver":1}
[rx] {"t":"hello_ack","ver":"0.4.42-dev","fw":"pidrive","slots":4,"page":true,"audio":true,"bin":true,"tcp":true,"tcpPort":9090}
[hello_ack] ver=0.4.42-dev slots=4 page=True tcp=True
[tx] {"t":"audio_stop"}
[bridge] tcp:192.168.178.89:9090 audio=off paging=on
[tx] {"t":"ping"}
[tx] {"t":"menu_set","rev":3699,"page":0,"items":[{"uid":"1977938832270506073","name":"Zurueck","kind":"action"},{"uid":"18330258143618563731","name":"Ausgang klinke","kind":"info"},{"uid":"16678805154550120858","name":"Auto","kind":"action"},{"uid":"pump:page_next","name":"Mehr... (+7)","kind":"action"}]}
[rx] {"t":"audio_ack","ok":true,"op":"stop"}
[audio_ack] {'t': 'audio_ack', 'ok': True, 'op': 'stop'}
[rx] {"t":"pong"}
[rx] {"t":"menu_ack","ok":true,"n":4,"rev":3699}
[menu_ack] ok=True n=4 rev=3699
[tx] {"t":"ping"}
[rx] {"t":"pong"}
[tx] {"t":"ping"}
[rx] {"t":"pong"}
[tx] {"t":"ping"}
[rx] {"t":"pong"}
[tx] {"t":"ping"}
[rx] {"t":"pong"}
[tx] {"t":"ping"}
[rx] {"t":"pong"}
[tx] {"t":"ping"}
[rx] {"t":"pong"}
[tx] {"t":"ping"}
[rx] {"t":"pong"}
[tx] {"t":"ping"}
[rx] {"t":"pong"}
[tx] {"t":"ping"}
[rx] {"t":"pong"}
[tx] {"t":"ping"}
[rx] {"t":"pong"}
[tx] {"t":"ping"}
[rx] {"t":"pong"}
[tx] {"t":"menu_set","rev":3701,"page":0,"items":[{"uid":"fav0","name":"Rock Antenne","kind":"station"},{"uid":"fav1","name":"Rock Antenne Bayern","kind":"station"},{"uid":"fav2","name":"Radio BOB!","kind":"station"},{"uid":"pump:page_next","name":"Menue","kind":"action"}]}
[rx] {"t":"menu_ack","ok":true,"n":4,"rev":3701}
[menu_ack] ok=True n=4 rev=3701
[tx] {"t":"ping"}
[rx] {"t":"pong"}
[tx] {"t":"ping"}
[rx] {"t":"pong"}
[tx] {"t":"ping"}
[rx] {"t":"pong"}
[tx] {"t":"menu_set","rev":3702,"page":0,"items":[{"uid":"fav0","name":"Rock Antenne","kind":"station"},{"uid":"fav1","name":"Rock Antenne Bayern","kind":"station"},{"uid":"fav2","name":"Radio BOB!","kind":"station"},{"uid":"pump:page_next","name":"Menue","kind":"action"}]}
[rx] {"t":"menu_ack","ok":true,"n":4,"rev":3702}
[menu_ack] ok=True n=4 rev=3702
[tx] {"t":"ping"}
[rx] {"t":"pong"}
[tx] {"t":"hello","ver":1}
[tx] {"t":"ping"}
[rx] {"t":"pong"}
[tx] {"t":"ping"}
[rx] {"t":"pong"}
[bridge] warn: no hello_ack yet — continuing
Traceback (most recent call last):
  File "/home/pidrive/pump_bridge.py", line 1850, in <module>
    raise SystemExit(main())
                     ~~~~^^
  File "/home/pidrive/pump_bridge.py", line 1341, in main
    send({"t": "audio_stop"})
    ~~~~^^^^^^^^^^^^^^^^^^^^^
  File "/home/pidrive/pump_bridge.py", line 1305, in send
    ser.write((line + "\n").encode("utf-8"))
    ~~~~~~~~~^^^^^^^^^^^^^^^^^^^^^^^^^^^^^^^
  File "/home/pidrive/pump_bridge.py", line 174, in write
    self._sock.sendall(data)
    ~~~~~~~~~~~~~~~~~~^^^^^^
BrokenPipeError: [Errno 32] Broken pipe
[tx] {"t":"ping"}
[rx] {"t":"pong"}
[tx] {"t":"hello","ver":1}
[rx] {"t":"hello_ack","ver":"0.4.42-dev","fw":"pidrive","slots":4,"page":true,"audio":true,"bin":true,"tcp":true,"tcpPort":9090}
[hello_ack] ver=0.4.42-dev slots=4 page=True tcp=True
[tx] {"t":"audio_stop"}
[bridge] tcp:192.168.178.89:9090 audio=off paging=on
[tx] {"t":"ping"}
[tx] {"t":"menu_set","rev":3702,"page":0,"items":[{"uid":"fav0","name":"Rock Antenne","kind":"station"},{"uid":"fav1","name":"Rock Antenne Bayern","kind":"station"},{"uid":"fav2","name":"Radio BOB!","kind":"station"},{"uid":"pump:page_next","name":"Menue","kind":"action"}]}
[rx] {"t":"audio_ack","ok":true,"op":"stop"}
[audio_ack] {'t': 'audio_ack', 'ok': True, 'op': 'stop'}
[rx] {"t":"pong"}
[rx] {"t":"menu_ack","ok":true,"n":4,"rev":3702}
[menu_ack] ok=True n=4 rev=3702
[tx] {"t":"ping"}
[rx] {"t":"pong"}
[tx] {"t":"ping"}
[rx] {"t":"pong"}
[tx] {"t":"ping"}
[rx] {"t":"pong"}
[tx] {"t":"ping"}
[rx] {"t":"pong"}
[tx] {"t":"ping"}
[rx] {"t":"pong"}
[tx] {"t":"ping"}
[rx] {"t":"pong"}
[tx] {"t":"ping"}
[rx] {"t":"pong"}
[tx] {"t":"ping"}
[rx] {"t":"pong"}
[tx] {"t":"ping"}
[rx] {"t":"pong"}
[tx] {"t":"ping"}
[rx] {"t":"pong"}
[tx] {"t":"ping"}
[rx] {"t":"pong"}
[tx] {"t":"ping"}
[rx] {"t":"pong"}
[tx] {"t":"ping"}
[rx] {"t":"pong"}
[tx] {"t":"ping"}
[rx] {"t":"pong"}
[tx] {"t":"ping"}
[rx] {"t":"pong"}
[tx] {"t":"ping"}
[rx] {"t":"pong"}
[tx] {"t":"ping"}
[rx] {"t":"pong"}
[tx] {"t":"ping"}
[rx] {"t":"pong"}
[tx] {"t":"ping"}
[rx] {"t":"pong"}
[rx] {"t":"event","op":"diag","code":"msc.phase","detail":"scan plug"}
[msc] msc.phase scan plug
[rx] {"t":"event","op":"diag","code":"msc.first_read","detail":"1005 ms"}
[msc] msc.first_read 1005 ms
[rx] {"t":"event","op":"msc.reads","ms":162808,"gap":0,"lba0":0,"lba1":0,"bytes":4096,"n":1,"kind":4,"ov":0}
[msc.reads] n=1 bytes=4096 lba=0..0 gap=0 ov=0
[rx] {"t":"event","op":"msc.reads","ms":162830,"gap":22,"lba0":0,"lba1":0,"bytes":4096,"n":1,"kind":4,"ov":0}
[msc.reads] n=1 bytes=4096 lba=0..0 gap=22 ov=0
[rx] {"t":"event","op":"msc.reads","ms":162834,"gap":4,"lba0":32,"lba1":32,"bytes":4096,"n":1,"kind":5,"ov":0}
[msc.reads] n=1 bytes=4096 lba=32..32 gap=4 ov=0
[rx] {"t":"event","op":"msc.reads","ms":162838,"gap":4,"lba0":40,"lba1":40,"bytes":4096,"n":1,"kind":1,"ov":0}
[msc.reads] n=1 bytes=4096 lba=40..40 gap=4 ov=0
[rx] {"t":"event","op":"msc.reads","ms":162842,"gap":4,"lba0":48,"lba1":56,"bytes":8192,"n":2,"kind":1,"ov":0}
[msc.reads] n=2 bytes=8192 lba=48..56 gap=4 ov=0
[rx] {"t":"event","op":"msc.reads","ms":162850,"gap":4,"lba0":64,"lba1":64,"bytes":4096,"n":1,"kind":1,"ov":0}
[msc.reads] n=1 bytes=4096 lba=64..64 gap=4 ov=0
[rx] {"t":"event","op":"msc.reads","ms":162855,"gap":5,"lba0":8,"lba1":8,"bytes":4096,"n":1,"kind":5,"ov":0}
[msc.reads] n=1 bytes=4096 lba=8..8 gap=5 ov=0
[rx] {"t":"event","op":"msc.reads","ms":162861,"gap":6,"lba0":24,"lba1":24,"bytes":4096,"n":1,"kind":5,"ov":0}
[msc.reads] n=1 bytes=4096 lba=24..24 gap=6 ov=0
[rx] {"t":"event","op":"msc.reads","ms":162865,"gap":4,"lba0":120,"lba1":120,"bytes":4096,"n":1,"kind":2,"ov":0}
[msc.reads] n=1 bytes=4096 lba=120..120 gap=4 ov=0
[rx] {"t":"event","op":"diag","code":"play.reject","detail":"not_from_head uid=fav0 from=120 +4096B age=1062ms prefetch"}
[msc] play.reject not_from_head uid=fav0 from=120 +4096B age=1062ms prefetch
[rx] {"t":"event","op":"msc.reads","ms":162884,"gap":19,"lba0":16,"lba1":16,"bytes":4096,"n":1,"kind":5,"ov":0}
[msc.reads] n=1 bytes=4096 lba=16..16 gap=19 ov=0
[rx] {"t":"event","op":"msc.reads","ms":162888,"gap":4,"lba0":128,"lba1":128,"bytes":4096,"n":1,"kind":2,"ov":0}
[msc.reads] n=1 bytes=4096 lba=128..128 gap=4 ov=0
[rx] {"t":"event","op":"msc.reads","ms":162892,"gap":4,"lba0":512,"lba1":512,"bytes":4096,"n":1,"kind":2,"ov":0}
[msc.reads] n=1 bytes=4096 lba=512..512 gap=4 ov=0
[rx] {"t":"event","op":"msc.reads","ms":162896,"gap":4,"lba0":4096,"lba1":4096,"bytes":4096,"n":1,"kind":2,"ov":0}
[msc.reads] n=1 bytes=4096 lba=4096..4096 gap=4 ov=0
[rx] {"t":"event","op":"msc.reads","ms":162910,"gap":14,"lba0":0,"lba1":0,"bytes":4096,"n":1,"kind":4,"ov":0}
[msc.reads] n=1 bytes=4096 lba=0..0 gap=14 ov=0
[rx] {"t":"event","op":"msc.reads","ms":163011,"gap":101,"lba0":0,"lba1":0,"bytes":512,"n":1,"kind":4,"ov":0}
[msc.reads] n=1 bytes=512 lba=0..0 gap=101 ov=0
[rx] {"t":"event","op":"msc.reads","ms":163012,"gap":1,"lba0":1,"lba1":1,"bytes":4096,"n":1,"kind":5,"ov":0}
[msc.reads] n=1 bytes=4096 lba=1..1 gap=1 ov=0
[rx] {"t":"event","op":"msc.reads","ms":163017,"gap":5,"lba0":9,"lba1":9,"bytes":4096,"n":1,"kind":5,"ov":0}
[msc.reads] n=1 bytes=4096 lba=9..9 gap=5 ov=0
[rx] {"t":"event","op":"msc.reads","ms":163021,"gap":4,"lba0":33,"lba1":33,"bytes":4096,"n":1,"kind":1,"ov":0}
[msc.reads] n=1 bytes=4096 lba=33..33 gap=4 ov=0
[rx] {"t":"event","op":"msc.reads","ms":163025,"gap":4,"lba0":41,"lba1":41,"bytes":4096,"n":1,"kind":1,"ov":0}
[msc.reads] n=1 bytes=4096 lba=41..41 gap=4 ov=0
[rx] {"t":"event","op":"msc.reads","ms":163029,"gap":4,"lba0":49,"lba1":57,"bytes":8192,"n":2,"kind":1,"ov":0}
[msc.reads] n=2 bytes=8192 lba=49..57 gap=4 ov=0
[rx] {"t":"event","op":"msc.reads","ms":163085,"gap":52,"lba0":1,"lba1":2,"bytes":1024,"n":2,"kind":5,"ov":0}
[msc.reads] n=2 bytes=1024 lba=1..2 gap=52 ov=0
[rx] {"t":"event","op":"msc.reads","ms":163087,"gap":1,"lba0":3,"lba1":32,"bytes":6656,"n":2,"kind":5,"ov":0}
[msc.reads] n=2 bytes=6656 lba=3..32 gap=1 ov=0
[rx] {"t":"event","op":"msc.reads","ms":163094,"gap":3,"lba0":40,"lba1":40,"bytes":4096,"n":1,"kind":1,"ov":0}
[msc.reads] n=1 bytes=4096 lba=40..40 gap=3 ov=0
[rx] {"t":"event","op":"msc.reads","ms":163098,"gap":4,"lba0":48,"lba1":48,"bytes":4096,"n":1,"kind":1,"ov":0}
[msc.reads] n=1 bytes=4096 lba=48..48 gap=4 ov=0
[rx] {"t":"event","op":"msc.reads","ms":163102,"gap":4,"lba0":56,"lba1":56,"bytes":4096,"n":1,"kind":1,"ov":0}
[msc.reads] n=1 bytes=4096 lba=56..56 gap=4 ov=0
[rx] {"t":"event","op":"msc.reads","ms":163106,"gap":4,"lba0":64,"lba1":64,"bytes":4096,"n":1,"kind":1,"ov":0}
[msc.reads] n=1 bytes=4096 lba=64..64 gap=4 ov=0
[rx] {"t":"event","op":"msc.reads","ms":163111,"gap":5,"lba0":8,"lba1":8,"bytes":4096,"n":1,"kind":5,"ov":0}
[msc.reads] n=1 bytes=4096 lba=8..8 gap=5 ov=0
[rx] {"t":"event","op":"msc.reads","ms":163117,"gap":6,"lba0":24,"lba1":24,"bytes":4096,"n":1,"kind":5,"ov":0}
[msc.reads] n=1 bytes=4096 lba=24..24 gap=6 ov=0
[rx] {"t":"event","op":"msc.reads","ms":163122,"gap":5,"lba0":120,"lba1":120,"bytes":4096,"n":1,"kind":2,"ov":0}
[msc.reads] n=1 bytes=4096 lba=120..120 gap=5 ov=0
[rx] {"t":"event","op":"msc.reads","ms":163127,"gap":5,"lba0":16,"lba1":16,"bytes":4096,"n":1,"kind":5,"ov":0}
[msc.reads] n=1 bytes=4096 lba=16..16 gap=5 ov=0
[rx] {"t":"event","op":"msc.reads","ms":163132,"gap":5,"lba0":128,"lba1":128,"bytes":4096,"n":1,"kind":2,"ov":0}
[msc.reads] n=1 bytes=4096 lba=128..128 gap=5 ov=0
[rx] {"t":"event","op":"msc.reads","ms":163136,"gap":4,"lba0":512,"lba1":512,"bytes":4096,"n":1,"kind":2,"ov":0}
[msc.reads] n=1 bytes=4096 lba=512..512 gap=4 ov=0
[rx] {"t":"event","op":"msc.reads","ms":163142,"gap":6,"lba0":4096,"lba1":4096,"bytes":4096,"n":1,"kind":2,"ov":0}
[msc.reads] n=1 bytes=4096 lba=4096..4096 gap=6 ov=0
[tx] {"t":"ping"}
[rx] {"t":"pong"}
[rx] {"t":"event","op":"msc.reads","ms":163349,"gap":207,"lba0":65,"lba1":65,"bytes":4096,"n":1,"kind":1,"ov":0}
[msc.reads] n=1 bytes=4096 lba=65..65 gap=207 ov=0
[rx] {"t":"event","op":"msc.reads","ms":163363,"gap":14,"lba0":73,"lba1":73,"bytes":4096,"n":1,"kind":1,"ov":0}
[msc.reads] n=1 bytes=4096 lba=73..73 gap=14 ov=0
[rx] {"t":"event","op":"msc.reads","ms":163389,"gap":26,"lba0":17489,"lba1":17489,"bytes":4096,"n":1,"kind":2,"ov":0}
[msc.reads] n=1 bytes=4096 lba=17489..17489 gap=26 ov=0
[rx] {"t":"event","op":"diag","code":"play.reject","detail":"plug_window uid=fav2 from=17489 +4096B age=1586ms"}
[msc] play.reject plug_window uid=fav2 from=17489 +4096B age=1586ms
[rx] {"t":"event","op":"msc.reads","ms":163406,"gap":17,"lba0":17497,"lba1":17497,"bytes":4096,"n":1,"kind":2,"ov":0}
[msc.reads] n=1 bytes=4096 lba=17497..17497 gap=17 ov=0
[rx] {"t":"event","op":"msc.reads","ms":163410,"gap":4,"lba0":17505,"lba1":17505,"bytes":4096,"n":1,"kind":2,"ov":0}
[msc.reads] n=1 bytes=4096 lba=17505..17505 gap=4 ov=0
[rx] {"t":"event","op":"msc.reads","ms":163414,"gap":4,"lba0":17513,"lba1":17513,"bytes":4096,"n":1,"kind":2,"ov":0}
[msc.reads] n=1 bytes=4096 lba=17513..17513 gap=4 ov=0
[rx] {"t":"event","op":"msc.reads","ms":163418,"gap":4,"lba0":17521,"lba1":17521,"bytes":4096,"n":1,"kind":2,"ov":0}
[msc.reads] n=1 bytes=4096 lba=17521..17521 gap=4 ov=0
[rx] {"t":"event","op":"msc.reads","ms":163422,"gap":4,"lba0":17529,"lba1":17529,"bytes":4096,"n":1,"kind":2,"ov":0}
[msc.reads] n=1 bytes=4096 lba=17529..17529 gap=4 ov=0
[rx] {"t":"event","op":"msc.reads","ms":163426,"gap":4,"lba0":17537,"lba1":17537,"bytes":4096,"n":1,"kind":2,"ov":0}
[msc.reads] n=1 bytes=4096 lba=17537..17537 gap=4 ov=0
[rx] {"t":"event","op":"msc.reads","ms":163430,"gap":4,"lba0":17545,"lba1":17617,"bytes":40960,"n":10,"kind":2,"ov":0}
[msc.reads] n=10 bytes=40960 lba=17545..17617 gap=4 ov=0
[rx] {"t":"event","op":"msc.reads","ms":163466,"gap":4,"lba0":17625,"lba1":17625,"bytes":4096,"n":1,"kind":2,"ov":0}
[msc.reads] n=1 bytes=4096 lba=17625..17625 gap=4 ov=0
[rx] {"t":"event","op":"msc.reads","ms":163470,"gap":4,"lba0":17633,"lba1":17633,"bytes":4096,"n":1,"kind":2,"ov":0}
[msc.reads] n=1 bytes=4096 lba=17633..17633 gap=4 ov=0
[rx] {"t":"event","op":"msc.reads","ms":163474,"gap":4,"lba0":17641,"lba1":17649,"bytes":8192,"n":2,"kind":2,"ov":0}
[msc.reads] n=2 bytes=8192 lba=17641..17649 gap=4 ov=0
[rx] {"t":"event","op":"msc.reads","ms":163481,"gap":3,"lba0":17657,"lba1":17713,"bytes":32768,"n":8,"kind":2,"ov":0}
[msc.reads] n=8 bytes=32768 lba=17657..17713 gap=3 ov=0
[rx] {"t":"event","op":"msc.reads","ms":163511,"gap":4,"lba0":17721,"lba1":17721,"bytes":4096,"n":1,"kind":2,"ov":0}
[msc.reads] n=1 bytes=4096 lba=17721..17721 gap=4 ov=0
[rx] {"t":"event","op":"msc.reads","ms":163516,"gap":5,"lba0":17729,"lba1":17809,"bytes":45056,"n":11,"kind":2,"ov":0}
[msc.reads] n=11 bytes=45056 lba=17729..17809 gap=5 ov=0
[rx] {"t":"event","op":"msc.reads","ms":163557,"gap":4,"lba0":17817,"lba1":17817,"bytes":4096,"n":1,"kind":2,"ov":0}
[msc.reads] n=1 bytes=4096 lba=17817..17817 gap=4 ov=0
[rx] {"t":"event","op":"msc.reads","ms":163561,"gap":4,"lba0":17825,"lba1":17833,"bytes":8192,"n":2,"kind":2,"ov":0}
[msc.reads] n=2 bytes=8192 lba=17825..17833 gap=4 ov=0
[rx] {"t":"event","op":"msc.reads","ms":163568,"gap":3,"lba0":17841,"lba1":17841,"bytes":4096,"n":1,"kind":2,"ov":0}
[msc.reads] n=1 bytes=4096 lba=17841..17841 gap=3 ov=0
[rx] {"t":"event","op":"msc.reads","ms":163572,"gap":4,"lba0":17849,"lba1":17865,"bytes":12288,"n":3,"kind":2,"ov":0}
[msc.reads] n=3 bytes=12288 lba=17849..17865 gap=4 ov=0
[rx] {"t":"event","op":"msc.reads","ms":163583,"gap":3,"lba0":17873,"lba1":17873,"bytes":4096,"n":1,"kind":2,"ov":0}
[msc.reads] n=1 bytes=4096 lba=17873..17873 gap=3 ov=0
[rx] {"t":"event","op":"msc.reads","ms":163587,"gap":4,"lba0":17881,"lba1":17881,"bytes":4096,"n":1,"kind":2,"ov":0}
[msc.reads] n=1 bytes=4096 lba=17881..17881 gap=4 ov=0
[rx] {"t":"event","op":"msc.reads","ms":163591,"gap":4,"lba0":17889,"lba1":17889,"bytes":4096,"n":1,"kind":2,"ov":0}
[msc.reads] n=1 bytes=4096 lba=17889..17889 gap=4 ov=0
[rx] {"t":"event","op":"msc.reads","ms":163595,"gap":4,"lba0":17897,"lba1":17945,"bytes":28672,"n":7,"kind":2,"ov":0}
[msc.reads] n=7 bytes=28672 lba=17897..17945 gap=4 ov=0
[rx] {"t":"event","op":"msc.reads","ms":163621,"gap":4,"lba0":17953,"lba1":17969,"bytes":12288,"n":3,"kind":2,"ov":0}
[msc.reads] n=3 bytes=12288 lba=17953..17969 gap=4 ov=0
[rx] {"t":"event","op":"msc.reads","ms":163633,"gap":4,"lba0":17977,"lba1":17977,"bytes":4096,"n":1,"kind":2,"ov":0}
[msc.reads] n=1 bytes=4096 lba=17977..17977 gap=4 ov=0
[rx] {"t":"event","op":"msc.reads","ms":163637,"gap":4,"lba0":17985,"lba1":17985,"bytes":4096,"n":1,"kind":2,"ov":0}
[msc.reads] n=1 bytes=4096 lba=17985..17985 gap=4 ov=0
[rx] {"t":"event","op":"msc.reads","ms":163641,"gap":4,"lba0":17993,"lba1":17993,"bytes":4096,"n":1,"kind":2,"ov":0}
[msc.reads] n=1 bytes=4096 lba=17993..17993 gap=4 ov=0
[rx] {"t":"event","op":"msc.reads","ms":163645,"gap":4,"lba0":18001,"lba1":18009,"bytes":8192,"n":2,"kind":2,"ov":0}
[msc.reads] n=2 bytes=8192 lba=18001..18009 gap=4 ov=0
[rx] {"t":"event","op":"msc.reads","ms":163652,"gap":3,"lba0":18017,"lba1":18017,"bytes":4096,"n":1,"kind":2,"ov":0}
[msc.reads] n=1 bytes=4096 lba=18017..18017 gap=3 ov=0
[rx] {"t":"event","op":"msc.reads","ms":163656,"gap":4,"lba0":18025,"lba1":18025,"bytes":4096,"n":1,"kind":2,"ov":0}
[msc.reads] n=1 bytes=4096 lba=18025..18025 gap=4 ov=0
[rx] {"t":"event","op":"msc.reads","ms":163660,"gap":4,"lba0":18033,"lba1":18033,"bytes":4096,"n":1,"kind":2,"ov":0}
[msc.reads] n=1 bytes=4096 lba=18033..18033 gap=4 ov=0
[rx] {"t":"event","op":"msc.reads","ms":163664,"gap":4,"lba0":18041,"lba1":18041,"bytes":4096,"n":1,"kind":2,"ov":0}
[msc.reads] n=1 bytes=4096 lba=18041..18041 gap=4 ov=0
[rx] {"t":"event","op":"msc.reads","ms":163668,"gap":4,"lba0":18049,"lba1":18049,"bytes":4096,"n":1,"kind":2,"ov":0}
[msc.reads] n=1 bytes=4096 lba=18049..18049 gap=4 ov=0
[rx] {"t":"event","op":"msc.reads","ms":163672,"gap":4,"lba0":18057,"lba1":18057,"bytes":4096,"n":1,"kind":2,"ov":0}
[msc.reads] n=1 bytes=4096 lba=18057..18057 gap=4 ov=0
[rx] {"t":"event","op":"msc.reads","ms":163676,"gap":4,"lba0":18065,"lba1":18073,"bytes":8192,"n":2,"kind":2,"ov":0}
[msc.reads] n=2 bytes=8192 lba=18065..18073 gap=4 ov=0
[rx] {"t":"event","op":"msc.reads","ms":163683,"gap":4,"lba0":18081,"lba1":18081,"bytes":4096,"n":1,"kind":2,"ov":0}
[msc.reads] n=1 bytes=4096 lba=18081..18081 gap=4 ov=0
[rx] {"t":"event","op":"msc.reads","ms":163687,"gap":4,"lba0":18089,"lba1":18089,"bytes":4096,"n":1,"kind":2,"ov":0}
[msc.reads] n=1 bytes=4096 lba=18089..18089 gap=4 ov=0
[rx] {"t":"event","op":"msc.reads","ms":163691,"gap":4,"lba0":18097,"lba1":18097,"bytes":4096,"n":1,"kind":2,"ov":0}
[msc.reads] n=1 bytes=4096 lba=18097..18097 gap=4 ov=0
[rx] {"t":"event","op":"msc.reads","ms":163695,"gap":4,"lba0":18105,"lba1":18105,"bytes":4096,"n":1,"kind":2,"ov":0}
[msc.reads] n=1 bytes=4096 lba=18105..18105 gap=4 ov=0
[rx] {"t":"event","op":"msc.reads","ms":163699,"gap":4,"lba0":18113,"lba1":18113,"bytes":4096,"n":1,"kind":2,"ov":0}
[msc.reads] n=1 bytes=4096 lba=18113..18113 gap=4 ov=0
[rx] {"t":"event","op":"msc.reads","ms":163703,"gap":4,"lba0":18121,"lba1":18121,"bytes":4096,"n":1,"kind":2,"ov":0}
[msc.reads] n=1 bytes=4096 lba=18121..18121 gap=4 ov=0
[rx] {"t":"event","op":"msc.reads","ms":163707,"gap":4,"lba0":18129,"lba1":18129,"bytes":4096,"n":1,"kind":2,"ov":0}
[msc.reads] n=1 bytes=4096 lba=18129..18129 gap=4 ov=0
[rx] {"t":"event","op":"msc.reads","ms":163711,"gap":4,"lba0":18137,"lba1":18137,"bytes":4096,"n":1,"kind":2,"ov":0}
[msc.reads] n=1 bytes=4096 lba=18137..18137 gap=4 ov=0
[rx] {"t":"event","op":"msc.reads","ms":163715,"gap":4,"lba0":18145,"lba1":18161,"bytes":12288,"n":3,"kind":2,"ov":0}
[msc.reads] n=3 bytes=12288 lba=18145..18161 gap=4 ov=0
[rx] {"t":"event","op":"msc.reads","ms":163726,"gap":4,"lba0":18169,"lba1":18169,"bytes":4096,"n":1,"kind":2,"ov":0}
[msc.reads] n=1 bytes=4096 lba=18169..18169 gap=4 ov=0
[rx] {"t":"event","op":"msc.reads","ms":163730,"gap":4,"lba0":18177,"lba1":18177,"bytes":4096,"n":1,"kind":2,"ov":0}
[msc.reads] n=1 bytes=4096 lba=18177..18177 gap=4 ov=0
[rx] {"t":"event","op":"msc.reads","ms":163734,"gap":4,"lba0":18185,"lba1":18193,"bytes":8192,"n":2,"kind":2,"ov":0}
[msc.reads] n=2 bytes=8192 lba=18185..18193 gap=4 ov=0
[rx] {"t":"event","op":"msc.reads","ms":163741,"gap":3,"lba0":18201,"lba1":18201,"bytes":4096,"n":1,"kind":2,"ov":0}
[msc.reads] n=1 bytes=4096 lba=18201..18201 gap=3 ov=0
[rx] {"t":"event","op":"msc.reads","ms":163745,"gap":4,"lba0":18209,"lba1":18209,"bytes":4096,"n":1,"kind":2,"ov":0}
[msc.reads] n=1 bytes=4096 lba=18209..18209 gap=4 ov=0
[rx] {"t":"event","op":"msc.reads","ms":163749,"gap":4,"lba0":18217,"lba1":18217,"bytes":4096,"n":1,"kind":2,"ov":0}
[msc.reads] n=1 bytes=4096 lba=18217..18217 gap=4 ov=0
[rx] {"t":"event","op":"msc.reads","ms":163753,"gap":4,"lba0":18225,"lba1":18225,"bytes":4096,"n":1,"kind":2,"ov":0}
[msc.reads] n=1 bytes=4096 lba=18225..18225 gap=4 ov=0
[rx] {"t":"event","op":"msc.reads","ms":163757,"gap":4,"lba0":18233,"lba1":18233,"bytes":4096,"n":1,"kind":2,"ov":0}
[msc.reads] n=1 bytes=4096 lba=18233..18233 gap=4 ov=0
[rx] {"t":"event","op":"msc.reads","ms":163761,"gap":4,"lba0":18241,"lba1":18241,"bytes":4096,"n":1,"kind":2,"ov":0}
[msc.reads] n=1 bytes=4096 lba=18241..18241 gap=4 ov=0
[rx] {"t":"event","op":"msc.reads","ms":163765,"gap":4,"lba0":18249,"lba1":18249,"bytes":4096,"n":1,"kind":2,"ov":0}
[msc.reads] n=1 bytes=4096 lba=18249..18249 gap=4 ov=0
[rx] {"t":"event","op":"msc.reads","ms":163768,"gap":3,"lba0":18257,"lba1":18257,"bytes":4096,"n":1,"kind":2,"ov":0}
[msc.reads] n=1 bytes=4096 lba=18257..18257 gap=3 ov=0
[rx] {"t":"event","op":"msc.reads","ms":163772,"gap":4,"lba0":18265,"lba1":18265,"bytes":4096,"n":1,"kind":2,"ov":0}
[msc.reads] n=1 bytes=4096 lba=18265..18265 gap=4 ov=0
[rx] {"t":"event","op":"msc.reads","ms":163776,"gap":4,"lba0":18273,"lba1":18273,"bytes":4096,"n":1,"kind":2,"ov":0}
[msc.reads] n=1 bytes=4096 lba=18273..18273 gap=4 ov=0
[rx] {"t":"event","op":"msc.reads","ms":163780,"gap":4,"lba0":18281,"lba1":18281,"bytes":4096,"n":1,"kind":2,"ov":0}
[msc.reads] n=1 bytes=4096 lba=18281..18281 gap=4 ov=0
[rx] {"t":"event","op":"msc.reads","ms":163784,"gap":4,"lba0":18289,"lba1":18289,"bytes":4096,"n":1,"kind":2,"ov":0}
[msc.reads] n=1 bytes=4096 lba=18289..18289 gap=4 ov=0
[rx] {"t":"event","op":"msc.reads","ms":163788,"gap":4,"lba0":18297,"lba1":18305,"bytes":8192,"n":2,"kind":2,"ov":0}
[msc.reads] n=2 bytes=8192 lba=18297..18305 gap=4 ov=0
[rx] {"t":"event","op":"msc.reads","ms":163796,"gap":4,"lba0":18313,"lba1":18313,"bytes":4096,"n":1,"kind":2,"ov":0}
[msc.reads] n=1 bytes=4096 lba=18313..18313 gap=4 ov=0
[rx] {"t":"event","op":"msc.reads","ms":163799,"gap":3,"lba0":18321,"lba1":18321,"bytes":4096,"n":1,"kind":2,"ov":0}
[msc.reads] n=1 bytes=4096 lba=18321..18321 gap=3 ov=0
[rx] {"t":"event","op":"msc.reads","ms":163803,"gap":4,"lba0":18329,"lba1":18337,"bytes":8192,"n":2,"kind":2,"ov":0}
[msc.reads] n=2 bytes=8192 lba=18329..18337 gap=4 ov=0
[rx] {"t":"event","op":"msc.reads","ms":163811,"gap":4,"lba0":18345,"lba1":18345,"bytes":4096,"n":1,"kind":2,"ov":0}
[msc.reads] n=1 bytes=4096 lba=18345..18345 gap=4 ov=0
[rx] {"t":"event","op":"msc.reads","ms":163815,"gap":4,"lba0":18353,"lba1":18353,"bytes":4096,"n":1,"kind":2,"ov":0}
[msc.reads] n=1 bytes=4096 lba=18353..18353 gap=4 ov=0
[rx] {"t":"event","op":"msc.reads","ms":163818,"gap":3,"lba0":18361,"lba1":18361,"bytes":4096,"n":1,"kind":2,"ov":0}
[msc.reads] n=1 bytes=4096 lba=18361..18361 gap=3 ov=0
[rx] {"t":"event","op":"msc.reads","ms":163822,"gap":4,"lba0":18369,"lba1":18369,"bytes":4096,"n":1,"kind":2,"ov":0}
[msc.reads] n=1 bytes=4096 lba=18369..18369 gap=4 ov=0
[rx] {"t":"event","op":"msc.reads","ms":163826,"gap":4,"lba0":18377,"lba1":18377,"bytes":4096,"n":1,"kind":2,"ov":0}
[msc.reads] n=1 bytes=4096 lba=18377..18377 gap=4 ov=0
[rx] {"t":"event","op":"msc.reads","ms":163830,"gap":4,"lba0":18385,"lba1":18385,"bytes":4096,"n":1,"kind":2,"ov":0}
[msc.reads] n=1 bytes=4096 lba=18385..18385 gap=4 ov=0
[rx] {"t":"event","op":"msc.reads","ms":163834,"gap":4,"lba0":18393,"lba1":18401,"bytes":8192,"n":2,"kind":2,"ov":0}
[msc.reads] n=2 bytes=8192 lba=18393..18401 gap=4 ov=0
[rx] {"t":"event","op":"msc.reads","ms":163841,"gap":3,"lba0":18409,"lba1":18409,"bytes":4096,"n":1,"kind":2,"ov":0}
[msc.reads] n=1 bytes=4096 lba=18409..18409 gap=3 ov=0
[rx] {"t":"event","op":"msc.reads","ms":163845,"gap":4,"lba0":18417,"lba1":18417,"bytes":4096,"n":1,"kind":2,"ov":0}
[msc.reads] n=1 bytes=4096 lba=18417..18417 gap=4 ov=0
[rx] {"t":"event","op":"msc.reads","ms":163849,"gap":4,"lba0":18425,"lba1":18425,"bytes":4096,"n":1,"kind":2,"ov":0}
[msc.reads] n=1 bytes=4096 lba=18425..18425 gap=4 ov=0
[rx] {"t":"event","op":"msc.reads","ms":163853,"gap":4,"lba0":18433,"lba1":18433,"bytes":4096,"n":1,"kind":2,"ov":0}
[msc.reads] n=1 bytes=4096 lba=18433..18433 gap=4 ov=0
[rx] {"t":"event","op":"msc.reads","ms":163857,"gap":4,"lba0":18441,"lba1":18441,"bytes":4096,"n":1,"kind":2,"ov":0}
[msc.reads] n=1 bytes=4096 lba=18441..18441 gap=4 ov=0
[rx] {"t":"event","op":"msc.reads","ms":163861,"gap":4,"lba0":18449,"lba1":18449,"bytes":4096,"n":1,"kind":2,"ov":0}
[msc.reads] n=1 bytes=4096 lba=18449..18449 gap=4 ov=0
[rx] {"t":"event","op":"msc.reads","ms":163865,"gap":4,"lba0":18457,"lba1":18457,"bytes":4096,"n":1,"kind":2,"ov":0}
[msc.reads] n=1 bytes=4096 lba=18457..18457 gap=4 ov=0
[rx] {"t":"event","op":"msc.reads","ms":163869,"gap":4,"lba0":18465,"lba1":18473,"bytes":8192,"n":2,"kind":2,"ov":0}
[msc.reads] n=2 bytes=8192 lba=18465..18473 gap=4 ov=0
[rx] {"t":"event","op":"msc.reads","ms":163877,"gap":4,"lba0":18481,"lba1":18481,"bytes":4096,"n":1,"kind":2,"ov":0}
[msc.reads] n=1 bytes=4096 lba=18481..18481 gap=4 ov=0
[rx] {"t":"event","op":"msc.reads","ms":163881,"gap":4,"lba0":18489,"lba1":18489,"bytes":4096,"n":1,"kind":2,"ov":0}
[msc.reads] n=1 bytes=4096 lba=18489..18489 gap=4 ov=0
[rx] {"t":"event","op":"msc.reads","ms":163885,"gap":4,"lba0":18497,"lba1":18497,"bytes":4096,"n":1,"kind":2,"ov":0}
[msc.reads] n=1 bytes=4096 lba=18497..18497 gap=4 ov=0
[rx] {"t":"event","op":"msc.reads","ms":163889,"gap":4,"lba0":18505,"lba1":18505,"bytes":4096,"n":1,"kind":2,"ov":0}
[msc.reads] n=1 bytes=4096 lba=18505..18505 gap=4 ov=0
[tx] {"t":"ping"}
[rx] {"t":"pong"}
[rx] {"t":"event","op":"diag","code":"msc.phase","detail":"quiet cache?"}
[msc] msc.phase quiet cache?
[rx] {"t":"event","op":"diag","code":"msc.quiet","detail":"file=557056B age=2003ms"}
[msc] msc.quiet file=557056B age=2003ms
[tx] {"t":"ping"}
[rx] {"t":"pong"}
[tx] {"t":"ping"}
[rx] {"t":"pong"}
[tx] {"t":"ping"}
[rx] {"t":"pong"}
[tx] {"t":"ping"}
[rx] {"t":"pong"}
[tx] {"t":"ping"}
[rx] {"t":"pong"}
[tx] {"t":"ping"}
[rx] {"t":"pong"}
[tx] {"t":"ping"}
[rx] {"t":"pong"}
[tx] {"t":"ping"}
[rx] {"t":"pong"}
[tx] {"t":"ping"}
[rx] {"t":"pong"}
[tx] {"t":"ping"}
[rx] {"t":"pong"}
[tx] {"t":"ping"}
[rx] {"t":"pong"}
[tx] {"t":"ping"}
[rx] {"t":"pong"}
[tx] {"t":"ping"}
[rx] {"t":"pong"}
[tx] {"t":"ping"}
[rx] {"t":"pong"}
[tx] {"t":"ping"}
[rx] {"t":"pong"}
[tx] {"t":"ping"}
[rx] {"t":"pong"}
[rx] {"t":"event","op":"msc.reads","ms":199594,"gap":35705,"lba0":561,"lba1":561,"bytes":4096,"n":1,"kind":2,"ov":0}
[msc.reads] n=1 bytes=4096 lba=561..561 gap=35705 ov=0
[rx] {"t":"event","op":"diag","code":"play.reject","detail":"not_from_head uid=fav0 from=561 +4096B age=37792ms prefetch"}
[msc] play.reject not_from_head uid=fav0 from=561 +4096B age=37792ms prefetch
[rx] {"t":"event","op":"msc.reads","ms":199613,"gap":19,"lba0":569,"lba1":569,"bytes":4096,"n":1,"kind":2,"ov":0}
[msc.reads] n=1 bytes=4096 lba=569..569 gap=19 ov=0
[rx] {"t":"event","op":"msc.reads","ms":199617,"gap":4,"lba0":577,"lba1":577,"bytes":4096,"n":1,"kind":2,"ov":0}
[msc.reads] n=1 bytes=4096 lba=577..577 gap=4 ov=0
[rx] {"t":"event","op":"msc.reads","ms":199621,"gap":4,"lba0":585,"lba1":585,"bytes":4096,"n":1,"kind":2,"ov":0}
[msc.reads] n=1 bytes=4096 lba=585..585 gap=4 ov=0
[rx] {"t":"event","op":"msc.reads","ms":199625,"gap":4,"lba0":321,"lba1":393,"bytes":40960,"n":10,"kind":2,"ov":0}
[msc.reads] n=10 bytes=40960 lba=321..393 gap=4 ov=0
[rx] {"t":"event","op":"msc.reads","ms":199663,"gap":4,"lba0":401,"lba1":401,"bytes":4096,"n":1,"kind":2,"ov":0}
[msc.reads] n=1 bytes=4096 lba=401..401 gap=4 ov=0
[rx] {"t":"event","op":"msc.reads","ms":199667,"gap":4,"lba0":409,"lba1":409,"bytes":4096,"n":1,"kind":2,"ov":0}
[msc.reads] n=1 bytes=4096 lba=409..409 gap=4 ov=0
[rx] {"t":"event","op":"msc.reads","ms":199671,"gap":4,"lba0":417,"lba1":489,"bytes":40960,"n":10,"kind":2,"ov":0}
[msc.reads] n=10 bytes=40960 lba=417..489 gap=4 ov=0
[rx] {"t":"event","op":"msc.reads","ms":199710,"gap":4,"lba0":497,"lba1":497,"bytes":4096,"n":1,"kind":2,"ov":0}
[msc.reads] n=1 bytes=4096 lba=497..497 gap=4 ov=0
[rx] {"t":"event","op":"msc.reads","ms":199714,"gap":4,"lba0":505,"lba1":513,"bytes":8192,"n":2,"kind":2,"ov":0}
[msc.reads] n=2 bytes=8192 lba=505..513 gap=4 ov=0
[rx] {"t":"event","op":"msc.reads","ms":199721,"gap":3,"lba0":521,"lba1":521,"bytes":4096,"n":1,"kind":2,"ov":0}
[msc.reads] n=1 bytes=4096 lba=521..521 gap=3 ov=0
[rx] {"t":"event","op":"diag","code":"play.reject","detail":"seq_short uid=fav0 from=81 +4096B age=37937ms"}
[msc] play.reject seq_short uid=fav0 from=81 +4096B age=37937ms
[rx] {"t":"event","op":"msc.reads","ms":199725,"gap":4,"lba0":529,"lba1":81,"bytes":20480,"n":5,"kind":2,"ov":0}
[msc.reads] n=5 bytes=20480 lba=529..81 gap=4 ov=0
[rx] {"t":"event","op":"diag","code":"msc.phase","detail":"play Rock Antenne"}
[msc] msc.phase play Rock Antenne
[rx] {"t":"event","op":"msc.reads","ms":199762,"gap":22,"lba0":89,"lba1":89,"bytes":4096,"n":1,"kind":2,"ov":0}
[msc.reads] n=1 bytes=4096 lba=89..89 gap=22 ov=0
[rx] {"t":"event","op":"play_uid","uid":"fav0"}
[trace] t=0ms play_uid=fav0
[rx] {"t":"event","op":"diag","code":"play.reject","detail":"cooldown uid=fav0 from=81 +12288B age=37973ms"}
[msc] play.reject cooldown uid=fav0 from=81 +12288B age=37973ms
[rx] {"t":"event","op":"msc.reads","ms":199775,"gap":13,"lba0":97,"lba1":97,"bytes":4096,"n":1,"kind":2,"ov":0}
[msc.reads] n=1 bytes=4096 lba=97..97 gap=13 ov=0
[rx] {"t":"event","op":"msc.reads","ms":199782,"gap":7,"lba0":105,"lba1":161,"bytes":32768,"n":8,"kind":2,"ov":0}
[msc.reads] n=8 bytes=32768 lba=105..161 gap=7 ov=0
[rx] {"t":"event","op":"msc.reads","ms":199813,"gap":4,"lba0":169,"lba1":185,"bytes":12288,"n":3,"kind":2,"ov":0}
[msc.reads] n=3 bytes=12288 lba=169..185 gap=4 ov=0
[rx] {"t":"event","op":"msc.reads","ms":199824,"gap":4,"lba0":193,"lba1":193,"bytes":4096,"n":1,"kind":2,"ov":0}
[msc.reads] n=1 bytes=4096 lba=193..193 gap=4 ov=0
[rx] {"t":"event","op":"msc.reads","ms":199828,"gap":4,"lba0":201,"lba1":201,"bytes":4096,"n":1,"kind":2,"ov":0}
[msc.reads] n=1 bytes=4096 lba=201..201 gap=4 ov=0
[rx] {"t":"event","op":"msc.reads","ms":199832,"gap":4,"lba0":209,"lba1":209,"bytes":4096,"n":1,"kind":2,"ov":0}
[msc.reads] n=1 bytes=4096 lba=209..209 gap=4 ov=0
[tx] {"t":"ping"}
[rx] {"t":"event","op":"msc.reads","ms":199836,"gap":4,"lba0":217,"lba1":265,"bytes":28672,"n":7,"kind":2,"ov":0}
[msc.reads] n=7 bytes=28672 lba=217..265 gap=4 ov=0
[rx] {"t":"event","op":"msc.reads","ms":199863,"gap":4,"lba0":273,"lba1":313,"bytes":24576,"n":6,"kind":2,"ov":0}
[msc.reads] n=6 bytes=24576 lba=273..313 gap=4 ov=0
[rx] {"t":"pong"}
[rx] {"t":"event","op":"diag","code":"play.reject","detail":"not_from_head uid=fav0 from=593 +4096B age=38085ms prefetch"}
[msc] play.reject not_from_head uid=fav0 from=593 +4096B age=38085ms prefetch
[rx] {"t":"event","op":"msc.reads","ms":199888,"gap":5,"lba0":593,"lba1":593,"bytes":4096,"n":1,"kind":2,"ov":0}
[msc.reads] n=1 bytes=4096 lba=593..593 gap=5 ov=0
[rx] {"t":"event","op":"msc.reads","ms":199906,"gap":18,"lba0":601,"lba1":601,"bytes":4096,"n":1,"kind":2,"ov":0}
[msc.reads] n=1 bytes=4096 lba=601..601 gap=18 ov=0
[rx] {"t":"event","op":"msc.reads","ms":199909,"gap":3,"lba0":609,"lba1":609,"bytes":4096,"n":1,"kind":2,"ov":0}
[msc.reads] n=1 bytes=4096 lba=609..609 gap=3 ov=0
[rx] {"t":"event","op":"msc.reads","ms":199913,"gap":4,"lba0":617,"lba1":617,"bytes":4096,"n":1,"kind":2,"ov":0}
[msc.reads] n=1 bytes=4096 lba=617..617 gap=4 ov=0
[rx] {"t":"event","op":"msc.reads","ms":199917,"gap":4,"lba0":625,"lba1":625,"bytes":4096,"n":1,"kind":2,"ov":0}
[msc.reads] n=1 bytes=4096 lba=625..625 gap=4 ov=0
[rx] {"t":"event","op":"msc.reads","ms":199921,"gap":4,"lba0":633,"lba1":633,"bytes":4096,"n":1,"kind":2,"ov":0}
[msc.reads] n=1 bytes=4096 lba=633..633 gap=4 ov=0
[rx] {"t":"event","op":"msc.reads","ms":199925,"gap":4,"lba0":641,"lba1":641,"bytes":4096,"n":1,"kind":2,"ov":0}
[msc.reads] n=1 bytes=4096 lba=641..641 gap=4 ov=0
[rx] {"t":"event","op":"msc.reads","ms":199929,"gap":4,"lba0":649,"lba1":657,"bytes":8192,"n":2,"kind":2,"ov":0}
[msc.reads] n=2 bytes=8192 lba=649..657 gap=4 ov=0
[rx] {"t":"event","op":"msc.reads","ms":199936,"gap":3,"lba0":665,"lba1":665,"bytes":4096,"n":1,"kind":2,"ov":0}
[msc.reads] n=1 bytes=4096 lba=665..665 gap=3 ov=0
[rx] {"t":"event","op":"msc.reads","ms":199940,"gap":4,"lba0":673,"lba1":737,"bytes":36864,"n":9,"kind":2,"ov":0}
[msc.reads] n=9 bytes=36864 lba=673..737 gap=4 ov=0
[rx] {"t":"event","op":"msc.reads","ms":199973,"gap":4,"lba0":745,"lba1":745,"bytes":4096,"n":1,"kind":2,"ov":0}
[msc.reads] n=1 bytes=4096 lba=745..745 gap=4 ov=0
[rx] {"t":"event","op":"msc.reads","ms":199977,"gap":4,"lba0":753,"lba1":769,"bytes":12288,"n":3,"kind":2,"ov":0}
[msc.reads] n=3 bytes=12288 lba=753..769 gap=4 ov=0
[rx] {"t":"event","op":"msc.reads","ms":199988,"gap":4,"lba0":777,"lba1":777,"bytes":4096,"n":1,"kind":2,"ov":0}
[msc.reads] n=1 bytes=4096 lba=777..777 gap=4 ov=0
[rx] {"t":"event","op":"msc.reads","ms":199992,"gap":4,"lba0":785,"lba1":785,"bytes":4096,"n":1,"kind":2,"ov":0}
[msc.reads] n=1 bytes=4096 lba=785..785 gap=4 ov=0
[rx] {"t":"event","op":"msc.reads","ms":199996,"gap":4,"lba0":793,"lba1":793,"bytes":4096,"n":1,"kind":2,"ov":0}
[msc.reads] n=1 bytes=4096 lba=793..793 gap=4 ov=0
[rx] {"t":"event","op":"msc.reads","ms":200000,"gap":4,"lba0":801,"lba1":825,"bytes":16384,"n":4,"kind":2,"ov":0}
[msc.reads] n=4 bytes=16384 lba=801..825 gap=4 ov=0
[rx] {"t":"event","op":"msc.reads","ms":200015,"gap":4,"lba0":833,"lba1":945,"bytes":61440,"n":15,"kind":2,"ov":0}
[msc.reads] n=15 bytes=61440 lba=833..945 gap=4 ov=0
[rx] {"t":"event","op":"msc.reads","ms":200070,"gap":4,"lba0":953,"lba1":953,"bytes":4096,"n":1,"kind":2,"ov":0}
[msc.reads] n=1 bytes=4096 lba=953..953 gap=4 ov=0
[rx] {"t":"event","op":"msc.reads","ms":200074,"gap":4,"lba0":961,"lba1":961,"bytes":4096,"n":1,"kind":2,"ov":0}
[msc.reads] n=1 bytes=4096 lba=961..961 gap=4 ov=0
[rx] {"t":"event","op":"msc.reads","ms":200078,"gap":4,"lba0":969,"lba1":969,"bytes":4096,"n":1,"kind":2,"ov":0}
[msc.reads] n=1 bytes=4096 lba=969..969 gap=4 ov=0
[rx] {"t":"event","op":"msc.reads","ms":200081,"gap":3,"lba0":977,"lba1":985,"bytes":8192,"n":2,"kind":2,"ov":0}
[msc.reads] n=2 bytes=8192 lba=977..985 gap=3 ov=0
[rx] {"t":"event","op":"msc.reads","ms":200089,"gap":4,"lba0":993,"lba1":993,"bytes":4096,"n":1,"kind":2,"ov":0}
[msc.reads] n=1 bytes=4096 lba=993..993 gap=4 ov=0
[rx] {"t":"event","op":"msc.reads","ms":200093,"gap":4,"lba0":1001,"lba1":1049,"bytes":28672,"n":7,"kind":2,"ov":0}
[msc.reads] n=7 bytes=28672 lba=1001..1049 gap=4 ov=0
[rx] {"t":"event","op":"msc.reads","ms":200119,"gap":4,"lba0":1057,"lba1":1057,"bytes":4096,"n":1,"kind":2,"ov":0}
[msc.reads] n=1 bytes=4096 lba=1057..1057 gap=4 ov=0
[rx] {"t":"event","op":"msc.reads","ms":200123,"gap":4,"lba0":1065,"lba1":1081,"bytes":12288,"n":3,"kind":2,"ov":0}
[msc.reads] n=3 bytes=12288 lba=1065..1081 gap=4 ov=0
[rx] {"t":"event","op":"msc.reads","ms":200134,"gap":4,"lba0":1089,"lba1":1089,"bytes":4096,"n":1,"kind":2,"ov":0}
[msc.reads] n=1 bytes=4096 lba=1089..1089 gap=4 ov=0
[rx] {"t":"event","op":"msc.reads","ms":200138,"gap":4,"lba0":1097,"lba1":1097,"bytes":4096,"n":1,"kind":2,"ov":0}
[msc.reads] n=1 bytes=4096 lba=1097..1097 gap=4 ov=0
[rx] {"t":"event","op":"msc.reads","ms":200142,"gap":4,"lba0":1105,"lba1":1105,"bytes":4096,"n":1,"kind":2,"ov":0}
[msc.reads] n=1 bytes=4096 lba=1105..1105 gap=4 ov=0
[rx] {"t":"event","op":"msc.reads","ms":200146,"gap":4,"lba0":1113,"lba1":1249,"bytes":73728,"n":18,"kind":2,"ov":0}
[msc.reads] n=18 bytes=73728 lba=1113..1249 gap=4 ov=0
[rx] {"t":"event","op":"msc.reads","ms":200211,"gap":4,"lba0":1257,"lba1":1257,"bytes":4096,"n":1,"kind":2,"ov":0}
[msc.reads] n=1 bytes=4096 lba=1257..1257 gap=4 ov=0
[rx] {"t":"event","op":"msc.reads","ms":200215,"gap":4,"lba0":1265,"lba1":1265,"bytes":4096,"n":1,"kind":2,"ov":0}
[msc.reads] n=1 bytes=4096 lba=1265..1265 gap=4 ov=0
[rx] {"t":"event","op":"msc.reads","ms":200219,"gap":4,"lba0":1273,"lba1":1273,"bytes":4096,"n":1,"kind":2,"ov":0}
[msc.reads] n=1 bytes=4096 lba=1273..1273 gap=4 ov=0
[rx] {"t":"event","op":"msc.reads","ms":200223,"gap":4,"lba0":1281,"lba1":1281,"bytes":4096,"n":1,"kind":2,"ov":0}
[msc.reads] n=1 bytes=4096 lba=1281..1281 gap=4 ov=0
[rx] {"t":"event","op":"msc.reads","ms":200226,"gap":3,"lba0":1289,"lba1":1289,"bytes":4096,"n":1,"kind":2,"ov":0}
[msc.reads] n=1 bytes=4096 lba=1289..1289 gap=3 ov=0
[rx] {"t":"event","op":"msc.reads","ms":200230,"gap":4,"lba0":1297,"lba1":1297,"bytes":4096,"n":1,"kind":2,"ov":0}
[msc.reads] n=1 bytes=4096 lba=1297..1297 gap=4 ov=0
[rx] {"t":"event","op":"msc.reads","ms":200234,"gap":4,"lba0":1305,"lba1":1353,"bytes":32768,"n":8,"kind":2,"ov":0}
[msc.reads] n=8 bytes=32768 lba=1305..1353 gap=4 ov=0
[rx] {"t":"event","op":"msc.reads","ms":200272,"gap":4,"lba0":1361,"lba1":1361,"bytes":4096,"n":1,"kind":2,"ov":0}
[msc.reads] n=1 bytes=4096 lba=1361..1361 gap=4 ov=0
[rx] {"t":"event","op":"msc.reads","ms":200276,"gap":4,"lba0":1369,"lba1":1369,"bytes":4096,"n":1,"kind":2,"ov":0}
[msc.reads] n=1 bytes=4096 lba=1369..1369 gap=4 ov=0
[rx] {"t":"event","op":"msc.reads","ms":200280,"gap":4,"lba0":1377,"lba1":1449,"bytes":40960,"n":10,"kind":2,"ov":0}
[msc.reads] n=10 bytes=40960 lba=1377..1449 gap=4 ov=0
[rx] {"t":"event","op":"msc.reads","ms":200317,"gap":4,"lba0":1457,"lba1":1457,"bytes":4096,"n":1,"kind":2,"ov":0}
[msc.reads] n=1 bytes=4096 lba=1457..1457 gap=4 ov=0
[rx] {"t":"event","op":"msc.reads","ms":200321,"gap":4,"lba0":1465,"lba1":1465,"bytes":4096,"n":1,"kind":2,"ov":0}
[msc.reads] n=1 bytes=4096 lba=1465..1465 gap=4 ov=0
[rx] {"t":"event","op":"msc.reads","ms":200325,"gap":4,"lba0":1473,"lba1":1473,"bytes":4096,"n":1,"kind":2,"ov":0}
[msc.reads] n=1 bytes=4096 lba=1473..1473 gap=4 ov=0
[rx] {"t":"event","op":"msc.reads","ms":200328,"gap":3,"lba0":1481,"lba1":1505,"bytes":16384,"n":4,"kind":2,"ov":0}
[msc.reads] n=4 bytes=16384 lba=1481..1505 gap=3 ov=0
[rx] {"t":"event","op":"msc.reads","ms":200344,"gap":4,"lba0":1513,"lba1":1513,"bytes":4096,"n":1,"kind":2,"ov":0}
[msc.reads] n=1 bytes=4096 lba=1513..1513 gap=4 ov=0
[rx] {"t":"event","op":"msc.reads","ms":200348,"gap":4,"lba0":1521,"lba1":1521,"bytes":4096,"n":1,"kind":2,"ov":0}
[msc.reads] n=1 bytes=4096 lba=1521..1521 gap=4 ov=0
[rx] {"t":"event","op":"msc.reads","ms":200352,"gap":4,"lba0":1529,"lba1":1529,"bytes":4096,"n":1,"kind":2,"ov":0}
[msc.reads] n=1 bytes=4096 lba=1529..1529 gap=4 ov=0
[rx] {"t":"event","op":"msc.reads","ms":200356,"gap":4,"lba0":1537,"lba1":1545,"bytes":8192,"n":2,"kind":2,"ov":0}
[msc.reads] n=2 bytes=8192 lba=1537..1545 gap=4 ov=0
[rx] {"t":"event","op":"msc.reads","ms":200364,"gap":4,"lba0":1553,"lba1":1553,"bytes":4096,"n":1,"kind":2,"ov":0}
[msc.reads] n=1 bytes=4096 lba=1553..1553 gap=4 ov=0
[rx] {"t":"event","op":"msc.reads","ms":200368,"gap":4,"lba0":1561,"lba1":1561,"bytes":4096,"n":1,"kind":2,"ov":0}
[msc.reads] n=1 bytes=4096 lba=1561..1561 gap=4 ov=0
[rx] {"t":"event","op":"msc.reads","ms":200372,"gap":4,"lba0":1569,"lba1":1577,"bytes":8192,"n":2,"kind":2,"ov":0}
[msc.reads] n=2 bytes=8192 lba=1569..1577 gap=4 ov=0
[rx] {"t":"event","op":"msc.reads","ms":200379,"gap":3,"lba0":1585,"lba1":1593,"bytes":8192,"n":2,"kind":2,"ov":0}
[msc.reads] n=2 bytes=8192 lba=1585..1593 gap=3 ov=0
[rx] {"t":"event","op":"msc.reads","ms":200387,"gap":4,"lba0":1601,"lba1":1601,"bytes":4096,"n":1,"kind":2,"ov":0}
[msc.reads] n=1 bytes=4096 lba=1601..1601 gap=4 ov=0
[rx] {"t":"event","op":"msc.reads","ms":200391,"gap":4,"lba0":1609,"lba1":1609,"bytes":4096,"n":1,"kind":2,"ov":0}
[msc.reads] n=1 bytes=4096 lba=1609..1609 gap=4 ov=0
[rx] {"t":"event","op":"msc.reads","ms":200397,"gap":6,"lba0":1617,"lba1":1617,"bytes":4096,"n":1,"kind":2,"ov":0}
[msc.reads] n=1 bytes=4096 lba=1617..1617 gap=6 ov=0
[rx] {"t":"event","op":"msc.reads","ms":200401,"gap":4,"lba0":1625,"lba1":1625,"bytes":4096,"n":1,"kind":2,"ov":0}
[msc.reads] n=1 bytes=4096 lba=1625..1625 gap=4 ov=0
[rx] {"t":"event","op":"msc.reads","ms":200404,"gap":3,"lba0":1633,"lba1":1633,"bytes":4096,"n":1,"kind":2,"ov":0}
[msc.reads] n=1 bytes=4096 lba=1633..1633 gap=3 ov=0
[rx] {"t":"event","op":"msc.reads","ms":200408,"gap":4,"lba0":1641,"lba1":1641,"bytes":4096,"n":1,"kind":2,"ov":0}
[msc.reads] n=1 bytes=4096 lba=1641..1641 gap=4 ov=0
[rx] {"t":"event","op":"msc.reads","ms":200412,"gap":4,"lba0":1649,"lba1":1649,"bytes":4096,"n":1,"kind":2,"ov":0}
[msc.reads] n=1 bytes=4096 lba=1649..1649 gap=4 ov=0
[rx] {"t":"event","op":"msc.reads","ms":200416,"gap":4,"lba0":1657,"lba1":1657,"bytes":4096,"n":1,"kind":2,"ov":0}
[msc.reads] n=1 bytes=4096 lba=1657..1657 gap=4 ov=0
[rx] {"t":"event","op":"msc.reads","ms":200420,"gap":4,"lba0":1665,"lba1":1665,"bytes":4096,"n":1,"kind":2,"ov":0}
[msc.reads] n=1 bytes=4096 lba=1665..1665 gap=4 ov=0
[rx] {"t":"event","op":"msc.reads","ms":200424,"gap":4,"lba0":1673,"lba1":1681,"bytes":8192,"n":2,"kind":2,"ov":0}
[msc.reads] n=2 bytes=8192 lba=1673..1681 gap=4 ov=0
[rx] {"t":"event","op":"msc.reads","ms":200432,"gap":4,"lba0":1689,"lba1":1689,"bytes":4096,"n":1,"kind":2,"ov":0}
[msc.reads] n=1 bytes=4096 lba=1689..1689 gap=4 ov=0
[rx] {"t":"event","op":"msc.reads","ms":200436,"gap":4,"lba0":1697,"lba1":1697,"bytes":4096,"n":1,"kind":2,"ov":0}
[msc.reads] n=1 bytes=4096 lba=1697..1697 gap=4 ov=0
[rx] {"t":"event","op":"msc.reads","ms":200440,"gap":4,"lba0":1705,"lba1":1705,"bytes":4096,"n":1,"kind":2,"ov":0}
[msc.reads] n=1 bytes=4096 lba=1705..1705 gap=4 ov=0
[rx] {"t":"event","op":"msc.reads","ms":200444,"gap":4,"lba0":1713,"lba1":1713,"bytes":4096,"n":1,"kind":2,"ov":0}
[msc.reads] n=1 bytes=4096 lba=1713..1713 gap=4 ov=0
[rx] {"t":"event","op":"msc.reads","ms":200447,"gap":3,"lba0":1721,"lba1":1809,"bytes":49152,"n":12,"kind":2,"ov":0}
[msc.reads] n=12 bytes=49152 lba=1721..1809 gap=3 ov=0
[rx] {"t":"event","op":"msc.reads","ms":200491,"gap":4,"lba0":1817,"lba1":1825,"bytes":8192,"n":2,"kind":2,"ov":0}
[msc.reads] n=2 bytes=8192 lba=1817..1825 gap=4 ov=0
[rx] {"t":"event","op":"msc.reads","ms":200499,"gap":4,"lba0":1833,"lba1":1833,"bytes":4096,"n":1,"kind":2,"ov":0}
[msc.reads] n=1 bytes=4096 lba=1833..1833 gap=4 ov=0
[rx] {"t":"event","op":"msc.reads","ms":200503,"gap":4,"lba0":1841,"lba1":1841,"bytes":4096,"n":1,"kind":2,"ov":0}
[msc.reads] n=1 bytes=4096 lba=1841..1841 gap=4 ov=0
[rx] {"t":"event","op":"msc.reads","ms":200507,"gap":4,"lba0":1849,"lba1":1921,"bytes":40960,"n":10,"kind":2,"ov":0}
[msc.reads] n=10 bytes=40960 lba=1849..1921 gap=4 ov=0
[rx] {"t":"event","op":"msc.reads","ms":200548,"gap":4,"lba0":1929,"lba1":1929,"bytes":4096,"n":1,"kind":2,"ov":0}
[msc.reads] n=1 bytes=4096 lba=1929..1929 gap=4 ov=0
[rx] {"t":"event","op":"msc.reads","ms":200552,"gap":4,"lba0":1937,"lba1":1937,"bytes":4096,"n":1,"kind":2,"ov":0}
[msc.reads] n=1 bytes=4096 lba=1937..1937 gap=4 ov=0
[rx] {"t":"event","op":"msc.reads","ms":200555,"gap":3,"lba0":1945,"lba1":1945,"bytes":4096,"n":1,"kind":2,"ov":0}
[msc.reads] n=1 bytes=4096 lba=1945..1945 gap=3 ov=0
[rx] {"t":"event","op":"msc.reads","ms":200559,"gap":4,"lba0":1953,"lba1":2073,"bytes":65536,"n":16,"kind":2,"ov":0}
[msc.reads] n=16 bytes=65536 lba=1953..2073 gap=4 ov=0
[rx] {"t":"event","op":"msc.reads","ms":200618,"gap":4,"lba0":2081,"lba1":2081,"bytes":4096,"n":1,"kind":2,"ov":0}
[msc.reads] n=1 bytes=4096 lba=2081..2081 gap=4 ov=0
[rx] {"t":"event","op":"msc.reads","ms":200622,"gap":4,"lba0":2089,"lba1":2089,"bytes":4096,"n":1,"kind":2,"ov":0}
[msc.reads] n=1 bytes=4096 lba=2089..2089 gap=4 ov=0
[rx] {"t":"event","op":"msc.reads","ms":200626,"gap":4,"lba0":2097,"lba1":2097,"bytes":4096,"n":1,"kind":2,"ov":0}
[msc.reads] n=1 bytes=4096 lba=2097..2097 gap=4 ov=0
[rx] {"t":"event","op":"msc.reads","ms":200630,"gap":4,"lba0":2105,"lba1":2145,"bytes":24576,"n":6,"kind":2,"ov":0}
[msc.reads] n=6 bytes=24576 lba=2105..2145 gap=4 ov=0
[rx] {"t":"event","op":"msc.reads","ms":200652,"gap":3,"lba0":2153,"lba1":2153,"bytes":4096,"n":1,"kind":2,"ov":0}
[msc.reads] n=1 bytes=4096 lba=2153..2153 gap=3 ov=0
[rx] {"t":"event","op":"msc.reads","ms":200656,"gap":4,"lba0":2161,"lba1":2177,"bytes":12288,"n":3,"kind":2,"ov":0}
[msc.reads] n=3 bytes=12288 lba=2161..2177 gap=4 ov=0
[rx] {"t":"event","op":"msc.reads","ms":200668,"gap":4,"lba0":2185,"lba1":2185,"bytes":4096,"n":1,"kind":2,"ov":0}
[msc.reads] n=1 bytes=4096 lba=2185..2185 gap=4 ov=0
[rx] {"t":"event","op":"msc.reads","ms":200672,"gap":4,"lba0":2193,"lba1":2233,"bytes":24576,"n":6,"kind":2,"ov":0}
[msc.reads] n=6 bytes=24576 lba=2193..2233 gap=4 ov=0
[rx] {"t":"event","op":"msc.reads","ms":200754,"gap":64,"lba0":2241,"lba1":2489,"bytes":131072,"n":32,"kind":2,"ov":0}
[msc.reads] n=32 bytes=131072 lba=2241..2489 gap=64 ov=0
[rx] {"t":"event","op":"msc.reads","ms":200870,"gap":3,"lba0":2497,"lba1":3737,"bytes":81920,"n":20,"kind":2,"ov":0}
[msc.reads] n=20 bytes=81920 lba=2497..3737 gap=3 ov=0
[rx] {"t":"event","op":"msc.reads","ms":200944,"gap":4,"lba0":3745,"lba1":3761,"bytes":12288,"n":3,"kind":2,"ov":0}
[msc.reads] n=3 bytes=12288 lba=3745..3761 gap=4 ov=0
[rx] {"t":"event","op":"msc.reads","ms":200955,"gap":4,"lba0":3769,"lba1":3833,"bytes":36864,"n":9,"kind":2,"ov":0}
[msc.reads] n=9 bytes=36864 lba=3769..3833 gap=4 ov=0
[rx] {"t":"event","op":"msc.reads","ms":200988,"gap":3,"lba0":3841,"lba1":3841,"bytes":4096,"n":1,"kind":2,"ov":0}
[msc.reads] n=1 bytes=4096 lba=3841..3841 gap=3 ov=0
[rx] {"t":"event","op":"msc.reads","ms":200992,"gap":4,"lba0":3849,"lba1":3865,"bytes":12288,"n":3,"kind":2,"ov":0}
[msc.reads] n=3 bytes=12288 lba=3849..3865 gap=4 ov=0
[rx] {"t":"event","op":"msc.reads","ms":201004,"gap":4,"lba0":3873,"lba1":3873,"bytes":4096,"n":1,"kind":2,"ov":0}
[msc.reads] n=1 bytes=4096 lba=3873..3873 gap=4 ov=0
[rx] {"t":"event","op":"msc.reads","ms":201008,"gap":4,"lba0":3881,"lba1":3881,"bytes":4096,"n":1,"kind":2,"ov":0}
[msc.reads] n=1 bytes=4096 lba=3881..3881 gap=4 ov=0
[rx] {"t":"event","op":"msc.reads","ms":201012,"gap":4,"lba0":3889,"lba1":3889,"bytes":4096,"n":1,"kind":2,"ov":0}
[msc.reads] n=1 bytes=4096 lba=3889..3889 gap=4 ov=0
[rx] {"t":"event","op":"msc.reads","ms":201015,"gap":3,"lba0":3897,"lba1":4041,"bytes":77824,"n":19,"kind":2,"ov":0}
[msc.reads] n=19 bytes=77824 lba=3897..4041 gap=3 ov=0
[rx] {"t":"event","op":"msc.reads","ms":201085,"gap":4,"lba0":4049,"lba1":4049,"bytes":4096,"n":1,"kind":2,"ov":0}
[msc.reads] n=1 bytes=4096 lba=4049..4049 gap=4 ov=0
[rx] {"t":"event","op":"msc.reads","ms":201089,"gap":4,"lba0":4057,"lba1":4065,"bytes":8192,"n":2,"kind":2,"ov":0}
[msc.reads] n=2 bytes=8192 lba=4057..4065 gap=4 ov=0
[rx] {"t":"event","op":"msc.reads","ms":201096,"gap":3,"lba0":4073,"lba1":4073,"bytes":4096,"n":1,"kind":2,"ov":0}
[msc.reads] n=1 bytes=4096 lba=4073..4073 gap=3 ov=0
[rx] {"t":"event","op":"msc.reads","ms":201100,"gap":4,"lba0":4081,"lba1":4153,"bytes":40960,"n":10,"kind":2,"ov":0}
[msc.reads] n=10 bytes=40960 lba=4081..4153 gap=4 ov=0
[rx] {"t":"event","op":"msc.reads","ms":201137,"gap":4,"lba0":4161,"lba1":4161,"bytes":4096,"n":1,"kind":2,"ov":0}
[msc.reads] n=1 bytes=4096 lba=4161..4161 gap=4 ov=0
[rx] {"t":"event","op":"msc.reads","ms":201141,"gap":4,"lba0":4169,"lba1":4329,"bytes":86016,"n":21,"kind":2,"ov":0}
[msc.reads] n=21 bytes=86016 lba=4169..4329 gap=4 ov=0
[rx] {"t":"event","op":"msc.reads","ms":201220,"gap":4,"lba0":4337,"lba1":4337,"bytes":4096,"n":1,"kind":2,"ov":0}
[msc.reads] n=1 bytes=4096 lba=4337..4337 gap=4 ov=0
[rx] {"t":"event","op":"msc.reads","ms":201224,"gap":4,"lba0":4345,"lba1":4345,"bytes":4096,"n":1,"kind":2,"ov":0}
[msc.reads] n=1 bytes=4096 lba=4345..4345 gap=4 ov=0
[rx] {"t":"event","op":"msc.reads","ms":201228,"gap":4,"lba0":4353,"lba1":4353,"bytes":4096,"n":1,"kind":2,"ov":0}
[msc.reads] n=1 bytes=4096 lba=4353..4353 gap=4 ov=0
[rx] {"t":"event","op":"msc.reads","ms":201232,"gap":4,"lba0":4361,"lba1":4361,"bytes":4096,"n":1,"kind":2,"ov":0}
[msc.reads] n=1 bytes=4096 lba=4361..4361 gap=4 ov=0
[rx] {"t":"event","op":"msc.reads","ms":201235,"gap":3,"lba0":4369,"lba1":2681,"bytes":65536,"n":16,"kind":2,"ov":0}
[msc.reads] n=16 bytes=65536 lba=4369..2681 gap=3 ov=0
[rx] {"t":"event","op":"msc.reads","ms":201294,"gap":4,"lba0":2689,"lba1":2689,"bytes":4096,"n":1,"kind":2,"ov":0}
[msc.reads] n=1 bytes=4096 lba=2689..2689 gap=4 ov=0
[rx] {"t":"event","op":"msc.reads","ms":201298,"gap":4,"lba0":2697,"lba1":2697,"bytes":4096,"n":1,"kind":2,"ov":0}
[msc.reads] n=1 bytes=4096 lba=2697..2697 gap=4 ov=0
[rx] {"t":"event","op":"msc.reads","ms":201302,"gap":4,"lba0":2705,"lba1":2705,"bytes":4096,"n":1,"kind":2,"ov":0}
[msc.reads] n=1 bytes=4096 lba=2705..2705 gap=4 ov=0
[rx] {"t":"event","op":"msc.reads","ms":201306,"gap":4,"lba0":2713,"lba1":2713,"bytes":4096,"n":1,"kind":2,"ov":0}
[msc.reads] n=1 bytes=4096 lba=2713..2713 gap=4 ov=0
[rx] {"t":"event","op":"msc.reads","ms":201310,"gap":4,"lba0":2721,"lba1":2729,"bytes":8192,"n":2,"kind":2,"ov":0}
[msc.reads] n=2 bytes=8192 lba=2721..2729 gap=4 ov=0
[rx] {"t":"event","op":"msc.reads","ms":201317,"gap":3,"lba0":2737,"lba1":2737,"bytes":4096,"n":1,"kind":2,"ov":0}
[msc.reads] n=1 bytes=4096 lba=2737..2737 gap=3 ov=0
[rx] {"t":"event","op":"msc.reads","ms":201321,"gap":4,"lba0":2745,"lba1":2801,"bytes":32768,"n":8,"kind":2,"ov":0}
[msc.reads] n=8 bytes=32768 lba=2745..2801 gap=4 ov=0
[rx] {"t":"event","op":"msc.reads","ms":201350,"gap":3,"lba0":2809,"lba1":2809,"bytes":4096,"n":1,"kind":2,"ov":0}
[msc.reads] n=1 bytes=4096 lba=2809..2809 gap=3 ov=0
[rx] {"t":"event","op":"msc.reads","ms":201354,"gap":4,"lba0":2817,"lba1":2817,"bytes":4096,"n":1,"kind":2,"ov":0}
[msc.reads] n=1 bytes=4096 lba=2817..2817 gap=4 ov=0
[rx] {"t":"event","op":"msc.reads","ms":201358,"gap":4,"lba0":2825,"lba1":2913,"bytes":49152,"n":12,"kind":2,"ov":0}
[msc.reads] n=12 bytes=49152 lba=2825..2913 gap=4 ov=0
[rx] {"t":"event","op":"msc.reads","ms":201402,"gap":3,"lba0":2921,"lba1":2921,"bytes":4096,"n":1,"kind":2,"ov":0}
[msc.reads] n=1 bytes=4096 lba=2921..2921 gap=3 ov=0
[rx] {"t":"event","op":"msc.reads","ms":201406,"gap":4,"lba0":2929,"lba1":2929,"bytes":4096,"n":1,"kind":2,"ov":0}
[msc.reads] n=1 bytes=4096 lba=2929..2929 gap=4 ov=0
[rx] {"t":"event","op":"msc.reads","ms":201410,"gap":4,"lba0":2937,"lba1":2937,"bytes":4096,"n":1,"kind":2,"ov":0}
[msc.reads] n=1 bytes=4096 lba=2937..2937 gap=4 ov=0
[rx] {"t":"event","op":"msc.reads","ms":201414,"gap":4,"lba0":2945,"lba1":3017,"bytes":40960,"n":10,"kind":2,"ov":0}
[msc.reads] n=10 bytes=40960 lba=2945..3017 gap=4 ov=0
[rx] {"t":"event","op":"msc.reads","ms":201450,"gap":3,"lba0":3025,"lba1":3025,"bytes":4096,"n":1,"kind":2,"ov":0}
[msc.reads] n=1 bytes=4096 lba=3025..3025 gap=3 ov=0
[rx] {"t":"event","op":"msc.reads","ms":201454,"gap":4,"lba0":3033,"lba1":3033,"bytes":4096,"n":1,"kind":2,"ov":0}
[msc.reads] n=1 bytes=4096 lba=3033..3033 gap=4 ov=0
[rx] {"t":"event","op":"msc.reads","ms":201458,"gap":4,"lba0":3041,"lba1":3041,"bytes":4096,"n":1,"kind":2,"ov":0}
[msc.reads] n=1 bytes=4096 lba=3041..3041 gap=4 ov=0
[rx] {"t":"event","op":"msc.reads","ms":201462,"gap":4,"lba0":3049,"lba1":3057,"bytes":8192,"n":2,"kind":2,"ov":0}
[msc.reads] n=2 bytes=8192 lba=3049..3057 gap=4 ov=0
[rx] {"t":"event","op":"msc.reads","ms":201470,"gap":4,"lba0":3065,"lba1":3065,"bytes":4096,"n":1,"kind":2,"ov":0}
[msc.reads] n=1 bytes=4096 lba=3065..3065 gap=4 ov=0
[rx] {"t":"event","op":"msc.reads","ms":201474,"gap":4,"lba0":3073,"lba1":3073,"bytes":4096,"n":1,"kind":2,"ov":0}
[msc.reads] n=1 bytes=4096 lba=3073..3073 gap=4 ov=0
[rx] {"t":"event","op":"msc.reads","ms":201478,"gap":4,"lba0":3081,"lba1":3081,"bytes":4096,"n":1,"kind":2,"ov":0}
[msc.reads] n=1 bytes=4096 lba=3081..3081 gap=4 ov=0
[rx] {"t":"event","op":"diag","code":"play.reject","detail":"not_from_head uid=fav0 from=2577 +278528B age=39690ms prefetch"}
[msc] play.reject not_from_head uid=fav0 from=2577 +278528B age=39690ms prefetch
[rx] {"t":"event","op":"msc.reads","ms":201482,"gap":4,"lba0":3089,"lba1":3113,"bytes":16384,"n":4,"kind":2,"ov":0}
[msc.reads] n=4 bytes=16384 lba=3089..3113 gap=4 ov=0
[rx] {"t":"event","op":"msc.reads","ms":201520,"gap":27,"lba0":3121,"lba1":3121,"bytes":4096,"n":1,"kind":2,"ov":0}
[msc.reads] n=1 bytes=4096 lba=3121..3121 gap=27 ov=0
[rx] {"t":"event","op":"msc.reads","ms":201524,"gap":4,"lba0":3129,"lba1":3129,"bytes":4096,"n":1,"kind":2,"ov":0}
[msc.reads] n=1 bytes=4096 lba=3129..3129 gap=4 ov=0
[rx] {"t":"event","op":"msc.reads","ms":201527,"gap":3,"lba0":3137,"lba1":3193,"bytes":32768,"n":8,"kind":2,"ov":0}
[msc.reads] n=8 bytes=32768 lba=3137..3193 gap=3 ov=0
[rx] {"t":"event","op":"msc.reads","ms":201557,"gap":4,"lba0":3201,"lba1":3201,"bytes":4096,"n":1,"kind":2,"ov":0}
[msc.reads] n=1 bytes=4096 lba=3201..3201 gap=4 ov=0
[rx] {"t":"event","op":"msc.reads","ms":201561,"gap":4,"lba0":3209,"lba1":3209,"bytes":4096,"n":1,"kind":2,"ov":0}
[msc.reads] n=1 bytes=4096 lba=3209..3209 gap=4 ov=0
[rx] {"t":"event","op":"msc.reads","ms":201565,"gap":4,"lba0":3217,"lba1":3217,"bytes":4096,"n":1,"kind":2,"ov":0}
[msc.reads] n=1 bytes=4096 lba=3217..3217 gap=4 ov=0
[rx] {"t":"event","op":"msc.reads","ms":201568,"gap":3,"lba0":3225,"lba1":3225,"bytes":4096,"n":1,"kind":2,"ov":0}
[msc.reads] n=1 bytes=4096 lba=3225..3225 gap=3 ov=0
[rx] {"t":"event","op":"msc.reads","ms":201572,"gap":4,"lba0":3233,"lba1":3233,"bytes":4096,"n":1,"kind":2,"ov":0}
[msc.reads] n=1 bytes=4096 lba=3233..3233 gap=4 ov=0
[rx] {"t":"event","op":"msc.reads","ms":201576,"gap":4,"lba0":3241,"lba1":3241,"bytes":4096,"n":1,"kind":2,"ov":0}
[msc.reads] n=1 bytes=4096 lba=3241..3241 gap=4 ov=0
[rx] {"t":"event","op":"msc.reads","ms":201580,"gap":4,"lba0":3249,"lba1":4417,"bytes":45056,"n":11,"kind":2,"ov":0}
[msc.reads] n=11 bytes=45056 lba=3249..4417 gap=4 ov=0
[rx] {"t":"event","op":"msc.reads","ms":201621,"gap":4,"lba0":4425,"lba1":4425,"bytes":4096,"n":1,"kind":2,"ov":0}
[msc.reads] n=1 bytes=4096 lba=4425..4425 gap=4 ov=0
[rx] {"t":"event","op":"msc.reads","ms":201625,"gap":4,"lba0":4433,"lba1":4433,"bytes":4096,"n":1,"kind":2,"ov":0}
[msc.reads] n=1 bytes=4096 lba=4433..4433 gap=4 ov=0
[rx] {"t":"event","op":"msc.reads","ms":201629,"gap":4,"lba0":4441,"lba1":4441,"bytes":4096,"n":1,"kind":2,"ov":0}
[msc.reads] n=1 bytes=4096 lba=4441..4441 gap=4 ov=0
[rx] {"t":"event","op":"msc.reads","ms":201632,"gap":3,"lba0":4449,"lba1":4529,"bytes":45056,"n":11,"kind":2,"ov":0}
[msc.reads] n=11 bytes=45056 lba=4449..4529 gap=3 ov=0
[rx] {"t":"event","op":"msc.reads","ms":201673,"gap":4,"lba0":4537,"lba1":4553,"bytes":12288,"n":3,"kind":2,"ov":0}
[msc.reads] n=3 bytes=12288 lba=4537..4553 gap=4 ov=0
[rx] {"t":"event","op":"msc.reads","ms":201684,"gap":4,"lba0":4561,"lba1":4561,"bytes":4096,"n":1,"kind":2,"ov":0}
[msc.reads] n=1 bytes=4096 lba=4561..4561 gap=4 ov=0
[rx] {"t":"event","op":"msc.reads","ms":201688,"gap":4,"lba0":4569,"lba1":4569,"bytes":4096,"n":1,"kind":2,"ov":0}
[msc.reads] n=1 bytes=4096 lba=4569..4569 gap=4 ov=0
[rx] {"t":"event","op":"msc.reads","ms":201691,"gap":3,"lba0":4577,"lba1":4617,"bytes":24576,"n":6,"kind":2,"ov":0}
[msc.reads] n=6 bytes=24576 lba=4577..4617 gap=3 ov=0
[rx] {"t":"event","op":"msc.reads","ms":201714,"gap":4,"lba0":4625,"lba1":4625,"bytes":4096,"n":1,"kind":2,"ov":0}
[msc.reads] n=1 bytes=4096 lba=4625..4625 gap=4 ov=0
[rx] {"t":"event","op":"msc.reads","ms":201718,"gap":4,"lba0":4633,"lba1":4633,"bytes":4096,"n":1,"kind":2,"ov":0}
[msc.reads] n=1 bytes=4096 lba=4633..4633 gap=4 ov=0
[rx] {"t":"event","op":"msc.reads","ms":201722,"gap":4,"lba0":4641,"lba1":4649,"bytes":8192,"n":2,"kind":2,"ov":0}
[msc.reads] n=2 bytes=8192 lba=4641..4649 gap=4 ov=0
[rx] {"t":"event","op":"msc.reads","ms":201729,"gap":3,"lba0":4657,"lba1":4657,"bytes":4096,"n":1,"kind":2,"ov":0}
[msc.reads] n=1 bytes=4096 lba=4657..4657 gap=3 ov=0
[rx] {"t":"event","op":"msc.reads","ms":201733,"gap":4,"lba0":4665,"lba1":4665,"bytes":4096,"n":1,"kind":2,"ov":0}
[msc.reads] n=1 bytes=4096 lba=4665..4665 gap=4 ov=0
[rx] {"t":"event","op":"msc.reads","ms":201737,"gap":4,"lba0":4673,"lba1":4721,"bytes":28672,"n":7,"kind":2,"ov":0}
[msc.reads] n=7 bytes=28672 lba=4673..4721 gap=4 ov=0
[rx] {"t":"event","op":"msc.reads","ms":201763,"gap":4,"lba0":4729,"lba1":4737,"bytes":8192,"n":2,"kind":2,"ov":0}
[msc.reads] n=2 bytes=8192 lba=4729..4737 gap=4 ov=0
[rx] {"t":"event","op":"msc.reads","ms":201771,"gap":4,"lba0":4745,"lba1":4745,"bytes":4096,"n":1,"kind":2,"ov":0}
[msc.reads] n=1 bytes=4096 lba=4745..4745 gap=4 ov=0
[rx] {"t":"event","op":"msc.reads","ms":201775,"gap":4,"lba0":4753,"lba1":4753,"bytes":4096,"n":1,"kind":2,"ov":0}
[msc.reads] n=1 bytes=4096 lba=4753..4753 gap=4 ov=0
[rx] {"t":"event","op":"msc.reads","ms":201779,"gap":4,"lba0":4761,"lba1":4761,"bytes":4096,"n":1,"kind":2,"ov":0}
[msc.reads] n=1 bytes=4096 lba=4761..4761 gap=4 ov=0
[rx] {"t":"event","op":"msc.reads","ms":201783,"gap":4,"lba0":4769,"lba1":4841,"bytes":40960,"n":10,"kind":2,"ov":0}
[msc.reads] n=10 bytes=40960 lba=4769..4841 gap=4 ov=0
[rx] {"t":"event","op":"msc.reads","ms":201819,"gap":4,"lba0":4849,"lba1":4849,"bytes":4096,"n":1,"kind":2,"ov":0}
[msc.reads] n=1 bytes=4096 lba=4849..4849 gap=4 ov=0
[rx] {"t":"event","op":"msc.reads","ms":201823,"gap":4,"lba0":4857,"lba1":4857,"bytes":4096,"n":1,"kind":2,"ov":0}
[msc.reads] n=1 bytes=4096 lba=4857..4857 gap=4 ov=0
[rx] {"t":"event","op":"msc.reads","ms":201827,"gap":4,"lba0":4865,"lba1":4873,"bytes":8192,"n":2,"kind":2,"ov":0}
[msc.reads] n=2 bytes=8192 lba=4865..4873 gap=4 ov=0
[rx] {"t":"event","op":"msc.reads","ms":201834,"gap":3,"lba0":4881,"lba1":4921,"bytes":24576,"n":6,"kind":2,"ov":0}
[msc.reads] n=6 bytes=24576 lba=4881..4921 gap=3 ov=0
[rx] {"t":"event","op":"msc.reads","ms":201857,"gap":4,"lba0":4929,"lba1":4945,"bytes":12288,"n":3,"kind":2,"ov":0}
[msc.reads] n=3 bytes=12288 lba=4929..4945 gap=4 ov=0
[tx] {"t":"ping"}
[rx] {"t":"event","op":"msc.reads","ms":201868,"gap":4,"lba0":4953,"lba1":4953,"bytes":4096,"n":1,"kind":2,"ov":0}
[msc.reads] n=1 bytes=4096 lba=4953..4953 gap=4 ov=0
[rx] {"t":"event","op":"msc.reads","ms":201872,"gap":4,"lba0":4961,"lba1":4961,"bytes":4096,"n":1,"kind":2,"ov":0}
[msc.reads] n=1 bytes=4096 lba=4961..4961 gap=4 ov=0
[rx] {"t":"event","op":"msc.reads","ms":201876,"gap":4,"lba0":4969,"lba1":4969,"bytes":4096,"n":1,"kind":2,"ov":0}
[msc.reads] n=1 bytes=4096 lba=4969..4969 gap=4 ov=0
[rx] {"t":"event","op":"msc.reads","ms":201880,"gap":4,"lba0":4977,"lba1":5033,"bytes":32768,"n":8,"kind":2,"ov":0}
[msc.reads] n=8 bytes=32768 lba=4977..5033 gap=4 ov=0
[rx] {"t":"pong"}
[rx] {"t":"event","op":"msc.reads","ms":201909,"gap":4,"lba0":5041,"lba1":5057,"bytes":12288,"n":3,"kind":2,"ov":0}
[msc.reads] n=3 bytes=12288 lba=5041..5057 gap=4 ov=0
[rx] {"t":"event","op":"msc.reads","ms":201921,"gap":4,"lba0":5065,"lba1":5073,"bytes":8192,"n":2,"kind":2,"ov":0}
[msc.reads] n=2 bytes=8192 lba=5065..5073 gap=4 ov=0
[rx] {"t":"event","op":"msc.reads","ms":201929,"gap":4,"lba0":5081,"lba1":5081,"bytes":4096,"n":1,"kind":2,"ov":0}
[msc.reads] n=1 bytes=4096 lba=5081..5081 gap=4 ov=0
[rx] {"t":"event","op":"msc.reads","ms":201933,"gap":4,"lba0":5089,"lba1":5089,"bytes":4096,"n":1,"kind":2,"ov":0}
[msc.reads] n=1 bytes=4096 lba=5089..5089 gap=4 ov=0
[rx] {"t":"event","op":"msc.reads","ms":201937,"gap":4,"lba0":5097,"lba1":5097,"bytes":4096,"n":1,"kind":2,"ov":0}
[msc.reads] n=1 bytes=4096 lba=5097..5097 gap=4 ov=0
[rx] {"t":"event","op":"msc.reads","ms":201941,"gap":4,"lba0":3297,"lba1":3377,"bytes":45056,"n":11,"kind":2,"ov":0}
[msc.reads] n=11 bytes=45056 lba=3297..3377 gap=4 ov=0
[rx] {"t":"event","op":"msc.reads","ms":201981,"gap":4,"lba0":3385,"lba1":3385,"bytes":4096,"n":1,"kind":2,"ov":0}
[msc.reads] n=1 bytes=4096 lba=3385..3385 gap=4 ov=0
[rx] {"t":"event","op":"msc.reads","ms":201985,"gap":4,"lba0":3393,"lba1":3393,"bytes":4096,"n":1,"kind":2,"ov":0}
[msc.reads] n=1 bytes=4096 lba=3393..3393 gap=4 ov=0
[rx] {"t":"event","op":"msc.reads","ms":201989,"gap":4,"lba0":3401,"lba1":3401,"bytes":4096,"n":1,"kind":2,"ov":0}
[msc.reads] n=1 bytes=4096 lba=3401..3401 gap=4 ov=0
[rx] {"t":"event","op":"msc.reads","ms":201992,"gap":3,"lba0":3409,"lba1":3481,"bytes":40960,"n":10,"kind":2,"ov":0}
[msc.reads] n=10 bytes=40960 lba=3409..3481 gap=3 ov=0
[rx] {"t":"event","op":"msc.reads","ms":202030,"gap":4,"lba0":3489,"lba1":3489,"bytes":4096,"n":1,"kind":2,"ov":0}
[msc.reads] n=1 bytes=4096 lba=3489..3489 gap=4 ov=0
[rx] {"t":"event","op":"msc.reads","ms":202034,"gap":4,"lba0":3497,"lba1":3497,"bytes":4096,"n":1,"kind":2,"ov":0}
[msc.reads] n=1 bytes=4096 lba=3497..3497 gap=4 ov=0
[rx] {"t":"event","op":"msc.reads","ms":202038,"gap":4,"lba0":3505,"lba1":3505,"bytes":4096,"n":1,"kind":2,"ov":0}
[msc.reads] n=1 bytes=4096 lba=3505..3505 gap=4 ov=0
[rx] {"t":"event","op":"msc.reads","ms":202042,"gap":4,"lba0":3513,"lba1":3569,"bytes":32768,"n":8,"kind":2,"ov":0}
[msc.reads] n=8 bytes=32768 lba=3513..3569 gap=4 ov=0
[rx] {"t":"event","op":"msc.reads","ms":202072,"gap":4,"lba0":3577,"lba1":3577,"bytes":4096,"n":1,"kind":2,"ov":0}
[msc.reads] n=1 bytes=4096 lba=3577..3577 gap=4 ov=0
[rx] {"t":"event","op":"msc.reads","ms":202076,"gap":4,"lba0":3585,"lba1":3585,"bytes":4096,"n":1,"kind":2,"ov":0}
[msc.reads] n=1 bytes=4096 lba=3585..3585 gap=4 ov=0
[rx] {"t":"event","op":"msc.reads","ms":202080,"gap":4,"lba0":3593,"lba1":3593,"bytes":4096,"n":1,"kind":2,"ov":0}
[msc.reads] n=1 bytes=4096 lba=3593..3593 gap=4 ov=0
[rx] {"t":"event","op":"msc.reads","ms":202084,"gap":4,"lba0":3601,"lba1":3601,"bytes":4096,"n":1,"kind":2,"ov":0}
[msc.reads] n=1 bytes=4096 lba=3601..3601 gap=4 ov=0
[rx] {"t":"event","op":"msc.reads","ms":202088,"gap":4,"lba0":3609,"lba1":3617,"bytes":8192,"n":2,"kind":2,"ov":0}
[msc.reads] n=2 bytes=8192 lba=3609..3617 gap=4 ov=0
[rx] {"t":"event","op":"msc.reads","ms":202095,"gap":4,"lba0":3625,"lba1":5129,"bytes":36864,"n":9,"kind":2,"ov":0}
[msc.reads] n=9 bytes=36864 lba=3625..5129 gap=4 ov=0
[rx] {"t":"event","op":"msc.reads","ms":202129,"gap":4,"lba0":5137,"lba1":5137,"bytes":4096,"n":1,"kind":2,"ov":0}
[msc.reads] n=1 bytes=4096 lba=5137..5137 gap=4 ov=0
[rx] {"t":"event","op":"msc.reads","ms":202133,"gap":4,"lba0":5145,"lba1":5153,"bytes":8192,"n":2,"kind":2,"ov":0}
[msc.reads] n=2 bytes=8192 lba=5145..5153 gap=4 ov=0
[rx] {"t":"event","op":"msc.reads","ms":202140,"gap":3,"lba0":5161,"lba1":5161,"bytes":4096,"n":1,"kind":2,"ov":0}
[msc.reads] n=1 bytes=4096 lba=5161..5161 gap=3 ov=0
[rx] {"t":"event","op":"msc.reads","ms":202144,"gap":4,"lba0":5169,"lba1":5169,"bytes":4096,"n":1,"kind":2,"ov":0}
[msc.reads] n=1 bytes=4096 lba=5169..5169 gap=4 ov=0
[rx] {"t":"event","op":"msc.reads","ms":202148,"gap":4,"lba0":5177,"lba1":5241,"bytes":36864,"n":9,"kind":2,"ov":0}
[msc.reads] n=9 bytes=36864 lba=5177..5241 gap=4 ov=0
[rx] {"t":"event","op":"msc.reads","ms":202181,"gap":4,"lba0":5249,"lba1":5249,"bytes":4096,"n":1,"kind":2,"ov":0}
[msc.reads] n=1 bytes=4096 lba=5249..5249 gap=4 ov=0
[rx] {"t":"event","op":"msc.reads","ms":202185,"gap":4,"lba0":5257,"lba1":5257,"bytes":4096,"n":1,"kind":2,"ov":0}
[msc.reads] n=1 bytes=4096 lba=5257..5257 gap=4 ov=0
[rx] {"t":"event","op":"msc.reads","ms":202189,"gap":4,"lba0":5265,"lba1":5265,"bytes":4096,"n":1,"kind":2,"ov":0}
[msc.reads] n=1 bytes=4096 lba=5265..5265 gap=4 ov=0
[rx] {"t":"event","op":"msc.reads","ms":202193,"gap":4,"lba0":5273,"lba1":5321,"bytes":28672,"n":7,"kind":2,"ov":0}
[msc.reads] n=7 bytes=28672 lba=5273..5321 gap=4 ov=0
[rx] {"t":"event","op":"msc.reads","ms":202218,"gap":4,"lba0":5329,"lba1":5345,"bytes":12288,"n":3,"kind":2,"ov":0}
[msc.reads] n=3 bytes=12288 lba=5329..5345 gap=4 ov=0
[rx] {"t":"event","op":"msc.reads","ms":202230,"gap":4,"lba0":5353,"lba1":5353,"bytes":4096,"n":1,"kind":2,"ov":0}
[msc.reads] n=1 bytes=4096 lba=5353..5353 gap=4 ov=0
[rx] {"t":"event","op":"msc.reads","ms":202234,"gap":4,"lba0":5361,"lba1":5361,"bytes":4096,"n":1,"kind":2,"ov":0}
[msc.reads] n=1 bytes=4096 lba=5361..5361 gap=4 ov=0
[rx] {"t":"event","op":"msc.reads","ms":202238,"gap":4,"lba0":5369,"lba1":5369,"bytes":4096,"n":1,"kind":2,"ov":0}
[msc.reads] n=1 bytes=4096 lba=5369..5369 gap=4 ov=0
[rx] {"t":"event","op":"msc.reads","ms":202242,"gap":4,"lba0":5377,"lba1":5425,"bytes":28672,"n":7,"kind":2,"ov":0}
[msc.reads] n=7 bytes=28672 lba=5377..5425 gap=4 ov=0
[rx] {"t":"event","op":"msc.reads","ms":202267,"gap":4,"lba0":5433,"lba1":5441,"bytes":8192,"n":2,"kind":2,"ov":0}
[msc.reads] n=2 bytes=8192 lba=5433..5441 gap=4 ov=0
[rx] {"t":"event","op":"msc.reads","ms":202275,"gap":4,"lba0":5449,"lba1":5449,"bytes":4096,"n":1,"kind":2,"ov":0}
[msc.reads] n=1 bytes=4096 lba=5449..5449 gap=4 ov=0
[rx] {"t":"event","op":"msc.reads","ms":202279,"gap":4,"lba0":5457,"lba1":5457,"bytes":4096,"n":1,"kind":2,"ov":0}
[msc.reads] n=1 bytes=4096 lba=5457..5457 gap=4 ov=0
[rx] {"t":"event","op":"msc.reads","ms":202283,"gap":4,"lba0":5465,"lba1":5465,"bytes":4096,"n":1,"kind":2,"ov":0}
[msc.reads] n=1 bytes=4096 lba=5465..5465 gap=4 ov=0
[rx] {"t":"event","op":"msc.reads","ms":202286,"gap":3,"lba0":5473,"lba1":5473,"bytes":4096,"n":1,"kind":2,"ov":0}
[msc.reads] n=1 bytes=4096 lba=5473..5473 gap=3 ov=0
[rx] {"t":"event","op":"msc.reads","ms":202290,"gap":4,"lba0":5481,"lba1":5481,"bytes":4096,"n":1,"kind":2,"ov":0}
[msc.reads] n=1 bytes=4096 lba=5481..5481 gap=4 ov=0
[rx] {"t":"event","op":"diag","code":"play.reject","detail":"not_from_head uid=fav0 from=5105 +200704B age=40491ms prefetch"}
[msc] play.reject not_from_head uid=fav0 from=5105 +200704B age=40491ms prefetch
[rx] {"t":"event","op":"msc.reads","ms":202371,"gap":77,"lba0":5497,"lba1":5497,"bytes":4096,"n":1,"kind":2,"ov":0}
[msc.reads] n=1 bytes=4096 lba=5497..5497 gap=77 ov=0
[rx] {"t":"event","op":"msc.reads","ms":202375,"gap":4,"lba0":5505,"lba1":5505,"bytes":4096,"n":1,"kind":2,"ov":0}
[msc.reads] n=1 bytes=4096 lba=5505..5505 gap=4 ov=0
[rx] {"t":"event","op":"msc.reads","ms":202379,"gap":4,"lba0":5513,"lba1":5513,"bytes":4096,"n":1,"kind":2,"ov":0}
[msc.reads] n=1 bytes=4096 lba=5513..5513 gap=4 ov=0
[rx] {"t":"event","op":"msc.reads","ms":202383,"gap":4,"lba0":5521,"lba1":5521,"bytes":4096,"n":1,"kind":2,"ov":0}
[msc.reads] n=1 bytes=4096 lba=5521..5521 gap=4 ov=0
[rx] {"t":"event","op":"msc.reads","ms":202386,"gap":3,"lba0":5529,"lba1":5553,"bytes":16384,"n":4,"kind":2,"ov":0}
[msc.reads] n=4 bytes=16384 lba=5529..5553 gap=3 ov=0
[rx] {"t":"event","op":"msc.reads","ms":202401,"gap":4,"lba0":5561,"lba1":5561,"bytes":4096,"n":1,"kind":2,"ov":0}
[msc.reads] n=1 bytes=4096 lba=5561..5561 gap=4 ov=0
[rx] {"t":"event","op":"msc.reads","ms":202405,"gap":4,"lba0":5569,"lba1":5569,"bytes":4096,"n":1,"kind":2,"ov":0}
[msc.reads] n=1 bytes=4096 lba=5569..5569 gap=4 ov=0
[rx] {"t":"event","op":"msc.reads","ms":202409,"gap":4,"lba0":5577,"lba1":5641,"bytes":36864,"n":9,"kind":2,"ov":0}
[msc.reads] n=9 bytes=36864 lba=5577..5641 gap=4 ov=0
[rx] {"t":"event","op":"msc.reads","ms":202442,"gap":4,"lba0":5649,"lba1":5665,"bytes":12288,"n":3,"kind":2,"ov":0}
[msc.reads] n=3 bytes=12288 lba=5649..5665 gap=4 ov=0
[rx] {"t":"event","op":"msc.reads","ms":202454,"gap":4,"lba0":5673,"lba1":5673,"bytes":4096,"n":1,"kind":2,"ov":0}
[msc.reads] n=1 bytes=4096 lba=5673..5673 gap=4 ov=0
[rx] {"t":"event","op":"msc.reads","ms":202458,"gap":4,"lba0":5681,"lba1":5681,"bytes":4096,"n":1,"kind":2,"ov":0}
[msc.reads] n=1 bytes=4096 lba=5681..5681 gap=4 ov=0
[rx] {"t":"event","op":"msc.reads","ms":202462,"gap":4,"lba0":5689,"lba1":5689,"bytes":4096,"n":1,"kind":2,"ov":0}
[msc.reads] n=1 bytes=4096 lba=5689..5689 gap=4 ov=0
[rx] {"t":"event","op":"msc.reads","ms":202466,"gap":4,"lba0":5697,"lba1":5697,"bytes":4096,"n":1,"kind":2,"ov":0}
[msc.reads] n=1 bytes=4096 lba=5697..5697 gap=4 ov=0
[rx] {"t":"event","op":"msc.reads","ms":202469,"gap":3,"lba0":5705,"lba1":5705,"bytes":4096,"n":1,"kind":2,"ov":0}
[msc.reads] n=1 bytes=4096 lba=5705..5705 gap=3 ov=0
[rx] {"t":"event","op":"msc.reads","ms":202473,"gap":4,"lba0":5713,"lba1":5713,"bytes":4096,"n":1,"kind":2,"ov":0}
[msc.reads] n=1 bytes=4096 lba=5713..5713 gap=4 ov=0
[rx] {"t":"event","op":"msc.reads","ms":202477,"gap":4,"lba0":5721,"lba1":5729,"bytes":8192,"n":2,"kind":2,"ov":0}
[msc.reads] n=2 bytes=8192 lba=5721..5729 gap=4 ov=0
[rx] {"t":"event","op":"msc.reads","ms":202485,"gap":4,"lba0":5737,"lba1":5737,"bytes":4096,"n":1,"kind":2,"ov":0}
[msc.reads] n=1 bytes=4096 lba=5737..5737 gap=4 ov=0
[rx] {"t":"event","op":"msc.reads","ms":202489,"gap":4,"lba0":5745,"lba1":5745,"bytes":4096,"n":1,"kind":2,"ov":0}
[msc.reads] n=1 bytes=4096 lba=5745..5745 gap=4 ov=0
[rx] {"t":"event","op":"msc.reads","ms":202493,"gap":4,"lba0":5753,"lba1":5753,"bytes":4096,"n":1,"kind":2,"ov":0}
[msc.reads] n=1 bytes=4096 lba=5753..5753 gap=4 ov=0
[rx] {"t":"event","op":"msc.reads","ms":202497,"gap":4,"lba0":5761,"lba1":5761,"bytes":4096,"n":1,"kind":2,"ov":0}
[msc.reads] n=1 bytes=4096 lba=5761..5761 gap=4 ov=0
[rx] {"t":"event","op":"msc.reads","ms":202501,"gap":4,"lba0":5769,"lba1":5833,"bytes":36864,"n":9,"kind":2,"ov":0}
[msc.reads] n=9 bytes=36864 lba=5769..5833 gap=4 ov=0
[rx] {"t":"event","op":"msc.reads","ms":202534,"gap":4,"lba0":5841,"lba1":5841,"bytes":4096,"n":1,"kind":2,"ov":0}
[msc.reads] n=1 bytes=4096 lba=5841..5841 gap=4 ov=0
[rx] {"t":"event","op":"msc.reads","ms":202538,"gap":4,"lba0":5849,"lba1":5849,"bytes":4096,"n":1,"kind":2,"ov":0}
[msc.reads] n=1 bytes=4096 lba=5849..5849 gap=4 ov=0
[rx] {"t":"event","op":"msc.reads","ms":202542,"gap":4,"lba0":5857,"lba1":5857,"bytes":4096,"n":1,"kind":2,"ov":0}
[msc.reads] n=1 bytes=4096 lba=5857..5857 gap=4 ov=0
[rx] {"t":"event","op":"msc.reads","ms":202545,"gap":3,"lba0":5865,"lba1":5889,"bytes":16384,"n":4,"kind":2,"ov":0}
[msc.reads] n=4 bytes=16384 lba=5865..5889 gap=3 ov=0
[rx] {"t":"event","op":"msc.reads","ms":202560,"gap":4,"lba0":5897,"lba1":5897,"bytes":4096,"n":1,"kind":2,"ov":0}
[msc.reads] n=1 bytes=4096 lba=5897..5897 gap=4 ov=0
[rx] {"t":"event","op":"msc.reads","ms":202564,"gap":4,"lba0":5905,"lba1":5905,"bytes":4096,"n":1,"kind":2,"ov":0}
[msc.reads] n=1 bytes=4096 lba=5905..5905 gap=4 ov=0
[rx] {"t":"event","op":"msc.reads","ms":202568,"gap":4,"lba0":5913,"lba1":6081,"bytes":90112,"n":22,"kind":2,"ov":0}
[msc.reads] n=22 bytes=90112 lba=5913..6081 gap=4 ov=0
[rx] {"t":"event","op":"msc.reads","ms":202649,"gap":4,"lba0":6089,"lba1":6089,"bytes":4096,"n":1,"kind":2,"ov":0}
[msc.reads] n=1 bytes=4096 lba=6089..6089 gap=4 ov=0
[rx] {"t":"event","op":"msc.reads","ms":202653,"gap":4,"lba0":6097,"lba1":6097,"bytes":4096,"n":1,"kind":2,"ov":0}
[msc.reads] n=1 bytes=4096 lba=6097..6097 gap=4 ov=0
[rx] {"t":"event","op":"msc.reads","ms":202657,"gap":4,"lba0":6105,"lba1":6105,"bytes":4096,"n":1,"kind":2,"ov":0}
[msc.reads] n=1 bytes=4096 lba=6105..6105 gap=4 ov=0
[rx] {"t":"event","op":"msc.reads","ms":202661,"gap":4,"lba0":6113,"lba1":6161,"bytes":28672,"n":7,"kind":2,"ov":0}
[msc.reads] n=7 bytes=28672 lba=6113..6161 gap=4 ov=0
[rx] {"t":"event","op":"msc.reads","ms":202687,"gap":4,"lba0":6169,"lba1":6169,"bytes":4096,"n":1,"kind":2,"ov":0}
[msc.reads] n=1 bytes=4096 lba=6169..6169 gap=4 ov=0
[rx] {"t":"event","op":"msc.reads","ms":202690,"gap":3,"lba0":6177,"lba1":6177,"bytes":4096,"n":1,"kind":2,"ov":0}
[msc.reads] n=1 bytes=4096 lba=6177..6177 gap=3 ov=0
[rx] {"t":"event","op":"msc.reads","ms":202694,"gap":4,"lba0":6185,"lba1":6185,"bytes":4096,"n":1,"kind":2,"ov":0}
[msc.reads] n=1 bytes=4096 lba=6185..6185 gap=4 ov=0
[rx] {"t":"event","op":"msc.reads","ms":202698,"gap":4,"lba0":6193,"lba1":6193,"bytes":4096,"n":1,"kind":2,"ov":0}
[msc.reads] n=1 bytes=4096 lba=6193..6193 gap=4 ov=0
[rx] {"t":"event","op":"msc.reads","ms":202702,"gap":4,"lba0":6201,"lba1":6209,"bytes":8192,"n":2,"kind":2,"ov":0}
[msc.reads] n=2 bytes=8192 lba=6201..6209 gap=4 ov=0
[rx] {"t":"event","op":"msc.reads","ms":202709,"gap":3,"lba0":6217,"lba1":6385,"bytes":90112,"n":22,"kind":2,"ov":0}
[msc.reads] n=22 bytes=90112 lba=6217..6385 gap=3 ov=0
[rx] {"t":"event","op":"msc.reads","ms":202792,"gap":4,"lba0":6393,"lba1":6393,"bytes":4096,"n":1,"kind":2,"ov":0}
[msc.reads] n=1 bytes=4096 lba=6393..6393 gap=4 ov=0
[rx] {"t":"event","op":"msc.reads","ms":202795,"gap":3,"lba0":6401,"lba1":6401,"bytes":4096,"n":1,"kind":2,"ov":0}
[msc.reads] n=1 bytes=4096 lba=6401..6401 gap=3 ov=0
[rx] {"t":"event","op":"msc.reads","ms":202799,"gap":4,"lba0":6409,"lba1":6409,"bytes":4096,"n":1,"kind":2,"ov":0}
[msc.reads] n=1 bytes=4096 lba=6409..6409 gap=4 ov=0
[rx] {"t":"event","op":"msc.reads","ms":202803,"gap":4,"lba0":6417,"lba1":6417,"bytes":4096,"n":1,"kind":2,"ov":0}
[msc.reads] n=1 bytes=4096 lba=6417..6417 gap=4 ov=0
[rx] {"t":"event","op":"msc.reads","ms":202807,"gap":4,"lba0":6425,"lba1":6433,"bytes":8192,"n":2,"kind":2,"ov":0}
[msc.reads] n=2 bytes=8192 lba=6425..6433 gap=4 ov=0
[rx] {"t":"event","op":"msc.reads","ms":202815,"gap":4,"lba0":6441,"lba1":6513,"bytes":40960,"n":10,"kind":2,"ov":0}
[msc.reads] n=10 bytes=40960 lba=6441..6513 gap=4 ov=0
[rx] {"t":"event","op":"msc.reads","ms":202851,"gap":4,"lba0":6521,"lba1":6521,"bytes":4096,"n":1,"kind":2,"ov":0}
[msc.reads] n=1 bytes=4096 lba=6521..6521 gap=4 ov=0
[rx] {"t":"event","op":"msc.reads","ms":202855,"gap":4,"lba0":6529,"lba1":6529,"bytes":4096,"n":1,"kind":2,"ov":0}
[msc.reads] n=1 bytes=4096 lba=6529..6529 gap=4 ov=0
[rx] {"t":"event","op":"msc.reads","ms":202859,"gap":4,"lba0":6537,"lba1":6537,"bytes":4096,"n":1,"kind":2,"ov":0}
[msc.reads] n=1 bytes=4096 lba=6537..6537 gap=4 ov=0
[rx] {"t":"event","op":"msc.reads","ms":202863,"gap":4,"lba0":6545,"lba1":6601,"bytes":32768,"n":8,"kind":2,"ov":0}
[msc.reads] n=8 bytes=32768 lba=6545..6601 gap=4 ov=0
[rx] {"t":"event","op":"msc.reads","ms":202893,"gap":4,"lba0":6609,"lba1":6609,"bytes":4096,"n":1,"kind":2,"ov":0}
[msc.reads] n=1 bytes=4096 lba=6609..6609 gap=4 ov=0
[rx] {"t":"event","op":"msc.reads","ms":202897,"gap":4,"lba0":6617,"lba1":6617,"bytes":4096,"n":1,"kind":2,"ov":0}
[msc.reads] n=1 bytes=4096 lba=6617..6617 gap=4 ov=0
[rx] {"t":"event","op":"msc.reads","ms":202901,"gap":4,"lba0":6625,"lba1":6625,"bytes":4096,"n":1,"kind":2,"ov":0}
[msc.reads] n=1 bytes=4096 lba=6625..6625 gap=4 ov=0
[rx] {"t":"event","op":"msc.reads","ms":202904,"gap":3,"lba0":6633,"lba1":6641,"bytes":8192,"n":2,"kind":2,"ov":0}
[msc.reads] n=2 bytes=8192 lba=6633..6641 gap=3 ov=0
[rx] {"t":"event","op":"msc.reads","ms":202912,"gap":4,"lba0":6649,"lba1":6729,"bytes":45056,"n":11,"kind":2,"ov":0}
[msc.reads] n=11 bytes=45056 lba=6649..6729 gap=4 ov=0
[rx] {"t":"event","op":"msc.reads","ms":202953,"gap":4,"lba0":6737,"lba1":6737,"bytes":4096,"n":1,"kind":2,"ov":0}
[msc.reads] n=1 bytes=4096 lba=6737..6737 gap=4 ov=0
[rx] {"t":"event","op":"msc.reads","ms":202957,"gap":4,"lba0":6745,"lba1":6745,"bytes":4096,"n":1,"kind":2,"ov":0}
[msc.reads] n=1 bytes=4096 lba=6745..6745 gap=4 ov=0
[rx] {"t":"event","op":"msc.reads","ms":202961,"gap":4,"lba0":6753,"lba1":6753,"bytes":4096,"n":1,"kind":2,"ov":0}
[msc.reads] n=1 bytes=4096 lba=6753..6753 gap=4 ov=0
[rx] {"t":"event","op":"msc.reads","ms":202965,"gap":4,"lba0":6761,"lba1":6833,"bytes":40960,"n":10,"kind":2,"ov":0}
[msc.reads] n=10 bytes=40960 lba=6761..6833 gap=4 ov=0
[rx] {"t":"event","op":"msc.reads","ms":203002,"gap":4,"lba0":6841,"lba1":6849,"bytes":8192,"n":2,"kind":2,"ov":0}
[msc.reads] n=2 bytes=8192 lba=6841..6849 gap=4 ov=0
[rx] {"t":"event","op":"msc.reads","ms":203009,"gap":3,"lba0":6857,"lba1":6857,"bytes":4096,"n":1,"kind":2,"ov":0}
[msc.reads] n=1 bytes=4096 lba=6857..6857 gap=3 ov=0
[rx] {"t":"event","op":"msc.reads","ms":203013,"gap":4,"lba0":6865,"lba1":6865,"bytes":4096,"n":1,"kind":2,"ov":0}
[msc.reads] n=1 bytes=4096 lba=6865..6865 gap=4 ov=0
[rx] {"t":"event","op":"msc.reads","ms":203017,"gap":4,"lba0":6873,"lba1":6937,"bytes":36864,"n":9,"kind":2,"ov":0}
[msc.reads] n=9 bytes=36864 lba=6873..6937 gap=4 ov=0
[rx] {"t":"event","op":"msc.reads","ms":203050,"gap":4,"lba0":6945,"lba1":6945,"bytes":4096,"n":1,"kind":2,"ov":0}
[msc.reads] n=1 bytes=4096 lba=6945..6945 gap=4 ov=0
[rx] {"t":"event","op":"msc.reads","ms":203054,"gap":4,"lba0":6953,"lba1":6953,"bytes":4096,"n":1,"kind":2,"ov":0}
[msc.reads] n=1 bytes=4096 lba=6953..6953 gap=4 ov=0
[rx] {"t":"event","op":"msc.reads","ms":203058,"gap":4,"lba0":6961,"lba1":6961,"bytes":4096,"n":1,"kind":2,"ov":0}
[msc.reads] n=1 bytes=4096 lba=6961..6961 gap=4 ov=0
[rx] {"t":"event","op":"msc.reads","ms":203062,"gap":4,"lba0":6969,"lba1":7033,"bytes":36864,"n":9,"kind":2,"ov":0}
[msc.reads] n=9 bytes=36864 lba=6969..7033 gap=4 ov=0
[rx] {"t":"event","op":"diag","code":"play.reject","detail":"not_from_head uid=fav0 from=5105 +995328B age=41292ms prefetch"}
[msc] play.reject not_from_head uid=fav0 from=5105 +995328B age=41292ms prefetch
[rx] {"t":"event","op":"msc.reads","ms":203095,"gap":4,"lba0":7041,"lba1":7041,"bytes":4096,"n":1,"kind":2,"ov":0}
[msc.reads] n=1 bytes=4096 lba=7041..7041 gap=4 ov=0
[rx] {"t":"event","op":"msc.reads","ms":203112,"gap":17,"lba0":7049,"lba1":7049,"bytes":4096,"n":1,"kind":2,"ov":0}
[msc.reads] n=1 bytes=4096 lba=7049..7049 gap=17 ov=0
[rx] {"t":"event","op":"msc.reads","ms":203116,"gap":4,"lba0":7057,"lba1":7057,"bytes":4096,"n":1,"kind":2,"ov":0}
[msc.reads] n=1 bytes=4096 lba=7057..7057 gap=4 ov=0
[rx] {"t":"event","op":"msc.reads","ms":203120,"gap":4,"lba0":7065,"lba1":7065,"bytes":4096,"n":1,"kind":2,"ov":0}
[msc.reads] n=1 bytes=4096 lba=7065..7065 gap=4 ov=0
[rx] {"t":"event","op":"msc.reads","ms":203124,"gap":4,"lba0":7073,"lba1":7137,"bytes":36864,"n":9,"kind":2,"ov":0}
[msc.reads] n=9 bytes=36864 lba=7073..7137 gap=4 ov=0
[rx] {"t":"event","op":"msc.reads","ms":203157,"gap":4,"lba0":7145,"lba1":7145,"bytes":4096,"n":1,"kind":2,"ov":0}
[msc.reads] n=1 bytes=4096 lba=7145..7145 gap=4 ov=0
[rx] {"t":"event","op":"msc.reads","ms":203161,"gap":4,"lba0":7153,"lba1":7153,"bytes":4096,"n":1,"kind":2,"ov":0}
[msc.reads] n=1 bytes=4096 lba=7153..7153 gap=4 ov=0
[rx] {"t":"event","op":"msc.reads","ms":203165,"gap":4,"lba0":7161,"lba1":7161,"bytes":4096,"n":1,"kind":2,"ov":0}
[msc.reads] n=1 bytes=4096 lba=7161..7161 gap=4 ov=0
[rx] {"t":"event","op":"msc.reads","ms":203169,"gap":4,"lba0":7169,"lba1":7249,"bytes":45056,"n":11,"kind":2,"ov":0}
[msc.reads] n=11 bytes=45056 lba=7169..7249 gap=4 ov=0
[rx] {"t":"event","op":"msc.reads","ms":203209,"gap":4,"lba0":7257,"lba1":7257,"bytes":4096,"n":1,"kind":2,"ov":0}
[msc.reads] n=1 bytes=4096 lba=7257..7257 gap=4 ov=0
[rx] {"t":"event","op":"msc.reads","ms":203213,"gap":4,"lba0":7265,"lba1":7265,"bytes":4096,"n":1,"kind":2,"ov":0}
[msc.reads] n=1 bytes=4096 lba=7265..7265 gap=4 ov=0
[rx] {"t":"event","op":"msc.reads","ms":203217,"gap":4,"lba0":7273,"lba1":7273,"bytes":4096,"n":1,"kind":2,"ov":0}
[msc.reads] n=1 bytes=4096 lba=7273..7273 gap=4 ov=0
[rx] {"t":"event","op":"msc.reads","ms":203220,"gap":3,"lba0":7281,"lba1":7377,"bytes":53248,"n":13,"kind":2,"ov":0}
[msc.reads] n=13 bytes=53248 lba=7281..7377 gap=3 ov=0
[rx] {"t":"event","op":"msc.reads","ms":203268,"gap":4,"lba0":7385,"lba1":7385,"bytes":4096,"n":1,"kind":2,"ov":0}
[msc.reads] n=1 bytes=4096 lba=7385..7385 gap=4 ov=0
[rx] {"t":"event","op":"msc.reads","ms":203272,"gap":4,"lba0":7393,"lba1":7393,"bytes":4096,"n":1,"kind":2,"ov":0}
[msc.reads] n=1 bytes=4096 lba=7393..7393 gap=4 ov=0
[rx] {"t":"event","op":"msc.reads","ms":203276,"gap":4,"lba0":7401,"lba1":7401,"bytes":4096,"n":1,"kind":2,"ov":0}
[msc.reads] n=1 bytes=4096 lba=7401..7401 gap=4 ov=0
[rx] {"t":"event","op":"msc.reads","ms":203280,"gap":4,"lba0":7409,"lba1":7657,"bytes":131072,"n":32,"kind":2,"ov":0}
[msc.reads] n=32 bytes=131072 lba=7409..7657 gap=4 ov=0
[rx] {"t":"event","op":"msc.reads","ms":203398,"gap":4,"lba0":7665,"lba1":7673,"bytes":8192,"n":2,"kind":2,"ov":0}
[msc.reads] n=2 bytes=8192 lba=7665..7673 gap=4 ov=0
[rx] {"t":"event","op":"msc.reads","ms":203405,"gap":3,"lba0":7681,"lba1":7689,"bytes":8192,"n":2,"kind":2,"ov":0}
[msc.reads] n=2 bytes=8192 lba=7681..7689 gap=3 ov=0
[rx] {"t":"event","op":"msc.reads","ms":203413,"gap":4,"lba0":7697,"lba1":7697,"bytes":4096,"n":1,"kind":2,"ov":0}
[msc.reads] n=1 bytes=4096 lba=7697..7697 gap=4 ov=0
[rx] {"t":"event","op":"msc.reads","ms":203417,"gap":4,"lba0":7705,"lba1":7705,"bytes":4096,"n":1,"kind":2,"ov":0}
[msc.reads] n=1 bytes=4096 lba=7705..7705 gap=4 ov=0
[rx] {"t":"event","op":"msc.reads","ms":203421,"gap":4,"lba0":7713,"lba1":7809,"bytes":53248,"n":13,"kind":2,"ov":0}
[msc.reads] n=13 bytes=53248 lba=7713..7809 gap=4 ov=0
[rx] {"t":"event","op":"msc.reads","ms":203469,"gap":4,"lba0":7817,"lba1":7817,"bytes":4096,"n":1,"kind":2,"ov":0}
[msc.reads] n=1 bytes=4096 lba=7817..7817 gap=4 ov=0
[rx] {"t":"event","op":"msc.reads","ms":203473,"gap":4,"lba0":7825,"lba1":7825,"bytes":4096,"n":1,"kind":2,"ov":0}
[msc.reads] n=1 bytes=4096 lba=7825..7825 gap=4 ov=0
[rx] {"t":"event","op":"msc.reads","ms":203477,"gap":4,"lba0":7833,"lba1":7833,"bytes":4096,"n":1,"kind":2,"ov":0}
[msc.reads] n=1 bytes=4096 lba=7833..7833 gap=4 ov=0
[rx] {"t":"event","op":"msc.reads","ms":203481,"gap":4,"lba0":7841,"lba1":7921,"bytes":45056,"n":11,"kind":2,"ov":0}
[msc.reads] n=11 bytes=45056 lba=7841..7921 gap=4 ov=0
[rx] {"t":"event","op":"msc.reads","ms":203521,"gap":4,"lba0":7929,"lba1":7929,"bytes":4096,"n":1,"kind":2,"ov":0}
[msc.reads] n=1 bytes=4096 lba=7929..7929 gap=4 ov=0
[rx] {"t":"event","op":"msc.reads","ms":203525,"gap":4,"lba0":7937,"lba1":7937,"bytes":4096,"n":1,"kind":2,"ov":0}
[msc.reads] n=1 bytes=4096 lba=7937..7937 gap=4 ov=0
[rx] {"t":"event","op":"msc.reads","ms":203529,"gap":4,"lba0":7945,"lba1":7945,"bytes":4096,"n":1,"kind":2,"ov":0}
[msc.reads] n=1 bytes=4096 lba=7945..7945 gap=4 ov=0
[rx] {"t":"event","op":"msc.reads","ms":203533,"gap":4,"lba0":7953,"lba1":8049,"bytes":53248,"n":13,"kind":2,"ov":0}
[msc.reads] n=13 bytes=53248 lba=7953..8049 gap=4 ov=0
[rx] {"t":"event","op":"msc.reads","ms":203581,"gap":4,"lba0":8057,"lba1":8057,"bytes":4096,"n":1,"kind":2,"ov":0}
[msc.reads] n=1 bytes=4096 lba=8057..8057 gap=4 ov=0
[rx] {"t":"event","op":"msc.reads","ms":203585,"gap":4,"lba0":8065,"lba1":8065,"bytes":4096,"n":1,"kind":2,"ov":0}
[msc.reads] n=1 bytes=4096 lba=8065..8065 gap=4 ov=0
[rx] {"t":"event","op":"msc.reads","ms":203589,"gap":4,"lba0":8073,"lba1":8073,"bytes":4096,"n":1,"kind":2,"ov":0}
[msc.reads] n=1 bytes=4096 lba=8073..8073 gap=4 ov=0
[rx] {"t":"event","op":"msc.reads","ms":203592,"gap":3,"lba0":8081,"lba1":8153,"bytes":40960,"n":10,"kind":2,"ov":0}
[msc.reads] n=10 bytes=40960 lba=8081..8153 gap=3 ov=0
[rx] {"t":"event","op":"msc.reads","ms":203629,"gap":4,"lba0":8161,"lba1":8161,"bytes":4096,"n":1,"kind":2,"ov":0}
[msc.reads] n=1 bytes=4096 lba=8161..8161 gap=4 ov=0
[rx] {"t":"event","op":"msc.reads","ms":203633,"gap":4,"lba0":8169,"lba1":8169,"bytes":4096,"n":1,"kind":2,"ov":0}
[msc.reads] n=1 bytes=4096 lba=8169..8169 gap=4 ov=0
[rx] {"t":"event","op":"msc.reads","ms":203637,"gap":4,"lba0":8177,"lba1":8177,"bytes":4096,"n":1,"kind":2,"ov":0}
[msc.reads] n=1 bytes=4096 lba=8177..8177 gap=4 ov=0
[rx] {"t":"event","op":"msc.reads","ms":203641,"gap":4,"lba0":8185,"lba1":8233,"bytes":28672,"n":7,"kind":2,"ov":0}
[msc.reads] n=7 bytes=28672 lba=8185..8233 gap=4 ov=0
[rx] {"t":"event","op":"msc.reads","ms":203667,"gap":4,"lba0":8241,"lba1":8241,"bytes":4096,"n":1,"kind":2,"ov":0}
[msc.reads] n=1 bytes=4096 lba=8241..8241 gap=4 ov=0
[rx] {"t":"event","op":"msc.reads","ms":203670,"gap":3,"lba0":8249,"lba1":8249,"bytes":4096,"n":1,"kind":2,"ov":0}
[msc.reads] n=1 bytes=4096 lba=8249..8249 gap=3 ov=0
[rx] {"t":"event","op":"msc.reads","ms":203674,"gap":4,"lba0":8257,"lba1":8257,"bytes":4096,"n":1,"kind":2,"ov":0}
[msc.reads] n=1 bytes=4096 lba=8257..8257 gap=4 ov=0
[rx] {"t":"event","op":"msc.reads","ms":203678,"gap":4,"lba0":8265,"lba1":8329,"bytes":36864,"n":9,"kind":2,"ov":0}
[msc.reads] n=9 bytes=36864 lba=8265..8329 gap=4 ov=0
[rx] {"t":"event","op":"msc.reads","ms":203711,"gap":3,"lba0":8337,"lba1":8337,"bytes":4096,"n":1,"kind":2,"ov":0}
[msc.reads] n=1 bytes=4096 lba=8337..8337 gap=3 ov=0
[rx] {"t":"event","op":"msc.reads","ms":203715,"gap":4,"lba0":8345,"lba1":8345,"bytes":4096,"n":1,"kind":2,"ov":0}
[msc.reads] n=1 bytes=4096 lba=8345..8345 gap=4 ov=0
[rx] {"t":"event","op":"msc.reads","ms":203719,"gap":4,"lba0":8353,"lba1":8353,"bytes":4096,"n":1,"kind":2,"ov":0}
[msc.reads] n=1 bytes=4096 lba=8353..8353 gap=4 ov=0
[rx] {"t":"event","op":"msc.reads","ms":203723,"gap":4,"lba0":8361,"lba1":8361,"bytes":4096,"n":1,"kind":2,"ov":0}
[msc.reads] n=1 bytes=4096 lba=8361..8361 gap=4 ov=0
[rx] {"t":"event","op":"msc.reads","ms":203727,"gap":4,"lba0":8369,"lba1":8369,"bytes":4096,"n":1,"kind":2,"ov":0}
[msc.reads] n=1 bytes=4096 lba=8369..8369 gap=4 ov=0
[rx] {"t":"event","op":"msc.reads","ms":203731,"gap":4,"lba0":8377,"lba1":8457,"bytes":45056,"n":11,"kind":2,"ov":0}
[msc.reads] n=11 bytes=45056 lba=8377..8457 gap=4 ov=0
[rx] {"t":"event","op":"msc.reads","ms":203771,"gap":4,"lba0":8465,"lba1":8473,"bytes":8192,"n":2,"kind":2,"ov":0}
[msc.reads] n=2 bytes=8192 lba=8465..8473 gap=4 ov=0
[rx] {"t":"event","op":"msc.reads","ms":203778,"gap":3,"lba0":8481,"lba1":8481,"bytes":4096,"n":1,"kind":2,"ov":0}
[msc.reads] n=1 bytes=4096 lba=8481..8481 gap=3 ov=0
[rx] {"t":"event","op":"msc.reads","ms":203782,"gap":4,"lba0":8489,"lba1":8489,"bytes":4096,"n":1,"kind":2,"ov":0}
[msc.reads] n=1 bytes=4096 lba=8489..8489 gap=4 ov=0
[rx] {"t":"event","op":"msc.reads","ms":203786,"gap":4,"lba0":8497,"lba1":8601,"bytes":57344,"n":14,"kind":2,"ov":0}
[msc.reads] n=14 bytes=57344 lba=8497..8601 gap=4 ov=0
[rx] {"t":"event","op":"msc.reads","ms":203837,"gap":3,"lba0":8609,"lba1":8625,"bytes":12288,"n":3,"kind":2,"ov":0}
[msc.reads] n=3 bytes=12288 lba=8609..8625 gap=3 ov=0
[rx] {"t":"event","op":"msc.reads","ms":203849,"gap":4,"lba0":8633,"lba1":8633,"bytes":4096,"n":1,"kind":2,"ov":0}
[msc.reads] n=1 bytes=4096 lba=8633..8633 gap=4 ov=0
[tx] {"t":"ping"}
[rx] {"t":"event","op":"msc.reads","ms":203852,"gap":3,"lba0":8641,"lba1":8641,"bytes":4096,"n":1,"kind":2,"ov":0}
[msc.reads] n=1 bytes=4096 lba=8641..8641 gap=3 ov=0
[rx] {"t":"event","op":"msc.reads","ms":203856,"gap":4,"lba0":8649,"lba1":8713,"bytes":36864,"n":9,"kind":2,"ov":0}
[msc.reads] n=9 bytes=36864 lba=8649..8713 gap=4 ov=0
[rx] {"t":"event","op":"msc.reads","ms":203889,"gap":4,"lba0":8721,"lba1":8721,"bytes":4096,"n":1,"kind":2,"ov":0}
[msc.reads] n=1 bytes=4096 lba=8721..8721 gap=4 ov=0
[rx] {"t":"event","op":"msc.reads","ms":203893,"gap":4,"lba0":8729,"lba1":8729,"bytes":4096,"n":1,"kind":2,"ov":0}
[msc.reads] n=1 bytes=4096 lba=8729..8729 gap=4 ov=0
[rx] {"t":"event","op":"diag","code":"play.reject","detail":"not_from_head uid=fav0 from=5105 +1863680B age=42094ms prefetch"}
[msc] play.reject not_from_head uid=fav0 from=5105 +1863680B age=42094ms prefetch
[rx] {"t":"pong"}
[rx] {"t":"event","op":"msc.reads","ms":203966,"gap":69,"lba0":8745,"lba1":8745,"bytes":4096,"n":1,"kind":2,"ov":0}
[msc.reads] n=1 bytes=4096 lba=8745..8745 gap=69 ov=0
[rx] {"t":"event","op":"msc.reads","ms":203970,"gap":4,"lba0":8753,"lba1":8761,"bytes":8192,"n":2,"kind":2,"ov":0}
[msc.reads] n=2 bytes=8192 lba=8753..8761 gap=4 ov=0
[rx] {"t":"event","op":"msc.reads","ms":203978,"gap":4,"lba0":8769,"lba1":8769,"bytes":4096,"n":1,"kind":2,"ov":0}
[msc.reads] n=1 bytes=4096 lba=8769..8769 gap=4 ov=0
[rx] {"t":"event","op":"msc.reads","ms":203982,"gap":4,"lba0":8777,"lba1":8777,"bytes":4096,"n":1,"kind":2,"ov":0}
[msc.reads] n=1 bytes=4096 lba=8777..8777 gap=4 ov=0
[rx] {"t":"event","op":"msc.reads","ms":203986,"gap":4,"lba0":8785,"lba1":8785,"bytes":4096,"n":1,"kind":2,"ov":0}
[msc.reads] n=1 bytes=4096 lba=8785..8785 gap=4 ov=0
[rx] {"t":"event","op":"msc.reads","ms":203990,"gap":4,"lba0":8793,"lba1":8793,"bytes":4096,"n":1,"kind":2,"ov":0}
[msc.reads] n=1 bytes=4096 lba=8793..8793 gap=4 ov=0
[rx] {"t":"event","op":"msc.reads","ms":203994,"gap":4,"lba0":8801,"lba1":8809,"bytes":8192,"n":2,"kind":2,"ov":0}
[msc.reads] n=2 bytes=8192 lba=8801..8809 gap=4 ov=0
[rx] {"t":"event","op":"msc.reads","ms":204001,"gap":3,"lba0":8817,"lba1":8817,"bytes":4096,"n":1,"kind":2,"ov":0}
[msc.reads] n=1 bytes=4096 lba=8817..8817 gap=3 ov=0
[rx] {"t":"event","op":"msc.reads","ms":204005,"gap":4,"lba0":8825,"lba1":8825,"bytes":4096,"n":1,"kind":2,"ov":0}
[msc.reads] n=1 bytes=4096 lba=8825..8825 gap=4 ov=0
[rx] {"t":"event","op":"msc.reads","ms":204009,"gap":4,"lba0":8833,"lba1":8833,"bytes":4096,"n":1,"kind":2,"ov":0}
[msc.reads] n=1 bytes=4096 lba=8833..8833 gap=4 ov=0
[rx] {"t":"event","op":"msc.reads","ms":204013,"gap":4,"lba0":8841,"lba1":8849,"bytes":8192,"n":2,"kind":2,"ov":0}
[msc.reads] n=2 bytes=8192 lba=8841..8849 gap=4 ov=0
[rx] {"t":"event","op":"msc.reads","ms":204021,"gap":4,"lba0":8857,"lba1":8857,"bytes":4096,"n":1,"kind":2,"ov":0}
[msc.reads] n=1 bytes=4096 lba=8857..8857 gap=4 ov=0
[rx] {"t":"event","op":"msc.reads","ms":204025,"gap":4,"lba0":8865,"lba1":8865,"bytes":4096,"n":1,"kind":2,"ov":0}
[msc.reads] n=1 bytes=4096 lba=8865..8865 gap=4 ov=0
[rx] {"t":"event","op":"msc.reads","ms":204028,"gap":3,"lba0":8873,"lba1":8873,"bytes":4096,"n":1,"kind":2,"ov":0}
[msc.reads] n=1 bytes=4096 lba=8873..8873 gap=3 ov=0
[rx] {"t":"event","op":"msc.reads","ms":204032,"gap":4,"lba0":8881,"lba1":8881,"bytes":4096,"n":1,"kind":2,"ov":0}
[msc.reads] n=1 bytes=4096 lba=8881..8881 gap=4 ov=0
[rx] {"t":"event","op":"msc.reads","ms":204036,"gap":4,"lba0":8889,"lba1":8889,"bytes":4096,"n":1,"kind":2,"ov":0}
[msc.reads] n=1 bytes=4096 lba=8889..8889 gap=4 ov=0
[rx] {"t":"event","op":"msc.reads","ms":204040,"gap":4,"lba0":8897,"lba1":8977,"bytes":45056,"n":11,"kind":2,"ov":0}
[msc.reads] n=11 bytes=45056 lba=8897..8977 gap=4 ov=0
[rx] {"t":"event","op":"msc.reads","ms":204080,"gap":4,"lba0":8985,"lba1":8985,"bytes":4096,"n":1,"kind":2,"ov":0}
[msc.reads] n=1 bytes=4096 lba=8985..8985 gap=4 ov=0
[rx] {"t":"event","op":"msc.reads","ms":204084,"gap":4,"lba0":8993,"lba1":8993,"bytes":4096,"n":1,"kind":2,"ov":0}
[msc.reads] n=1 bytes=4096 lba=8993..8993 gap=4 ov=0
[rx] {"t":"event","op":"msc.reads","ms":204088,"gap":4,"lba0":9001,"lba1":9001,"bytes":4096,"n":1,"kind":2,"ov":0}
[msc.reads] n=1 bytes=4096 lba=9001..9001 gap=4 ov=0
[rx] {"t":"event","op":"msc.reads","ms":204092,"gap":4,"lba0":9009,"lba1":9009,"bytes":4096,"n":1,"kind":2,"ov":0}
[msc.reads] n=1 bytes=4096 lba=9009..9009 gap=4 ov=0
[rx] {"t":"event","op":"msc.reads","ms":204096,"gap":4,"lba0":9017,"lba1":9017,"bytes":4096,"n":1,"kind":2,"ov":0}
[msc.reads] n=1 bytes=4096 lba=9017..9017 gap=4 ov=0
[rx] {"t":"event","op":"msc.reads","ms":204099,"gap":3,"lba0":9025,"lba1":9113,"bytes":49152,"n":12,"kind":2,"ov":0}
[msc.reads] n=12 bytes=49152 lba=9025..9113 gap=3 ov=0
[rx] {"t":"event","op":"msc.reads","ms":204144,"gap":4,"lba0":9121,"lba1":9121,"bytes":4096,"n":1,"kind":2,"ov":0}
[msc.reads] n=1 bytes=4096 lba=9121..9121 gap=4 ov=0
[rx] {"t":"event","op":"msc.reads","ms":204148,"gap":4,"lba0":9129,"lba1":9129,"bytes":4096,"n":1,"kind":2,"ov":0}
[msc.reads] n=1 bytes=4096 lba=9129..9129 gap=4 ov=0
[rx] {"t":"event","op":"msc.reads","ms":204152,"gap":4,"lba0":9137,"lba1":9137,"bytes":4096,"n":1,"kind":2,"ov":0}
[msc.reads] n=1 bytes=4096 lba=9137..9137 gap=4 ov=0
[rx] {"t":"event","op":"msc.reads","ms":204156,"gap":4,"lba0":9145,"lba1":9185,"bytes":24576,"n":6,"kind":2,"ov":0}
[msc.reads] n=6 bytes=24576 lba=9145..9185 gap=4 ov=0
[rx] {"t":"event","op":"msc.reads","ms":204178,"gap":4,"lba0":9193,"lba1":9201,"bytes":8192,"n":2,"kind":2,"ov":0}
[msc.reads] n=2 bytes=8192 lba=9193..9201 gap=4 ov=0
[rx] {"t":"event","op":"msc.reads","ms":204185,"gap":3,"lba0":9209,"lba1":9209,"bytes":4096,"n":1,"kind":2,"ov":0}
[msc.reads] n=1 bytes=4096 lba=9209..9209 gap=3 ov=0
[rx] {"t":"event","op":"msc.reads","ms":204189,"gap":4,"lba0":9217,"lba1":9217,"bytes":4096,"n":1,"kind":2,"ov":0}
[msc.reads] n=1 bytes=4096 lba=9217..9217 gap=4 ov=0
[rx] {"t":"event","op":"msc.reads","ms":204193,"gap":4,"lba0":9225,"lba1":9297,"bytes":40960,"n":10,"kind":2,"ov":0}
[msc.reads] n=10 bytes=40960 lba=9225..9297 gap=4 ov=0
[rx] {"t":"event","op":"msc.reads","ms":204231,"gap":4,"lba0":9305,"lba1":9305,"bytes":4096,"n":1,"kind":2,"ov":0}
[msc.reads] n=1 bytes=4096 lba=9305..9305 gap=4 ov=0
[rx] {"t":"event","op":"msc.reads","ms":204235,"gap":4,"lba0":9313,"lba1":9313,"bytes":4096,"n":1,"kind":2,"ov":0}
[msc.reads] n=1 bytes=4096 lba=9313..9313 gap=4 ov=0
[rx] {"t":"event","op":"msc.reads","ms":204239,"gap":4,"lba0":9321,"lba1":9321,"bytes":4096,"n":1,"kind":2,"ov":0}
[msc.reads] n=1 bytes=4096 lba=9321..9321 gap=4 ov=0
[rx] {"t":"event","op":"msc.reads","ms":204243,"gap":4,"lba0":9329,"lba1":9329,"bytes":4096,"n":1,"kind":2,"ov":0}
[msc.reads] n=1 bytes=4096 lba=9329..9329 gap=4 ov=0
[rx] {"t":"event","op":"msc.reads","ms":204247,"gap":4,"lba0":9337,"lba1":9481,"bytes":77824,"n":19,"kind":2,"ov":0}
[msc.reads] n=19 bytes=77824 lba=9337..9481 gap=4 ov=0
[rx] {"t":"event","op":"msc.reads","ms":204316,"gap":4,"lba0":9489,"lba1":9489,"bytes":4096,"n":1,"kind":2,"ov":0}
[msc.reads] n=1 bytes=4096 lba=9489..9489 gap=4 ov=0
[rx] {"t":"event","op":"msc.reads","ms":204320,"gap":4,"lba0":9497,"lba1":9505,"bytes":8192,"n":2,"kind":2,"ov":0}
[msc.reads] n=2 bytes=8192 lba=9497..9505 gap=4 ov=0
[rx] {"t":"event","op":"msc.reads","ms":204327,"gap":3,"lba0":9513,"lba1":9513,"bytes":4096,"n":1,"kind":2,"ov":0}
[msc.reads] n=1 bytes=4096 lba=9513..9513 gap=3 ov=0
[rx] {"t":"event","op":"msc.reads","ms":204331,"gap":4,"lba0":9521,"lba1":9521,"bytes":4096,"n":1,"kind":2,"ov":0}
[msc.reads] n=1 bytes=4096 lba=9521..9521 gap=4 ov=0
[rx] {"t":"event","op":"msc.reads","ms":204335,"gap":4,"lba0":9529,"lba1":9529,"bytes":4096,"n":1,"kind":2,"ov":0}
[msc.reads] n=1 bytes=4096 lba=9529..9529 gap=4 ov=0
[rx] {"t":"event","op":"msc.reads","ms":204339,"gap":4,"lba0":9537,"lba1":9537,"bytes":4096,"n":1,"kind":2,"ov":0}
[msc.reads] n=1 bytes=4096 lba=9537..9537 gap=4 ov=0
[rx] {"t":"event","op":"msc.reads","ms":204343,"gap":4,"lba0":9545,"lba1":9545,"bytes":4096,"n":1,"kind":2,"ov":0}
[msc.reads] n=1 bytes=4096 lba=9545..9545 gap=4 ov=0
[rx] {"t":"event","op":"msc.reads","ms":204347,"gap":4,"lba0":9553,"lba1":9649,"bytes":53248,"n":13,"kind":2,"ov":0}
[msc.reads] n=13 bytes=53248 lba=9553..9649 gap=4 ov=0
[rx] {"t":"event","op":"msc.reads","ms":204394,"gap":3,"lba0":9657,"lba1":9657,"bytes":4096,"n":1,"kind":2,"ov":0}
[msc.reads] n=1 bytes=4096 lba=9657..9657 gap=3 ov=0
[rx] {"t":"event","op":"msc.reads","ms":204398,"gap":4,"lba0":9665,"lba1":9665,"bytes":4096,"n":1,"kind":2,"ov":0}
[msc.reads] n=1 bytes=4096 lba=9665..9665 gap=4 ov=0
[rx] {"t":"event","op":"msc.reads","ms":204402,"gap":4,"lba0":9673,"lba1":9673,"bytes":4096,"n":1,"kind":2,"ov":0}
[msc.reads] n=1 bytes=4096 lba=9673..9673 gap=4 ov=0
[rx] {"t":"event","op":"msc.reads","ms":204406,"gap":4,"lba0":9681,"lba1":9873,"bytes":102400,"n":25,"kind":2,"ov":0}
[msc.reads] n=25 bytes=102400 lba=9681..9873 gap=4 ov=0
[rx] {"t":"event","op":"msc.reads","ms":204498,"gap":4,"lba0":9881,"lba1":9881,"bytes":4096,"n":1,"kind":2,"ov":0}
[msc.reads] n=1 bytes=4096 lba=9881..9881 gap=4 ov=0
[rx] {"t":"event","op":"msc.reads","ms":204502,"gap":4,"lba0":9889,"lba1":9889,"bytes":4096,"n":1,"kind":2,"ov":0}
[msc.reads] n=1 bytes=4096 lba=9889..9889 gap=4 ov=0
[rx] {"t":"event","op":"msc.reads","ms":204506,"gap":4,"lba0":9897,"lba1":9897,"bytes":4096,"n":1,"kind":2,"ov":0}
[msc.reads] n=1 bytes=4096 lba=9897..9897 gap=4 ov=0
[rx] {"t":"event","op":"msc.reads","ms":204510,"gap":4,"lba0":9905,"lba1":9913,"bytes":8192,"n":2,"kind":2,"ov":0}
[msc.reads] n=2 bytes=8192 lba=9905..9913 gap=4 ov=0
[rx] {"t":"event","op":"msc.reads","ms":204517,"gap":3,"lba0":9921,"lba1":9921,"bytes":4096,"n":1,"kind":2,"ov":0}
[msc.reads] n=1 bytes=4096 lba=9921..9921 gap=3 ov=0
[rx] {"t":"event","op":"msc.reads","ms":204521,"gap":4,"lba0":9929,"lba1":9929,"bytes":4096,"n":1,"kind":2,"ov":0}
[msc.reads] n=1 bytes=4096 lba=9929..9929 gap=4 ov=0
[rx] {"t":"event","op":"msc.reads","ms":204525,"gap":4,"lba0":9937,"lba1":9937,"bytes":4096,"n":1,"kind":2,"ov":0}
[msc.reads] n=1 bytes=4096 lba=9937..9937 gap=4 ov=0
[rx] {"t":"event","op":"msc.reads","ms":204529,"gap":4,"lba0":9945,"lba1":9945,"bytes":4096,"n":1,"kind":2,"ov":0}
[msc.reads] n=1 bytes=4096 lba=9945..9945 gap=4 ov=0
[rx] {"t":"event","op":"msc.reads","ms":204533,"gap":4,"lba0":9953,"lba1":9961,"bytes":8192,"n":2,"kind":2,"ov":0}
[msc.reads] n=2 bytes=8192 lba=9953..9961 gap=4 ov=0
[rx] {"t":"event","op":"msc.reads","ms":204541,"gap":4,"lba0":9969,"lba1":9969,"bytes":4096,"n":1,"kind":2,"ov":0}
[msc.reads] n=1 bytes=4096 lba=9969..9969 gap=4 ov=0
[rx] {"t":"event","op":"msc.reads","ms":204545,"gap":4,"lba0":9977,"lba1":9977,"bytes":4096,"n":1,"kind":2,"ov":0}
[msc.reads] n=1 bytes=4096 lba=9977..9977 gap=4 ov=0
[rx] {"t":"event","op":"msc.reads","ms":204549,"gap":4,"lba0":9985,"lba1":9985,"bytes":4096,"n":1,"kind":2,"ov":0}
[msc.reads] n=1 bytes=4096 lba=9985..9985 gap=4 ov=0
[rx] {"t":"event","op":"msc.reads","ms":204553,"gap":4,"lba0":9993,"lba1":10001,"bytes":8192,"n":2,"kind":2,"ov":0}
[msc.reads] n=2 bytes=8192 lba=9993..10001 gap=4 ov=0
[rx] {"t":"event","op":"msc.reads","ms":204560,"gap":3,"lba0":10009,"lba1":10009,"bytes":4096,"n":1,"kind":2,"ov":0}
[msc.reads] n=1 bytes=4096 lba=10009..10009 gap=3 ov=0
[rx] {"t":"event","op":"msc.reads","ms":204564,"gap":4,"lba0":10017,"lba1":10017,"bytes":4096,"n":1,"kind":2,"ov":0}
[msc.reads] n=1 bytes=4096 lba=10017..10017 gap=4 ov=0
[rx] {"t":"event","op":"msc.reads","ms":204568,"gap":4,"lba0":10025,"lba1":10025,"bytes":4096,"n":1,"kind":2,"ov":0}
[msc.reads] n=1 bytes=4096 lba=10025..10025 gap=4 ov=0
[rx] {"t":"event","op":"msc.reads","ms":204572,"gap":4,"lba0":10033,"lba1":10057,"bytes":16384,"n":4,"kind":2,"ov":0}
[msc.reads] n=4 bytes=16384 lba=10033..10057 gap=4 ov=0
[rx] {"t":"event","op":"msc.reads","ms":204587,"gap":4,"lba0":10065,"lba1":10065,"bytes":4096,"n":1,"kind":2,"ov":0}
[msc.reads] n=1 bytes=4096 lba=10065..10065 gap=4 ov=0
[rx] {"t":"event","op":"msc.reads","ms":204591,"gap":4,"lba0":10073,"lba1":10073,"bytes":4096,"n":1,"kind":2,"ov":0}
[msc.reads] n=1 bytes=4096 lba=10073..10073 gap=4 ov=0
[rx] {"t":"event","op":"msc.reads","ms":204595,"gap":4,"lba0":10081,"lba1":10081,"bytes":4096,"n":1,"kind":2,"ov":0}
[msc.reads] n=1 bytes=4096 lba=10081..10081 gap=4 ov=0
[rx] {"t":"event","op":"msc.reads","ms":204599,"gap":4,"lba0":10089,"lba1":10089,"bytes":4096,"n":1,"kind":2,"ov":0}
[msc.reads] n=1 bytes=4096 lba=10089..10089 gap=4 ov=0
[rx] {"t":"event","op":"msc.reads","ms":204603,"gap":4,"lba0":10097,"lba1":10097,"bytes":4096,"n":1,"kind":2,"ov":0}
[msc.reads] n=1 bytes=4096 lba=10097..10097 gap=4 ov=0
[rx] {"t":"event","op":"msc.reads","ms":204607,"gap":4,"lba0":10105,"lba1":10105,"bytes":4096,"n":1,"kind":2,"ov":0}
[msc.reads] n=1 bytes=4096 lba=10105..10105 gap=4 ov=0
[rx] {"t":"event","op":"msc.reads","ms":204611,"gap":4,"lba0":10113,"lba1":10113,"bytes":4096,"n":1,"kind":2,"ov":0}
[msc.reads] n=1 bytes=4096 lba=10113..10113 gap=4 ov=0
[rx] {"t":"event","op":"msc.reads","ms":204615,"gap":4,"lba0":10121,"lba1":10169,"bytes":28672,"n":7,"kind":2,"ov":0}
[msc.reads] n=7 bytes=28672 lba=10121..10169 gap=4 ov=0
[rx] {"t":"event","op":"msc.reads","ms":204640,"gap":3,"lba0":10177,"lba1":10177,"bytes":4096,"n":1,"kind":2,"ov":0}
[msc.reads] n=1 bytes=4096 lba=10177..10177 gap=3 ov=0
[rx] {"t":"event","op":"msc.reads","ms":204644,"gap":4,"lba0":10185,"lba1":10185,"bytes":4096,"n":1,"kind":2,"ov":0}
[msc.reads] n=1 bytes=4096 lba=10185..10185 gap=4 ov=0
[rx] {"t":"event","op":"diag","code":"play.reject","detail":"not_from_head uid=fav0 from=5105 +2666496B age=42896ms prefetch"}
[msc] play.reject not_from_head uid=fav0 from=5105 +2666496B age=42896ms prefetch
[rx] {"t":"event","op":"msc.reads","ms":204649,"gap":5,"lba0":10193,"lba1":10305,"bytes":61440,"n":15,"kind":2,"ov":0}
[msc.reads] n=15 bytes=61440 lba=10193..10305 gap=5 ov=0
[rx] {"t":"event","op":"msc.reads","ms":204731,"gap":32,"lba0":10313,"lba1":10313,"bytes":4096,"n":1,"kind":2,"ov":0}
[msc.reads] n=1 bytes=4096 lba=10313..10313 gap=32 ov=0
[rx] {"t":"event","op":"msc.reads","ms":204735,"gap":4,"lba0":10321,"lba1":10321,"bytes":4096,"n":1,"kind":2,"ov":0}
[msc.reads] n=1 bytes=4096 lba=10321..10321 gap=4 ov=0
[rx] {"t":"event","op":"msc.reads","ms":204739,"gap":4,"lba0":10329,"lba1":10337,"bytes":8192,"n":2,"kind":2,"ov":0}
[msc.reads] n=2 bytes=8192 lba=10329..10337 gap=4 ov=0
[rx] {"t":"event","op":"msc.reads","ms":204746,"gap":3,"lba0":10345,"lba1":10369,"bytes":16384,"n":4,"kind":2,"ov":0}
[msc.reads] n=4 bytes=16384 lba=10345..10369 gap=3 ov=0
[rx] {"t":"event","op":"msc.reads","ms":204761,"gap":3,"lba0":10377,"lba1":10377,"bytes":4096,"n":1,"kind":2,"ov":0}
[msc.reads] n=1 bytes=4096 lba=10377..10377 gap=3 ov=0
[rx] {"t":"event","op":"msc.reads","ms":204765,"gap":4,"lba0":10385,"lba1":10385,"bytes":4096,"n":1,"kind":2,"ov":0}
[msc.reads] n=1 bytes=4096 lba=10385..10385 gap=4 ov=0
[rx] {"t":"event","op":"msc.reads","ms":204769,"gap":4,"lba0":10393,"lba1":10417,"bytes":16384,"n":4,"kind":2,"ov":0}
[msc.reads] n=4 bytes=16384 lba=10393..10417 gap=4 ov=0
[rx] {"t":"event","op":"msc.reads","ms":204784,"gap":4,"lba0":10425,"lba1":10425,"bytes":4096,"n":1,"kind":2,"ov":0}
[msc.reads] n=1 bytes=4096 lba=10425..10425 gap=4 ov=0
[rx] {"t":"event","op":"msc.reads","ms":204788,"gap":4,"lba0":10433,"lba1":10433,"bytes":4096,"n":1,"kind":2,"ov":0}
[msc.reads] n=1 bytes=4096 lba=10433..10433 gap=4 ov=0
[rx] {"t":"event","op":"msc.reads","ms":204792,"gap":4,"lba0":10441,"lba1":10441,"bytes":4096,"n":1,"kind":2,"ov":0}
[msc.reads] n=1 bytes=4096 lba=10441..10441 gap=4 ov=0
[rx] {"t":"event","op":"msc.reads","ms":204796,"gap":4,"lba0":10449,"lba1":10529,"bytes":45056,"n":11,"kind":2,"ov":0}
[msc.reads] n=11 bytes=45056 lba=10449..10529 gap=4 ov=0
[rx] {"t":"event","op":"msc.reads","ms":204837,"gap":4,"lba0":10537,"lba1":10537,"bytes":4096,"n":1,"kind":2,"ov":0}
[msc.reads] n=1 bytes=4096 lba=10537..10537 gap=4 ov=0
[rx] {"t":"event","op":"msc.reads","ms":204841,"gap":4,"lba0":10545,"lba1":10545,"bytes":4096,"n":1,"kind":2,"ov":0}
[msc.reads] n=1 bytes=4096 lba=10545..10545 gap=4 ov=0
[rx] {"t":"event","op":"msc.reads","ms":204845,"gap":4,"lba0":10553,"lba1":10561,"bytes":8192,"n":2,"kind":2,"ov":0}
[msc.reads] n=2 bytes=8192 lba=10553..10561 gap=4 ov=0
[rx] {"t":"event","op":"msc.reads","ms":204852,"gap":4,"lba0":10569,"lba1":10569,"bytes":4096,"n":1,"kind":2,"ov":0}
[msc.reads] n=1 bytes=4096 lba=10569..10569 gap=4 ov=0
[rx] {"t":"event","op":"msc.reads","ms":204856,"gap":4,"lba0":10577,"lba1":10577,"bytes":4096,"n":1,"kind":2,"ov":0}
[msc.reads] n=1 bytes=4096 lba=10577..10577 gap=4 ov=0
[rx] {"t":"event","op":"msc.reads","ms":204860,"gap":4,"lba0":10585,"lba1":10585,"bytes":4096,"n":1,"kind":2,"ov":0}
[msc.reads] n=1 bytes=4096 lba=10585..10585 gap=4 ov=0
[rx] {"t":"event","op":"msc.reads","ms":204864,"gap":4,"lba0":10593,"lba1":10593,"bytes":4096,"n":1,"kind":2,"ov":0}
[msc.reads] n=1 bytes=4096 lba=10593..10593 gap=4 ov=0
[rx] {"t":"event","op":"msc.reads","ms":204867,"gap":3,"lba0":10601,"lba1":10601,"bytes":4096,"n":1,"kind":2,"ov":0}
[msc.reads] n=1 bytes=4096 lba=10601..10601 gap=3 ov=0
[rx] {"t":"event","op":"msc.reads","ms":204871,"gap":4,"lba0":10609,"lba1":10609,"bytes":4096,"n":1,"kind":2,"ov":0}
[msc.reads] n=1 bytes=4096 lba=10609..10609 gap=4 ov=0
[rx] {"t":"event","op":"msc.reads","ms":204875,"gap":4,"lba0":10617,"lba1":10681,"bytes":36864,"n":9,"kind":2,"ov":0}
[msc.reads] n=9 bytes=36864 lba=10617..10681 gap=4 ov=0
[rx] {"t":"event","op":"msc.reads","ms":204909,"gap":4,"lba0":10689,"lba1":10689,"bytes":4096,"n":1,"kind":2,"ov":0}
[msc.reads] n=1 bytes=4096 lba=10689..10689 gap=4 ov=0
[rx] {"t":"event","op":"msc.reads","ms":204913,"gap":4,"lba0":10697,"lba1":10697,"bytes":4096,"n":1,"kind":2,"ov":0}
[msc.reads] n=1 bytes=4096 lba=10697..10697 gap=4 ov=0
[rx] {"t":"event","op":"msc.reads","ms":204917,"gap":4,"lba0":10705,"lba1":10713,"bytes":8192,"n":2,"kind":2,"ov":0}
[msc.reads] n=2 bytes=8192 lba=10705..10713 gap=4 ov=0
[rx] {"t":"event","op":"msc.reads","ms":204924,"gap":3,"lba0":10721,"lba1":10721,"bytes":4096,"n":1,"kind":2,"ov":0}
[msc.reads] n=1 bytes=4096 lba=10721..10721 gap=3 ov=0
[rx] {"t":"event","op":"msc.reads","ms":204928,"gap":4,"lba0":10729,"lba1":10729,"bytes":4096,"n":1,"kind":2,"ov":0}
[msc.reads] n=1 bytes=4096 lba=10729..10729 gap=4 ov=0
[rx] {"t":"event","op":"msc.reads","ms":204932,"gap":4,"lba0":10737,"lba1":10737,"bytes":4096,"n":1,"kind":2,"ov":0}
[msc.reads] n=1 bytes=4096 lba=10737..10737 gap=4 ov=0
[rx] {"t":"event","op":"msc.reads","ms":204936,"gap":4,"lba0":10745,"lba1":10745,"bytes":4096,"n":1,"kind":2,"ov":0}
[msc.reads] n=1 bytes=4096 lba=10745..10745 gap=4 ov=0
[rx] {"t":"event","op":"msc.reads","ms":204940,"gap":4,"lba0":10753,"lba1":10761,"bytes":8192,"n":2,"kind":2,"ov":0}
[msc.reads] n=2 bytes=8192 lba=10753..10761 gap=4 ov=0
[rx] {"t":"event","op":"msc.reads","ms":204948,"gap":4,"lba0":10769,"lba1":10769,"bytes":4096,"n":1,"kind":2,"ov":0}
[msc.reads] n=1 bytes=4096 lba=10769..10769 gap=4 ov=0
[rx] {"t":"event","op":"msc.reads","ms":204952,"gap":4,"lba0":10777,"lba1":10777,"bytes":4096,"n":1,"kind":2,"ov":0}
[msc.reads] n=1 bytes=4096 lba=10777..10777 gap=4 ov=0
[rx] {"t":"event","op":"msc.reads","ms":204956,"gap":4,"lba0":10785,"lba1":10785,"bytes":4096,"n":1,"kind":2,"ov":0}
[msc.reads] n=1 bytes=4096 lba=10785..10785 gap=4 ov=0
[rx] {"t":"event","op":"msc.reads","ms":204960,"gap":4,"lba0":10793,"lba1":10849,"bytes":32768,"n":8,"kind":2,"ov":0}
[msc.reads] n=8 bytes=32768 lba=10793..10849 gap=4 ov=0
[rx] {"t":"event","op":"msc.reads","ms":204989,"gap":4,"lba0":10857,"lba1":10873,"bytes":12288,"n":3,"kind":2,"ov":0}
[msc.reads] n=3 bytes=12288 lba=10857..10873 gap=4 ov=0
[rx] {"t":"event","op":"msc.reads","ms":205000,"gap":4,"lba0":10881,"lba1":10881,"bytes":4096,"n":1,"kind":2,"ov":0}
[msc.reads] n=1 bytes=4096 lba=10881..10881 gap=4 ov=0
[rx] {"t":"event","op":"msc.reads","ms":205004,"gap":4,"lba0":10889,"lba1":10889,"bytes":4096,"n":1,"kind":2,"ov":0}
[msc.reads] n=1 bytes=4096 lba=10889..10889 gap=4 ov=0
[rx] {"t":"event","op":"msc.reads","ms":205008,"gap":4,"lba0":10897,"lba1":10897,"bytes":4096,"n":1,"kind":2,"ov":0}
[msc.reads] n=1 bytes=4096 lba=10897..10897 gap=4 ov=0
[rx] {"t":"event","op":"msc.reads","ms":205012,"gap":4,"lba0":10905,"lba1":10905,"bytes":4096,"n":1,"kind":2,"ov":0}
[msc.reads] n=1 bytes=4096 lba=10905..10905 gap=4 ov=0
[rx] {"t":"event","op":"msc.reads","ms":205016,"gap":4,"lba0":10913,"lba1":10913,"bytes":4096,"n":1,"kind":2,"ov":0}
[msc.reads] n=1 bytes=4096 lba=10913..10913 gap=4 ov=0
[rx] {"t":"event","op":"msc.reads","ms":205020,"gap":4,"lba0":10921,"lba1":10921,"bytes":4096,"n":1,"kind":2,"ov":0}
[msc.reads] n=1 bytes=4096 lba=10921..10921 gap=4 ov=0
[rx] {"t":"event","op":"msc.reads","ms":205024,"gap":4,"lba0":10929,"lba1":10929,"bytes":4096,"n":1,"kind":2,"ov":0}
[msc.reads] n=1 bytes=4096 lba=10929..10929 gap=4 ov=0
[rx] {"t":"event","op":"msc.reads","ms":205028,"gap":4,"lba0":10937,"lba1":10945,"bytes":8192,"n":2,"kind":2,"ov":0}
[msc.reads] n=2 bytes=8192 lba=10937..10945 gap=4 ov=0
[rx] {"t":"event","op":"msc.reads","ms":205036,"gap":4,"lba0":10953,"lba1":10953,"bytes":4096,"n":1,"kind":2,"ov":0}
[msc.reads] n=1 bytes=4096 lba=10953..10953 gap=4 ov=0
[rx] {"t":"event","op":"msc.reads","ms":205039,"gap":3,"lba0":10961,"lba1":10961,"bytes":4096,"n":1,"kind":2,"ov":0}
[msc.reads] n=1 bytes=4096 lba=10961..10961 gap=3 ov=0
[rx] {"t":"event","op":"msc.reads","ms":205043,"gap":4,"lba0":10969,"lba1":10977,"bytes":8192,"n":2,"kind":2,"ov":0}
[msc.reads] n=2 bytes=8192 lba=10969..10977 gap=4 ov=0
[rx] {"t":"event","op":"msc.reads","ms":205051,"gap":4,"lba0":10985,"lba1":10993,"bytes":8192,"n":2,"kind":2,"ov":0}
[msc.reads] n=2 bytes=8192 lba=10985..10993 gap=4 ov=0
[rx] {"t":"event","op":"msc.reads","ms":205058,"gap":3,"lba0":11001,"lba1":11001,"bytes":4096,"n":1,"kind":2,"ov":0}
[msc.reads] n=1 bytes=4096 lba=11001..11001 gap=3 ov=0
[rx] {"t":"event","op":"msc.reads","ms":205062,"gap":4,"lba0":11009,"lba1":11009,"bytes":4096,"n":1,"kind":2,"ov":0}
[msc.reads] n=1 bytes=4096 lba=11009..11009 gap=4 ov=0
[rx] {"t":"event","op":"msc.reads","ms":205066,"gap":4,"lba0":11017,"lba1":11017,"bytes":4096,"n":1,"kind":2,"ov":0}
[msc.reads] n=1 bytes=4096 lba=11017..11017 gap=4 ov=0
[rx] {"t":"event","op":"msc.reads","ms":205070,"gap":4,"lba0":11025,"lba1":11025,"bytes":4096,"n":1,"kind":2,"ov":0}
[msc.reads] n=1 bytes=4096 lba=11025..11025 gap=4 ov=0
[rx] {"t":"event","op":"msc.reads","ms":205074,"gap":4,"lba0":11033,"lba1":11033,"bytes":4096,"n":1,"kind":2,"ov":0}
[msc.reads] n=1 bytes=4096 lba=11033..11033 gap=4 ov=0
[rx] {"t":"event","op":"msc.reads","ms":205078,"gap":4,"lba0":11041,"lba1":11041,"bytes":4096,"n":1,"kind":2,"ov":0}
[msc.reads] n=1 bytes=4096 lba=11041..11041 gap=4 ov=0
[rx] {"t":"event","op":"msc.reads","ms":205082,"gap":4,"lba0":11049,"lba1":11049,"bytes":4096,"n":1,"kind":2,"ov":0}
[msc.reads] n=1 bytes=4096 lba=11049..11049 gap=4 ov=0
[rx] {"t":"event","op":"msc.reads","ms":205086,"gap":4,"lba0":11057,"lba1":11057,"bytes":4096,"n":1,"kind":2,"ov":0}
[msc.reads] n=1 bytes=4096 lba=11057..11057 gap=4 ov=0
[rx] {"t":"event","op":"msc.reads","ms":205090,"gap":4,"lba0":11065,"lba1":11145,"bytes":45056,"n":11,"kind":2,"ov":0}
[msc.reads] n=11 bytes=45056 lba=11065..11145 gap=4 ov=0
[rx] {"t":"event","op":"msc.reads","ms":205131,"gap":5,"lba0":11153,"lba1":11169,"bytes":12288,"n":3,"kind":2,"ov":0}
[msc.reads] n=3 bytes=12288 lba=11153..11169 gap=5 ov=0
[rx] {"t":"event","op":"msc.reads","ms":205142,"gap":4,"lba0":11177,"lba1":11177,"bytes":4096,"n":1,"kind":2,"ov":0}
[msc.reads] n=1 bytes=4096 lba=11177..11177 gap=4 ov=0
[rx] {"t":"event","op":"msc.reads","ms":205146,"gap":4,"lba0":11185,"lba1":11185,"bytes":4096,"n":1,"kind":2,"ov":0}
[msc.reads] n=1 bytes=4096 lba=11185..11185 gap=4 ov=0
[rx] {"t":"event","op":"msc.reads","ms":205150,"gap":4,"lba0":11193,"lba1":11201,"bytes":8192,"n":2,"kind":2,"ov":0}
[msc.reads] n=2 bytes=8192 lba=11193..11201 gap=4 ov=0
[rx] {"t":"event","op":"msc.reads","ms":205158,"gap":4,"lba0":11209,"lba1":11209,"bytes":4096,"n":1,"kind":2,"ov":0}
[msc.reads] n=1 bytes=4096 lba=11209..11209 gap=4 ov=0
[rx] {"t":"event","op":"msc.reads","ms":205161,"gap":3,"lba0":11217,"lba1":11233,"bytes":12288,"n":3,"kind":2,"ov":0}
[msc.reads] n=3 bytes=12288 lba=11217..11233 gap=3 ov=0
[rx] {"t":"event","op":"msc.reads","ms":205173,"gap":4,"lba0":11241,"lba1":11241,"bytes":4096,"n":1,"kind":2,"ov":0}
[msc.reads] n=1 bytes=4096 lba=11241..11241 gap=4 ov=0
[rx] {"t":"event","op":"msc.reads","ms":205177,"gap":4,"lba0":11249,"lba1":11249,"bytes":4096,"n":1,"kind":2,"ov":0}
[msc.reads] n=1 bytes=4096 lba=11249..11249 gap=4 ov=0
[rx] {"t":"event","op":"msc.reads","ms":205181,"gap":4,"lba0":11257,"lba1":11265,"bytes":8192,"n":2,"kind":2,"ov":0}
[msc.reads] n=2 bytes=8192 lba=11257..11265 gap=4 ov=0
[rx] {"t":"event","op":"msc.reads","ms":205189,"gap":4,"lba0":11273,"lba1":11273,"bytes":4096,"n":1,"kind":2,"ov":0}
[msc.reads] n=1 bytes=4096 lba=11273..11273 gap=4 ov=0
[rx] {"t":"event","op":"msc.reads","ms":205193,"gap":4,"lba0":11281,"lba1":11289,"bytes":8192,"n":2,"kind":2,"ov":0}
[msc.reads] n=2 bytes=8192 lba=11281..11289 gap=4 ov=0
[rx] {"t":"event","op":"msc.reads","ms":205200,"gap":3,"lba0":11297,"lba1":11297,"bytes":4096,"n":1,"kind":2,"ov":0}
[msc.reads] n=1 bytes=4096 lba=11297..11297 gap=3 ov=0
[rx] {"t":"event","op":"msc.reads","ms":205204,"gap":4,"lba0":11305,"lba1":11305,"bytes":4096,"n":1,"kind":2,"ov":0}
[msc.reads] n=1 bytes=4096 lba=11305..11305 gap=4 ov=0
[rx] {"t":"event","op":"msc.reads","ms":205208,"gap":4,"lba0":11313,"lba1":11313,"bytes":4096,"n":1,"kind":2,"ov":0}
[msc.reads] n=1 bytes=4096 lba=11313..11313 gap=4 ov=0
[rx] {"t":"event","op":"msc.reads","ms":205212,"gap":4,"lba0":11321,"lba1":11329,"bytes":8192,"n":2,"kind":2,"ov":0}
[msc.reads] n=2 bytes=8192 lba=11321..11329 gap=4 ov=0
[rx] {"t":"event","op":"msc.reads","ms":205220,"gap":4,"lba0":11337,"lba1":11345,"bytes":8192,"n":2,"kind":2,"ov":0}
[msc.reads] n=2 bytes=8192 lba=11337..11345 gap=4 ov=0
[rx] {"t":"event","op":"msc.reads","ms":205227,"gap":3,"lba0":11353,"lba1":11369,"bytes":12288,"n":3,"kind":2,"ov":0}
[msc.reads] n=3 bytes=12288 lba=11353..11369 gap=3 ov=0
[rx] {"t":"event","op":"msc.reads","ms":205239,"gap":4,"lba0":11377,"lba1":11377,"bytes":4096,"n":1,"kind":2,"ov":0}
[msc.reads] n=1 bytes=4096 lba=11377..11377 gap=4 ov=0
[rx] {"t":"event","op":"msc.reads","ms":205242,"gap":3,"lba0":11385,"lba1":11385,"bytes":4096,"n":1,"kind":2,"ov":0}
[msc.reads] n=1 bytes=4096 lba=11385..11385 gap=3 ov=0
[rx] {"t":"event","op":"msc.reads","ms":205247,"gap":5,"lba0":11393,"lba1":11393,"bytes":4096,"n":1,"kind":2,"ov":0}
[msc.reads] n=1 bytes=4096 lba=11393..11393 gap=5 ov=0
[rx] {"t":"event","op":"msc.reads","ms":205251,"gap":4,"lba0":11401,"lba1":11433,"bytes":20480,"n":5,"kind":2,"ov":0}
[msc.reads] n=5 bytes=20480 lba=11401..11433 gap=4 ov=0
[rx] {"t":"event","op":"msc.reads","ms":205269,"gap":3,"lba0":11441,"lba1":11441,"bytes":4096,"n":1,"kind":2,"ov":0}
[msc.reads] n=1 bytes=4096 lba=11441..11441 gap=3 ov=0
[rx] {"t":"event","op":"msc.reads","ms":205273,"gap":4,"lba0":11449,"lba1":11449,"bytes":4096,"n":1,"kind":2,"ov":0}
[msc.reads] n=1 bytes=4096 lba=11449..11449 gap=4 ov=0
[rx] {"t":"event","op":"msc.reads","ms":205277,"gap":4,"lba0":11457,"lba1":11457,"bytes":4096,"n":1,"kind":2,"ov":0}
[msc.reads] n=1 bytes=4096 lba=11457..11457 gap=4 ov=0
[rx] {"t":"event","op":"msc.reads","ms":205281,"gap":4,"lba0":11465,"lba1":11465,"bytes":4096,"n":1,"kind":2,"ov":0}
[msc.reads] n=1 bytes=4096 lba=11465..11465 gap=4 ov=0
[rx] {"t":"event","op":"msc.reads","ms":205285,"gap":4,"lba0":11473,"lba1":11481,"bytes":8192,"n":2,"kind":2,"ov":0}
[msc.reads] n=2 bytes=8192 lba=11473..11481 gap=4 ov=0
[rx] {"t":"event","op":"msc.reads","ms":205292,"gap":4,"lba0":11489,"lba1":11553,"bytes":36864,"n":9,"kind":2,"ov":0}
[msc.reads] n=9 bytes=36864 lba=11489..11553 gap=4 ov=0
[rx] {"t":"event","op":"msc.reads","ms":205325,"gap":3,"lba0":11561,"lba1":11561,"bytes":4096,"n":1,"kind":2,"ov":0}
[msc.reads] n=1 bytes=4096 lba=11561..11561 gap=3 ov=0
[rx] {"t":"event","op":"msc.reads","ms":205329,"gap":4,"lba0":11569,"lba1":11569,"bytes":4096,"n":1,"kind":2,"ov":0}
[msc.reads] n=1 bytes=4096 lba=11569..11569 gap=4 ov=0
[rx] {"t":"event","op":"msc.reads","ms":205333,"gap":4,"lba0":11577,"lba1":11577,"bytes":4096,"n":1,"kind":2,"ov":0}
[msc.reads] n=1 bytes=4096 lba=11577..11577 gap=4 ov=0
[rx] {"t":"event","op":"msc.reads","ms":205337,"gap":4,"lba0":11585,"lba1":11585,"bytes":4096,"n":1,"kind":2,"ov":0}
[msc.reads] n=1 bytes=4096 lba=11585..11585 gap=4 ov=0
[rx] {"t":"event","op":"msc.reads","ms":205341,"gap":4,"lba0":11593,"lba1":11593,"bytes":4096,"n":1,"kind":2,"ov":0}
[msc.reads] n=1 bytes=4096 lba=11593..11593 gap=4 ov=0
[rx] {"t":"event","op":"msc.reads","ms":205345,"gap":4,"lba0":11601,"lba1":11601,"bytes":4096,"n":1,"kind":2,"ov":0}
[msc.reads] n=1 bytes=4096 lba=11601..11601 gap=4 ov=0
[rx] {"t":"event","op":"msc.reads","ms":205348,"gap":3,"lba0":11609,"lba1":11625,"bytes":12288,"n":3,"kind":2,"ov":0}
[msc.reads] n=3 bytes=12288 lba=11609..11625 gap=3 ov=0
[rx] {"t":"event","op":"msc.reads","ms":205360,"gap":4,"lba0":11633,"lba1":11633,"bytes":4096,"n":1,"kind":2,"ov":0}
[msc.reads] n=1 bytes=4096 lba=11633..11633 gap=4 ov=0
[rx] {"t":"event","op":"msc.reads","ms":205364,"gap":4,"lba0":11641,"lba1":11641,"bytes":4096,"n":1,"kind":2,"ov":0}
[msc.reads] n=1 bytes=4096 lba=11641..11641 gap=4 ov=0
[rx] {"t":"event","op":"msc.reads","ms":205368,"gap":4,"lba0":11649,"lba1":11657,"bytes":8192,"n":2,"kind":2,"ov":0}
[msc.reads] n=2 bytes=8192 lba=11649..11657 gap=4 ov=0
[rx] {"t":"event","op":"msc.reads","ms":205375,"gap":3,"lba0":11665,"lba1":11665,"bytes":4096,"n":1,"kind":2,"ov":0}
[msc.reads] n=1 bytes=4096 lba=11665..11665 gap=3 ov=0
[rx] {"t":"event","op":"msc.reads","ms":205379,"gap":4,"lba0":11673,"lba1":11673,"bytes":4096,"n":1,"kind":2,"ov":0}
[msc.reads] n=1 bytes=4096 lba=11673..11673 gap=4 ov=0
[rx] {"t":"event","op":"msc.reads","ms":205383,"gap":4,"lba0":11681,"lba1":11681,"bytes":4096,"n":1,"kind":2,"ov":0}
[msc.reads] n=1 bytes=4096 lba=11681..11681 gap=4 ov=0
[rx] {"t":"event","op":"msc.reads","ms":205387,"gap":4,"lba0":11689,"lba1":11689,"bytes":4096,"n":1,"kind":2,"ov":0}
[msc.reads] n=1 bytes=4096 lba=11689..11689 gap=4 ov=0
[rx] {"t":"event","op":"msc.reads","ms":205391,"gap":4,"lba0":11697,"lba1":11697,"bytes":4096,"n":1,"kind":2,"ov":0}
[msc.reads] n=1 bytes=4096 lba=11697..11697 gap=4 ov=0
[rx] {"t":"event","op":"msc.reads","ms":205395,"gap":4,"lba0":11705,"lba1":11705,"bytes":4096,"n":1,"kind":2,"ov":0}
[msc.reads] n=1 bytes=4096 lba=11705..11705 gap=4 ov=0
[rx] {"t":"event","op":"msc.reads","ms":205399,"gap":4,"lba0":11713,"lba1":11713,"bytes":4096,"n":1,"kind":2,"ov":0}
[msc.reads] n=1 bytes=4096 lba=11713..11713 gap=4 ov=0
[rx] {"t":"event","op":"msc.reads","ms":205403,"gap":4,"lba0":11721,"lba1":11729,"bytes":8192,"n":2,"kind":2,"ov":0}
[msc.reads] n=2 bytes=8192 lba=11721..11729 gap=4 ov=0
[rx] {"t":"event","op":"msc.reads","ms":205411,"gap":4,"lba0":11737,"lba1":11737,"bytes":4096,"n":1,"kind":2,"ov":0}
[msc.reads] n=1 bytes=4096 lba=11737..11737 gap=4 ov=0
[rx] {"t":"event","op":"msc.reads","ms":205415,"gap":4,"lba0":11745,"lba1":11745,"bytes":4096,"n":1,"kind":2,"ov":0}
[msc.reads] n=1 bytes=4096 lba=11745..11745 gap=4 ov=0
[rx] {"t":"event","op":"msc.reads","ms":205419,"gap":4,"lba0":11753,"lba1":11753,"bytes":4096,"n":1,"kind":2,"ov":0}
[msc.reads] n=1 bytes=4096 lba=11753..11753 gap=4 ov=0
[rx] {"t":"event","op":"diag","code":"play.reject","detail":"not_from_head uid=fav0 from=5105 +3497984B age=43698ms prefetch"}
[msc] play.reject not_from_head uid=fav0 from=5105 +3497984B age=43698ms prefetch
[rx] {"t":"event","op":"msc.reads","ms":205423,"gap":4,"lba0":11761,"lba1":11985,"bytes":118784,"n":29,"kind":2,"ov":0}
[msc.reads] n=29 bytes=118784 lba=11761..11985 gap=4 ov=0
[rx] {"t":"event","op":"msc.reads","ms":205544,"gap":4,"lba0":11993,"lba1":11993,"bytes":4096,"n":1,"kind":2,"ov":0}
[msc.reads] n=1 bytes=4096 lba=11993..11993 gap=4 ov=0
[rx] {"t":"event","op":"msc.reads","ms":205548,"gap":4,"lba0":12001,"lba1":12001,"bytes":4096,"n":1,"kind":2,"ov":0}
[msc.reads] n=1 bytes=4096 lba=12001..12001 gap=4 ov=0
[rx] {"t":"event","op":"msc.reads","ms":205552,"gap":4,"lba0":12009,"lba1":12009,"bytes":4096,"n":1,"kind":2,"ov":0}
[msc.reads] n=1 bytes=4096 lba=12009..12009 gap=4 ov=0
[rx] {"t":"event","op":"msc.reads","ms":205556,"gap":4,"lba0":12017,"lba1":12017,"bytes":4096,"n":1,"kind":2,"ov":0}
[msc.reads] n=1 bytes=4096 lba=12017..12017 gap=4 ov=0
[rx] {"t":"event","op":"msc.reads","ms":205560,"gap":4,"lba0":12025,"lba1":12033,"bytes":8192,"n":2,"kind":2,"ov":0}
[msc.reads] n=2 bytes=8192 lba=12025..12033 gap=4 ov=0
[rx] {"t":"event","op":"msc.reads","ms":205568,"gap":4,"lba0":12041,"lba1":12049,"bytes":8192,"n":2,"kind":2,"ov":0}
[msc.reads] n=2 bytes=8192 lba=12041..12049 gap=4 ov=0
[rx] {"t":"event","op":"msc.reads","ms":205576,"gap":4,"lba0":12057,"lba1":12057,"bytes":4096,"n":1,"kind":2,"ov":0}
[msc.reads] n=1 bytes=4096 lba=12057..12057 gap=4 ov=0
[rx] {"t":"event","op":"msc.reads","ms":205580,"gap":4,"lba0":12065,"lba1":12065,"bytes":4096,"n":1,"kind":2,"ov":0}
[msc.reads] n=1 bytes=4096 lba=12065..12065 gap=4 ov=0
[rx] {"t":"event","op":"msc.reads","ms":205584,"gap":4,"lba0":12073,"lba1":12137,"bytes":36864,"n":9,"kind":2,"ov":0}
[msc.reads] n=9 bytes=36864 lba=12073..12137 gap=4 ov=0
[rx] {"t":"event","op":"msc.reads","ms":205618,"gap":4,"lba0":12145,"lba1":12145,"bytes":4096,"n":1,"kind":2,"ov":0}
[msc.reads] n=1 bytes=4096 lba=12145..12145 gap=4 ov=0
[rx] {"t":"event","op":"msc.reads","ms":205621,"gap":3,"lba0":12153,"lba1":12153,"bytes":4096,"n":1,"kind":2,"ov":0}
[msc.reads] n=1 bytes=4096 lba=12153..12153 gap=3 ov=0
[rx] {"t":"event","op":"msc.reads","ms":205625,"gap":4,"lba0":12161,"lba1":12161,"bytes":4096,"n":1,"kind":2,"ov":0}
[msc.reads] n=1 bytes=4096 lba=12161..12161 gap=4 ov=0
[rx] {"t":"event","op":"msc.reads","ms":205629,"gap":4,"lba0":12169,"lba1":12169,"bytes":4096,"n":1,"kind":2,"ov":0}
[msc.reads] n=1 bytes=4096 lba=12169..12169 gap=4 ov=0
[rx] {"t":"event","op":"msc.reads","ms":205633,"gap":4,"lba0":12177,"lba1":12177,"bytes":4096,"n":1,"kind":2,"ov":0}
[msc.reads] n=1 bytes=4096 lba=12177..12177 gap=4 ov=0
[rx] {"t":"event","op":"msc.reads","ms":205637,"gap":4,"lba0":12185,"lba1":12185,"bytes":4096,"n":1,"kind":2,"ov":0}
[msc.reads] n=1 bytes=4096 lba=12185..12185 gap=4 ov=0
[rx] {"t":"event","op":"msc.reads","ms":205641,"gap":4,"lba0":12193,"lba1":12225,"bytes":20480,"n":5,"kind":2,"ov":0}
[msc.reads] n=5 bytes=20480 lba=12193..12225 gap=4 ov=0
[rx] {"t":"event","op":"msc.reads","ms":205660,"gap":4,"lba0":12233,"lba1":12233,"bytes":4096,"n":1,"kind":2,"ov":0}
[msc.reads] n=1 bytes=4096 lba=12233..12233 gap=4 ov=0
[rx] {"t":"event","op":"msc.reads","ms":205663,"gap":3,"lba0":12241,"lba1":12241,"bytes":4096,"n":1,"kind":2,"ov":0}
[msc.reads] n=1 bytes=4096 lba=12241..12241 gap=3 ov=0
[rx] {"t":"event","op":"msc.reads","ms":205667,"gap":4,"lba0":12249,"lba1":12313,"bytes":36864,"n":9,"kind":2,"ov":0}
[msc.reads] n=9 bytes=36864 lba=12249..12313 gap=4 ov=0
[rx] {"t":"event","op":"msc.reads","ms":205700,"gap":4,"lba0":12321,"lba1":12321,"bytes":4096,"n":1,"kind":2,"ov":0}
[msc.reads] n=1 bytes=4096 lba=12321..12321 gap=4 ov=0
[rx] {"t":"event","op":"msc.reads","ms":205704,"gap":4,"lba0":12329,"lba1":12337,"bytes":8192,"n":2,"kind":2,"ov":0}
[msc.reads] n=2 bytes=8192 lba=12329..12337 gap=4 ov=0
[rx] {"t":"event","op":"msc.reads","ms":205712,"gap":4,"lba0":12345,"lba1":12345,"bytes":4096,"n":1,"kind":2,"ov":0}
[msc.reads] n=1 bytes=4096 lba=12345..12345 gap=4 ov=0
[rx] {"t":"event","op":"msc.reads","ms":205716,"gap":4,"lba0":12353,"lba1":12353,"bytes":4096,"n":1,"kind":2,"ov":0}
[msc.reads] n=1 bytes=4096 lba=12353..12353 gap=4 ov=0
[rx] {"t":"event","op":"msc.reads","ms":205720,"gap":4,"lba0":12361,"lba1":12369,"bytes":8192,"n":2,"kind":2,"ov":0}
[msc.reads] n=2 bytes=8192 lba=12361..12369 gap=4 ov=0
[rx] {"t":"event","op":"msc.reads","ms":205728,"gap":4,"lba0":12377,"lba1":12377,"bytes":4096,"n":1,"kind":2,"ov":0}
[msc.reads] n=1 bytes=4096 lba=12377..12377 gap=4 ov=0
[rx] {"t":"event","op":"msc.reads","ms":205731,"gap":3,"lba0":12385,"lba1":12385,"bytes":4096,"n":1,"kind":2,"ov":0}
[msc.reads] n=1 bytes=4096 lba=12385..12385 gap=3 ov=0
[rx] {"t":"event","op":"msc.reads","ms":205735,"gap":4,"lba0":12393,"lba1":12393,"bytes":4096,"n":1,"kind":2,"ov":0}
[msc.reads] n=1 bytes=4096 lba=12393..12393 gap=4 ov=0
[rx] {"t":"event","op":"msc.reads","ms":205739,"gap":4,"lba0":12401,"lba1":12401,"bytes":4096,"n":1,"kind":2,"ov":0}
[msc.reads] n=1 bytes=4096 lba=12401..12401 gap=4 ov=0
[rx] {"t":"event","op":"msc.reads","ms":205743,"gap":4,"lba0":12409,"lba1":12417,"bytes":8192,"n":2,"kind":2,"ov":0}
[msc.reads] n=2 bytes=8192 lba=12409..12417 gap=4 ov=0
[rx] {"t":"event","op":"msc.reads","ms":205751,"gap":4,"lba0":12425,"lba1":12433,"bytes":8192,"n":2,"kind":2,"ov":0}
[msc.reads] n=2 bytes=8192 lba=12425..12433 gap=4 ov=0
[rx] {"t":"event","op":"msc.reads","ms":205758,"gap":4,"lba0":12441,"lba1":12441,"bytes":4096,"n":1,"kind":2,"ov":0}
[msc.reads] n=1 bytes=4096 lba=12441..12441 gap=4 ov=0
[rx] {"t":"event","op":"msc.reads","ms":205762,"gap":4,"lba0":12449,"lba1":12449,"bytes":4096,"n":1,"kind":2,"ov":0}
[msc.reads] n=1 bytes=4096 lba=12449..12449 gap=4 ov=0
[rx] {"t":"event","op":"msc.reads","ms":205766,"gap":4,"lba0":12457,"lba1":12457,"bytes":4096,"n":1,"kind":2,"ov":0}
[msc.reads] n=1 bytes=4096 lba=12457..12457 gap=4 ov=0
[rx] {"t":"event","op":"msc.reads","ms":205770,"gap":4,"lba0":12465,"lba1":12465,"bytes":4096,"n":1,"kind":2,"ov":0}
[msc.reads] n=1 bytes=4096 lba=12465..12465 gap=4 ov=0
[rx] {"t":"event","op":"msc.reads","ms":205773,"gap":3,"lba0":12473,"lba1":12473,"bytes":4096,"n":1,"kind":2,"ov":0}
[msc.reads] n=1 bytes=4096 lba=12473..12473 gap=3 ov=0
[rx] {"t":"event","op":"msc.reads","ms":205777,"gap":4,"lba0":12481,"lba1":12481,"bytes":4096,"n":1,"kind":2,"ov":0}
[msc.reads] n=1 bytes=4096 lba=12481..12481 gap=4 ov=0
[rx] {"t":"event","op":"msc.reads","ms":205781,"gap":4,"lba0":12489,"lba1":12537,"bytes":28672,"n":7,"kind":2,"ov":0}
[msc.reads] n=7 bytes=28672 lba=12489..12537 gap=4 ov=0
[rx] {"t":"event","op":"msc.reads","ms":205807,"gap":4,"lba0":12545,"lba1":12561,"bytes":12288,"n":3,"kind":2,"ov":0}
[msc.reads] n=3 bytes=12288 lba=12545..12561 gap=4 ov=0
[rx] {"t":"event","op":"msc.reads","ms":205818,"gap":4,"lba0":12569,"lba1":12577,"bytes":8192,"n":2,"kind":2,"ov":0}
[msc.reads] n=2 bytes=8192 lba=12569..12577 gap=4 ov=0
[rx] {"t":"event","op":"msc.reads","ms":205825,"gap":3,"lba0":12585,"lba1":12585,"bytes":4096,"n":1,"kind":2,"ov":0}
[msc.reads] n=1 bytes=4096 lba=12585..12585 gap=3 ov=0
[rx] {"t":"event","op":"msc.reads","ms":205830,"gap":5,"lba0":12593,"lba1":12593,"bytes":4096,"n":1,"kind":2,"ov":0}
[msc.reads] n=1 bytes=4096 lba=12593..12593 gap=5 ov=0
[rx] {"t":"event","op":"msc.reads","ms":205833,"gap":3,"lba0":12601,"lba1":12601,"bytes":4096,"n":1,"kind":2,"ov":0}
[msc.reads] n=1 bytes=4096 lba=12601..12601 gap=3 ov=0
[rx] {"t":"event","op":"msc.reads","ms":205837,"gap":4,"lba0":12609,"lba1":12609,"bytes":4096,"n":1,"kind":2,"ov":0}
[msc.reads] n=1 bytes=4096 lba=12609..12609 gap=4 ov=0
[rx] {"t":"event","op":"msc.reads","ms":205841,"gap":4,"lba0":12617,"lba1":12617,"bytes":4096,"n":1,"kind":2,"ov":0}
[msc.reads] n=1 bytes=4096 lba=12617..12617 gap=4 ov=0
[rx] {"t":"event","op":"msc.reads","ms":205845,"gap":4,"lba0":12625,"lba1":12625,"bytes":4096,"n":1,"kind":2,"ov":0}
[msc.reads] n=1 bytes=4096 lba=12625..12625 gap=4 ov=0
[rx] {"t":"event","op":"msc.reads","ms":205849,"gap":4,"lba0":12633,"lba1":12641,"bytes":8192,"n":2,"kind":2,"ov":0}
[msc.reads] n=2 bytes=8192 lba=12633..12641 gap=4 ov=0
[rx] {"t":"event","op":"msc.reads","ms":205857,"gap":4,"lba0":12649,"lba1":12649,"bytes":4096,"n":1,"kind":2,"ov":0}
[msc.reads] n=1 bytes=4096 lba=12649..12649 gap=4 ov=0
[rx] {"t":"event","op":"msc.reads","ms":205860,"gap":3,"lba0":12657,"lba1":12657,"bytes":4096,"n":1,"kind":2,"ov":0}
[msc.reads] n=1 bytes=4096 lba=12657..12657 gap=3 ov=0
[rx] {"t":"event","op":"msc.reads","ms":205864,"gap":4,"lba0":12665,"lba1":12673,"bytes":8192,"n":2,"kind":2,"ov":0}
[msc.reads] n=2 bytes=8192 lba=12665..12673 gap=4 ov=0
[rx] {"t":"event","op":"msc.reads","ms":205872,"gap":4,"lba0":12681,"lba1":12681,"bytes":4096,"n":1,"kind":2,"ov":0}
[msc.reads] n=1 bytes=4096 lba=12681..12681 gap=4 ov=0
[rx] {"t":"event","op":"msc.reads","ms":205876,"gap":4,"lba0":12689,"lba1":12689,"bytes":4096,"n":1,"kind":2,"ov":0}
[msc.reads] n=1 bytes=4096 lba=12689..12689 gap=4 ov=0
[rx] {"t":"event","op":"msc.reads","ms":205880,"gap":4,"lba0":12697,"lba1":12697,"bytes":4096,"n":1,"kind":2,"ov":0}
[msc.reads] n=1 bytes=4096 lba=12697..12697 gap=4 ov=0
[rx] {"t":"event","op":"msc.reads","ms":205884,"gap":4,"lba0":12705,"lba1":12705,"bytes":4096,"n":1,"kind":2,"ov":0}
[msc.reads] n=1 bytes=4096 lba=12705..12705 gap=4 ov=0
[rx] {"t":"event","op":"msc.reads","ms":205888,"gap":4,"lba0":12713,"lba1":12721,"bytes":8192,"n":2,"kind":2,"ov":0}
[msc.reads] n=2 bytes=8192 lba=12713..12721 gap=4 ov=0
[rx] {"t":"event","op":"msc.reads","ms":205896,"gap":4,"lba0":12729,"lba1":12729,"bytes":4096,"n":1,"kind":2,"ov":0}
[msc.reads] n=1 bytes=4096 lba=12729..12729 gap=4 ov=0
[rx] {"t":"event","op":"msc.reads","ms":205900,"gap":4,"lba0":12737,"lba1":12737,"bytes":4096,"n":1,"kind":2,"ov":0}
[msc.reads] n=1 bytes=4096 lba=12737..12737 gap=4 ov=0
[rx] {"t":"event","op":"msc.reads","ms":205903,"gap":3,"lba0":12745,"lba1":12745,"bytes":4096,"n":1,"kind":2,"ov":0}
[msc.reads] n=1 bytes=4096 lba=12745..12745 gap=3 ov=0
[rx] {"t":"event","op":"msc.reads","ms":205907,"gap":4,"lba0":12753,"lba1":12753,"bytes":4096,"n":1,"kind":2,"ov":0}
[msc.reads] n=1 bytes=4096 lba=12753..12753 gap=4 ov=0
[rx] {"t":"event","op":"msc.reads","ms":205911,"gap":4,"lba0":12761,"lba1":12761,"bytes":4096,"n":1,"kind":2,"ov":0}
[msc.reads] n=1 bytes=4096 lba=12761..12761 gap=4 ov=0
[tx] {"t":"ping"}
[rx] {"t":"event","op":"msc.reads","ms":205915,"gap":4,"lba0":12769,"lba1":12769,"bytes":4096,"n":1,"kind":2,"ov":0}
[msc.reads] n=1 bytes=4096 lba=12769..12769 gap=4 ov=0
[rx] {"t":"event","op":"msc.reads","ms":205919,"gap":4,"lba0":12777,"lba1":12777,"bytes":4096,"n":1,"kind":2,"ov":0}
[msc.reads] n=1 bytes=4096 lba=12777..12777 gap=4 ov=0
[rx] {"t":"event","op":"msc.reads","ms":205923,"gap":4,"lba0":12785,"lba1":12793,"bytes":8192,"n":2,"kind":2,"ov":0}
[msc.reads] n=2 bytes=8192 lba=12785..12793 gap=4 ov=0
[rx] {"t":"event","op":"msc.reads","ms":205931,"gap":4,"lba0":12801,"lba1":12801,"bytes":4096,"n":1,"kind":2,"ov":0}
[msc.reads] n=1 bytes=4096 lba=12801..12801 gap=4 ov=0
[rx] {"t":"pong"}
[rx] {"t":"event","op":"msc.reads","ms":205934,"gap":3,"lba0":12809,"lba1":12881,"bytes":40960,"n":10,"kind":2,"ov":0}
[msc.reads] n=10 bytes=40960 lba=12809..12881 gap=3 ov=0
[rx] {"t":"event","op":"msc.reads","ms":205972,"gap":4,"lba0":12889,"lba1":12889,"bytes":4096,"n":1,"kind":2,"ov":0}
[msc.reads] n=1 bytes=4096 lba=12889..12889 gap=4 ov=0
[rx] {"t":"event","op":"msc.reads","ms":205976,"gap":4,"lba0":12897,"lba1":12897,"bytes":4096,"n":1,"kind":2,"ov":0}
[msc.reads] n=1 bytes=4096 lba=12897..12897 gap=4 ov=0
[rx] {"t":"event","op":"msc.reads","ms":205980,"gap":4,"lba0":12905,"lba1":12905,"bytes":4096,"n":1,"kind":2,"ov":0}
[msc.reads] n=1 bytes=4096 lba=12905..12905 gap=4 ov=0
[rx] {"t":"event","op":"msc.reads","ms":205984,"gap":4,"lba0":12913,"lba1":12913,"bytes":4096,"n":1,"kind":2,"ov":0}
[msc.reads] n=1 bytes=4096 lba=12913..12913 gap=4 ov=0
[rx] {"t":"event","op":"msc.reads","ms":205988,"gap":4,"lba0":12921,"lba1":12921,"bytes":4096,"n":1,"kind":2,"ov":0}
[msc.reads] n=1 bytes=4096 lba=12921..12921 gap=4 ov=0
[rx] {"t":"event","op":"msc.reads","ms":205992,"gap":4,"lba0":12929,"lba1":12937,"bytes":8192,"n":2,"kind":2,"ov":0}
[msc.reads] n=2 bytes=8192 lba=12929..12937 gap=4 ov=0
[rx] {"t":"event","op":"msc.reads","ms":205999,"gap":3,"lba0":12945,"lba1":12945,"bytes":4096,"n":1,"kind":2,"ov":0}
[msc.reads] n=1 bytes=4096 lba=12945..12945 gap=3 ov=0
[rx] {"t":"event","op":"msc.reads","ms":206003,"gap":4,"lba0":12953,"lba1":12953,"bytes":4096,"n":1,"kind":2,"ov":0}
[msc.reads] n=1 bytes=4096 lba=12953..12953 gap=4 ov=0
[rx] {"t":"event","op":"msc.reads","ms":206007,"gap":4,"lba0":12961,"lba1":12961,"bytes":4096,"n":1,"kind":2,"ov":0}
[msc.reads] n=1 bytes=4096 lba=12961..12961 gap=4 ov=0
[rx] {"t":"event","op":"msc.reads","ms":206011,"gap":4,"lba0":12969,"lba1":12969,"bytes":4096,"n":1,"kind":2,"ov":0}
[msc.reads] n=1 bytes=4096 lba=12969..12969 gap=4 ov=0
[rx] {"t":"event","op":"msc.reads","ms":206015,"gap":4,"lba0":12977,"lba1":12985,"bytes":8192,"n":2,"kind":2,"ov":0}
[msc.reads] n=2 bytes=8192 lba=12977..12985 gap=4 ov=0
[rx] {"t":"event","op":"msc.reads","ms":206022,"gap":3,"lba0":12993,"lba1":12993,"bytes":4096,"n":1,"kind":2,"ov":0}
[msc.reads] n=1 bytes=4096 lba=12993..12993 gap=3 ov=0
[rx] {"t":"event","op":"msc.reads","ms":206026,"gap":4,"lba0":13001,"lba1":13001,"bytes":4096,"n":1,"kind":2,"ov":0}
[msc.reads] n=1 bytes=4096 lba=13001..13001 gap=4 ov=0
[rx] {"t":"event","op":"msc.reads","ms":206030,"gap":4,"lba0":13009,"lba1":13009,"bytes":4096,"n":1,"kind":2,"ov":0}
[msc.reads] n=1 bytes=4096 lba=13009..13009 gap=4 ov=0
[rx] {"t":"event","op":"msc.reads","ms":206034,"gap":4,"lba0":13017,"lba1":13017,"bytes":4096,"n":1,"kind":2,"ov":0}
[msc.reads] n=1 bytes=4096 lba=13017..13017 gap=4 ov=0
[rx] {"t":"event","op":"msc.reads","ms":206038,"gap":4,"lba0":13025,"lba1":13033,"bytes":8192,"n":2,"kind":2,"ov":0}
[msc.reads] n=2 bytes=8192 lba=13025..13033 gap=4 ov=0
[rx] {"t":"event","op":"msc.reads","ms":206046,"gap":4,"lba0":13041,"lba1":13041,"bytes":4096,"n":1,"kind":2,"ov":0}
[msc.reads] n=1 bytes=4096 lba=13041..13041 gap=4 ov=0
[rx] {"t":"event","op":"msc.reads","ms":206049,"gap":3,"lba0":13049,"lba1":13049,"bytes":4096,"n":1,"kind":2,"ov":0}
[msc.reads] n=1 bytes=4096 lba=13049..13049 gap=3 ov=0
[rx] {"t":"event","op":"msc.reads","ms":206053,"gap":4,"lba0":13057,"lba1":13057,"bytes":4096,"n":1,"kind":2,"ov":0}
[msc.reads] n=1 bytes=4096 lba=13057..13057 gap=4 ov=0
[rx] {"t":"event","op":"msc.reads","ms":206057,"gap":4,"lba0":13065,"lba1":13065,"bytes":4096,"n":1,"kind":2,"ov":0}
[msc.reads] n=1 bytes=4096 lba=13065..13065 gap=4 ov=0
[rx] {"t":"event","op":"msc.reads","ms":206061,"gap":4,"lba0":13073,"lba1":13073,"bytes":4096,"n":1,"kind":2,"ov":0}
[msc.reads] n=1 bytes=4096 lba=13073..13073 gap=4 ov=0
[rx] {"t":"event","op":"msc.reads","ms":206065,"gap":4,"lba0":13081,"lba1":13081,"bytes":4096,"n":1,"kind":2,"ov":0}
[msc.reads] n=1 bytes=4096 lba=13081..13081 gap=4 ov=0
[rx] {"t":"event","op":"msc.reads","ms":206069,"gap":4,"lba0":13089,"lba1":13089,"bytes":4096,"n":1,"kind":2,"ov":0}
[msc.reads] n=1 bytes=4096 lba=13089..13089 gap=4 ov=0
[rx] {"t":"event","op":"msc.reads","ms":206073,"gap":4,"lba0":13097,"lba1":13097,"bytes":4096,"n":1,"kind":2,"ov":0}
[msc.reads] n=1 bytes=4096 lba=13097..13097 gap=4 ov=0
[rx] {"t":"event","op":"msc.reads","ms":206077,"gap":4,"lba0":13105,"lba1":13105,"bytes":4096,"n":1,"kind":2,"ov":0}
[msc.reads] n=1 bytes=4096 lba=13105..13105 gap=4 ov=0
[rx] {"t":"event","op":"msc.reads","ms":206081,"gap":4,"lba0":13113,"lba1":13113,"bytes":4096,"n":1,"kind":2,"ov":0}
[msc.reads] n=1 bytes=4096 lba=13113..13113 gap=4 ov=0
[rx] {"t":"event","op":"msc.reads","ms":206085,"gap":4,"lba0":13121,"lba1":13185,"bytes":36864,"n":9,"kind":2,"ov":0}
[msc.reads] n=9 bytes=36864 lba=13121..13185 gap=4 ov=0
[rx] {"t":"event","op":"msc.reads","ms":206118,"gap":4,"lba0":13193,"lba1":13193,"bytes":4096,"n":1,"kind":2,"ov":0}
[msc.reads] n=1 bytes=4096 lba=13193..13193 gap=4 ov=0
[rx] {"t":"event","op":"msc.reads","ms":206122,"gap":4,"lba0":13201,"lba1":13201,"bytes":4096,"n":1,"kind":2,"ov":0}
[msc.reads] n=1 bytes=4096 lba=13201..13201 gap=4 ov=0
[rx] {"t":"event","op":"msc.reads","ms":206126,"gap":4,"lba0":13209,"lba1":13209,"bytes":4096,"n":1,"kind":2,"ov":0}
[msc.reads] n=1 bytes=4096 lba=13209..13209 gap=4 ov=0
[rx] {"t":"event","op":"msc.reads","ms":206130,"gap":4,"lba0":13217,"lba1":13217,"bytes":4096,"n":1,"kind":2,"ov":0}
[msc.reads] n=1 bytes=4096 lba=13217..13217 gap=4 ov=0
[rx] {"t":"event","op":"msc.reads","ms":206134,"gap":4,"lba0":13225,"lba1":13225,"bytes":4096,"n":1,"kind":2,"ov":0}
[msc.reads] n=1 bytes=4096 lba=13225..13225 gap=4 ov=0
[rx] {"t":"event","op":"msc.reads","ms":206138,"gap":4,"lba0":13233,"lba1":13233,"bytes":4096,"n":1,"kind":2,"ov":0}
[msc.reads] n=1 bytes=4096 lba=13233..13233 gap=4 ov=0
[rx] {"t":"event","op":"msc.reads","ms":206142,"gap":4,"lba0":13241,"lba1":13241,"bytes":4096,"n":1,"kind":2,"ov":0}
[msc.reads] n=1 bytes=4096 lba=13241..13241 gap=4 ov=0
[rx] {"t":"event","op":"msc.reads","ms":206146,"gap":4,"lba0":13249,"lba1":13257,"bytes":8192,"n":2,"kind":2,"ov":0}
[msc.reads] n=2 bytes=8192 lba=13249..13257 gap=4 ov=0
[rx] {"t":"event","op":"msc.reads","ms":206154,"gap":4,"lba0":13265,"lba1":13265,"bytes":4096,"n":1,"kind":2,"ov":0}
[msc.reads] n=1 bytes=4096 lba=13265..13265 gap=4 ov=0
[rx] {"t":"event","op":"msc.reads","ms":206158,"gap":4,"lba0":13273,"lba1":13281,"bytes":8192,"n":2,"kind":2,"ov":0}
[msc.reads] n=2 bytes=8192 lba=13273..13281 gap=4 ov=0
[rx] {"t":"event","op":"msc.reads","ms":206165,"gap":4,"lba0":13289,"lba1":13289,"bytes":4096,"n":1,"kind":2,"ov":0}
[msc.reads] n=1 bytes=4096 lba=13289..13289 gap=4 ov=0
[rx] {"t":"event","op":"msc.reads","ms":206169,"gap":4,"lba0":13297,"lba1":13385,"bytes":49152,"n":12,"kind":2,"ov":0}
[msc.reads] n=12 bytes=49152 lba=13297..13385 gap=4 ov=0
[rx] {"t":"event","op":"msc.reads","ms":206213,"gap":4,"lba0":13393,"lba1":13401,"bytes":8192,"n":2,"kind":2,"ov":0}
[msc.reads] n=2 bytes=8192 lba=13393..13401 gap=4 ov=0
[rx] {"t":"event","op":"msc.reads","ms":206221,"gap":4,"lba0":13409,"lba1":13409,"bytes":4096,"n":1,"kind":2,"ov":0}
[msc.reads] n=1 bytes=4096 lba=13409..13409 gap=4 ov=0
[rx] {"t":"event","op":"msc.reads","ms":206225,"gap":4,"lba0":13417,"lba1":13417,"bytes":4096,"n":1,"kind":2,"ov":0}
[msc.reads] n=1 bytes=4096 lba=13417..13417 gap=4 ov=0
[rx] {"t":"event","op":"msc.reads","ms":206228,"gap":3,"lba0":13425,"lba1":13449,"bytes":16384,"n":4,"kind":2,"ov":0}
[msc.reads] n=4 bytes=16384 lba=13425..13449 gap=3 ov=0
[rx] {"t":"event","op":"msc.reads","ms":206244,"gap":4,"lba0":13457,"lba1":13457,"bytes":4096,"n":1,"kind":2,"ov":0}
[msc.reads] n=1 bytes=4096 lba=13457..13457 gap=4 ov=0
[rx] {"t":"event","op":"msc.reads","ms":206247,"gap":3,"lba0":13465,"lba1":13465,"bytes":4096,"n":1,"kind":2,"ov":0}
[msc.reads] n=1 bytes=4096 lba=13465..13465 gap=3 ov=0
[rx] {"t":"event","op":"msc.reads","ms":206251,"gap":4,"lba0":13473,"lba1":13481,"bytes":8192,"n":2,"kind":2,"ov":0}
[msc.reads] n=2 bytes=8192 lba=13473..13481 gap=4 ov=0
[rx] {"t":"event","op":"msc.reads","ms":206259,"gap":4,"lba0":13489,"lba1":13489,"bytes":4096,"n":1,"kind":2,"ov":0}
[msc.reads] n=1 bytes=4096 lba=13489..13489 gap=4 ov=0
[rx] {"t":"event","op":"msc.reads","ms":206263,"gap":4,"lba0":13497,"lba1":13497,"bytes":4096,"n":1,"kind":2,"ov":0}
[msc.reads] n=1 bytes=4096 lba=13497..13497 gap=4 ov=0
[rx] {"t":"event","op":"msc.reads","ms":206267,"gap":4,"lba0":13505,"lba1":13505,"bytes":4096,"n":1,"kind":2,"ov":0}
[msc.reads] n=1 bytes=4096 lba=13505..13505 gap=4 ov=0
[rx] {"t":"event","op":"msc.reads","ms":206271,"gap":4,"lba0":13513,"lba1":13521,"bytes":8192,"n":2,"kind":2,"ov":0}
[msc.reads] n=2 bytes=8192 lba=13513..13521 gap=4 ov=0
[rx] {"t":"event","op":"msc.reads","ms":206278,"gap":3,"lba0":13529,"lba1":13529,"bytes":4096,"n":1,"kind":2,"ov":0}
[msc.reads] n=1 bytes=4096 lba=13529..13529 gap=3 ov=0
[rx] {"t":"event","op":"msc.reads","ms":206282,"gap":4,"lba0":13537,"lba1":13537,"bytes":4096,"n":1,"kind":2,"ov":0}
[msc.reads] n=1 bytes=4096 lba=13537..13537 gap=4 ov=0
[rx] {"t":"event","op":"msc.reads","ms":206286,"gap":4,"lba0":13545,"lba1":13545,"bytes":4096,"n":1,"kind":2,"ov":0}
[msc.reads] n=1 bytes=4096 lba=13545..13545 gap=4 ov=0
[rx] {"t":"event","op":"msc.reads","ms":206290,"gap":4,"lba0":13553,"lba1":13553,"bytes":4096,"n":1,"kind":2,"ov":0}
[msc.reads] n=1 bytes=4096 lba=13553..13553 gap=4 ov=0
[rx] {"t":"event","op":"msc.reads","ms":206294,"gap":4,"lba0":13561,"lba1":13561,"bytes":4096,"n":1,"kind":2,"ov":0}
[msc.reads] n=1 bytes=4096 lba=13561..13561 gap=4 ov=0
[rx] {"t":"event","op":"diag","code":"play.reject","detail":"not_from_head uid=fav0 from=5105 +4341760B age=44498ms prefetch"}
[msc] play.reject not_from_head uid=fav0 from=5105 +4341760B age=44498ms prefetch
[rx] {"t":"event","op":"msc.reads","ms":206298,"gap":4,"lba0":13569,"lba1":13577,"bytes":8192,"n":2,"kind":2,"ov":0}
[msc.reads] n=2 bytes=8192 lba=13569..13577 gap=4 ov=0
[rx] {"t":"event","op":"msc.reads","ms":206344,"gap":43,"lba0":13585,"lba1":13585,"bytes":4096,"n":1,"kind":2,"ov":0}
[msc.reads] n=1 bytes=4096 lba=13585..13585 gap=43 ov=0
[rx] {"t":"event","op":"msc.reads","ms":206348,"gap":4,"lba0":13593,"lba1":13593,"bytes":4096,"n":1,"kind":2,"ov":0}
[msc.reads] n=1 bytes=4096 lba=13593..13593 gap=4 ov=0
[rx] {"t":"event","op":"msc.reads","ms":206352,"gap":4,"lba0":13601,"lba1":13601,"bytes":4096,"n":1,"kind":2,"ov":0}
[msc.reads] n=1 bytes=4096 lba=13601..13601 gap=4 ov=0
[rx] {"t":"event","op":"msc.reads","ms":206355,"gap":3,"lba0":13609,"lba1":13609,"bytes":4096,"n":1,"kind":2,"ov":0}
[msc.reads] n=1 bytes=4096 lba=13609..13609 gap=3 ov=0
[rx] {"t":"event","op":"msc.reads","ms":206359,"gap":4,"lba0":13617,"lba1":13617,"bytes":4096,"n":1,"kind":2,"ov":0}
[msc.reads] n=1 bytes=4096 lba=13617..13617 gap=4 ov=0
[rx] {"t":"event","op":"msc.reads","ms":206363,"gap":4,"lba0":13625,"lba1":13625,"bytes":4096,"n":1,"kind":2,"ov":0}
[msc.reads] n=1 bytes=4096 lba=13625..13625 gap=4 ov=0
[rx] {"t":"event","op":"msc.reads","ms":206367,"gap":4,"lba0":13633,"lba1":13633,"bytes":4096,"n":1,"kind":2,"ov":0}
[msc.reads] n=1 bytes=4096 lba=13633..13633 gap=4 ov=0
[rx] {"t":"event","op":"msc.reads","ms":206371,"gap":4,"lba0":13641,"lba1":13649,"bytes":8192,"n":2,"kind":2,"ov":0}
[msc.reads] n=2 bytes=8192 lba=13641..13649 gap=4 ov=0
[rx] {"t":"event","op":"msc.reads","ms":206379,"gap":4,"lba0":13657,"lba1":13657,"bytes":4096,"n":1,"kind":2,"ov":0}
[msc.reads] n=1 bytes=4096 lba=13657..13657 gap=4 ov=0
[rx] {"t":"event","op":"msc.reads","ms":206382,"gap":3,"lba0":13665,"lba1":13689,"bytes":16384,"n":4,"kind":2,"ov":0}
[msc.reads] n=4 bytes=16384 lba=13665..13689 gap=3 ov=0
[rx] {"t":"event","op":"msc.reads","ms":206397,"gap":4,"lba0":13697,"lba1":13697,"bytes":4096,"n":1,"kind":2,"ov":0}
[msc.reads] n=1 bytes=4096 lba=13697..13697 gap=4 ov=0
[rx] {"t":"event","op":"msc.reads","ms":206401,"gap":4,"lba0":13705,"lba1":13769,"bytes":36864,"n":9,"kind":2,"ov":0}
[msc.reads] n=9 bytes=36864 lba=13705..13769 gap=4 ov=0
[rx] {"t":"event","op":"msc.reads","ms":206434,"gap":4,"lba0":13777,"lba1":13777,"bytes":4096,"n":1,"kind":2,"ov":0}
[msc.reads] n=1 bytes=4096 lba=13777..13777 gap=4 ov=0
[rx] {"t":"event","op":"msc.reads","ms":206438,"gap":4,"lba0":13785,"lba1":13785,"bytes":4096,"n":1,"kind":2,"ov":0}
[msc.reads] n=1 bytes=4096 lba=13785..13785 gap=4 ov=0
[rx] {"t":"event","op":"msc.reads","ms":206442,"gap":4,"lba0":13793,"lba1":13793,"bytes":4096,"n":1,"kind":2,"ov":0}
[msc.reads] n=1 bytes=4096 lba=13793..13793 gap=4 ov=0
[rx] {"t":"event","op":"msc.reads","ms":206446,"gap":4,"lba0":13801,"lba1":13841,"bytes":24576,"n":6,"kind":2,"ov":0}
[msc.reads] n=6 bytes=24576 lba=13801..13841 gap=4 ov=0
[rx] {"t":"event","op":"msc.reads","ms":206468,"gap":4,"lba0":13849,"lba1":13849,"bytes":4096,"n":1,"kind":2,"ov":0}
[msc.reads] n=1 bytes=4096 lba=13849..13849 gap=4 ov=0
[rx] {"t":"event","op":"msc.reads","ms":206472,"gap":4,"lba0":13857,"lba1":13889,"bytes":20480,"n":5,"kind":2,"ov":0}
[msc.reads] n=5 bytes=20480 lba=13857..13889 gap=4 ov=0
[rx] {"t":"event","op":"msc.reads","ms":206490,"gap":3,"lba0":13897,"lba1":13897,"bytes":4096,"n":1,"kind":2,"ov":0}
[msc.reads] n=1 bytes=4096 lba=13897..13897 gap=3 ov=0
[rx] {"t":"event","op":"msc.reads","ms":206494,"gap":4,"lba0":13905,"lba1":13905,"bytes":4096,"n":1,"kind":2,"ov":0}
[msc.reads] n=1 bytes=4096 lba=13905..13905 gap=4 ov=0
[rx] {"t":"event","op":"msc.reads","ms":206498,"gap":4,"lba0":13913,"lba1":13913,"bytes":4096,"n":1,"kind":2,"ov":0}
[msc.reads] n=1 bytes=4096 lba=13913..13913 gap=4 ov=0
[rx] {"t":"event","op":"msc.reads","ms":206502,"gap":4,"lba0":13921,"lba1":13921,"bytes":4096,"n":1,"kind":2,"ov":0}
[msc.reads] n=1 bytes=4096 lba=13921..13921 gap=4 ov=0
[rx] {"t":"event","op":"msc.reads","ms":206506,"gap":4,"lba0":13929,"lba1":13929,"bytes":4096,"n":1,"kind":2,"ov":0}
[msc.reads] n=1 bytes=4096 lba=13929..13929 gap=4 ov=0
[rx] {"t":"event","op":"msc.reads","ms":206510,"gap":4,"lba0":13937,"lba1":13961,"bytes":16384,"n":4,"kind":2,"ov":0}
[msc.reads] n=4 bytes=16384 lba=13937..13961 gap=4 ov=0
[rx] {"t":"event","op":"msc.reads","ms":206525,"gap":4,"lba0":13969,"lba1":13969,"bytes":4096,"n":1,"kind":2,"ov":0}
[msc.reads] n=1 bytes=4096 lba=13969..13969 gap=4 ov=0
[rx] {"t":"event","op":"msc.reads","ms":206529,"gap":4,"lba0":13977,"lba1":13977,"bytes":4096,"n":1,"kind":2,"ov":0}
[msc.reads] n=1 bytes=4096 lba=13977..13977 gap=4 ov=0
[rx] {"t":"event","op":"msc.reads","ms":206533,"gap":4,"lba0":13985,"lba1":14041,"bytes":32768,"n":8,"kind":2,"ov":0}
[msc.reads] n=8 bytes=32768 lba=13985..14041 gap=4 ov=0
[rx] {"t":"event","op":"msc.reads","ms":206562,"gap":3,"lba0":14049,"lba1":14049,"bytes":4096,"n":1,"kind":2,"ov":0}
[msc.reads] n=1 bytes=4096 lba=14049..14049 gap=3 ov=0
[rx] {"t":"event","op":"msc.reads","ms":206566,"gap":4,"lba0":14057,"lba1":14057,"bytes":4096,"n":1,"kind":2,"ov":0}
[msc.reads] n=1 bytes=4096 lba=14057..14057 gap=4 ov=0
[rx] {"t":"event","op":"msc.reads","ms":206570,"gap":4,"lba0":14065,"lba1":14065,"bytes":4096,"n":1,"kind":2,"ov":0}
[msc.reads] n=1 bytes=4096 lba=14065..14065 gap=4 ov=0
[rx] {"t":"event","op":"msc.reads","ms":206574,"gap":4,"lba0":14073,"lba1":14081,"bytes":8192,"n":2,"kind":2,"ov":0}
[msc.reads] n=2 bytes=8192 lba=14073..14081 gap=4 ov=0
[rx] {"t":"event","op":"msc.reads","ms":206582,"gap":4,"lba0":14089,"lba1":14089,"bytes":4096,"n":1,"kind":2,"ov":0}
[msc.reads] n=1 bytes=4096 lba=14089..14089 gap=4 ov=0
[rx] {"t":"event","op":"msc.reads","ms":206585,"gap":3,"lba0":14097,"lba1":14097,"bytes":4096,"n":1,"kind":2,"ov":0}
[msc.reads] n=1 bytes=4096 lba=14097..14097 gap=3 ov=0
[rx] {"t":"event","op":"msc.reads","ms":206589,"gap":4,"lba0":14105,"lba1":14105,"bytes":4096,"n":1,"kind":2,"ov":0}
[msc.reads] n=1 bytes=4096 lba=14105..14105 gap=4 ov=0
[rx] {"t":"event","op":"msc.reads","ms":206593,"gap":4,"lba0":14113,"lba1":14113,"bytes":4096,"n":1,"kind":2,"ov":0}
[msc.reads] n=1 bytes=4096 lba=14113..14113 gap=4 ov=0
[rx] {"t":"event","op":"msc.reads","ms":206597,"gap":4,"lba0":14121,"lba1":14121,"bytes":4096,"n":1,"kind":2,"ov":0}
[msc.reads] n=1 bytes=4096 lba=14121..14121 gap=4 ov=0
[rx] {"t":"event","op":"msc.reads","ms":206601,"gap":4,"lba0":14129,"lba1":14129,"bytes":4096,"n":1,"kind":2,"ov":0}
[msc.reads] n=1 bytes=4096 lba=14129..14129 gap=4 ov=0
[rx] {"t":"event","op":"msc.reads","ms":206605,"gap":4,"lba0":14137,"lba1":14137,"bytes":4096,"n":1,"kind":2,"ov":0}
[msc.reads] n=1 bytes=4096 lba=14137..14137 gap=4 ov=0
[rx] {"t":"event","op":"msc.reads","ms":206609,"gap":4,"lba0":14145,"lba1":14201,"bytes":32768,"n":8,"kind":2,"ov":0}
[msc.reads] n=8 bytes=32768 lba=14145..14201 gap=4 ov=0
[rx] {"t":"event","op":"msc.reads","ms":206638,"gap":4,"lba0":14209,"lba1":14209,"bytes":4096,"n":1,"kind":2,"ov":0}
[msc.reads] n=1 bytes=4096 lba=14209..14209 gap=4 ov=0
[rx] {"t":"event","op":"msc.reads","ms":206642,"gap":4,"lba0":14217,"lba1":14217,"bytes":4096,"n":1,"kind":2,"ov":0}
[msc.reads] n=1 bytes=4096 lba=14217..14217 gap=4 ov=0
[rx] {"t":"event","op":"msc.reads","ms":206646,"gap":4,"lba0":14225,"lba1":14233,"bytes":8192,"n":2,"kind":2,"ov":0}
[msc.reads] n=2 bytes=8192 lba=14225..14233 gap=4 ov=0
[rx] {"t":"event","op":"msc.reads","ms":206654,"gap":4,"lba0":14241,"lba1":14241,"bytes":4096,"n":1,"kind":2,"ov":0}
[msc.reads] n=1 bytes=4096 lba=14241..14241 gap=4 ov=0
[rx] {"t":"event","op":"msc.reads","ms":206657,"gap":3,"lba0":14249,"lba1":14249,"bytes":4096,"n":1,"kind":2,"ov":0}
[msc.reads] n=1 bytes=4096 lba=14249..14249 gap=3 ov=0
[rx] {"t":"event","op":"msc.reads","ms":206661,"gap":4,"lba0":14257,"lba1":14257,"bytes":4096,"n":1,"kind":2,"ov":0}
[msc.reads] n=1 bytes=4096 lba=14257..14257 gap=4 ov=0
[rx] {"t":"event","op":"msc.reads","ms":206665,"gap":4,"lba0":14265,"lba1":14265,"bytes":4096,"n":1,"kind":2,"ov":0}
[msc.reads] n=1 bytes=4096 lba=14265..14265 gap=4 ov=0
[rx] {"t":"event","op":"msc.reads","ms":206669,"gap":4,"lba0":14273,"lba1":14273,"bytes":4096,"n":1,"kind":2,"ov":0}
[msc.reads] n=1 bytes=4096 lba=14273..14273 gap=4 ov=0
[rx] {"t":"event","op":"msc.reads","ms":206673,"gap":4,"lba0":14281,"lba1":14281,"bytes":4096,"n":1,"kind":2,"ov":0}
[msc.reads] n=1 bytes=4096 lba=14281..14281 gap=4 ov=0
[rx] {"t":"event","op":"msc.reads","ms":206677,"gap":4,"lba0":14289,"lba1":14297,"bytes":8192,"n":2,"kind":2,"ov":0}
[msc.reads] n=2 bytes=8192 lba=14289..14297 gap=4 ov=0
[rx] {"t":"event","op":"msc.reads","ms":206685,"gap":4,"lba0":14305,"lba1":14305,"bytes":4096,"n":1,"kind":2,"ov":0}
[msc.reads] n=1 bytes=4096 lba=14305..14305 gap=4 ov=0
[rx] {"t":"event","op":"msc.reads","ms":206689,"gap":4,"lba0":14313,"lba1":14313,"bytes":4096,"n":1,"kind":2,"ov":0}
[msc.reads] n=1 bytes=4096 lba=14313..14313 gap=4 ov=0
[rx] {"t":"event","op":"msc.reads","ms":206693,"gap":4,"lba0":14321,"lba1":14321,"bytes":4096,"n":1,"kind":2,"ov":0}
[msc.reads] n=1 bytes=4096 lba=14321..14321 gap=4 ov=0
[rx] {"t":"event","op":"msc.reads","ms":206697,"gap":4,"lba0":14329,"lba1":14329,"bytes":4096,"n":1,"kind":2,"ov":0}
[msc.reads] n=1 bytes=4096 lba=14329..14329 gap=4 ov=0
[rx] {"t":"event","op":"msc.reads","ms":206701,"gap":4,"lba0":14337,"lba1":14337,"bytes":4096,"n":1,"kind":2,"ov":0}
[msc.reads] n=1 bytes=4096 lba=14337..14337 gap=4 ov=0
[rx] {"t":"event","op":"msc.reads","ms":206705,"gap":4,"lba0":14345,"lba1":14409,"bytes":36864,"n":9,"kind":2,"ov":0}
[msc.reads] n=9 bytes=36864 lba=14345..14409 gap=4 ov=0
[rx] {"t":"event","op":"msc.reads","ms":206738,"gap":4,"lba0":14417,"lba1":14417,"bytes":4096,"n":1,"kind":2,"ov":0}
[msc.reads] n=1 bytes=4096 lba=14417..14417 gap=4 ov=0
[rx] {"t":"event","op":"msc.reads","ms":206741,"gap":3,"lba0":14425,"lba1":14449,"bytes":16384,"n":4,"kind":2,"ov":0}
[msc.reads] n=4 bytes=16384 lba=14425..14449 gap=3 ov=0
[rx] {"t":"event","op":"msc.reads","ms":206756,"gap":3,"lba0":14457,"lba1":14457,"bytes":4096,"n":1,"kind":2,"ov":0}
[msc.reads] n=1 bytes=4096 lba=14457..14457 gap=3 ov=0
[rx] {"t":"event","op":"msc.reads","ms":206760,"gap":4,"lba0":14465,"lba1":14465,"bytes":4096,"n":1,"kind":2,"ov":0}
[msc.reads] n=1 bytes=4096 lba=14465..14465 gap=4 ov=0
[rx] {"t":"event","op":"msc.reads","ms":206764,"gap":4,"lba0":14473,"lba1":14473,"bytes":4096,"n":1,"kind":2,"ov":0}
[msc.reads] n=1 bytes=4096 lba=14473..14473 gap=4 ov=0
[rx] {"t":"event","op":"msc.reads","ms":206768,"gap":4,"lba0":14481,"lba1":14481,"bytes":4096,"n":1,"kind":2,"ov":0}
[msc.reads] n=1 bytes=4096 lba=14481..14481 gap=4 ov=0
[rx] {"t":"event","op":"msc.reads","ms":206772,"gap":4,"lba0":14489,"lba1":14489,"bytes":4096,"n":1,"kind":2,"ov":0}
[msc.reads] n=1 bytes=4096 lba=14489..14489 gap=4 ov=0
[rx] {"t":"event","op":"msc.reads","ms":206775,"gap":3,"lba0":14497,"lba1":14497,"bytes":4096,"n":1,"kind":2,"ov":0}
[msc.reads] n=1 bytes=4096 lba=14497..14497 gap=3 ov=0
[rx] {"t":"event","op":"msc.reads","ms":206779,"gap":4,"lba0":14505,"lba1":14505,"bytes":4096,"n":1,"kind":2,"ov":0}
[msc.reads] n=1 bytes=4096 lba=14505..14505 gap=4 ov=0
[rx] {"t":"event","op":"msc.reads","ms":206784,"gap":5,"lba0":14513,"lba1":14513,"bytes":4096,"n":1,"kind":2,"ov":0}
[msc.reads] n=1 bytes=4096 lba=14513..14513 gap=5 ov=0
[rx] {"t":"event","op":"msc.reads","ms":206788,"gap":4,"lba0":14521,"lba1":14521,"bytes":4096,"n":1,"kind":2,"ov":0}
[msc.reads] n=1 bytes=4096 lba=14521..14521 gap=4 ov=0
[rx] {"t":"event","op":"msc.reads","ms":206792,"gap":4,"lba0":14529,"lba1":14537,"bytes":8192,"n":2,"kind":2,"ov":0}
[msc.reads] n=2 bytes=8192 lba=14529..14537 gap=4 ov=0
[rx] {"t":"event","op":"msc.reads","ms":206799,"gap":3,"lba0":14545,"lba1":14545,"bytes":4096,"n":1,"kind":2,"ov":0}
[msc.reads] n=1 bytes=4096 lba=14545..14545 gap=3 ov=0
[rx] {"t":"event","op":"msc.reads","ms":206803,"gap":4,"lba0":14553,"lba1":14553,"bytes":4096,"n":1,"kind":2,"ov":0}
[msc.reads] n=1 bytes=4096 lba=14553..14553 gap=4 ov=0
[rx] {"t":"event","op":"msc.reads","ms":206807,"gap":4,"lba0":14561,"lba1":14561,"bytes":4096,"n":1,"kind":2,"ov":0}
[msc.reads] n=1 bytes=4096 lba=14561..14561 gap=4 ov=0
[rx] {"t":"event","op":"msc.reads","ms":206811,"gap":4,"lba0":14569,"lba1":14569,"bytes":4096,"n":1,"kind":2,"ov":0}
[msc.reads] n=1 bytes=4096 lba=14569..14569 gap=4 ov=0
[rx] {"t":"event","op":"msc.reads","ms":206815,"gap":4,"lba0":14577,"lba1":14577,"bytes":4096,"n":1,"kind":2,"ov":0}
[msc.reads] n=1 bytes=4096 lba=14577..14577 gap=4 ov=0
[rx] {"t":"event","op":"msc.reads","ms":206819,"gap":4,"lba0":14585,"lba1":14585,"bytes":4096,"n":1,"kind":2,"ov":0}
[msc.reads] n=1 bytes=4096 lba=14585..14585 gap=4 ov=0
[rx] {"t":"event","op":"msc.reads","ms":206823,"gap":4,"lba0":14593,"lba1":14601,"bytes":8192,"n":2,"kind":2,"ov":0}
[msc.reads] n=2 bytes=8192 lba=14593..14601 gap=4 ov=0
[rx] {"t":"event","op":"msc.reads","ms":206830,"gap":3,"lba0":14609,"lba1":14609,"bytes":4096,"n":1,"kind":2,"ov":0}
[msc.reads] n=1 bytes=4096 lba=14609..14609 gap=3 ov=0
[rx] {"t":"event","op":"msc.reads","ms":206834,"gap":4,"lba0":14617,"lba1":14617,"bytes":4096,"n":1,"kind":2,"ov":0}
[msc.reads] n=1 bytes=4096 lba=14617..14617 gap=4 ov=0
[rx] {"t":"event","op":"msc.reads","ms":206838,"gap":4,"lba0":14625,"lba1":14625,"bytes":4096,"n":1,"kind":2,"ov":0}
[msc.reads] n=1 bytes=4096 lba=14625..14625 gap=4 ov=0
[rx] {"t":"event","op":"msc.reads","ms":206842,"gap":4,"lba0":14633,"lba1":14633,"bytes":4096,"n":1,"kind":2,"ov":0}
[msc.reads] n=1 bytes=4096 lba=14633..14633 gap=4 ov=0
[rx] {"t":"event","op":"msc.reads","ms":206846,"gap":4,"lba0":14641,"lba1":14641,"bytes":4096,"n":1,"kind":2,"ov":0}
[msc.reads] n=1 bytes=4096 lba=14641..14641 gap=4 ov=0
[rx] {"t":"event","op":"msc.reads","ms":206850,"gap":4,"lba0":14649,"lba1":14649,"bytes":4096,"n":1,"kind":2,"ov":0}
[msc.reads] n=1 bytes=4096 lba=14649..14649 gap=4 ov=0
[rx] {"t":"event","op":"msc.reads","ms":206854,"gap":4,"lba0":14657,"lba1":14657,"bytes":4096,"n":1,"kind":2,"ov":0}
[msc.reads] n=1 bytes=4096 lba=14657..14657 gap=4 ov=0
[rx] {"t":"event","op":"msc.reads","ms":206858,"gap":4,"lba0":14665,"lba1":14665,"bytes":4096,"n":1,"kind":2,"ov":0}
[msc.reads] n=1 bytes=4096 lba=14665..14665 gap=4 ov=0
[rx] {"t":"event","op":"msc.reads","ms":206862,"gap":4,"lba0":14673,"lba1":14673,"bytes":4096,"n":1,"kind":2,"ov":0}
[msc.reads] n=1 bytes=4096 lba=14673..14673 gap=4 ov=0
[rx] {"t":"event","op":"msc.reads","ms":206866,"gap":4,"lba0":14681,"lba1":14681,"bytes":4096,"n":1,"kind":2,"ov":0}
[msc.reads] n=1 bytes=4096 lba=14681..14681 gap=4 ov=0
[rx] {"t":"event","op":"msc.reads","ms":206870,"gap":4,"lba0":14689,"lba1":14697,"bytes":8192,"n":2,"kind":2,"ov":0}
[msc.reads] n=2 bytes=8192 lba=14689..14697 gap=4 ov=0
[rx] {"t":"event","op":"msc.reads","ms":206877,"gap":3,"lba0":14705,"lba1":14705,"bytes":4096,"n":1,"kind":2,"ov":0}
[msc.reads] n=1 bytes=4096 lba=14705..14705 gap=3 ov=0
[rx] {"t":"event","op":"msc.reads","ms":206881,"gap":4,"lba0":14713,"lba1":14713,"bytes":4096,"n":1,"kind":2,"ov":0}
[msc.reads] n=1 bytes=4096 lba=14713..14713 gap=4 ov=0
[rx] {"t":"event","op":"msc.reads","ms":206885,"gap":4,"lba0":14721,"lba1":14721,"bytes":4096,"n":1,"kind":2,"ov":0}
[msc.reads] n=1 bytes=4096 lba=14721..14721 gap=4 ov=0
[rx] {"t":"event","op":"msc.reads","ms":206889,"gap":4,"lba0":14729,"lba1":14729,"bytes":4096,"n":1,"kind":2,"ov":0}
[msc.reads] n=1 bytes=4096 lba=14729..14729 gap=4 ov=0
[rx] {"t":"event","op":"msc.reads","ms":206893,"gap":4,"lba0":14737,"lba1":14737,"bytes":4096,"n":1,"kind":2,"ov":0}
[msc.reads] n=1 bytes=4096 lba=14737..14737 gap=4 ov=0
[rx] {"t":"event","op":"msc.reads","ms":206897,"gap":4,"lba0":14745,"lba1":14745,"bytes":4096,"n":1,"kind":2,"ov":0}
[msc.reads] n=1 bytes=4096 lba=14745..14745 gap=4 ov=0
[rx] {"t":"event","op":"msc.reads","ms":206901,"gap":4,"lba0":14753,"lba1":14753,"bytes":4096,"n":1,"kind":2,"ov":0}
[msc.reads] n=1 bytes=4096 lba=14753..14753 gap=4 ov=0
[rx] {"t":"event","op":"msc.reads","ms":206905,"gap":4,"lba0":14761,"lba1":14761,"bytes":4096,"n":1,"kind":2,"ov":0}
[msc.reads] n=1 bytes=4096 lba=14761..14761 gap=4 ov=0
[rx] {"t":"event","op":"msc.reads","ms":206909,"gap":4,"lba0":14769,"lba1":14769,"bytes":4096,"n":1,"kind":2,"ov":0}
[msc.reads] n=1 bytes=4096 lba=14769..14769 gap=4 ov=0
[rx] {"t":"event","op":"msc.reads","ms":206913,"gap":4,"lba0":14777,"lba1":14777,"bytes":4096,"n":1,"kind":2,"ov":0}
[msc.reads] n=1 bytes=4096 lba=14777..14777 gap=4 ov=0
[rx] {"t":"event","op":"msc.reads","ms":206917,"gap":4,"lba0":14785,"lba1":14793,"bytes":8192,"n":2,"kind":2,"ov":0}
[msc.reads] n=2 bytes=8192 lba=14785..14793 gap=4 ov=0
[rx] {"t":"event","op":"msc.reads","ms":206925,"gap":4,"lba0":14801,"lba1":14801,"bytes":4096,"n":1,"kind":2,"ov":0}
[msc.reads] n=1 bytes=4096 lba=14801..14801 gap=4 ov=0
[rx] {"t":"event","op":"msc.reads","ms":206928,"gap":3,"lba0":14809,"lba1":14809,"bytes":4096,"n":1,"kind":2,"ov":0}
[msc.reads] n=1 bytes=4096 lba=14809..14809 gap=3 ov=0
[rx] {"t":"event","op":"msc.reads","ms":206932,"gap":4,"lba0":14817,"lba1":14817,"bytes":4096,"n":1,"kind":2,"ov":0}
[msc.reads] n=1 bytes=4096 lba=14817..14817 gap=4 ov=0
[rx] {"t":"event","op":"msc.reads","ms":206936,"gap":4,"lba0":14825,"lba1":14825,"bytes":4096,"n":1,"kind":2,"ov":0}
[msc.reads] n=1 bytes=4096 lba=14825..14825 gap=4 ov=0
[rx] {"t":"event","op":"msc.reads","ms":206940,"gap":4,"lba0":14833,"lba1":14833,"bytes":4096,"n":1,"kind":2,"ov":0}
[msc.reads] n=1 bytes=4096 lba=14833..14833 gap=4 ov=0
[rx] {"t":"event","op":"msc.reads","ms":206944,"gap":4,"lba0":14841,"lba1":14841,"bytes":4096,"n":1,"kind":2,"ov":0}
[msc.reads] n=1 bytes=4096 lba=14841..14841 gap=4 ov=0
[rx] {"t":"event","op":"msc.reads","ms":206948,"gap":4,"lba0":14849,"lba1":14857,"bytes":8192,"n":2,"kind":2,"ov":0}
[msc.reads] n=2 bytes=8192 lba=14849..14857 gap=4 ov=0
[rx] {"t":"event","op":"msc.reads","ms":206956,"gap":4,"lba0":14865,"lba1":14865,"bytes":4096,"n":1,"kind":2,"ov":0}
[msc.reads] n=1 bytes=4096 lba=14865..14865 gap=4 ov=0
[rx] {"t":"event","op":"msc.reads","ms":206959,"gap":3,"lba0":14873,"lba1":14873,"bytes":4096,"n":1,"kind":2,"ov":0}
[msc.reads] n=1 bytes=4096 lba=14873..14873 gap=3 ov=0
[rx] {"t":"event","op":"msc.reads","ms":206963,"gap":4,"lba0":14881,"lba1":14881,"bytes":4096,"n":1,"kind":2,"ov":0}
[msc.reads] n=1 bytes=4096 lba=14881..14881 gap=4 ov=0
[rx] {"t":"event","op":"msc.reads","ms":206967,"gap":4,"lba0":14889,"lba1":14889,"bytes":4096,"n":1,"kind":2,"ov":0}
[msc.reads] n=1 bytes=4096 lba=14889..14889 gap=4 ov=0
[rx] {"t":"event","op":"msc.reads","ms":206971,"gap":4,"lba0":14897,"lba1":14897,"bytes":4096,"n":1,"kind":2,"ov":0}
[msc.reads] n=1 bytes=4096 lba=14897..14897 gap=4 ov=0
[rx] {"t":"event","op":"msc.reads","ms":206975,"gap":4,"lba0":14905,"lba1":14905,"bytes":4096,"n":1,"kind":2,"ov":0}
[msc.reads] n=1 bytes=4096 lba=14905..14905 gap=4 ov=0
[rx] {"t":"event","op":"msc.reads","ms":206979,"gap":4,"lba0":14913,"lba1":14913,"bytes":4096,"n":1,"kind":2,"ov":0}
[msc.reads] n=1 bytes=4096 lba=14913..14913 gap=4 ov=0
[rx] {"t":"event","op":"msc.reads","ms":206983,"gap":4,"lba0":14921,"lba1":14921,"bytes":4096,"n":1,"kind":2,"ov":0}
[msc.reads] n=1 bytes=4096 lba=14921..14921 gap=4 ov=0
[rx] {"t":"event","op":"msc.reads","ms":206987,"gap":4,"lba0":14929,"lba1":14929,"bytes":4096,"n":1,"kind":2,"ov":0}
[msc.reads] n=1 bytes=4096 lba=14929..14929 gap=4 ov=0
[rx] {"t":"event","op":"msc.reads","ms":206991,"gap":4,"lba0":14937,"lba1":14937,"bytes":4096,"n":1,"kind":2,"ov":0}
[msc.reads] n=1 bytes=4096 lba=14937..14937 gap=4 ov=0
[rx] {"t":"event","op":"msc.reads","ms":206995,"gap":4,"lba0":14945,"lba1":15017,"bytes":40960,"n":10,"kind":2,"ov":0}
[msc.reads] n=10 bytes=40960 lba=14945..15017 gap=4 ov=0
[rx] {"t":"event","op":"msc.reads","ms":207032,"gap":4,"lba0":15025,"lba1":15025,"bytes":4096,"n":1,"kind":2,"ov":0}
[msc.reads] n=1 bytes=4096 lba=15025..15025 gap=4 ov=0
[rx] {"t":"event","op":"msc.reads","ms":207036,"gap":4,"lba0":15033,"lba1":15033,"bytes":4096,"n":1,"kind":2,"ov":0}
[msc.reads] n=1 bytes=4096 lba=15033..15033 gap=4 ov=0
[rx] {"t":"event","op":"msc.reads","ms":207040,"gap":4,"lba0":15041,"lba1":15041,"bytes":4096,"n":1,"kind":2,"ov":0}
[msc.reads] n=1 bytes=4096 lba=15041..15041 gap=4 ov=0
[rx] {"t":"event","op":"msc.reads","ms":207044,"gap":4,"lba0":15049,"lba1":15049,"bytes":4096,"n":1,"kind":2,"ov":0}
[msc.reads] n=1 bytes=4096 lba=15049..15049 gap=4 ov=0
[rx] {"t":"event","op":"msc.reads","ms":207048,"gap":4,"lba0":15057,"lba1":15065,"bytes":8192,"n":2,"kind":2,"ov":0}
[msc.reads] n=2 bytes=8192 lba=15057..15065 gap=4 ov=0
[rx] {"t":"event","op":"msc.reads","ms":207056,"gap":4,"lba0":15073,"lba1":15073,"bytes":4096,"n":1,"kind":2,"ov":0}
[msc.reads] n=1 bytes=4096 lba=15073..15073 gap=4 ov=0
[rx] {"t":"event","op":"msc.reads","ms":207060,"gap":4,"lba0":15081,"lba1":15081,"bytes":4096,"n":1,"kind":2,"ov":0}
[msc.reads] n=1 bytes=4096 lba=15081..15081 gap=4 ov=0
[rx] {"t":"event","op":"msc.reads","ms":207064,"gap":4,"lba0":15089,"lba1":15089,"bytes":4096,"n":1,"kind":2,"ov":0}
[msc.reads] n=1 bytes=4096 lba=15089..15089 gap=4 ov=0
[rx] {"t":"event","op":"msc.reads","ms":207068,"gap":4,"lba0":15097,"lba1":15097,"bytes":4096,"n":1,"kind":2,"ov":0}
[msc.reads] n=1 bytes=4096 lba=15097..15097 gap=4 ov=0
[rx] {"t":"event","op":"msc.reads","ms":207072,"gap":4,"lba0":15105,"lba1":15113,"bytes":8192,"n":2,"kind":2,"ov":0}
[msc.reads] n=2 bytes=8192 lba=15105..15113 gap=4 ov=0
[rx] {"t":"event","op":"msc.reads","ms":207079,"gap":3,"lba0":15121,"lba1":15121,"bytes":4096,"n":1,"kind":2,"ov":0}
[msc.reads] n=1 bytes=4096 lba=15121..15121 gap=3 ov=0
[rx] {"t":"event","op":"msc.reads","ms":207083,"gap":4,"lba0":15129,"lba1":15129,"bytes":4096,"n":1,"kind":2,"ov":0}
[msc.reads] n=1 bytes=4096 lba=15129..15129 gap=4 ov=0
[rx] {"t":"event","op":"msc.reads","ms":207087,"gap":4,"lba0":15137,"lba1":15137,"bytes":4096,"n":1,"kind":2,"ov":0}
[msc.reads] n=1 bytes=4096 lba=15137..15137 gap=4 ov=0
[rx] {"t":"event","op":"msc.reads","ms":207091,"gap":4,"lba0":15145,"lba1":15145,"bytes":4096,"n":1,"kind":2,"ov":0}
[msc.reads] n=1 bytes=4096 lba=15145..15145 gap=4 ov=0
[rx] {"t":"event","op":"msc.reads","ms":207095,"gap":4,"lba0":15153,"lba1":15153,"bytes":4096,"n":1,"kind":2,"ov":0}
[msc.reads] n=1 bytes=4096 lba=15153..15153 gap=4 ov=0
[rx] {"t":"event","op":"diag","code":"play.reject","detail":"not_from_head uid=fav0 from=5105 +5156864B age=45299ms prefetch"}
[msc] play.reject not_from_head uid=fav0 from=5105 +5156864B age=45299ms prefetch
[rx] {"t":"event","op":"msc.reads","ms":207098,"gap":3,"lba0":15161,"lba1":15169,"bytes":8192,"n":2,"kind":2,"ov":0}
[msc.reads] n=2 bytes=8192 lba=15161..15169 gap=3 ov=0
[rx] {"t":"event","op":"msc.reads","ms":207119,"gap":17,"lba0":15177,"lba1":15177,"bytes":4096,"n":1,"kind":2,"ov":0}
[msc.reads] n=1 bytes=4096 lba=15177..15177 gap=17 ov=0
[rx] {"t":"event","op":"msc.reads","ms":207123,"gap":4,"lba0":15185,"lba1":15185,"bytes":4096,"n":1,"kind":2,"ov":0}
[msc.reads] n=1 bytes=4096 lba=15185..15185 gap=4 ov=0
[rx] {"t":"event","op":"msc.reads","ms":207127,"gap":4,"lba0":15193,"lba1":15193,"bytes":4096,"n":1,"kind":2,"ov":0}
[msc.reads] n=1 bytes=4096 lba=15193..15193 gap=4 ov=0
[rx] {"t":"event","op":"msc.reads","ms":207131,"gap":4,"lba0":15201,"lba1":15249,"bytes":28672,"n":7,"kind":2,"ov":0}
[msc.reads] n=7 bytes=28672 lba=15201..15249 gap=4 ov=0
[rx] {"t":"event","op":"msc.reads","ms":207157,"gap":4,"lba0":15257,"lba1":15265,"bytes":8192,"n":2,"kind":2,"ov":0}
[msc.reads] n=2 bytes=8192 lba=15257..15265 gap=4 ov=0
[rx] {"t":"event","op":"msc.reads","ms":207165,"gap":4,"lba0":15273,"lba1":15313,"bytes":24576,"n":6,"kind":2,"ov":0}
[msc.reads] n=6 bytes=24576 lba=15273..15313 gap=4 ov=0
[rx] {"t":"event","op":"msc.reads","ms":207187,"gap":4,"lba0":15321,"lba1":15321,"bytes":4096,"n":1,"kind":2,"ov":0}
[msc.reads] n=1 bytes=4096 lba=15321..15321 gap=4 ov=0
[rx] {"t":"event","op":"msc.reads","ms":207191,"gap":4,"lba0":15329,"lba1":15329,"bytes":4096,"n":1,"kind":2,"ov":0}
[msc.reads] n=1 bytes=4096 lba=15329..15329 gap=4 ov=0
[rx] {"t":"event","op":"msc.reads","ms":207195,"gap":4,"lba0":15337,"lba1":15337,"bytes":4096,"n":1,"kind":2,"ov":0}
[msc.reads] n=1 bytes=4096 lba=15337..15337 gap=4 ov=0
[rx] {"t":"event","op":"msc.reads","ms":207199,"gap":4,"lba0":15345,"lba1":15345,"bytes":4096,"n":1,"kind":2,"ov":0}
[msc.reads] n=1 bytes=4096 lba=15345..15345 gap=4 ov=0
[rx] {"t":"event","op":"msc.reads","ms":207203,"gap":4,"lba0":15353,"lba1":15353,"bytes":4096,"n":1,"kind":2,"ov":0}
[msc.reads] n=1 bytes=4096 lba=15353..15353 gap=4 ov=0
[rx] {"t":"event","op":"msc.reads","ms":207207,"gap":4,"lba0":15361,"lba1":15361,"bytes":4096,"n":1,"kind":2,"ov":0}
[msc.reads] n=1 bytes=4096 lba=15361..15361 gap=4 ov=0
[rx] {"t":"event","op":"msc.reads","ms":207211,"gap":4,"lba0":15369,"lba1":15377,"bytes":8192,"n":2,"kind":2,"ov":0}
[msc.reads] n=2 bytes=8192 lba=15369..15377 gap=4 ov=0
[rx] {"t":"event","op":"msc.reads","ms":207218,"gap":3,"lba0":15385,"lba1":15385,"bytes":4096,"n":1,"kind":2,"ov":0}
[msc.reads] n=1 bytes=4096 lba=15385..15385 gap=3 ov=0
[rx] {"t":"event","op":"msc.reads","ms":207222,"gap":4,"lba0":15393,"lba1":15393,"bytes":4096,"n":1,"kind":2,"ov":0}
[msc.reads] n=1 bytes=4096 lba=15393..15393 gap=4 ov=0
[rx] {"t":"event","op":"msc.reads","ms":207226,"gap":4,"lba0":15401,"lba1":15401,"bytes":4096,"n":1,"kind":2,"ov":0}
[msc.reads] n=1 bytes=4096 lba=15401..15401 gap=4 ov=0
[rx] {"t":"event","op":"msc.reads","ms":207230,"gap":4,"lba0":15409,"lba1":15409,"bytes":4096,"n":1,"kind":2,"ov":0}
[msc.reads] n=1 bytes=4096 lba=15409..15409 gap=4 ov=0
[rx] {"t":"event","op":"msc.reads","ms":207234,"gap":4,"lba0":15417,"lba1":15417,"bytes":4096,"n":1,"kind":2,"ov":0}
[msc.reads] n=1 bytes=4096 lba=15417..15417 gap=4 ov=0
[rx] {"t":"event","op":"msc.reads","ms":207238,"gap":4,"lba0":15425,"lba1":15425,"bytes":4096,"n":1,"kind":2,"ov":0}
[msc.reads] n=1 bytes=4096 lba=15425..15425 gap=4 ov=0
[rx] {"t":"event","op":"msc.reads","ms":207242,"gap":4,"lba0":15433,"lba1":15441,"bytes":8192,"n":2,"kind":2,"ov":0}
[msc.reads] n=2 bytes=8192 lba=15433..15441 gap=4 ov=0
[rx] {"t":"event","op":"msc.reads","ms":207250,"gap":4,"lba0":15449,"lba1":15449,"bytes":4096,"n":1,"kind":2,"ov":0}
[msc.reads] n=1 bytes=4096 lba=15449..15449 gap=4 ov=0
[rx] {"t":"event","op":"msc.reads","ms":207253,"gap":3,"lba0":15457,"lba1":15457,"bytes":4096,"n":1,"kind":2,"ov":0}
[msc.reads] n=1 bytes=4096 lba=15457..15457 gap=3 ov=0
[rx] {"t":"event","op":"msc.reads","ms":207257,"gap":4,"lba0":15465,"lba1":15465,"bytes":4096,"n":1,"kind":2,"ov":0}
[msc.reads] n=1 bytes=4096 lba=15465..15465 gap=4 ov=0
[rx] {"t":"event","op":"msc.reads","ms":207261,"gap":4,"lba0":15473,"lba1":15473,"bytes":4096,"n":1,"kind":2,"ov":0}
[msc.reads] n=1 bytes=4096 lba=15473..15473 gap=4 ov=0
[rx] {"t":"event","op":"msc.reads","ms":207265,"gap":4,"lba0":15481,"lba1":15481,"bytes":4096,"n":1,"kind":2,"ov":0}
[msc.reads] n=1 bytes=4096 lba=15481..15481 gap=4 ov=0
[rx] {"t":"event","op":"msc.reads","ms":207269,"gap":4,"lba0":15489,"lba1":15489,"bytes":4096,"n":1,"kind":2,"ov":0}
[msc.reads] n=1 bytes=4096 lba=15489..15489 gap=4 ov=0
[rx] {"t":"event","op":"msc.reads","ms":207273,"gap":4,"lba0":15497,"lba1":15497,"bytes":4096,"n":1,"kind":2,"ov":0}
[msc.reads] n=1 bytes=4096 lba=15497..15497 gap=4 ov=0
[rx] {"t":"event","op":"msc.reads","ms":207276,"gap":3,"lba0":15505,"lba1":15505,"bytes":4096,"n":1,"kind":2,"ov":0}
[msc.reads] n=1 bytes=4096 lba=15505..15505 gap=3 ov=0
[rx] {"t":"event","op":"msc.reads","ms":207280,"gap":4,"lba0":15513,"lba1":15513,"bytes":4096,"n":1,"kind":2,"ov":0}
[msc.reads] n=1 bytes=4096 lba=15513..15513 gap=4 ov=0
[rx] {"t":"event","op":"msc.reads","ms":207284,"gap":4,"lba0":15521,"lba1":15521,"bytes":4096,"n":1,"kind":2,"ov":0}
[msc.reads] n=1 bytes=4096 lba=15521..15521 gap=4 ov=0
[rx] {"t":"event","op":"msc.reads","ms":207288,"gap":4,"lba0":15529,"lba1":15537,"bytes":8192,"n":2,"kind":2,"ov":0}
[msc.reads] n=2 bytes=8192 lba=15529..15537 gap=4 ov=0
[rx] {"t":"event","op":"msc.reads","ms":207296,"gap":4,"lba0":15545,"lba1":15545,"bytes":4096,"n":1,"kind":2,"ov":0}
[msc.reads] n=1 bytes=4096 lba=15545..15545 gap=4 ov=0
[rx] {"t":"event","op":"msc.reads","ms":207300,"gap":4,"lba0":15553,"lba1":15553,"bytes":4096,"n":1,"kind":2,"ov":0}
[msc.reads] n=1 bytes=4096 lba=15553..15553 gap=4 ov=0
[rx] {"t":"event","op":"msc.reads","ms":207303,"gap":3,"lba0":15561,"lba1":15561,"bytes":4096,"n":1,"kind":2,"ov":0}
[msc.reads] n=1 bytes=4096 lba=15561..15561 gap=3 ov=0
[rx] {"t":"event","op":"msc.reads","ms":207307,"gap":4,"lba0":15569,"lba1":15569,"bytes":4096,"n":1,"kind":2,"ov":0}
[msc.reads] n=1 bytes=4096 lba=15569..15569 gap=4 ov=0
[rx] {"t":"event","op":"msc.reads","ms":207311,"gap":4,"lba0":15577,"lba1":15577,"bytes":4096,"n":1,"kind":2,"ov":0}
[msc.reads] n=1 bytes=4096 lba=15577..15577 gap=4 ov=0
[rx] {"t":"event","op":"msc.reads","ms":207315,"gap":4,"lba0":15585,"lba1":15585,"bytes":4096,"n":1,"kind":2,"ov":0}
[msc.reads] n=1 bytes=4096 lba=15585..15585 gap=4 ov=0
[rx] {"t":"event","op":"msc.reads","ms":207319,"gap":4,"lba0":15593,"lba1":15601,"bytes":8192,"n":2,"kind":2,"ov":0}
[msc.reads] n=2 bytes=8192 lba=15593..15601 gap=4 ov=0
[rx] {"t":"event","op":"msc.reads","ms":207326,"gap":3,"lba0":15609,"lba1":15609,"bytes":4096,"n":1,"kind":2,"ov":0}
[msc.reads] n=1 bytes=4096 lba=15609..15609 gap=3 ov=0
[rx] {"t":"event","op":"msc.reads","ms":207330,"gap":4,"lba0":15617,"lba1":15617,"bytes":4096,"n":1,"kind":2,"ov":0}
[msc.reads] n=1 bytes=4096 lba=15617..15617 gap=4 ov=0
[rx] {"t":"event","op":"msc.reads","ms":207334,"gap":4,"lba0":15625,"lba1":15625,"bytes":4096,"n":1,"kind":2,"ov":0}
[msc.reads] n=1 bytes=4096 lba=15625..15625 gap=4 ov=0
[rx] {"t":"event","op":"msc.reads","ms":207338,"gap":4,"lba0":15633,"lba1":15633,"bytes":4096,"n":1,"kind":2,"ov":0}
[msc.reads] n=1 bytes=4096 lba=15633..15633 gap=4 ov=0
[rx] {"t":"event","op":"msc.reads","ms":207342,"gap":4,"lba0":15641,"lba1":15641,"bytes":4096,"n":1,"kind":2,"ov":0}
[msc.reads] n=1 bytes=4096 lba=15641..15641 gap=4 ov=0
[rx] {"t":"event","op":"msc.reads","ms":207346,"gap":4,"lba0":15649,"lba1":15657,"bytes":8192,"n":2,"kind":2,"ov":0}
[msc.reads] n=2 bytes=8192 lba=15649..15657 gap=4 ov=0
[rx] {"t":"event","op":"msc.reads","ms":207353,"gap":3,"lba0":15665,"lba1":15665,"bytes":4096,"n":1,"kind":2,"ov":0}
[msc.reads] n=1 bytes=4096 lba=15665..15665 gap=3 ov=0
[rx] {"t":"event","op":"msc.reads","ms":207357,"gap":4,"lba0":15673,"lba1":15673,"bytes":4096,"n":1,"kind":2,"ov":0}
[msc.reads] n=1 bytes=4096 lba=15673..15673 gap=4 ov=0
[rx] {"t":"event","op":"msc.reads","ms":207361,"gap":4,"lba0":15681,"lba1":15681,"bytes":4096,"n":1,"kind":2,"ov":0}
[msc.reads] n=1 bytes=4096 lba=15681..15681 gap=4 ov=0
[rx] {"t":"event","op":"msc.reads","ms":207365,"gap":4,"lba0":15689,"lba1":15689,"bytes":4096,"n":1,"kind":2,"ov":0}
[msc.reads] n=1 bytes=4096 lba=15689..15689 gap=4 ov=0
[rx] {"t":"event","op":"msc.reads","ms":207369,"gap":4,"lba0":15697,"lba1":15697,"bytes":4096,"n":1,"kind":2,"ov":0}
[msc.reads] n=1 bytes=4096 lba=15697..15697 gap=4 ov=0
[rx] {"t":"event","op":"msc.reads","ms":207373,"gap":4,"lba0":15705,"lba1":15705,"bytes":4096,"n":1,"kind":2,"ov":0}
[msc.reads] n=1 bytes=4096 lba=15705..15705 gap=4 ov=0
[rx] {"t":"event","op":"msc.reads","ms":207377,"gap":4,"lba0":15713,"lba1":15713,"bytes":4096,"n":1,"kind":2,"ov":0}
[msc.reads] n=1 bytes=4096 lba=15713..15713 gap=4 ov=0
[rx] {"t":"event","op":"msc.reads","ms":207381,"gap":4,"lba0":15721,"lba1":15721,"bytes":4096,"n":1,"kind":2,"ov":0}
[msc.reads] n=1 bytes=4096 lba=15721..15721 gap=4 ov=0
[rx] {"t":"event","op":"msc.reads","ms":207385,"gap":4,"lba0":15729,"lba1":15729,"bytes":4096,"n":1,"kind":2,"ov":0}
[msc.reads] n=1 bytes=4096 lba=15729..15729 gap=4 ov=0
[rx] {"t":"event","op":"msc.reads","ms":207389,"gap":4,"lba0":15737,"lba1":15745,"bytes":8192,"n":2,"kind":2,"ov":0}
[msc.reads] n=2 bytes=8192 lba=15737..15745 gap=4 ov=0
[rx] {"t":"event","op":"msc.reads","ms":207397,"gap":4,"lba0":15753,"lba1":15753,"bytes":4096,"n":1,"kind":2,"ov":0}
[msc.reads] n=1 bytes=4096 lba=15753..15753 gap=4 ov=0
[rx] {"t":"event","op":"msc.reads","ms":207400,"gap":3,"lba0":15761,"lba1":15761,"bytes":4096,"n":1,"kind":2,"ov":0}
[msc.reads] n=1 bytes=4096 lba=15761..15761 gap=3 ov=0
[rx] {"t":"event","op":"msc.reads","ms":207404,"gap":4,"lba0":15769,"lba1":15769,"bytes":4096,"n":1,"kind":2,"ov":0}
[msc.reads] n=1 bytes=4096 lba=15769..15769 gap=4 ov=0
[rx] {"t":"event","op":"msc.reads","ms":207408,"gap":4,"lba0":15777,"lba1":15777,"bytes":4096,"n":1,"kind":2,"ov":0}
[msc.reads] n=1 bytes=4096 lba=15777..15777 gap=4 ov=0
[rx] {"t":"event","op":"msc.reads","ms":207412,"gap":4,"lba0":15785,"lba1":15785,"bytes":4096,"n":1,"kind":2,"ov":0}
[msc.reads] n=1 bytes=4096 lba=15785..15785 gap=4 ov=0
[rx] {"t":"event","op":"msc.reads","ms":207416,"gap":4,"lba0":15793,"lba1":15801,"bytes":8192,"n":2,"kind":2,"ov":0}
[msc.reads] n=2 bytes=8192 lba=15793..15801 gap=4 ov=0
[rx] {"t":"event","op":"msc.reads","ms":207424,"gap":4,"lba0":15809,"lba1":15809,"bytes":4096,"n":1,"kind":2,"ov":0}
[msc.reads] n=1 bytes=4096 lba=15809..15809 gap=4 ov=0
[rx] {"t":"event","op":"msc.reads","ms":207428,"gap":4,"lba0":15817,"lba1":15817,"bytes":4096,"n":1,"kind":2,"ov":0}
[msc.reads] n=1 bytes=4096 lba=15817..15817 gap=4 ov=0
[rx] {"t":"event","op":"msc.reads","ms":207432,"gap":4,"lba0":15825,"lba1":15825,"bytes":4096,"n":1,"kind":2,"ov":0}
[msc.reads] n=1 bytes=4096 lba=15825..15825 gap=4 ov=0
[rx] {"t":"event","op":"msc.reads","ms":207435,"gap":3,"lba0":15833,"lba1":15833,"bytes":4096,"n":1,"kind":2,"ov":0}
[msc.reads] n=1 bytes=4096 lba=15833..15833 gap=3 ov=0
[rx] {"t":"event","op":"msc.reads","ms":207439,"gap":4,"lba0":15841,"lba1":15841,"bytes":4096,"n":1,"kind":2,"ov":0}
[msc.reads] n=1 bytes=4096 lba=15841..15841 gap=4 ov=0
[rx] {"t":"event","op":"msc.reads","ms":207443,"gap":4,"lba0":15849,"lba1":15849,"bytes":4096,"n":1,"kind":2,"ov":0}
[msc.reads] n=1 bytes=4096 lba=15849..15849 gap=4 ov=0
[rx] {"t":"event","op":"msc.reads","ms":207447,"gap":4,"lba0":15857,"lba1":15865,"bytes":8192,"n":2,"kind":2,"ov":0}
[msc.reads] n=2 bytes=8192 lba=15857..15865 gap=4 ov=0
[rx] {"t":"event","op":"msc.reads","ms":207455,"gap":4,"lba0":15873,"lba1":15873,"bytes":4096,"n":1,"kind":2,"ov":0}
[msc.reads] n=1 bytes=4096 lba=15873..15873 gap=4 ov=0
[rx] {"t":"event","op":"msc.reads","ms":207458,"gap":3,"lba0":15881,"lba1":15945,"bytes":36864,"n":9,"kind":2,"ov":0}
[msc.reads] n=9 bytes=36864 lba=15881..15945 gap=3 ov=0
[rx] {"t":"event","op":"msc.reads","ms":207492,"gap":4,"lba0":15953,"lba1":15961,"bytes":8192,"n":2,"kind":2,"ov":0}
[msc.reads] n=2 bytes=8192 lba=15953..15961 gap=4 ov=0
[rx] {"t":"event","op":"msc.reads","ms":207499,"gap":4,"lba0":15969,"lba1":15977,"bytes":8192,"n":2,"kind":2,"ov":0}
[msc.reads] n=2 bytes=8192 lba=15969..15977 gap=4 ov=0
[tx] {"t":"ping"}
[rx] {"t":"pong"}
[tx] {"t":"ping"}
[rx] {"t":"pong"}
[tx] {"t":"ping"}
[rx] {"t":"pong"}
[tx] {"t":"ping"}
[rx] {"t":"pong"}
[tx] {"t":"ping"}
[rx] {"t":"pong"}
[tx] {"t":"ping"}
[rx] {"t":"pong"}
[tx] {"t":"ping"}
[rx] {"t":"pong"}
[tx] {"t":"ping"}
[rx] {"t":"pong"}
[tx] {"t":"ping"}
[rx] {"t":"pong"}
[tx] {"t":"ping"}
[rx] {"t":"pong"}
[tx] {"t":"ping"}
[rx] {"t":"pong"}
[tx] {"t":"ping"}
[rx] {"t":"pong"}
[tx] {"t":"ping"}
[rx] {"t":"pong"}
[tx] {"t":"ping"}
[rx] {"t":"pong"}
[tx] {"t":"ping"}
[rx] {"t":"pong"}
[tx] {"t":"ping"}
[rx] {"t":"pong"}
[tx] {"t":"ping"}
[rx] {"t":"pong"}
[tx] {"t":"ping"}
[rx] {"t":"pong"}
[tx] {"t":"ping"}
[rx] {"t":"pong"}
[tx] {"t":"ping"}
[rx] {"t":"pong"}
[tx] {"t":"ping"}
[rx] {"t":"pong"}
[tx] {"t":"ping"}
[rx] {"t":"pong"}
[tx] {"t":"ping"}
[rx] {"t":"pong"}
[tx] {"t":"ping"}
[rx] {"t":"pong"}
[tx] {"t":"ping"}
[rx] {"t":"pong"}
[tx] {"t":"ping"}
[rx] {"t":"pong"}
[tx] {"t":"ping"}
[rx] {"t":"pong"}
[tx] {"t":"ping"}
[rx] {"t":"pong"}
[tx] {"t":"ping"}
[rx] {"t":"pong"}
[tx] {"t":"ping"}
[rx] {"t":"pong"}
[tx] {"t":"ping"}
[rx] {"t":"pong"}
[tx] {"t":"ping"}
[rx] {"t":"pong"}
[tx] {"t":"ping"}
[rx] {"t":"pong"}
[tx] {"t":"ping"}
[rx] {"t":"pong"}
[tx] {"t":"ping"}
[rx] {"t":"pong"}
[tx] {"t":"ping"}
[rx] {"t":"pong"}
[tx] {"t":"ping"}
[rx] {"t":"pong"}
[tx] {"t":"ping"}
[rx] {"t":"pong"}
[tx] {"t":"ping"}
[rx] {"t":"pong"}
[tx] {"t":"ping"}
[rx] {"t":"pong"}
[tx] {"t":"ping"}
[rx] {"t":"pong"}
[tx] {"t":"ping"}
[rx] {"t":"pong"}
[tx] {"t":"ping"}
[rx] {"t":"pong"}
[tx] {"t":"ping"}
[rx] {"t":"pong"}
[tx] {"t":"menu_set","rev":3700,"page":0,"items":[{"uid":"1977938832270506073","name":"Zurueck","kind":"action"},{"uid":"18330258143618563731","name":"Ausgang klinke","kind":"info"},{"uid":"16678805154550120858","name":"Auto","kind":"action"},{"uid":"pump:page_next","name":"Mehr... (+7)","kind":"action"}]}
[rx] {"t":"menu_ack","ok":true,"n":4,"rev":3700}
[menu_ack] ok=True n=4 rev=3700
[tx] {"t":"ping"}
[rx] {"t":"pong"}
[tx] {"t":"ping"}
[rx] {"t":"pong"}
[tx] {"t":"ping"}
[rx] {"t":"pong"}
[tx] {"t":"ping"}
[rx] {"t":"pong"}
[tx] {"t":"ping"}
[rx] {"t":"pong"}
[rx] {"t":"event","op":"msc.reads","ms":306866,"gap":65535,"lba0":16465,"lba1":16465,"bytes":4096,"n":1,"kind":2,"ov":0}
[msc.reads] n=1 bytes=4096 lba=16465..16465 gap=65535 ov=0
[rx] {"t":"event","op":"diag","code":"play.reject","detail":"plug_window uid=18330258143618563731 from=16465 +4096B age=145063ms"}
[msc] play.reject plug_window uid=18330258143618563731 from=16465 +4096B age=145063ms
[rx] {"t":"event","op":"msc.reads","ms":306883,"gap":17,"lba0":16473,"lba1":16473,"bytes":4096,"n":1,"kind":2,"ov":0}
[msc.reads] n=1 bytes=4096 lba=16473..16473 gap=17 ov=0
[rx] {"t":"event","op":"msc.reads","ms":306887,"gap":4,"lba0":16481,"lba1":16481,"bytes":4096,"n":1,"kind":2,"ov":0}
[msc.reads] n=1 bytes=4096 lba=16481..16481 gap=4 ov=0
[rx] {"t":"event","op":"msc.reads","ms":306891,"gap":4,"lba0":16489,"lba1":16489,"bytes":4096,"n":1,"kind":2,"ov":0}
[msc.reads] n=1 bytes=4096 lba=16489..16489 gap=4 ov=0
[rx] {"t":"event","op":"msc.reads","ms":306895,"gap":4,"lba0":16497,"lba1":16497,"bytes":4096,"n":1,"kind":2,"ov":0}
[msc.reads] n=1 bytes=4096 lba=16497..16497 gap=4 ov=0
[rx] {"t":"event","op":"msc.reads","ms":306898,"gap":3,"lba0":16505,"lba1":16505,"bytes":4096,"n":1,"kind":2,"ov":0}
[msc.reads] n=1 bytes=4096 lba=16505..16505 gap=3 ov=0
[rx] {"t":"event","op":"msc.reads","ms":306902,"gap":4,"lba0":16513,"lba1":16513,"bytes":4096,"n":1,"kind":2,"ov":0}
[msc.reads] n=1 bytes=4096 lba=16513..16513 gap=4 ov=0
[rx] {"t":"event","op":"msc.reads","ms":306906,"gap":4,"lba0":16521,"lba1":16521,"bytes":4096,"n":1,"kind":2,"ov":0}
[msc.reads] n=1 bytes=4096 lba=16521..16521 gap=4 ov=0
[rx] {"t":"event","op":"msc.reads","ms":306910,"gap":4,"lba0":16529,"lba1":16537,"bytes":8192,"n":2,"kind":2,"ov":0}
[msc.reads] n=2 bytes=8192 lba=16529..16537 gap=4 ov=0
[rx] {"t":"event","op":"msc.reads","ms":306918,"gap":4,"lba0":16545,"lba1":16545,"bytes":4096,"n":1,"kind":2,"ov":0}
[msc.reads] n=1 bytes=4096 lba=16545..16545 gap=4 ov=0
[rx] {"t":"event","op":"msc.reads","ms":306922,"gap":4,"lba0":16553,"lba1":16553,"bytes":4096,"n":1,"kind":2,"ov":0}
[msc.reads] n=1 bytes=4096 lba=16553..16553 gap=4 ov=0
[rx] {"t":"event","op":"msc.reads","ms":306926,"gap":4,"lba0":16561,"lba1":16569,"bytes":8192,"n":2,"kind":2,"ov":0}
[msc.reads] n=2 bytes=8192 lba=16561..16569 gap=4 ov=0
[rx] {"t":"event","op":"msc.reads","ms":306933,"gap":3,"lba0":16577,"lba1":16577,"bytes":4096,"n":1,"kind":2,"ov":0}
[msc.reads] n=1 bytes=4096 lba=16577..16577 gap=3 ov=0
[rx] {"t":"event","op":"msc.reads","ms":306937,"gap":4,"lba0":16585,"lba1":16593,"bytes":8192,"n":2,"kind":2,"ov":0}
[msc.reads] n=2 bytes=8192 lba=16585..16593 gap=4 ov=0
[rx] {"t":"event","op":"msc.reads","ms":306945,"gap":4,"lba0":16601,"lba1":16601,"bytes":4096,"n":1,"kind":2,"ov":0}
[msc.reads] n=1 bytes=4096 lba=16601..16601 gap=4 ov=0
[rx] {"t":"event","op":"msc.reads","ms":306949,"gap":4,"lba0":16609,"lba1":16609,"bytes":4096,"n":1,"kind":2,"ov":0}
[msc.reads] n=1 bytes=4096 lba=16609..16609 gap=4 ov=0
[rx] {"t":"event","op":"msc.reads","ms":306953,"gap":4,"lba0":16617,"lba1":16625,"bytes":8192,"n":2,"kind":2,"ov":0}
[msc.reads] n=2 bytes=8192 lba=16617..16625 gap=4 ov=0
[rx] {"t":"event","op":"msc.reads","ms":306961,"gap":4,"lba0":16633,"lba1":16665,"bytes":20480,"n":5,"kind":2,"ov":0}
[msc.reads] n=5 bytes=20480 lba=16633..16665 gap=4 ov=0
[rx] {"t":"event","op":"msc.reads","ms":306979,"gap":4,"lba0":16673,"lba1":16673,"bytes":4096,"n":1,"kind":2,"ov":0}
[msc.reads] n=1 bytes=4096 lba=16673..16673 gap=4 ov=0
[rx] {"t":"event","op":"msc.reads","ms":306983,"gap":4,"lba0":16681,"lba1":16681,"bytes":4096,"n":1,"kind":2,"ov":0}
[msc.reads] n=1 bytes=4096 lba=16681..16681 gap=4 ov=0
[rx] {"t":"event","op":"msc.reads","ms":306987,"gap":4,"lba0":16689,"lba1":16689,"bytes":4096,"n":1,"kind":2,"ov":0}
[msc.reads] n=1 bytes=4096 lba=16689..16689 gap=4 ov=0
[rx] {"t":"event","op":"msc.reads","ms":306991,"gap":4,"lba0":16697,"lba1":16705,"bytes":8192,"n":2,"kind":2,"ov":0}
[msc.reads] n=2 bytes=8192 lba=16697..16705 gap=4 ov=0
[rx] {"t":"event","op":"msc.reads","ms":306999,"gap":4,"lba0":16713,"lba1":16713,"bytes":4096,"n":1,"kind":2,"ov":0}
[msc.reads] n=1 bytes=4096 lba=16713..16713 gap=4 ov=0
[rx] {"t":"event","op":"msc.reads","ms":307003,"gap":4,"lba0":16721,"lba1":16721,"bytes":4096,"n":1,"kind":2,"ov":0}
[msc.reads] n=1 bytes=4096 lba=16721..16721 gap=4 ov=0
[rx] {"t":"event","op":"msc.reads","ms":307007,"gap":4,"lba0":16729,"lba1":16729,"bytes":4096,"n":1,"kind":2,"ov":0}
[msc.reads] n=1 bytes=4096 lba=16729..16729 gap=4 ov=0
[rx] {"t":"event","op":"msc.reads","ms":307011,"gap":4,"lba0":16737,"lba1":16745,"bytes":8192,"n":2,"kind":2,"ov":0}
[msc.reads] n=2 bytes=8192 lba=16737..16745 gap=4 ov=0
[rx] {"t":"event","op":"msc.reads","ms":307018,"gap":3,"lba0":16753,"lba1":16753,"bytes":4096,"n":1,"kind":2,"ov":0}
[msc.reads] n=1 bytes=4096 lba=16753..16753 gap=3 ov=0
[rx] {"t":"event","op":"msc.reads","ms":307022,"gap":4,"lba0":16761,"lba1":16761,"bytes":4096,"n":1,"kind":2,"ov":0}
[msc.reads] n=1 bytes=4096 lba=16761..16761 gap=4 ov=0
[rx] {"t":"event","op":"msc.reads","ms":307026,"gap":4,"lba0":16769,"lba1":16769,"bytes":4096,"n":1,"kind":2,"ov":0}
[msc.reads] n=1 bytes=4096 lba=16769..16769 gap=4 ov=0
[rx] {"t":"event","op":"msc.reads","ms":307030,"gap":4,"lba0":16777,"lba1":16777,"bytes":4096,"n":1,"kind":2,"ov":0}
[msc.reads] n=1 bytes=4096 lba=16777..16777 gap=4 ov=0
[rx] {"t":"event","op":"msc.reads","ms":307034,"gap":4,"lba0":16785,"lba1":16785,"bytes":4096,"n":1,"kind":2,"ov":0}
[msc.reads] n=1 bytes=4096 lba=16785..16785 gap=4 ov=0
[rx] {"t":"event","op":"msc.reads","ms":307038,"gap":4,"lba0":16793,"lba1":16793,"bytes":4096,"n":1,"kind":2,"ov":0}
[msc.reads] n=1 bytes=4096 lba=16793..16793 gap=4 ov=0
[rx] {"t":"event","op":"msc.reads","ms":307042,"gap":4,"lba0":16801,"lba1":16801,"bytes":4096,"n":1,"kind":2,"ov":0}
[msc.reads] n=1 bytes=4096 lba=16801..16801 gap=4 ov=0
[rx] {"t":"event","op":"msc.reads","ms":307046,"gap":4,"lba0":16809,"lba1":16809,"bytes":4096,"n":1,"kind":2,"ov":0}
[msc.reads] n=1 bytes=4096 lba=16809..16809 gap=4 ov=0
[rx] {"t":"event","op":"msc.reads","ms":307050,"gap":4,"lba0":16817,"lba1":16817,"bytes":4096,"n":1,"kind":2,"ov":0}
[msc.reads] n=1 bytes=4096 lba=16817..16817 gap=4 ov=0
[rx] {"t":"event","op":"msc.reads","ms":307054,"gap":4,"lba0":16825,"lba1":16825,"bytes":4096,"n":1,"kind":2,"ov":0}
[msc.reads] n=1 bytes=4096 lba=16825..16825 gap=4 ov=0
[rx] {"t":"event","op":"msc.reads","ms":307058,"gap":4,"lba0":16833,"lba1":16833,"bytes":4096,"n":1,"kind":2,"ov":0}
[msc.reads] n=1 bytes=4096 lba=16833..16833 gap=4 ov=0
[rx] {"t":"event","op":"msc.reads","ms":307062,"gap":4,"lba0":16841,"lba1":16849,"bytes":8192,"n":2,"kind":2,"ov":0}
[msc.reads] n=2 bytes=8192 lba=16841..16849 gap=4 ov=0
[rx] {"t":"event","op":"msc.reads","ms":307069,"gap":3,"lba0":16857,"lba1":16857,"bytes":4096,"n":1,"kind":2,"ov":0}
[msc.reads] n=1 bytes=4096 lba=16857..16857 gap=3 ov=0
[rx] {"t":"event","op":"msc.reads","ms":307073,"gap":4,"lba0":16865,"lba1":16865,"bytes":4096,"n":1,"kind":2,"ov":0}
[msc.reads] n=1 bytes=4096 lba=16865..16865 gap=4 ov=0
[rx] {"t":"event","op":"msc.reads","ms":307077,"gap":4,"lba0":16873,"lba1":16873,"bytes":4096,"n":1,"kind":2,"ov":0}
[msc.reads] n=1 bytes=4096 lba=16873..16873 gap=4 ov=0
[rx] {"t":"event","op":"msc.reads","ms":307081,"gap":4,"lba0":16881,"lba1":16881,"bytes":4096,"n":1,"kind":2,"ov":0}
[msc.reads] n=1 bytes=4096 lba=16881..16881 gap=4 ov=0
[rx] {"t":"event","op":"msc.reads","ms":307085,"gap":4,"lba0":16889,"lba1":16889,"bytes":4096,"n":1,"kind":2,"ov":0}
[msc.reads] n=1 bytes=4096 lba=16889..16889 gap=4 ov=0
[rx] {"t":"event","op":"msc.reads","ms":307089,"gap":4,"lba0":16897,"lba1":16897,"bytes":4096,"n":1,"kind":2,"ov":0}
[msc.reads] n=1 bytes=4096 lba=16897..16897 gap=4 ov=0
[rx] {"t":"event","op":"msc.reads","ms":307093,"gap":4,"lba0":16905,"lba1":16913,"bytes":8192,"n":2,"kind":2,"ov":0}
[msc.reads] n=2 bytes=8192 lba=16905..16913 gap=4 ov=0
[rx] {"t":"event","op":"msc.reads","ms":307100,"gap":3,"lba0":16921,"lba1":16921,"bytes":4096,"n":1,"kind":2,"ov":0}
[msc.reads] n=1 bytes=4096 lba=16921..16921 gap=3 ov=0
[rx] {"t":"event","op":"msc.reads","ms":307104,"gap":4,"lba0":16929,"lba1":16929,"bytes":4096,"n":1,"kind":2,"ov":0}
[msc.reads] n=1 bytes=4096 lba=16929..16929 gap=4 ov=0
[rx] {"t":"event","op":"msc.reads","ms":307108,"gap":4,"lba0":16937,"lba1":16937,"bytes":4096,"n":1,"kind":2,"ov":0}
[msc.reads] n=1 bytes=4096 lba=16937..16937 gap=4 ov=0
[rx] {"t":"event","op":"msc.reads","ms":307112,"gap":4,"lba0":16945,"lba1":16945,"bytes":4096,"n":1,"kind":2,"ov":0}
[msc.reads] n=1 bytes=4096 lba=16945..16945 gap=4 ov=0
[rx] {"t":"event","op":"msc.reads","ms":307116,"gap":4,"lba0":16953,"lba1":16953,"bytes":4096,"n":1,"kind":2,"ov":0}
[msc.reads] n=1 bytes=4096 lba=16953..16953 gap=4 ov=0
[rx] {"t":"event","op":"msc.reads","ms":307120,"gap":4,"lba0":16961,"lba1":16961,"bytes":4096,"n":1,"kind":2,"ov":0}
[msc.reads] n=1 bytes=4096 lba=16961..16961 gap=4 ov=0
[rx] {"t":"event","op":"msc.reads","ms":307124,"gap":4,"lba0":16969,"lba1":16969,"bytes":4096,"n":1,"kind":2,"ov":0}
[msc.reads] n=1 bytes=4096 lba=16969..16969 gap=4 ov=0
[rx] {"t":"event","op":"msc.reads","ms":307128,"gap":4,"lba0":16977,"lba1":16985,"bytes":8192,"n":2,"kind":2,"ov":0}
[msc.reads] n=2 bytes=8192 lba=16977..16985 gap=4 ov=0
[rx] {"t":"event","op":"msc.reads","ms":307136,"gap":4,"lba0":16993,"lba1":16993,"bytes":4096,"n":1,"kind":2,"ov":0}
[msc.reads] n=1 bytes=4096 lba=16993..16993 gap=4 ov=0
[rx] {"t":"event","op":"msc.reads","ms":307140,"gap":4,"lba0":17001,"lba1":17001,"bytes":4096,"n":1,"kind":2,"ov":0}
[msc.reads] n=1 bytes=4096 lba=17001..17001 gap=4 ov=0
[rx] {"t":"event","op":"msc.reads","ms":307144,"gap":4,"lba0":17009,"lba1":17009,"bytes":4096,"n":1,"kind":2,"ov":0}
[msc.reads] n=1 bytes=4096 lba=17009..17009 gap=4 ov=0
[rx] {"t":"event","op":"msc.reads","ms":307148,"gap":4,"lba0":17017,"lba1":17017,"bytes":4096,"n":1,"kind":2,"ov":0}
[msc.reads] n=1 bytes=4096 lba=17017..17017 gap=4 ov=0
[rx] {"t":"event","op":"msc.reads","ms":307151,"gap":3,"lba0":17025,"lba1":17025,"bytes":4096,"n":1,"kind":2,"ov":0}
[msc.reads] n=1 bytes=4096 lba=17025..17025 gap=3 ov=0
[rx] {"t":"event","op":"msc.reads","ms":307155,"gap":4,"lba0":17033,"lba1":17041,"bytes":8192,"n":2,"kind":2,"ov":0}
[msc.reads] n=2 bytes=8192 lba=17033..17041 gap=4 ov=0
[rx] {"t":"event","op":"msc.reads","ms":307163,"gap":4,"lba0":17049,"lba1":17049,"bytes":4096,"n":1,"kind":2,"ov":0}
[msc.reads] n=1 bytes=4096 lba=17049..17049 gap=4 ov=0
[rx] {"t":"event","op":"msc.reads","ms":307167,"gap":4,"lba0":17057,"lba1":17057,"bytes":4096,"n":1,"kind":2,"ov":0}
[msc.reads] n=1 bytes=4096 lba=17057..17057 gap=4 ov=0
[rx] {"t":"event","op":"msc.reads","ms":307171,"gap":4,"lba0":17065,"lba1":17065,"bytes":4096,"n":1,"kind":2,"ov":0}
[msc.reads] n=1 bytes=4096 lba=17065..17065 gap=4 ov=0
[rx] {"t":"event","op":"msc.reads","ms":307175,"gap":4,"lba0":17073,"lba1":17073,"bytes":4096,"n":1,"kind":2,"ov":0}
[msc.reads] n=1 bytes=4096 lba=17073..17073 gap=4 ov=0
[rx] {"t":"event","op":"msc.reads","ms":307179,"gap":4,"lba0":17081,"lba1":17081,"bytes":4096,"n":1,"kind":2,"ov":0}
[msc.reads] n=1 bytes=4096 lba=17081..17081 gap=4 ov=0
[rx] {"t":"event","op":"msc.reads","ms":307182,"gap":3,"lba0":17089,"lba1":17089,"bytes":4096,"n":1,"kind":2,"ov":0}
[msc.reads] n=1 bytes=4096 lba=17089..17089 gap=3 ov=0
[rx] {"t":"event","op":"msc.reads","ms":307186,"gap":4,"lba0":17097,"lba1":17097,"bytes":4096,"n":1,"kind":2,"ov":0}
[msc.reads] n=1 bytes=4096 lba=17097..17097 gap=4 ov=0
[rx] {"t":"event","op":"msc.reads","ms":307190,"gap":4,"lba0":17105,"lba1":17105,"bytes":4096,"n":1,"kind":2,"ov":0}
[msc.reads] n=1 bytes=4096 lba=17105..17105 gap=4 ov=0
[rx] {"t":"event","op":"msc.reads","ms":307194,"gap":4,"lba0":17113,"lba1":17113,"bytes":4096,"n":1,"kind":2,"ov":0}
[msc.reads] n=1 bytes=4096 lba=17113..17113 gap=4 ov=0
[rx] {"t":"event","op":"msc.reads","ms":307198,"gap":4,"lba0":17121,"lba1":17137,"bytes":12288,"n":3,"kind":2,"ov":0}
[msc.reads] n=3 bytes=12288 lba=17121..17137 gap=4 ov=0
[rx] {"t":"event","op":"msc.reads","ms":307209,"gap":4,"lba0":17145,"lba1":17145,"bytes":4096,"n":1,"kind":2,"ov":0}
[msc.reads] n=1 bytes=4096 lba=17145..17145 gap=4 ov=0
[rx] {"t":"event","op":"msc.reads","ms":307213,"gap":4,"lba0":17153,"lba1":17153,"bytes":4096,"n":1,"kind":2,"ov":0}
[msc.reads] n=1 bytes=4096 lba=17153..17153 gap=4 ov=0
[rx] {"t":"event","op":"msc.reads","ms":307217,"gap":4,"lba0":17161,"lba1":17161,"bytes":4096,"n":1,"kind":2,"ov":0}
[msc.reads] n=1 bytes=4096 lba=17161..17161 gap=4 ov=0
[rx] {"t":"event","op":"msc.reads","ms":307221,"gap":4,"lba0":17169,"lba1":17169,"bytes":4096,"n":1,"kind":2,"ov":0}
[msc.reads] n=1 bytes=4096 lba=17169..17169 gap=4 ov=0
[rx] {"t":"event","op":"msc.reads","ms":307225,"gap":4,"lba0":17177,"lba1":17177,"bytes":4096,"n":1,"kind":2,"ov":0}
[msc.reads] n=1 bytes=4096 lba=17177..17177 gap=4 ov=0
[rx] {"t":"event","op":"msc.reads","ms":307229,"gap":4,"lba0":17185,"lba1":17185,"bytes":4096,"n":1,"kind":2,"ov":0}
[msc.reads] n=1 bytes=4096 lba=17185..17185 gap=4 ov=0
[rx] {"t":"event","op":"msc.reads","ms":307233,"gap":4,"lba0":17193,"lba1":17201,"bytes":8192,"n":2,"kind":2,"ov":0}
[msc.reads] n=2 bytes=8192 lba=17193..17201 gap=4 ov=0
[rx] {"t":"event","op":"msc.reads","ms":307240,"gap":3,"lba0":17209,"lba1":17209,"bytes":4096,"n":1,"kind":2,"ov":0}
[msc.reads] n=1 bytes=4096 lba=17209..17209 gap=3 ov=0
[rx] {"t":"event","op":"msc.reads","ms":307245,"gap":5,"lba0":17217,"lba1":17217,"bytes":4096,"n":1,"kind":2,"ov":0}
[msc.reads] n=1 bytes=4096 lba=17217..17217 gap=5 ov=0
[rx] {"t":"event","op":"msc.reads","ms":307249,"gap":4,"lba0":17225,"lba1":17225,"bytes":4096,"n":1,"kind":2,"ov":0}
[msc.reads] n=1 bytes=4096 lba=17225..17225 gap=4 ov=0
[rx] {"t":"event","op":"msc.reads","ms":307253,"gap":4,"lba0":17233,"lba1":17233,"bytes":4096,"n":1,"kind":2,"ov":0}
[msc.reads] n=1 bytes=4096 lba=17233..17233 gap=4 ov=0
[rx] {"t":"event","op":"msc.reads","ms":307256,"gap":3,"lba0":17241,"lba1":17249,"bytes":8192,"n":2,"kind":2,"ov":0}
[msc.reads] n=2 bytes=8192 lba=17241..17249 gap=3 ov=0
[rx] {"t":"event","op":"msc.reads","ms":307264,"gap":4,"lba0":17257,"lba1":17257,"bytes":4096,"n":1,"kind":2,"ov":0}
[msc.reads] n=1 bytes=4096 lba=17257..17257 gap=4 ov=0
[rx] {"t":"event","op":"msc.reads","ms":307268,"gap":4,"lba0":17265,"lba1":17265,"bytes":4096,"n":1,"kind":2,"ov":0}
[msc.reads] n=1 bytes=4096 lba=17265..17265 gap=4 ov=0
[rx] {"t":"event","op":"msc.reads","ms":307272,"gap":4,"lba0":17273,"lba1":17273,"bytes":4096,"n":1,"kind":2,"ov":0}
[msc.reads] n=1 bytes=4096 lba=17273..17273 gap=4 ov=0
[rx] {"t":"event","op":"msc.reads","ms":307276,"gap":4,"lba0":17281,"lba1":17281,"bytes":4096,"n":1,"kind":2,"ov":0}
[msc.reads] n=1 bytes=4096 lba=17281..17281 gap=4 ov=0
[rx] {"t":"event","op":"msc.reads","ms":307280,"gap":4,"lba0":17289,"lba1":17289,"bytes":4096,"n":1,"kind":2,"ov":0}
[msc.reads] n=1 bytes=4096 lba=17289..17289 gap=4 ov=0
[rx] {"t":"event","op":"msc.reads","ms":307283,"gap":3,"lba0":17297,"lba1":17297,"bytes":4096,"n":1,"kind":2,"ov":0}
[msc.reads] n=1 bytes=4096 lba=17297..17297 gap=3 ov=0
[rx] {"t":"event","op":"msc.reads","ms":307287,"gap":4,"lba0":17305,"lba1":17305,"bytes":4096,"n":1,"kind":2,"ov":0}
[msc.reads] n=1 bytes=4096 lba=17305..17305 gap=4 ov=0
[rx] {"t":"event","op":"msc.reads","ms":307291,"gap":4,"lba0":17313,"lba1":17313,"bytes":4096,"n":1,"kind":2,"ov":0}
[msc.reads] n=1 bytes=4096 lba=17313..17313 gap=4 ov=0
[rx] {"t":"event","op":"msc.reads","ms":307295,"gap":4,"lba0":17321,"lba1":17321,"bytes":4096,"n":1,"kind":2,"ov":0}
[msc.reads] n=1 bytes=4096 lba=17321..17321 gap=4 ov=0
[rx] {"t":"event","op":"msc.reads","ms":307299,"gap":4,"lba0":17329,"lba1":17329,"bytes":4096,"n":1,"kind":2,"ov":0}
[msc.reads] n=1 bytes=4096 lba=17329..17329 gap=4 ov=0
[rx] {"t":"event","op":"msc.reads","ms":307303,"gap":4,"lba0":17337,"lba1":17337,"bytes":4096,"n":1,"kind":2,"ov":0}
[msc.reads] n=1 bytes=4096 lba=17337..17337 gap=4 ov=0
[rx] {"t":"event","op":"msc.reads","ms":307307,"gap":4,"lba0":17345,"lba1":17353,"bytes":8192,"n":2,"kind":2,"ov":0}
[msc.reads] n=2 bytes=8192 lba=17345..17353 gap=4 ov=0
[rx] {"t":"event","op":"msc.reads","ms":307314,"gap":3,"lba0":17361,"lba1":17361,"bytes":4096,"n":1,"kind":2,"ov":0}
[msc.reads] n=1 bytes=4096 lba=17361..17361 gap=3 ov=0
[rx] {"t":"event","op":"msc.reads","ms":307318,"gap":4,"lba0":17369,"lba1":17369,"bytes":4096,"n":1,"kind":2,"ov":0}
[msc.reads] n=1 bytes=4096 lba=17369..17369 gap=4 ov=0
[rx] {"t":"event","op":"msc.reads","ms":307322,"gap":4,"lba0":17377,"lba1":17377,"bytes":4096,"n":1,"kind":2,"ov":0}
[msc.reads] n=1 bytes=4096 lba=17377..17377 gap=4 ov=0
[rx] {"t":"event","op":"msc.reads","ms":307326,"gap":4,"lba0":17385,"lba1":17385,"bytes":4096,"n":1,"kind":2,"ov":0}
[msc.reads] n=1 bytes=4096 lba=17385..17385 gap=4 ov=0
[rx] {"t":"event","op":"msc.reads","ms":307330,"gap":4,"lba0":17393,"lba1":17393,"bytes":4096,"n":1,"kind":2,"ov":0}
[msc.reads] n=1 bytes=4096 lba=17393..17393 gap=4 ov=0
[rx] {"t":"event","op":"msc.reads","ms":307334,"gap":4,"lba0":17401,"lba1":17401,"bytes":4096,"n":1,"kind":2,"ov":0}
[msc.reads] n=1 bytes=4096 lba=17401..17401 gap=4 ov=0
[rx] {"t":"event","op":"msc.reads","ms":307338,"gap":4,"lba0":17409,"lba1":17409,"bytes":4096,"n":1,"kind":2,"ov":0}
[msc.reads] n=1 bytes=4096 lba=17409..17409 gap=4 ov=0
[rx] {"t":"event","op":"msc.reads","ms":307342,"gap":4,"lba0":17417,"lba1":17417,"bytes":4096,"n":1,"kind":2,"ov":0}
[msc.reads] n=1 bytes=4096 lba=17417..17417 gap=4 ov=0
[rx] {"t":"event","op":"msc.reads","ms":307346,"gap":4,"lba0":17425,"lba1":17425,"bytes":4096,"n":1,"kind":2,"ov":0}
[msc.reads] n=1 bytes=4096 lba=17425..17425 gap=4 ov=0
[rx] {"t":"event","op":"msc.reads","ms":307350,"gap":4,"lba0":17433,"lba1":17433,"bytes":4096,"n":1,"kind":2,"ov":0}
[msc.reads] n=1 bytes=4096 lba=17433..17433 gap=4 ov=0
[rx] {"t":"event","op":"msc.reads","ms":307354,"gap":4,"lba0":17441,"lba1":17441,"bytes":4096,"n":1,"kind":2,"ov":0}
[msc.reads] n=1 bytes=4096 lba=17441..17441 gap=4 ov=0
[rx] {"t":"event","op":"msc.reads","ms":307358,"gap":4,"lba0":17449,"lba1":17457,"bytes":8192,"n":2,"kind":2,"ov":0}
[msc.reads] n=2 bytes=8192 lba=17449..17457 gap=4 ov=0
[rx] {"t":"event","op":"msc.reads","ms":307366,"gap":4,"lba0":17465,"lba1":17465,"bytes":4096,"n":1,"kind":2,"ov":0}
[msc.reads] n=1 bytes=4096 lba=17465..17465 gap=4 ov=0
[rx] {"t":"event","op":"msc.reads","ms":307370,"gap":4,"lba0":17473,"lba1":17473,"bytes":4096,"n":1,"kind":2,"ov":0}
[msc.reads] n=1 bytes=4096 lba=17473..17473 gap=4 ov=0
[rx] {"t":"event","op":"msc.reads","ms":307374,"gap":4,"lba0":17481,"lba1":17481,"bytes":4096,"n":1,"kind":2,"ov":0}
[msc.reads] n=1 bytes=4096 lba=17481..17481 gap=4 ov=0
[tx] {"t":"ping"}
[rx] {"t":"pong"}
[tx] {"t":"ping"}
[rx] {"t":"pong"}
[tx] {"t":"ping"}
[rx] {"t":"pong"}
[tx] {"t":"ping"}
[rx] {"t":"pong"}
[tx] {"t":"ping"}
[rx] {"t":"pong"}
[tx] {"t":"ping"}
[rx] {"t":"pong"}
[tx] {"t":"ping"}
[rx] {"t":"pong"}
[tx] {"t":"ping"}
[rx] {"t":"pong"}
[tx] {"t":"ping"}
[rx] {"t":"pong"}
[tx] {"t":"ping"}
[rx] {"t":"pong"}
[tx] {"t":"ping"}
[rx] {"t":"pong"}
[tx] {"t":"ping"}
[rx] {"t":"pong"}
[tx] {"t":"menu_set","rev":3701,"page":0,"items":[{"uid":"1977938832270506073","name":"Zurueck","kind":"action"},{"uid":"18330258143618563731","name":"Ausgang klinke","kind":"info"},{"uid":"16678805154550120858","name":"Auto","kind":"action"},{"uid":"pump:page_next","name":"Mehr... (+7)","kind":"action"}]}
[rx] {"t":"menu_ack","ok":true,"n":4,"rev":3701}
[menu_ack] ok=True n=4 rev=3701
[tx] {"t":"ping"}
[rx] {"t":"pong"}
[tx] {"t":"ping"}
[rx] {"t":"pong"}
[tx] {"t":"ping"}
[rx] {"t":"pong"}
[tx] {"t":"ping"}
[rx] {"t":"pong"}
[tx] {"t":"ping"}
[rx] {"t":"pong"}
[tx] {"t":"ping"}
[rx] {"t":"pong"}
[tx] {"t":"ping"}
[rx] {"t":"pong"}
[tx] {"t":"ping"}
[rx] {"t":"pong"}
[tx] {"t":"ping"}
[rx] {"t":"pong"}
[tx] {"t":"ping"}
[rx] {"t":"pong"}
[tx] {"t":"ping"}
[rx] {"t":"pong"}
[tx] {"t":"ping"}
[rx] {"t":"pong"}
[tx] {"t":"ping"}
[rx] {"t":"pong"}
[tx] {"t":"ping"}
[rx] {"t":"pong"}
[tx] {"t":"ping"}
[rx] {"t":"pong"}
[tx] {"t":"ping"}
[rx] {"t":"pong"}
[tx] {"t":"ping"}
[rx] {"t":"pong"}
[tx] {"t":"ping"}
[rx] {"t":"pong"}
[tx] {"t":"ping"}
[rx] {"t":"pong"}
[tx] {"t":"ping"}
[rx] {"t":"pong"}
[tx] {"t":"ping"}
[rx] {"t":"pong"}
[tx] {"t":"ping"}
[rx] {"t":"pong"}
[tx] {"t":"ping"}
[rx] {"t":"pong"}
[tx] {"t":"ping"}
[rx] {"t":"pong"}
[tx] {"t":"ping"}
[rx] {"t":"pong"}
[tx] {"t":"ping"}
[rx] {"t":"pong"}
[tx] {"t":"ping"}
[rx] {"t":"pong"}
[tx] {"t":"ping"}
[rx] {"t":"pong"}
[tx] {"t":"ping"}
[rx] {"t":"pong"}
[tx] {"t":"ping"}
[rx] {"t":"pong"}
[tx] {"t":"ping"}
[rx] {"t":"pong"}
[tx] {"t":"ping"}
[rx] {"t":"pong"}
[tx] {"t":"ping"}
[rx] {"t":"pong"}
[tx] {"t":"ping"}
[rx] {"t":"pong"}
[tx] {"t":"ping"}
[rx] {"t":"pong"}
[tx] {"t":"ping"}
[rx] {"t":"pong"}
[tx] {"t":"ping"}
[rx] {"t":"pong"}
[tx] {"t":"ping"}
[rx] {"t":"pong"}
[tx] {"t":"ping"}
[rx] {"t":"pong"}
[tx] {"t":"ping"}
[rx] {"t":"pong"}
[tx] {"t":"ping"}
[rx] {"t":"pong"}
[tx] {"t":"ping"}
[rx] {"t":"pong"}
[tx] {"t":"ping"}
[rx] {"t":"pong"}
[tx] {"t":"ping"}
[rx] {"t":"pong"}
[tx] {"t":"ping"}
[rx] {"t":"pong"}
[tx] {"t":"ping"}
[rx] {"t":"pong"}
[tx] {"t":"ping"}
[rx] {"t":"pong"}
[tx] {"t":"ping"}
[rx] {"t":"pong"}
[tx] {"t":"ping"}
[rx] {"t":"pong"}
[tx] {"t":"ping"}
[rx] {"t":"pong"}
[tx] {"t":"ping"}
[rx] {"t":"pong"}
[tx] {"t":"ping"}
[rx] {"t":"pong"}
[tx] {"t":"ping"}
[rx] {"t":"pong"}
[tx] {"t":"ping"}
[rx] {"t":"pong"}
[tx] {"t":"ping"}
[rx] {"t":"pong"}
[tx] {"t":"ping"}
[rx] {"t":"pong"}
[tx] {"t":"ping"}
[rx] {"t":"pong"}
[tx] {"t":"ping"}
[rx] {"t":"pong"}
[tx] {"t":"ping"}
[rx] {"t":"pong"}
[tx] {"t":"ping"}
[rx] {"t":"pong"}
[tx] {"t":"ping"}
[rx] {"t":"pong"}
[tx] {"t":"ping"}
[rx] {"t":"pong"}
[tx] {"t":"ping"}
[rx] {"t":"pong"}
[tx] {"t":"ping"}
[rx] {"t":"pong"}
[tx] {"t":"ping"}
[rx] {"t":"pong"}
[tx] {"t":"ping"}
[rx] {"t":"pong"}
[tx] {"t":"ping"}
[rx] {"t":"pong"}
[tx] {"t":"ping"}
[rx] {"t":"pong"}
[tx] {"t":"ping"}
[rx] {"t":"pong"}
[tx] {"t":"ping"}
[rx] {"t":"pong"}
[tx] {"t":"ping"}
[rx] {"t":"pong"}
[tx] {"t":"ping"}
[rx] {"t":"pong"}
[tx] {"t":"ping"}
[rx] {"t":"pong"}
[tx] {"t":"ping"}
[rx] {"t":"pong"}
[tx] {"t":"ping"}
[rx] {"t":"pong"}
[tx] {"t":"ping"}
[rx] {"t":"pong"}
[tx] {"t":"ping"}
[rx] {"t":"pong"}
[tx] {"t":"ping"}
[rx] {"t":"pong"}
[tx] {"t":"ping"}
[rx] {"t":"pong"}
[tx] {"t":"ping"}
[rx] {"t":"pong"}
[tx] {"t":"ping"}
[rx] {"t":"pong"}
[tx] {"t":"ping"}
[rx] {"t":"pong"}
[tx] {"t":"ping"}
[rx] {"t":"pong"}
[tx] {"t":"ping"}
[rx] {"t":"pong"}
[tx] {"t":"ping"}
[rx] {"t":"pong"}
[tx] {"t":"ping"}
[rx] {"t":"pong"}
[tx] {"t":"ping"}
[rx] {"t":"pong"}
[tx] {"t":"ping"}
[rx] {"t":"pong"}
[tx] {"t":"ping"}
[rx] {"t":"pong"}
[tx] {"t":"ping"}
[rx] {"t":"pong"}
[tx] {"t":"ping"}
[rx] {"t":"pong"}
[tx] {"t":"ping"}
[rx] {"t":"pong"}
[tx] {"t":"ping"}
[rx] {"t":"pong"}
[tx] {"t":"ping"}
[rx] {"t":"pong"}
[tx] {"t":"ping"}
[rx] {"t":"pong"}
[tx] {"t":"ping"}
[rx] {"t":"pong"}
[tx] {"t":"ping"}
[rx] {"t":"pong"}
[tx] {"t":"ping"}
[rx] {"t":"pong"}
[tx] {"t":"ping"}
[rx] {"t":"pong"}
[tx] {"t":"ping"}
[rx] {"t":"pong"}
[tx] {"t":"ping"}
[rx] {"t":"pong"}
[tx] {"t":"ping"}
[rx] {"t":"pong"}
[tx] {"t":"ping"}
[rx] {"t":"pong"}
[tx] {"t":"ping"}
[rx] {"t":"pong"}
[tx] {"t":"ping"}
[rx] {"t":"pong"}
[tx] {"t":"ping"}
[rx] {"t":"pong"}
[tx] {"t":"ping"}
[rx] {"t":"pong"}
[tx] {"t":"ping"}
[rx] {"t":"pong"}
[tx] {"t":"ping"}
[rx] {"t":"pong"}
[tx] {"t":"ping"}
[rx] {"t":"pong"}
[tx] {"t":"ping"}
[rx] {"t":"pong"}
[tx] {"t":"ping"}
[rx] {"t":"pong"}
[tx] {"t":"ping"}
[rx] {"t":"pong"}
[tx] {"t":"ping"}
[rx] {"t":"pong"}
[tx] {"t":"ping"}
[rx] {"t":"pong"}
[tx] {"t":"ping"}
[rx] {"t":"pong"}
[tx] {"t":"ping"}
[rx] {"t":"pong"}
[tx] {"t":"ping"}
[rx] {"t":"pong"}
[tx] {"t":"ping"}
[rx] {"t":"pong"}
[tx] {"t":"menu_set","rev":3702,"page":0,"items":[{"uid":"1977938832270506073","name":"Zurueck","kind":"action"},{"uid":"18330258143618563731","name":"Ausgang klinke","kind":"info"},{"uid":"16678805154550120858","name":"Auto","kind":"action"},{"uid":"pump:page_next","name":"Mehr... (+7)","kind":"action"}]}
[tx] {"t":"ping"}
[rx] {"t":"menu_ack","ok":true,"n":4,"rev":3702}
[menu_ack] ok=True n=4 rev=3702
[rx] {"t":"pong"}
[tx] {"t":"ping"}
[rx] {"t":"pong"}
[tx] {"t":"ping"}
[rx] {"t":"pong"}
[tx] {"t":"ping"}
[rx] {"t":"pong"}
[tx] {"t":"ping"}
[rx] {"t":"pong"}
[tx] {"t":"ping"}
[rx] {"t":"pong"}
[tx] {"t":"ping"}
[rx] {"t":"pong"}
[tx] {"t":"ping"}
[rx] {"t":"pong"}
[tx] {"t":"ping"}
[rx] {"t":"pong"}
[tx] {"t":"ping"}
[rx] {"t":"pong"}
[tx] {"t":"ping"}
[rx] {"t":"pong"}
[tx] {"t":"ping"}
[rx] {"t":"pong"}
[tx] {"t":"ping"}
[rx] {"t":"pong"}
[tx] {"t":"ping"}
[rx] {"t":"pong"}
[tx] {"t":"ping"}
[rx] {"t":"pong"}
[tx] {"t":"ping"}
[rx] {"t":"pong"}
[tx] {"t":"ping"}
[rx] {"t":"pong"}
[tx] {"t":"menu_set","rev":3703,"page":0,"items":[{"uid":"1977938832270506073","name":"Zurueck","kind":"action"},{"uid":"18330258143618563731","name":"Ausgang klinke","kind":"info"},{"uid":"16678805154550120858","name":"Auto","kind":"action"},{"uid":"pump:page_next","name":"Mehr... (+7)","kind":"action"}]}
[rx] {"t":"menu_ack","ok":true,"n":4,"rev":3703}
[menu_ack] ok=True n=4 rev=3703
[tx] {"t":"ping"}
[rx] {"t":"pong"}
[tx] {"t":"ping"}
[rx] {"t":"pong"}
[tx] {"t":"ping"}
[rx] {"t":"pong"}
[tx] {"t":"ping"}
[rx] {"t":"pong"}
[tx] {"t":"ping"}
[rx] {"t":"pong"}
[tx] {"t":"ping"}
[rx] {"t":"pong"}
[tx] {"t":"ping"}
[rx] {"t":"pong"}
[tx] {"t":"ping"}
[rx] {"t":"pong"}
[tx] {"t":"ping"}
[rx] {"t":"pong"}
[tx] {"t":"ping"}
[rx] {"t":"pong"}
[tx] {"t":"ping"}
[rx] {"t":"pong"}
[tx] {"t":"ping"}
[rx] {"t":"pong"}
[tx] {"t":"ping"}
[rx] {"t":"pong"}
[tx] {"t":"ping"}
[rx] {"t":"pong"}
[tx] {"t":"ping"}
[rx] {"t":"pong"}
[tx] {"t":"ping"}
[rx] {"t":"pong"}
[tx] {"t":"ping"}
[rx] {"t":"pong"}
[tx] {"t":"ping"}
[rx] {"t":"pong"}
[tx] {"t":"ping"}
[rx] {"t":"pong"}
[tx] {"t":"ping"}
[rx] {"t":"pong"}
[tx] {"t":"ping"}
[rx] {"t":"pong"}
[tx] {"t":"ping"}
[rx] {"t":"pong"}
[tx] {"t":"ping"}
[rx] {"t":"pong"}
[tx] {"t":"ping"}
[rx] {"t":"pong"}
[tx] {"t":"ping"}
[rx] {"t":"pong"}
[tx] {"t":"ping"}
[rx] {"t":"pong"}
[tx] {"t":"ping"}
[rx] {"t":"pong"}
[tx] {"t":"ping"}
[rx] {"t":"pong"}
[tx] {"t":"ping"}
[rx] {"t":"pong"}
[tx] {"t":"ping"}
[rx] {"t":"pong"}
[tx] {"t":"ping"}
[rx] {"t":"pong"}
[tx] {"t":"ping"}
[rx] {"t":"pong"}
[tx] {"t":"ping"}
[rx] {"t":"pong"}
[tx] {"t":"ping"}
[rx] {"t":"pong"}
[tx] {"t":"ping"}
[rx] {"t":"pong"}
[tx] {"t":"ping"}
[rx] {"t":"pong"}
[tx] {"t":"ping"}
[rx] {"t":"pong"}
[tx] {"t":"ping"}
[rx] {"t":"pong"}
[tx] {"t":"ping"}
[rx] {"t":"pong"}
[tx] {"t":"ping"}
[rx] {"t":"pong"}
[tx] {"t":"ping"}
[rx] {"t":"pong"}
[tx] {"t":"ping"}
[rx] {"t":"pong"}
[tx] {"t":"ping"}
[rx] {"t":"pong"}
[tx] {"t":"ping"}
[rx] {"t":"pong"}
[tx] {"t":"ping"}
[rx] {"t":"pong"}
[tx] {"t":"ping"}
[rx] {"t":"pong"}
[tx] {"t":"ping"}
[rx] {"t":"pong"}
[tx] {"t":"ping"}
[rx] {"t":"pong"}
[tx] {"t":"ping"}
[rx] {"t":"pong"}
[tx] {"t":"ping"}
[rx] {"t":"pong"}
[tx] {"t":"ping"}
[rx] {"t":"pong"}
[tx] {"t":"ping"}
[rx] {"t":"pong"}
[tx] {"t":"ping"}
[rx] {"t":"pong"}
[tx] {"t":"ping"}
[rx] {"t":"pong"}
[tx] {"t":"ping"}
[rx] {"t":"pong"}
[tx] {"t":"ping"}
[rx] {"t":"pong"}
[tx] {"t":"ping"}
[rx] {"t":"pong"}
[tx] {"t":"ping"}
[rx] {"t":"pong"}
[tx] {"t":"ping"}
[rx] {"t":"pong"}
[tx] {"t":"ping"}
[rx] {"t":"pong"}
[tx] {"t":"ping"}
[rx] {"t":"pong"}
[tx] {"t":"ping"}
[rx] {"t":"pong"}
[tx] {"t":"ping"}
[rx] {"t":"pong"}
[tx] {"t":"ping"}
[rx] {"t":"pong"}
[tx] {"t":"ping"}
[rx] {"t":"pong"}
[tx] {"t":"ping"}
[rx] {"t":"pong"}
[tx] {"t":"ping"}
[rx] {"t":"pong"}
[tx] {"t":"ping"}
[rx] {"t":"pong"}
[tx] {"t":"ping"}
[rx] {"t":"pong"}
[tx] {"t":"ping"}
[rx] {"t":"pong"}
[tx] {"t":"ping"}
[rx] {"t":"pong"}
[tx] {"t":"ping"}
[rx] {"t":"pong"}
[tx] {"t":"ping"}
[rx] {"t":"pong"}
[tx] {"t":"ping"}
[rx] {"t":"pong"}
[tx] {"t":"ping"}
[rx] {"t":"pong"}
[tx] {"t":"ping"}
[rx] {"t":"pong"}
[tx] {"t":"ping"}
[rx] {"t":"pong"}
[tx] {"t":"ping"}
[rx] {"t":"pong"}
[tx] {"t":"ping"}
[rx] {"t":"pong"}
[tx] {"t":"ping"}
[rx] {"t":"pong"}
[tx] {"t":"ping"}
[rx] {"t":"pong"}
[tx] {"t":"ping"}
[rx] {"t":"pong"}
[tx] {"t":"ping"}
[rx] {"t":"pong"}
[tx] {"t":"ping"}
[rx] {"t":"pong"}
[tx] {"t":"ping"}
[rx] {"t":"pong"}
[tx] {"t":"ping"}
[rx] {"t":"pong"}
[tx] {"t":"ping"}
[rx] {"t":"pong"}
[tx] {"t":"ping"}
[rx] {"t":"pong"}
[tx] {"t":"ping"}
[rx] {"t":"pong"}
[tx] {"t":"ping"}
[rx] {"t":"pong"}
[tx] {"t":"ping"}
[rx] {"t":"pong"}
[tx] {"t":"ping"}
[rx] {"t":"pong"}
[tx] {"t":"ping"}
[rx] {"t":"pong"}
[tx] {"t":"ping"}
[rx] {"t":"pong"}
[tx] {"t":"ping"}
[rx] {"t":"pong"}
[tx] {"t":"ping"}
[rx] {"t":"pong"}
[tx] {"t":"ping"}
[rx] {"t":"pong"}
[tx] {"t":"ping"}
[rx] {"t":"pong"}
[tx] {"t":"ping"}
[rx] {"t":"pong"}
[tx] {"t":"ping"}
[rx] {"t":"pong"}
[tx] {"t":"ping"}
[rx] {"t":"pong"}
[tx] {"t":"ping"}
[rx] {"t":"pong"}
[tx] {"t":"ping"}
[rx] {"t":"pong"}
[tx] {"t":"ping"}
[rx] {"t":"pong"}
[tx] {"t":"ping"}
[rx] {"t":"pong"}
[tx] {"t":"ping"}
[rx] {"t":"pong"}
[tx] {"t":"menu_set","rev":3710,"page":0,"items":[{"uid":"fav0","name":"Rock Antenne","kind":"station"},{"uid":"fav1","name":"Rock Antenne Bayern","kind":"station"},{"uid":"fav2","name":"Radio BOB!","kind":"station"},{"uid":"pump:page_next","name":"Menue","kind":"action"}]}
[rx] {"t":"menu_ack","ok":true,"n":4,"rev":3710}
[menu_ack] ok=True n=4 rev=3710
[tx] {"t":"ping"}
[rx] {"t":"pong"}
[rx] {"t":"event","op":"msc.reads","ms":827220,"gap":65535,"lba0":0,"lba1":0,"bytes":4096,"n":1,"kind":4,"ov":0}
[msc.reads] n=1 bytes=4096 lba=0..0 gap=65535 ov=0
[rx] {"t":"event","op":"msc.reads","ms":827225,"gap":5,"lba0":32,"lba1":32,"bytes":4096,"n":1,"kind":5,"ov":0}
[msc.reads] n=1 bytes=4096 lba=32..32 gap=5 ov=0
[rx] {"t":"event","op":"msc.reads","ms":827229,"gap":4,"lba0":40,"lba1":40,"bytes":4096,"n":1,"kind":1,"ov":0}
[msc.reads] n=1 bytes=4096 lba=40..40 gap=4 ov=0
[rx] {"t":"event","op":"msc.reads","ms":827233,"gap":4,"lba0":48,"lba1":48,"bytes":4096,"n":1,"kind":1,"ov":0}
[msc.reads] n=1 bytes=4096 lba=48..48 gap=4 ov=0
[rx] {"t":"event","op":"msc.reads","ms":827237,"gap":4,"lba0":56,"lba1":56,"bytes":4096,"n":1,"kind":1,"ov":0}
[msc.reads] n=1 bytes=4096 lba=56..56 gap=4 ov=0
[rx] {"t":"event","op":"msc.reads","ms":827240,"gap":3,"lba0":64,"lba1":64,"bytes":4096,"n":1,"kind":1,"ov":0}
[msc.reads] n=1 bytes=4096 lba=64..64 gap=3 ov=0
[rx] {"t":"event","op":"diag","code":"play.reject","detail":"not_from_head uid=fav0 from=120 +4096B age=665453ms prefetch"}
[msc] play.reject not_from_head uid=fav0 from=120 +4096B age=665453ms prefetch
[rx] {"t":"event","op":"msc.reads","ms":827246,"gap":6,"lba0":8,"lba1":24,"bytes":8192,"n":2,"kind":5,"ov":0}
[msc.reads] n=2 bytes=8192 lba=8..24 gap=6 ov=0
[rx] {"t":"event","op":"msc.reads","ms":827255,"gap":4,"lba0":120,"lba1":120,"bytes":4096,"n":1,"kind":2,"ov":0}
[msc.reads] n=1 bytes=4096 lba=120..120 gap=4 ov=0
[rx] {"t":"event","op":"msc.reads","ms":827277,"gap":22,"lba0":16,"lba1":16,"bytes":4096,"n":1,"kind":5,"ov":0}
[msc.reads] n=1 bytes=4096 lba=16..16 gap=22 ov=0
[rx] {"t":"event","op":"msc.reads","ms":827282,"gap":5,"lba0":128,"lba1":128,"bytes":4096,"n":1,"kind":2,"ov":0}
[msc.reads] n=1 bytes=4096 lba=128..128 gap=5 ov=0
[rx] {"t":"event","op":"msc.reads","ms":827286,"gap":4,"lba0":512,"lba1":512,"bytes":4096,"n":1,"kind":2,"ov":0}
[msc.reads] n=1 bytes=4096 lba=512..512 gap=4 ov=0
[rx] {"t":"event","op":"msc.reads","ms":827290,"gap":4,"lba0":4096,"lba1":4096,"bytes":4096,"n":1,"kind":2,"ov":0}
[msc.reads] n=1 bytes=4096 lba=4096..4096 gap=4 ov=0
[rx] {"t":"event","op":"msc.reads","ms":827309,"gap":19,"lba0":0,"lba1":0,"bytes":4096,"n":1,"kind":4,"ov":0}
[msc.reads] n=1 bytes=4096 lba=0..0 gap=19 ov=0
[rx] {"t":"event","op":"msc.reads","ms":827430,"gap":121,"lba0":0,"lba1":0,"bytes":4096,"n":1,"kind":4,"ov":0}
[msc.reads] n=1 bytes=4096 lba=0..0 gap=121 ov=0
[rx] {"t":"event","op":"msc.reads","ms":827436,"gap":6,"lba0":32,"lba1":32,"bytes":4096,"n":1,"kind":5,"ov":0}
[msc.reads] n=1 bytes=4096 lba=32..32 gap=6 ov=0
[rx] {"t":"event","op":"msc.reads","ms":827440,"gap":4,"lba0":40,"lba1":40,"bytes":4096,"n":1,"kind":1,"ov":0}
[msc.reads] n=1 bytes=4096 lba=40..40 gap=4 ov=0
[rx] {"t":"event","op":"msc.reads","ms":827444,"gap":4,"lba0":48,"lba1":48,"bytes":4096,"n":1,"kind":1,"ov":0}
[msc.reads] n=1 bytes=4096 lba=48..48 gap=4 ov=0
[rx] {"t":"event","op":"msc.reads","ms":827448,"gap":4,"lba0":56,"lba1":56,"bytes":4096,"n":1,"kind":1,"ov":0}
[msc.reads] n=1 bytes=4096 lba=56..56 gap=4 ov=0
[rx] {"t":"event","op":"msc.reads","ms":827452,"gap":4,"lba0":64,"lba1":64,"bytes":4096,"n":1,"kind":1,"ov":0}
[msc.reads] n=1 bytes=4096 lba=64..64 gap=4 ov=0
[rx] {"t":"event","op":"msc.reads","ms":827457,"gap":5,"lba0":8,"lba1":24,"bytes":8192,"n":2,"kind":5,"ov":0}
[msc.reads] n=2 bytes=8192 lba=8..24 gap=5 ov=0
[rx] {"t":"event","op":"msc.reads","ms":827467,"gap":4,"lba0":120,"lba1":120,"bytes":4096,"n":1,"kind":2,"ov":0}
[msc.reads] n=1 bytes=4096 lba=120..120 gap=4 ov=0
[rx] {"t":"event","op":"msc.reads","ms":827472,"gap":5,"lba0":16,"lba1":16,"bytes":4096,"n":1,"kind":5,"ov":0}
[msc.reads] n=1 bytes=4096 lba=16..16 gap=5 ov=0
[rx] {"t":"event","op":"msc.reads","ms":827477,"gap":5,"lba0":128,"lba1":4096,"bytes":12288,"n":3,"kind":2,"ov":0}
[msc.reads] n=3 bytes=12288 lba=128..4096 gap=5 ov=0
[rx] {"t":"event","op":"msc.reads","ms":827500,"gap":15,"lba0":0,"lba1":0,"bytes":4096,"n":1,"kind":4,"ov":0}
[msc.reads] n=1 bytes=4096 lba=0..0 gap=15 ov=0
[rx] {"t":"event","op":"msc.reads","ms":827595,"gap":95,"lba0":0,"lba1":0,"bytes":4096,"n":1,"kind":4,"ov":0}
[msc.reads] n=1 bytes=4096 lba=0..0 gap=95 ov=0
[rx] {"t":"event","op":"msc.reads","ms":827600,"gap":5,"lba0":32,"lba1":32,"bytes":4096,"n":1,"kind":5,"ov":0}
[msc.reads] n=1 bytes=4096 lba=32..32 gap=5 ov=0
[rx] {"t":"event","op":"msc.reads","ms":827604,"gap":4,"lba0":40,"lba1":40,"bytes":4096,"n":1,"kind":1,"ov":0}
[msc.reads] n=1 bytes=4096 lba=40..40 gap=4 ov=0
[rx] {"t":"event","op":"msc.reads","ms":827608,"gap":4,"lba0":48,"lba1":48,"bytes":4096,"n":1,"kind":1,"ov":0}
[msc.reads] n=1 bytes=4096 lba=48..48 gap=4 ov=0
[rx] {"t":"event","op":"msc.reads","ms":827612,"gap":4,"lba0":56,"lba1":56,"bytes":4096,"n":1,"kind":1,"ov":0}
[msc.reads] n=1 bytes=4096 lba=56..56 gap=4 ov=0
[rx] {"t":"event","op":"msc.reads","ms":827616,"gap":4,"lba0":64,"lba1":64,"bytes":4096,"n":1,"kind":1,"ov":0}
[msc.reads] n=1 bytes=4096 lba=64..64 gap=4 ov=0
[rx] {"t":"event","op":"msc.reads","ms":827622,"gap":6,"lba0":8,"lba1":8,"bytes":4096,"n":1,"kind":5,"ov":0}
[msc.reads] n=1 bytes=4096 lba=8..8 gap=6 ov=0
[rx] {"t":"event","op":"msc.reads","ms":827628,"gap":6,"lba0":24,"lba1":24,"bytes":4096,"n":1,"kind":5,"ov":0}
[msc.reads] n=1 bytes=4096 lba=24..24 gap=6 ov=0
[rx] {"t":"event","op":"msc.reads","ms":827632,"gap":4,"lba0":120,"lba1":120,"bytes":4096,"n":1,"kind":2,"ov":0}
[msc.reads] n=1 bytes=4096 lba=120..120 gap=4 ov=0
[rx] {"t":"event","op":"msc.reads","ms":827637,"gap":5,"lba0":16,"lba1":16,"bytes":4096,"n":1,"kind":5,"ov":0}
[msc.reads] n=1 bytes=4096 lba=16..16 gap=5 ov=0
[rx] {"t":"event","op":"msc.reads","ms":827641,"gap":4,"lba0":128,"lba1":128,"bytes":4096,"n":1,"kind":2,"ov":0}
[msc.reads] n=1 bytes=4096 lba=128..128 gap=4 ov=0
[rx] {"t":"event","op":"msc.reads","ms":827646,"gap":5,"lba0":512,"lba1":512,"bytes":4096,"n":1,"kind":2,"ov":0}
[msc.reads] n=1 bytes=4096 lba=512..512 gap=5 ov=0
[rx] {"t":"event","op":"msc.reads","ms":827650,"gap":4,"lba0":4096,"lba1":4096,"bytes":4096,"n":1,"kind":2,"ov":0}
[msc.reads] n=1 bytes=4096 lba=4096..4096 gap=4 ov=0
[rx] {"t":"event","op":"msc.reads","ms":827666,"gap":16,"lba0":0,"lba1":0,"bytes":4096,"n":1,"kind":4,"ov":0}
[msc.reads] n=1 bytes=4096 lba=0..0 gap=16 ov=0
[tx] {"t":"ping"}
[rx] {"t":"pong"}
[tx] {"t":"ping"}
[tx] {"t":"ping"}
[tx] {"t":"ping"}
[bridge] link lost ([Errno 32] Broken pipe) — reconnect in 3.0s
[tx] {"t":"hello","ver":1}
[rx] {"t":"hello_ack","ver":"0.4.42-dev","fw":"pidrive","slots":4,"page":true,"audio":true,"bin":true,"tcp":true,"tcpPort":9090}
[hello_ack] ver=0.4.42-dev slots=4 page=True tcp=True
[tx] {"t":"menu_set","rev":3710,"page":0,"items":[{"uid":"fav0","name":"Rock Antenne","kind":"station"},{"uid":"fav1","name":"Rock Antenne Bayern","kind":"station"},{"uid":"fav2","name":"Radio BOB!","kind":"station"},{"uid":"pump:page_next","name":"Menue","kind":"action"}]}
[bridge] reconnected tcp:192.168.178.89:9090 hello_ack=ok (menu snapshot resent rev=3710 grace=13)
[tx] {"t":"ping"}
[rx] {"t":"menu_ack","ok":true,"n":4,"rev":3710}
[menu_ack] ok=True n=4 rev=3710
[rx] {"t":"pong"}
[rx] {"t":"event","op":"diag","code":"msc.phase","detail":"quiet cache?"}
[msc] msc.phase quiet cache?
[rx] {"t":"event","op":"diag","code":"msc.quiet","detail":"file=1260032B age=2003ms"}
[msc] msc.quiet file=1260032B age=2003ms
[tx] {"t":"ping"}
[rx] {"t":"pong"}
[rx] {"t":"event","op":"msc.reads","ms":13446,"gap":3781,"lba0":1953,"lba1":1953,"bytes":4096,"n":1,"kind":2,"ov":0}
[msc.reads] n=1 bytes=4096 lba=1953..1953 gap=3781 ov=0
[rx] {"t":"event","op":"diag","code":"play.reject","detail":"not_from_head uid=fav0 from=1953 +4096B age=6528ms prefetch"}
[msc] play.reject not_from_head uid=fav0 from=1953 +4096B age=6528ms prefetch
[rx] {"t":"event","op":"msc.reads","ms":13464,"gap":18,"lba0":1961,"lba1":1961,"bytes":4096,"n":1,"kind":2,"ov":0}
[msc.reads] n=1 bytes=4096 lba=1961..1961 gap=18 ov=0
[rx] {"t":"event","op":"msc.reads","ms":13468,"gap":4,"lba0":1713,"lba1":1713,"bytes":4096,"n":1,"kind":2,"ov":0}
[msc.reads] n=1 bytes=4096 lba=1713..1713 gap=4 ov=0
[rx] {"t":"event","op":"msc.reads","ms":13472,"gap":4,"lba0":1721,"lba1":1721,"bytes":4096,"n":1,"kind":2,"ov":0}
[msc.reads] n=1 bytes=4096 lba=1721..1721 gap=4 ov=0
[rx] {"t":"event","op":"msc.reads","ms":13476,"gap":4,"lba0":1729,"lba1":1729,"bytes":4096,"n":1,"kind":2,"ov":0}
[msc.reads] n=1 bytes=4096 lba=1729..1729 gap=4 ov=0
[rx] {"t":"event","op":"msc.reads","ms":13479,"gap":3,"lba0":1737,"lba1":1737,"bytes":4096,"n":1,"kind":2,"ov":0}
[msc.reads] n=1 bytes=4096 lba=1737..1737 gap=3 ov=0
[rx] {"t":"event","op":"msc.reads","ms":13484,"gap":5,"lba0":1745,"lba1":1753,"bytes":8192,"n":2,"kind":2,"ov":0}
[msc.reads] n=2 bytes=8192 lba=1745..1753 gap=5 ov=0
[rx] {"t":"event","op":"msc.reads","ms":13491,"gap":4,"lba0":1761,"lba1":1761,"bytes":4096,"n":1,"kind":2,"ov":0}
[msc.reads] n=1 bytes=4096 lba=1761..1761 gap=4 ov=0
[rx] {"t":"event","op":"msc.reads","ms":13495,"gap":4,"lba0":1769,"lba1":1769,"bytes":4096,"n":1,"kind":2,"ov":0}
[msc.reads] n=1 bytes=4096 lba=1769..1769 gap=4 ov=0
[rx] {"t":"event","op":"msc.reads","ms":13499,"gap":4,"lba0":1777,"lba1":1777,"bytes":4096,"n":1,"kind":2,"ov":0}
[msc.reads] n=1 bytes=4096 lba=1777..1777 gap=4 ov=0
[rx] {"t":"event","op":"msc.reads","ms":13503,"gap":4,"lba0":1785,"lba1":1785,"bytes":4096,"n":1,"kind":2,"ov":0}
[msc.reads] n=1 bytes=4096 lba=1785..1785 gap=4 ov=0
[rx] {"t":"event","op":"msc.reads","ms":13507,"gap":4,"lba0":1793,"lba1":1793,"bytes":4096,"n":1,"kind":2,"ov":0}
[msc.reads] n=1 bytes=4096 lba=1793..1793 gap=4 ov=0
[rx] {"t":"event","op":"msc.reads","ms":13511,"gap":4,"lba0":1801,"lba1":1809,"bytes":8192,"n":2,"kind":2,"ov":0}
[msc.reads] n=2 bytes=8192 lba=1801..1809 gap=4 ov=0
[rx] {"t":"event","op":"msc.reads","ms":13518,"gap":4,"lba0":1817,"lba1":1817,"bytes":4096,"n":1,"kind":2,"ov":0}
[msc.reads] n=1 bytes=4096 lba=1817..1817 gap=4 ov=0
[rx] {"t":"event","op":"msc.reads","ms":13522,"gap":4,"lba0":1825,"lba1":1825,"bytes":4096,"n":1,"kind":2,"ov":0}
[msc.reads] n=1 bytes=4096 lba=1825..1825 gap=4 ov=0
[rx] {"t":"event","op":"msc.reads","ms":13526,"gap":4,"lba0":1833,"lba1":1833,"bytes":4096,"n":1,"kind":2,"ov":0}
[msc.reads] n=1 bytes=4096 lba=1833..1833 gap=4 ov=0
[rx] {"t":"event","op":"msc.reads","ms":13530,"gap":4,"lba0":1841,"lba1":1841,"bytes":4096,"n":1,"kind":2,"ov":0}
[msc.reads] n=1 bytes=4096 lba=1841..1841 gap=4 ov=0
[rx] {"t":"event","op":"msc.reads","ms":13534,"gap":4,"lba0":1849,"lba1":1849,"bytes":4096,"n":1,"kind":2,"ov":0}
[msc.reads] n=1 bytes=4096 lba=1849..1849 gap=4 ov=0
[rx] {"t":"event","op":"msc.reads","ms":13538,"gap":4,"lba0":1857,"lba1":1857,"bytes":4096,"n":1,"kind":2,"ov":0}
[msc.reads] n=1 bytes=4096 lba=1857..1857 gap=4 ov=0
[rx] {"t":"event","op":"msc.reads","ms":13542,"gap":4,"lba0":1865,"lba1":1865,"bytes":4096,"n":1,"kind":2,"ov":0}
[msc.reads] n=1 bytes=4096 lba=1865..1865 gap=4 ov=0
[rx] {"t":"event","op":"msc.reads","ms":13545,"gap":3,"lba0":1873,"lba1":1873,"bytes":4096,"n":1,"kind":2,"ov":0}
[msc.reads] n=1 bytes=4096 lba=1873..1873 gap=3 ov=0
[rx] {"t":"event","op":"msc.reads","ms":13549,"gap":4,"lba0":1881,"lba1":1889,"bytes":8192,"n":2,"kind":2,"ov":0}
[msc.reads] n=2 bytes=8192 lba=1881..1889 gap=4 ov=0
[rx] {"t":"event","op":"msc.reads","ms":13557,"gap":4,"lba0":1897,"lba1":1897,"bytes":4096,"n":1,"kind":2,"ov":0}
[msc.reads] n=1 bytes=4096 lba=1897..1897 gap=4 ov=0
[rx] {"t":"event","op":"msc.reads","ms":13561,"gap":4,"lba0":1905,"lba1":1905,"bytes":4096,"n":1,"kind":2,"ov":0}
[msc.reads] n=1 bytes=4096 lba=1905..1905 gap=4 ov=0
[rx] {"t":"event","op":"msc.reads","ms":13565,"gap":4,"lba0":1913,"lba1":1913,"bytes":4096,"n":1,"kind":2,"ov":0}
[msc.reads] n=1 bytes=4096 lba=1913..1913 gap=4 ov=0
[rx] {"t":"event","op":"msc.reads","ms":13569,"gap":4,"lba0":1921,"lba1":1921,"bytes":4096,"n":1,"kind":2,"ov":0}
[msc.reads] n=1 bytes=4096 lba=1921..1921 gap=4 ov=0
[rx] {"t":"event","op":"msc.reads","ms":13573,"gap":4,"lba0":1929,"lba1":1929,"bytes":4096,"n":1,"kind":2,"ov":0}
[msc.reads] n=1 bytes=4096 lba=1929..1929 gap=4 ov=0
[rx] {"t":"event","op":"msc.reads","ms":13577,"gap":4,"lba0":1937,"lba1":1937,"bytes":4096,"n":1,"kind":2,"ov":0}
[msc.reads] n=1 bytes=4096 lba=1937..1937 gap=4 ov=0
[rx] {"t":"event","op":"msc.reads","ms":13580,"gap":3,"lba0":1945,"lba1":1945,"bytes":4096,"n":1,"kind":2,"ov":0}
[msc.reads] n=1 bytes=4096 lba=1945..1945 gap=3 ov=0
[rx] {"t":"event","op":"msc.reads","ms":13585,"gap":5,"lba0":1473,"lba1":1473,"bytes":4096,"n":1,"kind":2,"ov":0}
[msc.reads] n=1 bytes=4096 lba=1473..1473 gap=5 ov=0
[rx] {"t":"event","op":"msc.reads","ms":13594,"gap":9,"lba0":1481,"lba1":1481,"bytes":4096,"n":1,"kind":2,"ov":0}
[msc.reads] n=1 bytes=4096 lba=1481..1481 gap=9 ov=0
[rx] {"t":"event","op":"msc.reads","ms":13598,"gap":4,"lba0":1489,"lba1":1489,"bytes":4096,"n":1,"kind":2,"ov":0}
[msc.reads] n=1 bytes=4096 lba=1489..1489 gap=4 ov=0
[rx] {"t":"event","op":"msc.reads","ms":13602,"gap":4,"lba0":1497,"lba1":1497,"bytes":4096,"n":1,"kind":2,"ov":0}
[msc.reads] n=1 bytes=4096 lba=1497..1497 gap=4 ov=0
[rx] {"t":"event","op":"msc.reads","ms":13605,"gap":3,"lba0":1505,"lba1":1505,"bytes":4096,"n":1,"kind":2,"ov":0}
[msc.reads] n=1 bytes=4096 lba=1505..1505 gap=3 ov=0
[rx] {"t":"event","op":"msc.reads","ms":13609,"gap":4,"lba0":1513,"lba1":1513,"bytes":4096,"n":1,"kind":2,"ov":0}
[msc.reads] n=1 bytes=4096 lba=1513..1513 gap=4 ov=0
[rx] {"t":"event","op":"msc.reads","ms":13613,"gap":4,"lba0":1521,"lba1":1529,"bytes":8192,"n":2,"kind":2,"ov":0}
[msc.reads] n=2 bytes=8192 lba=1521..1529 gap=4 ov=0
[rx] {"t":"event","op":"msc.reads","ms":13621,"gap":4,"lba0":1537,"lba1":1537,"bytes":4096,"n":1,"kind":2,"ov":0}
[msc.reads] n=1 bytes=4096 lba=1537..1537 gap=4 ov=0
[rx] {"t":"event","op":"msc.reads","ms":13625,"gap":4,"lba0":1545,"lba1":1545,"bytes":4096,"n":1,"kind":2,"ov":0}
[msc.reads] n=1 bytes=4096 lba=1545..1545 gap=4 ov=0
[rx] {"t":"event","op":"msc.reads","ms":13629,"gap":4,"lba0":1553,"lba1":1553,"bytes":4096,"n":1,"kind":2,"ov":0}
[msc.reads] n=1 bytes=4096 lba=1553..1553 gap=4 ov=0
[rx] {"t":"event","op":"msc.reads","ms":13633,"gap":4,"lba0":1561,"lba1":1561,"bytes":4096,"n":1,"kind":2,"ov":0}
[msc.reads] n=1 bytes=4096 lba=1561..1561 gap=4 ov=0
[rx] {"t":"event","op":"msc.reads","ms":13636,"gap":3,"lba0":1569,"lba1":1569,"bytes":4096,"n":1,"kind":2,"ov":0}
[msc.reads] n=1 bytes=4096 lba=1569..1569 gap=3 ov=0
[rx] {"t":"event","op":"msc.reads","ms":13640,"gap":4,"lba0":1577,"lba1":1577,"bytes":4096,"n":1,"kind":2,"ov":0}
[msc.reads] n=1 bytes=4096 lba=1577..1577 gap=4 ov=0
[rx] {"t":"event","op":"msc.reads","ms":13644,"gap":4,"lba0":1585,"lba1":1585,"bytes":4096,"n":1,"kind":2,"ov":0}
[msc.reads] n=1 bytes=4096 lba=1585..1585 gap=4 ov=0
[rx] {"t":"event","op":"msc.reads","ms":13648,"gap":4,"lba0":1593,"lba1":1593,"bytes":4096,"n":1,"kind":2,"ov":0}
[msc.reads] n=1 bytes=4096 lba=1593..1593 gap=4 ov=0
[rx] {"t":"event","op":"msc.reads","ms":13652,"gap":4,"lba0":1601,"lba1":1601,"bytes":4096,"n":1,"kind":2,"ov":0}
[msc.reads] n=1 bytes=4096 lba=1601..1601 gap=4 ov=0
[rx] {"t":"event","op":"msc.reads","ms":13657,"gap":5,"lba0":1609,"lba1":1617,"bytes":8192,"n":2,"kind":2,"ov":0}
[msc.reads] n=2 bytes=8192 lba=1609..1617 gap=5 ov=0
[rx] {"t":"event","op":"msc.reads","ms":13664,"gap":4,"lba0":1625,"lba1":1625,"bytes":4096,"n":1,"kind":2,"ov":0}
[msc.reads] n=1 bytes=4096 lba=1625..1625 gap=4 ov=0
[rx] {"t":"event","op":"msc.reads","ms":13668,"gap":4,"lba0":1633,"lba1":1633,"bytes":4096,"n":1,"kind":2,"ov":0}
[msc.reads] n=1 bytes=4096 lba=1633..1633 gap=4 ov=0
[rx] {"t":"event","op":"msc.reads","ms":13672,"gap":4,"lba0":1641,"lba1":1641,"bytes":4096,"n":1,"kind":2,"ov":0}
[msc.reads] n=1 bytes=4096 lba=1641..1641 gap=4 ov=0
[rx] {"t":"event","op":"msc.reads","ms":13676,"gap":4,"lba0":1649,"lba1":1649,"bytes":4096,"n":1,"kind":2,"ov":0}
[msc.reads] n=1 bytes=4096 lba=1649..1649 gap=4 ov=0
[rx] {"t":"event","op":"msc.reads","ms":13680,"gap":4,"lba0":1657,"lba1":1657,"bytes":4096,"n":1,"kind":2,"ov":0}
[msc.reads] n=1 bytes=4096 lba=1657..1657 gap=4 ov=0
[rx] {"t":"event","op":"msc.reads","ms":13684,"gap":4,"lba0":1665,"lba1":1673,"bytes":8192,"n":2,"kind":2,"ov":0}
[msc.reads] n=2 bytes=8192 lba=1665..1673 gap=4 ov=0
[rx] {"t":"event","op":"msc.reads","ms":13691,"gap":4,"lba0":1681,"lba1":1681,"bytes":4096,"n":1,"kind":2,"ov":0}
[msc.reads] n=1 bytes=4096 lba=1681..1681 gap=4 ov=0
[rx] {"t":"event","op":"msc.reads","ms":13695,"gap":4,"lba0":1689,"lba1":1969,"bytes":16384,"n":4,"kind":2,"ov":0}
[msc.reads] n=4 bytes=16384 lba=1689..1969 gap=4 ov=0
[rx] {"t":"event","op":"msc.reads","ms":13711,"gap":4,"lba0":1977,"lba1":1977,"bytes":4096,"n":1,"kind":2,"ov":0}
[msc.reads] n=1 bytes=4096 lba=1977..1977 gap=4 ov=0
[rx] {"t":"event","op":"msc.reads","ms":13715,"gap":4,"lba0":1985,"lba1":1985,"bytes":4096,"n":1,"kind":2,"ov":0}
[msc.reads] n=1 bytes=4096 lba=1985..1985 gap=4 ov=0
[rx] {"t":"event","op":"msc.reads","ms":13719,"gap":4,"lba0":1993,"lba1":1993,"bytes":4096,"n":1,"kind":2,"ov":0}
[msc.reads] n=1 bytes=4096 lba=1993..1993 gap=4 ov=0
[rx] {"t":"event","op":"msc.reads","ms":13723,"gap":4,"lba0":2001,"lba1":2001,"bytes":4096,"n":1,"kind":2,"ov":0}
[msc.reads] n=1 bytes=4096 lba=2001..2001 gap=4 ov=0
[rx] {"t":"event","op":"msc.reads","ms":13727,"gap":4,"lba0":2009,"lba1":2009,"bytes":4096,"n":1,"kind":2,"ov":0}
[msc.reads] n=1 bytes=4096 lba=2009..2009 gap=4 ov=0
[rx] {"t":"event","op":"msc.reads","ms":13730,"gap":3,"lba0":2017,"lba1":2017,"bytes":4096,"n":1,"kind":2,"ov":0}
[msc.reads] n=1 bytes=4096 lba=2017..2017 gap=3 ov=0
[rx] {"t":"event","op":"msc.reads","ms":13734,"gap":4,"lba0":2025,"lba1":2025,"bytes":4096,"n":1,"kind":2,"ov":0}
[msc.reads] n=1 bytes=4096 lba=2025..2025 gap=4 ov=0
[rx] {"t":"event","op":"msc.reads","ms":13738,"gap":4,"lba0":2033,"lba1":2033,"bytes":4096,"n":1,"kind":2,"ov":0}
[msc.reads] n=1 bytes=4096 lba=2033..2033 gap=4 ov=0
[rx] {"t":"event","op":"msc.reads","ms":13743,"gap":5,"lba0":2041,"lba1":2041,"bytes":4096,"n":1,"kind":2,"ov":0}
[msc.reads] n=1 bytes=4096 lba=2041..2041 gap=5 ov=0
[rx] {"t":"event","op":"msc.reads","ms":13747,"gap":4,"lba0":2049,"lba1":2049,"bytes":4096,"n":1,"kind":2,"ov":0}
[msc.reads] n=1 bytes=4096 lba=2049..2049 gap=4 ov=0
[rx] {"t":"event","op":"msc.reads","ms":13751,"gap":4,"lba0":2057,"lba1":2057,"bytes":4096,"n":1,"kind":2,"ov":0}
[msc.reads] n=1 bytes=4096 lba=2057..2057 gap=4 ov=0
[rx] {"t":"event","op":"msc.reads","ms":13755,"gap":4,"lba0":2065,"lba1":2065,"bytes":4096,"n":1,"kind":2,"ov":0}
[msc.reads] n=1 bytes=4096 lba=2065..2065 gap=4 ov=0
[rx] {"t":"event","op":"msc.reads","ms":13758,"gap":3,"lba0":2073,"lba1":2081,"bytes":8192,"n":2,"kind":2,"ov":0}
[msc.reads] n=2 bytes=8192 lba=2073..2081 gap=3 ov=0
[rx] {"t":"event","op":"msc.reads","ms":13766,"gap":4,"lba0":2089,"lba1":2089,"bytes":4096,"n":1,"kind":2,"ov":0}
[msc.reads] n=1 bytes=4096 lba=2089..2089 gap=4 ov=0
[rx] {"t":"event","op":"msc.reads","ms":13770,"gap":4,"lba0":2097,"lba1":2097,"bytes":4096,"n":1,"kind":2,"ov":0}
[msc.reads] n=1 bytes=4096 lba=2097..2097 gap=4 ov=0
[rx] {"t":"event","op":"msc.reads","ms":13774,"gap":4,"lba0":2105,"lba1":2105,"bytes":4096,"n":1,"kind":2,"ov":0}
[msc.reads] n=1 bytes=4096 lba=2105..2105 gap=4 ov=0
[rx] {"t":"event","op":"msc.reads","ms":13778,"gap":4,"lba0":2113,"lba1":2113,"bytes":4096,"n":1,"kind":2,"ov":0}
[msc.reads] n=1 bytes=4096 lba=2113..2113 gap=4 ov=0
[rx] {"t":"event","op":"msc.reads","ms":13782,"gap":4,"lba0":2121,"lba1":2121,"bytes":4096,"n":1,"kind":2,"ov":0}
[msc.reads] n=1 bytes=4096 lba=2121..2121 gap=4 ov=0
[rx] {"t":"event","op":"msc.reads","ms":13786,"gap":4,"lba0":2129,"lba1":2129,"bytes":4096,"n":1,"kind":2,"ov":0}
[msc.reads] n=1 bytes=4096 lba=2129..2129 gap=4 ov=0
[rx] {"t":"event","op":"msc.reads","ms":13790,"gap":4,"lba0":2137,"lba1":2137,"bytes":4096,"n":1,"kind":2,"ov":0}
[msc.reads] n=1 bytes=4096 lba=2137..2137 gap=4 ov=0
[rx] {"t":"event","op":"msc.reads","ms":13794,"gap":4,"lba0":2145,"lba1":2145,"bytes":4096,"n":1,"kind":2,"ov":0}
[msc.reads] n=1 bytes=4096 lba=2145..2145 gap=4 ov=0
[rx] {"t":"event","op":"msc.reads","ms":13798,"gap":4,"lba0":2153,"lba1":2153,"bytes":4096,"n":1,"kind":2,"ov":0}
[msc.reads] n=1 bytes=4096 lba=2153..2153 gap=4 ov=0
[rx] {"t":"event","op":"msc.reads","ms":13802,"gap":4,"lba0":2161,"lba1":2161,"bytes":4096,"n":1,"kind":2,"ov":0}
[msc.reads] n=1 bytes=4096 lba=2161..2161 gap=4 ov=0
[rx] {"t":"event","op":"msc.reads","ms":13806,"gap":4,"lba0":2169,"lba1":2169,"bytes":4096,"n":1,"kind":2,"ov":0}
[msc.reads] n=1 bytes=4096 lba=2169..2169 gap=4 ov=0
[rx] {"t":"event","op":"msc.reads","ms":13810,"gap":4,"lba0":2177,"lba1":2177,"bytes":4096,"n":1,"kind":2,"ov":0}
[msc.reads] n=1 bytes=4096 lba=2177..2177 gap=4 ov=0
[rx] {"t":"event","op":"msc.reads","ms":13814,"gap":4,"lba0":2185,"lba1":2185,"bytes":4096,"n":1,"kind":2,"ov":0}
[msc.reads] n=1 bytes=4096 lba=2185..2185 gap=4 ov=0
[rx] {"t":"event","op":"msc.reads","ms":13818,"gap":4,"lba0":2193,"lba1":2193,"bytes":4096,"n":1,"kind":2,"ov":0}
[msc.reads] n=1 bytes=4096 lba=2193..2193 gap=4 ov=0
[rx] {"t":"event","op":"msc.reads","ms":13822,"gap":4,"lba0":2201,"lba1":2201,"bytes":4096,"n":1,"kind":2,"ov":0}
[msc.reads] n=1 bytes=4096 lba=2201..2201 gap=4 ov=0
[rx] {"t":"event","op":"msc.reads","ms":13826,"gap":4,"lba0":2209,"lba1":2217,"bytes":8192,"n":2,"kind":2,"ov":0}
[msc.reads] n=2 bytes=8192 lba=2209..2217 gap=4 ov=0
[rx] {"t":"event","op":"msc.reads","ms":13833,"gap":3,"lba0":2225,"lba1":2225,"bytes":4096,"n":1,"kind":2,"ov":0}
[msc.reads] n=1 bytes=4096 lba=2225..2225 gap=3 ov=0
[rx] {"t":"event","op":"msc.reads","ms":13837,"gap":4,"lba0":2233,"lba1":2233,"bytes":4096,"n":1,"kind":2,"ov":0}
[msc.reads] n=1 bytes=4096 lba=2233..2233 gap=4 ov=0
[rx] {"t":"event","op":"msc.reads","ms":13841,"gap":4,"lba0":2241,"lba1":2241,"bytes":4096,"n":1,"kind":2,"ov":0}
[msc.reads] n=1 bytes=4096 lba=2241..2241 gap=4 ov=0
[rx] {"t":"event","op":"msc.reads","ms":13845,"gap":4,"lba0":2249,"lba1":2249,"bytes":4096,"n":1,"kind":2,"ov":0}
[msc.reads] n=1 bytes=4096 lba=2249..2249 gap=4 ov=0
[rx] {"t":"event","op":"msc.reads","ms":13849,"gap":4,"lba0":2257,"lba1":2265,"bytes":8192,"n":2,"kind":2,"ov":0}
[msc.reads] n=2 bytes=8192 lba=2257..2265 gap=4 ov=0
[rx] {"t":"event","op":"msc.reads","ms":13857,"gap":4,"lba0":2273,"lba1":2273,"bytes":4096,"n":1,"kind":2,"ov":0}
[msc.reads] n=1 bytes=4096 lba=2273..2273 gap=4 ov=0
[rx] {"t":"event","op":"msc.reads","ms":13860,"gap":3,"lba0":2281,"lba1":2281,"bytes":4096,"n":1,"kind":2,"ov":0}
[msc.reads] n=1 bytes=4096 lba=2281..2281 gap=3 ov=0
[rx] {"t":"event","op":"msc.reads","ms":13864,"gap":4,"lba0":2289,"lba1":2289,"bytes":4096,"n":1,"kind":2,"ov":0}
[msc.reads] n=1 bytes=4096 lba=2289..2289 gap=4 ov=0
[rx] {"t":"event","op":"msc.reads","ms":13868,"gap":4,"lba0":2297,"lba1":2297,"bytes":4096,"n":1,"kind":2,"ov":0}
[msc.reads] n=1 bytes=4096 lba=2297..2297 gap=4 ov=0
[rx] {"t":"event","op":"msc.reads","ms":13872,"gap":4,"lba0":2305,"lba1":2305,"bytes":4096,"n":1,"kind":2,"ov":0}
[msc.reads] n=1 bytes=4096 lba=2305..2305 gap=4 ov=0
[rx] {"t":"event","op":"msc.reads","ms":13876,"gap":4,"lba0":2313,"lba1":2313,"bytes":4096,"n":1,"kind":2,"ov":0}
[msc.reads] n=1 bytes=4096 lba=2313..2313 gap=4 ov=0
[rx] {"t":"event","op":"msc.reads","ms":13880,"gap":4,"lba0":2321,"lba1":2321,"bytes":4096,"n":1,"kind":2,"ov":0}
[msc.reads] n=1 bytes=4096 lba=2321..2321 gap=4 ov=0
[rx] {"t":"event","op":"msc.reads","ms":13884,"gap":4,"lba0":2329,"lba1":2337,"bytes":8192,"n":2,"kind":2,"ov":0}
[msc.reads] n=2 bytes=8192 lba=2329..2337 gap=4 ov=0
[rx] {"t":"event","op":"msc.reads","ms":13891,"gap":4,"lba0":2345,"lba1":2345,"bytes":4096,"n":1,"kind":2,"ov":0}
[msc.reads] n=1 bytes=4096 lba=2345..2345 gap=4 ov=0
[rx] {"t":"event","op":"msc.reads","ms":13895,"gap":4,"lba0":2353,"lba1":2353,"bytes":4096,"n":1,"kind":2,"ov":0}
[msc.reads] n=1 bytes=4096 lba=2353..2353 gap=4 ov=0
[rx] {"t":"event","op":"msc.reads","ms":13899,"gap":4,"lba0":2361,"lba1":2361,"bytes":4096,"n":1,"kind":2,"ov":0}
[msc.reads] n=1 bytes=4096 lba=2361..2361 gap=4 ov=0
[rx] {"t":"event","op":"msc.reads","ms":13903,"gap":4,"lba0":2369,"lba1":2369,"bytes":4096,"n":1,"kind":2,"ov":0}
[msc.reads] n=1 bytes=4096 lba=2369..2369 gap=4 ov=0
[rx] {"t":"event","op":"msc.reads","ms":13907,"gap":4,"lba0":2377,"lba1":2377,"bytes":4096,"n":1,"kind":2,"ov":0}
[msc.reads] n=1 bytes=4096 lba=2377..2377 gap=4 ov=0
[rx] {"t":"event","op":"msc.reads","ms":13911,"gap":4,"lba0":2385,"lba1":2393,"bytes":8192,"n":2,"kind":2,"ov":0}
[msc.reads] n=2 bytes=8192 lba=2385..2393 gap=4 ov=0
[rx] {"t":"event","op":"msc.reads","ms":13918,"gap":3,"lba0":2401,"lba1":2401,"bytes":4096,"n":1,"kind":2,"ov":0}
[msc.reads] n=1 bytes=4096 lba=2401..2401 gap=3 ov=0
[rx] {"t":"event","op":"msc.reads","ms":13922,"gap":4,"lba0":2409,"lba1":2409,"bytes":4096,"n":1,"kind":2,"ov":0}
[msc.reads] n=1 bytes=4096 lba=2409..2409 gap=4 ov=0
[rx] {"t":"event","op":"msc.reads","ms":13926,"gap":4,"lba0":2417,"lba1":2417,"bytes":4096,"n":1,"kind":2,"ov":0}
[msc.reads] n=1 bytes=4096 lba=2417..2417 gap=4 ov=0
[rx] {"t":"event","op":"msc.reads","ms":13930,"gap":4,"lba0":2425,"lba1":2425,"bytes":4096,"n":1,"kind":2,"ov":0}
[msc.reads] n=1 bytes=4096 lba=2425..2425 gap=4 ov=0
[rx] {"t":"event","op":"msc.reads","ms":13934,"gap":4,"lba0":2433,"lba1":2513,"bytes":45056,"n":11,"kind":2,"ov":0}
[msc.reads] n=11 bytes=45056 lba=2433..2513 gap=4 ov=0
[rx] {"t":"event","op":"msc.reads","ms":13976,"gap":4,"lba0":2521,"lba1":2529,"bytes":8192,"n":2,"kind":2,"ov":0}
[msc.reads] n=2 bytes=8192 lba=2521..2529 gap=4 ov=0
[rx] {"t":"event","op":"msc.reads","ms":13984,"gap":4,"lba0":2537,"lba1":2537,"bytes":4096,"n":1,"kind":2,"ov":0}
[msc.reads] n=1 bytes=4096 lba=2537..2537 gap=4 ov=0
[rx] {"t":"event","op":"msc.reads","ms":13988,"gap":4,"lba0":2545,"lba1":2545,"bytes":4096,"n":1,"kind":2,"ov":0}
[msc.reads] n=1 bytes=4096 lba=2545..2545 gap=4 ov=0
[rx] {"t":"event","op":"msc.reads","ms":13992,"gap":4,"lba0":2553,"lba1":2553,"bytes":4096,"n":1,"kind":2,"ov":0}
[msc.reads] n=1 bytes=4096 lba=2553..2553 gap=4 ov=0
[rx] {"t":"event","op":"msc.reads","ms":13996,"gap":4,"lba0":2561,"lba1":2569,"bytes":8192,"n":2,"kind":2,"ov":0}
[msc.reads] n=2 bytes=8192 lba=2561..2569 gap=4 ov=0
[rx] {"t":"event","op":"msc.reads","ms":14004,"gap":4,"lba0":2577,"lba1":2585,"bytes":8192,"n":2,"kind":2,"ov":0}
[msc.reads] n=2 bytes=8192 lba=2577..2585 gap=4 ov=0
[rx] {"t":"event","op":"msc.reads","ms":14011,"gap":4,"lba0":2593,"lba1":2593,"bytes":4096,"n":1,"kind":2,"ov":0}
[msc.reads] n=1 bytes=4096 lba=2593..2593 gap=4 ov=0
[rx] {"t":"event","op":"msc.reads","ms":14015,"gap":4,"lba0":2601,"lba1":2633,"bytes":20480,"n":5,"kind":2,"ov":0}
[msc.reads] n=5 bytes=20480 lba=2601..2633 gap=4 ov=0
[rx] {"t":"event","op":"msc.reads","ms":14034,"gap":4,"lba0":2641,"lba1":2641,"bytes":4096,"n":1,"kind":2,"ov":0}
[msc.reads] n=1 bytes=4096 lba=2641..2641 gap=4 ov=0
[rx] {"t":"event","op":"msc.reads","ms":14037,"gap":3,"lba0":2649,"lba1":809,"bytes":53248,"n":13,"kind":2,"ov":0}
[msc.reads] n=13 bytes=53248 lba=2649..809 gap=3 ov=0
[rx] {"t":"event","op":"msc.reads","ms":14087,"gap":3,"lba0":817,"lba1":817,"bytes":4096,"n":1,"kind":2,"ov":0}
[msc.reads] n=1 bytes=4096 lba=817..817 gap=3 ov=0
[rx] {"t":"event","op":"msc.reads","ms":14091,"gap":4,"lba0":825,"lba1":825,"bytes":4096,"n":1,"kind":2,"ov":0}
[msc.reads] n=1 bytes=4096 lba=825..825 gap=4 ov=0
[rx] {"t":"event","op":"msc.reads","ms":14095,"gap":4,"lba0":833,"lba1":833,"bytes":4096,"n":1,"kind":2,"ov":0}
[msc.reads] n=1 bytes=4096 lba=833..833 gap=4 ov=0
[rx] {"t":"event","op":"msc.reads","ms":14099,"gap":4,"lba0":841,"lba1":841,"bytes":4096,"n":1,"kind":2,"ov":0}
[msc.reads] n=1 bytes=4096 lba=841..841 gap=4 ov=0
[rx] {"t":"event","op":"msc.reads","ms":14103,"gap":4,"lba0":849,"lba1":873,"bytes":16384,"n":4,"kind":2,"ov":0}
[msc.reads] n=4 bytes=16384 lba=849..873 gap=4 ov=0
[rx] {"t":"event","op":"msc.reads","ms":14118,"gap":4,"lba0":881,"lba1":889,"bytes":8192,"n":2,"kind":2,"ov":0}
[msc.reads] n=2 bytes=8192 lba=881..889 gap=4 ov=0
[rx] {"t":"event","op":"msc.reads","ms":14126,"gap":4,"lba0":897,"lba1":897,"bytes":4096,"n":1,"kind":2,"ov":0}
[msc.reads] n=1 bytes=4096 lba=897..897 gap=4 ov=0
[rx] {"t":"event","op":"msc.reads","ms":14130,"gap":4,"lba0":905,"lba1":913,"bytes":8192,"n":2,"kind":2,"ov":0}
[msc.reads] n=2 bytes=8192 lba=905..913 gap=4 ov=0
[tx] {"t":"ping"}
[rx] {"t":"event","op":"msc.reads","ms":14137,"gap":4,"lba0":921,"lba1":921,"bytes":4096,"n":1,"kind":2,"ov":0}
[msc.reads] n=1 bytes=4096 lba=921..921 gap=4 ov=0
[rx] {"t":"event","op":"msc.reads","ms":14141,"gap":4,"lba0":929,"lba1":929,"bytes":4096,"n":1,"kind":2,"ov":0}
[msc.reads] n=1 bytes=4096 lba=929..929 gap=4 ov=0
[rx] {"t":"event","op":"msc.reads","ms":14145,"gap":4,"lba0":937,"lba1":993,"bytes":32768,"n":8,"kind":2,"ov":0}
[msc.reads] n=8 bytes=32768 lba=937..993 gap=4 ov=0
[rx] {"t":"event","op":"msc.reads","ms":14175,"gap":4,"lba0":1001,"lba1":1009,"bytes":8192,"n":2,"kind":2,"ov":0}
[msc.reads] n=2 bytes=8192 lba=1001..1009 gap=4 ov=0
[rx] {"t":"pong"}
[rx] {"t":"event","op":"msc.reads","ms":14182,"gap":4,"lba0":1017,"lba1":1033,"bytes":12288,"n":3,"kind":2,"ov":0}
[msc.reads] n=3 bytes=12288 lba=1017..1033 gap=4 ov=0
[rx] {"t":"event","op":"msc.reads","ms":14194,"gap":4,"lba0":1041,"lba1":1041,"bytes":4096,"n":1,"kind":2,"ov":0}
[msc.reads] n=1 bytes=4096 lba=1041..1041 gap=4 ov=0
[rx] {"t":"event","op":"msc.reads","ms":14198,"gap":4,"lba0":1049,"lba1":1057,"bytes":8192,"n":2,"kind":2,"ov":0}
[msc.reads] n=2 bytes=8192 lba=1049..1057 gap=4 ov=0
[rx] {"t":"event","op":"msc.reads","ms":14205,"gap":4,"lba0":1065,"lba1":1065,"bytes":4096,"n":1,"kind":2,"ov":0}
[msc.reads] n=1 bytes=4096 lba=1065..1065 gap=4 ov=0
[rx] {"t":"event","op":"msc.reads","ms":14209,"gap":4,"lba0":1073,"lba1":1073,"bytes":4096,"n":1,"kind":2,"ov":0}
[msc.reads] n=1 bytes=4096 lba=1073..1073 gap=4 ov=0
[rx] {"t":"event","op":"msc.reads","ms":14213,"gap":4,"lba0":1081,"lba1":1081,"bytes":4096,"n":1,"kind":2,"ov":0}
[msc.reads] n=1 bytes=4096 lba=1081..1081 gap=4 ov=0
[rx] {"t":"event","op":"msc.reads","ms":14217,"gap":4,"lba0":1089,"lba1":1089,"bytes":4096,"n":1,"kind":2,"ov":0}
[msc.reads] n=1 bytes=4096 lba=1089..1089 gap=4 ov=0
[rx] {"t":"event","op":"msc.reads","ms":14221,"gap":4,"lba0":1097,"lba1":1097,"bytes":4096,"n":1,"kind":2,"ov":0}
[msc.reads] n=1 bytes=4096 lba=1097..1097 gap=4 ov=0
[rx] {"t":"event","op":"msc.reads","ms":14226,"gap":5,"lba0":1105,"lba1":1105,"bytes":4096,"n":1,"kind":2,"ov":0}
[msc.reads] n=1 bytes=4096 lba=1105..1105 gap=5 ov=0
[rx] {"t":"event","op":"msc.reads","ms":14230,"gap":4,"lba0":1113,"lba1":1121,"bytes":8192,"n":2,"kind":2,"ov":0}
[msc.reads] n=2 bytes=8192 lba=1113..1121 gap=4 ov=0
[rx] {"t":"event","op":"msc.reads","ms":14237,"gap":4,"lba0":1129,"lba1":1129,"bytes":4096,"n":1,"kind":2,"ov":0}
[msc.reads] n=1 bytes=4096 lba=1129..1129 gap=4 ov=0
[rx] {"t":"event","op":"msc.reads","ms":14241,"gap":4,"lba0":1137,"lba1":1137,"bytes":4096,"n":1,"kind":2,"ov":0}
[msc.reads] n=1 bytes=4096 lba=1137..1137 gap=4 ov=0
[rx] {"t":"event","op":"msc.reads","ms":14245,"gap":4,"lba0":1145,"lba1":1145,"bytes":4096,"n":1,"kind":2,"ov":0}
[msc.reads] n=1 bytes=4096 lba=1145..1145 gap=4 ov=0
[rx] {"t":"event","op":"diag","code":"play.reject","detail":"not_from_head uid=fav0 from=753 +208896B age=7331ms prefetch"}
[msc] play.reject not_from_head uid=fav0 from=753 +208896B age=7331ms prefetch
[rx] {"t":"event","op":"msc.reads","ms":14249,"gap":4,"lba0":1153,"lba1":1153,"bytes":4096,"n":1,"kind":2,"ov":0}
[msc.reads] n=1 bytes=4096 lba=1153..1153 gap=4 ov=0
[rx] {"t":"event","op":"msc.reads","ms":14267,"gap":18,"lba0":1161,"lba1":1161,"bytes":4096,"n":1,"kind":2,"ov":0}
[msc.reads] n=1 bytes=4096 lba=1161..1161 gap=18 ov=0
[rx] {"t":"event","op":"msc.reads","ms":14270,"gap":3,"lba0":1169,"lba1":1169,"bytes":4096,"n":1,"kind":2,"ov":0}
[msc.reads] n=1 bytes=4096 lba=1169..1169 gap=3 ov=0
[rx] {"t":"event","op":"msc.reads","ms":14274,"gap":4,"lba0":1177,"lba1":1177,"bytes":4096,"n":1,"kind":2,"ov":0}
[msc.reads] n=1 bytes=4096 lba=1177..1177 gap=4 ov=0
[rx] {"t":"event","op":"msc.reads","ms":14278,"gap":4,"lba0":1185,"lba1":1233,"bytes":28672,"n":7,"kind":2,"ov":0}
[msc.reads] n=7 bytes=28672 lba=1185..1233 gap=4 ov=0
[rx] {"t":"event","op":"msc.reads","ms":14304,"gap":4,"lba0":1241,"lba1":1305,"bytes":36864,"n":9,"kind":2,"ov":0}
[msc.reads] n=9 bytes=36864 lba=1241..1305 gap=4 ov=0
[rx] {"t":"event","op":"msc.reads","ms":14338,"gap":4,"lba0":1313,"lba1":1313,"bytes":4096,"n":1,"kind":2,"ov":0}
[msc.reads] n=1 bytes=4096 lba=1313..1313 gap=4 ov=0
[rx] {"t":"event","op":"msc.reads","ms":14342,"gap":4,"lba0":1321,"lba1":1321,"bytes":4096,"n":1,"kind":2,"ov":0}
[msc.reads] n=1 bytes=4096 lba=1321..1321 gap=4 ov=0
[rx] {"t":"event","op":"msc.reads","ms":14345,"gap":3,"lba0":1329,"lba1":1329,"bytes":4096,"n":1,"kind":2,"ov":0}
[msc.reads] n=1 bytes=4096 lba=1329..1329 gap=3 ov=0
[rx] {"t":"event","op":"msc.reads","ms":14349,"gap":4,"lba0":1337,"lba1":1345,"bytes":8192,"n":2,"kind":2,"ov":0}
[msc.reads] n=2 bytes=8192 lba=1337..1345 gap=4 ov=0
[rx] {"t":"event","op":"msc.reads","ms":14357,"gap":4,"lba0":1353,"lba1":1353,"bytes":4096,"n":1,"kind":2,"ov":0}
[msc.reads] n=1 bytes=4096 lba=1353..1353 gap=4 ov=0
[rx] {"t":"event","op":"msc.reads","ms":14361,"gap":4,"lba0":1361,"lba1":1361,"bytes":4096,"n":1,"kind":2,"ov":0}
[msc.reads] n=1 bytes=4096 lba=1361..1361 gap=4 ov=0
[rx] {"t":"event","op":"msc.reads","ms":14365,"gap":4,"lba0":1369,"lba1":1369,"bytes":4096,"n":1,"kind":2,"ov":0}
[msc.reads] n=1 bytes=4096 lba=1369..1369 gap=4 ov=0
[rx] {"t":"event","op":"msc.reads","ms":14369,"gap":4,"lba0":1377,"lba1":1385,"bytes":8192,"n":2,"kind":2,"ov":0}
[msc.reads] n=2 bytes=8192 lba=1377..1385 gap=4 ov=0
[rx] {"t":"event","op":"msc.reads","ms":14376,"gap":4,"lba0":1393,"lba1":1393,"bytes":4096,"n":1,"kind":2,"ov":0}
[msc.reads] n=1 bytes=4096 lba=1393..1393 gap=4 ov=0
[rx] {"t":"event","op":"msc.reads","ms":14380,"gap":4,"lba0":1401,"lba1":1401,"bytes":4096,"n":1,"kind":2,"ov":0}
[msc.reads] n=1 bytes=4096 lba=1401..1401 gap=4 ov=0
[rx] {"t":"event","op":"msc.reads","ms":14384,"gap":4,"lba0":1409,"lba1":1409,"bytes":4096,"n":1,"kind":2,"ov":0}
[msc.reads] n=1 bytes=4096 lba=1409..1409 gap=4 ov=0
[rx] {"t":"event","op":"msc.reads","ms":14388,"gap":4,"lba0":1417,"lba1":1417,"bytes":4096,"n":1,"kind":2,"ov":0}
[msc.reads] n=1 bytes=4096 lba=1417..1417 gap=4 ov=0
[rx] {"t":"event","op":"msc.reads","ms":14392,"gap":4,"lba0":1425,"lba1":1425,"bytes":4096,"n":1,"kind":2,"ov":0}
[msc.reads] n=1 bytes=4096 lba=1425..1425 gap=4 ov=0
[rx] {"t":"event","op":"msc.reads","ms":14396,"gap":4,"lba0":1433,"lba1":1441,"bytes":8192,"n":2,"kind":2,"ov":0}
[msc.reads] n=2 bytes=8192 lba=1433..1441 gap=4 ov=0
[rx] {"t":"event","op":"msc.reads","ms":14403,"gap":4,"lba0":1449,"lba1":1449,"bytes":4096,"n":1,"kind":2,"ov":0}
[msc.reads] n=1 bytes=4096 lba=1449..1449 gap=4 ov=0
[rx] {"t":"event","op":"msc.reads","ms":14407,"gap":4,"lba0":1457,"lba1":1457,"bytes":4096,"n":1,"kind":2,"ov":0}
[msc.reads] n=1 bytes=4096 lba=1457..1457 gap=4 ov=0
[rx] {"t":"event","op":"msc.reads","ms":14411,"gap":4,"lba0":1465,"lba1":1465,"bytes":4096,"n":1,"kind":2,"ov":0}
[msc.reads] n=1 bytes=4096 lba=1465..1465 gap=4 ov=0
[rx] {"t":"event","op":"msc.reads","ms":14416,"gap":5,"lba0":2689,"lba1":2689,"bytes":4096,"n":1,"kind":2,"ov":0}
[msc.reads] n=1 bytes=4096 lba=2689..2689 gap=5 ov=0
[rx] {"t":"event","op":"msc.reads","ms":14419,"gap":3,"lba0":2697,"lba1":2697,"bytes":4096,"n":1,"kind":2,"ov":0}
[msc.reads] n=1 bytes=4096 lba=2697..2697 gap=3 ov=0
[rx] {"t":"event","op":"msc.reads","ms":14423,"gap":4,"lba0":2705,"lba1":2705,"bytes":4096,"n":1,"kind":2,"ov":0}
[msc.reads] n=1 bytes=4096 lba=2705..2705 gap=4 ov=0
[rx] {"t":"event","op":"msc.reads","ms":14427,"gap":4,"lba0":2713,"lba1":2713,"bytes":4096,"n":1,"kind":2,"ov":0}
[msc.reads] n=1 bytes=4096 lba=2713..2713 gap=4 ov=0
[rx] {"t":"event","op":"msc.reads","ms":14431,"gap":4,"lba0":2721,"lba1":2729,"bytes":8192,"n":2,"kind":2,"ov":0}
[msc.reads] n=2 bytes=8192 lba=2721..2729 gap=4 ov=0
[rx] {"t":"event","op":"msc.reads","ms":14439,"gap":4,"lba0":2737,"lba1":2737,"bytes":4096,"n":1,"kind":2,"ov":0}
[msc.reads] n=1 bytes=4096 lba=2737..2737 gap=4 ov=0
[rx] {"t":"event","op":"msc.reads","ms":14442,"gap":3,"lba0":2745,"lba1":2745,"bytes":4096,"n":1,"kind":2,"ov":0}
[msc.reads] n=1 bytes=4096 lba=2745..2745 gap=3 ov=0
[rx] {"t":"event","op":"msc.reads","ms":14446,"gap":4,"lba0":2753,"lba1":2753,"bytes":4096,"n":1,"kind":2,"ov":0}
[msc.reads] n=1 bytes=4096 lba=2753..2753 gap=4 ov=0
[rx] {"t":"event","op":"msc.reads","ms":14450,"gap":4,"lba0":2761,"lba1":2761,"bytes":4096,"n":1,"kind":2,"ov":0}
[msc.reads] n=1 bytes=4096 lba=2761..2761 gap=4 ov=0
[rx] {"t":"event","op":"msc.reads","ms":14454,"gap":4,"lba0":2769,"lba1":2769,"bytes":4096,"n":1,"kind":2,"ov":0}
[msc.reads] n=1 bytes=4096 lba=2769..2769 gap=4 ov=0
[rx] {"t":"event","op":"msc.reads","ms":14458,"gap":4,"lba0":2777,"lba1":2777,"bytes":4096,"n":1,"kind":2,"ov":0}
[msc.reads] n=1 bytes=4096 lba=2777..2777 gap=4 ov=0
[rx] {"t":"event","op":"msc.reads","ms":14462,"gap":4,"lba0":2785,"lba1":2793,"bytes":8192,"n":2,"kind":2,"ov":0}
[msc.reads] n=2 bytes=8192 lba=2785..2793 gap=4 ov=0
[rx] {"t":"event","op":"msc.reads","ms":14469,"gap":4,"lba0":2801,"lba1":2801,"bytes":4096,"n":1,"kind":2,"ov":0}
[msc.reads] n=1 bytes=4096 lba=2801..2801 gap=4 ov=0
[rx] {"t":"event","op":"msc.reads","ms":14473,"gap":4,"lba0":2809,"lba1":2809,"bytes":4096,"n":1,"kind":2,"ov":0}
[msc.reads] n=1 bytes=4096 lba=2809..2809 gap=4 ov=0
[rx] {"t":"event","op":"msc.reads","ms":14477,"gap":4,"lba0":2817,"lba1":2817,"bytes":4096,"n":1,"kind":2,"ov":0}
[msc.reads] n=1 bytes=4096 lba=2817..2817 gap=4 ov=0
[rx] {"t":"event","op":"msc.reads","ms":14481,"gap":4,"lba0":2825,"lba1":2825,"bytes":4096,"n":1,"kind":2,"ov":0}
[msc.reads] n=1 bytes=4096 lba=2825..2825 gap=4 ov=0
[rx] {"t":"event","op":"msc.reads","ms":14485,"gap":4,"lba0":2833,"lba1":2841,"bytes":8192,"n":2,"kind":2,"ov":0}
[msc.reads] n=2 bytes=8192 lba=2833..2841 gap=4 ov=0
[rx] {"t":"event","op":"msc.reads","ms":14493,"gap":4,"lba0":2849,"lba1":2849,"bytes":4096,"n":1,"kind":2,"ov":0}
[msc.reads] n=1 bytes=4096 lba=2849..2849 gap=4 ov=0
[rx] {"t":"event","op":"msc.reads","ms":14497,"gap":4,"lba0":2857,"lba1":2857,"bytes":4096,"n":1,"kind":2,"ov":0}
[msc.reads] n=1 bytes=4096 lba=2857..2857 gap=4 ov=0
[rx] {"t":"event","op":"msc.reads","ms":14501,"gap":4,"lba0":2865,"lba1":2865,"bytes":4096,"n":1,"kind":2,"ov":0}
[msc.reads] n=1 bytes=4096 lba=2865..2865 gap=4 ov=0
[rx] {"t":"event","op":"msc.reads","ms":14505,"gap":4,"lba0":2873,"lba1":2873,"bytes":4096,"n":1,"kind":2,"ov":0}
[msc.reads] n=1 bytes=4096 lba=2873..2873 gap=4 ov=0
[rx] {"t":"event","op":"msc.reads","ms":14509,"gap":4,"lba0":2881,"lba1":2881,"bytes":4096,"n":1,"kind":2,"ov":0}
[msc.reads] n=1 bytes=4096 lba=2881..2881 gap=4 ov=0
[rx] {"t":"event","op":"msc.reads","ms":14513,"gap":4,"lba0":2889,"lba1":2889,"bytes":4096,"n":1,"kind":2,"ov":0}
[msc.reads] n=1 bytes=4096 lba=2889..2889 gap=4 ov=0
[rx] {"t":"event","op":"msc.reads","ms":14517,"gap":4,"lba0":2897,"lba1":2905,"bytes":8192,"n":2,"kind":2,"ov":0}
[msc.reads] n=2 bytes=8192 lba=2897..2905 gap=4 ov=0
[rx] {"t":"event","op":"msc.reads","ms":14524,"gap":4,"lba0":2913,"lba1":2913,"bytes":4096,"n":1,"kind":2,"ov":0}
[msc.reads] n=1 bytes=4096 lba=2913..2913 gap=4 ov=0
[rx] {"t":"event","op":"msc.reads","ms":14528,"gap":4,"lba0":2921,"lba1":2921,"bytes":4096,"n":1,"kind":2,"ov":0}
[msc.reads] n=1 bytes=4096 lba=2921..2921 gap=4 ov=0
[rx] {"t":"event","op":"msc.reads","ms":14532,"gap":4,"lba0":2929,"lba1":2929,"bytes":4096,"n":1,"kind":2,"ov":0}
[msc.reads] n=1 bytes=4096 lba=2929..2929 gap=4 ov=0
[rx] {"t":"event","op":"msc.reads","ms":14536,"gap":4,"lba0":2937,"lba1":2937,"bytes":4096,"n":1,"kind":2,"ov":0}
[msc.reads] n=1 bytes=4096 lba=2937..2937 gap=4 ov=0
[rx] {"t":"event","op":"msc.reads","ms":14540,"gap":4,"lba0":2945,"lba1":2945,"bytes":4096,"n":1,"kind":2,"ov":0}
[msc.reads] n=1 bytes=4096 lba=2945..2945 gap=4 ov=0
[rx] {"t":"event","op":"msc.reads","ms":14544,"gap":4,"lba0":2953,"lba1":2953,"bytes":4096,"n":1,"kind":2,"ov":0}
[msc.reads] n=1 bytes=4096 lba=2953..2953 gap=4 ov=0
[rx] {"t":"event","op":"msc.reads","ms":14548,"gap":4,"lba0":2961,"lba1":2961,"bytes":4096,"n":1,"kind":2,"ov":0}
[msc.reads] n=1 bytes=4096 lba=2961..2961 gap=4 ov=0
[rx] {"t":"event","op":"msc.reads","ms":14552,"gap":4,"lba0":2969,"lba1":2969,"bytes":4096,"n":1,"kind":2,"ov":0}
[msc.reads] n=1 bytes=4096 lba=2969..2969 gap=4 ov=0
[rx] {"t":"event","op":"msc.reads","ms":14556,"gap":4,"lba0":2977,"lba1":2977,"bytes":4096,"n":1,"kind":2,"ov":0}
[msc.reads] n=1 bytes=4096 lba=2977..2977 gap=4 ov=0
[rx] {"t":"event","op":"msc.reads","ms":14560,"gap":4,"lba0":2985,"lba1":2985,"bytes":4096,"n":1,"kind":2,"ov":0}
[msc.reads] n=1 bytes=4096 lba=2985..2985 gap=4 ov=0
[rx] {"t":"event","op":"msc.reads","ms":14564,"gap":4,"lba0":2993,"lba1":2993,"bytes":4096,"n":1,"kind":2,"ov":0}
[msc.reads] n=1 bytes=4096 lba=2993..2993 gap=4 ov=0
[rx] {"t":"event","op":"msc.reads","ms":14568,"gap":4,"lba0":3001,"lba1":3009,"bytes":8192,"n":2,"kind":2,"ov":0}
[msc.reads] n=2 bytes=8192 lba=3001..3009 gap=4 ov=0
[rx] {"t":"event","op":"msc.reads","ms":14575,"gap":4,"lba0":3017,"lba1":3017,"bytes":4096,"n":1,"kind":2,"ov":0}
[msc.reads] n=1 bytes=4096 lba=3017..3017 gap=4 ov=0
[rx] {"t":"event","op":"msc.reads","ms":14579,"gap":4,"lba0":3025,"lba1":3025,"bytes":4096,"n":1,"kind":2,"ov":0}
[msc.reads] n=1 bytes=4096 lba=3025..3025 gap=4 ov=0
[rx] {"t":"event","op":"msc.reads","ms":14583,"gap":4,"lba0":3033,"lba1":3033,"bytes":4096,"n":1,"kind":2,"ov":0}
[msc.reads] n=1 bytes=4096 lba=3033..3033 gap=4 ov=0
[rx] {"t":"event","op":"msc.reads","ms":14587,"gap":4,"lba0":3041,"lba1":3041,"bytes":4096,"n":1,"kind":2,"ov":0}
[msc.reads] n=1 bytes=4096 lba=3041..3041 gap=4 ov=0
[rx] {"t":"event","op":"msc.reads","ms":14591,"gap":4,"lba0":3049,"lba1":3049,"bytes":4096,"n":1,"kind":2,"ov":0}
[msc.reads] n=1 bytes=4096 lba=3049..3049 gap=4 ov=0
[rx] {"t":"event","op":"msc.reads","ms":14594,"gap":3,"lba0":3057,"lba1":3057,"bytes":4096,"n":1,"kind":2,"ov":0}
[msc.reads] n=1 bytes=4096 lba=3057..3057 gap=3 ov=0
[rx] {"t":"event","op":"msc.reads","ms":14598,"gap":4,"lba0":3065,"lba1":3065,"bytes":4096,"n":1,"kind":2,"ov":0}
[msc.reads] n=1 bytes=4096 lba=3065..3065 gap=4 ov=0
[rx] {"t":"event","op":"msc.reads","ms":14602,"gap":4,"lba0":3073,"lba1":3073,"bytes":4096,"n":1,"kind":2,"ov":0}
[msc.reads] n=1 bytes=4096 lba=3073..3073 gap=4 ov=0
[rx] {"t":"event","op":"msc.reads","ms":14606,"gap":4,"lba0":3081,"lba1":3081,"bytes":4096,"n":1,"kind":2,"ov":0}
[msc.reads] n=1 bytes=4096 lba=3081..3081 gap=4 ov=0
[rx] {"t":"event","op":"msc.reads","ms":14610,"gap":4,"lba0":3089,"lba1":3097,"bytes":8192,"n":2,"kind":2,"ov":0}
[msc.reads] n=2 bytes=8192 lba=3089..3097 gap=4 ov=0
[rx] {"t":"event","op":"msc.reads","ms":14618,"gap":4,"lba0":3105,"lba1":3105,"bytes":4096,"n":1,"kind":2,"ov":0}
[msc.reads] n=1 bytes=4096 lba=3105..3105 gap=4 ov=0
[rx] {"t":"event","op":"msc.reads","ms":14622,"gap":4,"lba0":3113,"lba1":3113,"bytes":4096,"n":1,"kind":2,"ov":0}
[msc.reads] n=1 bytes=4096 lba=3113..3113 gap=4 ov=0
[rx] {"t":"event","op":"msc.reads","ms":14626,"gap":4,"lba0":3121,"lba1":3121,"bytes":4096,"n":1,"kind":2,"ov":0}
[msc.reads] n=1 bytes=4096 lba=3121..3121 gap=4 ov=0
[rx] {"t":"event","op":"msc.reads","ms":14629,"gap":3,"lba0":3129,"lba1":3129,"bytes":4096,"n":1,"kind":2,"ov":0}
[msc.reads] n=1 bytes=4096 lba=3129..3129 gap=3 ov=0
[rx] {"t":"event","op":"msc.reads","ms":14633,"gap":4,"lba0":3137,"lba1":3137,"bytes":4096,"n":1,"kind":2,"ov":0}
[msc.reads] n=1 bytes=4096 lba=3137..3137 gap=4 ov=0
[rx] {"t":"event","op":"msc.reads","ms":14637,"gap":4,"lba0":3145,"lba1":3185,"bytes":24576,"n":6,"kind":2,"ov":0}
[msc.reads] n=6 bytes=24576 lba=3145..3185 gap=4 ov=0
[rx] {"t":"event","op":"msc.reads","ms":14659,"gap":3,"lba0":3193,"lba1":3233,"bytes":24576,"n":6,"kind":2,"ov":0}
[msc.reads] n=6 bytes=24576 lba=3193..3233 gap=3 ov=0
[rx] {"t":"event","op":"msc.reads","ms":14681,"gap":3,"lba0":3241,"lba1":3257,"bytes":12288,"n":3,"kind":2,"ov":0}
[msc.reads] n=3 bytes=12288 lba=3241..3257 gap=3 ov=0
[rx] {"t":"event","op":"msc.reads","ms":14693,"gap":4,"lba0":3265,"lba1":3265,"bytes":4096,"n":1,"kind":2,"ov":0}
[msc.reads] n=1 bytes=4096 lba=3265..3265 gap=4 ov=0
[rx] {"t":"event","op":"msc.reads","ms":14697,"gap":4,"lba0":3273,"lba1":3273,"bytes":4096,"n":1,"kind":2,"ov":0}
[msc.reads] n=1 bytes=4096 lba=3273..3273 gap=4 ov=0
[rx] {"t":"event","op":"msc.reads","ms":14701,"gap":4,"lba0":3281,"lba1":3281,"bytes":4096,"n":1,"kind":2,"ov":0}
[msc.reads] n=1 bytes=4096 lba=3281..3281 gap=4 ov=0
[rx] {"t":"event","op":"msc.reads","ms":14705,"gap":4,"lba0":3289,"lba1":3289,"bytes":4096,"n":1,"kind":2,"ov":0}
[msc.reads] n=1 bytes=4096 lba=3289..3289 gap=4 ov=0
[rx] {"t":"event","op":"msc.reads","ms":14709,"gap":4,"lba0":3297,"lba1":3297,"bytes":4096,"n":1,"kind":2,"ov":0}
[msc.reads] n=1 bytes=4096 lba=3297..3297 gap=4 ov=0
[rx] {"t":"event","op":"msc.reads","ms":14713,"gap":4,"lba0":3305,"lba1":3305,"bytes":4096,"n":1,"kind":2,"ov":0}
[msc.reads] n=1 bytes=4096 lba=3305..3305 gap=4 ov=0
[rx] {"t":"event","op":"msc.reads","ms":14716,"gap":3,"lba0":3313,"lba1":3321,"bytes":8192,"n":2,"kind":2,"ov":0}
[msc.reads] n=2 bytes=8192 lba=3313..3321 gap=3 ov=0
[rx] {"t":"event","op":"msc.reads","ms":14724,"gap":4,"lba0":3329,"lba1":3329,"bytes":4096,"n":1,"kind":2,"ov":0}
[msc.reads] n=1 bytes=4096 lba=3329..3329 gap=4 ov=0
[rx] {"t":"event","op":"msc.reads","ms":14728,"gap":4,"lba0":3337,"lba1":3337,"bytes":4096,"n":1,"kind":2,"ov":0}
[msc.reads] n=1 bytes=4096 lba=3337..3337 gap=4 ov=0
[rx] {"t":"event","op":"msc.reads","ms":14732,"gap":4,"lba0":3345,"lba1":3401,"bytes":32768,"n":8,"kind":2,"ov":0}
[msc.reads] n=8 bytes=32768 lba=3345..3401 gap=4 ov=0
[rx] {"t":"event","op":"msc.reads","ms":14761,"gap":4,"lba0":3409,"lba1":3409,"bytes":4096,"n":1,"kind":2,"ov":0}
[msc.reads] n=1 bytes=4096 lba=3409..3409 gap=4 ov=0
[rx] {"t":"event","op":"msc.reads","ms":14766,"gap":5,"lba0":3417,"lba1":3417,"bytes":4096,"n":1,"kind":2,"ov":0}
[msc.reads] n=1 bytes=4096 lba=3417..3417 gap=5 ov=0
[rx] {"t":"event","op":"msc.reads","ms":14769,"gap":3,"lba0":3425,"lba1":3433,"bytes":8192,"n":2,"kind":2,"ov":0}
[msc.reads] n=2 bytes=8192 lba=3425..3433 gap=3 ov=0
[rx] {"t":"event","op":"msc.reads","ms":14777,"gap":4,"lba0":3441,"lba1":3441,"bytes":4096,"n":1,"kind":2,"ov":0}
[msc.reads] n=1 bytes=4096 lba=3441..3441 gap=4 ov=0
[rx] {"t":"event","op":"msc.reads","ms":14781,"gap":4,"lba0":3449,"lba1":3457,"bytes":8192,"n":2,"kind":2,"ov":0}
[msc.reads] n=2 bytes=8192 lba=3449..3457 gap=4 ov=0
[rx] {"t":"event","op":"msc.reads","ms":14789,"gap":4,"lba0":3465,"lba1":3465,"bytes":4096,"n":1,"kind":2,"ov":0}
[msc.reads] n=1 bytes=4096 lba=3465..3465 gap=4 ov=0
[rx] {"t":"event","op":"msc.reads","ms":14793,"gap":4,"lba0":3473,"lba1":3473,"bytes":4096,"n":1,"kind":2,"ov":0}
[msc.reads] n=1 bytes=4096 lba=3473..3473 gap=4 ov=0
[rx] {"t":"event","op":"msc.reads","ms":14796,"gap":3,"lba0":3481,"lba1":3489,"bytes":8192,"n":2,"kind":2,"ov":0}
[msc.reads] n=2 bytes=8192 lba=3481..3489 gap=3 ov=0
[rx] {"t":"event","op":"msc.reads","ms":14804,"gap":4,"lba0":3497,"lba1":3497,"bytes":4096,"n":1,"kind":2,"ov":0}
[msc.reads] n=1 bytes=4096 lba=3497..3497 gap=4 ov=0
[rx] {"t":"event","op":"msc.reads","ms":14808,"gap":4,"lba0":3505,"lba1":3505,"bytes":4096,"n":1,"kind":2,"ov":0}
[msc.reads] n=1 bytes=4096 lba=3505..3505 gap=4 ov=0
[rx] {"t":"event","op":"msc.reads","ms":14812,"gap":4,"lba0":3513,"lba1":3513,"bytes":4096,"n":1,"kind":2,"ov":0}
[msc.reads] n=1 bytes=4096 lba=3513..3513 gap=4 ov=0
[rx] {"t":"event","op":"msc.reads","ms":14816,"gap":4,"lba0":3521,"lba1":3521,"bytes":4096,"n":1,"kind":2,"ov":0}
[msc.reads] n=1 bytes=4096 lba=3521..3521 gap=4 ov=0
[rx] {"t":"event","op":"msc.reads","ms":14820,"gap":4,"lba0":3529,"lba1":3577,"bytes":28672,"n":7,"kind":2,"ov":0}
[msc.reads] n=7 bytes=28672 lba=3529..3577 gap=4 ov=0
[rx] {"t":"event","op":"msc.reads","ms":14846,"gap":4,"lba0":3585,"lba1":3585,"bytes":4096,"n":1,"kind":2,"ov":0}
[msc.reads] n=1 bytes=4096 lba=3585..3585 gap=4 ov=0
[rx] {"t":"event","op":"msc.reads","ms":14850,"gap":4,"lba0":3593,"lba1":3593,"bytes":4096,"n":1,"kind":2,"ov":0}
[msc.reads] n=1 bytes=4096 lba=3593..3593 gap=4 ov=0
[rx] {"t":"event","op":"msc.reads","ms":14854,"gap":4,"lba0":3601,"lba1":3601,"bytes":4096,"n":1,"kind":2,"ov":0}
[msc.reads] n=1 bytes=4096 lba=3601..3601 gap=4 ov=0
[rx] {"t":"event","op":"msc.reads","ms":14857,"gap":3,"lba0":3609,"lba1":3617,"bytes":8192,"n":2,"kind":2,"ov":0}
[msc.reads] n=2 bytes=8192 lba=3609..3617 gap=3 ov=0
[rx] {"t":"event","op":"msc.reads","ms":14865,"gap":4,"lba0":3625,"lba1":3625,"bytes":4096,"n":1,"kind":2,"ov":0}
[msc.reads] n=1 bytes=4096 lba=3625..3625 gap=4 ov=0
[rx] {"t":"event","op":"msc.reads","ms":14869,"gap":4,"lba0":3633,"lba1":3633,"bytes":4096,"n":1,"kind":2,"ov":0}
[msc.reads] n=1 bytes=4096 lba=3633..3633 gap=4 ov=0
[rx] {"t":"event","op":"msc.reads","ms":14873,"gap":4,"lba0":3641,"lba1":3641,"bytes":4096,"n":1,"kind":2,"ov":0}
[msc.reads] n=1 bytes=4096 lba=3641..3641 gap=4 ov=0
[rx] {"t":"event","op":"msc.reads","ms":14877,"gap":4,"lba0":3649,"lba1":3649,"bytes":4096,"n":1,"kind":2,"ov":0}
[msc.reads] n=1 bytes=4096 lba=3649..3649 gap=4 ov=0
[rx] {"t":"event","op":"msc.reads","ms":14881,"gap":4,"lba0":3657,"lba1":3657,"bytes":4096,"n":1,"kind":2,"ov":0}
[msc.reads] n=1 bytes=4096 lba=3657..3657 gap=4 ov=0
[rx] {"t":"event","op":"msc.reads","ms":14885,"gap":4,"lba0":3665,"lba1":3721,"bytes":32768,"n":8,"kind":2,"ov":0}
[msc.reads] n=8 bytes=32768 lba=3665..3721 gap=4 ov=0
[rx] {"t":"event","op":"msc.reads","ms":14914,"gap":4,"lba0":3729,"lba1":3761,"bytes":20480,"n":5,"kind":2,"ov":0}
[msc.reads] n=5 bytes=20480 lba=3729..3761 gap=4 ov=0
[rx] {"t":"event","op":"msc.reads","ms":14933,"gap":4,"lba0":3769,"lba1":3769,"bytes":4096,"n":1,"kind":2,"ov":0}
[msc.reads] n=1 bytes=4096 lba=3769..3769 gap=4 ov=0
[rx] {"t":"event","op":"msc.reads","ms":14937,"gap":4,"lba0":3777,"lba1":3777,"bytes":4096,"n":1,"kind":2,"ov":0}
[msc.reads] n=1 bytes=4096 lba=3777..3777 gap=4 ov=0
[rx] {"t":"event","op":"msc.reads","ms":14941,"gap":4,"lba0":3785,"lba1":3785,"bytes":4096,"n":1,"kind":2,"ov":0}
[msc.reads] n=1 bytes=4096 lba=3785..3785 gap=4 ov=0
[rx] {"t":"event","op":"msc.reads","ms":14945,"gap":4,"lba0":3793,"lba1":3809,"bytes":12288,"n":3,"kind":2,"ov":0}
[msc.reads] n=3 bytes=12288 lba=3793..3809 gap=4 ov=0
[rx] {"t":"event","op":"msc.reads","ms":14956,"gap":4,"lba0":3817,"lba1":3817,"bytes":4096,"n":1,"kind":2,"ov":0}
[msc.reads] n=1 bytes=4096 lba=3817..3817 gap=4 ov=0
[rx] {"t":"event","op":"msc.reads","ms":14960,"gap":4,"lba0":3825,"lba1":3825,"bytes":4096,"n":1,"kind":2,"ov":0}
[msc.reads] n=1 bytes=4096 lba=3825..3825 gap=4 ov=0
[rx] {"t":"event","op":"msc.reads","ms":14964,"gap":4,"lba0":3833,"lba1":3833,"bytes":4096,"n":1,"kind":2,"ov":0}
[msc.reads] n=1 bytes=4096 lba=3833..3833 gap=4 ov=0
[rx] {"t":"event","op":"msc.reads","ms":14968,"gap":4,"lba0":3841,"lba1":3841,"bytes":4096,"n":1,"kind":2,"ov":0}
[msc.reads] n=1 bytes=4096 lba=3841..3841 gap=4 ov=0
[rx] {"t":"event","op":"msc.reads","ms":14972,"gap":4,"lba0":3849,"lba1":3849,"bytes":4096,"n":1,"kind":2,"ov":0}
[msc.reads] n=1 bytes=4096 lba=3849..3849 gap=4 ov=0
[rx] {"t":"event","op":"msc.reads","ms":14976,"gap":4,"lba0":3857,"lba1":3857,"bytes":4096,"n":1,"kind":2,"ov":0}
[msc.reads] n=1 bytes=4096 lba=3857..3857 gap=4 ov=0
[rx] {"t":"event","op":"msc.reads","ms":14979,"gap":3,"lba0":3865,"lba1":3881,"bytes":12288,"n":3,"kind":2,"ov":0}
[msc.reads] n=3 bytes=12288 lba=3865..3881 gap=3 ov=0
[rx] {"t":"event","op":"msc.reads","ms":14992,"gap":5,"lba0":3889,"lba1":3889,"bytes":4096,"n":1,"kind":2,"ov":0}
[msc.reads] n=1 bytes=4096 lba=3889..3889 gap=5 ov=0
[rx] {"t":"event","op":"msc.reads","ms":14996,"gap":4,"lba0":3897,"lba1":3897,"bytes":4096,"n":1,"kind":2,"ov":0}
[msc.reads] n=1 bytes=4096 lba=3897..3897 gap=4 ov=0
[rx] {"t":"event","op":"msc.reads","ms":15000,"gap":4,"lba0":3905,"lba1":3905,"bytes":4096,"n":1,"kind":2,"ov":0}
[msc.reads] n=1 bytes=4096 lba=3905..3905 gap=4 ov=0
[rx] {"t":"event","op":"msc.reads","ms":15003,"gap":3,"lba0":3913,"lba1":3913,"bytes":4096,"n":1,"kind":2,"ov":0}
[msc.reads] n=1 bytes=4096 lba=3913..3913 gap=3 ov=0
[rx] {"t":"event","op":"msc.reads","ms":15007,"gap":4,"lba0":3921,"lba1":3921,"bytes":4096,"n":1,"kind":2,"ov":0}
[msc.reads] n=1 bytes=4096 lba=3921..3921 gap=4 ov=0
[rx] {"t":"event","op":"msc.reads","ms":15011,"gap":4,"lba0":3929,"lba1":3945,"bytes":12288,"n":3,"kind":2,"ov":0}
[msc.reads] n=3 bytes=12288 lba=3929..3945 gap=4 ov=0
[rx] {"t":"event","op":"msc.reads","ms":15023,"gap":4,"lba0":3953,"lba1":3953,"bytes":4096,"n":1,"kind":2,"ov":0}
[msc.reads] n=1 bytes=4096 lba=3953..3953 gap=4 ov=0
[rx] {"t":"event","op":"msc.reads","ms":15027,"gap":4,"lba0":3961,"lba1":3961,"bytes":4096,"n":1,"kind":2,"ov":0}
[msc.reads] n=1 bytes=4096 lba=3961..3961 gap=4 ov=0
[rx] {"t":"event","op":"msc.reads","ms":15030,"gap":3,"lba0":3969,"lba1":3977,"bytes":8192,"n":2,"kind":2,"ov":0}
[msc.reads] n=2 bytes=8192 lba=3969..3977 gap=3 ov=0
[rx] {"t":"event","op":"msc.reads","ms":15038,"gap":4,"lba0":3985,"lba1":3993,"bytes":8192,"n":2,"kind":2,"ov":0}
[msc.reads] n=2 bytes=8192 lba=3985..3993 gap=4 ov=0
[rx] {"t":"event","op":"msc.reads","ms":15046,"gap":4,"lba0":4001,"lba1":4001,"bytes":4096,"n":1,"kind":2,"ov":0}
[msc.reads] n=1 bytes=4096 lba=4001..4001 gap=4 ov=0
[rx] {"t":"event","op":"diag","code":"play.reject","detail":"not_from_head uid=fav0 from=2689 +679936B age=8132ms prefetch"}
[msc] play.reject not_from_head uid=fav0 from=2689 +679936B age=8132ms prefetch
[rx] {"t":"event","op":"msc.reads","ms":15050,"gap":4,"lba0":4009,"lba1":4009,"bytes":4096,"n":1,"kind":2,"ov":0}
[msc.reads] n=1 bytes=4096 lba=4009..4009 gap=4 ov=0
[rx] {"t":"event","op":"msc.reads","ms":15067,"gap":17,"lba0":4017,"lba1":4017,"bytes":4096,"n":1,"kind":2,"ov":0}
[msc.reads] n=1 bytes=4096 lba=4017..4017 gap=17 ov=0
[rx] {"t":"event","op":"msc.reads","ms":15071,"gap":4,"lba0":4025,"lba1":4025,"bytes":4096,"n":1,"kind":2,"ov":0}
[msc.reads] n=1 bytes=4096 lba=4025..4025 gap=4 ov=0
[rx] {"t":"event","op":"msc.reads","ms":15075,"gap":4,"lba0":4033,"lba1":4033,"bytes":4096,"n":1,"kind":2,"ov":0}
[msc.reads] n=1 bytes=4096 lba=4033..4033 gap=4 ov=0
[rx] {"t":"event","op":"msc.reads","ms":15079,"gap":4,"lba0":4041,"lba1":4041,"bytes":4096,"n":1,"kind":2,"ov":0}
[msc.reads] n=1 bytes=4096 lba=4041..4041 gap=4 ov=0
[rx] {"t":"event","op":"msc.reads","ms":15083,"gap":4,"lba0":4049,"lba1":4049,"bytes":4096,"n":1,"kind":2,"ov":0}
[msc.reads] n=1 bytes=4096 lba=4049..4049 gap=4 ov=0
[rx] {"t":"event","op":"msc.reads","ms":15087,"gap":4,"lba0":4057,"lba1":4057,"bytes":4096,"n":1,"kind":2,"ov":0}
[msc.reads] n=1 bytes=4096 lba=4057..4057 gap=4 ov=0
[rx] {"t":"event","op":"msc.reads","ms":15090,"gap":3,"lba0":4065,"lba1":4137,"bytes":40960,"n":10,"kind":2,"ov":0}
[msc.reads] n=10 bytes=40960 lba=4065..4137 gap=3 ov=0
[rx] {"t":"event","op":"msc.reads","ms":15128,"gap":4,"lba0":4145,"lba1":4145,"bytes":4096,"n":1,"kind":2,"ov":0}
[msc.reads] n=1 bytes=4096 lba=4145..4145 gap=4 ov=0
[rx] {"t":"event","op":"msc.reads","ms":15132,"gap":4,"lba0":4153,"lba1":4153,"bytes":4096,"n":1,"kind":2,"ov":0}
[msc.reads] n=1 bytes=4096 lba=4153..4153 gap=4 ov=0
[rx] {"t":"event","op":"msc.reads","ms":15136,"gap":4,"lba0":4161,"lba1":4161,"bytes":4096,"n":1,"kind":2,"ov":0}
[msc.reads] n=1 bytes=4096 lba=4161..4161 gap=4 ov=0
[rx] {"t":"event","op":"msc.reads","ms":15140,"gap":4,"lba0":4169,"lba1":4169,"bytes":4096,"n":1,"kind":2,"ov":0}
[msc.reads] n=1 bytes=4096 lba=4169..4169 gap=4 ov=0
[rx] {"t":"event","op":"msc.reads","ms":15144,"gap":4,"lba0":4177,"lba1":4177,"bytes":4096,"n":1,"kind":2,"ov":0}
[msc.reads] n=1 bytes=4096 lba=4177..4177 gap=4 ov=0
[rx] {"t":"event","op":"msc.reads","ms":15148,"gap":4,"lba0":4185,"lba1":4185,"bytes":4096,"n":1,"kind":2,"ov":0}
[msc.reads] n=1 bytes=4096 lba=4185..4185 gap=4 ov=0
[rx] {"t":"event","op":"msc.reads","ms":15152,"gap":4,"lba0":4193,"lba1":4193,"bytes":4096,"n":1,"kind":2,"ov":0}
[msc.reads] n=1 bytes=4096 lba=4193..4193 gap=4 ov=0
[rx] {"t":"event","op":"msc.reads","ms":15156,"gap":4,"lba0":4201,"lba1":4201,"bytes":4096,"n":1,"kind":2,"ov":0}
[msc.reads] n=1 bytes=4096 lba=4201..4201 gap=4 ov=0
[rx] {"t":"event","op":"msc.reads","ms":15160,"gap":4,"lba0":4209,"lba1":4217,"bytes":8192,"n":2,"kind":2,"ov":0}
[msc.reads] n=2 bytes=8192 lba=4209..4217 gap=4 ov=0
[rx] {"t":"event","op":"msc.reads","ms":15167,"gap":3,"lba0":4225,"lba1":4225,"bytes":4096,"n":1,"kind":2,"ov":0}
[msc.reads] n=1 bytes=4096 lba=4225..4225 gap=3 ov=0
[rx] {"t":"event","op":"msc.reads","ms":15171,"gap":4,"lba0":4233,"lba1":4233,"bytes":4096,"n":1,"kind":2,"ov":0}
[msc.reads] n=1 bytes=4096 lba=4233..4233 gap=4 ov=0
[rx] {"t":"event","op":"msc.reads","ms":15175,"gap":4,"lba0":4241,"lba1":4241,"bytes":4096,"n":1,"kind":2,"ov":0}
[msc.reads] n=1 bytes=4096 lba=4241..4241 gap=4 ov=0
[rx] {"t":"event","op":"msc.reads","ms":15179,"gap":4,"lba0":4249,"lba1":4249,"bytes":4096,"n":1,"kind":2,"ov":0}
[msc.reads] n=1 bytes=4096 lba=4249..4249 gap=4 ov=0
[rx] {"t":"event","op":"msc.reads","ms":15183,"gap":4,"lba0":4257,"lba1":4265,"bytes":8192,"n":2,"kind":2,"ov":0}
[msc.reads] n=2 bytes=8192 lba=4257..4265 gap=4 ov=0
[rx] {"t":"event","op":"msc.reads","ms":15190,"gap":3,"lba0":4273,"lba1":4273,"bytes":4096,"n":1,"kind":2,"ov":0}
[msc.reads] n=1 bytes=4096 lba=4273..4273 gap=3 ov=0
[rx] {"t":"event","op":"msc.reads","ms":15194,"gap":4,"lba0":4281,"lba1":4281,"bytes":4096,"n":1,"kind":2,"ov":0}
[msc.reads] n=1 bytes=4096 lba=4281..4281 gap=4 ov=0
[rx] {"t":"event","op":"msc.reads","ms":15198,"gap":4,"lba0":4289,"lba1":4289,"bytes":4096,"n":1,"kind":2,"ov":0}
[msc.reads] n=1 bytes=4096 lba=4289..4289 gap=4 ov=0
[rx] {"t":"event","op":"msc.reads","ms":15202,"gap":4,"lba0":4297,"lba1":4297,"bytes":4096,"n":1,"kind":2,"ov":0}
[msc.reads] n=1 bytes=4096 lba=4297..4297 gap=4 ov=0
[rx] {"t":"event","op":"msc.reads","ms":15206,"gap":4,"lba0":4305,"lba1":4305,"bytes":4096,"n":1,"kind":2,"ov":0}
[msc.reads] n=1 bytes=4096 lba=4305..4305 gap=4 ov=0
[rx] {"t":"event","op":"msc.reads","ms":15210,"gap":4,"lba0":4313,"lba1":4313,"bytes":4096,"n":1,"kind":2,"ov":0}
[msc.reads] n=1 bytes=4096 lba=4313..4313 gap=4 ov=0
[rx] {"t":"event","op":"msc.reads","ms":15213,"gap":3,"lba0":4321,"lba1":4329,"bytes":8192,"n":2,"kind":2,"ov":0}
[msc.reads] n=2 bytes=8192 lba=4321..4329 gap=3 ov=0
[rx] {"t":"event","op":"msc.reads","ms":15221,"gap":3,"lba0":4337,"lba1":4337,"bytes":4096,"n":1,"kind":2,"ov":0}
[msc.reads] n=1 bytes=4096 lba=4337..4337 gap=3 ov=0
[rx] {"t":"event","op":"msc.reads","ms":15225,"gap":4,"lba0":4345,"lba1":4345,"bytes":4096,"n":1,"kind":2,"ov":0}
[msc.reads] n=1 bytes=4096 lba=4345..4345 gap=4 ov=0
[rx] {"t":"event","op":"msc.reads","ms":15229,"gap":4,"lba0":4353,"lba1":4353,"bytes":4096,"n":1,"kind":2,"ov":0}
[msc.reads] n=1 bytes=4096 lba=4353..4353 gap=4 ov=0
[rx] {"t":"event","op":"msc.reads","ms":15233,"gap":4,"lba0":4361,"lba1":4361,"bytes":4096,"n":1,"kind":2,"ov":0}
[msc.reads] n=1 bytes=4096 lba=4361..4361 gap=4 ov=0
[rx] {"t":"event","op":"msc.reads","ms":15238,"gap":5,"lba0":4369,"lba1":4433,"bytes":36864,"n":9,"kind":2,"ov":0}
[msc.reads] n=9 bytes=36864 lba=4369..4433 gap=5 ov=0
[rx] {"t":"event","op":"msc.reads","ms":15271,"gap":4,"lba0":4441,"lba1":4449,"bytes":8192,"n":2,"kind":2,"ov":0}
[msc.reads] n=2 bytes=8192 lba=4441..4449 gap=4 ov=0
[rx] {"t":"event","op":"msc.reads","ms":15278,"gap":4,"lba0":4457,"lba1":4457,"bytes":4096,"n":1,"kind":2,"ov":0}
[msc.reads] n=1 bytes=4096 lba=4457..4457 gap=4 ov=0
[rx] {"t":"event","op":"msc.reads","ms":15282,"gap":4,"lba0":4465,"lba1":4473,"bytes":8192,"n":2,"kind":2,"ov":0}
[msc.reads] n=2 bytes=8192 lba=4465..4473 gap=4 ov=0
[rx] {"t":"event","op":"msc.reads","ms":15290,"gap":4,"lba0":4481,"lba1":4489,"bytes":8192,"n":2,"kind":2,"ov":0}
[msc.reads] n=2 bytes=8192 lba=4481..4489 gap=4 ov=0
[rx] {"t":"event","op":"msc.reads","ms":15297,"gap":4,"lba0":4497,"lba1":4497,"bytes":4096,"n":1,"kind":2,"ov":0}
[msc.reads] n=1 bytes=4096 lba=4497..4497 gap=4 ov=0
[rx] {"t":"event","op":"msc.reads","ms":15301,"gap":4,"lba0":4505,"lba1":4505,"bytes":4096,"n":1,"kind":2,"ov":0}
[msc.reads] n=1 bytes=4096 lba=4505..4505 gap=4 ov=0
[rx] {"t":"event","op":"msc.reads","ms":15305,"gap":4,"lba0":4513,"lba1":4521,"bytes":8192,"n":2,"kind":2,"ov":0}
[msc.reads] n=2 bytes=8192 lba=4513..4521 gap=4 ov=0
[rx] {"t":"event","op":"msc.reads","ms":15313,"gap":4,"lba0":4529,"lba1":4529,"bytes":4096,"n":1,"kind":2,"ov":0}
[msc.reads] n=1 bytes=4096 lba=4529..4529 gap=4 ov=0
[rx] {"t":"event","op":"msc.reads","ms":15317,"gap":4,"lba0":4537,"lba1":4537,"bytes":4096,"n":1,"kind":2,"ov":0}
[msc.reads] n=1 bytes=4096 lba=4537..4537 gap=4 ov=0
[rx] {"t":"event","op":"msc.reads","ms":15321,"gap":4,"lba0":4545,"lba1":4545,"bytes":4096,"n":1,"kind":2,"ov":0}
[msc.reads] n=1 bytes=4096 lba=4545..4545 gap=4 ov=0
[rx] {"t":"event","op":"msc.reads","ms":15325,"gap":4,"lba0":4553,"lba1":4553,"bytes":4096,"n":1,"kind":2,"ov":0}
[msc.reads] n=1 bytes=4096 lba=4553..4553 gap=4 ov=0
[rx] {"t":"event","op":"msc.reads","ms":15329,"gap":4,"lba0":4561,"lba1":4561,"bytes":4096,"n":1,"kind":2,"ov":0}
[msc.reads] n=1 bytes=4096 lba=4561..4561 gap=4 ov=0
[rx] {"t":"event","op":"msc.reads","ms":15333,"gap":4,"lba0":4569,"lba1":4569,"bytes":4096,"n":1,"kind":2,"ov":0}
[msc.reads] n=1 bytes=4096 lba=4569..4569 gap=4 ov=0
[rx] {"t":"event","op":"msc.reads","ms":15337,"gap":4,"lba0":4577,"lba1":4697,"bytes":65536,"n":16,"kind":2,"ov":0}
[msc.reads] n=16 bytes=65536 lba=4577..4697 gap=4 ov=0
[rx] {"t":"event","op":"msc.reads","ms":15396,"gap":4,"lba0":4705,"lba1":4705,"bytes":4096,"n":1,"kind":2,"ov":0}
[msc.reads] n=1 bytes=4096 lba=4705..4705 gap=4 ov=0
[rx] {"t":"event","op":"msc.reads","ms":15399,"gap":3,"lba0":4713,"lba1":4713,"bytes":4096,"n":1,"kind":2,"ov":0}
[msc.reads] n=1 bytes=4096 lba=4713..4713 gap=3 ov=0
[rx] {"t":"event","op":"msc.reads","ms":15403,"gap":4,"lba0":4721,"lba1":4721,"bytes":4096,"n":1,"kind":2,"ov":0}
[msc.reads] n=1 bytes=4096 lba=4721..4721 gap=4 ov=0
[rx] {"t":"event","op":"msc.reads","ms":15407,"gap":4,"lba0":4729,"lba1":4801,"bytes":40960,"n":10,"kind":2,"ov":0}
[msc.reads] n=10 bytes=40960 lba=4729..4801 gap=4 ov=0
[rx] {"t":"event","op":"msc.reads","ms":15444,"gap":4,"lba0":4809,"lba1":4809,"bytes":4096,"n":1,"kind":2,"ov":0}
[msc.reads] n=1 bytes=4096 lba=4809..4809 gap=4 ov=0
[rx] {"t":"event","op":"msc.reads","ms":15448,"gap":4,"lba0":4817,"lba1":4817,"bytes":4096,"n":1,"kind":2,"ov":0}
[msc.reads] n=1 bytes=4096 lba=4817..4817 gap=4 ov=0
[rx] {"t":"event","op":"msc.reads","ms":15452,"gap":4,"lba0":4825,"lba1":4833,"bytes":8192,"n":2,"kind":2,"ov":0}
[msc.reads] n=2 bytes=8192 lba=4825..4833 gap=4 ov=0
[rx] {"t":"event","op":"msc.reads","ms":15459,"gap":4,"lba0":4841,"lba1":4929,"bytes":49152,"n":12,"kind":2,"ov":0}
[msc.reads] n=12 bytes=49152 lba=4841..4929 gap=4 ov=0
[rx] {"t":"event","op":"msc.reads","ms":15504,"gap":4,"lba0":4937,"lba1":4953,"bytes":12288,"n":3,"kind":2,"ov":0}
[msc.reads] n=3 bytes=12288 lba=4937..4953 gap=4 ov=0
[rx] {"t":"event","op":"msc.reads","ms":15515,"gap":4,"lba0":4961,"lba1":4961,"bytes":4096,"n":1,"kind":2,"ov":0}
[msc.reads] n=1 bytes=4096 lba=4961..4961 gap=4 ov=0
[rx] {"t":"event","op":"msc.reads","ms":15519,"gap":4,"lba0":4969,"lba1":5001,"bytes":20480,"n":5,"kind":2,"ov":0}
[msc.reads] n=5 bytes=20480 lba=4969..5001 gap=4 ov=0
[rx] {"t":"event","op":"msc.reads","ms":15538,"gap":4,"lba0":5009,"lba1":5017,"bytes":8192,"n":2,"kind":2,"ov":0}
[msc.reads] n=2 bytes=8192 lba=5009..5017 gap=4 ov=0
[rx] {"t":"event","op":"msc.reads","ms":15546,"gap":4,"lba0":5025,"lba1":5025,"bytes":4096,"n":1,"kind":2,"ov":0}
[msc.reads] n=1 bytes=4096 lba=5025..5025 gap=4 ov=0
[rx] {"t":"event","op":"msc.reads","ms":15549,"gap":3,"lba0":5033,"lba1":5097,"bytes":36864,"n":9,"kind":2,"ov":0}
[msc.reads] n=9 bytes=36864 lba=5033..5097 gap=3 ov=0
[rx] {"t":"event","op":"msc.reads","ms":15583,"gap":5,"lba0":5105,"lba1":5105,"bytes":4096,"n":1,"kind":2,"ov":0}
[msc.reads] n=1 bytes=4096 lba=5105..5105 gap=5 ov=0
[rx] {"t":"event","op":"msc.reads","ms":15586,"gap":3,"lba0":5113,"lba1":5129,"bytes":12288,"n":3,"kind":2,"ov":0}
[msc.reads] n=3 bytes=12288 lba=5113..5129 gap=3 ov=0
[rx] {"t":"event","op":"msc.reads","ms":15598,"gap":4,"lba0":5137,"lba1":5137,"bytes":4096,"n":1,"kind":2,"ov":0}
[msc.reads] n=1 bytes=4096 lba=5137..5137 gap=4 ov=0
[rx] {"t":"event","op":"msc.reads","ms":15602,"gap":4,"lba0":5145,"lba1":5145,"bytes":4096,"n":1,"kind":2,"ov":0}
[msc.reads] n=1 bytes=4096 lba=5145..5145 gap=4 ov=0
[rx] {"t":"event","op":"msc.reads","ms":15606,"gap":4,"lba0":5153,"lba1":5209,"bytes":32768,"n":8,"kind":2,"ov":0}
[msc.reads] n=8 bytes=32768 lba=5153..5209 gap=4 ov=0
[rx] {"t":"event","op":"msc.reads","ms":15635,"gap":4,"lba0":5217,"lba1":5217,"bytes":4096,"n":1,"kind":2,"ov":0}
[msc.reads] n=1 bytes=4096 lba=5217..5217 gap=4 ov=0
[rx] {"t":"event","op":"msc.reads","ms":15639,"gap":4,"lba0":5225,"lba1":5313,"bytes":49152,"n":12,"kind":2,"ov":0}
[msc.reads] n=12 bytes=49152 lba=5225..5313 gap=4 ov=0
[rx] {"t":"event","op":"msc.reads","ms":15682,"gap":3,"lba0":5321,"lba1":5321,"bytes":4096,"n":1,"kind":2,"ov":0}
[msc.reads] n=1 bytes=4096 lba=5321..5321 gap=3 ov=0
[rx] {"t":"event","op":"msc.reads","ms":15686,"gap":4,"lba0":5329,"lba1":5329,"bytes":4096,"n":1,"kind":2,"ov":0}
[msc.reads] n=1 bytes=4096 lba=5329..5329 gap=4 ov=0
[rx] {"t":"event","op":"msc.reads","ms":15690,"gap":4,"lba0":5337,"lba1":5337,"bytes":4096,"n":1,"kind":2,"ov":0}
[msc.reads] n=1 bytes=4096 lba=5337..5337 gap=4 ov=0
[rx] {"t":"event","op":"msc.reads","ms":15694,"gap":4,"lba0":5345,"lba1":5353,"bytes":8192,"n":2,"kind":2,"ov":0}
[msc.reads] n=2 bytes=8192 lba=5345..5353 gap=4 ov=0
[rx] {"t":"event","op":"msc.reads","ms":15702,"gap":4,"lba0":5361,"lba1":5361,"bytes":4096,"n":1,"kind":2,"ov":0}
[msc.reads] n=1 bytes=4096 lba=5361..5361 gap=4 ov=0
[rx] {"t":"event","op":"msc.reads","ms":15706,"gap":4,"lba0":5369,"lba1":5369,"bytes":4096,"n":1,"kind":2,"ov":0}
[msc.reads] n=1 bytes=4096 lba=5369..5369 gap=4 ov=0
[rx] {"t":"event","op":"msc.reads","ms":15710,"gap":4,"lba0":5377,"lba1":5377,"bytes":4096,"n":1,"kind":2,"ov":0}
[msc.reads] n=1 bytes=4096 lba=5377..5377 gap=4 ov=0
[rx] {"t":"event","op":"msc.reads","ms":15714,"gap":4,"lba0":5385,"lba1":5393,"bytes":8192,"n":2,"kind":2,"ov":0}
[msc.reads] n=2 bytes=8192 lba=5385..5393 gap=4 ov=0
[rx] {"t":"event","op":"msc.reads","ms":15722,"gap":4,"lba0":5401,"lba1":5401,"bytes":4096,"n":1,"kind":2,"ov":0}
[msc.reads] n=1 bytes=4096 lba=5401..5401 gap=4 ov=0
[rx] {"t":"event","op":"msc.reads","ms":15725,"gap":3,"lba0":5409,"lba1":5409,"bytes":4096,"n":1,"kind":2,"ov":0}
[msc.reads] n=1 bytes=4096 lba=5409..5409 gap=3 ov=0
[rx] {"t":"event","op":"msc.reads","ms":15729,"gap":4,"lba0":5417,"lba1":5425,"bytes":8192,"n":2,"kind":2,"ov":0}
[msc.reads] n=2 bytes=8192 lba=5417..5425 gap=4 ov=0
[rx] {"t":"event","op":"msc.reads","ms":15737,"gap":4,"lba0":5433,"lba1":5433,"bytes":4096,"n":1,"kind":2,"ov":0}
[msc.reads] n=1 bytes=4096 lba=5433..5433 gap=4 ov=0
[rx] {"t":"event","op":"msc.reads","ms":15741,"gap":4,"lba0":5441,"lba1":5449,"bytes":8192,"n":2,"kind":2,"ov":0}
[msc.reads] n=2 bytes=8192 lba=5441..5449 gap=4 ov=0
[rx] {"t":"event","op":"msc.reads","ms":15748,"gap":3,"lba0":5457,"lba1":5457,"bytes":4096,"n":1,"kind":2,"ov":0}
[msc.reads] n=1 bytes=4096 lba=5457..5457 gap=3 ov=0
[rx] {"t":"event","op":"msc.reads","ms":15752,"gap":4,"lba0":5465,"lba1":5465,"bytes":4096,"n":1,"kind":2,"ov":0}
[msc.reads] n=1 bytes=4096 lba=5465..5465 gap=4 ov=0
[rx] {"t":"event","op":"msc.reads","ms":15756,"gap":4,"lba0":5473,"lba1":5529,"bytes":32768,"n":8,"kind":2,"ov":0}
[msc.reads] n=8 bytes=32768 lba=5473..5529 gap=4 ov=0
[rx] {"t":"event","op":"msc.reads","ms":15785,"gap":4,"lba0":5537,"lba1":5537,"bytes":4096,"n":1,"kind":2,"ov":0}
[msc.reads] n=1 bytes=4096 lba=5537..5537 gap=4 ov=0
[rx] {"t":"event","op":"msc.reads","ms":15789,"gap":4,"lba0":5545,"lba1":5569,"bytes":16384,"n":4,"kind":2,"ov":0}
[msc.reads] n=4 bytes=16384 lba=5545..5569 gap=4 ov=0
[rx] {"t":"event","op":"msc.reads","ms":15804,"gap":4,"lba0":5577,"lba1":5577,"bytes":4096,"n":1,"kind":2,"ov":0}
[msc.reads] n=1 bytes=4096 lba=5577..5577 gap=4 ov=0
[rx] {"t":"event","op":"msc.reads","ms":15808,"gap":4,"lba0":5585,"lba1":5585,"bytes":4096,"n":1,"kind":2,"ov":0}
[msc.reads] n=1 bytes=4096 lba=5585..5585 gap=4 ov=0
[rx] {"t":"event","op":"msc.reads","ms":15812,"gap":4,"lba0":5593,"lba1":5593,"bytes":4096,"n":1,"kind":2,"ov":0}
[msc.reads] n=1 bytes=4096 lba=5593..5593 gap=4 ov=0
[rx] {"t":"event","op":"diag","code":"play.reject","detail":"not_from_head uid=fav0 from=2689 +1536000B age=8934ms prefetch"}
[msc] play.reject not_from_head uid=fav0 from=2689 +1536000B age=8934ms prefetch
[rx] {"t":"event","op":"msc.reads","ms":15816,"gap":4,"lba0":5601,"lba1":5681,"bytes":45056,"n":11,"kind":2,"ov":0}
[msc.reads] n=11 bytes=45056 lba=5601..5681 gap=4 ov=0
[rx] {"t":"event","op":"msc.reads","ms":15870,"gap":18,"lba0":5689,"lba1":5689,"bytes":4096,"n":1,"kind":2,"ov":0}
[msc.reads] n=1 bytes=4096 lba=5689..5689 gap=18 ov=0
[rx] {"t":"event","op":"msc.reads","ms":15874,"gap":4,"lba0":5697,"lba1":5697,"bytes":4096,"n":1,"kind":2,"ov":0}
[msc.reads] n=1 bytes=4096 lba=5697..5697 gap=4 ov=0
[rx] {"t":"event","op":"msc.reads","ms":15878,"gap":4,"lba0":5705,"lba1":5705,"bytes":4096,"n":1,"kind":2,"ov":0}
[msc.reads] n=1 bytes=4096 lba=5705..5705 gap=4 ov=0
[rx] {"t":"event","op":"msc.reads","ms":15882,"gap":4,"lba0":5713,"lba1":5713,"bytes":4096,"n":1,"kind":2,"ov":0}
[msc.reads] n=1 bytes=4096 lba=5713..5713 gap=4 ov=0
[rx] {"t":"event","op":"msc.reads","ms":15886,"gap":4,"lba0":5721,"lba1":5721,"bytes":4096,"n":1,"kind":2,"ov":0}
[msc.reads] n=1 bytes=4096 lba=5721..5721 gap=4 ov=0
[rx] {"t":"event","op":"msc.reads","ms":15890,"gap":4,"lba0":5729,"lba1":5737,"bytes":8192,"n":2,"kind":2,"ov":0}
[msc.reads] n=2 bytes=8192 lba=5729..5737 gap=4 ov=0
[rx] {"t":"event","op":"msc.reads","ms":15898,"gap":4,"lba0":5745,"lba1":5745,"bytes":4096,"n":1,"kind":2,"ov":0}
[msc.reads] n=1 bytes=4096 lba=5745..5745 gap=4 ov=0
[rx] {"t":"event","op":"msc.reads","ms":15902,"gap":4,"lba0":5753,"lba1":5753,"bytes":4096,"n":1,"kind":2,"ov":0}
[msc.reads] n=1 bytes=4096 lba=5753..5753 gap=4 ov=0
[rx] {"t":"event","op":"msc.reads","ms":15906,"gap":4,"lba0":5761,"lba1":5761,"bytes":4096,"n":1,"kind":2,"ov":0}
[msc.reads] n=1 bytes=4096 lba=5761..5761 gap=4 ov=0
[rx] {"t":"event","op":"msc.reads","ms":15910,"gap":4,"lba0":5769,"lba1":5769,"bytes":4096,"n":1,"kind":2,"ov":0}
[msc.reads] n=1 bytes=4096 lba=5769..5769 gap=4 ov=0
[rx] {"t":"event","op":"msc.reads","ms":15914,"gap":4,"lba0":5777,"lba1":5777,"bytes":4096,"n":1,"kind":2,"ov":0}
[msc.reads] n=1 bytes=4096 lba=5777..5777 gap=4 ov=0
[rx] {"t":"event","op":"msc.reads","ms":15917,"gap":3,"lba0":5785,"lba1":5793,"bytes":8192,"n":2,"kind":2,"ov":0}
[msc.reads] n=2 bytes=8192 lba=5785..5793 gap=3 ov=0
[rx] {"t":"event","op":"msc.reads","ms":15925,"gap":4,"lba0":5801,"lba1":5801,"bytes":4096,"n":1,"kind":2,"ov":0}
[msc.reads] n=1 bytes=4096 lba=5801..5801 gap=4 ov=0
[rx] {"t":"event","op":"msc.reads","ms":15929,"gap":4,"lba0":5809,"lba1":5809,"bytes":4096,"n":1,"kind":2,"ov":0}
[msc.reads] n=1 bytes=4096 lba=5809..5809 gap=4 ov=0
[rx] {"t":"event","op":"msc.reads","ms":15933,"gap":4,"lba0":5817,"lba1":5825,"bytes":8192,"n":2,"kind":2,"ov":0}
[msc.reads] n=2 bytes=8192 lba=5817..5825 gap=4 ov=0
[rx] {"t":"event","op":"msc.reads","ms":15941,"gap":4,"lba0":5833,"lba1":5833,"bytes":4096,"n":1,"kind":2,"ov":0}
[msc.reads] n=1 bytes=4096 lba=5833..5833 gap=4 ov=0
[rx] {"t":"event","op":"msc.reads","ms":15945,"gap":4,"lba0":5841,"lba1":5857,"bytes":12288,"n":3,"kind":2,"ov":0}
[msc.reads] n=3 bytes=12288 lba=5841..5857 gap=4 ov=0
[rx] {"t":"event","op":"msc.reads","ms":15956,"gap":4,"lba0":5865,"lba1":5865,"bytes":4096,"n":1,"kind":2,"ov":0}
[msc.reads] n=1 bytes=4096 lba=5865..5865 gap=4 ov=0
[rx] {"t":"event","op":"msc.reads","ms":15960,"gap":4,"lba0":5873,"lba1":5937,"bytes":36864,"n":9,"kind":2,"ov":0}
[msc.reads] n=9 bytes=36864 lba=5873..5937 gap=4 ov=0
[rx] {"t":"event","op":"msc.reads","ms":15994,"gap":4,"lba0":5945,"lba1":5945,"bytes":4096,"n":1,"kind":2,"ov":0}
[msc.reads] n=1 bytes=4096 lba=5945..5945 gap=4 ov=0
[rx] {"t":"event","op":"msc.reads","ms":15997,"gap":3,"lba0":5953,"lba1":5953,"bytes":4096,"n":1,"kind":2,"ov":0}
[msc.reads] n=1 bytes=4096 lba=5953..5953 gap=3 ov=0
[rx] {"t":"event","op":"msc.reads","ms":16001,"gap":4,"lba0":5961,"lba1":5969,"bytes":8192,"n":2,"kind":2,"ov":0}
[msc.reads] n=2 bytes=8192 lba=5961..5969 gap=4 ov=0
[rx] {"t":"event","op":"msc.reads","ms":16009,"gap":4,"lba0":5977,"lba1":5977,"bytes":4096,"n":1,"kind":2,"ov":0}
[msc.reads] n=1 bytes=4096 lba=5977..5977 gap=4 ov=0
[rx] {"t":"event","op":"msc.reads","ms":16013,"gap":4,"lba0":5985,"lba1":5985,"bytes":4096,"n":1,"kind":2,"ov":0}
[msc.reads] n=1 bytes=4096 lba=5985..5985 gap=4 ov=0
[rx] {"t":"event","op":"msc.reads","ms":16017,"gap":4,"lba0":5993,"lba1":6001,"bytes":8192,"n":2,"kind":2,"ov":0}
[msc.reads] n=2 bytes=8192 lba=5993..6001 gap=4 ov=0
[rx] {"t":"event","op":"msc.reads","ms":16024,"gap":3,"lba0":6009,"lba1":6009,"bytes":4096,"n":1,"kind":2,"ov":0}
[msc.reads] n=1 bytes=4096 lba=6009..6009 gap=3 ov=0
[rx] {"t":"event","op":"msc.reads","ms":16028,"gap":4,"lba0":6017,"lba1":6017,"bytes":4096,"n":1,"kind":2,"ov":0}
[msc.reads] n=1 bytes=4096 lba=6017..6017 gap=4 ov=0
[rx] {"t":"event","op":"msc.reads","ms":16032,"gap":4,"lba0":6025,"lba1":6073,"bytes":28672,"n":7,"kind":2,"ov":0}
[msc.reads] n=7 bytes=28672 lba=6025..6073 gap=4 ov=0
[rx] {"t":"event","op":"msc.reads","ms":16058,"gap":3,"lba0":6081,"lba1":6129,"bytes":28672,"n":7,"kind":2,"ov":0}
[msc.reads] n=7 bytes=28672 lba=6081..6129 gap=3 ov=0
[rx] {"t":"event","op":"msc.reads","ms":16085,"gap":4,"lba0":6137,"lba1":6137,"bytes":4096,"n":1,"kind":2,"ov":0}
[msc.reads] n=1 bytes=4096 lba=6137..6137 gap=4 ov=0
[rx] {"t":"event","op":"msc.reads","ms":16089,"gap":4,"lba0":6145,"lba1":6145,"bytes":4096,"n":1,"kind":2,"ov":0}
[msc.reads] n=1 bytes=4096 lba=6145..6145 gap=4 ov=0
[rx] {"t":"event","op":"msc.reads","ms":16093,"gap":4,"lba0":6153,"lba1":6161,"bytes":8192,"n":2,"kind":2,"ov":0}
[msc.reads] n=2 bytes=8192 lba=6153..6161 gap=4 ov=0
[rx] {"t":"event","op":"msc.reads","ms":16100,"gap":4,"lba0":6169,"lba1":6169,"bytes":4096,"n":1,"kind":2,"ov":0}
[msc.reads] n=1 bytes=4096 lba=6169..6169 gap=4 ov=0
[rx] {"t":"event","op":"msc.reads","ms":16104,"gap":4,"lba0":6177,"lba1":6177,"bytes":4096,"n":1,"kind":2,"ov":0}
[msc.reads] n=1 bytes=4096 lba=6177..6177 gap=4 ov=0
[rx] {"t":"event","op":"msc.reads","ms":16108,"gap":4,"lba0":6185,"lba1":6185,"bytes":4096,"n":1,"kind":2,"ov":0}
[msc.reads] n=1 bytes=4096 lba=6185..6185 gap=4 ov=0
[rx] {"t":"event","op":"msc.reads","ms":16112,"gap":4,"lba0":6193,"lba1":6193,"bytes":4096,"n":1,"kind":2,"ov":0}
[msc.reads] n=1 bytes=4096 lba=6193..6193 gap=4 ov=0
[rx] {"t":"event","op":"msc.reads","ms":16116,"gap":4,"lba0":6201,"lba1":6209,"bytes":8192,"n":2,"kind":2,"ov":0}
[msc.reads] n=2 bytes=8192 lba=6201..6209 gap=4 ov=0
[tx] {"t":"ping"}
[rx] {"t":"event","op":"msc.reads","ms":16124,"gap":4,"lba0":6217,"lba1":6465,"bytes":131072,"n":32,"kind":2,"ov":0}
[msc.reads] n=32 bytes=131072 lba=6217..6465 gap=4 ov=0
[rx] {"t":"event","op":"msc.reads","ms":16244,"gap":4,"lba0":6473,"lba1":6601,"bytes":69632,"n":17,"kind":2,"ov":0}
[msc.reads] n=17 bytes=69632 lba=6473..6601 gap=4 ov=0
[rx] {"t":"pong"}
[rx] {"t":"event","op":"msc.reads","ms":16306,"gap":4,"lba0":6609,"lba1":6625,"bytes":12288,"n":3,"kind":2,"ov":0}
[msc.reads] n=3 bytes=12288 lba=6609..6625 gap=4 ov=0
[rx] {"t":"event","op":"msc.reads","ms":16318,"gap":4,"lba0":6633,"lba1":6641,"bytes":8192,"n":2,"kind":2,"ov":0}
[msc.reads] n=2 bytes=8192 lba=6633..6641 gap=4 ov=0
[rx] {"t":"event","op":"msc.reads","ms":16325,"gap":4,"lba0":6649,"lba1":6689,"bytes":24576,"n":6,"kind":2,"ov":0}
[msc.reads] n=6 bytes=24576 lba=6649..6689 gap=4 ov=0
[rx] {"t":"event","op":"msc.reads","ms":16348,"gap":4,"lba0":6697,"lba1":6753,"bytes":32768,"n":8,"kind":2,"ov":0}
[msc.reads] n=8 bytes=32768 lba=6697..6753 gap=4 ov=0
[rx] {"t":"event","op":"msc.reads","ms":16378,"gap":4,"lba0":6761,"lba1":6809,"bytes":28672,"n":7,"kind":2,"ov":0}
[msc.reads] n=7 bytes=28672 lba=6761..6809 gap=4 ov=0
[rx] {"t":"event","op":"msc.reads","ms":16403,"gap":3,"lba0":6817,"lba1":6841,"bytes":16384,"n":4,"kind":2,"ov":0}
[msc.reads] n=4 bytes=16384 lba=6817..6841 gap=3 ov=0
[rx] {"t":"event","op":"msc.reads","ms":16418,"gap":3,"lba0":6849,"lba1":6865,"bytes":12288,"n":3,"kind":2,"ov":0}
[msc.reads] n=3 bytes=12288 lba=6849..6865 gap=3 ov=0
[rx] {"t":"event","op":"msc.reads","ms":16430,"gap":4,"lba0":6873,"lba1":6881,"bytes":8192,"n":2,"kind":2,"ov":0}
[msc.reads] n=2 bytes=8192 lba=6873..6881 gap=4 ov=0
[rx] {"t":"event","op":"msc.reads","ms":16438,"gap":4,"lba0":6889,"lba1":6889,"bytes":4096,"n":1,"kind":2,"ov":0}
[msc.reads] n=1 bytes=4096 lba=6889..6889 gap=4 ov=0
[rx] {"t":"event","op":"msc.reads","ms":16442,"gap":4,"lba0":6897,"lba1":6897,"bytes":4096,"n":1,"kind":2,"ov":0}
[msc.reads] n=1 bytes=4096 lba=6897..6897 gap=4 ov=0
[rx] {"t":"event","op":"msc.reads","ms":16446,"gap":4,"lba0":6905,"lba1":6905,"bytes":4096,"n":1,"kind":2,"ov":0}
[msc.reads] n=1 bytes=4096 lba=6905..6905 gap=4 ov=0
[rx] {"t":"event","op":"msc.reads","ms":16449,"gap":3,"lba0":6913,"lba1":6921,"bytes":8192,"n":2,"kind":2,"ov":0}
[msc.reads] n=2 bytes=8192 lba=6913..6921 gap=3 ov=0
[rx] {"t":"event","op":"msc.reads","ms":16457,"gap":4,"lba0":6929,"lba1":6945,"bytes":12288,"n":3,"kind":2,"ov":0}
[msc.reads] n=3 bytes=12288 lba=6929..6945 gap=4 ov=0
[rx] {"t":"event","op":"msc.reads","ms":16468,"gap":3,"lba0":6953,"lba1":6961,"bytes":8192,"n":2,"kind":2,"ov":0}
[msc.reads] n=2 bytes=8192 lba=6953..6961 gap=3 ov=0
[rx] {"t":"event","op":"msc.reads","ms":16476,"gap":4,"lba0":6969,"lba1":6969,"bytes":4096,"n":1,"kind":2,"ov":0}
[msc.reads] n=1 bytes=4096 lba=6969..6969 gap=4 ov=0
[rx] {"t":"event","op":"msc.reads","ms":16480,"gap":4,"lba0":6977,"lba1":7033,"bytes":32768,"n":8,"kind":2,"ov":0}
[msc.reads] n=8 bytes=32768 lba=6977..7033 gap=4 ov=0
[rx] {"t":"event","op":"msc.reads","ms":16510,"gap":4,"lba0":7041,"lba1":7065,"bytes":16384,"n":4,"kind":2,"ov":0}
[msc.reads] n=4 bytes=16384 lba=7041..7065 gap=4 ov=0
[rx] {"t":"event","op":"msc.reads","ms":16525,"gap":4,"lba0":7073,"lba1":7073,"bytes":4096,"n":1,"kind":2,"ov":0}
[msc.reads] n=1 bytes=4096 lba=7073..7073 gap=4 ov=0
[rx] {"t":"event","op":"msc.reads","ms":16529,"gap":4,"lba0":7081,"lba1":7081,"bytes":4096,"n":1,"kind":2,"ov":0}
[msc.reads] n=1 bytes=4096 lba=7081..7081 gap=4 ov=0
[rx] {"t":"event","op":"msc.reads","ms":16533,"gap":4,"lba0":7089,"lba1":7089,"bytes":4096,"n":1,"kind":2,"ov":0}
[msc.reads] n=1 bytes=4096 lba=7089..7089 gap=4 ov=0
[rx] {"t":"event","op":"msc.reads","ms":16537,"gap":4,"lba0":7097,"lba1":7129,"bytes":20480,"n":5,"kind":2,"ov":0}
[msc.reads] n=5 bytes=20480 lba=7097..7129 gap=4 ov=0
[rx] {"t":"event","op":"msc.reads","ms":16555,"gap":4,"lba0":7137,"lba1":7233,"bytes":53248,"n":13,"kind":2,"ov":0}
[msc.reads] n=13 bytes=53248 lba=7137..7233 gap=4 ov=0
[rx] {"t":"event","op":"msc.reads","ms":16603,"gap":4,"lba0":7241,"lba1":7241,"bytes":4096,"n":1,"kind":2,"ov":0}
[msc.reads] n=1 bytes=4096 lba=7241..7241 gap=4 ov=0
[rx] {"t":"event","op":"msc.reads","ms":16607,"gap":4,"lba0":7249,"lba1":7257,"bytes":8192,"n":2,"kind":2,"ov":0}
[msc.reads] n=2 bytes=8192 lba=7249..7257 gap=4 ov=0
[rx] {"t":"event","op":"msc.reads","ms":16615,"gap":4,"lba0":7265,"lba1":7281,"bytes":12288,"n":3,"kind":2,"ov":0}
[msc.reads] n=3 bytes=12288 lba=7265..7281 gap=4 ov=0
[rx] {"t":"event","op":"msc.reads","ms":16627,"gap":4,"lba0":7289,"lba1":7297,"bytes":8192,"n":2,"kind":2,"ov":0}
[msc.reads] n=2 bytes=8192 lba=7289..7297 gap=4 ov=0
[rx] {"t":"event","op":"msc.reads","ms":16634,"gap":4,"lba0":7305,"lba1":7305,"bytes":4096,"n":1,"kind":2,"ov":0}
[msc.reads] n=1 bytes=4096 lba=7305..7305 gap=4 ov=0
[rx] {"t":"event","op":"msc.reads","ms":16638,"gap":4,"lba0":7313,"lba1":7313,"bytes":4096,"n":1,"kind":2,"ov":0}
[msc.reads] n=1 bytes=4096 lba=7313..7313 gap=4 ov=0
[rx] {"t":"event","op":"msc.reads","ms":16642,"gap":4,"lba0":7321,"lba1":7321,"bytes":4096,"n":1,"kind":2,"ov":0}
[msc.reads] n=1 bytes=4096 lba=7321..7321 gap=4 ov=0
[rx] {"t":"event","op":"diag","code":"play.reject","detail":"not_from_head uid=fav0 from=2689 +2387968B age=9735ms prefetch"}
[msc] play.reject not_from_head uid=fav0 from=2689 +2387968B age=9735ms prefetch
[rx] {"t":"event","op":"msc.reads","ms":16646,"gap":4,"lba0":7329,"lba1":7345,"bytes":12288,"n":3,"kind":2,"ov":0}
[msc.reads] n=3 bytes=12288 lba=7329..7345 gap=4 ov=0
[rx] {"t":"event","op":"msc.reads","ms":16708,"gap":55,"lba0":7353,"lba1":7353,"bytes":4096,"n":1,"kind":2,"ov":0}
[msc.reads] n=1 bytes=4096 lba=7353..7353 gap=55 ov=0
[rx] {"t":"event","op":"msc.reads","ms":16712,"gap":4,"lba0":7361,"lba1":7361,"bytes":4096,"n":1,"kind":2,"ov":0}
[msc.reads] n=1 bytes=4096 lba=7361..7361 gap=4 ov=0
[rx] {"t":"event","op":"msc.reads","ms":16716,"gap":4,"lba0":7369,"lba1":7377,"bytes":8192,"n":2,"kind":2,"ov":0}
[msc.reads] n=2 bytes=8192 lba=7369..7377 gap=4 ov=0
[rx] {"t":"event","op":"msc.reads","ms":16723,"gap":4,"lba0":7385,"lba1":7385,"bytes":4096,"n":1,"kind":2,"ov":0}
[msc.reads] n=1 bytes=4096 lba=7385..7385 gap=4 ov=0
[rx] {"t":"event","op":"msc.reads","ms":16727,"gap":4,"lba0":7393,"lba1":7401,"bytes":8192,"n":2,"kind":2,"ov":0}
[msc.reads] n=2 bytes=8192 lba=7393..7401 gap=4 ov=0
[rx] {"t":"event","op":"msc.reads","ms":16735,"gap":4,"lba0":7409,"lba1":7481,"bytes":40960,"n":10,"kind":2,"ov":0}
[msc.reads] n=10 bytes=40960 lba=7409..7481 gap=4 ov=0
[rx] {"t":"event","op":"msc.reads","ms":16772,"gap":4,"lba0":7489,"lba1":7489,"bytes":4096,"n":1,"kind":2,"ov":0}
[msc.reads] n=1 bytes=4096 lba=7489..7489 gap=4 ov=0
[rx] {"t":"event","op":"msc.reads","ms":16776,"gap":4,"lba0":7497,"lba1":7569,"bytes":40960,"n":10,"kind":2,"ov":0}
[msc.reads] n=10 bytes=40960 lba=7497..7569 gap=4 ov=0
[rx] {"t":"event","op":"msc.reads","ms":16813,"gap":4,"lba0":7577,"lba1":7617,"bytes":24576,"n":6,"kind":2,"ov":0}
[msc.reads] n=6 bytes=24576 lba=7577..7617 gap=4 ov=0
[rx] {"t":"event","op":"msc.reads","ms":16835,"gap":4,"lba0":7625,"lba1":7673,"bytes":28672,"n":7,"kind":2,"ov":0}
[msc.reads] n=7 bytes=28672 lba=7625..7673 gap=4 ov=0
[rx] {"t":"event","op":"msc.reads","ms":16861,"gap":4,"lba0":7681,"lba1":7681,"bytes":4096,"n":1,"kind":2,"ov":0}
[msc.reads] n=1 bytes=4096 lba=7681..7681 gap=4 ov=0
[rx] {"t":"event","op":"msc.reads","ms":16865,"gap":4,"lba0":7689,"lba1":7689,"bytes":4096,"n":1,"kind":2,"ov":0}
[msc.reads] n=1 bytes=4096 lba=7689..7689 gap=4 ov=0
[rx] {"t":"event","op":"msc.reads","ms":16869,"gap":4,"lba0":7697,"lba1":7697,"bytes":4096,"n":1,"kind":2,"ov":0}
[msc.reads] n=1 bytes=4096 lba=7697..7697 gap=4 ov=0
[rx] {"t":"event","op":"msc.reads","ms":16873,"gap":4,"lba0":7705,"lba1":7793,"bytes":49152,"n":12,"kind":2,"ov":0}
[msc.reads] n=12 bytes=49152 lba=7705..7793 gap=4 ov=0
[rx] {"t":"event","op":"msc.reads","ms":16917,"gap":4,"lba0":7801,"lba1":7825,"bytes":16384,"n":4,"kind":2,"ov":0}
[msc.reads] n=4 bytes=16384 lba=7801..7825 gap=4 ov=0
[rx] {"t":"event","op":"msc.reads","ms":16932,"gap":4,"lba0":7833,"lba1":7897,"bytes":36864,"n":9,"kind":2,"ov":0}
[msc.reads] n=9 bytes=36864 lba=7833..7897 gap=4 ov=0
[rx] {"t":"event","op":"msc.reads","ms":16965,"gap":4,"lba0":7905,"lba1":7905,"bytes":4096,"n":1,"kind":2,"ov":0}
[msc.reads] n=1 bytes=4096 lba=7905..7905 gap=4 ov=0
[rx] {"t":"event","op":"msc.reads","ms":16969,"gap":4,"lba0":7913,"lba1":7913,"bytes":4096,"n":1,"kind":2,"ov":0}
[msc.reads] n=1 bytes=4096 lba=7913..7913 gap=4 ov=0
[rx] {"t":"event","op":"msc.reads","ms":16972,"gap":3,"lba0":7921,"lba1":7993,"bytes":40960,"n":10,"kind":2,"ov":0}
[msc.reads] n=10 bytes=40960 lba=7921..7993 gap=3 ov=0
[rx] {"t":"event","op":"msc.reads","ms":17010,"gap":4,"lba0":8001,"lba1":8001,"bytes":4096,"n":1,"kind":2,"ov":0}
[msc.reads] n=1 bytes=4096 lba=8001..8001 gap=4 ov=0
[rx] {"t":"event","op":"msc.reads","ms":17014,"gap":4,"lba0":8009,"lba1":8017,"bytes":8192,"n":2,"kind":2,"ov":0}
[msc.reads] n=2 bytes=8192 lba=8009..8017 gap=4 ov=0
[rx] {"t":"event","op":"msc.reads","ms":17021,"gap":4,"lba0":8025,"lba1":8025,"bytes":4096,"n":1,"kind":2,"ov":0}
[msc.reads] n=1 bytes=4096 lba=8025..8025 gap=4 ov=0
[rx] {"t":"event","op":"msc.reads","ms":17025,"gap":4,"lba0":8033,"lba1":8113,"bytes":45056,"n":11,"kind":2,"ov":0}
[msc.reads] n=11 bytes=45056 lba=8033..8113 gap=4 ov=0
[rx] {"t":"event","op":"msc.reads","ms":17065,"gap":3,"lba0":8121,"lba1":8121,"bytes":4096,"n":1,"kind":2,"ov":0}
[msc.reads] n=1 bytes=4096 lba=8121..8121 gap=3 ov=0
[rx] {"t":"event","op":"msc.reads","ms":17069,"gap":4,"lba0":8129,"lba1":8145,"bytes":12288,"n":3,"kind":2,"ov":0}
[msc.reads] n=3 bytes=12288 lba=8129..8145 gap=4 ov=0
[rx] {"t":"event","op":"msc.reads","ms":17081,"gap":4,"lba0":8153,"lba1":8153,"bytes":4096,"n":1,"kind":2,"ov":0}
[msc.reads] n=1 bytes=4096 lba=8153..8153 gap=4 ov=0
[rx] {"t":"event","op":"msc.reads","ms":17085,"gap":4,"lba0":8161,"lba1":8161,"bytes":4096,"n":1,"kind":2,"ov":0}
[msc.reads] n=1 bytes=4096 lba=8161..8161 gap=4 ov=0
[rx] {"t":"event","op":"msc.reads","ms":17089,"gap":4,"lba0":8169,"lba1":8169,"bytes":4096,"n":1,"kind":2,"ov":0}
[msc.reads] n=1 bytes=4096 lba=8169..8169 gap=4 ov=0
[rx] {"t":"event","op":"msc.reads","ms":17093,"gap":4,"lba0":8177,"lba1":8185,"bytes":8192,"n":2,"kind":2,"ov":0}
[msc.reads] n=2 bytes=8192 lba=8177..8185 gap=4 ov=0
[rx] {"t":"event","op":"msc.reads","ms":17100,"gap":4,"lba0":8193,"lba1":8193,"bytes":4096,"n":1,"kind":2,"ov":0}
[msc.reads] n=1 bytes=4096 lba=8193..8193 gap=4 ov=0
[rx] {"t":"event","op":"msc.reads","ms":17104,"gap":4,"lba0":8201,"lba1":8201,"bytes":4096,"n":1,"kind":2,"ov":0}
[msc.reads] n=1 bytes=4096 lba=8201..8201 gap=4 ov=0
[rx] {"t":"event","op":"msc.reads","ms":17108,"gap":4,"lba0":8209,"lba1":8209,"bytes":4096,"n":1,"kind":2,"ov":0}
[msc.reads] n=1 bytes=4096 lba=8209..8209 gap=4 ov=0
[rx] {"t":"event","op":"msc.reads","ms":17112,"gap":4,"lba0":8217,"lba1":8217,"bytes":4096,"n":1,"kind":2,"ov":0}
[msc.reads] n=1 bytes=4096 lba=8217..8217 gap=4 ov=0
[rx] {"t":"event","op":"msc.reads","ms":17116,"gap":4,"lba0":8225,"lba1":8225,"bytes":4096,"n":1,"kind":2,"ov":0}
[msc.reads] n=1 bytes=4096 lba=8225..8225 gap=4 ov=0
[rx] {"t":"event","op":"msc.reads","ms":17120,"gap":4,"lba0":8233,"lba1":8233,"bytes":4096,"n":1,"kind":2,"ov":0}
[msc.reads] n=1 bytes=4096 lba=8233..8233 gap=4 ov=0
[rx] {"t":"event","op":"msc.reads","ms":17124,"gap":4,"lba0":8241,"lba1":8241,"bytes":4096,"n":1,"kind":2,"ov":0}
[msc.reads] n=1 bytes=4096 lba=8241..8241 gap=4 ov=0
[rx] {"t":"event","op":"msc.reads","ms":17128,"gap":4,"lba0":8249,"lba1":8281,"bytes":20480,"n":5,"kind":2,"ov":0}
[msc.reads] n=5 bytes=20480 lba=8249..8281 gap=4 ov=0
[rx] {"t":"event","op":"msc.reads","ms":17147,"gap":4,"lba0":8289,"lba1":8289,"bytes":4096,"n":1,"kind":2,"ov":0}
[msc.reads] n=1 bytes=4096 lba=8289..8289 gap=4 ov=0
[rx] {"t":"event","op":"msc.reads","ms":17151,"gap":4,"lba0":8297,"lba1":8297,"bytes":4096,"n":1,"kind":2,"ov":0}
[msc.reads] n=1 bytes=4096 lba=8297..8297 gap=4 ov=0
[rx] {"t":"event","op":"msc.reads","ms":17155,"gap":4,"lba0":8305,"lba1":8305,"bytes":4096,"n":1,"kind":2,"ov":0}
[msc.reads] n=1 bytes=4096 lba=8305..8305 gap=4 ov=0
[rx] {"t":"event","op":"msc.reads","ms":17158,"gap":3,"lba0":8313,"lba1":8313,"bytes":4096,"n":1,"kind":2,"ov":0}
[msc.reads] n=1 bytes=4096 lba=8313..8313 gap=3 ov=0
[rx] {"t":"event","op":"msc.reads","ms":17162,"gap":4,"lba0":8321,"lba1":8329,"bytes":8192,"n":2,"kind":2,"ov":0}
[msc.reads] n=2 bytes=8192 lba=8321..8329 gap=4 ov=0
[rx] {"t":"event","op":"msc.reads","ms":17170,"gap":4,"lba0":8337,"lba1":8337,"bytes":4096,"n":1,"kind":2,"ov":0}
[msc.reads] n=1 bytes=4096 lba=8337..8337 gap=4 ov=0
[rx] {"t":"event","op":"msc.reads","ms":17174,"gap":4,"lba0":8345,"lba1":8345,"bytes":4096,"n":1,"kind":2,"ov":0}
[msc.reads] n=1 bytes=4096 lba=8345..8345 gap=4 ov=0
[rx] {"t":"event","op":"msc.reads","ms":17178,"gap":4,"lba0":8353,"lba1":8353,"bytes":4096,"n":1,"kind":2,"ov":0}
[msc.reads] n=1 bytes=4096 lba=8353..8353 gap=4 ov=0
[rx] {"t":"event","op":"msc.reads","ms":17182,"gap":4,"lba0":8361,"lba1":8433,"bytes":40960,"n":10,"kind":2,"ov":0}
[msc.reads] n=10 bytes=40960 lba=8361..8433 gap=4 ov=0
[rx] {"t":"event","op":"msc.reads","ms":17218,"gap":4,"lba0":8441,"lba1":8441,"bytes":4096,"n":1,"kind":2,"ov":0}
[msc.reads] n=1 bytes=4096 lba=8441..8441 gap=4 ov=0
[rx] {"t":"event","op":"msc.reads","ms":17222,"gap":4,"lba0":8449,"lba1":8457,"bytes":8192,"n":2,"kind":2,"ov":0}
[msc.reads] n=2 bytes=8192 lba=8449..8457 gap=4 ov=0
[rx] {"t":"event","op":"msc.reads","ms":17231,"gap":5,"lba0":8465,"lba1":8465,"bytes":4096,"n":1,"kind":2,"ov":0}
[msc.reads] n=1 bytes=4096 lba=8465..8465 gap=5 ov=0
[rx] {"t":"event","op":"msc.reads","ms":17235,"gap":4,"lba0":8473,"lba1":8545,"bytes":40960,"n":10,"kind":2,"ov":0}
[msc.reads] n=10 bytes=40960 lba=8473..8545 gap=4 ov=0
[rx] {"t":"event","op":"msc.reads","ms":17271,"gap":4,"lba0":8553,"lba1":8561,"bytes":8192,"n":2,"kind":2,"ov":0}
[msc.reads] n=2 bytes=8192 lba=8553..8561 gap=4 ov=0
[rx] {"t":"event","op":"msc.reads","ms":17279,"gap":4,"lba0":8569,"lba1":8569,"bytes":4096,"n":1,"kind":2,"ov":0}
[msc.reads] n=1 bytes=4096 lba=8569..8569 gap=4 ov=0
[rx] {"t":"event","op":"msc.reads","ms":17283,"gap":4,"lba0":8577,"lba1":8585,"bytes":8192,"n":2,"kind":2,"ov":0}
[msc.reads] n=2 bytes=8192 lba=8577..8585 gap=4 ov=0
[rx] {"t":"event","op":"msc.reads","ms":17290,"gap":4,"lba0":8593,"lba1":8593,"bytes":4096,"n":1,"kind":2,"ov":0}
[msc.reads] n=1 bytes=4096 lba=8593..8593 gap=4 ov=0
[rx] {"t":"event","op":"msc.reads","ms":17294,"gap":4,"lba0":8601,"lba1":8601,"bytes":4096,"n":1,"kind":2,"ov":0}
[msc.reads] n=1 bytes=4096 lba=8601..8601 gap=4 ov=0
[rx] {"t":"event","op":"msc.reads","ms":17298,"gap":4,"lba0":8609,"lba1":8609,"bytes":4096,"n":1,"kind":2,"ov":0}
[msc.reads] n=1 bytes=4096 lba=8609..8609 gap=4 ov=0
[rx] {"t":"event","op":"msc.reads","ms":17302,"gap":4,"lba0":8617,"lba1":8681,"bytes":36864,"n":9,"kind":2,"ov":0}
[msc.reads] n=9 bytes=36864 lba=8617..8681 gap=4 ov=0
[rx] {"t":"event","op":"msc.reads","ms":17336,"gap":4,"lba0":8689,"lba1":8697,"bytes":8192,"n":2,"kind":2,"ov":0}
[msc.reads] n=2 bytes=8192 lba=8689..8697 gap=4 ov=0
[rx] {"t":"event","op":"msc.reads","ms":17344,"gap":5,"lba0":8705,"lba1":8705,"bytes":4096,"n":1,"kind":2,"ov":0}
[msc.reads] n=1 bytes=4096 lba=8705..8705 gap=5 ov=0
[rx] {"t":"event","op":"msc.reads","ms":17348,"gap":4,"lba0":8713,"lba1":8713,"bytes":4096,"n":1,"kind":2,"ov":0}
[msc.reads] n=1 bytes=4096 lba=8713..8713 gap=4 ov=0
[rx] {"t":"event","op":"msc.reads","ms":17351,"gap":3,"lba0":8721,"lba1":8809,"bytes":49152,"n":12,"kind":2,"ov":0}
[msc.reads] n=12 bytes=49152 lba=8721..8809 gap=3 ov=0
[rx] {"t":"event","op":"msc.reads","ms":17396,"gap":4,"lba0":8817,"lba1":8817,"bytes":4096,"n":1,"kind":2,"ov":0}
[msc.reads] n=1 bytes=4096 lba=8817..8817 gap=4 ov=0
[rx] {"t":"event","op":"msc.reads","ms":17400,"gap":4,"lba0":8825,"lba1":8825,"bytes":4096,"n":1,"kind":2,"ov":0}
[msc.reads] n=1 bytes=4096 lba=8825..8825 gap=4 ov=0
[rx] {"t":"event","op":"msc.reads","ms":17404,"gap":4,"lba0":8833,"lba1":8881,"bytes":28672,"n":7,"kind":2,"ov":0}
[msc.reads] n=7 bytes=28672 lba=8833..8881 gap=4 ov=0
[rx] {"t":"event","op":"msc.reads","ms":17429,"gap":4,"lba0":8889,"lba1":8889,"bytes":4096,"n":1,"kind":2,"ov":0}
[msc.reads] n=1 bytes=4096 lba=8889..8889 gap=4 ov=0
[rx] {"t":"event","op":"msc.reads","ms":17433,"gap":4,"lba0":8897,"lba1":8921,"bytes":16384,"n":4,"kind":2,"ov":0}
[msc.reads] n=4 bytes=16384 lba=8897..8921 gap=4 ov=0
[rx] {"t":"event","op":"msc.reads","ms":17448,"gap":4,"lba0":8929,"lba1":8929,"bytes":4096,"n":1,"kind":2,"ov":0}
[msc.reads] n=1 bytes=4096 lba=8929..8929 gap=4 ov=0
[rx] {"t":"event","op":"msc.reads","ms":17452,"gap":4,"lba0":8937,"lba1":8937,"bytes":4096,"n":1,"kind":2,"ov":0}
[msc.reads] n=1 bytes=4096 lba=8937..8937 gap=4 ov=0
[rx] {"t":"event","op":"diag","code":"play.reject","detail":"not_from_head uid=fav0 from=2689 +3207168B age=10539ms prefetch"}
[msc] play.reject not_from_head uid=fav0 from=2689 +3207168B age=10539ms prefetch
[rx] {"t":"event","op":"msc.reads","ms":17457,"gap":5,"lba0":8945,"lba1":8945,"bytes":4096,"n":1,"kind":2,"ov":0}
[msc.reads] n=1 bytes=4096 lba=8945..8945 gap=5 ov=0
[rx] {"t":"event","op":"msc.reads","ms":17475,"gap":18,"lba0":8953,"lba1":8953,"bytes":4096,"n":1,"kind":2,"ov":0}
[msc.reads] n=1 bytes=4096 lba=8953..8953 gap=18 ov=0
[rx] {"t":"event","op":"msc.reads","ms":17478,"gap":3,"lba0":8961,"lba1":8961,"bytes":4096,"n":1,"kind":2,"ov":0}
[msc.reads] n=1 bytes=4096 lba=8961..8961 gap=3 ov=0
[rx] {"t":"event","op":"msc.reads","ms":17482,"gap":4,"lba0":8969,"lba1":8969,"bytes":4096,"n":1,"kind":2,"ov":0}
[msc.reads] n=1 bytes=4096 lba=8969..8969 gap=4 ov=0
[rx] {"t":"event","op":"msc.reads","ms":17487,"gap":5,"lba0":8977,"lba1":8985,"bytes":8192,"n":2,"kind":2,"ov":0}
[msc.reads] n=2 bytes=8192 lba=8977..8985 gap=5 ov=0
[rx] {"t":"event","op":"msc.reads","ms":17494,"gap":3,"lba0":8993,"lba1":8993,"bytes":4096,"n":1,"kind":2,"ov":0}
[msc.reads] n=1 bytes=4096 lba=8993..8993 gap=3 ov=0
[rx] {"t":"event","op":"msc.reads","ms":17498,"gap":4,"lba0":9001,"lba1":9001,"bytes":4096,"n":1,"kind":2,"ov":0}
[msc.reads] n=1 bytes=4096 lba=9001..9001 gap=4 ov=0
[rx] {"t":"event","op":"msc.reads","ms":17502,"gap":4,"lba0":9009,"lba1":9009,"bytes":4096,"n":1,"kind":2,"ov":0}
[msc.reads] n=1 bytes=4096 lba=9009..9009 gap=4 ov=0
[rx] {"t":"event","op":"msc.reads","ms":17506,"gap":4,"lba0":9017,"lba1":9073,"bytes":32768,"n":8,"kind":2,"ov":0}
[msc.reads] n=8 bytes=32768 lba=9017..9073 gap=4 ov=0
[rx] {"t":"event","op":"msc.reads","ms":17536,"gap":4,"lba0":9081,"lba1":9081,"bytes":4096,"n":1,"kind":2,"ov":0}
[msc.reads] n=1 bytes=4096 lba=9081..9081 gap=4 ov=0
[rx] {"t":"event","op":"msc.reads","ms":17540,"gap":4,"lba0":9089,"lba1":9105,"bytes":12288,"n":3,"kind":2,"ov":0}
[msc.reads] n=3 bytes=12288 lba=9089..9105 gap=4 ov=0
[rx] {"t":"event","op":"msc.reads","ms":17551,"gap":4,"lba0":9113,"lba1":9113,"bytes":4096,"n":1,"kind":2,"ov":0}
[msc.reads] n=1 bytes=4096 lba=9113..9113 gap=4 ov=0
[rx] {"t":"event","op":"msc.reads","ms":17555,"gap":4,"lba0":9121,"lba1":9121,"bytes":4096,"n":1,"kind":2,"ov":0}
[msc.reads] n=1 bytes=4096 lba=9121..9121 gap=4 ov=0
[rx] {"t":"event","op":"msc.reads","ms":17559,"gap":4,"lba0":9129,"lba1":9129,"bytes":4096,"n":1,"kind":2,"ov":0}
[msc.reads] n=1 bytes=4096 lba=9129..9129 gap=4 ov=0
[rx] {"t":"event","op":"msc.reads","ms":17562,"gap":3,"lba0":9137,"lba1":9161,"bytes":16384,"n":4,"kind":2,"ov":0}
[msc.reads] n=4 bytes=16384 lba=9137..9161 gap=3 ov=0
[rx] {"t":"event","op":"msc.reads","ms":17577,"gap":3,"lba0":9169,"lba1":9281,"bytes":61440,"n":15,"kind":2,"ov":0}
[msc.reads] n=15 bytes=61440 lba=9169..9281 gap=3 ov=0
[rx] {"t":"event","op":"msc.reads","ms":17633,"gap":4,"lba0":9289,"lba1":9289,"bytes":4096,"n":1,"kind":2,"ov":0}
[msc.reads] n=1 bytes=4096 lba=9289..9289 gap=4 ov=0
[rx] {"t":"event","op":"msc.reads","ms":17637,"gap":4,"lba0":9297,"lba1":9305,"bytes":8192,"n":2,"kind":2,"ov":0}
[msc.reads] n=2 bytes=8192 lba=9297..9305 gap=4 ov=0
[rx] {"t":"event","op":"msc.reads","ms":17644,"gap":4,"lba0":9313,"lba1":9313,"bytes":4096,"n":1,"kind":2,"ov":0}
[msc.reads] n=1 bytes=4096 lba=9313..9313 gap=4 ov=0
[rx] {"t":"event","op":"msc.reads","ms":17648,"gap":4,"lba0":9321,"lba1":9321,"bytes":4096,"n":1,"kind":2,"ov":0}
[msc.reads] n=1 bytes=4096 lba=9321..9321 gap=4 ov=0
[rx] {"t":"event","op":"msc.reads","ms":17652,"gap":4,"lba0":9329,"lba1":9393,"bytes":36864,"n":9,"kind":2,"ov":0}
[msc.reads] n=9 bytes=36864 lba=9329..9393 gap=4 ov=0
[rx] {"t":"event","op":"msc.reads","ms":17686,"gap":4,"lba0":9401,"lba1":9401,"bytes":4096,"n":1,"kind":2,"ov":0}
[msc.reads] n=1 bytes=4096 lba=9401..9401 gap=4 ov=0
[rx] {"t":"event","op":"msc.reads","ms":17690,"gap":4,"lba0":9409,"lba1":9409,"bytes":4096,"n":1,"kind":2,"ov":0}
[msc.reads] n=1 bytes=4096 lba=9409..9409 gap=4 ov=0
[rx] {"t":"event","op":"msc.reads","ms":17693,"gap":3,"lba0":9417,"lba1":9425,"bytes":8192,"n":2,"kind":2,"ov":0}
[msc.reads] n=2 bytes=8192 lba=9417..9425 gap=3 ov=0
[rx] {"t":"event","op":"msc.reads","ms":17702,"gap":4,"lba0":9433,"lba1":9433,"bytes":4096,"n":1,"kind":2,"ov":0}
[msc.reads] n=1 bytes=4096 lba=9433..9433 gap=4 ov=0
[rx] {"t":"event","op":"msc.reads","ms":17706,"gap":4,"lba0":9441,"lba1":9441,"bytes":4096,"n":1,"kind":2,"ov":0}
[msc.reads] n=1 bytes=4096 lba=9441..9441 gap=4 ov=0
[rx] {"t":"event","op":"msc.reads","ms":17709,"gap":3,"lba0":9449,"lba1":9497,"bytes":28672,"n":7,"kind":2,"ov":0}
[msc.reads] n=7 bytes=28672 lba=9449..9497 gap=3 ov=0
[rx] {"t":"event","op":"msc.reads","ms":17735,"gap":4,"lba0":9505,"lba1":9505,"bytes":4096,"n":1,"kind":2,"ov":0}
[msc.reads] n=1 bytes=4096 lba=9505..9505 gap=4 ov=0
[rx] {"t":"event","op":"msc.reads","ms":17739,"gap":4,"lba0":9513,"lba1":9521,"bytes":8192,"n":2,"kind":2,"ov":0}
[msc.reads] n=2 bytes=8192 lba=9513..9521 gap=4 ov=0
[rx] {"t":"event","op":"msc.reads","ms":17747,"gap":4,"lba0":9529,"lba1":9529,"bytes":4096,"n":1,"kind":2,"ov":0}
[msc.reads] n=1 bytes=4096 lba=9529..9529 gap=4 ov=0
[rx] {"t":"event","op":"msc.reads","ms":17751,"gap":4,"lba0":9537,"lba1":9537,"bytes":4096,"n":1,"kind":2,"ov":0}
[msc.reads] n=1 bytes=4096 lba=9537..9537 gap=4 ov=0
[rx] {"t":"event","op":"msc.reads","ms":17755,"gap":4,"lba0":9545,"lba1":9553,"bytes":8192,"n":2,"kind":2,"ov":0}
[msc.reads] n=2 bytes=8192 lba=9545..9553 gap=4 ov=0
[rx] {"t":"event","op":"msc.reads","ms":17762,"gap":4,"lba0":9561,"lba1":9625,"bytes":36864,"n":9,"kind":2,"ov":0}
[msc.reads] n=9 bytes=36864 lba=9561..9625 gap=4 ov=0
[rx] {"t":"event","op":"msc.reads","ms":17795,"gap":3,"lba0":9633,"lba1":9633,"bytes":4096,"n":1,"kind":2,"ov":0}
[msc.reads] n=1 bytes=4096 lba=9633..9633 gap=3 ov=0
[rx] {"t":"event","op":"msc.reads","ms":17799,"gap":4,"lba0":9641,"lba1":9641,"bytes":4096,"n":1,"kind":2,"ov":0}
[msc.reads] n=1 bytes=4096 lba=9641..9641 gap=4 ov=0
[rx] {"t":"event","op":"msc.reads","ms":17803,"gap":4,"lba0":9649,"lba1":9705,"bytes":32768,"n":8,"kind":2,"ov":0}
[msc.reads] n=8 bytes=32768 lba=9649..9705 gap=4 ov=0
[rx] {"t":"event","op":"msc.reads","ms":17833,"gap":4,"lba0":9713,"lba1":9713,"bytes":4096,"n":1,"kind":2,"ov":0}
[msc.reads] n=1 bytes=4096 lba=9713..9713 gap=4 ov=0
[rx] {"t":"event","op":"msc.reads","ms":17837,"gap":4,"lba0":9721,"lba1":9745,"bytes":16384,"n":4,"kind":2,"ov":0}
[msc.reads] n=4 bytes=16384 lba=9721..9745 gap=4 ov=0
[rx] {"t":"event","op":"msc.reads","ms":17852,"gap":4,"lba0":9753,"lba1":9753,"bytes":4096,"n":1,"kind":2,"ov":0}
[msc.reads] n=1 bytes=4096 lba=9753..9753 gap=4 ov=0
[rx] {"t":"event","op":"msc.reads","ms":17856,"gap":4,"lba0":9761,"lba1":9761,"bytes":4096,"n":1,"kind":2,"ov":0}
[msc.reads] n=1 bytes=4096 lba=9761..9761 gap=4 ov=0
[rx] {"t":"event","op":"msc.reads","ms":17860,"gap":4,"lba0":9769,"lba1":9769,"bytes":4096,"n":1,"kind":2,"ov":0}
[msc.reads] n=1 bytes=4096 lba=9769..9769 gap=4 ov=0
[rx] {"t":"event","op":"msc.reads","ms":17863,"gap":3,"lba0":9777,"lba1":9793,"bytes":12288,"n":3,"kind":2,"ov":0}
[msc.reads] n=3 bytes=12288 lba=9777..9793 gap=3 ov=0
[rx] {"t":"event","op":"msc.reads","ms":17875,"gap":4,"lba0":9801,"lba1":9801,"bytes":4096,"n":1,"kind":2,"ov":0}
[msc.reads] n=1 bytes=4096 lba=9801..9801 gap=4 ov=0
[rx] {"t":"event","op":"msc.reads","ms":17879,"gap":4,"lba0":9809,"lba1":9929,"bytes":65536,"n":16,"kind":2,"ov":0}
[msc.reads] n=16 bytes=65536 lba=9809..9929 gap=4 ov=0
[rx] {"t":"event","op":"msc.reads","ms":17938,"gap":4,"lba0":9937,"lba1":9937,"bytes":4096,"n":1,"kind":2,"ov":0}
[msc.reads] n=1 bytes=4096 lba=9937..9937 gap=4 ov=0
[rx] {"t":"event","op":"msc.reads","ms":17942,"gap":4,"lba0":9945,"lba1":9945,"bytes":4096,"n":1,"kind":2,"ov":0}
[msc.reads] n=1 bytes=4096 lba=9945..9945 gap=4 ov=0
[rx] {"t":"event","op":"msc.reads","ms":17946,"gap":4,"lba0":9953,"lba1":9953,"bytes":4096,"n":1,"kind":2,"ov":0}
[msc.reads] n=1 bytes=4096 lba=9953..9953 gap=4 ov=0
[rx] {"t":"event","op":"msc.reads","ms":17950,"gap":4,"lba0":9961,"lba1":9961,"bytes":4096,"n":1,"kind":2,"ov":0}
[msc.reads] n=1 bytes=4096 lba=9961..9961 gap=4 ov=0
[rx] {"t":"event","op":"msc.reads","ms":17954,"gap":4,"lba0":9969,"lba1":9969,"bytes":4096,"n":1,"kind":2,"ov":0}
[msc.reads] n=1 bytes=4096 lba=9969..9969 gap=4 ov=0
[rx] {"t":"event","op":"msc.reads","ms":17958,"gap":4,"lba0":9977,"lba1":10033,"bytes":32768,"n":8,"kind":2,"ov":0}
[msc.reads] n=8 bytes=32768 lba=9977..10033 gap=4 ov=0
[rx] {"t":"event","op":"msc.reads","ms":17987,"gap":4,"lba0":10041,"lba1":10129,"bytes":49152,"n":12,"kind":2,"ov":0}
[msc.reads] n=12 bytes=49152 lba=10041..10129 gap=4 ov=0
[rx] {"t":"event","op":"msc.reads","ms":18031,"gap":4,"lba0":10137,"lba1":10137,"bytes":4096,"n":1,"kind":2,"ov":0}
[msc.reads] n=1 bytes=4096 lba=10137..10137 gap=4 ov=0
[rx] {"t":"event","op":"msc.reads","ms":18035,"gap":4,"lba0":10145,"lba1":10153,"bytes":8192,"n":2,"kind":2,"ov":0}
[msc.reads] n=2 bytes=8192 lba=10145..10153 gap=4 ov=0
[rx] {"t":"event","op":"msc.reads","ms":18043,"gap":4,"lba0":10161,"lba1":10161,"bytes":4096,"n":1,"kind":2,"ov":0}
[msc.reads] n=1 bytes=4096 lba=10161..10161 gap=4 ov=0
[rx] {"t":"event","op":"msc.reads","ms":18047,"gap":4,"lba0":10169,"lba1":10169,"bytes":4096,"n":1,"kind":2,"ov":0}
[msc.reads] n=1 bytes=4096 lba=10169..10169 gap=4 ov=0
[rx] {"t":"event","op":"msc.reads","ms":18051,"gap":4,"lba0":10177,"lba1":10193,"bytes":12288,"n":3,"kind":2,"ov":0}
[msc.reads] n=3 bytes=12288 lba=10177..10193 gap=4 ov=0
[rx] {"t":"event","op":"msc.reads","ms":18062,"gap":4,"lba0":10201,"lba1":10201,"bytes":4096,"n":1,"kind":2,"ov":0}
[msc.reads] n=1 bytes=4096 lba=10201..10201 gap=4 ov=0
[rx] {"t":"event","op":"msc.reads","ms":18066,"gap":4,"lba0":10209,"lba1":10209,"bytes":4096,"n":1,"kind":2,"ov":0}
[msc.reads] n=1 bytes=4096 lba=10209..10209 gap=4 ov=0
[rx] {"t":"event","op":"msc.reads","ms":18070,"gap":4,"lba0":10217,"lba1":10281,"bytes":36864,"n":9,"kind":2,"ov":0}
[msc.reads] n=9 bytes=36864 lba=10217..10281 gap=4 ov=0
[rx] {"t":"event","op":"msc.reads","ms":18103,"gap":4,"lba0":10289,"lba1":10289,"bytes":4096,"n":1,"kind":2,"ov":0}
[msc.reads] n=1 bytes=4096 lba=10289..10289 gap=4 ov=0
[rx] {"t":"event","op":"msc.reads","ms":18107,"gap":4,"lba0":10297,"lba1":10361,"bytes":36864,"n":9,"kind":2,"ov":0}
[msc.reads] n=9 bytes=36864 lba=10297..10361 gap=4 ov=0
[rx] {"t":"event","op":"msc.reads","ms":18140,"gap":4,"lba0":10369,"lba1":10369,"bytes":4096,"n":1,"kind":2,"ov":0}
[msc.reads] n=1 bytes=4096 lba=10369..10369 gap=4 ov=0
[rx] {"t":"event","op":"msc.reads","ms":18144,"gap":4,"lba0":10377,"lba1":10393,"bytes":12288,"n":3,"kind":2,"ov":0}
[msc.reads] n=3 bytes=12288 lba=10377..10393 gap=4 ov=0
[rx] {"t":"event","op":"msc.reads","ms":18155,"gap":4,"lba0":10401,"lba1":10401,"bytes":4096,"n":1,"kind":2,"ov":0}
[msc.reads] n=1 bytes=4096 lba=10401..10401 gap=4 ov=0
[rx] {"t":"event","op":"msc.reads","ms":18159,"gap":4,"lba0":10409,"lba1":10409,"bytes":4096,"n":1,"kind":2,"ov":0}
[msc.reads] n=1 bytes=4096 lba=10409..10409 gap=4 ov=0
[rx] {"t":"event","op":"msc.reads","ms":18164,"gap":5,"lba0":10417,"lba1":10417,"bytes":4096,"n":1,"kind":2,"ov":0}
[msc.reads] n=1 bytes=4096 lba=10417..10417 gap=5 ov=0
[rx] {"t":"event","op":"msc.reads","ms":18168,"gap":4,"lba0":10425,"lba1":10465,"bytes":24576,"n":6,"kind":2,"ov":0}
[msc.reads] n=6 bytes=24576 lba=10425..10465 gap=4 ov=0
[tx] {"t":"ping"}
[rx] {"t":"event","op":"msc.reads","ms":18190,"gap":4,"lba0":10473,"lba1":10497,"bytes":16384,"n":4,"kind":2,"ov":0}
[msc.reads] n=4 bytes=16384 lba=10473..10497 gap=4 ov=0
[rx] {"t":"event","op":"msc.reads","ms":18205,"gap":4,"lba0":10505,"lba1":10505,"bytes":4096,"n":1,"kind":2,"ov":0}
[msc.reads] n=1 bytes=4096 lba=10505..10505 gap=4 ov=0
[rx] {"t":"event","op":"msc.reads","ms":18209,"gap":4,"lba0":10513,"lba1":10513,"bytes":4096,"n":1,"kind":2,"ov":0}
[msc.reads] n=1 bytes=4096 lba=10513..10513 gap=4 ov=0
[rx] {"t":"event","op":"msc.reads","ms":18213,"gap":4,"lba0":10521,"lba1":10521,"bytes":4096,"n":1,"kind":2,"ov":0}
[msc.reads] n=1 bytes=4096 lba=10521..10521 gap=4 ov=0
[rx] {"t":"event","op":"msc.reads","ms":18217,"gap":4,"lba0":10529,"lba1":10585,"bytes":32768,"n":8,"kind":2,"ov":0}
[msc.reads] n=8 bytes=32768 lba=10529..10585 gap=4 ov=0
[rx] {"t":"pong"}
[rx] {"t":"event","op":"diag","code":"play.reject","detail":"not_from_head uid=fav0 from=2689 +4063232B age=11340ms prefetch"}
[msc] play.reject not_from_head uid=fav0 from=2689 +4063232B age=11340ms prefetch
[rx] {"t":"event","op":"msc.reads","ms":18247,"gap":4,"lba0":10593,"lba1":10617,"bytes":16384,"n":4,"kind":2,"ov":0}
[msc.reads] n=4 bytes=16384 lba=10593..10617 gap=4 ov=0
[rx] {"t":"event","op":"msc.reads","ms":18275,"gap":17,"lba0":10625,"lba1":10657,"bytes":20480,"n":5,"kind":2,"ov":0}
[msc.reads] n=5 bytes=20480 lba=10625..10657 gap=17 ov=0
[rx] {"t":"event","op":"msc.reads","ms":18294,"gap":4,"lba0":10665,"lba1":10665,"bytes":4096,"n":1,"kind":2,"ov":0}
[msc.reads] n=1 bytes=4096 lba=10665..10665 gap=4 ov=0
[rx] {"t":"event","op":"msc.reads","ms":18298,"gap":4,"lba0":10673,"lba1":10681,"bytes":8192,"n":2,"kind":2,"ov":0}
[msc.reads] n=2 bytes=8192 lba=10673..10681 gap=4 ov=0
[rx] {"t":"event","op":"msc.reads","ms":18306,"gap":4,"lba0":10689,"lba1":10769,"bytes":45056,"n":11,"kind":2,"ov":0}
[msc.reads] n=11 bytes=45056 lba=10689..10769 gap=4 ov=0
[rx] {"t":"event","op":"msc.reads","ms":18346,"gap":4,"lba0":10777,"lba1":10777,"bytes":4096,"n":1,"kind":2,"ov":0}
[msc.reads] n=1 bytes=4096 lba=10777..10777 gap=4 ov=0
[rx] {"t":"event","op":"msc.reads","ms":18350,"gap":4,"lba0":10785,"lba1":10785,"bytes":4096,"n":1,"kind":2,"ov":0}
[msc.reads] n=1 bytes=4096 lba=10785..10785 gap=4 ov=0
[rx] {"t":"event","op":"msc.reads","ms":18354,"gap":4,"lba0":10793,"lba1":10993,"bytes":106496,"n":26,"kind":2,"ov":0}
[msc.reads] n=26 bytes=106496 lba=10793..10993 gap=4 ov=0
[rx] {"t":"event","op":"msc.reads","ms":18451,"gap":4,"lba0":11001,"lba1":11001,"bytes":4096,"n":1,"kind":2,"ov":0}
[msc.reads] n=1 bytes=4096 lba=11001..11001 gap=4 ov=0
[rx] {"t":"event","op":"msc.reads","ms":18455,"gap":4,"lba0":11009,"lba1":11009,"bytes":4096,"n":1,"kind":2,"ov":0}
[msc.reads] n=1 bytes=4096 lba=11009..11009 gap=4 ov=0
[rx] {"t":"event","op":"msc.reads","ms":18459,"gap":4,"lba0":11017,"lba1":11017,"bytes":4096,"n":1,"kind":2,"ov":0}
[msc.reads] n=1 bytes=4096 lba=11017..11017 gap=4 ov=0
[rx] {"t":"event","op":"msc.reads","ms":18463,"gap":4,"lba0":11025,"lba1":11025,"bytes":4096,"n":1,"kind":2,"ov":0}
[msc.reads] n=1 bytes=4096 lba=11025..11025 gap=4 ov=0
[rx] {"t":"event","op":"msc.reads","ms":18467,"gap":4,"lba0":11033,"lba1":11057,"bytes":16384,"n":4,"kind":2,"ov":0}
[msc.reads] n=4 bytes=16384 lba=11033..11057 gap=4 ov=0
[rx] {"t":"event","op":"msc.reads","ms":18482,"gap":4,"lba0":11065,"lba1":11193,"bytes":69632,"n":17,"kind":2,"ov":0}
[msc.reads] n=17 bytes=69632 lba=11065..11193 gap=4 ov=0
[rx] {"t":"event","op":"msc.reads","ms":18545,"gap":4,"lba0":11201,"lba1":11201,"bytes":4096,"n":1,"kind":2,"ov":0}
[msc.reads] n=1 bytes=4096 lba=11201..11201 gap=4 ov=0
[rx] {"t":"event","op":"msc.reads","ms":18549,"gap":4,"lba0":11209,"lba1":11209,"bytes":4096,"n":1,"kind":2,"ov":0}
[msc.reads] n=1 bytes=4096 lba=11209..11209 gap=4 ov=0
[rx] {"t":"event","op":"msc.reads","ms":18553,"gap":4,"lba0":11217,"lba1":11225,"bytes":8192,"n":2,"kind":2,"ov":0}
[msc.reads] n=2 bytes=8192 lba=11217..11225 gap=4 ov=0
[rx] {"t":"event","op":"msc.reads","ms":18560,"gap":4,"lba0":11233,"lba1":11297,"bytes":36864,"n":9,"kind":2,"ov":0}
[msc.reads] n=9 bytes=36864 lba=11233..11297 gap=4 ov=0
[rx] {"t":"event","op":"msc.reads","ms":18593,"gap":4,"lba0":11305,"lba1":11305,"bytes":4096,"n":1,"kind":2,"ov":0}
[msc.reads] n=1 bytes=4096 lba=11305..11305 gap=4 ov=0
[rx] {"t":"event","op":"msc.reads","ms":18597,"gap":4,"lba0":11313,"lba1":11313,"bytes":4096,"n":1,"kind":2,"ov":0}
[msc.reads] n=1 bytes=4096 lba=11313..11313 gap=4 ov=0
[rx] {"t":"event","op":"msc.reads","ms":18601,"gap":4,"lba0":11321,"lba1":11321,"bytes":4096,"n":1,"kind":2,"ov":0}
[msc.reads] n=1 bytes=4096 lba=11321..11321 gap=4 ov=0
[rx] {"t":"event","op":"msc.reads","ms":18605,"gap":4,"lba0":11329,"lba1":11337,"bytes":8192,"n":2,"kind":2,"ov":0}
[msc.reads] n=2 bytes=8192 lba=11329..11337 gap=4 ov=0
[rx] {"t":"event","op":"msc.reads","ms":18612,"gap":4,"lba0":11345,"lba1":11345,"bytes":4096,"n":1,"kind":2,"ov":0}
[msc.reads] n=1 bytes=4096 lba=11345..11345 gap=4 ov=0
[rx] {"t":"event","op":"msc.reads","ms":18616,"gap":4,"lba0":11353,"lba1":11353,"bytes":4096,"n":1,"kind":2,"ov":0}
[msc.reads] n=1 bytes=4096 lba=11353..11353 gap=4 ov=0
[rx] {"t":"event","op":"msc.reads","ms":18620,"gap":4,"lba0":11361,"lba1":11361,"bytes":4096,"n":1,"kind":2,"ov":0}
[msc.reads] n=1 bytes=4096 lba=11361..11361 gap=4 ov=0
[rx] {"t":"event","op":"msc.reads","ms":18624,"gap":4,"lba0":11369,"lba1":11369,"bytes":4096,"n":1,"kind":2,"ov":0}
[msc.reads] n=1 bytes=4096 lba=11369..11369 gap=4 ov=0
[rx] {"t":"event","op":"msc.reads","ms":18628,"gap":4,"lba0":11377,"lba1":11441,"bytes":36864,"n":9,"kind":2,"ov":0}
[msc.reads] n=9 bytes=36864 lba=11377..11441 gap=4 ov=0
[rx] {"t":"event","op":"msc.reads","ms":18661,"gap":4,"lba0":11449,"lba1":11521,"bytes":40960,"n":10,"kind":2,"ov":0}
[msc.reads] n=10 bytes=40960 lba=11449..11521 gap=4 ov=0
[rx] {"t":"event","op":"msc.reads","ms":18698,"gap":4,"lba0":11529,"lba1":11529,"bytes":4096,"n":1,"kind":2,"ov":0}
[msc.reads] n=1 bytes=4096 lba=11529..11529 gap=4 ov=0
[rx] {"t":"event","op":"msc.reads","ms":18702,"gap":4,"lba0":11537,"lba1":11537,"bytes":4096,"n":1,"kind":2,"ov":0}
[msc.reads] n=1 bytes=4096 lba=11537..11537 gap=4 ov=0
[rx] {"t":"event","op":"msc.reads","ms":18706,"gap":4,"lba0":11545,"lba1":11553,"bytes":8192,"n":2,"kind":2,"ov":0}
[msc.reads] n=2 bytes=8192 lba=11545..11553 gap=4 ov=0
[rx] {"t":"event","op":"msc.reads","ms":18713,"gap":4,"lba0":11561,"lba1":11569,"bytes":8192,"n":2,"kind":2,"ov":0}
[msc.reads] n=2 bytes=8192 lba=11561..11569 gap=4 ov=0
[rx] {"t":"event","op":"msc.reads","ms":18721,"gap":4,"lba0":11577,"lba1":11577,"bytes":4096,"n":1,"kind":2,"ov":0}
[msc.reads] n=1 bytes=4096 lba=11577..11577 gap=4 ov=0
[rx] {"t":"event","op":"msc.reads","ms":18725,"gap":4,"lba0":11585,"lba1":11585,"bytes":4096,"n":1,"kind":2,"ov":0}
[msc.reads] n=1 bytes=4096 lba=11585..11585 gap=4 ov=0
[rx] {"t":"event","op":"msc.reads","ms":18729,"gap":4,"lba0":11593,"lba1":11593,"bytes":4096,"n":1,"kind":2,"ov":0}
[msc.reads] n=1 bytes=4096 lba=11593..11593 gap=4 ov=0
[rx] {"t":"event","op":"msc.reads","ms":18732,"gap":3,"lba0":11601,"lba1":11673,"bytes":40960,"n":10,"kind":2,"ov":0}
[msc.reads] n=10 bytes=40960 lba=11601..11673 gap=3 ov=0
[rx] {"t":"event","op":"msc.reads","ms":18770,"gap":4,"lba0":11681,"lba1":11681,"bytes":4096,"n":1,"kind":2,"ov":0}
[msc.reads] n=1 bytes=4096 lba=11681..11681 gap=4 ov=0
[rx] {"t":"event","op":"msc.reads","ms":18774,"gap":4,"lba0":11689,"lba1":11689,"bytes":4096,"n":1,"kind":2,"ov":0}
[msc.reads] n=1 bytes=4096 lba=11689..11689 gap=4 ov=0
[rx] {"t":"event","op":"msc.reads","ms":18778,"gap":4,"lba0":11697,"lba1":11697,"bytes":4096,"n":1,"kind":2,"ov":0}
[msc.reads] n=1 bytes=4096 lba=11697..11697 gap=4 ov=0
[rx] {"t":"event","op":"msc.reads","ms":18782,"gap":4,"lba0":11705,"lba1":11753,"bytes":28672,"n":7,"kind":2,"ov":0}
[msc.reads] n=7 bytes=28672 lba=11705..11753 gap=4 ov=0
[rx] {"t":"event","op":"msc.reads","ms":18808,"gap":4,"lba0":11761,"lba1":11761,"bytes":4096,"n":1,"kind":2,"ov":0}
[msc.reads] n=1 bytes=4096 lba=11761..11761 gap=4 ov=0
[rx] {"t":"event","op":"msc.reads","ms":18812,"gap":4,"lba0":11769,"lba1":11857,"bytes":49152,"n":12,"kind":2,"ov":0}
[msc.reads] n=12 bytes=49152 lba=11769..11857 gap=4 ov=0
[rx] {"t":"event","op":"msc.reads","ms":18856,"gap":4,"lba0":11865,"lba1":11865,"bytes":4096,"n":1,"kind":2,"ov":0}
[msc.reads] n=1 bytes=4096 lba=11865..11865 gap=4 ov=0
[rx] {"t":"event","op":"msc.reads","ms":18860,"gap":4,"lba0":11873,"lba1":11873,"bytes":4096,"n":1,"kind":2,"ov":0}
[msc.reads] n=1 bytes=4096 lba=11873..11873 gap=4 ov=0
[rx] {"t":"event","op":"msc.reads","ms":18864,"gap":4,"lba0":11881,"lba1":11881,"bytes":4096,"n":1,"kind":2,"ov":0}
[msc.reads] n=1 bytes=4096 lba=11881..11881 gap=4 ov=0
[rx] {"t":"event","op":"msc.reads","ms":18868,"gap":4,"lba0":11889,"lba1":11889,"bytes":4096,"n":1,"kind":2,"ov":0}
[msc.reads] n=1 bytes=4096 lba=11889..11889 gap=4 ov=0
[rx] {"t":"event","op":"msc.reads","ms":18872,"gap":4,"lba0":11897,"lba1":11905,"bytes":8192,"n":2,"kind":2,"ov":0}
[msc.reads] n=2 bytes=8192 lba=11897..11905 gap=4 ov=0
[rx] {"t":"event","op":"msc.reads","ms":18879,"gap":4,"lba0":11913,"lba1":11913,"bytes":4096,"n":1,"kind":2,"ov":0}
[msc.reads] n=1 bytes=4096 lba=11913..11913 gap=4 ov=0
[rx] {"t":"event","op":"msc.reads","ms":18883,"gap":4,"lba0":11921,"lba1":11921,"bytes":4096,"n":1,"kind":2,"ov":0}
[msc.reads] n=1 bytes=4096 lba=11921..11921 gap=4 ov=0
[rx] {"t":"event","op":"msc.reads","ms":18887,"gap":4,"lba0":11929,"lba1":12001,"bytes":40960,"n":10,"kind":2,"ov":0}
[msc.reads] n=10 bytes=40960 lba=11929..12001 gap=4 ov=0
[rx] {"t":"event","op":"msc.reads","ms":18923,"gap":3,"lba0":12009,"lba1":12009,"bytes":4096,"n":1,"kind":2,"ov":0}
[msc.reads] n=1 bytes=4096 lba=12009..12009 gap=3 ov=0
[rx] {"t":"event","op":"msc.reads","ms":18927,"gap":4,"lba0":12017,"lba1":12017,"bytes":4096,"n":1,"kind":2,"ov":0}
[msc.reads] n=1 bytes=4096 lba=12017..12017 gap=4 ov=0
[rx] {"t":"event","op":"msc.reads","ms":18931,"gap":4,"lba0":12025,"lba1":12025,"bytes":4096,"n":1,"kind":2,"ov":0}
[msc.reads] n=1 bytes=4096 lba=12025..12025 gap=4 ov=0
[rx] {"t":"event","op":"msc.reads","ms":18935,"gap":4,"lba0":12033,"lba1":12081,"bytes":28672,"n":7,"kind":2,"ov":0}
[msc.reads] n=7 bytes=28672 lba=12033..12081 gap=4 ov=0
[rx] {"t":"event","op":"msc.reads","ms":18961,"gap":4,"lba0":12089,"lba1":12113,"bytes":16384,"n":4,"kind":2,"ov":0}
[msc.reads] n=4 bytes=16384 lba=12089..12113 gap=4 ov=0
[rx] {"t":"event","op":"msc.reads","ms":18976,"gap":4,"lba0":12121,"lba1":12121,"bytes":4096,"n":1,"kind":2,"ov":0}
[msc.reads] n=1 bytes=4096 lba=12121..12121 gap=4 ov=0
[rx] {"t":"event","op":"msc.reads","ms":18980,"gap":4,"lba0":12129,"lba1":12129,"bytes":4096,"n":1,"kind":2,"ov":0}
[msc.reads] n=1 bytes=4096 lba=12129..12129 gap=4 ov=0
[rx] {"t":"event","op":"msc.reads","ms":18984,"gap":4,"lba0":12137,"lba1":12137,"bytes":4096,"n":1,"kind":2,"ov":0}
[msc.reads] n=1 bytes=4096 lba=12137..12137 gap=4 ov=0
[rx] {"t":"event","op":"diag","code":"play.reject","detail":"not_from_head uid=fav0 from=2689 +4923392B age=12140ms prefetch"}
[msc] play.reject not_from_head uid=fav0 from=2689 +4923392B age=12140ms prefetch
[rx] {"t":"event","op":"msc.reads","ms":18988,"gap":4,"lba0":12145,"lba1":12345,"bytes":106496,"n":26,"kind":2,"ov":0}
[msc.reads] n=26 bytes=106496 lba=12145..12345 gap=4 ov=0
[rx] {"t":"event","op":"msc.reads","ms":19099,"gap":4,"lba0":12353,"lba1":12353,"bytes":4096,"n":1,"kind":2,"ov":0}
[msc.reads] n=1 bytes=4096 lba=12353..12353 gap=4 ov=0
[rx] {"t":"event","op":"msc.reads","ms":19102,"gap":3,"lba0":12361,"lba1":12369,"bytes":8192,"n":2,"kind":2,"ov":0}
[msc.reads] n=2 bytes=8192 lba=12361..12369 gap=3 ov=0
[rx] {"t":"event","op":"msc.reads","ms":19110,"gap":4,"lba0":12377,"lba1":12377,"bytes":4096,"n":1,"kind":2,"ov":0}
[msc.reads] n=1 bytes=4096 lba=12377..12377 gap=4 ov=0
[rx] {"t":"event","op":"msc.reads","ms":19114,"gap":4,"lba0":12385,"lba1":12385,"bytes":4096,"n":1,"kind":2,"ov":0}
[msc.reads] n=1 bytes=4096 lba=12385..12385 gap=4 ov=0
[rx] {"t":"event","op":"msc.reads","ms":19119,"gap":5,"lba0":12393,"lba1":12409,"bytes":12288,"n":3,"kind":2,"ov":0}
[msc.reads] n=3 bytes=12288 lba=12393..12409 gap=5 ov=0
[rx] {"t":"event","op":"msc.reads","ms":19130,"gap":4,"lba0":12417,"lba1":12417,"bytes":4096,"n":1,"kind":2,"ov":0}
[msc.reads] n=1 bytes=4096 lba=12417..12417 gap=4 ov=0
[rx] {"t":"event","op":"msc.reads","ms":19134,"gap":4,"lba0":12425,"lba1":12425,"bytes":4096,"n":1,"kind":2,"ov":0}
[msc.reads] n=1 bytes=4096 lba=12425..12425 gap=4 ov=0
[rx] {"t":"event","op":"msc.reads","ms":19138,"gap":4,"lba0":12433,"lba1":12433,"bytes":4096,"n":1,"kind":2,"ov":0}
[msc.reads] n=1 bytes=4096 lba=12433..12433 gap=4 ov=0
[rx] {"t":"event","op":"msc.reads","ms":19142,"gap":4,"lba0":12441,"lba1":12481,"bytes":24576,"n":6,"kind":2,"ov":0}
[msc.reads] n=6 bytes=24576 lba=12441..12481 gap=4 ov=0
[rx] {"t":"event","op":"msc.reads","ms":19164,"gap":4,"lba0":12489,"lba1":12513,"bytes":16384,"n":4,"kind":2,"ov":0}
[msc.reads] n=4 bytes=16384 lba=12489..12513 gap=4 ov=0
[rx] {"t":"event","op":"msc.reads","ms":19179,"gap":4,"lba0":12521,"lba1":12521,"bytes":4096,"n":1,"kind":2,"ov":0}
[msc.reads] n=1 bytes=4096 lba=12521..12521 gap=4 ov=0
[rx] {"t":"event","op":"msc.reads","ms":19183,"gap":4,"lba0":12529,"lba1":12529,"bytes":4096,"n":1,"kind":2,"ov":0}
[msc.reads] n=1 bytes=4096 lba=12529..12529 gap=4 ov=0
[rx] {"t":"event","op":"msc.reads","ms":19186,"gap":3,"lba0":12537,"lba1":12537,"bytes":4096,"n":1,"kind":2,"ov":0}
[msc.reads] n=1 bytes=4096 lba=12537..12537 gap=3 ov=0
[rx] {"t":"event","op":"msc.reads","ms":19190,"gap":4,"lba0":12545,"lba1":12585,"bytes":24576,"n":6,"kind":2,"ov":0}
[msc.reads] n=6 bytes=24576 lba=12545..12585 gap=4 ov=0
[rx] {"t":"event","op":"msc.reads","ms":19212,"gap":3,"lba0":12593,"lba1":12601,"bytes":8192,"n":2,"kind":2,"ov":0}
[msc.reads] n=2 bytes=8192 lba=12593..12601 gap=3 ov=0
[rx] {"t":"event","op":"msc.reads","ms":19220,"gap":4,"lba0":12609,"lba1":12609,"bytes":4096,"n":1,"kind":2,"ov":0}
[msc.reads] n=1 bytes=4096 lba=12609..12609 gap=4 ov=0
[rx] {"t":"event","op":"msc.reads","ms":19224,"gap":4,"lba0":12617,"lba1":12697,"bytes":45056,"n":11,"kind":2,"ov":0}
[msc.reads] n=11 bytes=45056 lba=12617..12697 gap=4 ov=0
[rx] {"t":"event","op":"msc.reads","ms":19265,"gap":4,"lba0":12705,"lba1":12705,"bytes":4096,"n":1,"kind":2,"ov":0}
[msc.reads] n=1 bytes=4096 lba=12705..12705 gap=4 ov=0
[rx] {"t":"event","op":"msc.reads","ms":19269,"gap":4,"lba0":12713,"lba1":12721,"bytes":8192,"n":2,"kind":2,"ov":0}
[msc.reads] n=2 bytes=8192 lba=12713..12721 gap=4 ov=0
[rx] {"t":"event","op":"msc.reads","ms":19277,"gap":4,"lba0":12729,"lba1":12729,"bytes":4096,"n":1,"kind":2,"ov":0}
[msc.reads] n=1 bytes=4096 lba=12729..12729 gap=4 ov=0
[rx] {"t":"event","op":"msc.reads","ms":19281,"gap":4,"lba0":12737,"lba1":12737,"bytes":4096,"n":1,"kind":2,"ov":0}
[msc.reads] n=1 bytes=4096 lba=12737..12737 gap=4 ov=0
[rx] {"t":"event","op":"msc.reads","ms":19284,"gap":3,"lba0":12745,"lba1":12745,"bytes":4096,"n":1,"kind":2,"ov":0}
[msc.reads] n=1 bytes=4096 lba=12745..12745 gap=3 ov=0
[rx] {"t":"event","op":"msc.reads","ms":19288,"gap":4,"lba0":12753,"lba1":12753,"bytes":4096,"n":1,"kind":2,"ov":0}
[msc.reads] n=1 bytes=4096 lba=12753..12753 gap=4 ov=0
[rx] {"t":"event","op":"msc.reads","ms":19292,"gap":4,"lba0":12761,"lba1":12825,"bytes":36864,"n":9,"kind":2,"ov":0}
[msc.reads] n=9 bytes=36864 lba=12761..12825 gap=4 ov=0
[rx] {"t":"event","op":"msc.reads","ms":19325,"gap":3,"lba0":12833,"lba1":12833,"bytes":4096,"n":1,"kind":2,"ov":0}
[msc.reads] n=1 bytes=4096 lba=12833..12833 gap=3 ov=0
[rx] {"t":"event","op":"msc.reads","ms":19329,"gap":4,"lba0":12841,"lba1":12849,"bytes":8192,"n":2,"kind":2,"ov":0}
[msc.reads] n=2 bytes=8192 lba=12841..12849 gap=4 ov=0
[rx] {"t":"event","op":"msc.reads","ms":19337,"gap":4,"lba0":12857,"lba1":12857,"bytes":4096,"n":1,"kind":2,"ov":0}
[msc.reads] n=1 bytes=4096 lba=12857..12857 gap=4 ov=0
[rx] {"t":"event","op":"msc.reads","ms":19341,"gap":4,"lba0":12865,"lba1":12865,"bytes":4096,"n":1,"kind":2,"ov":0}
[msc.reads] n=1 bytes=4096 lba=12865..12865 gap=4 ov=0
[rx] {"t":"event","op":"msc.reads","ms":19345,"gap":4,"lba0":12873,"lba1":12913,"bytes":24576,"n":6,"kind":2,"ov":0}
[msc.reads] n=6 bytes=24576 lba=12873..12913 gap=4 ov=0
[rx] {"t":"event","op":"msc.reads","ms":19367,"gap":4,"lba0":12921,"lba1":12929,"bytes":8192,"n":2,"kind":2,"ov":0}
[msc.reads] n=2 bytes=8192 lba=12921..12929 gap=4 ov=0
[rx] {"t":"event","op":"msc.reads","ms":19374,"gap":3,"lba0":12937,"lba1":12953,"bytes":12288,"n":3,"kind":2,"ov":0}
[msc.reads] n=3 bytes=12288 lba=12937..12953 gap=3 ov=0
[rx] {"t":"event","op":"msc.reads","ms":19386,"gap":4,"lba0":12961,"lba1":12969,"bytes":8192,"n":2,"kind":2,"ov":0}
[msc.reads] n=2 bytes=8192 lba=12961..12969 gap=4 ov=0
[rx] {"t":"event","op":"msc.reads","ms":19393,"gap":4,"lba0":12977,"lba1":12977,"bytes":4096,"n":1,"kind":2,"ov":0}
[msc.reads] n=1 bytes=4096 lba=12977..12977 gap=4 ov=0
[rx] {"t":"event","op":"msc.reads","ms":19397,"gap":4,"lba0":12985,"lba1":12985,"bytes":4096,"n":1,"kind":2,"ov":0}
[msc.reads] n=1 bytes=4096 lba=12985..12985 gap=4 ov=0
[rx] {"t":"event","op":"msc.reads","ms":19401,"gap":4,"lba0":12993,"lba1":13137,"bytes":77824,"n":19,"kind":2,"ov":0}
[msc.reads] n=19 bytes=77824 lba=12993..13137 gap=4 ov=0
[rx] {"t":"event","op":"msc.reads","ms":19471,"gap":4,"lba0":13145,"lba1":13145,"bytes":4096,"n":1,"kind":2,"ov":0}
[msc.reads] n=1 bytes=4096 lba=13145..13145 gap=4 ov=0
[rx] {"t":"event","op":"msc.reads","ms":19475,"gap":4,"lba0":13153,"lba1":13161,"bytes":8192,"n":2,"kind":2,"ov":0}
[msc.reads] n=2 bytes=8192 lba=13153..13161 gap=4 ov=0
[rx] {"t":"event","op":"msc.reads","ms":19483,"gap":4,"lba0":13169,"lba1":13169,"bytes":4096,"n":1,"kind":2,"ov":0}
[msc.reads] n=1 bytes=4096 lba=13169..13169 gap=4 ov=0
[rx] {"t":"event","op":"msc.reads","ms":19487,"gap":4,"lba0":13177,"lba1":13177,"bytes":4096,"n":1,"kind":2,"ov":0}
[msc.reads] n=1 bytes=4096 lba=13177..13177 gap=4 ov=0
[rx] {"t":"event","op":"msc.reads","ms":19491,"gap":4,"lba0":13185,"lba1":13185,"bytes":4096,"n":1,"kind":2,"ov":0}
[msc.reads] n=1 bytes=4096 lba=13185..13185 gap=4 ov=0
[rx] {"t":"event","op":"msc.reads","ms":19495,"gap":4,"lba0":13193,"lba1":13193,"bytes":4096,"n":1,"kind":2,"ov":0}
[msc.reads] n=1 bytes=4096 lba=13193..13193 gap=4 ov=0
[rx] {"t":"event","op":"msc.reads","ms":19498,"gap":3,"lba0":13201,"lba1":13257,"bytes":32768,"n":8,"kind":2,"ov":0}
[msc.reads] n=8 bytes=32768 lba=13201..13257 gap=3 ov=0
[rx] {"t":"event","op":"msc.reads","ms":19528,"gap":4,"lba0":13265,"lba1":13273,"bytes":8192,"n":2,"kind":2,"ov":0}
[msc.reads] n=2 bytes=8192 lba=13265..13273 gap=4 ov=0
[rx] {"t":"event","op":"msc.reads","ms":19535,"gap":3,"lba0":13281,"lba1":13289,"bytes":8192,"n":2,"kind":2,"ov":0}
[msc.reads] n=2 bytes=8192 lba=13281..13289 gap=3 ov=0
[rx] {"t":"event","op":"msc.reads","ms":19543,"gap":4,"lba0":13297,"lba1":13353,"bytes":32768,"n":8,"kind":2,"ov":0}
[msc.reads] n=8 bytes=32768 lba=13297..13353 gap=4 ov=0
[rx] {"t":"event","op":"msc.reads","ms":19573,"gap":4,"lba0":13361,"lba1":13361,"bytes":4096,"n":1,"kind":2,"ov":0}
[msc.reads] n=1 bytes=4096 lba=13361..13361 gap=4 ov=0
[rx] {"t":"event","op":"msc.reads","ms":19577,"gap":4,"lba0":13369,"lba1":13369,"bytes":4096,"n":1,"kind":2,"ov":0}
[msc.reads] n=1 bytes=4096 lba=13369..13369 gap=4 ov=0
[rx] {"t":"event","op":"msc.reads","ms":19581,"gap":4,"lba0":13377,"lba1":13465,"bytes":49152,"n":12,"kind":2,"ov":0}
[msc.reads] n=12 bytes=49152 lba=13377..13465 gap=4 ov=0
[rx] {"t":"event","op":"msc.reads","ms":19625,"gap":4,"lba0":13473,"lba1":13473,"bytes":4096,"n":1,"kind":2,"ov":0}
[msc.reads] n=1 bytes=4096 lba=13473..13473 gap=4 ov=0
[rx] {"t":"event","op":"msc.reads","ms":19629,"gap":4,"lba0":13481,"lba1":13489,"bytes":8192,"n":2,"kind":2,"ov":0}
[msc.reads] n=2 bytes=8192 lba=13481..13489 gap=4 ov=0
[rx] {"t":"event","op":"msc.reads","ms":19636,"gap":4,"lba0":13497,"lba1":13497,"bytes":4096,"n":1,"kind":2,"ov":0}
[msc.reads] n=1 bytes=4096 lba=13497..13497 gap=4 ov=0
[rx] {"t":"event","op":"msc.reads","ms":19640,"gap":4,"lba0":13505,"lba1":13505,"bytes":4096,"n":1,"kind":2,"ov":0}
[msc.reads] n=1 bytes=4096 lba=13505..13505 gap=4 ov=0
[rx] {"t":"event","op":"msc.reads","ms":19644,"gap":4,"lba0":13513,"lba1":13513,"bytes":4096,"n":1,"kind":2,"ov":0}
[msc.reads] n=1 bytes=4096 lba=13513..13513 gap=4 ov=0
[rx] {"t":"event","op":"msc.reads","ms":19648,"gap":4,"lba0":13521,"lba1":13521,"bytes":4096,"n":1,"kind":2,"ov":0}
[msc.reads] n=1 bytes=4096 lba=13521..13521 gap=4 ov=0
[rx] {"t":"event","op":"msc.reads","ms":19652,"gap":4,"lba0":13529,"lba1":13577,"bytes":28672,"n":7,"kind":2,"ov":0}
[msc.reads] n=7 bytes=28672 lba=13529..13577 gap=4 ov=0
[rx] {"t":"event","op":"msc.reads","ms":19678,"gap":4,"lba0":13585,"lba1":13585,"bytes":4096,"n":1,"kind":2,"ov":0}
[msc.reads] n=1 bytes=4096 lba=13585..13585 gap=4 ov=0
[rx] {"t":"event","op":"msc.reads","ms":19682,"gap":4,"lba0":13593,"lba1":13609,"bytes":12288,"n":3,"kind":2,"ov":0}
[msc.reads] n=3 bytes=12288 lba=13593..13609 gap=4 ov=0
[rx] {"t":"event","op":"msc.reads","ms":19693,"gap":4,"lba0":13617,"lba1":13617,"bytes":4096,"n":1,"kind":2,"ov":0}
[msc.reads] n=1 bytes=4096 lba=13617..13617 gap=4 ov=0
[rx] {"t":"event","op":"msc.reads","ms":19697,"gap":4,"lba0":13625,"lba1":13625,"bytes":4096,"n":1,"kind":2,"ov":0}
[msc.reads] n=1 bytes=4096 lba=13625..13625 gap=4 ov=0
[rx] {"t":"event","op":"msc.reads","ms":19701,"gap":4,"lba0":13633,"lba1":13633,"bytes":4096,"n":1,"kind":2,"ov":0}
[msc.reads] n=1 bytes=4096 lba=13633..13633 gap=4 ov=0
[rx] {"t":"event","op":"msc.reads","ms":19705,"gap":4,"lba0":13641,"lba1":13689,"bytes":28672,"n":7,"kind":2,"ov":0}
[msc.reads] n=7 bytes=28672 lba=13641..13689 gap=4 ov=0
[rx] {"t":"event","op":"msc.reads","ms":19731,"gap":4,"lba0":13697,"lba1":13697,"bytes":4096,"n":1,"kind":2,"ov":0}
[msc.reads] n=1 bytes=4096 lba=13697..13697 gap=4 ov=0
[rx] {"t":"event","op":"msc.reads","ms":19735,"gap":4,"lba0":13705,"lba1":13785,"bytes":45056,"n":11,"kind":2,"ov":0}
[msc.reads] n=11 bytes=45056 lba=13705..13785 gap=4 ov=0
[rx] {"t":"event","op":"msc.reads","ms":19776,"gap":4,"lba0":13793,"lba1":13793,"bytes":4096,"n":1,"kind":2,"ov":0}
[msc.reads] n=1 bytes=4096 lba=13793..13793 gap=4 ov=0
[rx] {"t":"event","op":"msc.reads","ms":19780,"gap":4,"lba0":13801,"lba1":13801,"bytes":4096,"n":1,"kind":2,"ov":0}
[msc.reads] n=1 bytes=4096 lba=13801..13801 gap=4 ov=0
[rx] {"t":"event","op":"msc.reads","ms":19784,"gap":4,"lba0":13809,"lba1":13809,"bytes":4096,"n":1,"kind":2,"ov":0}
[msc.reads] n=1 bytes=4096 lba=13809..13809 gap=4 ov=0
[rx] {"t":"event","op":"msc.reads","ms":19788,"gap":4,"lba0":13817,"lba1":13817,"bytes":4096,"n":1,"kind":2,"ov":0}
[msc.reads] n=1 bytes=4096 lba=13817..13817 gap=4 ov=0
[rx] {"t":"event","op":"msc.reads","ms":19792,"gap":4,"lba0":13825,"lba1":13833,"bytes":8192,"n":2,"kind":2,"ov":0}
[msc.reads] n=2 bytes=8192 lba=13825..13833 gap=4 ov=0
[rx] {"t":"event","op":"msc.reads","ms":19799,"gap":4,"lba0":13841,"lba1":13841,"bytes":4096,"n":1,"kind":2,"ov":0}
[msc.reads] n=1 bytes=4096 lba=13841..13841 gap=4 ov=0
[rx] {"t":"event","op":"msc.reads","ms":19803,"gap":4,"lba0":13849,"lba1":13897,"bytes":28672,"n":7,"kind":2,"ov":0}
[msc.reads] n=7 bytes=28672 lba=13849..13897 gap=4 ov=0
[rx] {"t":"event","op":"msc.reads","ms":19829,"gap":4,"lba0":13905,"lba1":13921,"bytes":12288,"n":3,"kind":2,"ov":0}
[msc.reads] n=3 bytes=12288 lba=13905..13921 gap=4 ov=0
[rx] {"t":"event","op":"msc.reads","ms":19840,"gap":4,"lba0":13929,"lba1":13929,"bytes":4096,"n":1,"kind":2,"ov":0}
[msc.reads] n=1 bytes=4096 lba=13929..13929 gap=4 ov=0
[rx] {"t":"event","op":"msc.reads","ms":19844,"gap":4,"lba0":13937,"lba1":13937,"bytes":4096,"n":1,"kind":2,"ov":0}
[msc.reads] n=1 bytes=4096 lba=13937..13937 gap=4 ov=0
[rx] {"t":"event","op":"msc.reads","ms":19848,"gap":4,"lba0":13945,"lba1":13953,"bytes":8192,"n":2,"kind":2,"ov":0}
[msc.reads] n=2 bytes=8192 lba=13945..13953 gap=4 ov=0
[rx] {"t":"event","op":"diag","code":"play.reject","detail":"not_from_head uid=fav0 from=2689 +5779456B age=12941ms prefetch"}
[msc] play.reject not_from_head uid=fav0 from=2689 +5779456B age=12941ms prefetch
[rx] {"t":"event","op":"msc.reads","ms":19855,"gap":4,"lba0":13961,"lba1":13969,"bytes":8192,"n":2,"kind":2,"ov":0}
[msc.reads] n=2 bytes=8192 lba=13961..13969 gap=4 ov=0
[rx] {"t":"event","op":"msc.reads","ms":19887,"gap":28,"lba0":13977,"lba1":13985,"bytes":8192,"n":2,"kind":2,"ov":0}
[msc.reads] n=2 bytes=8192 lba=13977..13985 gap=28 ov=0
[rx] {"t":"event","op":"msc.reads","ms":19894,"gap":4,"lba0":13993,"lba1":13993,"bytes":4096,"n":1,"kind":2,"ov":0}
[msc.reads] n=1 bytes=4096 lba=13993..13993 gap=4 ov=0
[rx] {"t":"event","op":"msc.reads","ms":19898,"gap":4,"lba0":14001,"lba1":14001,"bytes":4096,"n":1,"kind":2,"ov":0}
[msc.reads] n=1 bytes=4096 lba=14001..14001 gap=4 ov=0
[rx] {"t":"event","op":"msc.reads","ms":19902,"gap":4,"lba0":14009,"lba1":14009,"bytes":4096,"n":1,"kind":2,"ov":0}
[msc.reads] n=1 bytes=4096 lba=14009..14009 gap=4 ov=0
[rx] {"t":"event","op":"msc.reads","ms":19906,"gap":4,"lba0":14017,"lba1":14073,"bytes":32768,"n":8,"kind":2,"ov":0}
[msc.reads] n=8 bytes=32768 lba=14017..14073 gap=4 ov=0
[rx] {"t":"event","op":"msc.reads","ms":19936,"gap":4,"lba0":14081,"lba1":14089,"bytes":8192,"n":2,"kind":2,"ov":0}
[msc.reads] n=2 bytes=8192 lba=14081..14089 gap=4 ov=0
[rx] {"t":"event","op":"msc.reads","ms":19944,"gap":4,"lba0":14097,"lba1":14169,"bytes":40960,"n":10,"kind":2,"ov":0}
[msc.reads] n=10 bytes=40960 lba=14097..14169 gap=4 ov=0
[rx] {"t":"event","op":"msc.reads","ms":19980,"gap":4,"lba0":14177,"lba1":14177,"bytes":4096,"n":1,"kind":2,"ov":0}
[msc.reads] n=1 bytes=4096 lba=14177..14177 gap=4 ov=0
[rx] {"t":"event","op":"msc.reads","ms":19984,"gap":4,"lba0":14185,"lba1":14185,"bytes":4096,"n":1,"kind":2,"ov":0}
[msc.reads] n=1 bytes=4096 lba=14185..14185 gap=4 ov=0
[rx] {"t":"event","op":"msc.reads","ms":19988,"gap":4,"lba0":14193,"lba1":14201,"bytes":8192,"n":2,"kind":2,"ov":0}
[msc.reads] n=2 bytes=8192 lba=14193..14201 gap=4 ov=0
[rx] {"t":"event","op":"msc.reads","ms":19995,"gap":4,"lba0":14209,"lba1":14209,"bytes":4096,"n":1,"kind":2,"ov":0}
[msc.reads] n=1 bytes=4096 lba=14209..14209 gap=4 ov=0
[rx] {"t":"event","op":"msc.reads","ms":19999,"gap":4,"lba0":14217,"lba1":14217,"bytes":4096,"n":1,"kind":2,"ov":0}
[msc.reads] n=1 bytes=4096 lba=14217..14217 gap=4 ov=0
[rx] {"t":"event","op":"msc.reads","ms":20003,"gap":4,"lba0":14225,"lba1":14225,"bytes":4096,"n":1,"kind":2,"ov":0}
[msc.reads] n=1 bytes=4096 lba=14225..14225 gap=4 ov=0
[rx] {"t":"event","op":"msc.reads","ms":20007,"gap":4,"lba0":14233,"lba1":14289,"bytes":32768,"n":8,"kind":2,"ov":0}
[msc.reads] n=8 bytes=32768 lba=14233..14289 gap=4 ov=0
[rx] {"t":"event","op":"msc.reads","ms":20037,"gap":4,"lba0":14297,"lba1":14297,"bytes":4096,"n":1,"kind":2,"ov":0}
[msc.reads] n=1 bytes=4096 lba=14297..14297 gap=4 ov=0
[rx] {"t":"event","op":"msc.reads","ms":20041,"gap":4,"lba0":14305,"lba1":14305,"bytes":4096,"n":1,"kind":2,"ov":0}
[msc.reads] n=1 bytes=4096 lba=14305..14305 gap=4 ov=0
[rx] {"t":"event","op":"msc.reads","ms":20044,"gap":3,"lba0":14313,"lba1":14393,"bytes":45056,"n":11,"kind":2,"ov":0}
[msc.reads] n=11 bytes=45056 lba=14313..14393 gap=3 ov=0
[rx] {"t":"event","op":"msc.reads","ms":20085,"gap":4,"lba0":14401,"lba1":14401,"bytes":4096,"n":1,"kind":2,"ov":0}
[msc.reads] n=1 bytes=4096 lba=14401..14401 gap=4 ov=0
[rx] {"t":"event","op":"msc.reads","ms":20089,"gap":4,"lba0":14409,"lba1":14409,"bytes":4096,"n":1,"kind":2,"ov":0}
[msc.reads] n=1 bytes=4096 lba=14409..14409 gap=4 ov=0
[rx] {"t":"event","op":"msc.reads","ms":20093,"gap":4,"lba0":14417,"lba1":14425,"bytes":8192,"n":2,"kind":2,"ov":0}
[msc.reads] n=2 bytes=8192 lba=14417..14425 gap=4 ov=0
[rx] {"t":"event","op":"msc.reads","ms":20100,"gap":4,"lba0":14433,"lba1":14433,"bytes":4096,"n":1,"kind":2,"ov":0}
[msc.reads] n=1 bytes=4096 lba=14433..14433 gap=4 ov=0
[rx] {"t":"event","op":"msc.reads","ms":20104,"gap":4,"lba0":14441,"lba1":14441,"bytes":4096,"n":1,"kind":2,"ov":0}
[msc.reads] n=1 bytes=4096 lba=14441..14441 gap=4 ov=0
[rx] {"t":"event","op":"msc.reads","ms":20108,"gap":4,"lba0":14449,"lba1":14513,"bytes":36864,"n":9,"kind":2,"ov":0}
[msc.reads] n=9 bytes=36864 lba=14449..14513 gap=4 ov=0
[rx] {"t":"event","op":"msc.reads","ms":20141,"gap":4,"lba0":14521,"lba1":14521,"bytes":4096,"n":1,"kind":2,"ov":0}
[msc.reads] n=1 bytes=4096 lba=14521..14521 gap=4 ov=0
[rx] {"t":"event","op":"msc.reads","ms":20145,"gap":4,"lba0":14529,"lba1":14529,"bytes":4096,"n":1,"kind":2,"ov":0}
[msc.reads] n=1 bytes=4096 lba=14529..14529 gap=4 ov=0
[rx] {"t":"event","op":"msc.reads","ms":20149,"gap":4,"lba0":14537,"lba1":14617,"bytes":45056,"n":11,"kind":2,"ov":0}
[msc.reads] n=11 bytes=45056 lba=14537..14617 gap=4 ov=0
[rx] {"t":"event","op":"msc.reads","ms":20189,"gap":4,"lba0":14625,"lba1":14625,"bytes":4096,"n":1,"kind":2,"ov":0}
[msc.reads] n=1 bytes=4096 lba=14625..14625 gap=4 ov=0
[rx] {"t":"event","op":"msc.reads","ms":20193,"gap":4,"lba0":14633,"lba1":14633,"bytes":4096,"n":1,"kind":2,"ov":0}
[msc.reads] n=1 bytes=4096 lba=14633..14633 gap=4 ov=0
[rx] {"t":"event","op":"msc.reads","ms":20197,"gap":4,"lba0":14641,"lba1":14641,"bytes":4096,"n":1,"kind":2,"ov":0}
[msc.reads] n=1 bytes=4096 lba=14641..14641 gap=4 ov=0
[rx] {"t":"event","op":"msc.reads","ms":20201,"gap":4,"lba0":14649,"lba1":14649,"bytes":4096,"n":1,"kind":2,"ov":0}
[msc.reads] n=1 bytes=4096 lba=14649..14649 gap=4 ov=0
[rx] {"t":"event","op":"msc.reads","ms":20204,"gap":3,"lba0":14657,"lba1":14657,"bytes":4096,"n":1,"kind":2,"ov":0}
[msc.reads] n=1 bytes=4096 lba=14657..14657 gap=3 ov=0
[rx] {"t":"event","op":"msc.reads","ms":20208,"gap":4,"lba0":14665,"lba1":14673,"bytes":8192,"n":2,"kind":2,"ov":0}
[msc.reads] n=2 bytes=8192 lba=14665..14673 gap=4 ov=0
[rx] {"t":"event","op":"msc.reads","ms":20216,"gap":4,"lba0":14681,"lba1":14681,"bytes":4096,"n":1,"kind":2,"ov":0}
[msc.reads] n=1 bytes=4096 lba=14681..14681 gap=4 ov=0
[rx] {"t":"event","op":"msc.reads","ms":20220,"gap":4,"lba0":14689,"lba1":14689,"bytes":4096,"n":1,"kind":2,"ov":0}
[msc.reads] n=1 bytes=4096 lba=14689..14689 gap=4 ov=0
[rx] {"t":"event","op":"msc.reads","ms":20223,"gap":3,"lba0":14697,"lba1":14697,"bytes":4096,"n":1,"kind":2,"ov":0}
[msc.reads] n=1 bytes=4096 lba=14697..14697 gap=3 ov=0
[rx] {"t":"event","op":"msc.reads","ms":20227,"gap":4,"lba0":14705,"lba1":14705,"bytes":4096,"n":1,"kind":2,"ov":0}
[msc.reads] n=1 bytes=4096 lba=14705..14705 gap=4 ov=0
[rx] {"t":"event","op":"msc.reads","ms":20231,"gap":4,"lba0":14713,"lba1":14713,"bytes":4096,"n":1,"kind":2,"ov":0}
[msc.reads] n=1 bytes=4096 lba=14713..14713 gap=4 ov=0
[rx] {"t":"event","op":"msc.reads","ms":20235,"gap":4,"lba0":14721,"lba1":14721,"bytes":4096,"n":1,"kind":2,"ov":0}
[msc.reads] n=1 bytes=4096 lba=14721..14721 gap=4 ov=0
[tx] {"t":"ping"}
[rx] {"t":"event","op":"msc.reads","ms":20239,"gap":4,"lba0":14729,"lba1":14737,"bytes":8192,"n":2,"kind":2,"ov":0}
[msc.reads] n=2 bytes=8192 lba=14729..14737 gap=4 ov=0
[rx] {"t":"event","op":"msc.reads","ms":20247,"gap":4,"lba0":14745,"lba1":14745,"bytes":4096,"n":1,"kind":2,"ov":0}
[msc.reads] n=1 bytes=4096 lba=14745..14745 gap=4 ov=0
[rx] {"t":"pong"}
[rx] {"t":"event","op":"msc.reads","ms":20250,"gap":3,"lba0":14753,"lba1":14777,"bytes":16384,"n":4,"kind":2,"ov":0}
[msc.reads] n=4 bytes=16384 lba=14753..14777 gap=3 ov=0
[rx] {"t":"event","op":"msc.reads","ms":20266,"gap":4,"lba0":14785,"lba1":14785,"bytes":4096,"n":1,"kind":2,"ov":0}
[msc.reads] n=1 bytes=4096 lba=14785..14785 gap=4 ov=0
[rx] {"t":"event","op":"msc.reads","ms":20270,"gap":4,"lba0":14793,"lba1":14841,"bytes":28672,"n":7,"kind":2,"ov":0}
[msc.reads] n=7 bytes=28672 lba=14793..14841 gap=4 ov=0
[rx] {"t":"event","op":"msc.reads","ms":20295,"gap":4,"lba0":14849,"lba1":14873,"bytes":16384,"n":4,"kind":2,"ov":0}
[msc.reads] n=4 bytes=16384 lba=14849..14873 gap=4 ov=0
[rx] {"t":"event","op":"msc.reads","ms":20310,"gap":4,"lba0":14881,"lba1":14881,"bytes":4096,"n":1,"kind":2,"ov":0}
[msc.reads] n=1 bytes=4096 lba=14881..14881 gap=4 ov=0
[rx] {"t":"event","op":"msc.reads","ms":20314,"gap":4,"lba0":14889,"lba1":14889,"bytes":4096,"n":1,"kind":2,"ov":0}
[msc.reads] n=1 bytes=4096 lba=14889..14889 gap=4 ov=0
[rx] {"t":"event","op":"msc.reads","ms":20318,"gap":4,"lba0":14897,"lba1":14897,"bytes":4096,"n":1,"kind":2,"ov":0}
[msc.reads] n=1 bytes=4096 lba=14897..14897 gap=4 ov=0
[rx] {"t":"event","op":"msc.reads","ms":20322,"gap":4,"lba0":14905,"lba1":14937,"bytes":20480,"n":5,"kind":2,"ov":0}
[msc.reads] n=5 bytes=20480 lba=14905..14937 gap=4 ov=0
[rx] {"t":"event","op":"msc.reads","ms":20341,"gap":4,"lba0":14945,"lba1":14977,"bytes":20480,"n":5,"kind":2,"ov":0}
[msc.reads] n=5 bytes=20480 lba=14945..14977 gap=4 ov=0
[rx] {"t":"event","op":"msc.reads","ms":20360,"gap":3,"lba0":14985,"lba1":15041,"bytes":32768,"n":8,"kind":2,"ov":0}
[msc.reads] n=8 bytes=32768 lba=14985..15041 gap=3 ov=0
[rx] {"t":"event","op":"msc.reads","ms":20390,"gap":4,"lba0":15049,"lba1":15057,"bytes":8192,"n":2,"kind":2,"ov":0}
[msc.reads] n=2 bytes=8192 lba=15049..15057 gap=4 ov=0
[rx] {"t":"event","op":"msc.reads","ms":20397,"gap":4,"lba0":15065,"lba1":15065,"bytes":4096,"n":1,"kind":2,"ov":0}
[msc.reads] n=1 bytes=4096 lba=15065..15065 gap=4 ov=0
[rx] {"t":"event","op":"msc.reads","ms":20401,"gap":4,"lba0":15073,"lba1":15073,"bytes":4096,"n":1,"kind":2,"ov":0}
[msc.reads] n=1 bytes=4096 lba=15073..15073 gap=4 ov=0
[rx] {"t":"event","op":"msc.reads","ms":20405,"gap":4,"lba0":15081,"lba1":15081,"bytes":4096,"n":1,"kind":2,"ov":0}
[msc.reads] n=1 bytes=4096 lba=15081..15081 gap=4 ov=0
[rx] {"t":"event","op":"msc.reads","ms":20409,"gap":4,"lba0":15089,"lba1":15097,"bytes":8192,"n":2,"kind":2,"ov":0}
[msc.reads] n=2 bytes=8192 lba=15089..15097 gap=4 ov=0
[rx] {"t":"event","op":"msc.reads","ms":20416,"gap":3,"lba0":15105,"lba1":15105,"bytes":4096,"n":1,"kind":2,"ov":0}
[msc.reads] n=1 bytes=4096 lba=15105..15105 gap=3 ov=0
[rx] {"t":"event","op":"msc.reads","ms":20420,"gap":4,"lba0":15113,"lba1":15113,"bytes":4096,"n":1,"kind":2,"ov":0}
[msc.reads] n=1 bytes=4096 lba=15113..15113 gap=4 ov=0
[rx] {"t":"event","op":"msc.reads","ms":20424,"gap":4,"lba0":15121,"lba1":15185,"bytes":36864,"n":9,"kind":2,"ov":0}
[msc.reads] n=9 bytes=36864 lba=15121..15185 gap=4 ov=0
[rx] {"t":"event","op":"msc.reads","ms":20457,"gap":3,"lba0":15193,"lba1":15257,"bytes":36864,"n":9,"kind":2,"ov":0}
[msc.reads] n=9 bytes=36864 lba=15193..15257 gap=3 ov=0
[rx] {"t":"event","op":"msc.reads","ms":20491,"gap":4,"lba0":15265,"lba1":15265,"bytes":4096,"n":1,"kind":2,"ov":0}
[msc.reads] n=1 bytes=4096 lba=15265..15265 gap=4 ov=0
[rx] {"t":"event","op":"msc.reads","ms":20494,"gap":3,"lba0":15273,"lba1":15281,"bytes":8192,"n":2,"kind":2,"ov":0}
[msc.reads] n=2 bytes=8192 lba=15273..15281 gap=3 ov=0
[rx] {"t":"event","op":"msc.reads","ms":20502,"gap":4,"lba0":15289,"lba1":15513,"bytes":118784,"n":29,"kind":2,"ov":0}
[msc.reads] n=29 bytes=118784 lba=15289..15513 gap=4 ov=0
[rx] {"t":"event","op":"msc.reads","ms":20611,"gap":4,"lba0":15521,"lba1":15521,"bytes":4096,"n":1,"kind":2,"ov":0}
[msc.reads] n=1 bytes=4096 lba=15521..15521 gap=4 ov=0
[rx] {"t":"event","op":"msc.reads","ms":20615,"gap":4,"lba0":15529,"lba1":15529,"bytes":4096,"n":1,"kind":2,"ov":0}
[msc.reads] n=1 bytes=4096 lba=15529..15529 gap=4 ov=0
[rx] {"t":"event","op":"msc.reads","ms":20618,"gap":3,"lba0":15537,"lba1":15537,"bytes":4096,"n":1,"kind":2,"ov":0}
[msc.reads] n=1 bytes=4096 lba=15537..15537 gap=3 ov=0
[rx] {"t":"event","op":"msc.reads","ms":20622,"gap":4,"lba0":15545,"lba1":15545,"bytes":4096,"n":1,"kind":2,"ov":0}
[msc.reads] n=1 bytes=4096 lba=15545..15545 gap=4 ov=0
[rx] {"t":"event","op":"msc.reads","ms":20626,"gap":4,"lba0":15553,"lba1":15617,"bytes":36864,"n":9,"kind":2,"ov":0}
[msc.reads] n=9 bytes=36864 lba=15553..15617 gap=4 ov=0
[rx] {"t":"event","op":"diag","code":"play.reject","detail":"not_from_head uid=fav0 from=2689 +6627328B age=13742ms prefetch"}
[msc] play.reject not_from_head uid=fav0 from=2689 +6627328B age=13742ms prefetch
[rx] {"t":"event","op":"msc.reads","ms":20659,"gap":3,"lba0":15625,"lba1":15625,"bytes":4096,"n":1,"kind":2,"ov":0}
[msc.reads] n=1 bytes=4096 lba=15625..15625 gap=3 ov=0
[rx] {"t":"event","op":"msc.reads","ms":20677,"gap":18,"lba0":15633,"lba1":15633,"bytes":4096,"n":1,"kind":2,"ov":0}
[msc.reads] n=1 bytes=4096 lba=15633..15633 gap=18 ov=0
[rx] {"t":"event","op":"msc.reads","ms":20681,"gap":4,"lba0":15641,"lba1":15681,"bytes":24576,"n":6,"kind":2,"ov":0}
[msc.reads] n=6 bytes=24576 lba=15641..15681 gap=4 ov=0
[rx] {"t":"event","op":"msc.reads","ms":20703,"gap":4,"lba0":15689,"lba1":15697,"bytes":8192,"n":2,"kind":2,"ov":0}
[msc.reads] n=2 bytes=8192 lba=15689..15697 gap=4 ov=0
[rx] {"t":"event","op":"msc.reads","ms":20711,"gap":4,"lba0":15705,"lba1":15713,"bytes":8192,"n":2,"kind":2,"ov":0}
[msc.reads] n=2 bytes=8192 lba=15705..15713 gap=4 ov=0
[rx] {"t":"event","op":"msc.reads","ms":20719,"gap":4,"lba0":15721,"lba1":15721,"bytes":4096,"n":1,"kind":2,"ov":0}
[msc.reads] n=1 bytes=4096 lba=15721..15721 gap=4 ov=0
[rx] {"t":"event","op":"msc.reads","ms":20723,"gap":4,"lba0":15729,"lba1":15729,"bytes":4096,"n":1,"kind":2,"ov":0}
[msc.reads] n=1 bytes=4096 lba=15729..15729 gap=4 ov=0
[rx] {"t":"event","op":"msc.reads","ms":20727,"gap":4,"lba0":15737,"lba1":15737,"bytes":4096,"n":1,"kind":2,"ov":0}
[msc.reads] n=1 bytes=4096 lba=15737..15737 gap=4 ov=0
[rx] {"t":"event","op":"msc.reads","ms":20730,"gap":3,"lba0":15745,"lba1":15793,"bytes":28672,"n":7,"kind":2,"ov":0}
[msc.reads] n=7 bytes=28672 lba=15745..15793 gap=3 ov=0
[rx] {"t":"event","op":"msc.reads","ms":20756,"gap":4,"lba0":15801,"lba1":15817,"bytes":12288,"n":3,"kind":2,"ov":0}
[msc.reads] n=3 bytes=12288 lba=15801..15817 gap=4 ov=0
[rx] {"t":"event","op":"msc.reads","ms":20768,"gap":4,"lba0":15825,"lba1":15833,"bytes":8192,"n":2,"kind":2,"ov":0}
[msc.reads] n=2 bytes=8192 lba=15825..15833 gap=4 ov=0
[rx] {"t":"event","op":"msc.reads","ms":20775,"gap":4,"lba0":15841,"lba1":15841,"bytes":4096,"n":1,"kind":2,"ov":0}
[msc.reads] n=1 bytes=4096 lba=15841..15841 gap=4 ov=0
[rx] {"t":"event","op":"msc.reads","ms":20779,"gap":4,"lba0":15849,"lba1":15849,"bytes":4096,"n":1,"kind":2,"ov":0}
[msc.reads] n=1 bytes=4096 lba=15849..15849 gap=4 ov=0
[rx] {"t":"event","op":"msc.reads","ms":20783,"gap":4,"lba0":15857,"lba1":15929,"bytes":40960,"n":10,"kind":2,"ov":0}
[msc.reads] n=10 bytes=40960 lba=15857..15929 gap=4 ov=0
[rx] {"t":"event","op":"msc.reads","ms":20820,"gap":4,"lba0":15937,"lba1":15937,"bytes":4096,"n":1,"kind":2,"ov":0}
[msc.reads] n=1 bytes=4096 lba=15937..15937 gap=4 ov=0
[rx] {"t":"event","op":"msc.reads","ms":20824,"gap":4,"lba0":15945,"lba1":15945,"bytes":4096,"n":1,"kind":2,"ov":0}
[msc.reads] n=1 bytes=4096 lba=15945..15945 gap=4 ov=0
[rx] {"t":"event","op":"msc.reads","ms":20828,"gap":4,"lba0":15953,"lba1":15953,"bytes":4096,"n":1,"kind":2,"ov":0}
[msc.reads] n=1 bytes=4096 lba=15953..15953 gap=4 ov=0
[rx] {"t":"event","op":"msc.reads","ms":20831,"gap":3,"lba0":15961,"lba1":16017,"bytes":32768,"n":8,"kind":2,"ov":0}
[msc.reads] n=8 bytes=32768 lba=15961..16017 gap=3 ov=0
[rx] {"t":"event","op":"msc.reads","ms":20861,"gap":4,"lba0":16025,"lba1":16121,"bytes":53248,"n":13,"kind":2,"ov":0}
[msc.reads] n=13 bytes=53248 lba=16025..16121 gap=4 ov=0
[rx] {"t":"event","op":"msc.reads","ms":20909,"gap":4,"lba0":16129,"lba1":16129,"bytes":4096,"n":1,"kind":2,"ov":0}
[msc.reads] n=1 bytes=4096 lba=16129..16129 gap=4 ov=0
[rx] {"t":"event","op":"msc.reads","ms":20913,"gap":4,"lba0":16137,"lba1":16137,"bytes":4096,"n":1,"kind":2,"ov":0}
[msc.reads] n=1 bytes=4096 lba=16137..16137 gap=4 ov=0
[rx] {"t":"event","op":"msc.reads","ms":20917,"gap":4,"lba0":16145,"lba1":16145,"bytes":4096,"n":1,"kind":2,"ov":0}
[msc.reads] n=1 bytes=4096 lba=16145..16145 gap=4 ov=0
[rx] {"t":"event","op":"msc.reads","ms":20921,"gap":4,"lba0":16153,"lba1":16153,"bytes":4096,"n":1,"kind":2,"ov":0}
[msc.reads] n=1 bytes=4096 lba=16153..16153 gap=4 ov=0
[rx] {"t":"event","op":"msc.reads","ms":20924,"gap":3,"lba0":16161,"lba1":16225,"bytes":36864,"n":9,"kind":2,"ov":0}
[msc.reads] n=9 bytes=36864 lba=16161..16225 gap=3 ov=0
[rx] {"t":"event","op":"msc.reads","ms":20958,"gap":4,"lba0":16233,"lba1":16233,"bytes":4096,"n":1,"kind":2,"ov":0}
[msc.reads] n=1 bytes=4096 lba=16233..16233 gap=4 ov=0
[rx] {"t":"event","op":"msc.reads","ms":20962,"gap":4,"lba0":16241,"lba1":16241,"bytes":4096,"n":1,"kind":2,"ov":0}
[msc.reads] n=1 bytes=4096 lba=16241..16241 gap=4 ov=0
[rx] {"t":"event","op":"msc.reads","ms":20966,"gap":4,"lba0":16249,"lba1":16249,"bytes":4096,"n":1,"kind":2,"ov":0}
[msc.reads] n=1 bytes=4096 lba=16249..16249 gap=4 ov=0
[rx] {"t":"event","op":"msc.reads","ms":20970,"gap":4,"lba0":16257,"lba1":16321,"bytes":36864,"n":9,"kind":2,"ov":0}
[msc.reads] n=9 bytes=36864 lba=16257..16321 gap=4 ov=0
[rx] {"t":"event","op":"msc.reads","ms":21003,"gap":4,"lba0":16329,"lba1":16337,"bytes":8192,"n":2,"kind":2,"ov":0}
[msc.reads] n=2 bytes=8192 lba=16329..16337 gap=4 ov=0
[rx] {"t":"event","op":"msc.reads","ms":21010,"gap":4,"lba0":16345,"lba1":16345,"bytes":4096,"n":1,"kind":2,"ov":0}
[msc.reads] n=1 bytes=4096 lba=16345..16345 gap=4 ov=0
[rx] {"t":"event","op":"msc.reads","ms":21014,"gap":4,"lba0":16353,"lba1":16353,"bytes":4096,"n":1,"kind":2,"ov":0}
[msc.reads] n=1 bytes=4096 lba=16353..16353 gap=4 ov=0
[rx] {"t":"event","op":"msc.reads","ms":21018,"gap":4,"lba0":16361,"lba1":16361,"bytes":4096,"n":1,"kind":2,"ov":0}
[msc.reads] n=1 bytes=4096 lba=16361..16361 gap=4 ov=0
[rx] {"t":"event","op":"msc.reads","ms":21022,"gap":4,"lba0":16369,"lba1":16369,"bytes":4096,"n":1,"kind":2,"ov":0}
[msc.reads] n=1 bytes=4096 lba=16369..16369 gap=4 ov=0
[rx] {"t":"event","op":"msc.reads","ms":21026,"gap":4,"lba0":16377,"lba1":16377,"bytes":4096,"n":1,"kind":2,"ov":0}
[msc.reads] n=1 bytes=4096 lba=16377..16377 gap=4 ov=0
[rx] {"t":"event","op":"msc.reads","ms":21030,"gap":4,"lba0":16385,"lba1":16385,"bytes":4096,"n":1,"kind":2,"ov":0}
[msc.reads] n=1 bytes=4096 lba=16385..16385 gap=4 ov=0
[rx] {"t":"event","op":"msc.reads","ms":21034,"gap":4,"lba0":16393,"lba1":16449,"bytes":32768,"n":8,"kind":2,"ov":0}
[msc.reads] n=8 bytes=32768 lba=16393..16449 gap=4 ov=0
[tx] {"t":"ping"}
[rx] {"t":"pong"}
[rx] {"t":"event","op":"diag","code":"msc.quiet","detail":"file=9300480B age=2000ms"}
[msc] msc.quiet file=9300480B age=2000ms
[tx] {"t":"menu_set","rev":3704,"page":0,"items":[{"uid":"1977938832270506073","name":"Zurueck","kind":"action"},{"uid":"18330258143618563731","name":"Ausgang klinke","kind":"info"},{"uid":"16678805154550120858","name":"Auto","kind":"action"},{"uid":"pump:page_next","name":"Mehr... (+7)","kind":"action"}]}
[rx] {"t":"menu_ack","ok":true,"n":4,"rev":3704}
[menu_ack] ok=True n=4 rev=3704
[rx] {"t":"event","op":"diag","code":"msc.quiet","detail":"file=9300480B age=2859ms"}
[msc] msc.quiet file=9300480B age=2859ms
[tx] {"t":"ping"}
[rx] {"t":"pong"}
[tx] {"t":"ping"}
[rx] {"t":"pong"}
[rx] {"t":"event","op":"diag","code":"msc.phase","detail":"scan boot"}
[msc] msc.phase scan boot
[rx] {"t":"event","op":"msc.reads","ms":26608,"gap":5548,"lba0":0,"lba1":0,"bytes":4096,"n":1,"kind":4,"ov":0}
[msc.reads] n=1 bytes=4096 lba=0..0 gap=5548 ov=0
[rx] {"t":"event","op":"msc.reads","ms":26614,"gap":6,"lba0":32,"lba1":32,"bytes":4096,"n":1,"kind":5,"ov":0}
[msc.reads] n=1 bytes=4096 lba=32..32 gap=6 ov=0
[rx] {"t":"event","op":"msc.reads","ms":26618,"gap":4,"lba0":40,"lba1":40,"bytes":4096,"n":1,"kind":1,"ov":0}
[msc.reads] n=1 bytes=4096 lba=40..40 gap=4 ov=0
[rx] {"t":"event","op":"msc.reads","ms":26622,"gap":4,"lba0":48,"lba1":48,"bytes":4096,"n":1,"kind":1,"ov":0}
[msc.reads] n=1 bytes=4096 lba=48..48 gap=4 ov=0
[rx] {"t":"event","op":"diag","code":"play.reject","detail":"not_from_head uid=1977938832270506073 from=120 +4096B age=19726ms prefetch"}
[msc] play.reject not_from_head uid=1977938832270506073 from=120 +4096B age=19726ms prefetch
[rx] {"t":"event","op":"msc.reads","ms":26625,"gap":3,"lba0":56,"lba1":64,"bytes":8192,"n":2,"kind":1,"ov":0}
[msc.reads] n=2 bytes=8192 lba=56..64 gap=3 ov=0
[rx] {"t":"event","op":"msc.reads","ms":26635,"gap":6,"lba0":8,"lba1":24,"bytes":8192,"n":2,"kind":5,"ov":0}
[msc.reads] n=2 bytes=8192 lba=8..24 gap=6 ov=0
[rx] {"t":"event","op":"msc.reads","ms":26644,"gap":4,"lba0":120,"lba1":120,"bytes":4096,"n":1,"kind":2,"ov":0}
[msc.reads] n=1 bytes=4096 lba=120..120 gap=4 ov=0
[rx] {"t":"event","op":"msc.reads","ms":26663,"gap":19,"lba0":16,"lba1":16,"bytes":4096,"n":1,"kind":5,"ov":0}
[msc.reads] n=1 bytes=4096 lba=16..16 gap=19 ov=0
[rx] {"t":"event","op":"msc.reads","ms":26667,"gap":4,"lba0":128,"lba1":4096,"bytes":12288,"n":3,"kind":2,"ov":0}
[msc.reads] n=3 bytes=12288 lba=128..4096 gap=4 ov=0
[rx] {"t":"event","op":"msc.reads","ms":26689,"gap":14,"lba0":0,"lba1":0,"bytes":4096,"n":1,"kind":4,"ov":0}
[msc.reads] n=1 bytes=4096 lba=0..0 gap=14 ov=0
[rx] {"t":"event","op":"msc.reads","ms":26800,"gap":111,"lba0":0,"lba1":0,"bytes":4096,"n":1,"kind":4,"ov":0}
[msc.reads] n=1 bytes=4096 lba=0..0 gap=111 ov=0
[rx] {"t":"event","op":"msc.reads","ms":26804,"gap":4,"lba0":32,"lba1":32,"bytes":4096,"n":1,"kind":5,"ov":0}
[msc.reads] n=1 bytes=4096 lba=32..32 gap=4 ov=0
[rx] {"t":"event","op":"msc.reads","ms":26808,"gap":4,"lba0":40,"lba1":40,"bytes":4096,"n":1,"kind":1,"ov":0}
[msc.reads] n=1 bytes=4096 lba=40..40 gap=4 ov=0
[rx] {"t":"event","op":"msc.reads","ms":26812,"gap":4,"lba0":48,"lba1":48,"bytes":4096,"n":1,"kind":1,"ov":0}
[msc.reads] n=1 bytes=4096 lba=48..48 gap=4 ov=0
[rx] {"t":"event","op":"msc.reads","ms":26816,"gap":4,"lba0":56,"lba1":56,"bytes":4096,"n":1,"kind":1,"ov":0}
[msc.reads] n=1 bytes=4096 lba=56..56 gap=4 ov=0
[rx] {"t":"event","op":"msc.reads","ms":26820,"gap":4,"lba0":64,"lba1":64,"bytes":4096,"n":1,"kind":1,"ov":0}
[msc.reads] n=1 bytes=4096 lba=64..64 gap=4 ov=0
[rx] {"t":"event","op":"msc.reads","ms":26826,"gap":6,"lba0":8,"lba1":24,"bytes":8192,"n":2,"kind":5,"ov":0}
[msc.reads] n=2 bytes=8192 lba=8..24 gap=6 ov=0
[rx] {"t":"event","op":"msc.reads","ms":26835,"gap":4,"lba0":120,"lba1":120,"bytes":4096,"n":1,"kind":2,"ov":0}
[msc.reads] n=1 bytes=4096 lba=120..120 gap=4 ov=0
[rx] {"t":"event","op":"msc.reads","ms":26840,"gap":5,"lba0":16,"lba1":16,"bytes":4096,"n":1,"kind":5,"ov":0}
[msc.reads] n=1 bytes=4096 lba=16..16 gap=5 ov=0
[rx] {"t":"event","op":"msc.reads","ms":26845,"gap":5,"lba0":128,"lba1":128,"bytes":4096,"n":1,"kind":2,"ov":0}
[msc.reads] n=1 bytes=4096 lba=128..128 gap=5 ov=0
[rx] {"t":"event","op":"msc.reads","ms":26849,"gap":4,"lba0":512,"lba1":4096,"bytes":8192,"n":2,"kind":2,"ov":0}
[msc.reads] n=2 bytes=8192 lba=512..4096 gap=4 ov=0
[rx] {"t":"event","op":"msc.reads","ms":26868,"gap":15,"lba0":0,"lba1":0,"bytes":4096,"n":1,"kind":4,"ov":0}
[msc.reads] n=1 bytes=4096 lba=0..0 gap=15 ov=0
[rx] {"t":"event","op":"msc.reads","ms":26984,"gap":116,"lba0":0,"lba1":0,"bytes":4096,"n":1,"kind":4,"ov":0}
[msc.reads] n=1 bytes=4096 lba=0..0 gap=116 ov=0
[rx] {"t":"event","op":"msc.reads","ms":26989,"gap":5,"lba0":32,"lba1":32,"bytes":4096,"n":1,"kind":5,"ov":0}
[msc.reads] n=1 bytes=4096 lba=32..32 gap=5 ov=0
[rx] {"t":"event","op":"msc.reads","ms":26993,"gap":4,"lba0":40,"lba1":40,"bytes":4096,"n":1,"kind":1,"ov":0}
[msc.reads] n=1 bytes=4096 lba=40..40 gap=4 ov=0
[rx] {"t":"event","op":"msc.reads","ms":26997,"gap":4,"lba0":48,"lba1":48,"bytes":4096,"n":1,"kind":1,"ov":0}
[msc.reads] n=1 bytes=4096 lba=48..48 gap=4 ov=0
[rx] {"t":"event","op":"msc.reads","ms":27001,"gap":4,"lba0":56,"lba1":56,"bytes":4096,"n":1,"kind":1,"ov":0}
[msc.reads] n=1 bytes=4096 lba=56..56 gap=4 ov=0
[rx] {"t":"event","op":"msc.reads","ms":27005,"gap":4,"lba0":64,"lba1":64,"bytes":4096,"n":1,"kind":1,"ov":0}
[msc.reads] n=1 bytes=4096 lba=64..64 gap=4 ov=0
[rx] {"t":"event","op":"msc.reads","ms":27011,"gap":6,"lba0":8,"lba1":8,"bytes":4096,"n":1,"kind":5,"ov":0}
[msc.reads] n=1 bytes=4096 lba=8..8 gap=6 ov=0
[rx] {"t":"event","op":"msc.reads","ms":27017,"gap":6,"lba0":24,"lba1":24,"bytes":4096,"n":1,"kind":5,"ov":0}
[msc.reads] n=1 bytes=4096 lba=24..24 gap=6 ov=0
[rx] {"t":"event","op":"msc.reads","ms":27021,"gap":4,"lba0":120,"lba1":120,"bytes":4096,"n":1,"kind":2,"ov":0}
[msc.reads] n=1 bytes=4096 lba=120..120 gap=4 ov=0
[rx] {"t":"event","op":"msc.reads","ms":27029,"gap":8,"lba0":16,"lba1":16,"bytes":4096,"n":1,"kind":5,"ov":0}
[msc.reads] n=1 bytes=4096 lba=16..16 gap=8 ov=0
[rx] {"t":"event","op":"msc.reads","ms":27033,"gap":4,"lba0":128,"lba1":4096,"bytes":12288,"n":3,"kind":2,"ov":0}
[msc.reads] n=3 bytes=12288 lba=128..4096 gap=4 ov=0
[rx] {"t":"event","op":"msc.reads","ms":27060,"gap":19,"lba0":0,"lba1":0,"bytes":4096,"n":1,"kind":4,"ov":0}
[msc.reads] n=1 bytes=4096 lba=0..0 gap=19 ov=0
[tx] {"t":"ping"}
[rx] {"t":"pong"}
[rx] {"t":"event","op":"diag","code":"msc.phase","detail":"quiet cache?"}
[msc] msc.phase quiet cache?
[rx] {"t":"event","op":"diag","code":"msc.quiet","detail":"file=9349632B age=2003ms"}
[msc] msc.quiet file=9349632B age=2003ms
[tx] {"t":"ping"}
[rx] {"t":"pong"}
[tx] {"t":"ping"}
[rx] {"t":"pong"}
[tx] {"t":"ping"}
[rx] {"t":"pong"}
[tx] {"t":"ping"}
[rx] {"t":"pong"}
[tx] {"t":"ping"}
[rx] {"t":"pong"}
[tx] {"t":"ping"}
[rx] {"t":"pong"}
[tx] {"t":"ping"}
[rx] {"t":"pong"}
[tx] {"t":"ping"}
[rx] {"t":"pong"}
[tx] {"t":"ping"}
[rx] {"t":"pong"}
[tx] {"t":"ping"}
[rx] {"t":"pong"}
[tx] {"t":"ping"}
[rx] {"t":"pong"}
[tx] {"t":"ping"}
[rx] {"t":"pong"}
[tx] {"t":"ping"}
[rx] {"t":"pong"}
[tx] {"t":"ping"}
[rx] {"t":"pong"}
[tx] {"t":"menu_set","rev":3705,"page":0,"items":[{"uid":"1977938832270506073","name":"Zurueck","kind":"action"},{"uid":"18330258143618563731","name":"Ausgang klinke","kind":"info"},{"uid":"16678805154550120858","name":"Auto","kind":"action"},{"uid":"pump:page_next","name":"Mehr... (+7)","kind":"action"}]}
[rx] {"t":"menu_ack","ok":true,"n":4,"rev":3705}
[menu_ack] ok=True n=4 rev=3705
[tx] {"t":"ping"}
[rx] {"t":"pong"}
[tx] {"t":"ping"}
[rx] {"t":"pong"}
[tx] {"t":"ping"}
[rx] {"t":"pong"}
[tx] {"t":"ping"}
[rx] {"t":"pong"}
[tx] {"t":"ping"}
[rx] {"t":"pong"}
[tx] {"t":"ping"}
[rx] {"t":"pong"}
[tx] {"t":"ping"}
[rx] {"t":"pong"}
[tx] {"t":"ping"}
[rx] {"t":"pong"}
[tx] {"t":"ping"}
[rx] {"t":"pong"}
[tx] {"t":"ping"}
[rx] {"t":"pong"}
[tx] {"t":"ping"}
[rx] {"t":"pong"}
[tx] {"t":"ping"}
[rx] {"t":"pong"}
[tx] {"t":"ping"}
[rx] {"t":"pong"}
[tx] {"t":"ping"}
[rx] {"t":"pong"}
[tx] {"t":"ping"}
[rx] {"t":"pong"}
[tx] {"t":"ping"}
[rx] {"t":"pong"}
[tx] {"t":"ping"}
[rx] {"t":"pong"}
[tx] {"t":"ping"}
[rx] {"t":"pong"}
[tx] {"t":"ping"}
[rx] {"t":"pong"}
[tx] {"t":"ping"}
[rx] {"t":"pong"}
[tx] {"t":"ping"}
[rx] {"t":"pong"}
[tx] {"t":"ping"}
[rx] {"t":"pong"}
[tx] {"t":"ping"}
[rx] {"t":"pong"}
[tx] {"t":"ping"}
[rx] {"t":"pong"}
[tx] {"t":"ping"}
[rx] {"t":"pong"}
[tx] {"t":"ping"}
[rx] {"t":"pong"}
[tx] {"t":"ping"}
[rx] {"t":"pong"}
[tx] {"t":"ping"}
[rx] {"t":"pong"}
[tx] {"t":"ping"}
[rx] {"t":"pong"}
[tx] {"t":"ping"}
[rx] {"t":"pong"}
[tx] {"t":"ping"}
[rx] {"t":"pong"}
[tx] {"t":"ping"}
[rx] {"t":"pong"}
[rx] {"t":"event","op":"diag","code":"msc.phase","detail":"idle unplug"}
[msc] msc.phase idle unplug
[tx] {"t":"ping"}
[rx] {"t":"pong"}
[tx] {"t":"ping"}
[rx] {"t":"pong"}
[tx] {"t":"ping"}
[rx] {"t":"pong"}
[tx] {"t":"ping"}
[rx] {"t":"pong"}
[tx] {"t":"ping"}
[rx] {"t":"pong"}
[tx] {"t":"ping"}
[rx] {"t":"pong"}
[tx] {"t":"ping"}
[rx] {"t":"pong"}
[tx] {"t":"ping"}
[rx] {"t":"pong"}
[tx] {"t":"ping"}
[rx] {"t":"pong"}
[tx] {"t":"ping"}
[rx] {"t":"pong"}
[tx] {"t":"ping"}
[rx] {"t":"pong"}
[tx] {"t":"ping"}
[rx] {"t":"pong"}
[rx] {"t":"event","op":"diag","code":"msc.phase","detail":"scan plug"}
[msc] msc.phase scan plug
[tx] {"t":"ping"}
[rx] {"t":"event","op":"diag","code":"msc.first_read","detail":"1005 ms"}
[msc] msc.first_read 1005 ms
[rx] {"t":"event","op":"msc.reads","ms":148817,"gap":0,"lba0":0,"lba1":0,"bytes":4096,"n":1,"kind":4,"ov":0}
[msc.reads] n=1 bytes=4096 lba=0..0 gap=0 ov=0
[rx] {"t":"pong"}
[rx] {"t":"event","op":"msc.reads","ms":148841,"gap":24,"lba0":0,"lba1":0,"bytes":4096,"n":1,"kind":4,"ov":0}
[msc.reads] n=1 bytes=4096 lba=0..0 gap=24 ov=0
[rx] {"t":"event","op":"msc.reads","ms":148846,"gap":5,"lba0":32,"lba1":32,"bytes":4096,"n":1,"kind":5,"ov":0}
[msc.reads] n=1 bytes=4096 lba=32..32 gap=5 ov=0
[rx] {"t":"event","op":"msc.reads","ms":148850,"gap":4,"lba0":40,"lba1":40,"bytes":4096,"n":1,"kind":1,"ov":0}
[msc.reads] n=1 bytes=4096 lba=40..40 gap=4 ov=0
[rx] {"t":"event","op":"msc.reads","ms":148854,"gap":4,"lba0":48,"lba1":48,"bytes":4096,"n":1,"kind":1,"ov":0}
[msc.reads] n=1 bytes=4096 lba=48..48 gap=4 ov=0
[rx] {"t":"event","op":"msc.reads","ms":148858,"gap":4,"lba0":56,"lba1":56,"bytes":4096,"n":1,"kind":1,"ov":0}
[msc.reads] n=1 bytes=4096 lba=56..56 gap=4 ov=0
[rx] {"t":"event","op":"msc.reads","ms":148862,"gap":4,"lba0":64,"lba1":64,"bytes":4096,"n":1,"kind":1,"ov":0}
[msc.reads] n=1 bytes=4096 lba=64..64 gap=4 ov=0
[rx] {"t":"event","op":"msc.reads","ms":148868,"gap":6,"lba0":8,"lba1":8,"bytes":4096,"n":1,"kind":5,"ov":0}
[msc.reads] n=1 bytes=4096 lba=8..8 gap=6 ov=0
[rx] {"t":"event","op":"diag","code":"play.reject","detail":"not_from_head uid=1977938832270506073 from=120 +4096B age=1066ms prefetch"}
[msc] play.reject not_from_head uid=1977938832270506073 from=120 +4096B age=1066ms prefetch
[rx] {"t":"event","op":"msc.reads","ms":148874,"gap":6,"lba0":24,"lba1":24,"bytes":4096,"n":1,"kind":5,"ov":0}
[msc.reads] n=1 bytes=4096 lba=24..24 gap=6 ov=0
[rx] {"t":"event","op":"msc.reads","ms":148878,"gap":4,"lba0":120,"lba1":120,"bytes":4096,"n":1,"kind":2,"ov":0}
[msc.reads] n=1 bytes=4096 lba=120..120 gap=4 ov=0
[rx] {"t":"event","op":"msc.reads","ms":148898,"gap":20,"lba0":16,"lba1":16,"bytes":4096,"n":1,"kind":5,"ov":0}
[msc.reads] n=1 bytes=4096 lba=16..16 gap=20 ov=0
[rx] {"t":"event","op":"msc.reads","ms":148902,"gap":4,"lba0":128,"lba1":128,"bytes":4096,"n":1,"kind":2,"ov":0}
[msc.reads] n=1 bytes=4096 lba=128..128 gap=4 ov=0
[rx] {"t":"event","op":"msc.reads","ms":148906,"gap":4,"lba0":512,"lba1":512,"bytes":4096,"n":1,"kind":2,"ov":0}
[msc.reads] n=1 bytes=4096 lba=512..512 gap=4 ov=0
[rx] {"t":"event","op":"msc.reads","ms":148911,"gap":5,"lba0":4096,"lba1":4096,"bytes":4096,"n":1,"kind":2,"ov":0}
[msc.reads] n=1 bytes=4096 lba=4096..4096 gap=5 ov=0
[rx] {"t":"event","op":"msc.reads","ms":148925,"gap":14,"lba0":0,"lba1":0,"bytes":4096,"n":1,"kind":4,"ov":0}
[msc.reads] n=1 bytes=4096 lba=0..0 gap=14 ov=0
[rx] {"t":"event","op":"msc.reads","ms":149022,"gap":97,"lba0":0,"lba1":0,"bytes":512,"n":1,"kind":4,"ov":0}
[msc.reads] n=1 bytes=512 lba=0..0 gap=97 ov=0
[rx] {"t":"event","op":"msc.reads","ms":149024,"gap":2,"lba0":1,"lba1":1,"bytes":4096,"n":1,"kind":5,"ov":0}
[msc.reads] n=1 bytes=4096 lba=1..1 gap=2 ov=0
[rx] {"t":"event","op":"msc.reads","ms":149029,"gap":5,"lba0":9,"lba1":9,"bytes":4096,"n":1,"kind":5,"ov":0}
[msc.reads] n=1 bytes=4096 lba=9..9 gap=5 ov=0
[rx] {"t":"event","op":"msc.reads","ms":149033,"gap":4,"lba0":33,"lba1":33,"bytes":4096,"n":1,"kind":1,"ov":0}
[msc.reads] n=1 bytes=4096 lba=33..33 gap=4 ov=0
[rx] {"t":"event","op":"msc.reads","ms":149037,"gap":4,"lba0":41,"lba1":49,"bytes":8192,"n":2,"kind":1,"ov":0}
[msc.reads] n=2 bytes=8192 lba=41..49 gap=4 ov=0
[rx] {"t":"event","op":"msc.reads","ms":149045,"gap":4,"lba0":57,"lba1":57,"bytes":4096,"n":1,"kind":1,"ov":0}
[msc.reads] n=1 bytes=4096 lba=57..57 gap=4 ov=0
[rx] {"t":"event","op":"msc.reads","ms":149078,"gap":33,"lba0":1,"lba1":1,"bytes":512,"n":1,"kind":5,"ov":0}
[msc.reads] n=1 bytes=512 lba=1..1 gap=33 ov=0
[rx] {"t":"event","op":"msc.reads","ms":149079,"gap":1,"lba0":2,"lba1":3,"bytes":3072,"n":2,"kind":5,"ov":0}
[msc.reads] n=2 bytes=3072 lba=2..3 gap=1 ov=0
[rx] {"t":"event","op":"msc.reads","ms":149084,"gap":3,"lba0":32,"lba1":32,"bytes":4096,"n":1,"kind":5,"ov":0}
[msc.reads] n=1 bytes=4096 lba=32..32 gap=3 ov=0
[rx] {"t":"event","op":"msc.reads","ms":149087,"gap":3,"lba0":40,"lba1":48,"bytes":8192,"n":2,"kind":1,"ov":0}
[msc.reads] n=2 bytes=8192 lba=40..48 gap=3 ov=0
[rx] {"t":"event","op":"msc.reads","ms":149095,"gap":4,"lba0":56,"lba1":56,"bytes":4096,"n":1,"kind":1,"ov":0}
[msc.reads] n=1 bytes=4096 lba=56..56 gap=4 ov=0
[rx] {"t":"event","op":"msc.reads","ms":149099,"gap":4,"lba0":64,"lba1":64,"bytes":4096,"n":1,"kind":1,"ov":0}
[msc.reads] n=1 bytes=4096 lba=64..64 gap=4 ov=0
[rx] {"t":"event","op":"msc.reads","ms":149106,"gap":7,"lba0":8,"lba1":8,"bytes":4096,"n":1,"kind":5,"ov":0}
[msc.reads] n=1 bytes=4096 lba=8..8 gap=7 ov=0
[rx] {"t":"event","op":"msc.reads","ms":149111,"gap":5,"lba0":24,"lba1":24,"bytes":4096,"n":1,"kind":5,"ov":0}
[msc.reads] n=1 bytes=4096 lba=24..24 gap=5 ov=0
[rx] {"t":"event","op":"msc.reads","ms":149116,"gap":5,"lba0":120,"lba1":120,"bytes":4096,"n":1,"kind":2,"ov":0}
[msc.reads] n=1 bytes=4096 lba=120..120 gap=5 ov=0
[rx] {"t":"event","op":"msc.reads","ms":149121,"gap":5,"lba0":16,"lba1":16,"bytes":4096,"n":1,"kind":5,"ov":0}
[msc.reads] n=1 bytes=4096 lba=16..16 gap=5 ov=0
[rx] {"t":"event","op":"msc.reads","ms":149126,"gap":5,"lba0":128,"lba1":128,"bytes":4096,"n":1,"kind":2,"ov":0}
[msc.reads] n=1 bytes=4096 lba=128..128 gap=5 ov=0
[rx] {"t":"event","op":"msc.reads","ms":149130,"gap":4,"lba0":512,"lba1":512,"bytes":4096,"n":1,"kind":2,"ov":0}
[msc.reads] n=1 bytes=4096 lba=512..512 gap=4 ov=0
[rx] {"t":"event","op":"msc.reads","ms":149136,"gap":6,"lba0":4096,"lba1":4096,"bytes":4096,"n":1,"kind":2,"ov":0}
[msc.reads] n=1 bytes=4096 lba=4096..4096 gap=6 ov=0
[rx] {"t":"event","op":"msc.reads","ms":149282,"gap":146,"lba0":65,"lba1":65,"bytes":4096,"n":1,"kind":1,"ov":0}
[msc.reads] n=1 bytes=4096 lba=65..65 gap=146 ov=0
[rx] {"t":"event","op":"msc.reads","ms":149323,"gap":41,"lba0":73,"lba1":73,"bytes":4096,"n":1,"kind":1,"ov":0}
[msc.reads] n=1 bytes=4096 lba=73..73 gap=41 ov=0
[rx] {"t":"event","op":"msc.reads","ms":149353,"gap":30,"lba0":81,"lba1":81,"bytes":4096,"n":1,"kind":2,"ov":0}
[msc.reads] n=1 bytes=4096 lba=81..81 gap=30 ov=0
[rx] {"t":"event","op":"diag","code":"play.reject","detail":"plug_window uid=1977938832270506073 from=81 +4096B age=1541ms"}
[msc] play.reject plug_window uid=1977938832270506073 from=81 +4096B age=1541ms
[rx] {"t":"event","op":"msc.reads","ms":149371,"gap":18,"lba0":89,"lba1":89,"bytes":4096,"n":1,"kind":2,"ov":0}
[msc.reads] n=1 bytes=4096 lba=89..89 gap=18 ov=0
[rx] {"t":"event","op":"msc.reads","ms":149375,"gap":4,"lba0":97,"lba1":97,"bytes":4096,"n":1,"kind":2,"ov":0}
[msc.reads] n=1 bytes=4096 lba=97..97 gap=4 ov=0
[rx] {"t":"event","op":"msc.reads","ms":149379,"gap":4,"lba0":105,"lba1":105,"bytes":4096,"n":1,"kind":2,"ov":0}
[msc.reads] n=1 bytes=4096 lba=105..105 gap=4 ov=0
[rx] {"t":"event","op":"msc.reads","ms":149384,"gap":5,"lba0":113,"lba1":113,"bytes":4096,"n":1,"kind":2,"ov":0}
[msc.reads] n=1 bytes=4096 lba=113..113 gap=5 ov=0
[rx] {"t":"event","op":"msc.reads","ms":149388,"gap":4,"lba0":121,"lba1":121,"bytes":4096,"n":1,"kind":2,"ov":0}
[msc.reads] n=1 bytes=4096 lba=121..121 gap=4 ov=0
[rx] {"t":"event","op":"msc.reads","ms":149392,"gap":4,"lba0":129,"lba1":129,"bytes":4096,"n":1,"kind":2,"ov":0}
[msc.reads] n=1 bytes=4096 lba=129..129 gap=4 ov=0
[rx] {"t":"event","op":"msc.reads","ms":149396,"gap":4,"lba0":137,"lba1":137,"bytes":4096,"n":1,"kind":2,"ov":0}
[msc.reads] n=1 bytes=4096 lba=137..137 gap=4 ov=0
[rx] {"t":"event","op":"msc.reads","ms":149400,"gap":4,"lba0":145,"lba1":145,"bytes":4096,"n":1,"kind":2,"ov":0}
[msc.reads] n=1 bytes=4096 lba=145..145 gap=4 ov=0
[rx] {"t":"event","op":"msc.reads","ms":149404,"gap":4,"lba0":153,"lba1":153,"bytes":4096,"n":1,"kind":2,"ov":0}
[msc.reads] n=1 bytes=4096 lba=153..153 gap=4 ov=0
[rx] {"t":"event","op":"msc.reads","ms":149409,"gap":5,"lba0":161,"lba1":161,"bytes":4096,"n":1,"kind":2,"ov":0}
[msc.reads] n=1 bytes=4096 lba=161..161 gap=5 ov=0
[rx] {"t":"event","op":"msc.reads","ms":149413,"gap":4,"lba0":169,"lba1":169,"bytes":4096,"n":1,"kind":2,"ov":0}
[msc.reads] n=1 bytes=4096 lba=169..169 gap=4 ov=0
[rx] {"t":"event","op":"msc.reads","ms":149417,"gap":4,"lba0":177,"lba1":177,"bytes":4096,"n":1,"kind":2,"ov":0}
[msc.reads] n=1 bytes=4096 lba=177..177 gap=4 ov=0
[rx] {"t":"event","op":"msc.reads","ms":149421,"gap":4,"lba0":185,"lba1":185,"bytes":4096,"n":1,"kind":2,"ov":0}
[msc.reads] n=1 bytes=4096 lba=185..185 gap=4 ov=0
[rx] {"t":"event","op":"msc.reads","ms":149425,"gap":4,"lba0":193,"lba1":201,"bytes":8192,"n":2,"kind":2,"ov":0}
[msc.reads] n=2 bytes=8192 lba=193..201 gap=4 ov=0
[rx] {"t":"event","op":"msc.reads","ms":149433,"gap":4,"lba0":209,"lba1":209,"bytes":4096,"n":1,"kind":2,"ov":0}
[msc.reads] n=1 bytes=4096 lba=209..209 gap=4 ov=0
[rx] {"t":"event","op":"msc.reads","ms":149437,"gap":4,"lba0":217,"lba1":217,"bytes":4096,"n":1,"kind":2,"ov":0}
[msc.reads] n=1 bytes=4096 lba=217..217 gap=4 ov=0
[rx] {"t":"event","op":"msc.reads","ms":149441,"gap":4,"lba0":225,"lba1":225,"bytes":4096,"n":1,"kind":2,"ov":0}
[msc.reads] n=1 bytes=4096 lba=225..225 gap=4 ov=0
[rx] {"t":"event","op":"msc.reads","ms":149445,"gap":4,"lba0":233,"lba1":233,"bytes":4096,"n":1,"kind":2,"ov":0}
[msc.reads] n=1 bytes=4096 lba=233..233 gap=4 ov=0
[rx] {"t":"event","op":"diag","code":"play.reject","detail":"not_from_head uid=1977938832270506073 from=16457 +4096B age=1638ms prefetch"}
[msc] play.reject not_from_head uid=1977938832270506073 from=16457 +4096B age=1638ms prefetch
[rx] {"t":"event","op":"msc.reads","ms":149450,"gap":5,"lba0":16457,"lba1":16457,"bytes":4096,"n":1,"kind":2,"ov":0}
[msc.reads] n=1 bytes=4096 lba=16457..16457 gap=5 ov=0
[rx] {"t":"event","op":"msc.reads","ms":149469,"gap":19,"lba0":241,"lba1":241,"bytes":4096,"n":1,"kind":2,"ov":0}
[msc.reads] n=1 bytes=4096 lba=241..241 gap=19 ov=0
[rx] {"t":"event","op":"msc.reads","ms":149472,"gap":3,"lba0":249,"lba1":249,"bytes":4096,"n":1,"kind":2,"ov":0}
[msc.reads] n=1 bytes=4096 lba=249..249 gap=3 ov=0
[rx] {"t":"event","op":"msc.reads","ms":149476,"gap":4,"lba0":257,"lba1":257,"bytes":4096,"n":1,"kind":2,"ov":0}
[msc.reads] n=1 bytes=4096 lba=257..257 gap=4 ov=0
[rx] {"t":"event","op":"msc.reads","ms":149480,"gap":4,"lba0":265,"lba1":265,"bytes":4096,"n":1,"kind":2,"ov":0}
[msc.reads] n=1 bytes=4096 lba=265..265 gap=4 ov=0
[rx] {"t":"event","op":"msc.reads","ms":149485,"gap":5,"lba0":273,"lba1":273,"bytes":4096,"n":1,"kind":2,"ov":0}
[msc.reads] n=1 bytes=4096 lba=273..273 gap=5 ov=0
[rx] {"t":"event","op":"msc.reads","ms":149489,"gap":4,"lba0":281,"lba1":281,"bytes":4096,"n":1,"kind":2,"ov":0}
[msc.reads] n=1 bytes=4096 lba=281..281 gap=4 ov=0
[rx] {"t":"event","op":"msc.reads","ms":149493,"gap":4,"lba0":289,"lba1":289,"bytes":4096,"n":1,"kind":2,"ov":0}
[msc.reads] n=1 bytes=4096 lba=289..289 gap=4 ov=0
[rx] {"t":"event","op":"msc.reads","ms":149497,"gap":4,"lba0":297,"lba1":297,"bytes":4096,"n":1,"kind":2,"ov":0}
[msc.reads] n=1 bytes=4096 lba=297..297 gap=4 ov=0
[rx] {"t":"event","op":"msc.reads","ms":149501,"gap":4,"lba0":305,"lba1":305,"bytes":4096,"n":1,"kind":2,"ov":0}
[msc.reads] n=1 bytes=4096 lba=305..305 gap=4 ov=0
[rx] {"t":"event","op":"msc.reads","ms":149505,"gap":4,"lba0":313,"lba1":321,"bytes":8192,"n":2,"kind":2,"ov":0}
[msc.reads] n=2 bytes=8192 lba=313..321 gap=4 ov=0
[rx] {"t":"event","op":"msc.reads","ms":149513,"gap":4,"lba0":329,"lba1":329,"bytes":4096,"n":1,"kind":2,"ov":0}
[msc.reads] n=1 bytes=4096 lba=329..329 gap=4 ov=0
[rx] {"t":"event","op":"msc.reads","ms":149517,"gap":4,"lba0":337,"lba1":337,"bytes":4096,"n":1,"kind":2,"ov":0}
[msc.reads] n=1 bytes=4096 lba=337..337 gap=4 ov=0
[rx] {"t":"event","op":"msc.reads","ms":149521,"gap":4,"lba0":345,"lba1":353,"bytes":8192,"n":2,"kind":2,"ov":0}
[msc.reads] n=2 bytes=8192 lba=345..353 gap=4 ov=0
[rx] {"t":"event","op":"msc.reads","ms":149529,"gap":4,"lba0":361,"lba1":369,"bytes":8192,"n":2,"kind":2,"ov":0}
[msc.reads] n=2 bytes=8192 lba=361..369 gap=4 ov=0
[rx] {"t":"event","op":"msc.reads","ms":149537,"gap":4,"lba0":377,"lba1":377,"bytes":4096,"n":1,"kind":2,"ov":0}
[msc.reads] n=1 bytes=4096 lba=377..377 gap=4 ov=0
[rx] {"t":"event","op":"msc.reads","ms":149541,"gap":4,"lba0":385,"lba1":385,"bytes":4096,"n":1,"kind":2,"ov":0}
[msc.reads] n=1 bytes=4096 lba=385..385 gap=4 ov=0
[rx] {"t":"event","op":"msc.reads","ms":149545,"gap":4,"lba0":393,"lba1":393,"bytes":4096,"n":1,"kind":2,"ov":0}
[msc.reads] n=1 bytes=4096 lba=393..393 gap=4 ov=0
[rx] {"t":"event","op":"msc.reads","ms":149549,"gap":4,"lba0":401,"lba1":401,"bytes":4096,"n":1,"kind":2,"ov":0}
[msc.reads] n=1 bytes=4096 lba=401..401 gap=4 ov=0
[rx] {"t":"event","op":"msc.reads","ms":149553,"gap":4,"lba0":409,"lba1":481,"bytes":40960,"n":10,"kind":2,"ov":0}
[msc.reads] n=10 bytes=40960 lba=409..481 gap=4 ov=0
[rx] {"t":"event","op":"msc.reads","ms":149594,"gap":4,"lba0":489,"lba1":497,"bytes":8192,"n":2,"kind":2,"ov":0}
[msc.reads] n=2 bytes=8192 lba=489..497 gap=4 ov=0
[rx] {"t":"event","op":"msc.reads","ms":149602,"gap":4,"lba0":505,"lba1":505,"bytes":4096,"n":1,"kind":2,"ov":0}
[msc.reads] n=1 bytes=4096 lba=505..505 gap=4 ov=0
[rx] {"t":"event","op":"msc.reads","ms":149606,"gap":4,"lba0":513,"lba1":513,"bytes":4096,"n":1,"kind":2,"ov":0}
[msc.reads] n=1 bytes=4096 lba=513..513 gap=4 ov=0
[rx] {"t":"event","op":"msc.reads","ms":149610,"gap":4,"lba0":521,"lba1":529,"bytes":8192,"n":2,"kind":2,"ov":0}
[msc.reads] n=2 bytes=8192 lba=521..529 gap=4 ov=0
[rx] {"t":"event","op":"msc.reads","ms":149618,"gap":4,"lba0":537,"lba1":537,"bytes":4096,"n":1,"kind":2,"ov":0}
[msc.reads] n=1 bytes=4096 lba=537..537 gap=4 ov=0
[rx] {"t":"event","op":"msc.reads","ms":149622,"gap":4,"lba0":545,"lba1":545,"bytes":4096,"n":1,"kind":2,"ov":0}
[msc.reads] n=1 bytes=4096 lba=545..545 gap=4 ov=0
[rx] {"t":"event","op":"msc.reads","ms":149625,"gap":3,"lba0":553,"lba1":553,"bytes":4096,"n":1,"kind":2,"ov":0}
[msc.reads] n=1 bytes=4096 lba=553..553 gap=3 ov=0
[rx] {"t":"event","op":"msc.reads","ms":149629,"gap":4,"lba0":561,"lba1":561,"bytes":4096,"n":1,"kind":2,"ov":0}
[msc.reads] n=1 bytes=4096 lba=561..561 gap=4 ov=0
[rx] {"t":"event","op":"msc.reads","ms":149633,"gap":4,"lba0":569,"lba1":569,"bytes":4096,"n":1,"kind":2,"ov":0}
[msc.reads] n=1 bytes=4096 lba=569..569 gap=4 ov=0
[rx] {"t":"event","op":"msc.reads","ms":149637,"gap":4,"lba0":577,"lba1":577,"bytes":4096,"n":1,"kind":2,"ov":0}
[msc.reads] n=1 bytes=4096 lba=577..577 gap=4 ov=0
[rx] {"t":"event","op":"msc.reads","ms":149641,"gap":4,"lba0":585,"lba1":585,"bytes":4096,"n":1,"kind":2,"ov":0}
[msc.reads] n=1 bytes=4096 lba=585..585 gap=4 ov=0
[rx] {"t":"event","op":"msc.reads","ms":149645,"gap":4,"lba0":593,"lba1":593,"bytes":4096,"n":1,"kind":2,"ov":0}
[msc.reads] n=1 bytes=4096 lba=593..593 gap=4 ov=0
[rx] {"t":"event","op":"msc.reads","ms":149649,"gap":4,"lba0":601,"lba1":601,"bytes":4096,"n":1,"kind":2,"ov":0}
[msc.reads] n=1 bytes=4096 lba=601..601 gap=4 ov=0
[rx] {"t":"event","op":"msc.reads","ms":149653,"gap":4,"lba0":609,"lba1":617,"bytes":8192,"n":2,"kind":2,"ov":0}
[msc.reads] n=2 bytes=8192 lba=609..617 gap=4 ov=0
[rx] {"t":"event","op":"msc.reads","ms":149661,"gap":4,"lba0":625,"lba1":625,"bytes":4096,"n":1,"kind":2,"ov":0}
[msc.reads] n=1 bytes=4096 lba=625..625 gap=4 ov=0
[rx] {"t":"event","op":"msc.reads","ms":149664,"gap":3,"lba0":633,"lba1":633,"bytes":4096,"n":1,"kind":2,"ov":0}
[msc.reads] n=1 bytes=4096 lba=633..633 gap=3 ov=0
[rx] {"t":"event","op":"msc.reads","ms":149668,"gap":4,"lba0":641,"lba1":641,"bytes":4096,"n":1,"kind":2,"ov":0}
[msc.reads] n=1 bytes=4096 lba=641..641 gap=4 ov=0
[rx] {"t":"event","op":"msc.reads","ms":149672,"gap":4,"lba0":649,"lba1":649,"bytes":4096,"n":1,"kind":2,"ov":0}
[msc.reads] n=1 bytes=4096 lba=649..649 gap=4 ov=0
[rx] {"t":"event","op":"msc.reads","ms":149676,"gap":4,"lba0":657,"lba1":657,"bytes":4096,"n":1,"kind":2,"ov":0}
[msc.reads] n=1 bytes=4096 lba=657..657 gap=4 ov=0
[rx] {"t":"event","op":"msc.reads","ms":149680,"gap":4,"lba0":665,"lba1":665,"bytes":4096,"n":1,"kind":2,"ov":0}
[msc.reads] n=1 bytes=4096 lba=665..665 gap=4 ov=0
[rx] {"t":"event","op":"msc.reads","ms":149684,"gap":4,"lba0":673,"lba1":681,"bytes":8192,"n":2,"kind":2,"ov":0}
[msc.reads] n=2 bytes=8192 lba=673..681 gap=4 ov=0
[rx] {"t":"event","op":"msc.reads","ms":149691,"gap":4,"lba0":689,"lba1":689,"bytes":4096,"n":1,"kind":2,"ov":0}
[msc.reads] n=1 bytes=4096 lba=689..689 gap=4 ov=0
[rx] {"t":"event","op":"msc.reads","ms":149695,"gap":4,"lba0":697,"lba1":697,"bytes":4096,"n":1,"kind":2,"ov":0}
[msc.reads] n=1 bytes=4096 lba=697..697 gap=4 ov=0
[rx] {"t":"event","op":"msc.reads","ms":149699,"gap":4,"lba0":705,"lba1":705,"bytes":4096,"n":1,"kind":2,"ov":0}
[msc.reads] n=1 bytes=4096 lba=705..705 gap=4 ov=0
[rx] {"t":"event","op":"msc.reads","ms":149703,"gap":4,"lba0":713,"lba1":713,"bytes":4096,"n":1,"kind":2,"ov":0}
[msc.reads] n=1 bytes=4096 lba=713..713 gap=4 ov=0
[rx] {"t":"event","op":"msc.reads","ms":149707,"gap":4,"lba0":721,"lba1":721,"bytes":4096,"n":1,"kind":2,"ov":0}
[msc.reads] n=1 bytes=4096 lba=721..721 gap=4 ov=0
[rx] {"t":"event","op":"msc.reads","ms":149711,"gap":4,"lba0":729,"lba1":729,"bytes":4096,"n":1,"kind":2,"ov":0}
[msc.reads] n=1 bytes=4096 lba=729..729 gap=4 ov=0
[rx] {"t":"event","op":"msc.reads","ms":149715,"gap":4,"lba0":737,"lba1":737,"bytes":4096,"n":1,"kind":2,"ov":0}
[msc.reads] n=1 bytes=4096 lba=737..737 gap=4 ov=0
[rx] {"t":"event","op":"msc.reads","ms":149718,"gap":3,"lba0":745,"lba1":745,"bytes":4096,"n":1,"kind":2,"ov":0}
[msc.reads] n=1 bytes=4096 lba=745..745 gap=3 ov=0
[rx] {"t":"event","op":"msc.reads","ms":149723,"gap":5,"lba0":16465,"lba1":16465,"bytes":4096,"n":1,"kind":2,"ov":0}
[msc.reads] n=1 bytes=4096 lba=16465..16465 gap=5 ov=0
[rx] {"t":"event","op":"diag","code":"play.reject","detail":"plug_window uid=18330258143618563731 from=16465 +4096B age=1911ms"}
[msc] play.reject plug_window uid=18330258143618563731 from=16465 +4096B age=1911ms
[rx] {"t":"event","op":"msc.reads","ms":149740,"gap":17,"lba0":16473,"lba1":16473,"bytes":4096,"n":1,"kind":2,"ov":0}
[msc.reads] n=1 bytes=4096 lba=16473..16473 gap=17 ov=0
[rx] {"t":"event","op":"msc.reads","ms":149744,"gap":4,"lba0":16481,"lba1":16481,"bytes":4096,"n":1,"kind":2,"ov":0}
[msc.reads] n=1 bytes=4096 lba=16481..16481 gap=4 ov=0
[rx] {"t":"event","op":"msc.reads","ms":149748,"gap":4,"lba0":16489,"lba1":16489,"bytes":4096,"n":1,"kind":2,"ov":0}
[msc.reads] n=1 bytes=4096 lba=16489..16489 gap=4 ov=0
[rx] {"t":"event","op":"msc.reads","ms":149752,"gap":4,"lba0":16497,"lba1":16497,"bytes":4096,"n":1,"kind":2,"ov":0}
[msc.reads] n=1 bytes=4096 lba=16497..16497 gap=4 ov=0
[rx] {"t":"event","op":"msc.reads","ms":149756,"gap":4,"lba0":16505,"lba1":16505,"bytes":4096,"n":1,"kind":2,"ov":0}
[msc.reads] n=1 bytes=4096 lba=16505..16505 gap=4 ov=0
[rx] {"t":"event","op":"msc.reads","ms":149760,"gap":4,"lba0":16513,"lba1":16513,"bytes":4096,"n":1,"kind":2,"ov":0}
[msc.reads] n=1 bytes=4096 lba=16513..16513 gap=4 ov=0
[rx] {"t":"event","op":"msc.reads","ms":149764,"gap":4,"lba0":16521,"lba1":16521,"bytes":4096,"n":1,"kind":2,"ov":0}
[msc.reads] n=1 bytes=4096 lba=16521..16521 gap=4 ov=0
[rx] {"t":"event","op":"msc.reads","ms":149768,"gap":4,"lba0":16529,"lba1":16529,"bytes":4096,"n":1,"kind":2,"ov":0}
[msc.reads] n=1 bytes=4096 lba=16529..16529 gap=4 ov=0
[rx] {"t":"event","op":"msc.reads","ms":149772,"gap":4,"lba0":16537,"lba1":16537,"bytes":4096,"n":1,"kind":2,"ov":0}
[msc.reads] n=1 bytes=4096 lba=16537..16537 gap=4 ov=0
[rx] {"t":"event","op":"msc.reads","ms":149776,"gap":4,"lba0":16545,"lba1":16553,"bytes":8192,"n":2,"kind":2,"ov":0}
[msc.reads] n=2 bytes=8192 lba=16545..16553 gap=4 ov=0
[rx] {"t":"event","op":"msc.reads","ms":149783,"gap":4,"lba0":16561,"lba1":16561,"bytes":4096,"n":1,"kind":2,"ov":0}
[msc.reads] n=1 bytes=4096 lba=16561..16561 gap=4 ov=0
[rx] {"t":"event","op":"msc.reads","ms":149787,"gap":4,"lba0":16569,"lba1":16569,"bytes":4096,"n":1,"kind":2,"ov":0}
[msc.reads] n=1 bytes=4096 lba=16569..16569 gap=4 ov=0
[rx] {"t":"event","op":"msc.reads","ms":149791,"gap":4,"lba0":16577,"lba1":16577,"bytes":4096,"n":1,"kind":2,"ov":0}
[msc.reads] n=1 bytes=4096 lba=16577..16577 gap=4 ov=0
[rx] {"t":"event","op":"msc.reads","ms":149795,"gap":4,"lba0":16585,"lba1":16585,"bytes":4096,"n":1,"kind":2,"ov":0}
[msc.reads] n=1 bytes=4096 lba=16585..16585 gap=4 ov=0
[rx] {"t":"event","op":"msc.reads","ms":149799,"gap":4,"lba0":16593,"lba1":16593,"bytes":4096,"n":1,"kind":2,"ov":0}
[msc.reads] n=1 bytes=4096 lba=16593..16593 gap=4 ov=0
[rx] {"t":"event","op":"msc.reads","ms":149803,"gap":4,"lba0":16601,"lba1":16601,"bytes":4096,"n":1,"kind":2,"ov":0}
[msc.reads] n=1 bytes=4096 lba=16601..16601 gap=4 ov=0
[rx] {"t":"event","op":"msc.reads","ms":149807,"gap":4,"lba0":16609,"lba1":16617,"bytes":8192,"n":2,"kind":2,"ov":0}
[msc.reads] n=2 bytes=8192 lba=16609..16617 gap=4 ov=0
[rx] {"t":"event","op":"msc.reads","ms":149814,"gap":4,"lba0":17481,"lba1":17481,"bytes":4096,"n":1,"kind":2,"ov":0}
[msc.reads] n=1 bytes=4096 lba=17481..17481 gap=4 ov=0
[rx] {"t":"event","op":"diag","code":"play.reject","detail":"not_from_head uid=18330258143618563731 from=17481 +4096B age=2002ms prefetch"}
[msc] play.reject not_from_head uid=18330258143618563731 from=17481 +4096B age=2002ms prefetch
[rx] {"t":"event","op":"msc.reads","ms":149832,"gap":18,"lba0":17345,"lba1":17345,"bytes":4096,"n":1,"kind":2,"ov":0}
[msc.reads] n=1 bytes=4096 lba=17345..17345 gap=18 ov=0
[rx] {"t":"event","op":"msc.reads","ms":149836,"gap":4,"lba0":17353,"lba1":17353,"bytes":4096,"n":1,"kind":2,"ov":0}
[msc.reads] n=1 bytes=4096 lba=17353..17353 gap=4 ov=0
[rx] {"t":"event","op":"msc.reads","ms":149840,"gap":4,"lba0":17361,"lba1":17361,"bytes":4096,"n":1,"kind":2,"ov":0}
[msc.reads] n=1 bytes=4096 lba=17361..17361 gap=4 ov=0
[rx] {"t":"event","op":"msc.reads","ms":149843,"gap":3,"lba0":17369,"lba1":17369,"bytes":4096,"n":1,"kind":2,"ov":0}
[msc.reads] n=1 bytes=4096 lba=17369..17369 gap=3 ov=0
[rx] {"t":"event","op":"msc.reads","ms":149847,"gap":4,"lba0":17377,"lba1":17377,"bytes":4096,"n":1,"kind":2,"ov":0}
[msc.reads] n=1 bytes=4096 lba=17377..17377 gap=4 ov=0
[rx] {"t":"event","op":"msc.reads","ms":149851,"gap":4,"lba0":17385,"lba1":17385,"bytes":4096,"n":1,"kind":2,"ov":0}
[msc.reads] n=1 bytes=4096 lba=17385..17385 gap=4 ov=0
[rx] {"t":"event","op":"msc.reads","ms":149855,"gap":4,"lba0":17393,"lba1":17393,"bytes":4096,"n":1,"kind":2,"ov":0}
[msc.reads] n=1 bytes=4096 lba=17393..17393 gap=4 ov=0
[rx] {"t":"event","op":"msc.reads","ms":149859,"gap":4,"lba0":17401,"lba1":17401,"bytes":4096,"n":1,"kind":2,"ov":0}
[msc.reads] n=1 bytes=4096 lba=17401..17401 gap=4 ov=0
[rx] {"t":"event","op":"msc.reads","ms":149863,"gap":4,"lba0":17409,"lba1":17409,"bytes":4096,"n":1,"kind":2,"ov":0}
[msc.reads] n=1 bytes=4096 lba=17409..17409 gap=4 ov=0
[rx] {"t":"event","op":"msc.reads","ms":149867,"gap":4,"lba0":17417,"lba1":17417,"bytes":4096,"n":1,"kind":2,"ov":0}
[msc.reads] n=1 bytes=4096 lba=17417..17417 gap=4 ov=0
[rx] {"t":"event","op":"msc.reads","ms":149871,"gap":4,"lba0":17425,"lba1":17433,"bytes":8192,"n":2,"kind":2,"ov":0}
[msc.reads] n=2 bytes=8192 lba=17425..17433 gap=4 ov=0
[rx] {"t":"event","op":"msc.reads","ms":149878,"gap":4,"lba0":17441,"lba1":17441,"bytes":4096,"n":1,"kind":2,"ov":0}
[msc.reads] n=1 bytes=4096 lba=17441..17441 gap=4 ov=0
[rx] {"t":"event","op":"msc.reads","ms":149882,"gap":4,"lba0":17449,"lba1":17449,"bytes":4096,"n":1,"kind":2,"ov":0}
[msc.reads] n=1 bytes=4096 lba=17449..17449 gap=4 ov=0
[rx] {"t":"event","op":"msc.reads","ms":149886,"gap":4,"lba0":17457,"lba1":17457,"bytes":4096,"n":1,"kind":2,"ov":0}
[msc.reads] n=1 bytes=4096 lba=17457..17457 gap=4 ov=0
[rx] {"t":"event","op":"msc.reads","ms":149890,"gap":4,"lba0":17465,"lba1":17465,"bytes":4096,"n":1,"kind":2,"ov":0}
[msc.reads] n=1 bytes=4096 lba=17465..17465 gap=4 ov=0
[rx] {"t":"event","op":"msc.reads","ms":149894,"gap":4,"lba0":17473,"lba1":17105,"bytes":8192,"n":2,"kind":2,"ov":0}
[msc.reads] n=2 bytes=8192 lba=17473..17105 gap=4 ov=0
[rx] {"t":"event","op":"msc.reads","ms":149902,"gap":4,"lba0":17113,"lba1":17113,"bytes":4096,"n":1,"kind":2,"ov":0}
[msc.reads] n=1 bytes=4096 lba=17113..17113 gap=4 ov=0
[rx] {"t":"event","op":"msc.reads","ms":149905,"gap":3,"lba0":17121,"lba1":17121,"bytes":4096,"n":1,"kind":2,"ov":0}
[msc.reads] n=1 bytes=4096 lba=17121..17121 gap=3 ov=0
[rx] {"t":"event","op":"msc.reads","ms":149909,"gap":4,"lba0":17129,"lba1":17129,"bytes":4096,"n":1,"kind":2,"ov":0}
[msc.reads] n=1 bytes=4096 lba=17129..17129 gap=4 ov=0
[rx] {"t":"event","op":"msc.reads","ms":149913,"gap":4,"lba0":17137,"lba1":17137,"bytes":4096,"n":1,"kind":2,"ov":0}
[msc.reads] n=1 bytes=4096 lba=17137..17137 gap=4 ov=0
[rx] {"t":"event","op":"msc.reads","ms":149917,"gap":4,"lba0":17145,"lba1":17145,"bytes":4096,"n":1,"kind":2,"ov":0}
[msc.reads] n=1 bytes=4096 lba=17145..17145 gap=4 ov=0
[rx] {"t":"event","op":"msc.reads","ms":149921,"gap":4,"lba0":17153,"lba1":17153,"bytes":4096,"n":1,"kind":2,"ov":0}
[msc.reads] n=1 bytes=4096 lba=17153..17153 gap=4 ov=0
[rx] {"t":"event","op":"msc.reads","ms":149925,"gap":4,"lba0":17161,"lba1":17161,"bytes":4096,"n":1,"kind":2,"ov":0}
[msc.reads] n=1 bytes=4096 lba=17161..17161 gap=4 ov=0
[rx] {"t":"event","op":"msc.reads","ms":149929,"gap":4,"lba0":17169,"lba1":17169,"bytes":4096,"n":1,"kind":2,"ov":0}
[msc.reads] n=1 bytes=4096 lba=17169..17169 gap=4 ov=0
[rx] {"t":"event","op":"msc.reads","ms":149933,"gap":4,"lba0":17177,"lba1":17177,"bytes":4096,"n":1,"kind":2,"ov":0}
[msc.reads] n=1 bytes=4096 lba=17177..17177 gap=4 ov=0
[rx] {"t":"event","op":"msc.reads","ms":149937,"gap":4,"lba0":17185,"lba1":17193,"bytes":8192,"n":2,"kind":2,"ov":0}
[msc.reads] n=2 bytes=8192 lba=17185..17193 gap=4 ov=0
[rx] {"t":"event","op":"msc.reads","ms":149944,"gap":4,"lba0":17201,"lba1":17201,"bytes":4096,"n":1,"kind":2,"ov":0}
[msc.reads] n=1 bytes=4096 lba=17201..17201 gap=4 ov=0
[rx] {"t":"event","op":"msc.reads","ms":149948,"gap":4,"lba0":17209,"lba1":17209,"bytes":4096,"n":1,"kind":2,"ov":0}
[msc.reads] n=1 bytes=4096 lba=17209..17209 gap=4 ov=0
[rx] {"t":"event","op":"msc.reads","ms":149952,"gap":4,"lba0":17217,"lba1":17217,"bytes":4096,"n":1,"kind":2,"ov":0}
[msc.reads] n=1 bytes=4096 lba=17217..17217 gap=4 ov=0
[rx] {"t":"event","op":"msc.reads","ms":149956,"gap":4,"lba0":17225,"lba1":17225,"bytes":4096,"n":1,"kind":2,"ov":0}
[msc.reads] n=1 bytes=4096 lba=17225..17225 gap=4 ov=0
[rx] {"t":"event","op":"msc.reads","ms":149960,"gap":4,"lba0":17233,"lba1":17233,"bytes":4096,"n":1,"kind":2,"ov":0}
[msc.reads] n=1 bytes=4096 lba=17233..17233 gap=4 ov=0
[rx] {"t":"event","op":"msc.reads","ms":149964,"gap":4,"lba0":17241,"lba1":17241,"bytes":4096,"n":1,"kind":2,"ov":0}
[msc.reads] n=1 bytes=4096 lba=17241..17241 gap=4 ov=0
[rx] {"t":"event","op":"msc.reads","ms":149968,"gap":4,"lba0":17249,"lba1":17249,"bytes":4096,"n":1,"kind":2,"ov":0}
[msc.reads] n=1 bytes=4096 lba=17249..17249 gap=4 ov=0
[rx] {"t":"event","op":"msc.reads","ms":149972,"gap":4,"lba0":17257,"lba1":17257,"bytes":4096,"n":1,"kind":2,"ov":0}
[msc.reads] n=1 bytes=4096 lba=17257..17257 gap=4 ov=0
[rx] {"t":"event","op":"msc.reads","ms":149976,"gap":4,"lba0":17265,"lba1":17265,"bytes":4096,"n":1,"kind":2,"ov":0}
[msc.reads] n=1 bytes=4096 lba=17265..17265 gap=4 ov=0
[rx] {"t":"event","op":"msc.reads","ms":149980,"gap":4,"lba0":17273,"lba1":17273,"bytes":4096,"n":1,"kind":2,"ov":0}
[msc.reads] n=1 bytes=4096 lba=17273..17273 gap=4 ov=0
[rx] {"t":"event","op":"msc.reads","ms":149984,"gap":4,"lba0":17281,"lba1":17281,"bytes":4096,"n":1,"kind":2,"ov":0}
[msc.reads] n=1 bytes=4096 lba=17281..17281 gap=4 ov=0
[rx] {"t":"event","op":"msc.reads","ms":149988,"gap":4,"lba0":17289,"lba1":17289,"bytes":4096,"n":1,"kind":2,"ov":0}
[msc.reads] n=1 bytes=4096 lba=17289..17289 gap=4 ov=0
[rx] {"t":"event","op":"msc.reads","ms":149992,"gap":4,"lba0":17297,"lba1":17297,"bytes":4096,"n":1,"kind":2,"ov":0}
[msc.reads] n=1 bytes=4096 lba=17297..17297 gap=4 ov=0
[rx] {"t":"event","op":"msc.reads","ms":149996,"gap":4,"lba0":17305,"lba1":17305,"bytes":4096,"n":1,"kind":2,"ov":0}
[msc.reads] n=1 bytes=4096 lba=17305..17305 gap=4 ov=0
[rx] {"t":"event","op":"msc.reads","ms":150000,"gap":4,"lba0":17313,"lba1":17313,"bytes":4096,"n":1,"kind":2,"ov":0}
[msc.reads] n=1 bytes=4096 lba=17313..17313 gap=4 ov=0
[rx] {"t":"event","op":"msc.reads","ms":150004,"gap":4,"lba0":17321,"lba1":17321,"bytes":4096,"n":1,"kind":2,"ov":0}
[msc.reads] n=1 bytes=4096 lba=17321..17321 gap=4 ov=0
[rx] {"t":"event","op":"msc.reads","ms":150008,"gap":4,"lba0":17329,"lba1":17337,"bytes":8192,"n":2,"kind":2,"ov":0}
[msc.reads] n=2 bytes=8192 lba=17329..17337 gap=4 ov=0
[rx] {"t":"event","op":"msc.reads","ms":150016,"gap":5,"lba0":16865,"lba1":16865,"bytes":4096,"n":1,"kind":2,"ov":0}
[msc.reads] n=1 bytes=4096 lba=16865..16865 gap=5 ov=0
[rx] {"t":"event","op":"msc.reads","ms":150020,"gap":4,"lba0":16873,"lba1":16873,"bytes":4096,"n":1,"kind":2,"ov":0}
[msc.reads] n=1 bytes=4096 lba=16873..16873 gap=4 ov=0
[rx] {"t":"event","op":"msc.reads","ms":150024,"gap":4,"lba0":16881,"lba1":16881,"bytes":4096,"n":1,"kind":2,"ov":0}
[msc.reads] n=1 bytes=4096 lba=16881..16881 gap=4 ov=0
[rx] {"t":"event","op":"msc.reads","ms":150028,"gap":4,"lba0":16889,"lba1":16889,"bytes":4096,"n":1,"kind":2,"ov":0}
[msc.reads] n=1 bytes=4096 lba=16889..16889 gap=4 ov=0
[rx] {"t":"event","op":"msc.reads","ms":150032,"gap":4,"lba0":16897,"lba1":16897,"bytes":4096,"n":1,"kind":2,"ov":0}
[msc.reads] n=1 bytes=4096 lba=16897..16897 gap=4 ov=0
[rx] {"t":"event","op":"msc.reads","ms":150036,"gap":4,"lba0":16905,"lba1":16905,"bytes":4096,"n":1,"kind":2,"ov":0}
[msc.reads] n=1 bytes=4096 lba=16905..16905 gap=4 ov=0
[rx] {"t":"event","op":"msc.reads","ms":150039,"gap":3,"lba0":16913,"lba1":16913,"bytes":4096,"n":1,"kind":2,"ov":0}
[msc.reads] n=1 bytes=4096 lba=16913..16913 gap=3 ov=0
[rx] {"t":"event","op":"msc.reads","ms":150043,"gap":4,"lba0":16921,"lba1":16921,"bytes":4096,"n":1,"kind":2,"ov":0}
[msc.reads] n=1 bytes=4096 lba=16921..16921 gap=4 ov=0
[rx] {"t":"event","op":"msc.reads","ms":150047,"gap":4,"lba0":16929,"lba1":16929,"bytes":4096,"n":1,"kind":2,"ov":0}
[msc.reads] n=1 bytes=4096 lba=16929..16929 gap=4 ov=0
[rx] {"t":"event","op":"msc.reads","ms":150051,"gap":4,"lba0":16937,"lba1":16945,"bytes":8192,"n":2,"kind":2,"ov":0}
[msc.reads] n=2 bytes=8192 lba=16937..16945 gap=4 ov=0
[rx] {"t":"event","op":"msc.reads","ms":150059,"gap":4,"lba0":16953,"lba1":16953,"bytes":4096,"n":1,"kind":2,"ov":0}
[msc.reads] n=1 bytes=4096 lba=16953..16953 gap=4 ov=0
[rx] {"t":"event","op":"msc.reads","ms":150063,"gap":4,"lba0":16961,"lba1":16961,"bytes":4096,"n":1,"kind":2,"ov":0}
[msc.reads] n=1 bytes=4096 lba=16961..16961 gap=4 ov=0
[rx] {"t":"event","op":"msc.reads","ms":150067,"gap":4,"lba0":16969,"lba1":16969,"bytes":4096,"n":1,"kind":2,"ov":0}
[msc.reads] n=1 bytes=4096 lba=16969..16969 gap=4 ov=0
[rx] {"t":"event","op":"msc.reads","ms":150070,"gap":3,"lba0":16977,"lba1":16977,"bytes":4096,"n":1,"kind":2,"ov":0}
[msc.reads] n=1 bytes=4096 lba=16977..16977 gap=3 ov=0
[rx] {"t":"event","op":"msc.reads","ms":150074,"gap":4,"lba0":16985,"lba1":16985,"bytes":4096,"n":1,"kind":2,"ov":0}
[msc.reads] n=1 bytes=4096 lba=16985..16985 gap=4 ov=0
[rx] {"t":"event","op":"msc.reads","ms":150078,"gap":4,"lba0":16993,"lba1":16993,"bytes":4096,"n":1,"kind":2,"ov":0}
[msc.reads] n=1 bytes=4096 lba=16993..16993 gap=4 ov=0
[rx] {"t":"event","op":"msc.reads","ms":150082,"gap":4,"lba0":17001,"lba1":17001,"bytes":4096,"n":1,"kind":2,"ov":0}
[msc.reads] n=1 bytes=4096 lba=17001..17001 gap=4 ov=0
[rx] {"t":"event","op":"msc.reads","ms":150086,"gap":4,"lba0":17009,"lba1":17009,"bytes":4096,"n":1,"kind":2,"ov":0}
[msc.reads] n=1 bytes=4096 lba=17009..17009 gap=4 ov=0
[rx] {"t":"event","op":"msc.reads","ms":150090,"gap":4,"lba0":17017,"lba1":17017,"bytes":4096,"n":1,"kind":2,"ov":0}
[msc.reads] n=1 bytes=4096 lba=17017..17017 gap=4 ov=0
[rx] {"t":"event","op":"msc.reads","ms":150094,"gap":4,"lba0":17025,"lba1":17033,"bytes":8192,"n":2,"kind":2,"ov":0}
[msc.reads] n=2 bytes=8192 lba=17025..17033 gap=4 ov=0
[rx] {"t":"event","op":"msc.reads","ms":150101,"gap":4,"lba0":17041,"lba1":17041,"bytes":4096,"n":1,"kind":2,"ov":0}
[msc.reads] n=1 bytes=4096 lba=17041..17041 gap=4 ov=0
[rx] {"t":"event","op":"msc.reads","ms":150105,"gap":4,"lba0":17049,"lba1":17049,"bytes":4096,"n":1,"kind":2,"ov":0}
[msc.reads] n=1 bytes=4096 lba=17049..17049 gap=4 ov=0
[rx] {"t":"event","op":"msc.reads","ms":150109,"gap":4,"lba0":17057,"lba1":17057,"bytes":4096,"n":1,"kind":2,"ov":0}
[msc.reads] n=1 bytes=4096 lba=17057..17057 gap=4 ov=0
[rx] {"t":"event","op":"msc.reads","ms":150113,"gap":4,"lba0":17065,"lba1":17065,"bytes":4096,"n":1,"kind":2,"ov":0}
[msc.reads] n=1 bytes=4096 lba=17065..17065 gap=4 ov=0
[rx] {"t":"event","op":"msc.reads","ms":150117,"gap":4,"lba0":17073,"lba1":17073,"bytes":4096,"n":1,"kind":2,"ov":0}
[msc.reads] n=1 bytes=4096 lba=17073..17073 gap=4 ov=0
[rx] {"t":"event","op":"msc.reads","ms":150121,"gap":4,"lba0":17081,"lba1":17081,"bytes":4096,"n":1,"kind":2,"ov":0}
[msc.reads] n=1 bytes=4096 lba=17081..17081 gap=4 ov=0
[rx] {"t":"event","op":"msc.reads","ms":150125,"gap":4,"lba0":17089,"lba1":17089,"bytes":4096,"n":1,"kind":2,"ov":0}
[msc.reads] n=1 bytes=4096 lba=17089..17089 gap=4 ov=0
[rx] {"t":"event","op":"msc.reads","ms":150129,"gap":4,"lba0":17097,"lba1":17097,"bytes":4096,"n":1,"kind":2,"ov":0}
[msc.reads] n=1 bytes=4096 lba=17097..17097 gap=4 ov=0
[rx] {"t":"event","op":"diag","code":"play.reject","detail":"plug_window uid=16678805154550120858 from=17489 +4096B age=2321ms"}
[msc] play.reject plug_window uid=16678805154550120858 from=17489 +4096B age=2321ms
[rx] {"t":"event","op":"msc.reads","ms":150133,"gap":4,"lba0":17489,"lba1":17489,"bytes":4096,"n":1,"kind":2,"ov":0}
[msc.reads] n=1 bytes=4096 lba=17489..17489 gap=4 ov=0
[rx] {"t":"event","op":"msc.reads","ms":150151,"gap":18,"lba0":17497,"lba1":17497,"bytes":4096,"n":1,"kind":2,"ov":0}
[msc.reads] n=1 bytes=4096 lba=17497..17497 gap=18 ov=0
[rx] {"t":"event","op":"msc.reads","ms":150155,"gap":4,"lba0":17505,"lba1":17505,"bytes":4096,"n":1,"kind":2,"ov":0}
[msc.reads] n=1 bytes=4096 lba=17505..17505 gap=4 ov=0
[rx] {"t":"event","op":"msc.reads","ms":150158,"gap":3,"lba0":17513,"lba1":17513,"bytes":4096,"n":1,"kind":2,"ov":0}
[msc.reads] n=1 bytes=4096 lba=17513..17513 gap=3 ov=0
[rx] {"t":"event","op":"diag","code":"play.reject","detail":"not_from_head uid=18330258143618563731 from=16625 +4096B age=2351ms prefetch"}
[msc] play.reject not_from_head uid=18330258143618563731 from=16625 +4096B age=2351ms prefetch
[rx] {"t":"event","op":"msc.reads","ms":150163,"gap":5,"lba0":16625,"lba1":16625,"bytes":4096,"n":1,"kind":2,"ov":0}
[msc.reads] n=1 bytes=4096 lba=16625..16625 gap=5 ov=0
[rx] {"t":"event","op":"msc.reads","ms":150180,"gap":17,"lba0":16633,"lba1":16633,"bytes":4096,"n":1,"kind":2,"ov":0}
[msc.reads] n=1 bytes=4096 lba=16633..16633 gap=17 ov=0
[rx] {"t":"event","op":"msc.reads","ms":150184,"gap":4,"lba0":16641,"lba1":16641,"bytes":4096,"n":1,"kind":2,"ov":0}
[msc.reads] n=1 bytes=4096 lba=16641..16641 gap=4 ov=0
[rx] {"t":"event","op":"msc.reads","ms":150188,"gap":4,"lba0":16649,"lba1":16649,"bytes":4096,"n":1,"kind":2,"ov":0}
[msc.reads] n=1 bytes=4096 lba=16649..16649 gap=4 ov=0
[rx] {"t":"event","op":"msc.reads","ms":150192,"gap":4,"lba0":16657,"lba1":16657,"bytes":4096,"n":1,"kind":2,"ov":0}
[msc.reads] n=1 bytes=4096 lba=16657..16657 gap=4 ov=0
[rx] {"t":"event","op":"msc.reads","ms":150196,"gap":4,"lba0":16665,"lba1":16665,"bytes":4096,"n":1,"kind":2,"ov":0}
[msc.reads] n=1 bytes=4096 lba=16665..16665 gap=4 ov=0
[rx] {"t":"event","op":"msc.reads","ms":150200,"gap":4,"lba0":16673,"lba1":16673,"bytes":4096,"n":1,"kind":2,"ov":0}
[msc.reads] n=1 bytes=4096 lba=16673..16673 gap=4 ov=0
[rx] {"t":"event","op":"msc.reads","ms":150204,"gap":4,"lba0":16681,"lba1":16681,"bytes":4096,"n":1,"kind":2,"ov":0}
[msc.reads] n=1 bytes=4096 lba=16681..16681 gap=4 ov=0
[rx] {"t":"event","op":"msc.reads","ms":150208,"gap":4,"lba0":16689,"lba1":16697,"bytes":8192,"n":2,"kind":2,"ov":0}
[msc.reads] n=2 bytes=8192 lba=16689..16697 gap=4 ov=0
[rx] {"t":"event","op":"msc.reads","ms":150215,"gap":4,"lba0":16705,"lba1":16705,"bytes":4096,"n":1,"kind":2,"ov":0}
[msc.reads] n=1 bytes=4096 lba=16705..16705 gap=4 ov=0
[rx] {"t":"event","op":"msc.reads","ms":150219,"gap":4,"lba0":16713,"lba1":16713,"bytes":4096,"n":1,"kind":2,"ov":0}
[msc.reads] n=1 bytes=4096 lba=16713..16713 gap=4 ov=0
[rx] {"t":"event","op":"msc.reads","ms":150223,"gap":4,"lba0":16721,"lba1":16721,"bytes":4096,"n":1,"kind":2,"ov":0}
[msc.reads] n=1 bytes=4096 lba=16721..16721 gap=4 ov=0
[rx] {"t":"event","op":"msc.reads","ms":150227,"gap":4,"lba0":16729,"lba1":16729,"bytes":4096,"n":1,"kind":2,"ov":0}
[msc.reads] n=1 bytes=4096 lba=16729..16729 gap=4 ov=0
[rx] {"t":"event","op":"msc.reads","ms":150230,"gap":3,"lba0":16737,"lba1":16737,"bytes":4096,"n":1,"kind":2,"ov":0}
[msc.reads] n=1 bytes=4096 lba=16737..16737 gap=3 ov=0
[rx] {"t":"event","op":"msc.reads","ms":150234,"gap":4,"lba0":16745,"lba1":16745,"bytes":4096,"n":1,"kind":2,"ov":0}
[msc.reads] n=1 bytes=4096 lba=16745..16745 gap=4 ov=0
[rx] {"t":"event","op":"msc.reads","ms":150238,"gap":4,"lba0":16753,"lba1":16753,"bytes":4096,"n":1,"kind":2,"ov":0}
[msc.reads] n=1 bytes=4096 lba=16753..16753 gap=4 ov=0
[rx] {"t":"event","op":"msc.reads","ms":150242,"gap":4,"lba0":16761,"lba1":16761,"bytes":4096,"n":1,"kind":2,"ov":0}
[msc.reads] n=1 bytes=4096 lba=16761..16761 gap=4 ov=0
[rx] {"t":"event","op":"msc.reads","ms":150246,"gap":4,"lba0":16769,"lba1":16777,"bytes":8192,"n":2,"kind":2,"ov":0}
[msc.reads] n=2 bytes=8192 lba=16769..16777 gap=4 ov=0
[rx] {"t":"event","op":"msc.reads","ms":150253,"gap":3,"lba0":16785,"lba1":16785,"bytes":4096,"n":1,"kind":2,"ov":0}
[msc.reads] n=1 bytes=4096 lba=16785..16785 gap=3 ov=0
[rx] {"t":"event","op":"msc.reads","ms":150257,"gap":4,"lba0":16793,"lba1":16793,"bytes":4096,"n":1,"kind":2,"ov":0}
[msc.reads] n=1 bytes=4096 lba=16793..16793 gap=4 ov=0
[rx] {"t":"event","op":"msc.reads","ms":150261,"gap":4,"lba0":16801,"lba1":16801,"bytes":4096,"n":1,"kind":2,"ov":0}
[msc.reads] n=1 bytes=4096 lba=16801..16801 gap=4 ov=0
[rx] {"t":"event","op":"msc.reads","ms":150265,"gap":4,"lba0":16809,"lba1":16817,"bytes":8192,"n":2,"kind":2,"ov":0}
[msc.reads] n=2 bytes=8192 lba=16809..16817 gap=4 ov=0
[rx] {"t":"event","op":"msc.reads","ms":150273,"gap":4,"lba0":16825,"lba1":16825,"bytes":4096,"n":1,"kind":2,"ov":0}
[msc.reads] n=1 bytes=4096 lba=16825..16825 gap=4 ov=0
[rx] {"t":"event","op":"msc.reads","ms":150276,"gap":3,"lba0":16833,"lba1":16833,"bytes":4096,"n":1,"kind":2,"ov":0}
[msc.reads] n=1 bytes=4096 lba=16833..16833 gap=3 ov=0
[rx] {"t":"event","op":"msc.reads","ms":150280,"gap":4,"lba0":16841,"lba1":16841,"bytes":4096,"n":1,"kind":2,"ov":0}
[msc.reads] n=1 bytes=4096 lba=16841..16841 gap=4 ov=0
[rx] {"t":"event","op":"msc.reads","ms":150284,"gap":4,"lba0":16849,"lba1":16849,"bytes":4096,"n":1,"kind":2,"ov":0}
[msc.reads] n=1 bytes=4096 lba=16849..16849 gap=4 ov=0
[rx] {"t":"event","op":"msc.reads","ms":150288,"gap":4,"lba0":16857,"lba1":16857,"bytes":4096,"n":1,"kind":2,"ov":0}
[msc.reads] n=1 bytes=4096 lba=16857..16857 gap=4 ov=0
[rx] {"t":"event","op":"msc.reads","ms":150293,"gap":5,"lba0":17521,"lba1":17521,"bytes":4096,"n":1,"kind":2,"ov":0}
[msc.reads] n=1 bytes=4096 lba=17521..17521 gap=5 ov=0
[rx] {"t":"event","op":"msc.reads","ms":150296,"gap":3,"lba0":17529,"lba1":17537,"bytes":8192,"n":2,"kind":2,"ov":0}
[msc.reads] n=2 bytes=8192 lba=17529..17537 gap=3 ov=0
[rx] {"t":"event","op":"msc.reads","ms":150304,"gap":4,"lba0":17545,"lba1":17545,"bytes":4096,"n":1,"kind":2,"ov":0}
[msc.reads] n=1 bytes=4096 lba=17545..17545 gap=4 ov=0
[rx] {"t":"event","op":"msc.reads","ms":150308,"gap":4,"lba0":17553,"lba1":17553,"bytes":4096,"n":1,"kind":2,"ov":0}
[msc.reads] n=1 bytes=4096 lba=17553..17553 gap=4 ov=0
[rx] {"t":"event","op":"msc.reads","ms":150312,"gap":4,"lba0":17561,"lba1":17561,"bytes":4096,"n":1,"kind":2,"ov":0}
[msc.reads] n=1 bytes=4096 lba=17561..17561 gap=4 ov=0
[rx] {"t":"event","op":"msc.reads","ms":150316,"gap":4,"lba0":17569,"lba1":17569,"bytes":4096,"n":1,"kind":2,"ov":0}
[msc.reads] n=1 bytes=4096 lba=17569..17569 gap=4 ov=0
[rx] {"t":"event","op":"msc.reads","ms":150319,"gap":3,"lba0":17577,"lba1":17577,"bytes":4096,"n":1,"kind":2,"ov":0}
[msc.reads] n=1 bytes=4096 lba=17577..17577 gap=3 ov=0
[rx] {"t":"event","op":"msc.reads","ms":150323,"gap":4,"lba0":17585,"lba1":17585,"bytes":4096,"n":1,"kind":2,"ov":0}
[msc.reads] n=1 bytes=4096 lba=17585..17585 gap=4 ov=0
[rx] {"t":"event","op":"msc.reads","ms":150327,"gap":4,"lba0":17593,"lba1":17593,"bytes":4096,"n":1,"kind":2,"ov":0}
[msc.reads] n=1 bytes=4096 lba=17593..17593 gap=4 ov=0
[rx] {"t":"event","op":"msc.reads","ms":150331,"gap":4,"lba0":17601,"lba1":17601,"bytes":4096,"n":1,"kind":2,"ov":0}
[msc.reads] n=1 bytes=4096 lba=17601..17601 gap=4 ov=0
[rx] {"t":"event","op":"msc.reads","ms":150335,"gap":4,"lba0":17609,"lba1":17609,"bytes":4096,"n":1,"kind":2,"ov":0}
[msc.reads] n=1 bytes=4096 lba=17609..17609 gap=4 ov=0
[rx] {"t":"event","op":"msc.reads","ms":150339,"gap":4,"lba0":17617,"lba1":17625,"bytes":8192,"n":2,"kind":2,"ov":0}
[msc.reads] n=2 bytes=8192 lba=17617..17625 gap=4 ov=0
[rx] {"t":"event","op":"msc.reads","ms":150346,"gap":3,"lba0":17633,"lba1":17633,"bytes":4096,"n":1,"kind":2,"ov":0}
[msc.reads] n=1 bytes=4096 lba=17633..17633 gap=3 ov=0
[rx] {"t":"event","op":"msc.reads","ms":150350,"gap":4,"lba0":17641,"lba1":17641,"bytes":4096,"n":1,"kind":2,"ov":0}
[msc.reads] n=1 bytes=4096 lba=17641..17641 gap=4 ov=0
[rx] {"t":"event","op":"msc.reads","ms":150378,"gap":28,"lba0":18505,"lba1":18505,"bytes":4096,"n":1,"kind":2,"ov":0}
[msc.reads] n=1 bytes=4096 lba=18505..18505 gap=28 ov=0
[rx] {"t":"event","op":"msc.reads","ms":150449,"gap":71,"lba0":18129,"lba1":18129,"bytes":4096,"n":1,"kind":2,"ov":0}
[msc.reads] n=1 bytes=4096 lba=18129..18129 gap=71 ov=0
[rx] {"t":"event","op":"msc.reads","ms":150453,"gap":4,"lba0":18137,"lba1":18137,"bytes":4096,"n":1,"kind":2,"ov":0}
[msc.reads] n=1 bytes=4096 lba=18137..18137 gap=4 ov=0
[rx] {"t":"event","op":"msc.reads","ms":150457,"gap":4,"lba0":18145,"lba1":18145,"bytes":4096,"n":1,"kind":2,"ov":0}
[msc.reads] n=1 bytes=4096 lba=18145..18145 gap=4 ov=0
[rx] {"t":"event","op":"msc.reads","ms":150460,"gap":3,"lba0":18153,"lba1":18153,"bytes":4096,"n":1,"kind":2,"ov":0}
[msc.reads] n=1 bytes=4096 lba=18153..18153 gap=3 ov=0
[rx] {"t":"event","op":"msc.reads","ms":150465,"gap":5,"lba0":17889,"lba1":17889,"bytes":4096,"n":1,"kind":2,"ov":0}
[msc.reads] n=1 bytes=4096 lba=17889..17889 gap=5 ov=0
[rx] {"t":"event","op":"msc.reads","ms":150468,"gap":3,"lba0":17897,"lba1":17905,"bytes":8192,"n":2,"kind":2,"ov":0}
[msc.reads] n=2 bytes=8192 lba=17897..17905 gap=3 ov=0
[rx] {"t":"event","op":"msc.reads","ms":150476,"gap":4,"lba0":17913,"lba1":17913,"bytes":4096,"n":1,"kind":2,"ov":0}
[msc.reads] n=1 bytes=4096 lba=17913..17913 gap=4 ov=0
[rx] {"t":"event","op":"msc.reads","ms":150480,"gap":4,"lba0":17921,"lba1":17921,"bytes":4096,"n":1,"kind":2,"ov":0}
[msc.reads] n=1 bytes=4096 lba=17921..17921 gap=4 ov=0
[rx] {"t":"event","op":"msc.reads","ms":150484,"gap":4,"lba0":17929,"lba1":17929,"bytes":4096,"n":1,"kind":2,"ov":0}
[msc.reads] n=1 bytes=4096 lba=17929..17929 gap=4 ov=0
[rx] {"t":"event","op":"msc.reads","ms":150488,"gap":4,"lba0":17937,"lba1":17937,"bytes":4096,"n":1,"kind":2,"ov":0}
[msc.reads] n=1 bytes=4096 lba=17937..17937 gap=4 ov=0
[rx] {"t":"event","op":"msc.reads","ms":150492,"gap":4,"lba0":17945,"lba1":17945,"bytes":4096,"n":1,"kind":2,"ov":0}
[msc.reads] n=1 bytes=4096 lba=17945..17945 gap=4 ov=0
[rx] {"t":"event","op":"msc.reads","ms":150496,"gap":4,"lba0":17953,"lba1":17953,"bytes":4096,"n":1,"kind":2,"ov":0}
[msc.reads] n=1 bytes=4096 lba=17953..17953 gap=4 ov=0
[rx] {"t":"event","op":"msc.reads","ms":150500,"gap":4,"lba0":17961,"lba1":17969,"bytes":8192,"n":2,"kind":2,"ov":0}
[msc.reads] n=2 bytes=8192 lba=17961..17969 gap=4 ov=0
[rx] {"t":"event","op":"msc.reads","ms":150508,"gap":4,"lba0":17977,"lba1":17977,"bytes":4096,"n":1,"kind":2,"ov":0}
[msc.reads] n=1 bytes=4096 lba=17977..17977 gap=4 ov=0
[rx] {"t":"event","op":"msc.reads","ms":150512,"gap":4,"lba0":17985,"lba1":17985,"bytes":4096,"n":1,"kind":2,"ov":0}
[msc.reads] n=1 bytes=4096 lba=17985..17985 gap=4 ov=0
[rx] {"t":"event","op":"msc.reads","ms":150516,"gap":4,"lba0":17993,"lba1":17993,"bytes":4096,"n":1,"kind":2,"ov":0}
[msc.reads] n=1 bytes=4096 lba=17993..17993 gap=4 ov=0
[rx] {"t":"event","op":"msc.reads","ms":150520,"gap":4,"lba0":18001,"lba1":18009,"bytes":8192,"n":2,"kind":2,"ov":0}
[msc.reads] n=2 bytes=8192 lba=18001..18009 gap=4 ov=0
[rx] {"t":"event","op":"msc.reads","ms":150527,"gap":4,"lba0":18017,"lba1":18017,"bytes":4096,"n":1,"kind":2,"ov":0}
[msc.reads] n=1 bytes=4096 lba=18017..18017 gap=4 ov=0
[rx] {"t":"event","op":"msc.reads","ms":150531,"gap":4,"lba0":18025,"lba1":18025,"bytes":4096,"n":1,"kind":2,"ov":0}
[msc.reads] n=1 bytes=4096 lba=18025..18025 gap=4 ov=0
[rx] {"t":"event","op":"msc.reads","ms":150535,"gap":4,"lba0":18033,"lba1":18033,"bytes":4096,"n":1,"kind":2,"ov":0}
[msc.reads] n=1 bytes=4096 lba=18033..18033 gap=4 ov=0
[rx] {"t":"event","op":"msc.reads","ms":150539,"gap":4,"lba0":18041,"lba1":18049,"bytes":8192,"n":2,"kind":2,"ov":0}
[msc.reads] n=2 bytes=8192 lba=18041..18049 gap=4 ov=0
[rx] {"t":"event","op":"msc.reads","ms":150547,"gap":4,"lba0":18057,"lba1":18057,"bytes":4096,"n":1,"kind":2,"ov":0}
[msc.reads] n=1 bytes=4096 lba=18057..18057 gap=4 ov=0
[rx] {"t":"event","op":"msc.reads","ms":150551,"gap":4,"lba0":18065,"lba1":18065,"bytes":4096,"n":1,"kind":2,"ov":0}
[msc.reads] n=1 bytes=4096 lba=18065..18065 gap=4 ov=0
[rx] {"t":"event","op":"msc.reads","ms":150554,"gap":3,"lba0":18073,"lba1":18081,"bytes":8192,"n":2,"kind":2,"ov":0}
[msc.reads] n=2 bytes=8192 lba=18073..18081 gap=3 ov=0
[rx] {"t":"event","op":"msc.reads","ms":150562,"gap":4,"lba0":18089,"lba1":18089,"bytes":4096,"n":1,"kind":2,"ov":0}
[msc.reads] n=1 bytes=4096 lba=18089..18089 gap=4 ov=0
[rx] {"t":"event","op":"msc.reads","ms":150566,"gap":4,"lba0":18097,"lba1":18097,"bytes":4096,"n":1,"kind":2,"ov":0}
[msc.reads] n=1 bytes=4096 lba=18097..18097 gap=4 ov=0
[rx] {"t":"event","op":"msc.reads","ms":150570,"gap":4,"lba0":18105,"lba1":18105,"bytes":4096,"n":1,"kind":2,"ov":0}
[msc.reads] n=1 bytes=4096 lba=18105..18105 gap=4 ov=0
[rx] {"t":"event","op":"msc.reads","ms":150574,"gap":4,"lba0":18113,"lba1":18113,"bytes":4096,"n":1,"kind":2,"ov":0}
[msc.reads] n=1 bytes=4096 lba=18113..18113 gap=4 ov=0
[rx] {"t":"event","op":"msc.reads","ms":150577,"gap":3,"lba0":18121,"lba1":18121,"bytes":4096,"n":1,"kind":2,"ov":0}
[msc.reads] n=1 bytes=4096 lba=18121..18121 gap=3 ov=0
[rx] {"t":"event","op":"msc.reads","ms":150582,"gap":5,"lba0":18513,"lba1":18513,"bytes":4096,"n":1,"kind":2,"ov":0}
[msc.reads] n=1 bytes=4096 lba=18513..18513 gap=5 ov=0
[rx] {"t":"event","op":"diag","code":"play.reject","detail":"plug_window uid=pump:page_next from=18513 +4096B age=2770ms"}
[msc] play.reject plug_window uid=pump:page_next from=18513 +4096B age=2770ms
[rx] {"t":"event","op":"msc.reads","ms":150599,"gap":17,"lba0":18521,"lba1":18521,"bytes":2560,"n":1,"kind":2,"ov":0}
[msc.reads] n=1 bytes=2560 lba=18521..18521 gap=17 ov=0
[rx] {"t":"event","op":"diag","code":"play.reject","detail":"not_from_head uid=16678805154550120858 from=17649 +4096B age=2790ms prefetch"}
[msc] play.reject not_from_head uid=16678805154550120858 from=17649 +4096B age=2790ms prefetch
[rx] {"t":"event","op":"msc.reads","ms":150602,"gap":3,"lba0":17649,"lba1":17649,"bytes":4096,"n":1,"kind":2,"ov":0}
[msc.reads] n=1 bytes=4096 lba=17649..17649 gap=3 ov=0
[rx] {"t":"event","op":"msc.reads","ms":150620,"gap":18,"lba0":17657,"lba1":17657,"bytes":4096,"n":1,"kind":2,"ov":0}
[msc.reads] n=1 bytes=4096 lba=17657..17657 gap=18 ov=0
[rx] {"t":"event","op":"msc.reads","ms":150624,"gap":4,"lba0":17665,"lba1":17665,"bytes":4096,"n":1,"kind":2,"ov":0}
[msc.reads] n=1 bytes=4096 lba=17665..17665 gap=4 ov=0
[rx] {"t":"event","op":"msc.reads","ms":150627,"gap":3,"lba0":17673,"lba1":17673,"bytes":4096,"n":1,"kind":2,"ov":0}
[msc.reads] n=1 bytes=4096 lba=17673..17673 gap=3 ov=0
[rx] {"t":"event","op":"msc.reads","ms":150631,"gap":4,"lba0":17681,"lba1":17681,"bytes":4096,"n":1,"kind":2,"ov":0}
[msc.reads] n=1 bytes=4096 lba=17681..17681 gap=4 ov=0
[rx] {"t":"event","op":"msc.reads","ms":150635,"gap":4,"lba0":17689,"lba1":17697,"bytes":8192,"n":2,"kind":2,"ov":0}
[msc.reads] n=2 bytes=8192 lba=17689..17697 gap=4 ov=0
[rx] {"t":"event","op":"msc.reads","ms":150643,"gap":4,"lba0":17705,"lba1":17705,"bytes":4096,"n":1,"kind":2,"ov":0}
[msc.reads] n=1 bytes=4096 lba=17705..17705 gap=4 ov=0
[rx] {"t":"event","op":"msc.reads","ms":150647,"gap":4,"lba0":17713,"lba1":17713,"bytes":4096,"n":1,"kind":2,"ov":0}
[msc.reads] n=1 bytes=4096 lba=17713..17713 gap=4 ov=0
[rx] {"t":"event","op":"msc.reads","ms":150651,"gap":4,"lba0":17721,"lba1":17721,"bytes":4096,"n":1,"kind":2,"ov":0}
[msc.reads] n=1 bytes=4096 lba=17721..17721 gap=4 ov=0
[rx] {"t":"event","op":"msc.reads","ms":150655,"gap":4,"lba0":17729,"lba1":17729,"bytes":4096,"n":1,"kind":2,"ov":0}
[msc.reads] n=1 bytes=4096 lba=17729..17729 gap=4 ov=0
[rx] {"t":"event","op":"msc.reads","ms":150658,"gap":3,"lba0":17737,"lba1":17737,"bytes":4096,"n":1,"kind":2,"ov":0}
[msc.reads] n=1 bytes=4096 lba=17737..17737 gap=3 ov=0
[rx] {"t":"event","op":"msc.reads","ms":150662,"gap":4,"lba0":17745,"lba1":17745,"bytes":4096,"n":1,"kind":2,"ov":0}
[msc.reads] n=1 bytes=4096 lba=17745..17745 gap=4 ov=0
[rx] {"t":"event","op":"msc.reads","ms":150666,"gap":4,"lba0":17753,"lba1":17753,"bytes":4096,"n":1,"kind":2,"ov":0}
[msc.reads] n=1 bytes=4096 lba=17753..17753 gap=4 ov=0
[rx] {"t":"event","op":"msc.reads","ms":150670,"gap":4,"lba0":17761,"lba1":17769,"bytes":8192,"n":2,"kind":2,"ov":0}
[msc.reads] n=2 bytes=8192 lba=17761..17769 gap=4 ov=0
[rx] {"t":"event","op":"msc.reads","ms":150678,"gap":4,"lba0":17777,"lba1":17777,"bytes":4096,"n":1,"kind":2,"ov":0}
[msc.reads] n=1 bytes=4096 lba=17777..17777 gap=4 ov=0
[rx] {"t":"event","op":"msc.reads","ms":150682,"gap":4,"lba0":17785,"lba1":17785,"bytes":4096,"n":1,"kind":2,"ov":0}
[msc.reads] n=1 bytes=4096 lba=17785..17785 gap=4 ov=0
[rx] {"t":"event","op":"msc.reads","ms":150686,"gap":4,"lba0":17793,"lba1":17793,"bytes":4096,"n":1,"kind":2,"ov":0}
[msc.reads] n=1 bytes=4096 lba=17793..17793 gap=4 ov=0
[rx] {"t":"event","op":"msc.reads","ms":150690,"gap":4,"lba0":17801,"lba1":17809,"bytes":8192,"n":2,"kind":2,"ov":0}
[msc.reads] n=2 bytes=8192 lba=17801..17809 gap=4 ov=0
[rx] {"t":"event","op":"msc.reads","ms":150697,"gap":4,"lba0":17817,"lba1":17817,"bytes":4096,"n":1,"kind":2,"ov":0}
[msc.reads] n=1 bytes=4096 lba=17817..17817 gap=4 ov=0
[rx] {"t":"event","op":"msc.reads","ms":150701,"gap":4,"lba0":17825,"lba1":17825,"bytes":4096,"n":1,"kind":2,"ov":0}
[msc.reads] n=1 bytes=4096 lba=17825..17825 gap=4 ov=0
[rx] {"t":"event","op":"msc.reads","ms":150705,"gap":4,"lba0":17833,"lba1":17833,"bytes":4096,"n":1,"kind":2,"ov":0}
[msc.reads] n=1 bytes=4096 lba=17833..17833 gap=4 ov=0
[rx] {"t":"event","op":"msc.reads","ms":150709,"gap":4,"lba0":17841,"lba1":17849,"bytes":8192,"n":2,"kind":2,"ov":0}
[msc.reads] n=2 bytes=8192 lba=17841..17849 gap=4 ov=0
[rx] {"t":"event","op":"msc.reads","ms":150717,"gap":4,"lba0":17857,"lba1":17857,"bytes":4096,"n":1,"kind":2,"ov":0}
[msc.reads] n=1 bytes=4096 lba=17857..17857 gap=4 ov=0
[rx] {"t":"event","op":"msc.reads","ms":150720,"gap":3,"lba0":17865,"lba1":17865,"bytes":4096,"n":1,"kind":2,"ov":0}
[msc.reads] n=1 bytes=4096 lba=17865..17865 gap=3 ov=0
[rx] {"t":"event","op":"msc.reads","ms":150724,"gap":4,"lba0":17873,"lba1":17873,"bytes":4096,"n":1,"kind":2,"ov":0}
[msc.reads] n=1 bytes=4096 lba=17873..17873 gap=4 ov=0
[rx] {"t":"event","op":"msc.reads","ms":150728,"gap":4,"lba0":17881,"lba1":17881,"bytes":4096,"n":1,"kind":2,"ov":0}
[msc.reads] n=1 bytes=4096 lba=17881..17881 gap=4 ov=0
[tx] {"t":"ping"}
[rx] {"t":"pong"}
[rx] {"t":"event","op":"diag","code":"msc.phase","detail":"quiet cache?"}
[msc] msc.phase quiet cache?
[rx] {"t":"event","op":"diag","code":"msc.quiet","detail":"file=1260032B age=2003ms"}
[msc] msc.quiet file=1260032B age=2003ms
[tx] {"t":"ping"}
[rx] {"t":"pong"}
[tx] {"t":"ping"}
[rx] {"t":"pong"}
[tx] {"t":"ping"}
[rx] {"t":"pong"}
[tx] {"t":"ping"}
[rx] {"t":"pong"}
[tx] {"t":"ping"}
[rx] {"t":"pong"}
[tx] {"t":"ping"}
[rx] {"t":"pong"}
[tx] {"t":"ping"}
[rx] {"t":"pong"}
[tx] {"t":"ping"}
[rx] {"t":"pong"}
[tx] {"t":"ping"}
[rx] {"t":"pong"}
[tx] {"t":"ping"}
[rx] {"t":"pong"}
[tx] {"t":"ping"}
[rx] {"t":"pong"}
[tx] {"t":"ping"}
[rx] {"t":"pong"}
[tx] {"t":"ping"}
[rx] {"t":"pong"}
[tx] {"t":"ping"}
[rx] {"t":"pong"}
[tx] {"t":"ping"}
[rx] {"t":"pong"}
[tx] {"t":"ping"}
[rx] {"t":"pong"}
[rx] {"t":"event","op":"msc.reads","ms":184143,"gap":33415,"lba0":1953,"lba1":1953,"bytes":4096,"n":1,"kind":2,"ov":0}
[msc.reads] n=1 bytes=4096 lba=1953..1953 gap=33415 ov=0
[rx] {"t":"event","op":"diag","code":"play.reject","detail":"not_from_head uid=1977938832270506073 from=1953 +4096B age=36331ms prefetch"}
[msc] play.reject not_from_head uid=1977938832270506073 from=1953 +4096B age=36331ms prefetch
[rx] {"t":"event","op":"msc.reads","ms":184160,"gap":17,"lba0":1961,"lba1":1961,"bytes":4096,"n":1,"kind":2,"ov":0}
[msc.reads] n=1 bytes=4096 lba=1961..1961 gap=17 ov=0
[rx] {"t":"event","op":"msc.reads","ms":184164,"gap":4,"lba0":1713,"lba1":1713,"bytes":4096,"n":1,"kind":2,"ov":0}
[msc.reads] n=1 bytes=4096 lba=1713..1713 gap=4 ov=0
[rx] {"t":"event","op":"msc.reads","ms":184168,"gap":4,"lba0":1721,"lba1":1721,"bytes":4096,"n":1,"kind":2,"ov":0}
[msc.reads] n=1 bytes=4096 lba=1721..1721 gap=4 ov=0
[rx] {"t":"event","op":"msc.reads","ms":184172,"gap":4,"lba0":1729,"lba1":1769,"bytes":24576,"n":6,"kind":2,"ov":0}
[msc.reads] n=6 bytes=24576 lba=1729..1769 gap=4 ov=0
[rx] {"t":"event","op":"msc.reads","ms":184194,"gap":3,"lba0":1777,"lba1":1873,"bytes":53248,"n":13,"kind":2,"ov":0}
[msc.reads] n=13 bytes=53248 lba=1777..1873 gap=3 ov=0
[rx] {"t":"event","op":"msc.reads","ms":184244,"gap":4,"lba0":1881,"lba1":1881,"bytes":4096,"n":1,"kind":2,"ov":0}
[msc.reads] n=1 bytes=4096 lba=1881..1881 gap=4 ov=0
[rx] {"t":"event","op":"msc.reads","ms":184248,"gap":4,"lba0":1889,"lba1":1889,"bytes":4096,"n":1,"kind":2,"ov":0}
[msc.reads] n=1 bytes=4096 lba=1889..1889 gap=4 ov=0
[rx] {"t":"event","op":"msc.reads","ms":184252,"gap":4,"lba0":1897,"lba1":1905,"bytes":8192,"n":2,"kind":2,"ov":0}
[msc.reads] n=2 bytes=8192 lba=1897..1905 gap=4 ov=0
[rx] {"t":"event","op":"msc.reads","ms":184260,"gap":4,"lba0":1913,"lba1":1913,"bytes":4096,"n":1,"kind":2,"ov":0}
[msc.reads] n=1 bytes=4096 lba=1913..1913 gap=4 ov=0
[rx] {"t":"event","op":"msc.reads","ms":184264,"gap":4,"lba0":1921,"lba1":1921,"bytes":4096,"n":1,"kind":2,"ov":0}
[msc.reads] n=1 bytes=4096 lba=1921..1921 gap=4 ov=0
[rx] {"t":"event","op":"msc.reads","ms":184268,"gap":4,"lba0":1929,"lba1":1929,"bytes":4096,"n":1,"kind":2,"ov":0}
[msc.reads] n=1 bytes=4096 lba=1929..1929 gap=4 ov=0
[rx] {"t":"event","op":"msc.reads","ms":184272,"gap":4,"lba0":1937,"lba1":1945,"bytes":8192,"n":2,"kind":2,"ov":0}
[msc.reads] n=2 bytes=8192 lba=1937..1945 gap=4 ov=0
[rx] {"t":"event","op":"msc.reads","ms":184280,"gap":4,"lba0":1969,"lba1":1969,"bytes":4096,"n":1,"kind":2,"ov":0}
[msc.reads] n=1 bytes=4096 lba=1969..1969 gap=4 ov=0
[rx] {"t":"event","op":"msc.reads","ms":184284,"gap":4,"lba0":1977,"lba1":1977,"bytes":4096,"n":1,"kind":2,"ov":0}
[msc.reads] n=1 bytes=4096 lba=1977..1977 gap=4 ov=0
[rx] {"t":"event","op":"msc.reads","ms":184287,"gap":3,"lba0":1985,"lba1":1985,"bytes":4096,"n":1,"kind":2,"ov":0}
[msc.reads] n=1 bytes=4096 lba=1985..1985 gap=3 ov=0
[rx] {"t":"event","op":"msc.reads","ms":184291,"gap":4,"lba0":1993,"lba1":1993,"bytes":4096,"n":1,"kind":2,"ov":0}
[msc.reads] n=1 bytes=4096 lba=1993..1993 gap=4 ov=0
[rx] {"t":"event","op":"msc.reads","ms":184295,"gap":4,"lba0":2001,"lba1":2001,"bytes":4096,"n":1,"kind":2,"ov":0}
[msc.reads] n=1 bytes=4096 lba=2001..2001 gap=4 ov=0
[rx] {"t":"event","op":"msc.reads","ms":184299,"gap":4,"lba0":2009,"lba1":2009,"bytes":4096,"n":1,"kind":2,"ov":0}
[msc.reads] n=1 bytes=4096 lba=2009..2009 gap=4 ov=0
[rx] {"t":"event","op":"msc.reads","ms":184303,"gap":4,"lba0":2017,"lba1":2017,"bytes":4096,"n":1,"kind":2,"ov":0}
[msc.reads] n=1 bytes=4096 lba=2017..2017 gap=4 ov=0
[rx] {"t":"event","op":"msc.reads","ms":184307,"gap":4,"lba0":2025,"lba1":2025,"bytes":4096,"n":1,"kind":2,"ov":0}
[msc.reads] n=1 bytes=4096 lba=2025..2025 gap=4 ov=0
[rx] {"t":"event","op":"msc.reads","ms":184311,"gap":4,"lba0":2033,"lba1":2033,"bytes":4096,"n":1,"kind":2,"ov":0}
[msc.reads] n=1 bytes=4096 lba=2033..2033 gap=4 ov=0
[rx] {"t":"event","op":"msc.reads","ms":184315,"gap":4,"lba0":2041,"lba1":2049,"bytes":8192,"n":2,"kind":2,"ov":0}
[msc.reads] n=2 bytes=8192 lba=2041..2049 gap=4 ov=0
[rx] {"t":"event","op":"msc.reads","ms":184322,"gap":4,"lba0":2057,"lba1":2057,"bytes":4096,"n":1,"kind":2,"ov":0}
[msc.reads] n=1 bytes=4096 lba=2057..2057 gap=4 ov=0
[rx] {"t":"event","op":"msc.reads","ms":184326,"gap":4,"lba0":2065,"lba1":2065,"bytes":4096,"n":1,"kind":2,"ov":0}
[msc.reads] n=1 bytes=4096 lba=2065..2065 gap=4 ov=0
[rx] {"t":"event","op":"msc.reads","ms":184330,"gap":4,"lba0":2073,"lba1":2073,"bytes":4096,"n":1,"kind":2,"ov":0}
[msc.reads] n=1 bytes=4096 lba=2073..2073 gap=4 ov=0
[rx] {"t":"event","op":"msc.reads","ms":184334,"gap":4,"lba0":2081,"lba1":2081,"bytes":4096,"n":1,"kind":2,"ov":0}
[msc.reads] n=1 bytes=4096 lba=2081..2081 gap=4 ov=0
[rx] {"t":"event","op":"msc.reads","ms":184338,"gap":4,"lba0":2089,"lba1":2089,"bytes":4096,"n":1,"kind":2,"ov":0}
[msc.reads] n=1 bytes=4096 lba=2089..2089 gap=4 ov=0
[rx] {"t":"event","op":"msc.reads","ms":184342,"gap":4,"lba0":2097,"lba1":2097,"bytes":4096,"n":1,"kind":2,"ov":0}
[msc.reads] n=1 bytes=4096 lba=2097..2097 gap=4 ov=0
[rx] {"t":"event","op":"msc.reads","ms":184345,"gap":3,"lba0":2105,"lba1":2105,"bytes":4096,"n":1,"kind":2,"ov":0}
[msc.reads] n=1 bytes=4096 lba=2105..2105 gap=3 ov=0
[rx] {"t":"event","op":"msc.reads","ms":184349,"gap":4,"lba0":2113,"lba1":2113,"bytes":4096,"n":1,"kind":2,"ov":0}
[msc.reads] n=1 bytes=4096 lba=2113..2113 gap=4 ov=0
[rx] {"t":"event","op":"msc.reads","ms":184353,"gap":4,"lba0":2121,"lba1":2121,"bytes":4096,"n":1,"kind":2,"ov":0}
[msc.reads] n=1 bytes=4096 lba=2121..2121 gap=4 ov=0
[rx] {"t":"event","op":"msc.reads","ms":184357,"gap":4,"lba0":2129,"lba1":2137,"bytes":8192,"n":2,"kind":2,"ov":0}
[msc.reads] n=2 bytes=8192 lba=2129..2137 gap=4 ov=0
[rx] {"t":"event","op":"msc.reads","ms":184365,"gap":4,"lba0":2145,"lba1":2145,"bytes":4096,"n":1,"kind":2,"ov":0}
[msc.reads] n=1 bytes=4096 lba=2145..2145 gap=4 ov=0
[rx] {"t":"event","op":"msc.reads","ms":184369,"gap":4,"lba0":2153,"lba1":2153,"bytes":4096,"n":1,"kind":2,"ov":0}
[msc.reads] n=1 bytes=4096 lba=2153..2153 gap=4 ov=0
[rx] {"t":"event","op":"msc.reads","ms":184373,"gap":4,"lba0":2161,"lba1":2161,"bytes":4096,"n":1,"kind":2,"ov":0}
[msc.reads] n=1 bytes=4096 lba=2161..2161 gap=4 ov=0
[rx] {"t":"event","op":"msc.reads","ms":184376,"gap":3,"lba0":2169,"lba1":2169,"bytes":4096,"n":1,"kind":2,"ov":0}
[msc.reads] n=1 bytes=4096 lba=2169..2169 gap=3 ov=0
[rx] {"t":"event","op":"msc.reads","ms":184380,"gap":4,"lba0":2177,"lba1":2177,"bytes":4096,"n":1,"kind":2,"ov":0}
[msc.reads] n=1 bytes=4096 lba=2177..2177 gap=4 ov=0
[rx] {"t":"event","op":"msc.reads","ms":184384,"gap":4,"lba0":2185,"lba1":2185,"bytes":4096,"n":1,"kind":2,"ov":0}
[msc.reads] n=1 bytes=4096 lba=2185..2185 gap=4 ov=0
[rx] {"t":"event","op":"msc.reads","ms":184388,"gap":4,"lba0":2193,"lba1":2201,"bytes":8192,"n":2,"kind":2,"ov":0}
[msc.reads] n=2 bytes=8192 lba=2193..2201 gap=4 ov=0
[rx] {"t":"event","op":"msc.reads","ms":184396,"gap":4,"lba0":753,"lba1":753,"bytes":4096,"n":1,"kind":2,"ov":0}
[msc.reads] n=1 bytes=4096 lba=753..753 gap=4 ov=0
[rx] {"t":"event","op":"msc.reads","ms":184400,"gap":4,"lba0":761,"lba1":761,"bytes":4096,"n":1,"kind":2,"ov":0}
[msc.reads] n=1 bytes=4096 lba=761..761 gap=4 ov=0
[rx] {"t":"event","op":"msc.reads","ms":184404,"gap":4,"lba0":769,"lba1":769,"bytes":4096,"n":1,"kind":2,"ov":0}
[msc.reads] n=1 bytes=4096 lba=769..769 gap=4 ov=0
[rx] {"t":"event","op":"msc.reads","ms":184408,"gap":4,"lba0":777,"lba1":777,"bytes":4096,"n":1,"kind":2,"ov":0}
[msc.reads] n=1 bytes=4096 lba=777..777 gap=4 ov=0
[rx] {"t":"event","op":"msc.reads","ms":184411,"gap":3,"lba0":785,"lba1":785,"bytes":4096,"n":1,"kind":2,"ov":0}
[msc.reads] n=1 bytes=4096 lba=785..785 gap=3 ov=0
[rx] {"t":"event","op":"msc.reads","ms":184415,"gap":4,"lba0":793,"lba1":841,"bytes":28672,"n":7,"kind":2,"ov":0}
[msc.reads] n=7 bytes=28672 lba=793..841 gap=4 ov=0
[rx] {"t":"event","op":"msc.reads","ms":184441,"gap":4,"lba0":849,"lba1":849,"bytes":4096,"n":1,"kind":2,"ov":0}
[msc.reads] n=1 bytes=4096 lba=849..849 gap=4 ov=0
[rx] {"t":"event","op":"msc.reads","ms":184445,"gap":4,"lba0":857,"lba1":873,"bytes":12288,"n":3,"kind":2,"ov":0}
[msc.reads] n=3 bytes=12288 lba=857..873 gap=4 ov=0
[rx] {"t":"event","op":"msc.reads","ms":184456,"gap":4,"lba0":881,"lba1":881,"bytes":4096,"n":1,"kind":2,"ov":0}
[msc.reads] n=1 bytes=4096 lba=881..881 gap=4 ov=0
[rx] {"t":"event","op":"msc.reads","ms":184460,"gap":4,"lba0":889,"lba1":889,"bytes":4096,"n":1,"kind":2,"ov":0}
[msc.reads] n=1 bytes=4096 lba=889..889 gap=4 ov=0
[rx] {"t":"event","op":"msc.reads","ms":184463,"gap":3,"lba0":897,"lba1":897,"bytes":4096,"n":1,"kind":2,"ov":0}
[msc.reads] n=1 bytes=4096 lba=897..897 gap=3 ov=0
[rx] {"t":"event","op":"msc.reads","ms":184467,"gap":4,"lba0":905,"lba1":945,"bytes":24576,"n":6,"kind":2,"ov":0}
[msc.reads] n=6 bytes=24576 lba=905..945 gap=4 ov=0
[rx] {"t":"event","op":"msc.reads","ms":184489,"gap":4,"lba0":953,"lba1":953,"bytes":4096,"n":1,"kind":2,"ov":0}
[msc.reads] n=1 bytes=4096 lba=953..953 gap=4 ov=0
[rx] {"t":"event","op":"msc.reads","ms":184493,"gap":4,"lba0":961,"lba1":969,"bytes":8192,"n":2,"kind":2,"ov":0}
[msc.reads] n=2 bytes=8192 lba=961..969 gap=4 ov=0
[rx] {"t":"event","op":"msc.reads","ms":184501,"gap":4,"lba0":977,"lba1":1041,"bytes":36864,"n":9,"kind":2,"ov":0}
[msc.reads] n=9 bytes=36864 lba=977..1041 gap=4 ov=0
[rx] {"t":"event","op":"msc.reads","ms":184534,"gap":3,"lba0":1049,"lba1":1049,"bytes":4096,"n":1,"kind":2,"ov":0}
[msc.reads] n=1 bytes=4096 lba=1049..1049 gap=3 ov=0
[rx] {"t":"event","op":"msc.reads","ms":184538,"gap":4,"lba0":1057,"lba1":1057,"bytes":4096,"n":1,"kind":2,"ov":0}
[msc.reads] n=1 bytes=4096 lba=1057..1057 gap=4 ov=0
[rx] {"t":"event","op":"msc.reads","ms":184542,"gap":4,"lba0":1065,"lba1":1065,"bytes":4096,"n":1,"kind":2,"ov":0}
[msc.reads] n=1 bytes=4096 lba=1065..1065 gap=4 ov=0
[rx] {"t":"event","op":"msc.reads","ms":184546,"gap":4,"lba0":1073,"lba1":1137,"bytes":36864,"n":9,"kind":2,"ov":0}
[msc.reads] n=9 bytes=36864 lba=1073..1137 gap=4 ov=0
[rx] {"t":"event","op":"msc.reads","ms":184579,"gap":4,"lba0":1145,"lba1":1145,"bytes":4096,"n":1,"kind":2,"ov":0}
[msc.reads] n=1 bytes=4096 lba=1145..1145 gap=4 ov=0
[rx] {"t":"event","op":"msc.reads","ms":184583,"gap":4,"lba0":1153,"lba1":1153,"bytes":4096,"n":1,"kind":2,"ov":0}
[msc.reads] n=1 bytes=4096 lba=1153..1153 gap=4 ov=0
[rx] {"t":"event","op":"msc.reads","ms":184587,"gap":4,"lba0":1161,"lba1":1161,"bytes":4096,"n":1,"kind":2,"ov":0}
[msc.reads] n=1 bytes=4096 lba=1161..1161 gap=4 ov=0
[rx] {"t":"event","op":"msc.reads","ms":184591,"gap":4,"lba0":1169,"lba1":1169,"bytes":4096,"n":1,"kind":2,"ov":0}
[msc.reads] n=1 bytes=4096 lba=1169..1169 gap=4 ov=0
[rx] {"t":"event","op":"msc.reads","ms":184595,"gap":4,"lba0":1177,"lba1":1177,"bytes":4096,"n":1,"kind":2,"ov":0}
[msc.reads] n=1 bytes=4096 lba=1177..1177 gap=4 ov=0
[rx] {"t":"event","op":"msc.reads","ms":184598,"gap":3,"lba0":1185,"lba1":1193,"bytes":8192,"n":2,"kind":2,"ov":0}
[msc.reads] n=2 bytes=8192 lba=1185..1193 gap=3 ov=0
[rx] {"t":"event","op":"msc.reads","ms":184606,"gap":4,"lba0":1201,"lba1":1201,"bytes":4096,"n":1,"kind":2,"ov":0}
[msc.reads] n=1 bytes=4096 lba=1201..1201 gap=4 ov=0
[rx] {"t":"event","op":"msc.reads","ms":184610,"gap":4,"lba0":1209,"lba1":1209,"bytes":4096,"n":1,"kind":2,"ov":0}
[msc.reads] n=1 bytes=4096 lba=1209..1209 gap=4 ov=0
[rx] {"t":"event","op":"msc.reads","ms":184614,"gap":4,"lba0":1217,"lba1":1257,"bytes":24576,"n":6,"kind":2,"ov":0}
[msc.reads] n=6 bytes=24576 lba=1217..1257 gap=4 ov=0
[rx] {"t":"event","op":"msc.reads","ms":184637,"gap":4,"lba0":1265,"lba1":1265,"bytes":4096,"n":1,"kind":2,"ov":0}
[msc.reads] n=1 bytes=4096 lba=1265..1265 gap=4 ov=0
[rx] {"t":"event","op":"msc.reads","ms":184641,"gap":4,"lba0":1273,"lba1":1273,"bytes":4096,"n":1,"kind":2,"ov":0}
[msc.reads] n=1 bytes=4096 lba=1273..1273 gap=4 ov=0
[rx] {"t":"event","op":"msc.reads","ms":184645,"gap":4,"lba0":1281,"lba1":1353,"bytes":40960,"n":10,"kind":2,"ov":0}
[msc.reads] n=10 bytes=40960 lba=1281..1353 gap=4 ov=0
[rx] {"t":"event","op":"msc.reads","ms":184682,"gap":4,"lba0":1361,"lba1":1369,"bytes":8192,"n":2,"kind":2,"ov":0}
[msc.reads] n=2 bytes=8192 lba=1361..1369 gap=4 ov=0
[rx] {"t":"event","op":"msc.reads","ms":184689,"gap":4,"lba0":1377,"lba1":1377,"bytes":4096,"n":1,"kind":2,"ov":0}
[msc.reads] n=1 bytes=4096 lba=1377..1377 gap=4 ov=0
[rx] {"t":"event","op":"msc.reads","ms":184693,"gap":4,"lba0":1385,"lba1":1385,"bytes":4096,"n":1,"kind":2,"ov":0}
[msc.reads] n=1 bytes=4096 lba=1385..1385 gap=4 ov=0
[rx] {"t":"event","op":"msc.reads","ms":184697,"gap":4,"lba0":1393,"lba1":1393,"bytes":4096,"n":1,"kind":2,"ov":0}
[msc.reads] n=1 bytes=4096 lba=1393..1393 gap=4 ov=0
[rx] {"t":"event","op":"msc.reads","ms":184701,"gap":4,"lba0":1401,"lba1":1401,"bytes":4096,"n":1,"kind":2,"ov":0}
[msc.reads] n=1 bytes=4096 lba=1401..1401 gap=4 ov=0
[rx] {"t":"event","op":"msc.reads","ms":184705,"gap":4,"lba0":1409,"lba1":1409,"bytes":4096,"n":1,"kind":2,"ov":0}
[msc.reads] n=1 bytes=4096 lba=1409..1409 gap=4 ov=0
[rx] {"t":"event","op":"msc.reads","ms":184709,"gap":4,"lba0":1417,"lba1":1417,"bytes":4096,"n":1,"kind":2,"ov":0}
[msc.reads] n=1 bytes=4096 lba=1417..1417 gap=4 ov=0
[rx] {"t":"event","op":"msc.reads","ms":184713,"gap":4,"lba0":1425,"lba1":1433,"bytes":8192,"n":2,"kind":2,"ov":0}
[msc.reads] n=2 bytes=8192 lba=1425..1433 gap=4 ov=0
[rx] {"t":"event","op":"msc.reads","ms":184720,"gap":4,"lba0":1441,"lba1":1441,"bytes":4096,"n":1,"kind":2,"ov":0}
[msc.reads] n=1 bytes=4096 lba=1441..1441 gap=4 ov=0
[rx] {"t":"event","op":"msc.reads","ms":184724,"gap":4,"lba0":1449,"lba1":1449,"bytes":4096,"n":1,"kind":2,"ov":0}
[msc.reads] n=1 bytes=4096 lba=1449..1449 gap=4 ov=0
[rx] {"t":"event","op":"msc.reads","ms":184728,"gap":4,"lba0":1457,"lba1":1457,"bytes":4096,"n":1,"kind":2,"ov":0}
[msc.reads] n=1 bytes=4096 lba=1457..1457 gap=4 ov=0
[rx] {"t":"event","op":"msc.reads","ms":184732,"gap":4,"lba0":1465,"lba1":1465,"bytes":4096,"n":1,"kind":2,"ov":0}
[msc.reads] n=1 bytes=4096 lba=1465..1465 gap=4 ov=0
[rx] {"t":"event","op":"msc.reads","ms":184736,"gap":4,"lba0":1473,"lba1":1473,"bytes":4096,"n":1,"kind":2,"ov":0}
[msc.reads] n=1 bytes=4096 lba=1473..1473 gap=4 ov=0
[rx] {"t":"event","op":"msc.reads","ms":184740,"gap":4,"lba0":1481,"lba1":1481,"bytes":4096,"n":1,"kind":2,"ov":0}
[msc.reads] n=1 bytes=4096 lba=1481..1481 gap=4 ov=0
[rx] {"t":"event","op":"msc.reads","ms":184744,"gap":4,"lba0":1489,"lba1":1497,"bytes":8192,"n":2,"kind":2,"ov":0}
[msc.reads] n=2 bytes=8192 lba=1489..1497 gap=4 ov=0
[rx] {"t":"event","op":"msc.reads","ms":184751,"gap":3,"lba0":1505,"lba1":1505,"bytes":4096,"n":1,"kind":2,"ov":0}
[msc.reads] n=1 bytes=4096 lba=1505..1505 gap=3 ov=0
[rx] {"t":"event","op":"msc.reads","ms":184755,"gap":4,"lba0":1513,"lba1":1513,"bytes":4096,"n":1,"kind":2,"ov":0}
[msc.reads] n=1 bytes=4096 lba=1513..1513 gap=4 ov=0
[rx] {"t":"event","op":"msc.reads","ms":184759,"gap":4,"lba0":1521,"lba1":1521,"bytes":4096,"n":1,"kind":2,"ov":0}
[msc.reads] n=1 bytes=4096 lba=1521..1521 gap=4 ov=0
[rx] {"t":"event","op":"msc.reads","ms":184763,"gap":4,"lba0":1529,"lba1":1529,"bytes":4096,"n":1,"kind":2,"ov":0}
[msc.reads] n=1 bytes=4096 lba=1529..1529 gap=4 ov=0
[rx] {"t":"event","op":"msc.reads","ms":184767,"gap":4,"lba0":1537,"lba1":1537,"bytes":4096,"n":1,"kind":2,"ov":0}
[msc.reads] n=1 bytes=4096 lba=1537..1537 gap=4 ov=0
[rx] {"t":"event","op":"msc.reads","ms":184771,"gap":4,"lba0":1545,"lba1":1545,"bytes":4096,"n":1,"kind":2,"ov":0}
[msc.reads] n=1 bytes=4096 lba=1545..1545 gap=4 ov=0
[rx] {"t":"event","op":"msc.reads","ms":184775,"gap":4,"lba0":1553,"lba1":1561,"bytes":8192,"n":2,"kind":2,"ov":0}
[msc.reads] n=2 bytes=8192 lba=1553..1561 gap=4 ov=0
[rx] {"t":"event","op":"msc.reads","ms":184782,"gap":3,"lba0":1569,"lba1":1569,"bytes":4096,"n":1,"kind":2,"ov":0}
[msc.reads] n=1 bytes=4096 lba=1569..1569 gap=3 ov=0
[rx] {"t":"event","op":"msc.reads","ms":184786,"gap":4,"lba0":1577,"lba1":1577,"bytes":4096,"n":1,"kind":2,"ov":0}
[msc.reads] n=1 bytes=4096 lba=1577..1577 gap=4 ov=0
[rx] {"t":"event","op":"msc.reads","ms":184790,"gap":4,"lba0":1585,"lba1":1585,"bytes":4096,"n":1,"kind":2,"ov":0}
[msc.reads] n=1 bytes=4096 lba=1585..1585 gap=4 ov=0
[rx] {"t":"event","op":"msc.reads","ms":184794,"gap":4,"lba0":1593,"lba1":1593,"bytes":4096,"n":1,"kind":2,"ov":0}
[msc.reads] n=1 bytes=4096 lba=1593..1593 gap=4 ov=0
[rx] {"t":"event","op":"msc.reads","ms":184798,"gap":4,"lba0":1601,"lba1":1601,"bytes":4096,"n":1,"kind":2,"ov":0}
[msc.reads] n=1 bytes=4096 lba=1601..1601 gap=4 ov=0
[rx] {"t":"event","op":"msc.reads","ms":184802,"gap":4,"lba0":1609,"lba1":1609,"bytes":4096,"n":1,"kind":2,"ov":0}
[msc.reads] n=1 bytes=4096 lba=1609..1609 gap=4 ov=0
[rx] {"t":"event","op":"msc.reads","ms":184806,"gap":4,"lba0":1617,"lba1":1625,"bytes":8192,"n":2,"kind":2,"ov":0}
[msc.reads] n=2 bytes=8192 lba=1617..1625 gap=4 ov=0
[rx] {"t":"event","op":"msc.reads","ms":184813,"gap":4,"lba0":1633,"lba1":1633,"bytes":4096,"n":1,"kind":2,"ov":0}
[msc.reads] n=1 bytes=4096 lba=1633..1633 gap=4 ov=0
[rx] {"t":"event","op":"msc.reads","ms":184817,"gap":4,"lba0":1641,"lba1":1641,"bytes":4096,"n":1,"kind":2,"ov":0}
[msc.reads] n=1 bytes=4096 lba=1641..1641 gap=4 ov=0
[rx] {"t":"event","op":"msc.reads","ms":184821,"gap":4,"lba0":1649,"lba1":1705,"bytes":32768,"n":8,"kind":2,"ov":0}
[msc.reads] n=8 bytes=32768 lba=1649..1705 gap=4 ov=0
[rx] {"t":"event","op":"msc.reads","ms":184851,"gap":5,"lba0":2209,"lba1":2209,"bytes":4096,"n":1,"kind":2,"ov":0}
[msc.reads] n=1 bytes=4096 lba=2209..2209 gap=5 ov=0
[rx] {"t":"event","op":"msc.reads","ms":184855,"gap":4,"lba0":2217,"lba1":2217,"bytes":4096,"n":1,"kind":2,"ov":0}
[msc.reads] n=1 bytes=4096 lba=2217..2217 gap=4 ov=0
[rx] {"t":"event","op":"msc.reads","ms":184859,"gap":4,"lba0":2225,"lba1":2233,"bytes":8192,"n":2,"kind":2,"ov":0}
[msc.reads] n=2 bytes=8192 lba=2225..2233 gap=4 ov=0
[rx] {"t":"event","op":"msc.reads","ms":184866,"gap":4,"lba0":2241,"lba1":2241,"bytes":4096,"n":1,"kind":2,"ov":0}
[msc.reads] n=1 bytes=4096 lba=2241..2241 gap=4 ov=0
[rx] {"t":"event","op":"msc.reads","ms":184870,"gap":4,"lba0":2249,"lba1":2249,"bytes":4096,"n":1,"kind":2,"ov":0}
[msc.reads] n=1 bytes=4096 lba=2249..2249 gap=4 ov=0
[rx] {"t":"event","op":"msc.reads","ms":184874,"gap":4,"lba0":2257,"lba1":2257,"bytes":4096,"n":1,"kind":2,"ov":0}
[msc.reads] n=1 bytes=4096 lba=2257..2257 gap=4 ov=0
[rx] {"t":"event","op":"msc.reads","ms":184878,"gap":4,"lba0":2265,"lba1":2337,"bytes":40960,"n":10,"kind":2,"ov":0}
[msc.reads] n=10 bytes=40960 lba=2265..2337 gap=4 ov=0
[rx] {"t":"event","op":"msc.reads","ms":184915,"gap":4,"lba0":2345,"lba1":2345,"bytes":4096,"n":1,"kind":2,"ov":0}
[msc.reads] n=1 bytes=4096 lba=2345..2345 gap=4 ov=0
[rx] {"t":"event","op":"msc.reads","ms":184919,"gap":4,"lba0":2353,"lba1":2409,"bytes":32768,"n":8,"kind":2,"ov":0}
[msc.reads] n=8 bytes=32768 lba=2353..2409 gap=4 ov=0
[rx] {"t":"event","op":"diag","code":"play.reject","detail":"not_from_head uid=1977938832270506073 from=2209 +106496B age=37133ms prefetch"}
[msc] play.reject not_from_head uid=1977938832270506073 from=2209 +106496B age=37133ms prefetch
[rx] {"t":"event","op":"msc.reads","ms":184962,"gap":18,"lba0":2417,"lba1":2417,"bytes":4096,"n":1,"kind":2,"ov":0}
[msc.reads] n=1 bytes=4096 lba=2417..2417 gap=18 ov=0
[rx] {"t":"event","op":"msc.reads","ms":184966,"gap":4,"lba0":2425,"lba1":2425,"bytes":4096,"n":1,"kind":2,"ov":0}
[msc.reads] n=1 bytes=4096 lba=2425..2425 gap=4 ov=0
[rx] {"t":"event","op":"msc.reads","ms":184970,"gap":4,"lba0":2433,"lba1":2433,"bytes":4096,"n":1,"kind":2,"ov":0}
[msc.reads] n=1 bytes=4096 lba=2433..2433 gap=4 ov=0
[rx] {"t":"event","op":"msc.reads","ms":184974,"gap":4,"lba0":2441,"lba1":2441,"bytes":4096,"n":1,"kind":2,"ov":0}
[msc.reads] n=1 bytes=4096 lba=2441..2441 gap=4 ov=0
[rx] {"t":"event","op":"msc.reads","ms":184978,"gap":4,"lba0":2449,"lba1":2449,"bytes":4096,"n":1,"kind":2,"ov":0}
[msc.reads] n=1 bytes=4096 lba=2449..2449 gap=4 ov=0
[rx] {"t":"event","op":"msc.reads","ms":184982,"gap":4,"lba0":2457,"lba1":2489,"bytes":20480,"n":5,"kind":2,"ov":0}
[msc.reads] n=5 bytes=20480 lba=2457..2489 gap=4 ov=0
[rx] {"t":"event","op":"msc.reads","ms":185001,"gap":4,"lba0":2497,"lba1":2529,"bytes":20480,"n":5,"kind":2,"ov":0}
[msc.reads] n=5 bytes=20480 lba=2497..2529 gap=4 ov=0
[rx] {"t":"event","op":"msc.reads","ms":185019,"gap":3,"lba0":2537,"lba1":2537,"bytes":4096,"n":1,"kind":2,"ov":0}
[msc.reads] n=1 bytes=4096 lba=2537..2537 gap=3 ov=0
[rx] {"t":"event","op":"msc.reads","ms":185023,"gap":4,"lba0":2545,"lba1":2545,"bytes":4096,"n":1,"kind":2,"ov":0}
[msc.reads] n=1 bytes=4096 lba=2545..2545 gap=4 ov=0
[rx] {"t":"event","op":"msc.reads","ms":185027,"gap":4,"lba0":2553,"lba1":2553,"bytes":4096,"n":1,"kind":2,"ov":0}
[msc.reads] n=1 bytes=4096 lba=2553..2553 gap=4 ov=0
[rx] {"t":"event","op":"msc.reads","ms":185031,"gap":4,"lba0":2561,"lba1":2609,"bytes":28672,"n":7,"kind":2,"ov":0}
[msc.reads] n=7 bytes=28672 lba=2561..2609 gap=4 ov=0
[rx] {"t":"event","op":"msc.reads","ms":185057,"gap":4,"lba0":2617,"lba1":2633,"bytes":12288,"n":3,"kind":2,"ov":0}
[msc.reads] n=3 bytes=12288 lba=2617..2633 gap=4 ov=0
[rx] {"t":"event","op":"msc.reads","ms":185068,"gap":4,"lba0":2641,"lba1":2641,"bytes":4096,"n":1,"kind":2,"ov":0}
[msc.reads] n=1 bytes=4096 lba=2641..2641 gap=4 ov=0
[rx] {"t":"event","op":"msc.reads","ms":185072,"gap":4,"lba0":2649,"lba1":2649,"bytes":4096,"n":1,"kind":2,"ov":0}
[msc.reads] n=1 bytes=4096 lba=2649..2649 gap=4 ov=0
[rx] {"t":"event","op":"msc.reads","ms":185076,"gap":4,"lba0":2657,"lba1":2665,"bytes":8192,"n":2,"kind":2,"ov":0}
[msc.reads] n=2 bytes=8192 lba=2657..2665 gap=4 ov=0
[rx] {"t":"event","op":"msc.reads","ms":185083,"gap":4,"lba0":2673,"lba1":4441,"bytes":32768,"n":8,"kind":2,"ov":0}
[msc.reads] n=8 bytes=32768 lba=2673..4441 gap=4 ov=0
[rx] {"t":"event","op":"msc.reads","ms":185114,"gap":4,"lba0":4449,"lba1":4449,"bytes":4096,"n":1,"kind":2,"ov":0}
[msc.reads] n=1 bytes=4096 lba=4449..4449 gap=4 ov=0
[rx] {"t":"event","op":"msc.reads","ms":185118,"gap":4,"lba0":4457,"lba1":4457,"bytes":4096,"n":1,"kind":2,"ov":0}
[msc.reads] n=1 bytes=4096 lba=4457..4457 gap=4 ov=0
[rx] {"t":"event","op":"msc.reads","ms":185122,"gap":4,"lba0":4465,"lba1":4465,"bytes":4096,"n":1,"kind":2,"ov":0}
[msc.reads] n=1 bytes=4096 lba=4465..4465 gap=4 ov=0
[rx] {"t":"event","op":"msc.reads","ms":185126,"gap":4,"lba0":4473,"lba1":4529,"bytes":32768,"n":8,"kind":2,"ov":0}
[msc.reads] n=8 bytes=32768 lba=4473..4529 gap=4 ov=0
[rx] {"t":"event","op":"msc.reads","ms":185155,"gap":4,"lba0":4537,"lba1":4537,"bytes":4096,"n":1,"kind":2,"ov":0}
[msc.reads] n=1 bytes=4096 lba=4537..4537 gap=4 ov=0
[rx] {"t":"event","op":"msc.reads","ms":185159,"gap":4,"lba0":4545,"lba1":4561,"bytes":12288,"n":3,"kind":2,"ov":0}
[msc.reads] n=3 bytes=12288 lba=4545..4561 gap=4 ov=0
[rx] {"t":"event","op":"msc.reads","ms":185171,"gap":4,"lba0":4569,"lba1":4569,"bytes":4096,"n":1,"kind":2,"ov":0}
[msc.reads] n=1 bytes=4096 lba=4569..4569 gap=4 ov=0
[rx] {"t":"event","op":"msc.reads","ms":185175,"gap":4,"lba0":4577,"lba1":4577,"bytes":4096,"n":1,"kind":2,"ov":0}
[msc.reads] n=1 bytes=4096 lba=4577..4577 gap=4 ov=0
[rx] {"t":"event","op":"msc.reads","ms":185179,"gap":4,"lba0":4585,"lba1":4585,"bytes":4096,"n":1,"kind":2,"ov":0}
[msc.reads] n=1 bytes=4096 lba=4585..4585 gap=4 ov=0
[rx] {"t":"event","op":"msc.reads","ms":185183,"gap":4,"lba0":4593,"lba1":4593,"bytes":4096,"n":1,"kind":2,"ov":0}
[msc.reads] n=1 bytes=4096 lba=4593..4593 gap=4 ov=0
[rx] {"t":"event","op":"msc.reads","ms":185186,"gap":3,"lba0":4601,"lba1":4665,"bytes":36864,"n":9,"kind":2,"ov":0}
[msc.reads] n=9 bytes=36864 lba=4601..4665 gap=3 ov=0
[rx] {"t":"event","op":"msc.reads","ms":185220,"gap":4,"lba0":4673,"lba1":4681,"bytes":8192,"n":2,"kind":2,"ov":0}
[msc.reads] n=2 bytes=8192 lba=4673..4681 gap=4 ov=0
[rx] {"t":"event","op":"msc.reads","ms":185227,"gap":4,"lba0":4689,"lba1":4689,"bytes":4096,"n":1,"kind":2,"ov":0}
[msc.reads] n=1 bytes=4096 lba=4689..4689 gap=4 ov=0
[rx] {"t":"event","op":"msc.reads","ms":185231,"gap":4,"lba0":4697,"lba1":4697,"bytes":4096,"n":1,"kind":2,"ov":0}
[msc.reads] n=1 bytes=4096 lba=4697..4697 gap=4 ov=0
[rx] {"t":"event","op":"msc.reads","ms":185235,"gap":4,"lba0":4705,"lba1":4705,"bytes":4096,"n":1,"kind":2,"ov":0}
[msc.reads] n=1 bytes=4096 lba=4705..4705 gap=4 ov=0
[rx] {"t":"event","op":"msc.reads","ms":185239,"gap":4,"lba0":4713,"lba1":4713,"bytes":4096,"n":1,"kind":2,"ov":0}
[msc.reads] n=1 bytes=4096 lba=4713..4713 gap=4 ov=0
[rx] {"t":"event","op":"msc.reads","ms":185243,"gap":4,"lba0":4721,"lba1":4721,"bytes":4096,"n":1,"kind":2,"ov":0}
[msc.reads] n=1 bytes=4096 lba=4721..4721 gap=4 ov=0
[rx] {"t":"event","op":"msc.reads","ms":185246,"gap":3,"lba0":4729,"lba1":4729,"bytes":4096,"n":1,"kind":2,"ov":0}
[msc.reads] n=1 bytes=4096 lba=4729..4729 gap=3 ov=0
[rx] {"t":"event","op":"msc.reads","ms":185250,"gap":4,"lba0":4737,"lba1":4737,"bytes":4096,"n":1,"kind":2,"ov":0}
[msc.reads] n=1 bytes=4096 lba=4737..4737 gap=4 ov=0
[rx] {"t":"event","op":"msc.reads","ms":185254,"gap":4,"lba0":4745,"lba1":4745,"bytes":4096,"n":1,"kind":2,"ov":0}
[msc.reads] n=1 bytes=4096 lba=4745..4745 gap=4 ov=0
[rx] {"t":"event","op":"msc.reads","ms":185258,"gap":4,"lba0":4753,"lba1":4753,"bytes":4096,"n":1,"kind":2,"ov":0}
[msc.reads] n=1 bytes=4096 lba=4753..4753 gap=4 ov=0
[rx] {"t":"event","op":"msc.reads","ms":185262,"gap":4,"lba0":4761,"lba1":4761,"bytes":4096,"n":1,"kind":2,"ov":0}
[msc.reads] n=1 bytes=4096 lba=4761..4761 gap=4 ov=0
[rx] {"t":"event","op":"msc.reads","ms":185266,"gap":4,"lba0":4769,"lba1":4769,"bytes":4096,"n":1,"kind":2,"ov":0}
[msc.reads] n=1 bytes=4096 lba=4769..4769 gap=4 ov=0
[rx] {"t":"event","op":"msc.reads","ms":185270,"gap":4,"lba0":4777,"lba1":4785,"bytes":8192,"n":2,"kind":2,"ov":0}
[msc.reads] n=2 bytes=8192 lba=4777..4785 gap=4 ov=0
[rx] {"t":"event","op":"msc.reads","ms":185278,"gap":4,"lba0":4793,"lba1":4793,"bytes":4096,"n":1,"kind":2,"ov":0}
[msc.reads] n=1 bytes=4096 lba=4793..4793 gap=4 ov=0
[rx] {"t":"event","op":"msc.reads","ms":185282,"gap":4,"lba0":4801,"lba1":4801,"bytes":4096,"n":1,"kind":2,"ov":0}
[msc.reads] n=1 bytes=4096 lba=4801..4801 gap=4 ov=0
[rx] {"t":"event","op":"msc.reads","ms":185286,"gap":4,"lba0":4809,"lba1":4809,"bytes":4096,"n":1,"kind":2,"ov":0}
[msc.reads] n=1 bytes=4096 lba=4809..4809 gap=4 ov=0
[rx] {"t":"event","op":"msc.reads","ms":185289,"gap":3,"lba0":4817,"lba1":4817,"bytes":4096,"n":1,"kind":2,"ov":0}
[msc.reads] n=1 bytes=4096 lba=4817..4817 gap=3 ov=0
[rx] {"t":"event","op":"msc.reads","ms":185293,"gap":4,"lba0":4825,"lba1":4825,"bytes":4096,"n":1,"kind":2,"ov":0}
[msc.reads] n=1 bytes=4096 lba=4825..4825 gap=4 ov=0
[rx] {"t":"event","op":"msc.reads","ms":185297,"gap":4,"lba0":4833,"lba1":4833,"bytes":4096,"n":1,"kind":2,"ov":0}
[msc.reads] n=1 bytes=4096 lba=4833..4833 gap=4 ov=0
[rx] {"t":"event","op":"msc.reads","ms":185301,"gap":4,"lba0":4841,"lba1":4841,"bytes":4096,"n":1,"kind":2,"ov":0}
[msc.reads] n=1 bytes=4096 lba=4841..4841 gap=4 ov=0
[rx] {"t":"event","op":"msc.reads","ms":185305,"gap":4,"lba0":4849,"lba1":4849,"bytes":4096,"n":1,"kind":2,"ov":0}
[msc.reads] n=1 bytes=4096 lba=4849..4849 gap=4 ov=0
[rx] {"t":"event","op":"msc.reads","ms":185309,"gap":4,"lba0":4857,"lba1":4865,"bytes":8192,"n":2,"kind":2,"ov":0}
[msc.reads] n=2 bytes=8192 lba=4857..4865 gap=4 ov=0
[rx] {"t":"event","op":"msc.reads","ms":185316,"gap":3,"lba0":4873,"lba1":4873,"bytes":4096,"n":1,"kind":2,"ov":0}
[msc.reads] n=1 bytes=4096 lba=4873..4873 gap=3 ov=0
[rx] {"t":"event","op":"msc.reads","ms":185321,"gap":5,"lba0":4881,"lba1":4881,"bytes":4096,"n":1,"kind":2,"ov":0}
[msc.reads] n=1 bytes=4096 lba=4881..4881 gap=5 ov=0
[rx] {"t":"event","op":"msc.reads","ms":185324,"gap":3,"lba0":4889,"lba1":4889,"bytes":4096,"n":1,"kind":2,"ov":0}
[msc.reads] n=1 bytes=4096 lba=4889..4889 gap=3 ov=0
[rx] {"t":"event","op":"msc.reads","ms":185328,"gap":4,"lba0":4897,"lba1":4897,"bytes":4096,"n":1,"kind":2,"ov":0}
[msc.reads] n=1 bytes=4096 lba=4897..4897 gap=4 ov=0
[rx] {"t":"event","op":"msc.reads","ms":185332,"gap":4,"lba0":4905,"lba1":4905,"bytes":4096,"n":1,"kind":2,"ov":0}
[msc.reads] n=1 bytes=4096 lba=4905..4905 gap=4 ov=0
[rx] {"t":"event","op":"msc.reads","ms":185336,"gap":4,"lba0":4913,"lba1":4969,"bytes":32768,"n":8,"kind":2,"ov":0}
[msc.reads] n=8 bytes=32768 lba=4913..4969 gap=4 ov=0
[rx] {"t":"event","op":"msc.reads","ms":185365,"gap":4,"lba0":4977,"lba1":4977,"bytes":4096,"n":1,"kind":2,"ov":0}
[msc.reads] n=1 bytes=4096 lba=4977..4977 gap=4 ov=0
[rx] {"t":"event","op":"msc.reads","ms":185369,"gap":4,"lba0":4985,"lba1":5001,"bytes":12288,"n":3,"kind":2,"ov":0}
[msc.reads] n=3 bytes=12288 lba=4985..5001 gap=4 ov=0
[rx] {"t":"event","op":"msc.reads","ms":185381,"gap":4,"lba0":5009,"lba1":5009,"bytes":4096,"n":1,"kind":2,"ov":0}
[msc.reads] n=1 bytes=4096 lba=5009..5009 gap=4 ov=0
[rx] {"t":"event","op":"msc.reads","ms":185385,"gap":4,"lba0":5017,"lba1":5017,"bytes":4096,"n":1,"kind":2,"ov":0}
[msc.reads] n=1 bytes=4096 lba=5017..5017 gap=4 ov=0
[rx] {"t":"event","op":"msc.reads","ms":185389,"gap":4,"lba0":5025,"lba1":5025,"bytes":4096,"n":1,"kind":2,"ov":0}
[msc.reads] n=1 bytes=4096 lba=5025..5025 gap=4 ov=0
[tx] {"t":"ping"}
[rx] {"t":"event","op":"msc.reads","ms":185392,"gap":3,"lba0":5033,"lba1":5057,"bytes":16384,"n":4,"kind":2,"ov":0}
[msc.reads] n=4 bytes=16384 lba=5033..5057 gap=3 ov=0
[rx] {"t":"event","op":"msc.reads","ms":185407,"gap":4,"lba0":5065,"lba1":5097,"bytes":20480,"n":5,"kind":2,"ov":0}
[msc.reads] n=5 bytes=20480 lba=5065..5097 gap=4 ov=0
[rx] {"t":"pong"}
[rx] {"t":"event","op":"msc.reads","ms":185426,"gap":4,"lba0":5105,"lba1":2745,"bytes":40960,"n":10,"kind":2,"ov":0}
[msc.reads] n=10 bytes=40960 lba=5105..2745 gap=4 ov=0
[rx] {"t":"event","op":"msc.reads","ms":185464,"gap":4,"lba0":2753,"lba1":2753,"bytes":4096,"n":1,"kind":2,"ov":0}
[msc.reads] n=1 bytes=4096 lba=2753..2753 gap=4 ov=0
[rx] {"t":"event","op":"msc.reads","ms":185468,"gap":4,"lba0":2761,"lba1":2769,"bytes":8192,"n":2,"kind":2,"ov":0}
[msc.reads] n=2 bytes=8192 lba=2761..2769 gap=4 ov=0
[rx] {"t":"event","op":"msc.reads","ms":185475,"gap":4,"lba0":2777,"lba1":2777,"bytes":4096,"n":1,"kind":2,"ov":0}
[msc.reads] n=1 bytes=4096 lba=2777..2777 gap=4 ov=0
[rx] {"t":"event","op":"msc.reads","ms":185479,"gap":4,"lba0":2785,"lba1":2785,"bytes":4096,"n":1,"kind":2,"ov":0}
[msc.reads] n=1 bytes=4096 lba=2785..2785 gap=4 ov=0
[rx] {"t":"event","op":"msc.reads","ms":185483,"gap":4,"lba0":2793,"lba1":2793,"bytes":4096,"n":1,"kind":2,"ov":0}
[msc.reads] n=1 bytes=4096 lba=2793..2793 gap=4 ov=0
[rx] {"t":"event","op":"msc.reads","ms":185487,"gap":4,"lba0":2801,"lba1":2801,"bytes":4096,"n":1,"kind":2,"ov":0}
[msc.reads] n=1 bytes=4096 lba=2801..2801 gap=4 ov=0
[rx] {"t":"event","op":"msc.reads","ms":185491,"gap":4,"lba0":2809,"lba1":2849,"bytes":24576,"n":6,"kind":2,"ov":0}
[msc.reads] n=6 bytes=24576 lba=2809..2849 gap=4 ov=0
[rx] {"t":"event","op":"msc.reads","ms":185513,"gap":4,"lba0":2857,"lba1":2953,"bytes":53248,"n":13,"kind":2,"ov":0}
[msc.reads] n=13 bytes=53248 lba=2857..2953 gap=4 ov=0
[rx] {"t":"event","op":"msc.reads","ms":185561,"gap":4,"lba0":2961,"lba1":2961,"bytes":4096,"n":1,"kind":2,"ov":0}
[msc.reads] n=1 bytes=4096 lba=2961..2961 gap=4 ov=0
[rx] {"t":"event","op":"msc.reads","ms":185565,"gap":4,"lba0":2969,"lba1":2969,"bytes":4096,"n":1,"kind":2,"ov":0}
[msc.reads] n=1 bytes=4096 lba=2969..2969 gap=4 ov=0
[rx] {"t":"event","op":"msc.reads","ms":185569,"gap":4,"lba0":2977,"lba1":2977,"bytes":4096,"n":1,"kind":2,"ov":0}
[msc.reads] n=1 bytes=4096 lba=2977..2977 gap=4 ov=0
[rx] {"t":"event","op":"msc.reads","ms":185573,"gap":4,"lba0":2985,"lba1":2993,"bytes":8192,"n":2,"kind":2,"ov":0}
[msc.reads] n=2 bytes=8192 lba=2985..2993 gap=4 ov=0
[rx] {"t":"event","op":"msc.reads","ms":185581,"gap":4,"lba0":3001,"lba1":3001,"bytes":4096,"n":1,"kind":2,"ov":0}
[msc.reads] n=1 bytes=4096 lba=3001..3001 gap=4 ov=0
[rx] {"t":"event","op":"msc.reads","ms":185585,"gap":4,"lba0":3009,"lba1":3009,"bytes":4096,"n":1,"kind":2,"ov":0}
[msc.reads] n=1 bytes=4096 lba=3009..3009 gap=4 ov=0
[rx] {"t":"event","op":"msc.reads","ms":185589,"gap":4,"lba0":3017,"lba1":3017,"bytes":4096,"n":1,"kind":2,"ov":0}
[msc.reads] n=1 bytes=4096 lba=3017..3017 gap=4 ov=0
[rx] {"t":"event","op":"msc.reads","ms":185592,"gap":3,"lba0":3025,"lba1":3057,"bytes":20480,"n":5,"kind":2,"ov":0}
[msc.reads] n=5 bytes=20480 lba=3025..3057 gap=3 ov=0
[rx] {"t":"event","op":"msc.reads","ms":185611,"gap":4,"lba0":3065,"lba1":3081,"bytes":12288,"n":3,"kind":2,"ov":0}
[msc.reads] n=3 bytes=12288 lba=3065..3081 gap=4 ov=0
[rx] {"t":"event","op":"msc.reads","ms":185622,"gap":4,"lba0":3089,"lba1":3089,"bytes":4096,"n":1,"kind":2,"ov":0}
[msc.reads] n=1 bytes=4096 lba=3089..3089 gap=4 ov=0
[rx] {"t":"event","op":"msc.reads","ms":185626,"gap":4,"lba0":3097,"lba1":3097,"bytes":4096,"n":1,"kind":2,"ov":0}
[msc.reads] n=1 bytes=4096 lba=3097..3097 gap=4 ov=0
[rx] {"t":"event","op":"msc.reads","ms":185630,"gap":4,"lba0":3105,"lba1":3105,"bytes":4096,"n":1,"kind":2,"ov":0}
[msc.reads] n=1 bytes=4096 lba=3105..3105 gap=4 ov=0
[rx] {"t":"event","op":"msc.reads","ms":185634,"gap":4,"lba0":3113,"lba1":3113,"bytes":4096,"n":1,"kind":2,"ov":0}
[msc.reads] n=1 bytes=4096 lba=3113..3113 gap=4 ov=0
[rx] {"t":"event","op":"msc.reads","ms":185638,"gap":4,"lba0":3121,"lba1":3121,"bytes":4096,"n":1,"kind":2,"ov":0}
[msc.reads] n=1 bytes=4096 lba=3121..3121 gap=4 ov=0
[rx] {"t":"event","op":"msc.reads","ms":185641,"gap":3,"lba0":3129,"lba1":3185,"bytes":32768,"n":8,"kind":2,"ov":0}
[msc.reads] n=8 bytes=32768 lba=3129..3185 gap=3 ov=0
[rx] {"t":"event","op":"msc.reads","ms":185671,"gap":3,"lba0":3193,"lba1":3201,"bytes":8192,"n":2,"kind":2,"ov":0}
[msc.reads] n=2 bytes=8192 lba=3193..3201 gap=3 ov=0
[rx] {"t":"event","op":"msc.reads","ms":185679,"gap":4,"lba0":3209,"lba1":3209,"bytes":4096,"n":1,"kind":2,"ov":0}
[msc.reads] n=1 bytes=4096 lba=3209..3209 gap=4 ov=0
[rx] {"t":"event","op":"msc.reads","ms":185683,"gap":4,"lba0":3217,"lba1":3217,"bytes":4096,"n":1,"kind":2,"ov":0}
[msc.reads] n=1 bytes=4096 lba=3217..3217 gap=4 ov=0
[rx] {"t":"event","op":"msc.reads","ms":185687,"gap":4,"lba0":3225,"lba1":3225,"bytes":4096,"n":1,"kind":2,"ov":0}
[msc.reads] n=1 bytes=4096 lba=3225..3225 gap=4 ov=0
[rx] {"t":"event","op":"msc.reads","ms":185691,"gap":4,"lba0":3233,"lba1":3289,"bytes":32768,"n":8,"kind":2,"ov":0}
[msc.reads] n=8 bytes=32768 lba=3233..3289 gap=4 ov=0
[rx] {"t":"event","op":"msc.reads","ms":185720,"gap":4,"lba0":3297,"lba1":3297,"bytes":4096,"n":1,"kind":2,"ov":0}
[msc.reads] n=1 bytes=4096 lba=3297..3297 gap=4 ov=0
[rx] {"t":"event","op":"msc.reads","ms":185724,"gap":4,"lba0":3305,"lba1":3321,"bytes":12288,"n":3,"kind":2,"ov":0}
[msc.reads] n=3 bytes=12288 lba=3305..3321 gap=4 ov=0
[rx] {"t":"event","op":"msc.reads","ms":185735,"gap":4,"lba0":3329,"lba1":3329,"bytes":4096,"n":1,"kind":2,"ov":0}
[msc.reads] n=1 bytes=4096 lba=3329..3329 gap=4 ov=0
[rx] {"t":"event","op":"msc.reads","ms":185739,"gap":4,"lba0":3337,"lba1":3337,"bytes":4096,"n":1,"kind":2,"ov":0}
[msc.reads] n=1 bytes=4096 lba=3337..3337 gap=4 ov=0
[rx] {"t":"event","op":"msc.reads","ms":185742,"gap":3,"lba0":3345,"lba1":3345,"bytes":4096,"n":1,"kind":2,"ov":0}
[msc.reads] n=1 bytes=4096 lba=3345..3345 gap=3 ov=0
[rx] {"t":"event","op":"diag","code":"play.reject","detail":"not_from_head uid=1977938832270506073 from=2689 +344064B age=37934ms prefetch"}
[msc] play.reject not_from_head uid=1977938832270506073 from=2689 +344064B age=37934ms prefetch
[rx] {"t":"event","op":"msc.reads","ms":185746,"gap":4,"lba0":3353,"lba1":3353,"bytes":4096,"n":1,"kind":2,"ov":0}
[msc.reads] n=1 bytes=4096 lba=3353..3353 gap=4 ov=0
[rx] {"t":"event","op":"msc.reads","ms":185764,"gap":18,"lba0":3361,"lba1":3361,"bytes":4096,"n":1,"kind":2,"ov":0}
[msc.reads] n=1 bytes=4096 lba=3361..3361 gap=18 ov=0
[rx] {"t":"event","op":"msc.reads","ms":185767,"gap":3,"lba0":3369,"lba1":3369,"bytes":4096,"n":1,"kind":2,"ov":0}
[msc.reads] n=1 bytes=4096 lba=3369..3369 gap=3 ov=0
[rx] {"t":"event","op":"msc.reads","ms":185771,"gap":4,"lba0":3377,"lba1":3385,"bytes":8192,"n":2,"kind":2,"ov":0}
[msc.reads] n=2 bytes=8192 lba=3377..3385 gap=4 ov=0
[rx] {"t":"event","op":"msc.reads","ms":185779,"gap":4,"lba0":3393,"lba1":3393,"bytes":4096,"n":1,"kind":2,"ov":0}
[msc.reads] n=1 bytes=4096 lba=3393..3393 gap=4 ov=0
[rx] {"t":"event","op":"msc.reads","ms":185783,"gap":4,"lba0":3401,"lba1":3401,"bytes":4096,"n":1,"kind":2,"ov":0}
[msc.reads] n=1 bytes=4096 lba=3401..3401 gap=4 ov=0
[rx] {"t":"event","op":"msc.reads","ms":185787,"gap":4,"lba0":5121,"lba1":5121,"bytes":4096,"n":1,"kind":2,"ov":0}
[msc.reads] n=1 bytes=4096 lba=5121..5121 gap=4 ov=0
[rx] {"t":"event","op":"msc.reads","ms":185791,"gap":4,"lba0":5129,"lba1":5129,"bytes":4096,"n":1,"kind":2,"ov":0}
[msc.reads] n=1 bytes=4096 lba=5129..5129 gap=4 ov=0
[rx] {"t":"event","op":"msc.reads","ms":185795,"gap":4,"lba0":5137,"lba1":5137,"bytes":4096,"n":1,"kind":2,"ov":0}
[msc.reads] n=1 bytes=4096 lba=5137..5137 gap=4 ov=0
[rx] {"t":"event","op":"msc.reads","ms":185799,"gap":4,"lba0":5145,"lba1":5153,"bytes":8192,"n":2,"kind":2,"ov":0}
[msc.reads] n=2 bytes=8192 lba=5145..5153 gap=4 ov=0
[rx] {"t":"event","op":"msc.reads","ms":185806,"gap":4,"lba0":5161,"lba1":5161,"bytes":4096,"n":1,"kind":2,"ov":0}
[msc.reads] n=1 bytes=4096 lba=5161..5161 gap=4 ov=0
[rx] {"t":"event","op":"msc.reads","ms":185810,"gap":4,"lba0":5169,"lba1":5169,"bytes":4096,"n":1,"kind":2,"ov":0}
[msc.reads] n=1 bytes=4096 lba=5169..5169 gap=4 ov=0
[rx] {"t":"event","op":"msc.reads","ms":185814,"gap":4,"lba0":5177,"lba1":5177,"bytes":4096,"n":1,"kind":2,"ov":0}
[msc.reads] n=1 bytes=4096 lba=5177..5177 gap=4 ov=0
[rx] {"t":"event","op":"msc.reads","ms":185818,"gap":4,"lba0":5185,"lba1":5185,"bytes":4096,"n":1,"kind":2,"ov":0}
[msc.reads] n=1 bytes=4096 lba=5185..5185 gap=4 ov=0
[rx] {"t":"event","op":"msc.reads","ms":185822,"gap":4,"lba0":5193,"lba1":5193,"bytes":4096,"n":1,"kind":2,"ov":0}
[msc.reads] n=1 bytes=4096 lba=5193..5193 gap=4 ov=0
[rx] {"t":"event","op":"msc.reads","ms":185826,"gap":4,"lba0":5201,"lba1":5209,"bytes":8192,"n":2,"kind":2,"ov":0}
[msc.reads] n=2 bytes=8192 lba=5201..5209 gap=4 ov=0
[rx] {"t":"event","op":"msc.reads","ms":185833,"gap":3,"lba0":5217,"lba1":5217,"bytes":4096,"n":1,"kind":2,"ov":0}
[msc.reads] n=1 bytes=4096 lba=5217..5217 gap=3 ov=0
[rx] {"t":"event","op":"msc.reads","ms":185837,"gap":4,"lba0":5225,"lba1":5225,"bytes":4096,"n":1,"kind":2,"ov":0}
[msc.reads] n=1 bytes=4096 lba=5225..5225 gap=4 ov=0
[rx] {"t":"event","op":"msc.reads","ms":185841,"gap":4,"lba0":5233,"lba1":5305,"bytes":40960,"n":10,"kind":2,"ov":0}
[msc.reads] n=10 bytes=40960 lba=5233..5305 gap=4 ov=0
[rx] {"t":"event","op":"msc.reads","ms":185878,"gap":4,"lba0":5313,"lba1":5313,"bytes":4096,"n":1,"kind":2,"ov":0}
[msc.reads] n=1 bytes=4096 lba=5313..5313 gap=4 ov=0
[rx] {"t":"event","op":"msc.reads","ms":185882,"gap":4,"lba0":5321,"lba1":5321,"bytes":4096,"n":1,"kind":2,"ov":0}
[msc.reads] n=1 bytes=4096 lba=5321..5321 gap=4 ov=0
[rx] {"t":"event","op":"msc.reads","ms":185886,"gap":4,"lba0":5329,"lba1":5329,"bytes":4096,"n":1,"kind":2,"ov":0}
[msc.reads] n=1 bytes=4096 lba=5329..5329 gap=4 ov=0
[rx] {"t":"event","op":"msc.reads","ms":185890,"gap":4,"lba0":5337,"lba1":5337,"bytes":4096,"n":1,"kind":2,"ov":0}
[msc.reads] n=1 bytes=4096 lba=5337..5337 gap=4 ov=0
[rx] {"t":"event","op":"msc.reads","ms":185894,"gap":4,"lba0":5345,"lba1":5345,"bytes":4096,"n":1,"kind":2,"ov":0}
[msc.reads] n=1 bytes=4096 lba=5345..5345 gap=4 ov=0
[rx] {"t":"event","op":"msc.reads","ms":185897,"gap":3,"lba0":5353,"lba1":5401,"bytes":28672,"n":7,"kind":2,"ov":0}
[msc.reads] n=7 bytes=28672 lba=5353..5401 gap=3 ov=0
[rx] {"t":"event","op":"msc.reads","ms":185924,"gap":4,"lba0":5409,"lba1":5409,"bytes":4096,"n":1,"kind":2,"ov":0}
[msc.reads] n=1 bytes=4096 lba=5409..5409 gap=4 ov=0
[rx] {"t":"event","op":"msc.reads","ms":185928,"gap":4,"lba0":5417,"lba1":5417,"bytes":4096,"n":1,"kind":2,"ov":0}
[msc.reads] n=1 bytes=4096 lba=5417..5417 gap=4 ov=0
[rx] {"t":"event","op":"msc.reads","ms":185932,"gap":4,"lba0":5425,"lba1":5505,"bytes":45056,"n":11,"kind":2,"ov":0}
[msc.reads] n=11 bytes=45056 lba=5425..5505 gap=4 ov=0
[rx] {"t":"event","op":"msc.reads","ms":185972,"gap":4,"lba0":5513,"lba1":5513,"bytes":4096,"n":1,"kind":2,"ov":0}
[msc.reads] n=1 bytes=4096 lba=5513..5513 gap=4 ov=0
[rx] {"t":"event","op":"msc.reads","ms":185976,"gap":4,"lba0":5521,"lba1":5521,"bytes":4096,"n":1,"kind":2,"ov":0}
[msc.reads] n=1 bytes=4096 lba=5521..5521 gap=4 ov=0
[rx] {"t":"event","op":"msc.reads","ms":185980,"gap":4,"lba0":5529,"lba1":5537,"bytes":8192,"n":2,"kind":2,"ov":0}
[msc.reads] n=2 bytes=8192 lba=5529..5537 gap=4 ov=0
[rx] {"t":"event","op":"msc.reads","ms":185987,"gap":4,"lba0":5545,"lba1":5545,"bytes":4096,"n":1,"kind":2,"ov":0}
[msc.reads] n=1 bytes=4096 lba=5545..5545 gap=4 ov=0
[rx] {"t":"event","op":"msc.reads","ms":185991,"gap":4,"lba0":5553,"lba1":5553,"bytes":4096,"n":1,"kind":2,"ov":0}
[msc.reads] n=1 bytes=4096 lba=5553..5553 gap=4 ov=0
[rx] {"t":"event","op":"msc.reads","ms":185995,"gap":4,"lba0":5561,"lba1":5625,"bytes":36864,"n":9,"kind":2,"ov":0}
[msc.reads] n=9 bytes=36864 lba=5561..5625 gap=4 ov=0
[rx] {"t":"event","op":"msc.reads","ms":186028,"gap":4,"lba0":5633,"lba1":5633,"bytes":4096,"n":1,"kind":2,"ov":0}
[msc.reads] n=1 bytes=4096 lba=5633..5633 gap=4 ov=0
[rx] {"t":"event","op":"msc.reads","ms":186033,"gap":5,"lba0":5641,"lba1":5641,"bytes":4096,"n":1,"kind":2,"ov":0}
[msc.reads] n=1 bytes=4096 lba=5641..5641 gap=5 ov=0
[rx] {"t":"event","op":"msc.reads","ms":186036,"gap":3,"lba0":5649,"lba1":5657,"bytes":8192,"n":2,"kind":2,"ov":0}
[msc.reads] n=2 bytes=8192 lba=5649..5657 gap=3 ov=0
[rx] {"t":"event","op":"msc.reads","ms":186044,"gap":4,"lba0":5665,"lba1":5665,"bytes":4096,"n":1,"kind":2,"ov":0}
[msc.reads] n=1 bytes=4096 lba=5665..5665 gap=4 ov=0
[rx] {"t":"event","op":"msc.reads","ms":186048,"gap":4,"lba0":5673,"lba1":5673,"bytes":4096,"n":1,"kind":2,"ov":0}
[msc.reads] n=1 bytes=4096 lba=5673..5673 gap=4 ov=0
[rx] {"t":"event","op":"msc.reads","ms":186052,"gap":4,"lba0":5681,"lba1":5721,"bytes":24576,"n":6,"kind":2,"ov":0}
[msc.reads] n=6 bytes=24576 lba=5681..5721 gap=4 ov=0
[rx] {"t":"event","op":"msc.reads","ms":186074,"gap":4,"lba0":5729,"lba1":5825,"bytes":53248,"n":13,"kind":2,"ov":0}
[msc.reads] n=13 bytes=53248 lba=5729..5825 gap=4 ov=0
[rx] {"t":"event","op":"msc.reads","ms":186121,"gap":4,"lba0":5833,"lba1":5833,"bytes":4096,"n":1,"kind":2,"ov":0}
[msc.reads] n=1 bytes=4096 lba=5833..5833 gap=4 ov=0
[rx] {"t":"event","op":"msc.reads","ms":186125,"gap":4,"lba0":3409,"lba1":3409,"bytes":4096,"n":1,"kind":2,"ov":0}
[msc.reads] n=1 bytes=4096 lba=3409..3409 gap=4 ov=0
[rx] {"t":"event","op":"msc.reads","ms":186129,"gap":4,"lba0":3417,"lba1":3417,"bytes":4096,"n":1,"kind":2,"ov":0}
[msc.reads] n=1 bytes=4096 lba=3417..3417 gap=4 ov=0
[rx] {"t":"event","op":"msc.reads","ms":186133,"gap":4,"lba0":3425,"lba1":3433,"bytes":8192,"n":2,"kind":2,"ov":0}
[msc.reads] n=2 bytes=8192 lba=3425..3433 gap=4 ov=0
[rx] {"t":"event","op":"msc.reads","ms":186141,"gap":4,"lba0":3441,"lba1":3441,"bytes":4096,"n":1,"kind":2,"ov":0}
[msc.reads] n=1 bytes=4096 lba=3441..3441 gap=4 ov=0
[rx] {"t":"event","op":"msc.reads","ms":186145,"gap":4,"lba0":3449,"lba1":3449,"bytes":4096,"n":1,"kind":2,"ov":0}
[msc.reads] n=1 bytes=4096 lba=3449..3449 gap=4 ov=0
[rx] {"t":"event","op":"msc.reads","ms":186148,"gap":3,"lba0":3457,"lba1":3513,"bytes":32768,"n":8,"kind":2,"ov":0}
[msc.reads] n=8 bytes=32768 lba=3457..3513 gap=3 ov=0
[rx] {"t":"event","op":"msc.reads","ms":186178,"gap":4,"lba0":3521,"lba1":3521,"bytes":4096,"n":1,"kind":2,"ov":0}
[msc.reads] n=1 bytes=4096 lba=3521..3521 gap=4 ov=0
[rx] {"t":"event","op":"msc.reads","ms":186182,"gap":4,"lba0":3529,"lba1":3537,"bytes":8192,"n":2,"kind":2,"ov":0}
[msc.reads] n=2 bytes=8192 lba=3529..3537 gap=4 ov=0
[rx] {"t":"event","op":"msc.reads","ms":186189,"gap":3,"lba0":3545,"lba1":3545,"bytes":4096,"n":1,"kind":2,"ov":0}
[msc.reads] n=1 bytes=4096 lba=3545..3545 gap=3 ov=0
[rx] {"t":"event","op":"msc.reads","ms":186193,"gap":4,"lba0":3553,"lba1":3553,"bytes":4096,"n":1,"kind":2,"ov":0}
[msc.reads] n=1 bytes=4096 lba=3553..3553 gap=4 ov=0
[rx] {"t":"event","op":"msc.reads","ms":186197,"gap":4,"lba0":3561,"lba1":3561,"bytes":4096,"n":1,"kind":2,"ov":0}
[msc.reads] n=1 bytes=4096 lba=3561..3561 gap=4 ov=0
[rx] {"t":"event","op":"msc.reads","ms":186201,"gap":4,"lba0":3569,"lba1":3569,"bytes":4096,"n":1,"kind":2,"ov":0}
[msc.reads] n=1 bytes=4096 lba=3569..3569 gap=4 ov=0
[rx] {"t":"event","op":"msc.reads","ms":186205,"gap":4,"lba0":3577,"lba1":3577,"bytes":4096,"n":1,"kind":2,"ov":0}
[msc.reads] n=1 bytes=4096 lba=3577..3577 gap=4 ov=0
[rx] {"t":"event","op":"msc.reads","ms":186209,"gap":4,"lba0":3585,"lba1":3593,"bytes":8192,"n":2,"kind":2,"ov":0}
[msc.reads] n=2 bytes=8192 lba=3585..3593 gap=4 ov=0
[rx] {"t":"event","op":"msc.reads","ms":186216,"gap":4,"lba0":3601,"lba1":3601,"bytes":4096,"n":1,"kind":2,"ov":0}
[msc.reads] n=1 bytes=4096 lba=3601..3601 gap=4 ov=0
[rx] {"t":"event","op":"msc.reads","ms":186220,"gap":4,"lba0":3609,"lba1":3609,"bytes":4096,"n":1,"kind":2,"ov":0}
[msc.reads] n=1 bytes=4096 lba=3609..3609 gap=4 ov=0
[rx] {"t":"event","op":"msc.reads","ms":186224,"gap":4,"lba0":3617,"lba1":3617,"bytes":4096,"n":1,"kind":2,"ov":0}
[msc.reads] n=1 bytes=4096 lba=3617..3617 gap=4 ov=0
[rx] {"t":"event","op":"msc.reads","ms":186228,"gap":4,"lba0":3625,"lba1":3625,"bytes":4096,"n":1,"kind":2,"ov":0}
[msc.reads] n=1 bytes=4096 lba=3625..3625 gap=4 ov=0
[rx] {"t":"event","op":"msc.reads","ms":186232,"gap":4,"lba0":3633,"lba1":3633,"bytes":4096,"n":1,"kind":2,"ov":0}
[msc.reads] n=1 bytes=4096 lba=3633..3633 gap=4 ov=0
[rx] {"t":"event","op":"msc.reads","ms":186236,"gap":4,"lba0":3641,"lba1":3641,"bytes":4096,"n":1,"kind":2,"ov":0}
[msc.reads] n=1 bytes=4096 lba=3641..3641 gap=4 ov=0
[rx] {"t":"event","op":"msc.reads","ms":186240,"gap":4,"lba0":3649,"lba1":3649,"bytes":4096,"n":1,"kind":2,"ov":0}
[msc.reads] n=1 bytes=4096 lba=3649..3649 gap=4 ov=0
[rx] {"t":"event","op":"msc.reads","ms":186244,"gap":4,"lba0":3657,"lba1":3657,"bytes":4096,"n":1,"kind":2,"ov":0}
[msc.reads] n=1 bytes=4096 lba=3657..3657 gap=4 ov=0
[rx] {"t":"event","op":"msc.reads","ms":186248,"gap":4,"lba0":3665,"lba1":3673,"bytes":8192,"n":2,"kind":2,"ov":0}
[msc.reads] n=2 bytes=8192 lba=3665..3673 gap=4 ov=0
[rx] {"t":"event","op":"msc.reads","ms":186255,"gap":4,"lba0":3681,"lba1":3681,"bytes":4096,"n":1,"kind":2,"ov":0}
[msc.reads] n=1 bytes=4096 lba=3681..3681 gap=4 ov=0
[rx] {"t":"event","op":"msc.reads","ms":186259,"gap":4,"lba0":3689,"lba1":3689,"bytes":4096,"n":1,"kind":2,"ov":0}
[msc.reads] n=1 bytes=4096 lba=3689..3689 gap=4 ov=0
[rx] {"t":"event","op":"msc.reads","ms":186263,"gap":4,"lba0":3697,"lba1":3777,"bytes":45056,"n":11,"kind":2,"ov":0}
[msc.reads] n=11 bytes=45056 lba=3697..3777 gap=4 ov=0
[rx] {"t":"event","op":"msc.reads","ms":186305,"gap":4,"lba0":3785,"lba1":3793,"bytes":8192,"n":2,"kind":2,"ov":0}
[msc.reads] n=2 bytes=8192 lba=3785..3793 gap=4 ov=0
[rx] {"t":"event","op":"msc.reads","ms":186313,"gap":4,"lba0":3801,"lba1":3801,"bytes":4096,"n":1,"kind":2,"ov":0}
[msc.reads] n=1 bytes=4096 lba=3801..3801 gap=4 ov=0
[rx] {"t":"event","op":"msc.reads","ms":186316,"gap":3,"lba0":3809,"lba1":3809,"bytes":4096,"n":1,"kind":2,"ov":0}
[msc.reads] n=1 bytes=4096 lba=3809..3809 gap=3 ov=0
[rx] {"t":"event","op":"msc.reads","ms":186320,"gap":4,"lba0":3817,"lba1":3817,"bytes":4096,"n":1,"kind":2,"ov":0}
[msc.reads] n=1 bytes=4096 lba=3817..3817 gap=4 ov=0
[rx] {"t":"event","op":"msc.reads","ms":186324,"gap":4,"lba0":3825,"lba1":3825,"bytes":4096,"n":1,"kind":2,"ov":0}
[msc.reads] n=1 bytes=4096 lba=3825..3825 gap=4 ov=0
[rx] {"t":"event","op":"msc.reads","ms":186328,"gap":4,"lba0":3833,"lba1":3833,"bytes":4096,"n":1,"kind":2,"ov":0}
[msc.reads] n=1 bytes=4096 lba=3833..3833 gap=4 ov=0
[rx] {"t":"event","op":"msc.reads","ms":186332,"gap":4,"lba0":3841,"lba1":3841,"bytes":4096,"n":1,"kind":2,"ov":0}
[msc.reads] n=1 bytes=4096 lba=3841..3841 gap=4 ov=0
[rx] {"t":"event","op":"msc.reads","ms":186336,"gap":4,"lba0":3849,"lba1":3857,"bytes":8192,"n":2,"kind":2,"ov":0}
[msc.reads] n=2 bytes=8192 lba=3849..3857 gap=4 ov=0
[rx] {"t":"event","op":"msc.reads","ms":186343,"gap":4,"lba0":3865,"lba1":3865,"bytes":4096,"n":1,"kind":2,"ov":0}
[msc.reads] n=1 bytes=4096 lba=3865..3865 gap=4 ov=0
[rx] {"t":"event","op":"msc.reads","ms":186347,"gap":4,"lba0":3873,"lba1":3873,"bytes":4096,"n":1,"kind":2,"ov":0}
[msc.reads] n=1 bytes=4096 lba=3873..3873 gap=4 ov=0
[rx] {"t":"event","op":"msc.reads","ms":186351,"gap":4,"lba0":3881,"lba1":3881,"bytes":4096,"n":1,"kind":2,"ov":0}
[msc.reads] n=1 bytes=4096 lba=3881..3881 gap=4 ov=0
[rx] {"t":"event","op":"msc.reads","ms":186355,"gap":4,"lba0":3889,"lba1":3945,"bytes":32768,"n":8,"kind":2,"ov":0}
[msc.reads] n=8 bytes=32768 lba=3889..3945 gap=4 ov=0
[rx] {"t":"event","op":"msc.reads","ms":186385,"gap":4,"lba0":3953,"lba1":3953,"bytes":4096,"n":1,"kind":2,"ov":0}
[msc.reads] n=1 bytes=4096 lba=3953..3953 gap=4 ov=0
[rx] {"t":"event","op":"msc.reads","ms":186388,"gap":3,"lba0":3961,"lba1":3961,"bytes":4096,"n":1,"kind":2,"ov":0}
[msc.reads] n=1 bytes=4096 lba=3961..3961 gap=3 ov=0
[rx] {"t":"event","op":"msc.reads","ms":186392,"gap":4,"lba0":3969,"lba1":3977,"bytes":8192,"n":2,"kind":2,"ov":0}
[msc.reads] n=2 bytes=8192 lba=3969..3977 gap=4 ov=0
[rx] {"t":"event","op":"msc.reads","ms":186400,"gap":4,"lba0":3985,"lba1":3985,"bytes":4096,"n":1,"kind":2,"ov":0}
[msc.reads] n=1 bytes=4096 lba=3985..3985 gap=4 ov=0
[rx] {"t":"event","op":"msc.reads","ms":186404,"gap":4,"lba0":3993,"lba1":3993,"bytes":4096,"n":1,"kind":2,"ov":0}
[msc.reads] n=1 bytes=4096 lba=3993..3993 gap=4 ov=0
[rx] {"t":"event","op":"msc.reads","ms":186408,"gap":4,"lba0":4001,"lba1":4001,"bytes":4096,"n":1,"kind":2,"ov":0}
[msc.reads] n=1 bytes=4096 lba=4001..4001 gap=4 ov=0
[rx] {"t":"event","op":"msc.reads","ms":186412,"gap":4,"lba0":4009,"lba1":4009,"bytes":4096,"n":1,"kind":2,"ov":0}
[msc.reads] n=1 bytes=4096 lba=4009..4009 gap=4 ov=0
[rx] {"t":"event","op":"msc.reads","ms":186415,"gap":3,"lba0":4017,"lba1":4049,"bytes":20480,"n":5,"kind":2,"ov":0}
[msc.reads] n=5 bytes=20480 lba=4017..4049 gap=3 ov=0
[rx] {"t":"event","op":"msc.reads","ms":186434,"gap":4,"lba0":4057,"lba1":5873,"bytes":57344,"n":14,"kind":2,"ov":0}
[msc.reads] n=14 bytes=57344 lba=4057..5873 gap=4 ov=0
[rx] {"t":"event","op":"msc.reads","ms":186486,"gap":4,"lba0":5881,"lba1":5881,"bytes":4096,"n":1,"kind":2,"ov":0}
[msc.reads] n=1 bytes=4096 lba=5881..5881 gap=4 ov=0
[rx] {"t":"event","op":"msc.reads","ms":186490,"gap":4,"lba0":5889,"lba1":5889,"bytes":4096,"n":1,"kind":2,"ov":0}
[msc.reads] n=1 bytes=4096 lba=5889..5889 gap=4 ov=0
[rx] {"t":"event","op":"msc.reads","ms":186493,"gap":3,"lba0":5897,"lba1":5897,"bytes":4096,"n":1,"kind":2,"ov":0}
[msc.reads] n=1 bytes=4096 lba=5897..5897 gap=3 ov=0
[rx] {"t":"event","op":"msc.reads","ms":186497,"gap":4,"lba0":5905,"lba1":5961,"bytes":32768,"n":8,"kind":2,"ov":0}
[msc.reads] n=8 bytes=32768 lba=5905..5961 gap=4 ov=0
[rx] {"t":"event","op":"msc.reads","ms":186527,"gap":4,"lba0":5969,"lba1":5969,"bytes":4096,"n":1,"kind":2,"ov":0}
[msc.reads] n=1 bytes=4096 lba=5969..5969 gap=4 ov=0
[rx] {"t":"event","op":"msc.reads","ms":186531,"gap":4,"lba0":5977,"lba1":5977,"bytes":4096,"n":1,"kind":2,"ov":0}
[msc.reads] n=1 bytes=4096 lba=5977..5977 gap=4 ov=0
[rx] {"t":"event","op":"msc.reads","ms":186535,"gap":4,"lba0":5985,"lba1":5993,"bytes":8192,"n":2,"kind":2,"ov":0}
[msc.reads] n=2 bytes=8192 lba=5985..5993 gap=4 ov=0
[rx] {"t":"event","op":"msc.reads","ms":186542,"gap":4,"lba0":6001,"lba1":6001,"bytes":4096,"n":1,"kind":2,"ov":0}
[msc.reads] n=1 bytes=4096 lba=6001..6001 gap=4 ov=0
[rx] {"t":"event","op":"msc.reads","ms":186546,"gap":4,"lba0":6009,"lba1":6009,"bytes":4096,"n":1,"kind":2,"ov":0}
[msc.reads] n=1 bytes=4096 lba=6009..6009 gap=4 ov=0
[rx] {"t":"event","op":"diag","code":"play.reject","detail":"not_from_head uid=1977938832270506073 from=5841 +90112B age=38734ms prefetch"}
[msc] play.reject not_from_head uid=1977938832270506073 from=5841 +90112B age=38734ms prefetch
[rx] {"t":"event","op":"msc.reads","ms":186563,"gap":17,"lba0":6017,"lba1":6017,"bytes":4096,"n":1,"kind":2,"ov":0}
[msc.reads] n=1 bytes=4096 lba=6017..6017 gap=17 ov=0
[rx] {"t":"event","op":"msc.reads","ms":186567,"gap":4,"lba0":6025,"lba1":6057,"bytes":20480,"n":5,"kind":2,"ov":0}
[msc.reads] n=5 bytes=20480 lba=6025..6057 gap=4 ov=0
[rx] {"t":"event","op":"msc.reads","ms":186586,"gap":4,"lba0":6065,"lba1":6065,"bytes":4096,"n":1,"kind":2,"ov":0}
[msc.reads] n=1 bytes=4096 lba=6065..6065 gap=4 ov=0
[rx] {"t":"event","op":"msc.reads","ms":186589,"gap":3,"lba0":6073,"lba1":6073,"bytes":4096,"n":1,"kind":2,"ov":0}
[msc.reads] n=1 bytes=4096 lba=6073..6073 gap=3 ov=0
[rx] {"t":"event","op":"msc.reads","ms":186593,"gap":4,"lba0":6081,"lba1":6153,"bytes":40960,"n":10,"kind":2,"ov":0}
[msc.reads] n=10 bytes=40960 lba=6081..6153 gap=4 ov=0
[rx] {"t":"event","op":"msc.reads","ms":186630,"gap":4,"lba0":6161,"lba1":6161,"bytes":4096,"n":1,"kind":2,"ov":0}
[msc.reads] n=1 bytes=4096 lba=6161..6161 gap=4 ov=0
[rx] {"t":"event","op":"msc.reads","ms":186634,"gap":4,"lba0":6169,"lba1":6177,"bytes":8192,"n":2,"kind":2,"ov":0}
[msc.reads] n=2 bytes=8192 lba=6169..6177 gap=4 ov=0
[rx] {"t":"event","op":"msc.reads","ms":186641,"gap":3,"lba0":6185,"lba1":6185,"bytes":4096,"n":1,"kind":2,"ov":0}
[msc.reads] n=1 bytes=4096 lba=6185..6185 gap=3 ov=0
[rx] {"t":"event","op":"msc.reads","ms":186645,"gap":4,"lba0":6193,"lba1":6193,"bytes":4096,"n":1,"kind":2,"ov":0}
[msc.reads] n=1 bytes=4096 lba=6193..6193 gap=4 ov=0
[rx] {"t":"event","op":"msc.reads","ms":186649,"gap":4,"lba0":6201,"lba1":6201,"bytes":4096,"n":1,"kind":2,"ov":0}
[msc.reads] n=1 bytes=4096 lba=6201..6201 gap=4 ov=0
[rx] {"t":"event","op":"msc.reads","ms":186653,"gap":4,"lba0":6209,"lba1":6209,"bytes":4096,"n":1,"kind":2,"ov":0}
[msc.reads] n=1 bytes=4096 lba=6209..6209 gap=4 ov=0
[rx] {"t":"event","op":"msc.reads","ms":186657,"gap":4,"lba0":6217,"lba1":6281,"bytes":36864,"n":9,"kind":2,"ov":0}
[msc.reads] n=9 bytes=36864 lba=6217..6281 gap=4 ov=0
[rx] {"t":"event","op":"msc.reads","ms":186690,"gap":4,"lba0":6289,"lba1":6289,"bytes":4096,"n":1,"kind":2,"ov":0}
[msc.reads] n=1 bytes=4096 lba=6289..6289 gap=4 ov=0
[rx] {"t":"event","op":"msc.reads","ms":186693,"gap":3,"lba0":6297,"lba1":6297,"bytes":4096,"n":1,"kind":2,"ov":0}
[msc.reads] n=1 bytes=4096 lba=6297..6297 gap=3 ov=0
[rx] {"t":"event","op":"msc.reads","ms":186697,"gap":4,"lba0":6305,"lba1":6313,"bytes":8192,"n":2,"kind":2,"ov":0}
[msc.reads] n=2 bytes=8192 lba=6305..6313 gap=4 ov=0
[rx] {"t":"event","op":"msc.reads","ms":186705,"gap":4,"lba0":6321,"lba1":6401,"bytes":45056,"n":11,"kind":2,"ov":0}
[msc.reads] n=11 bytes=45056 lba=6321..6401 gap=4 ov=0
[rx] {"t":"event","op":"msc.reads","ms":186747,"gap":4,"lba0":6409,"lba1":6409,"bytes":4096,"n":1,"kind":2,"ov":0}
[msc.reads] n=1 bytes=4096 lba=6409..6409 gap=4 ov=0
[rx] {"t":"event","op":"msc.reads","ms":186751,"gap":4,"lba0":6417,"lba1":6417,"bytes":4096,"n":1,"kind":2,"ov":0}
[msc.reads] n=1 bytes=4096 lba=6417..6417 gap=4 ov=0
[rx] {"t":"event","op":"msc.reads","ms":186755,"gap":4,"lba0":6425,"lba1":6425,"bytes":4096,"n":1,"kind":2,"ov":0}
[msc.reads] n=1 bytes=4096 lba=6425..6425 gap=4 ov=0
[rx] {"t":"event","op":"msc.reads","ms":186759,"gap":4,"lba0":6433,"lba1":6433,"bytes":4096,"n":1,"kind":2,"ov":0}
[msc.reads] n=1 bytes=4096 lba=6433..6433 gap=4 ov=0
[rx] {"t":"event","op":"msc.reads","ms":186763,"gap":4,"lba0":6441,"lba1":6449,"bytes":8192,"n":2,"kind":2,"ov":0}
[msc.reads] n=2 bytes=8192 lba=6441..6449 gap=4 ov=0
[rx] {"t":"event","op":"msc.reads","ms":186771,"gap":4,"lba0":6457,"lba1":6457,"bytes":4096,"n":1,"kind":2,"ov":0}
[msc.reads] n=1 bytes=4096 lba=6457..6457 gap=4 ov=0
[rx] {"t":"event","op":"msc.reads","ms":186775,"gap":4,"lba0":6465,"lba1":6465,"bytes":4096,"n":1,"kind":2,"ov":0}
[msc.reads] n=1 bytes=4096 lba=6465..6465 gap=4 ov=0
[rx] {"t":"event","op":"msc.reads","ms":186779,"gap":4,"lba0":6473,"lba1":6473,"bytes":4096,"n":1,"kind":2,"ov":0}
[msc.reads] n=1 bytes=4096 lba=6473..6473 gap=4 ov=0
[rx] {"t":"event","op":"msc.reads","ms":186783,"gap":4,"lba0":6481,"lba1":6481,"bytes":4096,"n":1,"kind":2,"ov":0}
[msc.reads] n=1 bytes=4096 lba=6481..6481 gap=4 ov=0
[rx] {"t":"event","op":"msc.reads","ms":186787,"gap":4,"lba0":6489,"lba1":6489,"bytes":4096,"n":1,"kind":2,"ov":0}
[msc.reads] n=1 bytes=4096 lba=6489..6489 gap=4 ov=0
[rx] {"t":"event","op":"msc.reads","ms":186791,"gap":4,"lba0":6497,"lba1":6497,"bytes":4096,"n":1,"kind":2,"ov":0}
[msc.reads] n=1 bytes=4096 lba=6497..6497 gap=4 ov=0
[rx] {"t":"event","op":"msc.reads","ms":186795,"gap":4,"lba0":6505,"lba1":6513,"bytes":8192,"n":2,"kind":2,"ov":0}
[msc.reads] n=2 bytes=8192 lba=6505..6513 gap=4 ov=0
[rx] {"t":"event","op":"msc.reads","ms":186802,"gap":3,"lba0":6521,"lba1":6521,"bytes":4096,"n":1,"kind":2,"ov":0}
[msc.reads] n=1 bytes=4096 lba=6521..6521 gap=3 ov=0
[rx] {"t":"event","op":"msc.reads","ms":186806,"gap":4,"lba0":6529,"lba1":6529,"bytes":4096,"n":1,"kind":2,"ov":0}
[msc.reads] n=1 bytes=4096 lba=6529..6529 gap=4 ov=0
[rx] {"t":"event","op":"msc.reads","ms":186810,"gap":4,"lba0":6537,"lba1":6537,"bytes":4096,"n":1,"kind":2,"ov":0}
[msc.reads] n=1 bytes=4096 lba=6537..6537 gap=4 ov=0
[rx] {"t":"event","op":"msc.reads","ms":186814,"gap":4,"lba0":6545,"lba1":6545,"bytes":4096,"n":1,"kind":2,"ov":0}
[msc.reads] n=1 bytes=4096 lba=6545..6545 gap=4 ov=0
[rx] {"t":"event","op":"msc.reads","ms":186818,"gap":4,"lba0":6553,"lba1":6553,"bytes":4096,"n":1,"kind":2,"ov":0}
[msc.reads] n=1 bytes=4096 lba=6553..6553 gap=4 ov=0
[rx] {"t":"event","op":"msc.reads","ms":186822,"gap":4,"lba0":4129,"lba1":4129,"bytes":4096,"n":1,"kind":2,"ov":0}
[msc.reads] n=1 bytes=4096 lba=4129..4129 gap=4 ov=0
[rx] {"t":"event","op":"msc.reads","ms":186826,"gap":4,"lba0":4137,"lba1":4137,"bytes":4096,"n":1,"kind":2,"ov":0}
[msc.reads] n=1 bytes=4096 lba=4137..4137 gap=4 ov=0
[rx] {"t":"event","op":"msc.reads","ms":186830,"gap":4,"lba0":4145,"lba1":4153,"bytes":8192,"n":2,"kind":2,"ov":0}
[msc.reads] n=2 bytes=8192 lba=4145..4153 gap=4 ov=0
[rx] {"t":"event","op":"msc.reads","ms":186837,"gap":4,"lba0":4161,"lba1":4161,"bytes":4096,"n":1,"kind":2,"ov":0}
[msc.reads] n=1 bytes=4096 lba=4161..4161 gap=4 ov=0
[rx] {"t":"event","op":"msc.reads","ms":186841,"gap":4,"lba0":4169,"lba1":4169,"bytes":4096,"n":1,"kind":2,"ov":0}
[msc.reads] n=1 bytes=4096 lba=4169..4169 gap=4 ov=0
[rx] {"t":"event","op":"msc.reads","ms":186845,"gap":4,"lba0":4177,"lba1":4177,"bytes":4096,"n":1,"kind":2,"ov":0}
[msc.reads] n=1 bytes=4096 lba=4177..4177 gap=4 ov=0
[rx] {"t":"event","op":"msc.reads","ms":186849,"gap":4,"lba0":4185,"lba1":4185,"bytes":4096,"n":1,"kind":2,"ov":0}
[msc.reads] n=1 bytes=4096 lba=4185..4185 gap=4 ov=0
[rx] {"t":"event","op":"msc.reads","ms":186853,"gap":4,"lba0":4193,"lba1":4193,"bytes":4096,"n":1,"kind":2,"ov":0}
[msc.reads] n=1 bytes=4096 lba=4193..4193 gap=4 ov=0
[rx] {"t":"event","op":"msc.reads","ms":186857,"gap":4,"lba0":4201,"lba1":4209,"bytes":8192,"n":2,"kind":2,"ov":0}
[msc.reads] n=2 bytes=8192 lba=4201..4209 gap=4 ov=0
[rx] {"t":"event","op":"msc.reads","ms":186864,"gap":4,"lba0":4217,"lba1":4217,"bytes":4096,"n":1,"kind":2,"ov":0}
[msc.reads] n=1 bytes=4096 lba=4217..4217 gap=4 ov=0
[rx] {"t":"event","op":"msc.reads","ms":186868,"gap":4,"lba0":4225,"lba1":4225,"bytes":4096,"n":1,"kind":2,"ov":0}
[msc.reads] n=1 bytes=4096 lba=4225..4225 gap=4 ov=0
[rx] {"t":"event","op":"msc.reads","ms":186872,"gap":4,"lba0":4233,"lba1":4233,"bytes":4096,"n":1,"kind":2,"ov":0}
[msc.reads] n=1 bytes=4096 lba=4233..4233 gap=4 ov=0
[rx] {"t":"event","op":"msc.reads","ms":186876,"gap":4,"lba0":4241,"lba1":4289,"bytes":28672,"n":7,"kind":2,"ov":0}
[msc.reads] n=7 bytes=28672 lba=4241..4289 gap=4 ov=0
[rx] {"t":"event","op":"msc.reads","ms":186902,"gap":4,"lba0":4297,"lba1":4313,"bytes":12288,"n":3,"kind":2,"ov":0}
[msc.reads] n=3 bytes=12288 lba=4297..4313 gap=4 ov=0
[rx] {"t":"event","op":"msc.reads","ms":186913,"gap":4,"lba0":4321,"lba1":4329,"bytes":8192,"n":2,"kind":2,"ov":0}
[msc.reads] n=2 bytes=8192 lba=4321..4329 gap=4 ov=0
[rx] {"t":"event","op":"msc.reads","ms":186920,"gap":4,"lba0":4337,"lba1":4337,"bytes":4096,"n":1,"kind":2,"ov":0}
[msc.reads] n=1 bytes=4096 lba=4337..4337 gap=4 ov=0
[rx] {"t":"event","op":"msc.reads","ms":186924,"gap":4,"lba0":4345,"lba1":4345,"bytes":4096,"n":1,"kind":2,"ov":0}
[msc.reads] n=1 bytes=4096 lba=4345..4345 gap=4 ov=0
[rx] {"t":"event","op":"msc.reads","ms":186928,"gap":4,"lba0":4353,"lba1":4385,"bytes":20480,"n":5,"kind":2,"ov":0}
[msc.reads] n=5 bytes=20480 lba=4353..4385 gap=4 ov=0
[rx] {"t":"event","op":"msc.reads","ms":186947,"gap":4,"lba0":4393,"lba1":4393,"bytes":4096,"n":1,"kind":2,"ov":0}
[msc.reads] n=1 bytes=4096 lba=4393..4393 gap=4 ov=0
[rx] {"t":"event","op":"msc.reads","ms":186951,"gap":4,"lba0":6561,"lba1":6657,"bytes":53248,"n":13,"kind":2,"ov":0}
[msc.reads] n=13 bytes=53248 lba=6561..6657 gap=4 ov=0
[rx] {"t":"event","op":"msc.reads","ms":186998,"gap":4,"lba0":6665,"lba1":6665,"bytes":4096,"n":1,"kind":2,"ov":0}
[msc.reads] n=1 bytes=4096 lba=6665..6665 gap=4 ov=0
[rx] {"t":"event","op":"msc.reads","ms":187002,"gap":4,"lba0":6673,"lba1":6673,"bytes":4096,"n":1,"kind":2,"ov":0}
[msc.reads] n=1 bytes=4096 lba=6673..6673 gap=4 ov=0
[rx] {"t":"event","op":"msc.reads","ms":187006,"gap":4,"lba0":6681,"lba1":6681,"bytes":4096,"n":1,"kind":2,"ov":0}
[msc.reads] n=1 bytes=4096 lba=6681..6681 gap=4 ov=0
[rx] {"t":"event","op":"msc.reads","ms":187010,"gap":4,"lba0":6689,"lba1":6689,"bytes":4096,"n":1,"kind":2,"ov":0}
[msc.reads] n=1 bytes=4096 lba=6689..6689 gap=4 ov=0
[rx] {"t":"event","op":"msc.reads","ms":187014,"gap":4,"lba0":6697,"lba1":6697,"bytes":4096,"n":1,"kind":2,"ov":0}
[msc.reads] n=1 bytes=4096 lba=6697..6697 gap=4 ov=0
[rx] {"t":"event","op":"msc.reads","ms":187018,"gap":4,"lba0":6705,"lba1":6705,"bytes":4096,"n":1,"kind":2,"ov":0}
[msc.reads] n=1 bytes=4096 lba=6705..6705 gap=4 ov=0
[rx] {"t":"event","op":"msc.reads","ms":187021,"gap":3,"lba0":6713,"lba1":6761,"bytes":28672,"n":7,"kind":2,"ov":0}
[msc.reads] n=7 bytes=28672 lba=6713..6761 gap=3 ov=0
[rx] {"t":"event","op":"msc.reads","ms":187047,"gap":4,"lba0":6769,"lba1":6777,"bytes":8192,"n":2,"kind":2,"ov":0}
[msc.reads] n=2 bytes=8192 lba=6769..6777 gap=4 ov=0
[rx] {"t":"event","op":"msc.reads","ms":187055,"gap":4,"lba0":6785,"lba1":6865,"bytes":45056,"n":11,"kind":2,"ov":0}
[msc.reads] n=11 bytes=45056 lba=6785..6865 gap=4 ov=0
[rx] {"t":"event","op":"msc.reads","ms":187096,"gap":4,"lba0":6873,"lba1":6873,"bytes":4096,"n":1,"kind":2,"ov":0}
[msc.reads] n=1 bytes=4096 lba=6873..6873 gap=4 ov=0
[rx] {"t":"event","op":"msc.reads","ms":187100,"gap":4,"lba0":6881,"lba1":6881,"bytes":4096,"n":1,"kind":2,"ov":0}
[msc.reads] n=1 bytes=4096 lba=6881..6881 gap=4 ov=0
[rx] {"t":"event","op":"msc.reads","ms":187104,"gap":4,"lba0":6889,"lba1":6889,"bytes":4096,"n":1,"kind":2,"ov":0}
[msc.reads] n=1 bytes=4096 lba=6889..6889 gap=4 ov=0
[rx] {"t":"event","op":"msc.reads","ms":187108,"gap":4,"lba0":6897,"lba1":6905,"bytes":8192,"n":2,"kind":2,"ov":0}
[msc.reads] n=2 bytes=8192 lba=6897..6905 gap=4 ov=0
[rx] {"t":"event","op":"msc.reads","ms":187115,"gap":3,"lba0":6913,"lba1":6913,"bytes":4096,"n":1,"kind":2,"ov":0}
[msc.reads] n=1 bytes=4096 lba=6913..6913 gap=3 ov=0
[rx] {"t":"event","op":"msc.reads","ms":187119,"gap":4,"lba0":6921,"lba1":6921,"bytes":4096,"n":1,"kind":2,"ov":0}
[msc.reads] n=1 bytes=4096 lba=6921..6921 gap=4 ov=0
[rx] {"t":"event","op":"msc.reads","ms":187123,"gap":4,"lba0":6929,"lba1":6929,"bytes":4096,"n":1,"kind":2,"ov":0}
[msc.reads] n=1 bytes=4096 lba=6929..6929 gap=4 ov=0
[rx] {"t":"event","op":"msc.reads","ms":187127,"gap":4,"lba0":6937,"lba1":6993,"bytes":32768,"n":8,"kind":2,"ov":0}
[msc.reads] n=8 bytes=32768 lba=6937..6993 gap=4 ov=0
[rx] {"t":"event","op":"msc.reads","ms":187157,"gap":4,"lba0":7001,"lba1":7001,"bytes":4096,"n":1,"kind":2,"ov":0}
[msc.reads] n=1 bytes=4096 lba=7001..7001 gap=4 ov=0
[rx] {"t":"event","op":"msc.reads","ms":187161,"gap":4,"lba0":7009,"lba1":7009,"bytes":4096,"n":1,"kind":2,"ov":0}
[msc.reads] n=1 bytes=4096 lba=7009..7009 gap=4 ov=0
[rx] {"t":"event","op":"msc.reads","ms":187165,"gap":4,"lba0":7017,"lba1":7017,"bytes":4096,"n":1,"kind":2,"ov":0}
[msc.reads] n=1 bytes=4096 lba=7017..7017 gap=4 ov=0
[rx] {"t":"event","op":"msc.reads","ms":187169,"gap":4,"lba0":7025,"lba1":7033,"bytes":8192,"n":2,"kind":2,"ov":0}
[msc.reads] n=2 bytes=8192 lba=7025..7033 gap=4 ov=0
[rx] {"t":"event","op":"msc.reads","ms":187177,"gap":5,"lba0":7041,"lba1":7041,"bytes":4096,"n":1,"kind":2,"ov":0}
[msc.reads] n=1 bytes=4096 lba=7041..7041 gap=5 ov=0
[rx] {"t":"event","op":"msc.reads","ms":187180,"gap":3,"lba0":7049,"lba1":7089,"bytes":24576,"n":6,"kind":2,"ov":0}
[msc.reads] n=6 bytes=24576 lba=7049..7089 gap=3 ov=0
[rx] {"t":"event","op":"msc.reads","ms":187202,"gap":3,"lba0":7097,"lba1":7113,"bytes":12288,"n":3,"kind":2,"ov":0}
[msc.reads] n=3 bytes=12288 lba=7097..7113 gap=3 ov=0
[rx] {"t":"event","op":"msc.reads","ms":187214,"gap":4,"lba0":7121,"lba1":7121,"bytes":4096,"n":1,"kind":2,"ov":0}
[msc.reads] n=1 bytes=4096 lba=7121..7121 gap=4 ov=0
[rx] {"t":"event","op":"msc.reads","ms":187218,"gap":4,"lba0":7129,"lba1":7137,"bytes":8192,"n":2,"kind":2,"ov":0}
[msc.reads] n=2 bytes=8192 lba=7129..7137 gap=4 ov=0
[rx] {"t":"event","op":"msc.reads","ms":187225,"gap":4,"lba0":7145,"lba1":7145,"bytes":4096,"n":1,"kind":2,"ov":0}
[msc.reads] n=1 bytes=4096 lba=7145..7145 gap=4 ov=0
[rx] {"t":"event","op":"msc.reads","ms":187229,"gap":4,"lba0":7153,"lba1":7209,"bytes":32768,"n":8,"kind":2,"ov":0}
[msc.reads] n=8 bytes=32768 lba=7153..7209 gap=4 ov=0
[rx] {"t":"event","op":"msc.reads","ms":187258,"gap":3,"lba0":7217,"lba1":7241,"bytes":16384,"n":4,"kind":2,"ov":0}
[msc.reads] n=4 bytes=16384 lba=7217..7241 gap=3 ov=0
[rx] {"t":"event","op":"msc.reads","ms":187273,"gap":4,"lba0":7249,"lba1":7265,"bytes":12288,"n":3,"kind":2,"ov":0}
[msc.reads] n=3 bytes=12288 lba=7249..7265 gap=4 ov=0
[rx] {"t":"event","op":"msc.reads","ms":187284,"gap":3,"lba0":7273,"lba1":7273,"bytes":4096,"n":1,"kind":2,"ov":0}
[msc.reads] n=1 bytes=4096 lba=7273..7273 gap=3 ov=0
[rx] {"t":"event","op":"msc.reads","ms":187289,"gap":5,"lba0":7281,"lba1":7281,"bytes":4096,"n":1,"kind":2,"ov":0}
[msc.reads] n=1 bytes=4096 lba=7281..7281 gap=5 ov=0
[rx] {"t":"event","op":"msc.reads","ms":187292,"gap":3,"lba0":7289,"lba1":7289,"bytes":4096,"n":1,"kind":2,"ov":0}
[msc.reads] n=1 bytes=4096 lba=7289..7289 gap=3 ov=0
[rx] {"t":"event","op":"msc.reads","ms":187296,"gap":4,"lba0":7297,"lba1":7305,"bytes":8192,"n":2,"kind":2,"ov":0}
[msc.reads] n=2 bytes=8192 lba=7297..7305 gap=4 ov=0
[rx] {"t":"event","op":"msc.reads","ms":187304,"gap":4,"lba0":7313,"lba1":7313,"bytes":4096,"n":1,"kind":2,"ov":0}
[msc.reads] n=1 bytes=4096 lba=7313..7313 gap=4 ov=0
[rx] {"t":"event","op":"msc.reads","ms":187308,"gap":4,"lba0":7321,"lba1":7321,"bytes":4096,"n":1,"kind":2,"ov":0}
[msc.reads] n=1 bytes=4096 lba=7321..7321 gap=4 ov=0
[rx] {"t":"event","op":"msc.reads","ms":187312,"gap":4,"lba0":7329,"lba1":7329,"bytes":4096,"n":1,"kind":2,"ov":0}
[msc.reads] n=1 bytes=4096 lba=7329..7329 gap=4 ov=0
[rx] {"t":"event","op":"msc.reads","ms":187316,"gap":4,"lba0":7337,"lba1":7361,"bytes":16384,"n":4,"kind":2,"ov":0}
[msc.reads] n=4 bytes=16384 lba=7337..7361 gap=4 ov=0
[rx] {"t":"event","op":"msc.reads","ms":187331,"gap":4,"lba0":7369,"lba1":7369,"bytes":4096,"n":1,"kind":2,"ov":0}
[msc.reads] n=1 bytes=4096 lba=7369..7369 gap=4 ov=0
[rx] {"t":"event","op":"msc.reads","ms":187335,"gap":4,"lba0":7377,"lba1":7393,"bytes":12288,"n":3,"kind":2,"ov":0}
[msc.reads] n=3 bytes=12288 lba=7377..7393 gap=4 ov=0
[rx] {"t":"event","op":"diag","code":"play.reject","detail":"not_from_head uid=1977938832270506073 from=6561 +434176B age=39534ms prefetch"}
[msc] play.reject not_from_head uid=1977938832270506073 from=6561 +434176B age=39534ms prefetch
[rx] {"t":"event","op":"msc.reads","ms":187346,"gap":4,"lba0":7401,"lba1":7401,"bytes":4096,"n":1,"kind":2,"ov":0}
[msc.reads] n=1 bytes=4096 lba=7401..7401 gap=4 ov=0
[rx] {"t":"event","op":"msc.reads","ms":187364,"gap":18,"lba0":7409,"lba1":7409,"bytes":4096,"n":1,"kind":2,"ov":0}
[msc.reads] n=1 bytes=4096 lba=7409..7409 gap=18 ov=0
[rx] {"t":"event","op":"msc.reads","ms":187368,"gap":4,"lba0":7417,"lba1":7417,"bytes":4096,"n":1,"kind":2,"ov":0}
[msc.reads] n=1 bytes=4096 lba=7417..7417 gap=4 ov=0
[rx] {"t":"event","op":"msc.reads","ms":187371,"gap":3,"lba0":7425,"lba1":7425,"bytes":4096,"n":1,"kind":2,"ov":0}
[msc.reads] n=1 bytes=4096 lba=7425..7425 gap=3 ov=0
[rx] {"t":"event","op":"msc.reads","ms":187375,"gap":4,"lba0":7433,"lba1":7457,"bytes":16384,"n":4,"kind":2,"ov":0}
[msc.reads] n=4 bytes=16384 lba=7433..7457 gap=4 ov=0
[rx] {"t":"event","op":"msc.reads","ms":187390,"gap":4,"lba0":7465,"lba1":7465,"bytes":4096,"n":1,"kind":2,"ov":0}
[msc.reads] n=1 bytes=4096 lba=7465..7465 gap=4 ov=0
[rx] {"t":"event","op":"msc.reads","ms":187394,"gap":4,"lba0":7473,"lba1":7473,"bytes":4096,"n":1,"kind":2,"ov":0}
[msc.reads] n=1 bytes=4096 lba=7473..7473 gap=4 ov=0
[rx] {"t":"event","op":"msc.reads","ms":187397,"gap":3,"lba0":7481,"lba1":7481,"bytes":4096,"n":1,"kind":2,"ov":0}
[msc.reads] n=1 bytes=4096 lba=7481..7481 gap=3 ov=0
[rx] {"t":"event","op":"msc.reads","ms":187401,"gap":4,"lba0":7489,"lba1":7489,"bytes":4096,"n":1,"kind":2,"ov":0}
[msc.reads] n=1 bytes=4096 lba=7489..7489 gap=4 ov=0
[rx] {"t":"event","op":"msc.reads","ms":187405,"gap":4,"lba0":7497,"lba1":7513,"bytes":12288,"n":3,"kind":2,"ov":0}
[msc.reads] n=3 bytes=12288 lba=7497..7513 gap=4 ov=0
[tx] {"t":"ping"}
[rx] {"t":"event","op":"msc.reads","ms":187417,"gap":4,"lba0":7521,"lba1":7529,"bytes":8192,"n":2,"kind":2,"ov":0}
[msc.reads] n=2 bytes=8192 lba=7521..7529 gap=4 ov=0
[rx] {"t":"event","op":"msc.reads","ms":187424,"gap":4,"lba0":7537,"lba1":7537,"bytes":4096,"n":1,"kind":2,"ov":0}
[msc.reads] n=1 bytes=4096 lba=7537..7537 gap=4 ov=0
[rx] {"t":"event","op":"msc.reads","ms":187428,"gap":4,"lba0":7545,"lba1":7545,"bytes":4096,"n":1,"kind":2,"ov":0}
[msc.reads] n=1 bytes=4096 lba=7545..7545 gap=4 ov=0
[rx] {"t":"event","op":"msc.reads","ms":187432,"gap":4,"lba0":7553,"lba1":7561,"bytes":8192,"n":2,"kind":2,"ov":0}
[msc.reads] n=2 bytes=8192 lba=7553..7561 gap=4 ov=0
[rx] {"t":"event","op":"msc.reads","ms":187440,"gap":4,"lba0":7569,"lba1":7569,"bytes":4096,"n":1,"kind":2,"ov":0}
[msc.reads] n=1 bytes=4096 lba=7569..7569 gap=4 ov=0
[rx] {"t":"pong"}
[rx] {"t":"event","op":"msc.reads","ms":187444,"gap":4,"lba0":7577,"lba1":7593,"bytes":12288,"n":3,"kind":2,"ov":0}
[msc.reads] n=3 bytes=12288 lba=7577..7593 gap=4 ov=0
[rx] {"t":"event","op":"msc.reads","ms":187455,"gap":4,"lba0":7601,"lba1":7601,"bytes":4096,"n":1,"kind":2,"ov":0}
[msc.reads] n=1 bytes=4096 lba=7601..7601 gap=4 ov=0
[rx] {"t":"event","op":"msc.reads","ms":187459,"gap":4,"lba0":7609,"lba1":7641,"bytes":20480,"n":5,"kind":2,"ov":0}
[msc.reads] n=5 bytes=20480 lba=7609..7641 gap=4 ov=0
[rx] {"t":"event","op":"msc.reads","ms":187478,"gap":4,"lba0":7649,"lba1":7649,"bytes":4096,"n":1,"kind":2,"ov":0}
[msc.reads] n=1 bytes=4096 lba=7649..7649 gap=4 ov=0
[rx] {"t":"event","op":"msc.reads","ms":187482,"gap":4,"lba0":7657,"lba1":7721,"bytes":36864,"n":9,"kind":2,"ov":0}
[msc.reads] n=9 bytes=36864 lba=7657..7721 gap=4 ov=0
[rx] {"t":"event","op":"msc.reads","ms":187515,"gap":4,"lba0":7729,"lba1":7729,"bytes":4096,"n":1,"kind":2,"ov":0}
[msc.reads] n=1 bytes=4096 lba=7729..7729 gap=4 ov=0
[rx] {"t":"event","op":"msc.reads","ms":187519,"gap":4,"lba0":7737,"lba1":7737,"bytes":4096,"n":1,"kind":2,"ov":0}
[msc.reads] n=1 bytes=4096 lba=7737..7737 gap=4 ov=0
[rx] {"t":"event","op":"msc.reads","ms":187523,"gap":4,"lba0":7745,"lba1":7753,"bytes":8192,"n":2,"kind":2,"ov":0}
[msc.reads] n=2 bytes=8192 lba=7745..7753 gap=4 ov=0
[rx] {"t":"event","op":"msc.reads","ms":187531,"gap":5,"lba0":7761,"lba1":7761,"bytes":4096,"n":1,"kind":2,"ov":0}
[msc.reads] n=1 bytes=4096 lba=7761..7761 gap=5 ov=0
[rx] {"t":"event","op":"msc.reads","ms":187535,"gap":4,"lba0":7769,"lba1":7769,"bytes":4096,"n":1,"kind":2,"ov":0}
[msc.reads] n=1 bytes=4096 lba=7769..7769 gap=4 ov=0
[rx] {"t":"event","op":"msc.reads","ms":187538,"gap":3,"lba0":7777,"lba1":7777,"bytes":4096,"n":1,"kind":2,"ov":0}
[msc.reads] n=1 bytes=4096 lba=7777..7777 gap=3 ov=0
[rx] {"t":"event","op":"msc.reads","ms":187543,"gap":5,"lba0":7785,"lba1":7849,"bytes":36864,"n":9,"kind":2,"ov":0}
[msc.reads] n=9 bytes=36864 lba=7785..7849 gap=5 ov=0
[rx] {"t":"event","op":"msc.reads","ms":187576,"gap":4,"lba0":7857,"lba1":7929,"bytes":40960,"n":10,"kind":2,"ov":0}
[msc.reads] n=10 bytes=40960 lba=7857..7929 gap=4 ov=0
[rx] {"t":"event","op":"msc.reads","ms":187613,"gap":4,"lba0":7937,"lba1":7937,"bytes":4096,"n":1,"kind":2,"ov":0}
[msc.reads] n=1 bytes=4096 lba=7937..7937 gap=4 ov=0
[rx] {"t":"event","op":"msc.reads","ms":187617,"gap":4,"lba0":7945,"lba1":7945,"bytes":4096,"n":1,"kind":2,"ov":0}
[msc.reads] n=1 bytes=4096 lba=7945..7945 gap=4 ov=0
[rx] {"t":"event","op":"msc.reads","ms":187621,"gap":4,"lba0":7953,"lba1":7953,"bytes":4096,"n":1,"kind":2,"ov":0}
[msc.reads] n=1 bytes=4096 lba=7953..7953 gap=4 ov=0
[rx] {"t":"event","op":"msc.reads","ms":187625,"gap":4,"lba0":7961,"lba1":7961,"bytes":4096,"n":1,"kind":2,"ov":0}
[msc.reads] n=1 bytes=4096 lba=7961..7961 gap=4 ov=0
[rx] {"t":"event","op":"msc.reads","ms":187629,"gap":4,"lba0":7969,"lba1":7969,"bytes":4096,"n":1,"kind":2,"ov":0}
[msc.reads] n=1 bytes=4096 lba=7969..7969 gap=4 ov=0
[rx] {"t":"event","op":"msc.reads","ms":187632,"gap":3,"lba0":7977,"lba1":8033,"bytes":32768,"n":8,"kind":2,"ov":0}
[msc.reads] n=8 bytes=32768 lba=7977..8033 gap=3 ov=0
[rx] {"t":"event","op":"msc.reads","ms":187662,"gap":4,"lba0":8041,"lba1":8049,"bytes":8192,"n":2,"kind":2,"ov":0}
[msc.reads] n=2 bytes=8192 lba=8041..8049 gap=4 ov=0
[rx] {"t":"event","op":"msc.reads","ms":187670,"gap":4,"lba0":8057,"lba1":8057,"bytes":4096,"n":1,"kind":2,"ov":0}
[msc.reads] n=1 bytes=4096 lba=8057..8057 gap=4 ov=0
[rx] {"t":"event","op":"msc.reads","ms":187674,"gap":4,"lba0":8065,"lba1":8065,"bytes":4096,"n":1,"kind":2,"ov":0}
[msc.reads] n=1 bytes=4096 lba=8065..8065 gap=4 ov=0
[rx] {"t":"event","op":"msc.reads","ms":187678,"gap":4,"lba0":8073,"lba1":8137,"bytes":36864,"n":9,"kind":2,"ov":0}
[msc.reads] n=9 bytes=36864 lba=8073..8137 gap=4 ov=0
[rx] {"t":"event","op":"msc.reads","ms":187711,"gap":4,"lba0":8145,"lba1":8145,"bytes":4096,"n":1,"kind":2,"ov":0}
[msc.reads] n=1 bytes=4096 lba=8145..8145 gap=4 ov=0
[rx] {"t":"event","op":"msc.reads","ms":187714,"gap":3,"lba0":8153,"lba1":8153,"bytes":4096,"n":1,"kind":2,"ov":0}
[msc.reads] n=1 bytes=4096 lba=8153..8153 gap=3 ov=0
[rx] {"t":"event","op":"msc.reads","ms":187718,"gap":4,"lba0":8161,"lba1":8161,"bytes":4096,"n":1,"kind":2,"ov":0}
[msc.reads] n=1 bytes=4096 lba=8161..8161 gap=4 ov=0
[rx] {"t":"event","op":"msc.reads","ms":187722,"gap":4,"lba0":8169,"lba1":8177,"bytes":8192,"n":2,"kind":2,"ov":0}
[msc.reads] n=2 bytes=8192 lba=8169..8177 gap=4 ov=0
[rx] {"t":"event","op":"msc.reads","ms":187730,"gap":4,"lba0":8185,"lba1":8193,"bytes":8192,"n":2,"kind":2,"ov":0}
[msc.reads] n=2 bytes=8192 lba=8185..8193 gap=4 ov=0
[rx] {"t":"event","op":"msc.reads","ms":187737,"gap":4,"lba0":8201,"lba1":8201,"bytes":4096,"n":1,"kind":2,"ov":0}
[msc.reads] n=1 bytes=4096 lba=8201..8201 gap=4 ov=0
[rx] {"t":"event","op":"msc.reads","ms":187741,"gap":4,"lba0":8209,"lba1":8209,"bytes":4096,"n":1,"kind":2,"ov":0}
[msc.reads] n=1 bytes=4096 lba=8209..8209 gap=4 ov=0
[rx] {"t":"event","op":"msc.reads","ms":187745,"gap":4,"lba0":8217,"lba1":8217,"bytes":4096,"n":1,"kind":2,"ov":0}
[msc.reads] n=1 bytes=4096 lba=8217..8217 gap=4 ov=0
[rx] {"t":"event","op":"msc.reads","ms":187749,"gap":4,"lba0":8225,"lba1":8225,"bytes":4096,"n":1,"kind":2,"ov":0}
[msc.reads] n=1 bytes=4096 lba=8225..8225 gap=4 ov=0
[rx] {"t":"event","op":"msc.reads","ms":187753,"gap":4,"lba0":8233,"lba1":8233,"bytes":4096,"n":1,"kind":2,"ov":0}
[msc.reads] n=1 bytes=4096 lba=8233..8233 gap=4 ov=0
[rx] {"t":"event","op":"msc.reads","ms":187757,"gap":4,"lba0":8241,"lba1":8241,"bytes":4096,"n":1,"kind":2,"ov":0}
[msc.reads] n=1 bytes=4096 lba=8241..8241 gap=4 ov=0
[rx] {"t":"event","op":"msc.reads","ms":187761,"gap":4,"lba0":8249,"lba1":8249,"bytes":4096,"n":1,"kind":2,"ov":0}
[msc.reads] n=1 bytes=4096 lba=8249..8249 gap=4 ov=0
[rx] {"t":"event","op":"msc.reads","ms":187765,"gap":4,"lba0":8257,"lba1":8265,"bytes":8192,"n":2,"kind":2,"ov":0}
[msc.reads] n=2 bytes=8192 lba=8257..8265 gap=4 ov=0
[rx] {"t":"event","op":"msc.reads","ms":187772,"gap":3,"lba0":8273,"lba1":8273,"bytes":4096,"n":1,"kind":2,"ov":0}
[msc.reads] n=1 bytes=4096 lba=8273..8273 gap=3 ov=0
[rx] {"t":"event","op":"msc.reads","ms":187776,"gap":4,"lba0":8281,"lba1":8281,"bytes":4096,"n":1,"kind":2,"ov":0}
[msc.reads] n=1 bytes=4096 lba=8281..8281 gap=4 ov=0
[rx] {"t":"event","op":"msc.reads","ms":187780,"gap":4,"lba0":8289,"lba1":8289,"bytes":4096,"n":1,"kind":2,"ov":0}
[msc.reads] n=1 bytes=4096 lba=8289..8289 gap=4 ov=0
[rx] {"t":"event","op":"msc.reads","ms":187784,"gap":4,"lba0":8297,"lba1":8297,"bytes":4096,"n":1,"kind":2,"ov":0}
[msc.reads] n=1 bytes=4096 lba=8297..8297 gap=4 ov=0
[rx] {"t":"event","op":"msc.reads","ms":187788,"gap":4,"lba0":8305,"lba1":8305,"bytes":4096,"n":1,"kind":2,"ov":0}
[msc.reads] n=1 bytes=4096 lba=8305..8305 gap=4 ov=0
[rx] {"t":"event","op":"msc.reads","ms":187792,"gap":4,"lba0":8313,"lba1":8369,"bytes":32768,"n":8,"kind":2,"ov":0}
[msc.reads] n=8 bytes=32768 lba=8313..8369 gap=4 ov=0
[rx] {"t":"event","op":"msc.reads","ms":187821,"gap":4,"lba0":8377,"lba1":8377,"bytes":4096,"n":1,"kind":2,"ov":0}
[msc.reads] n=1 bytes=4096 lba=8377..8377 gap=4 ov=0
[rx] {"t":"event","op":"msc.reads","ms":187825,"gap":4,"lba0":8385,"lba1":8401,"bytes":12288,"n":3,"kind":2,"ov":0}
[msc.reads] n=3 bytes=12288 lba=8385..8401 gap=4 ov=0
[rx] {"t":"event","op":"msc.reads","ms":187836,"gap":4,"lba0":8409,"lba1":8409,"bytes":4096,"n":1,"kind":2,"ov":0}
[msc.reads] n=1 bytes=4096 lba=8409..8409 gap=4 ov=0
[rx] {"t":"event","op":"msc.reads","ms":187840,"gap":4,"lba0":8417,"lba1":8425,"bytes":8192,"n":2,"kind":2,"ov":0}
[msc.reads] n=2 bytes=8192 lba=8417..8425 gap=4 ov=0
[rx] {"t":"event","op":"msc.reads","ms":187847,"gap":4,"lba0":8433,"lba1":8433,"bytes":4096,"n":1,"kind":2,"ov":0}
[msc.reads] n=1 bytes=4096 lba=8433..8433 gap=4 ov=0
[rx] {"t":"event","op":"msc.reads","ms":187851,"gap":4,"lba0":8441,"lba1":8465,"bytes":16384,"n":4,"kind":2,"ov":0}
[msc.reads] n=4 bytes=16384 lba=8441..8465 gap=4 ov=0
[rx] {"t":"event","op":"msc.reads","ms":187866,"gap":4,"lba0":8473,"lba1":8577,"bytes":57344,"n":14,"kind":2,"ov":0}
[msc.reads] n=14 bytes=57344 lba=8473..8577 gap=4 ov=0
[rx] {"t":"event","op":"msc.reads","ms":187918,"gap":4,"lba0":8585,"lba1":8585,"bytes":4096,"n":1,"kind":2,"ov":0}
[msc.reads] n=1 bytes=4096 lba=8585..8585 gap=4 ov=0
[rx] {"t":"event","op":"msc.reads","ms":187921,"gap":3,"lba0":8593,"lba1":8593,"bytes":4096,"n":1,"kind":2,"ov":0}
[msc.reads] n=1 bytes=4096 lba=8593..8593 gap=3 ov=0
[rx] {"t":"event","op":"msc.reads","ms":187925,"gap":4,"lba0":8601,"lba1":8601,"bytes":4096,"n":1,"kind":2,"ov":0}
[msc.reads] n=1 bytes=4096 lba=8601..8601 gap=4 ov=0
[rx] {"t":"event","op":"msc.reads","ms":187929,"gap":4,"lba0":8609,"lba1":8609,"bytes":4096,"n":1,"kind":2,"ov":0}
[msc.reads] n=1 bytes=4096 lba=8609..8609 gap=4 ov=0
[rx] {"t":"event","op":"msc.reads","ms":187934,"gap":5,"lba0":8617,"lba1":8617,"bytes":4096,"n":1,"kind":2,"ov":0}
[msc.reads] n=1 bytes=4096 lba=8617..8617 gap=5 ov=0
[rx] {"t":"event","op":"msc.reads","ms":187938,"gap":4,"lba0":8625,"lba1":8625,"bytes":4096,"n":1,"kind":2,"ov":0}
[msc.reads] n=1 bytes=4096 lba=8625..8625 gap=4 ov=0
[rx] {"t":"event","op":"msc.reads","ms":187941,"gap":3,"lba0":8633,"lba1":8689,"bytes":32768,"n":8,"kind":2,"ov":0}
[msc.reads] n=8 bytes=32768 lba=8633..8689 gap=3 ov=0
[rx] {"t":"event","op":"msc.reads","ms":187971,"gap":4,"lba0":8697,"lba1":8697,"bytes":4096,"n":1,"kind":2,"ov":0}
[msc.reads] n=1 bytes=4096 lba=8697..8697 gap=4 ov=0
[rx] {"t":"event","op":"msc.reads","ms":187974,"gap":3,"lba0":8705,"lba1":8721,"bytes":12288,"n":3,"kind":2,"ov":0}
[msc.reads] n=3 bytes=12288 lba=8705..8721 gap=3 ov=0
[rx] {"t":"event","op":"msc.reads","ms":187986,"gap":4,"lba0":8729,"lba1":8793,"bytes":36864,"n":9,"kind":2,"ov":0}
[msc.reads] n=9 bytes=36864 lba=8729..8793 gap=4 ov=0
[rx] {"t":"event","op":"msc.reads","ms":188019,"gap":4,"lba0":8801,"lba1":8801,"bytes":4096,"n":1,"kind":2,"ov":0}
[msc.reads] n=1 bytes=4096 lba=8801..8801 gap=4 ov=0
[rx] {"t":"event","op":"msc.reads","ms":188023,"gap":4,"lba0":8809,"lba1":8809,"bytes":4096,"n":1,"kind":2,"ov":0}
[msc.reads] n=1 bytes=4096 lba=8809..8809 gap=4 ov=0
[rx] {"t":"event","op":"msc.reads","ms":188027,"gap":4,"lba0":8817,"lba1":8833,"bytes":12288,"n":3,"kind":2,"ov":0}
[msc.reads] n=3 bytes=12288 lba=8817..8833 gap=4 ov=0
[rx] {"t":"event","op":"msc.reads","ms":188038,"gap":4,"lba0":8841,"lba1":8841,"bytes":4096,"n":1,"kind":2,"ov":0}
[msc.reads] n=1 bytes=4096 lba=8841..8841 gap=4 ov=0
[rx] {"t":"event","op":"msc.reads","ms":188042,"gap":4,"lba0":8849,"lba1":8849,"bytes":4096,"n":1,"kind":2,"ov":0}
[msc.reads] n=1 bytes=4096 lba=8849..8849 gap=4 ov=0
[rx] {"t":"event","op":"msc.reads","ms":188046,"gap":4,"lba0":8857,"lba1":8857,"bytes":4096,"n":1,"kind":2,"ov":0}
[msc.reads] n=1 bytes=4096 lba=8857..8857 gap=4 ov=0
[rx] {"t":"event","op":"msc.reads","ms":188049,"gap":3,"lba0":8865,"lba1":8929,"bytes":36864,"n":9,"kind":2,"ov":0}
[msc.reads] n=9 bytes=36864 lba=8865..8929 gap=3 ov=0
[rx] {"t":"event","op":"msc.reads","ms":188083,"gap":4,"lba0":8937,"lba1":8937,"bytes":4096,"n":1,"kind":2,"ov":0}
[msc.reads] n=1 bytes=4096 lba=8937..8937 gap=4 ov=0
[rx] {"t":"event","op":"msc.reads","ms":188087,"gap":4,"lba0":8945,"lba1":8945,"bytes":4096,"n":1,"kind":2,"ov":0}
[msc.reads] n=1 bytes=4096 lba=8945..8945 gap=4 ov=0
[rx] {"t":"event","op":"msc.reads","ms":188091,"gap":4,"lba0":8953,"lba1":8953,"bytes":4096,"n":1,"kind":2,"ov":0}
[msc.reads] n=1 bytes=4096 lba=8953..8953 gap=4 ov=0
[rx] {"t":"event","op":"msc.reads","ms":188095,"gap":4,"lba0":8961,"lba1":9017,"bytes":32768,"n":8,"kind":2,"ov":0}
[msc.reads] n=8 bytes=32768 lba=8961..9017 gap=4 ov=0
[rx] {"t":"event","op":"msc.reads","ms":188124,"gap":4,"lba0":9025,"lba1":9025,"bytes":4096,"n":1,"kind":2,"ov":0}
[msc.reads] n=1 bytes=4096 lba=9025..9025 gap=4 ov=0
[rx] {"t":"event","op":"msc.reads","ms":188128,"gap":4,"lba0":9033,"lba1":9057,"bytes":16384,"n":4,"kind":2,"ov":0}
[msc.reads] n=4 bytes=16384 lba=9033..9057 gap=4 ov=0
[rx] {"t":"event","op":"msc.reads","ms":188143,"gap":4,"lba0":9065,"lba1":9065,"bytes":4096,"n":1,"kind":2,"ov":0}
[msc.reads] n=1 bytes=4096 lba=9065..9065 gap=4 ov=0
[rx] {"t":"event","op":"msc.reads","ms":188147,"gap":4,"lba0":9073,"lba1":9073,"bytes":4096,"n":1,"kind":2,"ov":0}
[msc.reads] n=1 bytes=4096 lba=9073..9073 gap=4 ov=0
[rx] {"t":"event","op":"diag","code":"play.reject","detail":"not_from_head uid=1977938832270506073 from=6561 +1290240B age=40335ms prefetch"}
[msc] play.reject not_from_head uid=1977938832270506073 from=6561 +1290240B age=40335ms prefetch
[rx] {"t":"event","op":"msc.reads","ms":188175,"gap":28,"lba0":9081,"lba1":9081,"bytes":4096,"n":1,"kind":2,"ov":0}
[msc.reads] n=1 bytes=4096 lba=9081..9081 gap=28 ov=0
[rx] {"t":"event","op":"msc.reads","ms":188179,"gap":4,"lba0":9089,"lba1":9105,"bytes":12288,"n":3,"kind":2,"ov":0}
[msc.reads] n=3 bytes=12288 lba=9089..9105 gap=4 ov=0
[rx] {"t":"event","op":"msc.reads","ms":188190,"gap":4,"lba0":9113,"lba1":9113,"bytes":4096,"n":1,"kind":2,"ov":0}
[msc.reads] n=1 bytes=4096 lba=9113..9113 gap=4 ov=0
[rx] {"t":"event","op":"msc.reads","ms":188194,"gap":4,"lba0":9121,"lba1":9121,"bytes":4096,"n":1,"kind":2,"ov":0}
[msc.reads] n=1 bytes=4096 lba=9121..9121 gap=4 ov=0
[rx] {"t":"event","op":"msc.reads","ms":188198,"gap":4,"lba0":9129,"lba1":9129,"bytes":4096,"n":1,"kind":2,"ov":0}
[msc.reads] n=1 bytes=4096 lba=9129..9129 gap=4 ov=0
[rx] {"t":"event","op":"msc.reads","ms":188202,"gap":4,"lba0":9137,"lba1":9185,"bytes":28672,"n":7,"kind":2,"ov":0}
[msc.reads] n=7 bytes=28672 lba=9137..9185 gap=4 ov=0
[rx] {"t":"event","op":"msc.reads","ms":188227,"gap":3,"lba0":9193,"lba1":9209,"bytes":12288,"n":3,"kind":2,"ov":0}
[msc.reads] n=3 bytes=12288 lba=9193..9209 gap=3 ov=0
[rx] {"t":"event","op":"msc.reads","ms":188239,"gap":3,"lba0":9217,"lba1":9217,"bytes":4096,"n":1,"kind":2,"ov":0}
[msc.reads] n=1 bytes=4096 lba=9217..9217 gap=3 ov=0
[rx] {"t":"event","op":"msc.reads","ms":188243,"gap":4,"lba0":9225,"lba1":9225,"bytes":4096,"n":1,"kind":2,"ov":0}
[msc.reads] n=1 bytes=4096 lba=9225..9225 gap=4 ov=0
[rx] {"t":"event","op":"msc.reads","ms":188247,"gap":4,"lba0":9233,"lba1":9233,"bytes":4096,"n":1,"kind":2,"ov":0}
[msc.reads] n=1 bytes=4096 lba=9233..9233 gap=4 ov=0
[rx] {"t":"event","op":"msc.reads","ms":188251,"gap":4,"lba0":9241,"lba1":9241,"bytes":4096,"n":1,"kind":2,"ov":0}
[msc.reads] n=1 bytes=4096 lba=9241..9241 gap=4 ov=0
[rx] {"t":"event","op":"msc.reads","ms":188255,"gap":4,"lba0":9249,"lba1":9249,"bytes":4096,"n":1,"kind":2,"ov":0}
[msc.reads] n=1 bytes=4096 lba=9249..9249 gap=4 ov=0
[rx] {"t":"event","op":"msc.reads","ms":188259,"gap":4,"lba0":9257,"lba1":9257,"bytes":4096,"n":1,"kind":2,"ov":0}
[msc.reads] n=1 bytes=4096 lba=9257..9257 gap=4 ov=0
[rx] {"t":"event","op":"msc.reads","ms":188263,"gap":4,"lba0":9265,"lba1":9265,"bytes":4096,"n":1,"kind":2,"ov":0}
[msc.reads] n=1 bytes=4096 lba=9265..9265 gap=4 ov=0
[rx] {"t":"event","op":"msc.reads","ms":188267,"gap":4,"lba0":9273,"lba1":9273,"bytes":4096,"n":1,"kind":2,"ov":0}
[msc.reads] n=1 bytes=4096 lba=9273..9273 gap=4 ov=0
[rx] {"t":"event","op":"msc.reads","ms":188271,"gap":4,"lba0":9281,"lba1":9281,"bytes":4096,"n":1,"kind":2,"ov":0}
[msc.reads] n=1 bytes=4096 lba=9281..9281 gap=4 ov=0
[rx] {"t":"event","op":"msc.reads","ms":188275,"gap":4,"lba0":9289,"lba1":9289,"bytes":4096,"n":1,"kind":2,"ov":0}
[msc.reads] n=1 bytes=4096 lba=9289..9289 gap=4 ov=0
[rx] {"t":"event","op":"msc.reads","ms":188278,"gap":3,"lba0":9297,"lba1":9305,"bytes":8192,"n":2,"kind":2,"ov":0}
[msc.reads] n=2 bytes=8192 lba=9297..9305 gap=3 ov=0
[rx] {"t":"event","op":"msc.reads","ms":188286,"gap":4,"lba0":9313,"lba1":9313,"bytes":4096,"n":1,"kind":2,"ov":0}
[msc.reads] n=1 bytes=4096 lba=9313..9313 gap=4 ov=0
[rx] {"t":"event","op":"msc.reads","ms":188290,"gap":4,"lba0":9321,"lba1":9321,"bytes":4096,"n":1,"kind":2,"ov":0}
[msc.reads] n=1 bytes=4096 lba=9321..9321 gap=4 ov=0
[rx] {"t":"event","op":"msc.reads","ms":188294,"gap":4,"lba0":9329,"lba1":9329,"bytes":4096,"n":1,"kind":2,"ov":0}
[msc.reads] n=1 bytes=4096 lba=9329..9329 gap=4 ov=0
[rx] {"t":"event","op":"msc.reads","ms":188298,"gap":4,"lba0":9337,"lba1":9337,"bytes":4096,"n":1,"kind":2,"ov":0}
[msc.reads] n=1 bytes=4096 lba=9337..9337 gap=4 ov=0
[rx] {"t":"event","op":"msc.reads","ms":188302,"gap":4,"lba0":9345,"lba1":9353,"bytes":8192,"n":2,"kind":2,"ov":0}
[msc.reads] n=2 bytes=8192 lba=9345..9353 gap=4 ov=0
[tx] {"t":"ping"}
[rx] {"t":"pong"}
[rx] {"t":"event","op":"diag","code":"msc.quiet","detail":"file=5667328B age=2000ms"}
[msc] msc.quiet file=5667328B age=2000ms
[tx] {"t":"ping"}
[rx] {"t":"pong"}
[rx] {"t":"event","op":"msc.reads","ms":192197,"gap":3892,"lba0":9361,"lba1":9361,"bytes":4096,"n":1,"kind":2,"ov":0}
[msc.reads] n=1 bytes=4096 lba=9361..9361 gap=3892 ov=0
[rx] {"t":"event","op":"diag","code":"play.reject","detail":"not_from_head uid=1977938832270506073 from=6561 +1437696B age=44385ms prefetch"}
[msc] play.reject not_from_head uid=1977938832270506073 from=6561 +1437696B age=44385ms prefetch
[rx] {"t":"event","op":"msc.reads","ms":192214,"gap":17,"lba0":9369,"lba1":9369,"bytes":4096,"n":1,"kind":2,"ov":0}
[msc.reads] n=1 bytes=4096 lba=9369..9369 gap=17 ov=0
[rx] {"t":"event","op":"msc.reads","ms":192218,"gap":4,"lba0":9377,"lba1":9377,"bytes":4096,"n":1,"kind":2,"ov":0}
[msc.reads] n=1 bytes=4096 lba=9377..9377 gap=4 ov=0
[rx] {"t":"event","op":"msc.reads","ms":192221,"gap":3,"lba0":9385,"lba1":9385,"bytes":4096,"n":1,"kind":2,"ov":0}
[msc.reads] n=1 bytes=4096 lba=9385..9385 gap=3 ov=0
[rx] {"t":"event","op":"msc.reads","ms":192225,"gap":4,"lba0":9393,"lba1":9489,"bytes":53248,"n":13,"kind":2,"ov":0}
[msc.reads] n=13 bytes=53248 lba=9393..9489 gap=4 ov=0
[rx] {"t":"event","op":"msc.reads","ms":192272,"gap":3,"lba0":9497,"lba1":9497,"bytes":4096,"n":1,"kind":2,"ov":0}
[msc.reads] n=1 bytes=4096 lba=9497..9497 gap=3 ov=0
[rx] {"t":"event","op":"msc.reads","ms":192276,"gap":4,"lba0":9505,"lba1":9505,"bytes":4096,"n":1,"kind":2,"ov":0}
[msc.reads] n=1 bytes=4096 lba=9505..9505 gap=4 ov=0
[rx] {"t":"event","op":"msc.reads","ms":192280,"gap":4,"lba0":9513,"lba1":9513,"bytes":4096,"n":1,"kind":2,"ov":0}
[msc.reads] n=1 bytes=4096 lba=9513..9513 gap=4 ov=0
[rx] {"t":"event","op":"msc.reads","ms":192284,"gap":4,"lba0":9521,"lba1":9521,"bytes":4096,"n":1,"kind":2,"ov":0}
[msc.reads] n=1 bytes=4096 lba=9521..9521 gap=4 ov=0
[rx] {"t":"event","op":"msc.reads","ms":192288,"gap":4,"lba0":9529,"lba1":9529,"bytes":4096,"n":1,"kind":2,"ov":0}
[msc.reads] n=1 bytes=4096 lba=9529..9529 gap=4 ov=0
[rx] {"t":"event","op":"msc.reads","ms":192292,"gap":4,"lba0":9537,"lba1":9545,"bytes":8192,"n":2,"kind":2,"ov":0}
[msc.reads] n=2 bytes=8192 lba=9537..9545 gap=4 ov=0
[rx] {"t":"event","op":"msc.reads","ms":192299,"gap":4,"lba0":9553,"lba1":9553,"bytes":4096,"n":1,"kind":2,"ov":0}
[msc.reads] n=1 bytes=4096 lba=9553..9553 gap=4 ov=0
[rx] {"t":"event","op":"msc.reads","ms":192303,"gap":4,"lba0":9561,"lba1":9633,"bytes":40960,"n":10,"kind":2,"ov":0}
[msc.reads] n=10 bytes=40960 lba=9561..9633 gap=4 ov=0
[rx] {"t":"event","op":"msc.reads","ms":192340,"gap":4,"lba0":9641,"lba1":9641,"bytes":4096,"n":1,"kind":2,"ov":0}
[msc.reads] n=1 bytes=4096 lba=9641..9641 gap=4 ov=0
[rx] {"t":"event","op":"msc.reads","ms":192344,"gap":4,"lba0":9649,"lba1":9649,"bytes":4096,"n":1,"kind":2,"ov":0}
[msc.reads] n=1 bytes=4096 lba=9649..9649 gap=4 ov=0
[rx] {"t":"event","op":"msc.reads","ms":192348,"gap":4,"lba0":9657,"lba1":9657,"bytes":4096,"n":1,"kind":2,"ov":0}
[msc.reads] n=1 bytes=4096 lba=9657..9657 gap=4 ov=0
[rx] {"t":"event","op":"msc.reads","ms":192351,"gap":3,"lba0":9665,"lba1":9817,"bytes":81920,"n":20,"kind":2,"ov":0}
[msc.reads] n=20 bytes=81920 lba=9665..9817 gap=3 ov=0
[rx] {"t":"event","op":"msc.reads","ms":192424,"gap":4,"lba0":9825,"lba1":9825,"bytes":4096,"n":1,"kind":2,"ov":0}
[msc.reads] n=1 bytes=4096 lba=9825..9825 gap=4 ov=0
[rx] {"t":"event","op":"msc.reads","ms":192428,"gap":4,"lba0":9833,"lba1":9833,"bytes":4096,"n":1,"kind":2,"ov":0}
[msc.reads] n=1 bytes=4096 lba=9833..9833 gap=4 ov=0
[rx] {"t":"event","op":"msc.reads","ms":192432,"gap":4,"lba0":9841,"lba1":9841,"bytes":4096,"n":1,"kind":2,"ov":0}
[msc.reads] n=1 bytes=4096 lba=9841..9841 gap=4 ov=0
[rx] {"t":"event","op":"msc.reads","ms":192436,"gap":4,"lba0":9849,"lba1":9857,"bytes":8192,"n":2,"kind":2,"ov":0}
[msc.reads] n=2 bytes=8192 lba=9849..9857 gap=4 ov=0
[rx] {"t":"event","op":"msc.reads","ms":192443,"gap":3,"lba0":9865,"lba1":9865,"bytes":4096,"n":1,"kind":2,"ov":0}
[msc.reads] n=1 bytes=4096 lba=9865..9865 gap=3 ov=0
[rx] {"t":"event","op":"msc.reads","ms":192447,"gap":4,"lba0":9873,"lba1":9873,"bytes":4096,"n":1,"kind":2,"ov":0}
[msc.reads] n=1 bytes=4096 lba=9873..9873 gap=4 ov=0
[rx] {"t":"event","op":"msc.reads","ms":192451,"gap":4,"lba0":9881,"lba1":9921,"bytes":24576,"n":6,"kind":2,"ov":0}
[msc.reads] n=6 bytes=24576 lba=9881..9921 gap=4 ov=0
[rx] {"t":"event","op":"msc.reads","ms":192474,"gap":4,"lba0":9929,"lba1":9929,"bytes":4096,"n":1,"kind":2,"ov":0}
[msc.reads] n=1 bytes=4096 lba=9929..9929 gap=4 ov=0
[rx] {"t":"event","op":"msc.reads","ms":192478,"gap":4,"lba0":9937,"lba1":9961,"bytes":16384,"n":4,"kind":2,"ov":0}
[msc.reads] n=4 bytes=16384 lba=9937..9961 gap=4 ov=0
[rx] {"t":"event","op":"msc.reads","ms":192493,"gap":4,"lba0":9969,"lba1":9977,"bytes":8192,"n":2,"kind":2,"ov":0}
[msc.reads] n=2 bytes=8192 lba=9969..9977 gap=4 ov=0
[rx] {"t":"event","op":"msc.reads","ms":192500,"gap":3,"lba0":9985,"lba1":9985,"bytes":4096,"n":1,"kind":2,"ov":0}
[msc.reads] n=1 bytes=4096 lba=9985..9985 gap=3 ov=0
[rx] {"t":"event","op":"msc.reads","ms":192504,"gap":4,"lba0":9993,"lba1":9993,"bytes":4096,"n":1,"kind":2,"ov":0}
[msc.reads] n=1 bytes=4096 lba=9993..9993 gap=4 ov=0
[rx] {"t":"event","op":"msc.reads","ms":192508,"gap":4,"lba0":10001,"lba1":10001,"bytes":4096,"n":1,"kind":2,"ov":0}
[msc.reads] n=1 bytes=4096 lba=10001..10001 gap=4 ov=0
[rx] {"t":"event","op":"msc.reads","ms":192512,"gap":4,"lba0":10009,"lba1":10009,"bytes":4096,"n":1,"kind":2,"ov":0}
[msc.reads] n=1 bytes=4096 lba=10009..10009 gap=4 ov=0
[rx] {"t":"event","op":"msc.reads","ms":192516,"gap":4,"lba0":10017,"lba1":10017,"bytes":4096,"n":1,"kind":2,"ov":0}
[msc.reads] n=1 bytes=4096 lba=10017..10017 gap=4 ov=0
[rx] {"t":"event","op":"msc.reads","ms":192520,"gap":4,"lba0":10025,"lba1":10025,"bytes":4096,"n":1,"kind":2,"ov":0}
[msc.reads] n=1 bytes=4096 lba=10025..10025 gap=4 ov=0
[rx] {"t":"event","op":"msc.reads","ms":192524,"gap":4,"lba0":10033,"lba1":10033,"bytes":4096,"n":1,"kind":2,"ov":0}
[msc.reads] n=1 bytes=4096 lba=10033..10033 gap=4 ov=0
[rx] {"t":"event","op":"msc.reads","ms":192527,"gap":3,"lba0":10041,"lba1":10041,"bytes":4096,"n":1,"kind":2,"ov":0}
[msc.reads] n=1 bytes=4096 lba=10041..10041 gap=3 ov=0
[rx] {"t":"event","op":"msc.reads","ms":192531,"gap":4,"lba0":10049,"lba1":10049,"bytes":4096,"n":1,"kind":2,"ov":0}
[msc.reads] n=1 bytes=4096 lba=10049..10049 gap=4 ov=0
[rx] {"t":"event","op":"msc.reads","ms":192535,"gap":4,"lba0":10057,"lba1":10057,"bytes":4096,"n":1,"kind":2,"ov":0}
[msc.reads] n=1 bytes=4096 lba=10057..10057 gap=4 ov=0
[rx] {"t":"event","op":"msc.reads","ms":192539,"gap":4,"lba0":10065,"lba1":10065,"bytes":4096,"n":1,"kind":2,"ov":0}
[msc.reads] n=1 bytes=4096 lba=10065..10065 gap=4 ov=0
[rx] {"t":"event","op":"msc.reads","ms":192543,"gap":4,"lba0":10073,"lba1":10081,"bytes":8192,"n":2,"kind":2,"ov":0}
[msc.reads] n=2 bytes=8192 lba=10073..10081 gap=4 ov=0
[rx] {"t":"event","op":"msc.reads","ms":192551,"gap":4,"lba0":10089,"lba1":10089,"bytes":4096,"n":1,"kind":2,"ov":0}
[msc.reads] n=1 bytes=4096 lba=10089..10089 gap=4 ov=0
[rx] {"t":"event","op":"msc.reads","ms":192555,"gap":4,"lba0":10097,"lba1":10121,"bytes":16384,"n":4,"kind":2,"ov":0}
[msc.reads] n=4 bytes=16384 lba=10097..10121 gap=4 ov=0
[rx] {"t":"event","op":"msc.reads","ms":192570,"gap":4,"lba0":10129,"lba1":10129,"bytes":4096,"n":1,"kind":2,"ov":0}
[msc.reads] n=1 bytes=4096 lba=10129..10129 gap=4 ov=0
[rx] {"t":"event","op":"msc.reads","ms":192574,"gap":4,"lba0":10137,"lba1":10137,"bytes":4096,"n":1,"kind":2,"ov":0}
[msc.reads] n=1 bytes=4096 lba=10137..10137 gap=4 ov=0
[rx] {"t":"event","op":"msc.reads","ms":192578,"gap":4,"lba0":10145,"lba1":10145,"bytes":4096,"n":1,"kind":2,"ov":0}
[msc.reads] n=1 bytes=4096 lba=10145..10145 gap=4 ov=0
[rx] {"t":"event","op":"msc.reads","ms":192581,"gap":3,"lba0":10153,"lba1":10153,"bytes":4096,"n":1,"kind":2,"ov":0}
[msc.reads] n=1 bytes=4096 lba=10153..10153 gap=3 ov=0
[rx] {"t":"event","op":"msc.reads","ms":192585,"gap":4,"lba0":10161,"lba1":10257,"bytes":53248,"n":13,"kind":2,"ov":0}
[msc.reads] n=13 bytes=53248 lba=10161..10257 gap=4 ov=0
[rx] {"t":"event","op":"msc.reads","ms":192633,"gap":4,"lba0":10265,"lba1":10265,"bytes":4096,"n":1,"kind":2,"ov":0}
[msc.reads] n=1 bytes=4096 lba=10265..10265 gap=4 ov=0
[rx] {"t":"event","op":"msc.reads","ms":192637,"gap":4,"lba0":10273,"lba1":10273,"bytes":4096,"n":1,"kind":2,"ov":0}
[msc.reads] n=1 bytes=4096 lba=10273..10273 gap=4 ov=0
[rx] {"t":"event","op":"msc.reads","ms":192641,"gap":4,"lba0":10281,"lba1":10289,"bytes":8192,"n":2,"kind":2,"ov":0}
[msc.reads] n=2 bytes=8192 lba=10281..10289 gap=4 ov=0
[rx] {"t":"event","op":"msc.reads","ms":192648,"gap":4,"lba0":10297,"lba1":10297,"bytes":4096,"n":1,"kind":2,"ov":0}
[msc.reads] n=1 bytes=4096 lba=10297..10297 gap=4 ov=0
[rx] {"t":"event","op":"msc.reads","ms":192652,"gap":4,"lba0":10305,"lba1":10305,"bytes":4096,"n":1,"kind":2,"ov":0}
[msc.reads] n=1 bytes=4096 lba=10305..10305 gap=4 ov=0
[rx] {"t":"event","op":"msc.reads","ms":192656,"gap":4,"lba0":10313,"lba1":10313,"bytes":4096,"n":1,"kind":2,"ov":0}
[msc.reads] n=1 bytes=4096 lba=10313..10313 gap=4 ov=0
[rx] {"t":"event","op":"msc.reads","ms":192661,"gap":5,"lba0":10321,"lba1":10321,"bytes":4096,"n":1,"kind":2,"ov":0}
[msc.reads] n=1 bytes=4096 lba=10321..10321 gap=5 ov=0
[rx] {"t":"event","op":"msc.reads","ms":192665,"gap":4,"lba0":10329,"lba1":10505,"bytes":94208,"n":23,"kind":2,"ov":0}
[msc.reads] n=23 bytes=94208 lba=10329..10505 gap=4 ov=0
[rx] {"t":"event","op":"msc.reads","ms":192751,"gap":4,"lba0":10513,"lba1":10513,"bytes":4096,"n":1,"kind":2,"ov":0}
[msc.reads] n=1 bytes=4096 lba=10513..10513 gap=4 ov=0
[rx] {"t":"event","op":"msc.reads","ms":192755,"gap":4,"lba0":10521,"lba1":10521,"bytes":4096,"n":1,"kind":2,"ov":0}
[msc.reads] n=1 bytes=4096 lba=10521..10521 gap=4 ov=0
[rx] {"t":"event","op":"msc.reads","ms":192759,"gap":4,"lba0":10529,"lba1":10529,"bytes":4096,"n":1,"kind":2,"ov":0}
[msc.reads] n=1 bytes=4096 lba=10529..10529 gap=4 ov=0
[rx] {"t":"event","op":"msc.reads","ms":192763,"gap":4,"lba0":10537,"lba1":10585,"bytes":28672,"n":7,"kind":2,"ov":0}
[msc.reads] n=7 bytes=28672 lba=10537..10585 gap=4 ov=0
[rx] {"t":"event","op":"msc.reads","ms":192789,"gap":4,"lba0":10593,"lba1":10609,"bytes":12288,"n":3,"kind":2,"ov":0}
[msc.reads] n=3 bytes=12288 lba=10593..10609 gap=4 ov=0
[rx] {"t":"event","op":"msc.reads","ms":192800,"gap":3,"lba0":10617,"lba1":10617,"bytes":4096,"n":1,"kind":2,"ov":0}
[msc.reads] n=1 bytes=4096 lba=10617..10617 gap=3 ov=0
[rx] {"t":"event","op":"msc.reads","ms":192805,"gap":5,"lba0":10625,"lba1":10625,"bytes":4096,"n":1,"kind":2,"ov":0}
[msc.reads] n=1 bytes=4096 lba=10625..10625 gap=5 ov=0
[rx] {"t":"event","op":"msc.reads","ms":192809,"gap":4,"lba0":10633,"lba1":10633,"bytes":4096,"n":1,"kind":2,"ov":0}
[msc.reads] n=1 bytes=4096 lba=10633..10633 gap=4 ov=0
[rx] {"t":"event","op":"msc.reads","ms":192813,"gap":4,"lba0":10641,"lba1":10697,"bytes":32768,"n":8,"kind":2,"ov":0}
[msc.reads] n=8 bytes=32768 lba=10641..10697 gap=4 ov=0
[rx] {"t":"event","op":"msc.reads","ms":192842,"gap":4,"lba0":10705,"lba1":10721,"bytes":12288,"n":3,"kind":2,"ov":0}
[msc.reads] n=3 bytes=12288 lba=10705..10721 gap=4 ov=0
[rx] {"t":"event","op":"msc.reads","ms":192853,"gap":4,"lba0":10729,"lba1":10729,"bytes":4096,"n":1,"kind":2,"ov":0}
[msc.reads] n=1 bytes=4096 lba=10729..10729 gap=4 ov=0
[rx] {"t":"event","op":"msc.reads","ms":192857,"gap":4,"lba0":10737,"lba1":10737,"bytes":4096,"n":1,"kind":2,"ov":0}
[msc.reads] n=1 bytes=4096 lba=10737..10737 gap=4 ov=0
[rx] {"t":"event","op":"msc.reads","ms":192861,"gap":4,"lba0":10745,"lba1":10745,"bytes":4096,"n":1,"kind":2,"ov":0}
[msc.reads] n=1 bytes=4096 lba=10745..10745 gap=4 ov=0
[rx] {"t":"event","op":"msc.reads","ms":192865,"gap":4,"lba0":10753,"lba1":10809,"bytes":32768,"n":8,"kind":2,"ov":0}
[msc.reads] n=8 bytes=32768 lba=10753..10809 gap=4 ov=0
[rx] {"t":"event","op":"msc.reads","ms":192896,"gap":4,"lba0":10817,"lba1":10817,"bytes":4096,"n":1,"kind":2,"ov":0}
[msc.reads] n=1 bytes=4096 lba=10817..10817 gap=4 ov=0
[rx] {"t":"event","op":"msc.reads","ms":192900,"gap":4,"lba0":10825,"lba1":10825,"bytes":4096,"n":1,"kind":2,"ov":0}
[msc.reads] n=1 bytes=4096 lba=10825..10825 gap=4 ov=0
[rx] {"t":"event","op":"msc.reads","ms":192903,"gap":3,"lba0":10833,"lba1":10833,"bytes":4096,"n":1,"kind":2,"ov":0}
[msc.reads] n=1 bytes=4096 lba=10833..10833 gap=3 ov=0
[rx] {"t":"event","op":"msc.reads","ms":192907,"gap":4,"lba0":10841,"lba1":10897,"bytes":32768,"n":8,"kind":2,"ov":0}
[msc.reads] n=8 bytes=32768 lba=10841..10897 gap=4 ov=0
[rx] {"t":"event","op":"msc.reads","ms":192937,"gap":4,"lba0":10905,"lba1":10905,"bytes":4096,"n":1,"kind":2,"ov":0}
[msc.reads] n=1 bytes=4096 lba=10905..10905 gap=4 ov=0
[rx] {"t":"event","op":"msc.reads","ms":192941,"gap":4,"lba0":10913,"lba1":10929,"bytes":12288,"n":3,"kind":2,"ov":0}
[msc.reads] n=3 bytes=12288 lba=10913..10929 gap=4 ov=0
[rx] {"t":"event","op":"msc.reads","ms":192953,"gap":4,"lba0":10937,"lba1":10937,"bytes":4096,"n":1,"kind":2,"ov":0}
[msc.reads] n=1 bytes=4096 lba=10937..10937 gap=4 ov=0
[rx] {"t":"event","op":"msc.reads","ms":192957,"gap":4,"lba0":10945,"lba1":10945,"bytes":4096,"n":1,"kind":2,"ov":0}
[msc.reads] n=1 bytes=4096 lba=10945..10945 gap=4 ov=0
[rx] {"t":"event","op":"msc.reads","ms":192961,"gap":4,"lba0":10953,"lba1":10953,"bytes":4096,"n":1,"kind":2,"ov":0}
[msc.reads] n=1 bytes=4096 lba=10953..10953 gap=4 ov=0
[rx] {"t":"event","op":"msc.reads","ms":192965,"gap":4,"lba0":10961,"lba1":11001,"bytes":24576,"n":6,"kind":2,"ov":0}
[msc.reads] n=6 bytes=24576 lba=10961..11001 gap=4 ov=0
[rx] {"t":"event","op":"msc.reads","ms":192987,"gap":4,"lba0":11009,"lba1":11017,"bytes":8192,"n":2,"kind":2,"ov":0}
[msc.reads] n=2 bytes=8192 lba=11009..11017 gap=4 ov=0
[rx] {"t":"event","op":"diag","code":"play.reject","detail":"not_from_head uid=1977938832270506073 from=6561 +2293760B age=45186ms prefetch"}
[msc] play.reject not_from_head uid=1977938832270506073 from=6561 +2293760B age=45186ms prefetch
[rx] {"t":"event","op":"msc.reads","ms":192994,"gap":4,"lba0":11025,"lba1":11033,"bytes":8192,"n":2,"kind":2,"ov":0}
[msc.reads] n=2 bytes=8192 lba=11025..11033 gap=4 ov=0
[rx] {"t":"event","op":"msc.reads","ms":193015,"gap":17,"lba0":11041,"lba1":11041,"bytes":4096,"n":1,"kind":2,"ov":0}
[msc.reads] n=1 bytes=4096 lba=11041..11041 gap=17 ov=0
[rx] {"t":"event","op":"msc.reads","ms":193019,"gap":4,"lba0":11049,"lba1":11049,"bytes":4096,"n":1,"kind":2,"ov":0}
[msc.reads] n=1 bytes=4096 lba=11049..11049 gap=4 ov=0
[rx] {"t":"event","op":"msc.reads","ms":193023,"gap":4,"lba0":11057,"lba1":11097,"bytes":24576,"n":6,"kind":2,"ov":0}
[msc.reads] n=6 bytes=24576 lba=11057..11097 gap=4 ov=0
[rx] {"t":"event","op":"msc.reads","ms":193045,"gap":4,"lba0":11105,"lba1":11193,"bytes":49152,"n":12,"kind":2,"ov":0}
[msc.reads] n=12 bytes=49152 lba=11105..11193 gap=4 ov=0
[rx] {"t":"event","op":"msc.reads","ms":193089,"gap":4,"lba0":11201,"lba1":11201,"bytes":4096,"n":1,"kind":2,"ov":0}
[msc.reads] n=1 bytes=4096 lba=11201..11201 gap=4 ov=0
[rx] {"t":"event","op":"msc.reads","ms":193092,"gap":3,"lba0":11209,"lba1":11209,"bytes":4096,"n":1,"kind":2,"ov":0}
[msc.reads] n=1 bytes=4096 lba=11209..11209 gap=3 ov=0
[rx] {"t":"event","op":"msc.reads","ms":193096,"gap":4,"lba0":11217,"lba1":11217,"bytes":4096,"n":1,"kind":2,"ov":0}
[msc.reads] n=1 bytes=4096 lba=11217..11217 gap=4 ov=0
[rx] {"t":"event","op":"msc.reads","ms":193100,"gap":4,"lba0":11225,"lba1":11225,"bytes":4096,"n":1,"kind":2,"ov":0}
[msc.reads] n=1 bytes=4096 lba=11225..11225 gap=4 ov=0
[rx] {"t":"event","op":"msc.reads","ms":193104,"gap":4,"lba0":11233,"lba1":11233,"bytes":4096,"n":1,"kind":2,"ov":0}
[msc.reads] n=1 bytes=4096 lba=11233..11233 gap=4 ov=0
[rx] {"t":"event","op":"msc.reads","ms":193108,"gap":4,"lba0":11241,"lba1":11241,"bytes":4096,"n":1,"kind":2,"ov":0}
[msc.reads] n=1 bytes=4096 lba=11241..11241 gap=4 ov=0
[rx] {"t":"event","op":"msc.reads","ms":193112,"gap":4,"lba0":11249,"lba1":11249,"bytes":4096,"n":1,"kind":2,"ov":0}
[msc.reads] n=1 bytes=4096 lba=11249..11249 gap=4 ov=0
[rx] {"t":"event","op":"msc.reads","ms":193116,"gap":4,"lba0":11257,"lba1":11257,"bytes":4096,"n":1,"kind":2,"ov":0}
[msc.reads] n=1 bytes=4096 lba=11257..11257 gap=4 ov=0
[rx] {"t":"event","op":"msc.reads","ms":193120,"gap":4,"lba0":11265,"lba1":11337,"bytes":40960,"n":10,"kind":2,"ov":0}
[msc.reads] n=10 bytes=40960 lba=11265..11337 gap=4 ov=0
[rx] {"t":"event","op":"msc.reads","ms":193157,"gap":4,"lba0":11345,"lba1":11345,"bytes":4096,"n":1,"kind":2,"ov":0}
[msc.reads] n=1 bytes=4096 lba=11345..11345 gap=4 ov=0
[rx] {"t":"event","op":"msc.reads","ms":193161,"gap":4,"lba0":11353,"lba1":11353,"bytes":4096,"n":1,"kind":2,"ov":0}
[msc.reads] n=1 bytes=4096 lba=11353..11353 gap=4 ov=0
[rx] {"t":"event","op":"msc.reads","ms":193165,"gap":4,"lba0":11361,"lba1":11361,"bytes":4096,"n":1,"kind":2,"ov":0}
[msc.reads] n=1 bytes=4096 lba=11361..11361 gap=4 ov=0
[rx] {"t":"event","op":"msc.reads","ms":193169,"gap":4,"lba0":11369,"lba1":11409,"bytes":24576,"n":6,"kind":2,"ov":0}
[msc.reads] n=6 bytes=24576 lba=11369..11409 gap=4 ov=0
[rx] {"t":"event","op":"msc.reads","ms":193191,"gap":4,"lba0":11417,"lba1":11417,"bytes":4096,"n":1,"kind":2,"ov":0}
[msc.reads] n=1 bytes=4096 lba=11417..11417 gap=4 ov=0
[rx] {"t":"event","op":"msc.reads","ms":193195,"gap":4,"lba0":11425,"lba1":11457,"bytes":20480,"n":5,"kind":2,"ov":0}
[msc.reads] n=5 bytes=20480 lba=11425..11457 gap=4 ov=0
[rx] {"t":"event","op":"msc.reads","ms":193214,"gap":4,"lba0":11465,"lba1":11465,"bytes":4096,"n":1,"kind":2,"ov":0}
[msc.reads] n=1 bytes=4096 lba=11465..11465 gap=4 ov=0
[rx] {"t":"event","op":"msc.reads","ms":193218,"gap":4,"lba0":11473,"lba1":11473,"bytes":4096,"n":1,"kind":2,"ov":0}
[msc.reads] n=1 bytes=4096 lba=11473..11473 gap=4 ov=0
[rx] {"t":"event","op":"msc.reads","ms":193222,"gap":4,"lba0":11481,"lba1":11481,"bytes":4096,"n":1,"kind":2,"ov":0}
[msc.reads] n=1 bytes=4096 lba=11481..11481 gap=4 ov=0
[rx] {"t":"event","op":"msc.reads","ms":193226,"gap":4,"lba0":11489,"lba1":11497,"bytes":8192,"n":2,"kind":2,"ov":0}
[msc.reads] n=2 bytes=8192 lba=11489..11497 gap=4 ov=0
[rx] {"t":"event","op":"msc.reads","ms":193233,"gap":4,"lba0":11505,"lba1":11505,"bytes":4096,"n":1,"kind":2,"ov":0}
[msc.reads] n=1 bytes=4096 lba=11505..11505 gap=4 ov=0
[rx] {"t":"event","op":"msc.reads","ms":193237,"gap":4,"lba0":11513,"lba1":11513,"bytes":4096,"n":1,"kind":2,"ov":0}
[msc.reads] n=1 bytes=4096 lba=11513..11513 gap=4 ov=0
[rx] {"t":"event","op":"msc.reads","ms":193241,"gap":4,"lba0":11521,"lba1":11521,"bytes":4096,"n":1,"kind":2,"ov":0}
[msc.reads] n=1 bytes=4096 lba=11521..11521 gap=4 ov=0
[rx] {"t":"event","op":"msc.reads","ms":193245,"gap":4,"lba0":11529,"lba1":11529,"bytes":4096,"n":1,"kind":2,"ov":0}
[msc.reads] n=1 bytes=4096 lba=11529..11529 gap=4 ov=0
[rx] {"t":"event","op":"msc.reads","ms":193249,"gap":4,"lba0":11537,"lba1":11537,"bytes":4096,"n":1,"kind":2,"ov":0}
[msc.reads] n=1 bytes=4096 lba=11537..11537 gap=4 ov=0
[rx] {"t":"event","op":"msc.reads","ms":193253,"gap":4,"lba0":11545,"lba1":11545,"bytes":4096,"n":1,"kind":2,"ov":0}
[msc.reads] n=1 bytes=4096 lba=11545..11545 gap=4 ov=0
[rx] {"t":"event","op":"msc.reads","ms":193257,"gap":4,"lba0":11553,"lba1":11553,"bytes":4096,"n":1,"kind":2,"ov":0}
[msc.reads] n=1 bytes=4096 lba=11553..11553 gap=4 ov=0
[rx] {"t":"event","op":"msc.reads","ms":193261,"gap":4,"lba0":11561,"lba1":11561,"bytes":4096,"n":1,"kind":2,"ov":0}
[msc.reads] n=1 bytes=4096 lba=11561..11561 gap=4 ov=0
[rx] {"t":"event","op":"msc.reads","ms":193265,"gap":4,"lba0":11569,"lba1":11577,"bytes":8192,"n":2,"kind":2,"ov":0}
[msc.reads] n=2 bytes=8192 lba=11569..11577 gap=4 ov=0
[rx] {"t":"event","op":"msc.reads","ms":193272,"gap":4,"lba0":11585,"lba1":11585,"bytes":4096,"n":1,"kind":2,"ov":0}
[msc.reads] n=1 bytes=4096 lba=11585..11585 gap=4 ov=0
[rx] {"t":"event","op":"msc.reads","ms":193276,"gap":4,"lba0":11593,"lba1":11593,"bytes":4096,"n":1,"kind":2,"ov":0}
[msc.reads] n=1 bytes=4096 lba=11593..11593 gap=4 ov=0
[rx] {"t":"event","op":"msc.reads","ms":193280,"gap":4,"lba0":11601,"lba1":11601,"bytes":4096,"n":1,"kind":2,"ov":0}
[msc.reads] n=1 bytes=4096 lba=11601..11601 gap=4 ov=0
[rx] {"t":"event","op":"msc.reads","ms":193284,"gap":4,"lba0":11609,"lba1":11609,"bytes":4096,"n":1,"kind":2,"ov":0}
[msc.reads] n=1 bytes=4096 lba=11609..11609 gap=4 ov=0
[rx] {"t":"event","op":"msc.reads","ms":193288,"gap":4,"lba0":11617,"lba1":11617,"bytes":4096,"n":1,"kind":2,"ov":0}
[msc.reads] n=1 bytes=4096 lba=11617..11617 gap=4 ov=0
[rx] {"t":"event","op":"msc.reads","ms":193292,"gap":4,"lba0":11625,"lba1":11625,"bytes":4096,"n":1,"kind":2,"ov":0}
[msc.reads] n=1 bytes=4096 lba=11625..11625 gap=4 ov=0
[rx] {"t":"event","op":"msc.reads","ms":193296,"gap":4,"lba0":11633,"lba1":11633,"bytes":4096,"n":1,"kind":2,"ov":0}
[msc.reads] n=1 bytes=4096 lba=11633..11633 gap=4 ov=0
[rx] {"t":"event","op":"msc.reads","ms":193300,"gap":4,"lba0":11641,"lba1":11641,"bytes":4096,"n":1,"kind":2,"ov":0}
[msc.reads] n=1 bytes=4096 lba=11641..11641 gap=4 ov=0
[rx] {"t":"event","op":"msc.reads","ms":193304,"gap":4,"lba0":11649,"lba1":11649,"bytes":4096,"n":1,"kind":2,"ov":0}
[msc.reads] n=1 bytes=4096 lba=11649..11649 gap=4 ov=0
[rx] {"t":"event","op":"msc.reads","ms":193308,"gap":4,"lba0":11657,"lba1":11665,"bytes":8192,"n":2,"kind":2,"ov":0}
[msc.reads] n=2 bytes=8192 lba=11657..11665 gap=4 ov=0
[rx] {"t":"event","op":"msc.reads","ms":193315,"gap":4,"lba0":11673,"lba1":11673,"bytes":4096,"n":1,"kind":2,"ov":0}
[msc.reads] n=1 bytes=4096 lba=11673..11673 gap=4 ov=0
[rx] {"t":"event","op":"msc.reads","ms":193319,"gap":4,"lba0":11681,"lba1":11681,"bytes":4096,"n":1,"kind":2,"ov":0}
[msc.reads] n=1 bytes=4096 lba=11681..11681 gap=4 ov=0
[rx] {"t":"event","op":"msc.reads","ms":193323,"gap":4,"lba0":11689,"lba1":11745,"bytes":32768,"n":8,"kind":2,"ov":0}
[msc.reads] n=8 bytes=32768 lba=11689..11745 gap=4 ov=0
[rx] {"t":"event","op":"msc.reads","ms":193352,"gap":4,"lba0":11753,"lba1":11753,"bytes":4096,"n":1,"kind":2,"ov":0}
[msc.reads] n=1 bytes=4096 lba=11753..11753 gap=4 ov=0
[rx] {"t":"event","op":"msc.reads","ms":193356,"gap":4,"lba0":11761,"lba1":11777,"bytes":12288,"n":3,"kind":2,"ov":0}
[msc.reads] n=3 bytes=12288 lba=11761..11777 gap=4 ov=0
[rx] {"t":"event","op":"msc.reads","ms":193367,"gap":4,"lba0":11785,"lba1":11785,"bytes":4096,"n":1,"kind":2,"ov":0}
[msc.reads] n=1 bytes=4096 lba=11785..11785 gap=4 ov=0
[rx] {"t":"event","op":"msc.reads","ms":193371,"gap":4,"lba0":11793,"lba1":11793,"bytes":4096,"n":1,"kind":2,"ov":0}
[msc.reads] n=1 bytes=4096 lba=11793..11793 gap=4 ov=0
[rx] {"t":"event","op":"msc.reads","ms":193375,"gap":4,"lba0":11801,"lba1":11801,"bytes":4096,"n":1,"kind":2,"ov":0}
[msc.reads] n=1 bytes=4096 lba=11801..11801 gap=4 ov=0
[rx] {"t":"event","op":"msc.reads","ms":193379,"gap":4,"lba0":11809,"lba1":11809,"bytes":4096,"n":1,"kind":2,"ov":0}
[msc.reads] n=1 bytes=4096 lba=11809..11809 gap=4 ov=0
[rx] {"t":"event","op":"msc.reads","ms":193383,"gap":4,"lba0":11817,"lba1":11873,"bytes":32768,"n":8,"kind":2,"ov":0}
[msc.reads] n=8 bytes=32768 lba=11817..11873 gap=4 ov=0
[rx] {"t":"event","op":"msc.reads","ms":193413,"gap":4,"lba0":11881,"lba1":11897,"bytes":12288,"n":3,"kind":2,"ov":0}
[msc.reads] n=3 bytes=12288 lba=11881..11897 gap=4 ov=0
[rx] {"t":"event","op":"msc.reads","ms":193424,"gap":4,"lba0":11905,"lba1":11905,"bytes":4096,"n":1,"kind":2,"ov":0}
[msc.reads] n=1 bytes=4096 lba=11905..11905 gap=4 ov=0
[rx] {"t":"event","op":"msc.reads","ms":193428,"gap":4,"lba0":11913,"lba1":11913,"bytes":4096,"n":1,"kind":2,"ov":0}
[msc.reads] n=1 bytes=4096 lba=11913..11913 gap=4 ov=0
[rx] {"t":"event","op":"msc.reads","ms":193432,"gap":4,"lba0":11921,"lba1":11929,"bytes":8192,"n":2,"kind":2,"ov":0}
[msc.reads] n=2 bytes=8192 lba=11921..11929 gap=4 ov=0
[rx] {"t":"event","op":"msc.reads","ms":193439,"gap":4,"lba0":11937,"lba1":11985,"bytes":28672,"n":7,"kind":2,"ov":0}
[msc.reads] n=7 bytes=28672 lba=11937..11985 gap=4 ov=0
[rx] {"t":"event","op":"msc.reads","ms":193465,"gap":3,"lba0":11993,"lba1":11993,"bytes":4096,"n":1,"kind":2,"ov":0}
[msc.reads] n=1 bytes=4096 lba=11993..11993 gap=3 ov=0
[rx] {"t":"event","op":"msc.reads","ms":193470,"gap":5,"lba0":12001,"lba1":12001,"bytes":4096,"n":1,"kind":2,"ov":0}
[msc.reads] n=1 bytes=4096 lba=12001..12001 gap=5 ov=0
[rx] {"t":"event","op":"msc.reads","ms":193474,"gap":4,"lba0":12009,"lba1":12009,"bytes":4096,"n":1,"kind":2,"ov":0}
[msc.reads] n=1 bytes=4096 lba=12009..12009 gap=4 ov=0
[rx] {"t":"event","op":"msc.reads","ms":193478,"gap":4,"lba0":12017,"lba1":12073,"bytes":32768,"n":8,"kind":2,"ov":0}
[msc.reads] n=8 bytes=32768 lba=12017..12073 gap=4 ov=0
[rx] {"t":"event","op":"msc.reads","ms":193507,"gap":4,"lba0":12081,"lba1":12081,"bytes":4096,"n":1,"kind":2,"ov":0}
[msc.reads] n=1 bytes=4096 lba=12081..12081 gap=4 ov=0
[tx] {"t":"ping"}
[rx] {"t":"event","op":"msc.reads","ms":193511,"gap":4,"lba0":12089,"lba1":12089,"bytes":4096,"n":1,"kind":2,"ov":0}
[msc.reads] n=1 bytes=4096 lba=12089..12089 gap=4 ov=0
[rx] {"t":"event","op":"msc.reads","ms":193515,"gap":4,"lba0":12097,"lba1":12161,"bytes":36864,"n":9,"kind":2,"ov":0}
[msc.reads] n=9 bytes=36864 lba=12097..12161 gap=4 ov=0
[rx] {"t":"event","op":"msc.reads","ms":193548,"gap":4,"lba0":12169,"lba1":12169,"bytes":4096,"n":1,"kind":2,"ov":0}
[msc.reads] n=1 bytes=4096 lba=12169..12169 gap=4 ov=0
[rx] {"t":"pong"}
[rx] {"t":"event","op":"msc.reads","ms":193551,"gap":3,"lba0":12177,"lba1":12185,"bytes":8192,"n":2,"kind":2,"ov":0}
[msc.reads] n=2 bytes=8192 lba=12177..12185 gap=3 ov=0
[rx] {"t":"event","op":"msc.reads","ms":193559,"gap":4,"lba0":12193,"lba1":12193,"bytes":4096,"n":1,"kind":2,"ov":0}
[msc.reads] n=1 bytes=4096 lba=12193..12193 gap=4 ov=0
[rx] {"t":"event","op":"msc.reads","ms":193563,"gap":4,"lba0":12201,"lba1":12265,"bytes":36864,"n":9,"kind":2,"ov":0}
[msc.reads] n=9 bytes=36864 lba=12201..12265 gap=4 ov=0
[rx] {"t":"event","op":"msc.reads","ms":193596,"gap":3,"lba0":12273,"lba1":12273,"bytes":4096,"n":1,"kind":2,"ov":0}
[msc.reads] n=1 bytes=4096 lba=12273..12273 gap=3 ov=0
[rx] {"t":"event","op":"msc.reads","ms":193600,"gap":4,"lba0":12281,"lba1":12281,"bytes":4096,"n":1,"kind":2,"ov":0}
[msc.reads] n=1 bytes=4096 lba=12281..12281 gap=4 ov=0
[rx] {"t":"event","op":"msc.reads","ms":193604,"gap":4,"lba0":12289,"lba1":12297,"bytes":8192,"n":2,"kind":2,"ov":0}
[msc.reads] n=2 bytes=8192 lba=12289..12297 gap=4 ov=0
[rx] {"t":"event","op":"msc.reads","ms":193612,"gap":4,"lba0":12305,"lba1":12305,"bytes":4096,"n":1,"kind":2,"ov":0}
[msc.reads] n=1 bytes=4096 lba=12305..12305 gap=4 ov=0
[rx] {"t":"event","op":"msc.reads","ms":193616,"gap":4,"lba0":12313,"lba1":12313,"bytes":4096,"n":1,"kind":2,"ov":0}
[msc.reads] n=1 bytes=4096 lba=12313..12313 gap=4 ov=0
[rx] {"t":"event","op":"msc.reads","ms":193620,"gap":4,"lba0":12321,"lba1":12321,"bytes":4096,"n":1,"kind":2,"ov":0}
[msc.reads] n=1 bytes=4096 lba=12321..12321 gap=4 ov=0
[rx] {"t":"event","op":"msc.reads","ms":193624,"gap":4,"lba0":12329,"lba1":12329,"bytes":4096,"n":1,"kind":2,"ov":0}
[msc.reads] n=1 bytes=4096 lba=12329..12329 gap=4 ov=0
[rx] {"t":"event","op":"msc.reads","ms":193627,"gap":3,"lba0":12337,"lba1":12337,"bytes":4096,"n":1,"kind":2,"ov":0}
[msc.reads] n=1 bytes=4096 lba=12337..12337 gap=3 ov=0
[rx] {"t":"event","op":"msc.reads","ms":193631,"gap":4,"lba0":12345,"lba1":12385,"bytes":24576,"n":6,"kind":2,"ov":0}
[msc.reads] n=6 bytes=24576 lba=12345..12385 gap=4 ov=0
[rx] {"t":"event","op":"msc.reads","ms":193653,"gap":4,"lba0":12393,"lba1":12497,"bytes":57344,"n":14,"kind":2,"ov":0}
[msc.reads] n=14 bytes=57344 lba=12393..12497 gap=4 ov=0
[rx] {"t":"event","op":"msc.reads","ms":193704,"gap":3,"lba0":12505,"lba1":12505,"bytes":4096,"n":1,"kind":2,"ov":0}
[msc.reads] n=1 bytes=4096 lba=12505..12505 gap=3 ov=0
[rx] {"t":"event","op":"msc.reads","ms":193708,"gap":4,"lba0":12513,"lba1":12513,"bytes":4096,"n":1,"kind":2,"ov":0}
[msc.reads] n=1 bytes=4096 lba=12513..12513 gap=4 ov=0
[rx] {"t":"event","op":"msc.reads","ms":193712,"gap":4,"lba0":12521,"lba1":12521,"bytes":4096,"n":1,"kind":2,"ov":0}
[msc.reads] n=1 bytes=4096 lba=12521..12521 gap=4 ov=0
[rx] {"t":"event","op":"msc.reads","ms":193717,"gap":5,"lba0":12529,"lba1":12529,"bytes":4096,"n":1,"kind":2,"ov":0}
[msc.reads] n=1 bytes=4096 lba=12529..12529 gap=5 ov=0
[rx] {"t":"event","op":"msc.reads","ms":193721,"gap":4,"lba0":12537,"lba1":12545,"bytes":8192,"n":2,"kind":2,"ov":0}
[msc.reads] n=2 bytes=8192 lba=12537..12545 gap=4 ov=0
[rx] {"t":"event","op":"msc.reads","ms":193728,"gap":4,"lba0":12553,"lba1":12553,"bytes":4096,"n":1,"kind":2,"ov":0}
[msc.reads] n=1 bytes=4096 lba=12553..12553 gap=4 ov=0
[rx] {"t":"event","op":"msc.reads","ms":193732,"gap":4,"lba0":12561,"lba1":12609,"bytes":28672,"n":7,"kind":2,"ov":0}
[msc.reads] n=7 bytes=28672 lba=12561..12609 gap=4 ov=0
[rx] {"t":"event","op":"msc.reads","ms":193758,"gap":4,"lba0":12617,"lba1":12641,"bytes":16384,"n":4,"kind":2,"ov":0}
[msc.reads] n=4 bytes=16384 lba=12617..12641 gap=4 ov=0
[rx] {"t":"event","op":"msc.reads","ms":193772,"gap":3,"lba0":12649,"lba1":12649,"bytes":4096,"n":1,"kind":2,"ov":0}
[msc.reads] n=1 bytes=4096 lba=12649..12649 gap=3 ov=0
[rx] {"t":"event","op":"msc.reads","ms":193776,"gap":4,"lba0":12657,"lba1":12657,"bytes":4096,"n":1,"kind":2,"ov":0}
[msc.reads] n=1 bytes=4096 lba=12657..12657 gap=4 ov=0
[rx] {"t":"event","op":"msc.reads","ms":193780,"gap":4,"lba0":12665,"lba1":12665,"bytes":4096,"n":1,"kind":2,"ov":0}
[msc.reads] n=1 bytes=4096 lba=12665..12665 gap=4 ov=0
[rx] {"t":"event","op":"diag","code":"play.reject","detail":"not_from_head uid=1977938832270506073 from=6561 +3149824B age=45986ms prefetch"}
[msc] play.reject not_from_head uid=1977938832270506073 from=6561 +3149824B age=45986ms prefetch
[rx] {"t":"event","op":"msc.reads","ms":193784,"gap":4,"lba0":12673,"lba1":12705,"bytes":20480,"n":5,"kind":2,"ov":0}
[msc.reads] n=5 bytes=20480 lba=12673..12705 gap=4 ov=0
[rx] {"t":"event","op":"msc.reads","ms":193817,"gap":19,"lba0":12713,"lba1":12793,"bytes":45056,"n":11,"kind":2,"ov":0}
[msc.reads] n=11 bytes=45056 lba=12713..12793 gap=19 ov=0
[rx] {"t":"event","op":"msc.reads","ms":193857,"gap":4,"lba0":12801,"lba1":12801,"bytes":4096,"n":1,"kind":2,"ov":0}
[msc.reads] n=1 bytes=4096 lba=12801..12801 gap=4 ov=0
[rx] {"t":"event","op":"msc.reads","ms":193861,"gap":4,"lba0":12809,"lba1":12809,"bytes":4096,"n":1,"kind":2,"ov":0}
[msc.reads] n=1 bytes=4096 lba=12809..12809 gap=4 ov=0
[rx] {"t":"event","op":"msc.reads","ms":193865,"gap":4,"lba0":12817,"lba1":12817,"bytes":4096,"n":1,"kind":2,"ov":0}
[msc.reads] n=1 bytes=4096 lba=12817..12817 gap=4 ov=0
[rx] {"t":"event","op":"msc.reads","ms":193868,"gap":3,"lba0":12825,"lba1":12889,"bytes":36864,"n":9,"kind":2,"ov":0}
[msc.reads] n=9 bytes=36864 lba=12825..12889 gap=3 ov=0
[rx] {"t":"event","op":"msc.reads","ms":193902,"gap":4,"lba0":12897,"lba1":12897,"bytes":4096,"n":1,"kind":2,"ov":0}
[msc.reads] n=1 bytes=4096 lba=12897..12897 gap=4 ov=0
[rx] {"t":"event","op":"msc.reads","ms":193906,"gap":4,"lba0":12905,"lba1":12913,"bytes":8192,"n":2,"kind":2,"ov":0}
[msc.reads] n=2 bytes=8192 lba=12905..12913 gap=4 ov=0
[rx] {"t":"event","op":"msc.reads","ms":193913,"gap":4,"lba0":12921,"lba1":12929,"bytes":8192,"n":2,"kind":2,"ov":0}
[msc.reads] n=2 bytes=8192 lba=12921..12929 gap=4 ov=0
[rx] {"t":"event","op":"msc.reads","ms":193921,"gap":4,"lba0":12937,"lba1":12937,"bytes":4096,"n":1,"kind":2,"ov":0}
[msc.reads] n=1 bytes=4096 lba=12937..12937 gap=4 ov=0
[rx] {"t":"event","op":"msc.reads","ms":193925,"gap":4,"lba0":12945,"lba1":12945,"bytes":4096,"n":1,"kind":2,"ov":0}
[msc.reads] n=1 bytes=4096 lba=12945..12945 gap=4 ov=0
[rx] {"t":"event","op":"msc.reads","ms":193929,"gap":4,"lba0":12953,"lba1":12953,"bytes":4096,"n":1,"kind":2,"ov":0}
[msc.reads] n=1 bytes=4096 lba=12953..12953 gap=4 ov=0
[rx] {"t":"event","op":"msc.reads","ms":193933,"gap":4,"lba0":12961,"lba1":12961,"bytes":4096,"n":1,"kind":2,"ov":0}
[msc.reads] n=1 bytes=4096 lba=12961..12961 gap=4 ov=0
[rx] {"t":"event","op":"msc.reads","ms":193936,"gap":3,"lba0":12969,"lba1":13009,"bytes":24576,"n":6,"kind":2,"ov":0}
[msc.reads] n=6 bytes=24576 lba=12969..13009 gap=3 ov=0
[rx] {"t":"event","op":"msc.reads","ms":193959,"gap":4,"lba0":13017,"lba1":13049,"bytes":20480,"n":5,"kind":2,"ov":0}
[msc.reads] n=5 bytes=20480 lba=13017..13049 gap=4 ov=0
[rx] {"t":"event","op":"msc.reads","ms":193977,"gap":4,"lba0":13057,"lba1":13057,"bytes":4096,"n":1,"kind":2,"ov":0}
[msc.reads] n=1 bytes=4096 lba=13057..13057 gap=4 ov=0
[rx] {"t":"event","op":"msc.reads","ms":193981,"gap":4,"lba0":13065,"lba1":13073,"bytes":8192,"n":2,"kind":2,"ov":0}
[msc.reads] n=2 bytes=8192 lba=13065..13073 gap=4 ov=0
[rx] {"t":"event","op":"msc.reads","ms":193989,"gap":4,"lba0":13081,"lba1":13081,"bytes":4096,"n":1,"kind":2,"ov":0}
[msc.reads] n=1 bytes=4096 lba=13081..13081 gap=4 ov=0
[rx] {"t":"event","op":"msc.reads","ms":193993,"gap":4,"lba0":13089,"lba1":13089,"bytes":4096,"n":1,"kind":2,"ov":0}
[msc.reads] n=1 bytes=4096 lba=13089..13089 gap=4 ov=0
[rx] {"t":"event","op":"msc.reads","ms":193997,"gap":4,"lba0":13097,"lba1":13097,"bytes":4096,"n":1,"kind":2,"ov":0}
[msc.reads] n=1 bytes=4096 lba=13097..13097 gap=4 ov=0
[rx] {"t":"event","op":"msc.reads","ms":194001,"gap":4,"lba0":13105,"lba1":13105,"bytes":4096,"n":1,"kind":2,"ov":0}
[msc.reads] n=1 bytes=4096 lba=13105..13105 gap=4 ov=0
[rx] {"t":"event","op":"msc.reads","ms":194005,"gap":4,"lba0":13113,"lba1":13113,"bytes":4096,"n":1,"kind":2,"ov":0}
[msc.reads] n=1 bytes=4096 lba=13113..13113 gap=4 ov=0
[rx] {"t":"event","op":"msc.reads","ms":194008,"gap":3,"lba0":13121,"lba1":13121,"bytes":4096,"n":1,"kind":2,"ov":0}
[msc.reads] n=1 bytes=4096 lba=13121..13121 gap=3 ov=0
[rx] {"t":"event","op":"msc.reads","ms":194013,"gap":5,"lba0":13129,"lba1":13129,"bytes":4096,"n":1,"kind":2,"ov":0}
[msc.reads] n=1 bytes=4096 lba=13129..13129 gap=5 ov=0
[rx] {"t":"event","op":"msc.reads","ms":194017,"gap":4,"lba0":13137,"lba1":13137,"bytes":4096,"n":1,"kind":2,"ov":0}
[msc.reads] n=1 bytes=4096 lba=13137..13137 gap=4 ov=0
[rx] {"t":"event","op":"msc.reads","ms":194021,"gap":4,"lba0":13145,"lba1":13145,"bytes":4096,"n":1,"kind":2,"ov":0}
[msc.reads] n=1 bytes=4096 lba=13145..13145 gap=4 ov=0
[rx] {"t":"event","op":"msc.reads","ms":194025,"gap":4,"lba0":13153,"lba1":13161,"bytes":8192,"n":2,"kind":2,"ov":0}
[msc.reads] n=2 bytes=8192 lba=13153..13161 gap=4 ov=0
[rx] {"t":"event","op":"msc.reads","ms":194032,"gap":4,"lba0":13169,"lba1":13169,"bytes":4096,"n":1,"kind":2,"ov":0}
[msc.reads] n=1 bytes=4096 lba=13169..13169 gap=4 ov=0
[rx] {"t":"event","op":"msc.reads","ms":194036,"gap":4,"lba0":13177,"lba1":13177,"bytes":4096,"n":1,"kind":2,"ov":0}
[msc.reads] n=1 bytes=4096 lba=13177..13177 gap=4 ov=0
[rx] {"t":"event","op":"msc.reads","ms":194040,"gap":4,"lba0":13185,"lba1":13241,"bytes":32768,"n":8,"kind":2,"ov":0}
[msc.reads] n=8 bytes=32768 lba=13185..13241 gap=4 ov=0
[rx] {"t":"event","op":"msc.reads","ms":194070,"gap":4,"lba0":13249,"lba1":13249,"bytes":4096,"n":1,"kind":2,"ov":0}
[msc.reads] n=1 bytes=4096 lba=13249..13249 gap=4 ov=0
[rx] {"t":"event","op":"msc.reads","ms":194074,"gap":4,"lba0":13257,"lba1":13281,"bytes":16384,"n":4,"kind":2,"ov":0}
[msc.reads] n=4 bytes=16384 lba=13257..13281 gap=4 ov=0
[rx] {"t":"event","op":"msc.reads","ms":194089,"gap":4,"lba0":13289,"lba1":13289,"bytes":4096,"n":1,"kind":2,"ov":0}
[msc.reads] n=1 bytes=4096 lba=13289..13289 gap=4 ov=0
[rx] {"t":"event","op":"msc.reads","ms":194093,"gap":4,"lba0":13297,"lba1":13297,"bytes":4096,"n":1,"kind":2,"ov":0}
[msc.reads] n=1 bytes=4096 lba=13297..13297 gap=4 ov=0
[rx] {"t":"event","op":"msc.reads","ms":194097,"gap":4,"lba0":13305,"lba1":13305,"bytes":4096,"n":1,"kind":2,"ov":0}
[msc.reads] n=1 bytes=4096 lba=13305..13305 gap=4 ov=0
[rx] {"t":"event","op":"msc.reads","ms":194100,"gap":3,"lba0":13313,"lba1":13369,"bytes":32768,"n":8,"kind":2,"ov":0}
[msc.reads] n=8 bytes=32768 lba=13313..13369 gap=3 ov=0
[rx] {"t":"event","op":"msc.reads","ms":194130,"gap":4,"lba0":13377,"lba1":13441,"bytes":36864,"n":9,"kind":2,"ov":0}
[msc.reads] n=9 bytes=36864 lba=13377..13441 gap=4 ov=0
[rx] {"t":"event","op":"msc.reads","ms":194163,"gap":4,"lba0":13449,"lba1":13449,"bytes":4096,"n":1,"kind":2,"ov":0}
[msc.reads] n=1 bytes=4096 lba=13449..13449 gap=4 ov=0
[rx] {"t":"event","op":"msc.reads","ms":194167,"gap":4,"lba0":13457,"lba1":13457,"bytes":4096,"n":1,"kind":2,"ov":0}
[msc.reads] n=1 bytes=4096 lba=13457..13457 gap=4 ov=0
[rx] {"t":"event","op":"msc.reads","ms":194171,"gap":4,"lba0":13465,"lba1":13473,"bytes":8192,"n":2,"kind":2,"ov":0}
[msc.reads] n=2 bytes=8192 lba=13465..13473 gap=4 ov=0
[rx] {"t":"event","op":"msc.reads","ms":194179,"gap":4,"lba0":13481,"lba1":13481,"bytes":4096,"n":1,"kind":2,"ov":0}
[msc.reads] n=1 bytes=4096 lba=13481..13481 gap=4 ov=0
[rx] {"t":"event","op":"msc.reads","ms":194182,"gap":3,"lba0":13489,"lba1":13489,"bytes":4096,"n":1,"kind":2,"ov":0}
[msc.reads] n=1 bytes=4096 lba=13489..13489 gap=3 ov=0
[rx] {"t":"event","op":"msc.reads","ms":194186,"gap":4,"lba0":13497,"lba1":13497,"bytes":4096,"n":1,"kind":2,"ov":0}
[msc.reads] n=1 bytes=4096 lba=13497..13497 gap=4 ov=0
[rx] {"t":"event","op":"msc.reads","ms":194190,"gap":4,"lba0":13505,"lba1":13521,"bytes":12288,"n":3,"kind":2,"ov":0}
[msc.reads] n=3 bytes=12288 lba=13505..13521 gap=4 ov=0
[rx] {"t":"event","op":"msc.reads","ms":194201,"gap":4,"lba0":13529,"lba1":13529,"bytes":4096,"n":1,"kind":2,"ov":0}
[msc.reads] n=1 bytes=4096 lba=13529..13529 gap=4 ov=0
[rx] {"t":"event","op":"msc.reads","ms":194205,"gap":4,"lba0":13537,"lba1":13665,"bytes":69632,"n":17,"kind":2,"ov":0}
[msc.reads] n=17 bytes=69632 lba=13537..13665 gap=4 ov=0
[rx] {"t":"event","op":"msc.reads","ms":194267,"gap":4,"lba0":13673,"lba1":13673,"bytes":4096,"n":1,"kind":2,"ov":0}
[msc.reads] n=1 bytes=4096 lba=13673..13673 gap=4 ov=0
[rx] {"t":"event","op":"msc.reads","ms":194271,"gap":4,"lba0":13681,"lba1":13681,"bytes":4096,"n":1,"kind":2,"ov":0}
[msc.reads] n=1 bytes=4096 lba=13681..13681 gap=4 ov=0
[rx] {"t":"event","op":"msc.reads","ms":194275,"gap":4,"lba0":13689,"lba1":13689,"bytes":4096,"n":1,"kind":2,"ov":0}
[msc.reads] n=1 bytes=4096 lba=13689..13689 gap=4 ov=0
[rx] {"t":"event","op":"msc.reads","ms":194279,"gap":4,"lba0":13697,"lba1":13705,"bytes":8192,"n":2,"kind":2,"ov":0}
[msc.reads] n=2 bytes=8192 lba=13697..13705 gap=4 ov=0
[rx] {"t":"event","op":"msc.reads","ms":194287,"gap":4,"lba0":13713,"lba1":13713,"bytes":4096,"n":1,"kind":2,"ov":0}
[msc.reads] n=1 bytes=4096 lba=13713..13713 gap=4 ov=0
[rx] {"t":"event","op":"msc.reads","ms":194290,"gap":3,"lba0":13721,"lba1":13721,"bytes":4096,"n":1,"kind":2,"ov":0}
[msc.reads] n=1 bytes=4096 lba=13721..13721 gap=3 ov=0
[rx] {"t":"event","op":"msc.reads","ms":194294,"gap":4,"lba0":13729,"lba1":13729,"bytes":4096,"n":1,"kind":2,"ov":0}
[msc.reads] n=1 bytes=4096 lba=13729..13729 gap=4 ov=0
[rx] {"t":"event","op":"msc.reads","ms":194298,"gap":4,"lba0":13737,"lba1":13793,"bytes":32768,"n":8,"kind":2,"ov":0}
[msc.reads] n=8 bytes=32768 lba=13737..13793 gap=4 ov=0
[rx] {"t":"event","op":"msc.reads","ms":194328,"gap":4,"lba0":13801,"lba1":13809,"bytes":8192,"n":2,"kind":2,"ov":0}
[msc.reads] n=2 bytes=8192 lba=13801..13809 gap=4 ov=0
[rx] {"t":"event","op":"msc.reads","ms":194335,"gap":4,"lba0":13817,"lba1":13817,"bytes":4096,"n":1,"kind":2,"ov":0}
[msc.reads] n=1 bytes=4096 lba=13817..13817 gap=4 ov=0
[rx] {"t":"event","op":"msc.reads","ms":194339,"gap":4,"lba0":13825,"lba1":13825,"bytes":4096,"n":1,"kind":2,"ov":0}
[msc.reads] n=1 bytes=4096 lba=13825..13825 gap=4 ov=0
[rx] {"t":"event","op":"msc.reads","ms":194343,"gap":4,"lba0":13833,"lba1":13889,"bytes":32768,"n":8,"kind":2,"ov":0}
[msc.reads] n=8 bytes=32768 lba=13833..13889 gap=4 ov=0
[rx] {"t":"event","op":"msc.reads","ms":194372,"gap":4,"lba0":13897,"lba1":13897,"bytes":4096,"n":1,"kind":2,"ov":0}
[msc.reads] n=1 bytes=4096 lba=13897..13897 gap=4 ov=0
[rx] {"t":"event","op":"msc.reads","ms":194376,"gap":4,"lba0":13905,"lba1":13921,"bytes":12288,"n":3,"kind":2,"ov":0}
[msc.reads] n=3 bytes=12288 lba=13905..13921 gap=4 ov=0
[rx] {"t":"event","op":"msc.reads","ms":194388,"gap":4,"lba0":13929,"lba1":13929,"bytes":4096,"n":1,"kind":2,"ov":0}
[msc.reads] n=1 bytes=4096 lba=13929..13929 gap=4 ov=0
[rx] {"t":"event","op":"msc.reads","ms":194392,"gap":4,"lba0":13937,"lba1":13937,"bytes":4096,"n":1,"kind":2,"ov":0}
[msc.reads] n=1 bytes=4096 lba=13937..13937 gap=4 ov=0
[rx] {"t":"event","op":"msc.reads","ms":194396,"gap":4,"lba0":13945,"lba1":13945,"bytes":4096,"n":1,"kind":2,"ov":0}
[msc.reads] n=1 bytes=4096 lba=13945..13945 gap=4 ov=0
[rx] {"t":"event","op":"msc.reads","ms":194400,"gap":4,"lba0":13953,"lba1":14017,"bytes":36864,"n":9,"kind":2,"ov":0}
[msc.reads] n=9 bytes=36864 lba=13953..14017 gap=4 ov=0
[rx] {"t":"event","op":"msc.reads","ms":194433,"gap":4,"lba0":14025,"lba1":14033,"bytes":8192,"n":2,"kind":2,"ov":0}
[msc.reads] n=2 bytes=8192 lba=14025..14033 gap=4 ov=0
[rx] {"t":"event","op":"msc.reads","ms":194440,"gap":4,"lba0":14041,"lba1":14041,"bytes":4096,"n":1,"kind":2,"ov":0}
[msc.reads] n=1 bytes=4096 lba=14041..14041 gap=4 ov=0
[rx] {"t":"event","op":"msc.reads","ms":194444,"gap":4,"lba0":14049,"lba1":14049,"bytes":4096,"n":1,"kind":2,"ov":0}
[msc.reads] n=1 bytes=4096 lba=14049..14049 gap=4 ov=0
[rx] {"t":"event","op":"msc.reads","ms":194448,"gap":4,"lba0":14057,"lba1":14057,"bytes":4096,"n":1,"kind":2,"ov":0}
[msc.reads] n=1 bytes=4096 lba=14057..14057 gap=4 ov=0
[rx] {"t":"event","op":"msc.reads","ms":194452,"gap":4,"lba0":14065,"lba1":14145,"bytes":45056,"n":11,"kind":2,"ov":0}
[msc.reads] n=11 bytes=45056 lba=14065..14145 gap=4 ov=0
[rx] {"t":"event","op":"msc.reads","ms":194493,"gap":4,"lba0":14153,"lba1":14153,"bytes":4096,"n":1,"kind":2,"ov":0}
[msc.reads] n=1 bytes=4096 lba=14153..14153 gap=4 ov=0
[rx] {"t":"event","op":"msc.reads","ms":194497,"gap":4,"lba0":14161,"lba1":14161,"bytes":4096,"n":1,"kind":2,"ov":0}
[msc.reads] n=1 bytes=4096 lba=14161..14161 gap=4 ov=0
[rx] {"t":"event","op":"msc.reads","ms":194501,"gap":4,"lba0":14169,"lba1":14169,"bytes":4096,"n":1,"kind":2,"ov":0}
[msc.reads] n=1 bytes=4096 lba=14169..14169 gap=4 ov=0
[rx] {"t":"event","op":"msc.reads","ms":194505,"gap":4,"lba0":14177,"lba1":14177,"bytes":4096,"n":1,"kind":2,"ov":0}
[msc.reads] n=1 bytes=4096 lba=14177..14177 gap=4 ov=0
[rx] {"t":"event","op":"msc.reads","ms":194509,"gap":4,"lba0":14185,"lba1":14185,"bytes":4096,"n":1,"kind":2,"ov":0}
[msc.reads] n=1 bytes=4096 lba=14185..14185 gap=4 ov=0
[rx] {"t":"event","op":"msc.reads","ms":194512,"gap":3,"lba0":14193,"lba1":14193,"bytes":4096,"n":1,"kind":2,"ov":0}
[msc.reads] n=1 bytes=4096 lba=14193..14193 gap=3 ov=0
[rx] {"t":"event","op":"msc.reads","ms":194516,"gap":4,"lba0":14201,"lba1":14201,"bytes":4096,"n":1,"kind":2,"ov":0}
[msc.reads] n=1 bytes=4096 lba=14201..14201 gap=4 ov=0
[rx] {"t":"event","op":"msc.reads","ms":194520,"gap":4,"lba0":14209,"lba1":14209,"bytes":4096,"n":1,"kind":2,"ov":0}
[msc.reads] n=1 bytes=4096 lba=14209..14209 gap=4 ov=0
[rx] {"t":"event","op":"msc.reads","ms":194524,"gap":4,"lba0":14217,"lba1":14217,"bytes":4096,"n":1,"kind":2,"ov":0}
[msc.reads] n=1 bytes=4096 lba=14217..14217 gap=4 ov=0
[rx] {"t":"event","op":"msc.reads","ms":194528,"gap":4,"lba0":14225,"lba1":14225,"bytes":4096,"n":1,"kind":2,"ov":0}
[msc.reads] n=1 bytes=4096 lba=14225..14225 gap=4 ov=0
[rx] {"t":"event","op":"msc.reads","ms":194532,"gap":4,"lba0":14233,"lba1":14241,"bytes":8192,"n":2,"kind":2,"ov":0}
[msc.reads] n=2 bytes=8192 lba=14233..14241 gap=4 ov=0
[rx] {"t":"event","op":"msc.reads","ms":194539,"gap":4,"lba0":14249,"lba1":14249,"bytes":4096,"n":1,"kind":2,"ov":0}
[msc.reads] n=1 bytes=4096 lba=14249..14249 gap=4 ov=0
[rx] {"t":"event","op":"msc.reads","ms":194543,"gap":4,"lba0":14257,"lba1":14257,"bytes":4096,"n":1,"kind":2,"ov":0}
[msc.reads] n=1 bytes=4096 lba=14257..14257 gap=4 ov=0
[rx] {"t":"event","op":"msc.reads","ms":194547,"gap":4,"lba0":14265,"lba1":14321,"bytes":32768,"n":8,"kind":2,"ov":0}
[msc.reads] n=8 bytes=32768 lba=14265..14321 gap=4 ov=0
[rx] {"t":"event","op":"msc.reads","ms":194576,"gap":4,"lba0":14329,"lba1":14329,"bytes":4096,"n":1,"kind":2,"ov":0}
[msc.reads] n=1 bytes=4096 lba=14329..14329 gap=4 ov=0
[rx] {"t":"event","op":"msc.reads","ms":194580,"gap":4,"lba0":14337,"lba1":14337,"bytes":4096,"n":1,"kind":2,"ov":0}
[msc.reads] n=1 bytes=4096 lba=14337..14337 gap=4 ov=0
[rx] {"t":"event","op":"msc.reads","ms":194584,"gap":4,"lba0":14345,"lba1":14353,"bytes":8192,"n":2,"kind":2,"ov":0}
[msc.reads] n=2 bytes=8192 lba=14345..14353 gap=4 ov=0
[rx] {"t":"event","op":"msc.reads","ms":194592,"gap":4,"lba0":14361,"lba1":14361,"bytes":4096,"n":1,"kind":2,"ov":0}
[msc.reads] n=1 bytes=4096 lba=14361..14361 gap=4 ov=0
[rx] {"t":"event","op":"msc.reads","ms":194596,"gap":4,"lba0":14369,"lba1":14369,"bytes":4096,"n":1,"kind":2,"ov":0}
[msc.reads] n=1 bytes=4096 lba=14369..14369 gap=4 ov=0
[rx] {"t":"event","op":"diag","code":"play.reject","detail":"not_from_head uid=1977938832270506073 from=6561 +4005888B age=46788ms prefetch"}
[msc] play.reject not_from_head uid=1977938832270506073 from=6561 +4005888B age=46788ms prefetch
[rx] {"t":"event","op":"msc.reads","ms":194600,"gap":4,"lba0":14377,"lba1":14377,"bytes":4096,"n":1,"kind":2,"ov":0}
[msc.reads] n=1 bytes=4096 lba=14377..14377 gap=4 ov=0
[rx] {"t":"event","op":"msc.reads","ms":194627,"gap":27,"lba0":14385,"lba1":18161,"bytes":12288,"n":3,"kind":2,"ov":0}
[msc.reads] n=3 bytes=12288 lba=14385..18161 gap=27 ov=0
[rx] {"t":"event","op":"msc.reads","ms":194641,"gap":4,"lba0":18169,"lba1":18225,"bytes":32768,"n":8,"kind":2,"ov":0}
[msc.reads] n=8 bytes=32768 lba=18169..18225 gap=4 ov=0
[rx] {"t":"event","op":"msc.reads","ms":194670,"gap":4,"lba0":18233,"lba1":18233,"bytes":4096,"n":1,"kind":2,"ov":0}
[msc.reads] n=1 bytes=4096 lba=18233..18233 gap=4 ov=0
[rx] {"t":"event","op":"msc.reads","ms":194674,"gap":4,"lba0":18241,"lba1":18241,"bytes":4096,"n":1,"kind":2,"ov":0}
[msc.reads] n=1 bytes=4096 lba=18241..18241 gap=4 ov=0
[rx] {"t":"event","op":"msc.reads","ms":194678,"gap":4,"lba0":18249,"lba1":18249,"bytes":4096,"n":1,"kind":2,"ov":0}
[msc.reads] n=1 bytes=4096 lba=18249..18249 gap=4 ov=0
[rx] {"t":"event","op":"msc.reads","ms":194681,"gap":3,"lba0":18257,"lba1":18329,"bytes":40960,"n":10,"kind":2,"ov":0}
[msc.reads] n=10 bytes=40960 lba=18257..18329 gap=3 ov=0
[rx] {"t":"event","op":"msc.reads","ms":194718,"gap":4,"lba0":18337,"lba1":18337,"bytes":4096,"n":1,"kind":2,"ov":0}
[msc.reads] n=1 bytes=4096 lba=18337..18337 gap=4 ov=0
[rx] {"t":"event","op":"msc.reads","ms":194722,"gap":4,"lba0":18345,"lba1":18345,"bytes":4096,"n":1,"kind":2,"ov":0}
[msc.reads] n=1 bytes=4096 lba=18345..18345 gap=4 ov=0
[rx] {"t":"event","op":"msc.reads","ms":194726,"gap":4,"lba0":18353,"lba1":18353,"bytes":4096,"n":1,"kind":2,"ov":0}
[msc.reads] n=1 bytes=4096 lba=18353..18353 gap=4 ov=0
[rx] {"t":"event","op":"msc.reads","ms":194730,"gap":4,"lba0":18361,"lba1":18361,"bytes":4096,"n":1,"kind":2,"ov":0}
[msc.reads] n=1 bytes=4096 lba=18361..18361 gap=4 ov=0
[rx] {"t":"event","op":"msc.reads","ms":194734,"gap":4,"lba0":18369,"lba1":18369,"bytes":4096,"n":1,"kind":2,"ov":0}
[msc.reads] n=1 bytes=4096 lba=18369..18369 gap=4 ov=0
[rx] {"t":"event","op":"msc.reads","ms":194738,"gap":4,"lba0":18377,"lba1":18377,"bytes":4096,"n":1,"kind":2,"ov":0}
[msc.reads] n=1 bytes=4096 lba=18377..18377 gap=4 ov=0
[rx] {"t":"event","op":"msc.reads","ms":194742,"gap":4,"lba0":18385,"lba1":18385,"bytes":4096,"n":1,"kind":2,"ov":0}
[msc.reads] n=1 bytes=4096 lba=18385..18385 gap=4 ov=0
[rx] {"t":"event","op":"msc.reads","ms":194746,"gap":4,"lba0":18393,"lba1":18393,"bytes":4096,"n":1,"kind":2,"ov":0}
[msc.reads] n=1 bytes=4096 lba=18393..18393 gap=4 ov=0
[rx] {"t":"event","op":"msc.reads","ms":194750,"gap":4,"lba0":18401,"lba1":18401,"bytes":4096,"n":1,"kind":2,"ov":0}
[msc.reads] n=1 bytes=4096 lba=18401..18401 gap=4 ov=0
[rx] {"t":"event","op":"msc.reads","ms":194754,"gap":4,"lba0":18409,"lba1":18457,"bytes":28672,"n":7,"kind":2,"ov":0}
[msc.reads] n=7 bytes=28672 lba=18409..18457 gap=4 ov=0
[rx] {"t":"event","op":"msc.reads","ms":194780,"gap":4,"lba0":18465,"lba1":14585,"bytes":118784,"n":29,"kind":2,"ov":0}
[msc.reads] n=29 bytes=118784 lba=18465..14585 gap=4 ov=0
[rx] {"t":"event","op":"msc.reads","ms":194890,"gap":4,"lba0":14593,"lba1":14593,"bytes":4096,"n":1,"kind":2,"ov":0}
[msc.reads] n=1 bytes=4096 lba=14593..14593 gap=4 ov=0
[rx] {"t":"event","op":"msc.reads","ms":194894,"gap":4,"lba0":14601,"lba1":14601,"bytes":4096,"n":1,"kind":2,"ov":0}
[msc.reads] n=1 bytes=4096 lba=14601..14601 gap=4 ov=0
[rx] {"t":"event","op":"msc.reads","ms":194898,"gap":4,"lba0":14609,"lba1":14617,"bytes":8192,"n":2,"kind":2,"ov":0}
[msc.reads] n=2 bytes=8192 lba=14609..14617 gap=4 ov=0
[rx] {"t":"event","op":"msc.reads","ms":194906,"gap":4,"lba0":14625,"lba1":14625,"bytes":4096,"n":1,"kind":2,"ov":0}
[msc.reads] n=1 bytes=4096 lba=14625..14625 gap=4 ov=0
[rx] {"t":"event","op":"msc.reads","ms":194909,"gap":3,"lba0":14633,"lba1":14801,"bytes":90112,"n":22,"kind":2,"ov":0}
[msc.reads] n=22 bytes=90112 lba=14633..14801 gap=3 ov=0
[rx] {"t":"event","op":"msc.reads","ms":194994,"gap":4,"lba0":14809,"lba1":14809,"bytes":4096,"n":1,"kind":2,"ov":0}
[msc.reads] n=1 bytes=4096 lba=14809..14809 gap=4 ov=0
[rx] {"t":"event","op":"msc.reads","ms":194998,"gap":4,"lba0":14817,"lba1":14817,"bytes":4096,"n":1,"kind":2,"ov":0}
[msc.reads] n=1 bytes=4096 lba=14817..14817 gap=4 ov=0
[rx] {"t":"event","op":"msc.reads","ms":195002,"gap":4,"lba0":14825,"lba1":14833,"bytes":8192,"n":2,"kind":2,"ov":0}
[msc.reads] n=2 bytes=8192 lba=14825..14833 gap=4 ov=0
[rx] {"t":"event","op":"msc.reads","ms":195009,"gap":4,"lba0":14841,"lba1":14841,"bytes":4096,"n":1,"kind":2,"ov":0}
[msc.reads] n=1 bytes=4096 lba=14841..14841 gap=4 ov=0
[rx] {"t":"event","op":"msc.reads","ms":195013,"gap":4,"lba0":14849,"lba1":14857,"bytes":8192,"n":2,"kind":2,"ov":0}
[msc.reads] n=2 bytes=8192 lba=14849..14857 gap=4 ov=0
[rx] {"t":"event","op":"msc.reads","ms":195021,"gap":4,"lba0":14865,"lba1":14865,"bytes":4096,"n":1,"kind":2,"ov":0}
[msc.reads] n=1 bytes=4096 lba=14865..14865 gap=4 ov=0
[rx] {"t":"event","op":"msc.reads","ms":195025,"gap":4,"lba0":14873,"lba1":14873,"bytes":4096,"n":1,"kind":2,"ov":0}
[msc.reads] n=1 bytes=4096 lba=14873..14873 gap=4 ov=0
[rx] {"t":"event","op":"msc.reads","ms":195029,"gap":4,"lba0":14881,"lba1":14881,"bytes":4096,"n":1,"kind":2,"ov":0}
[msc.reads] n=1 bytes=4096 lba=14881..14881 gap=4 ov=0
[rx] {"t":"event","op":"msc.reads","ms":195033,"gap":4,"lba0":14889,"lba1":14889,"bytes":4096,"n":1,"kind":2,"ov":0}
[msc.reads] n=1 bytes=4096 lba=14889..14889 gap=4 ov=0
[rx] {"t":"event","op":"msc.reads","ms":195037,"gap":4,"lba0":14897,"lba1":14905,"bytes":8192,"n":2,"kind":2,"ov":0}
[msc.reads] n=2 bytes=8192 lba=14897..14905 gap=4 ov=0
[rx] {"t":"event","op":"msc.reads","ms":195044,"gap":3,"lba0":14913,"lba1":14913,"bytes":4096,"n":1,"kind":2,"ov":0}
[msc.reads] n=1 bytes=4096 lba=14913..14913 gap=3 ov=0
[rx] {"t":"event","op":"msc.reads","ms":195048,"gap":4,"lba0":14921,"lba1":14921,"bytes":4096,"n":1,"kind":2,"ov":0}
[msc.reads] n=1 bytes=4096 lba=14921..14921 gap=4 ov=0
[rx] {"t":"event","op":"msc.reads","ms":195052,"gap":4,"lba0":14929,"lba1":14929,"bytes":4096,"n":1,"kind":2,"ov":0}
[msc.reads] n=1 bytes=4096 lba=14929..14929 gap=4 ov=0
[rx] {"t":"event","op":"msc.reads","ms":195056,"gap":4,"lba0":14937,"lba1":14937,"bytes":4096,"n":1,"kind":2,"ov":0}
[msc.reads] n=1 bytes=4096 lba=14937..14937 gap=4 ov=0
[rx] {"t":"event","op":"msc.reads","ms":195060,"gap":4,"lba0":14945,"lba1":14945,"bytes":4096,"n":1,"kind":2,"ov":0}
[msc.reads] n=1 bytes=4096 lba=14945..14945 gap=4 ov=0
[rx] {"t":"event","op":"msc.reads","ms":195064,"gap":4,"lba0":14953,"lba1":15009,"bytes":32768,"n":8,"kind":2,"ov":0}
[msc.reads] n=8 bytes=32768 lba=14953..15009 gap=4 ov=0
[rx] {"t":"event","op":"msc.reads","ms":195093,"gap":4,"lba0":15017,"lba1":15017,"bytes":4096,"n":1,"kind":2,"ov":0}
[msc.reads] n=1 bytes=4096 lba=15017..15017 gap=4 ov=0
[rx] {"t":"event","op":"msc.reads","ms":195097,"gap":4,"lba0":15025,"lba1":15033,"bytes":8192,"n":2,"kind":2,"ov":0}
[msc.reads] n=2 bytes=8192 lba=15025..15033 gap=4 ov=0
[rx] {"t":"event","op":"msc.reads","ms":195105,"gap":4,"lba0":15041,"lba1":15041,"bytes":4096,"n":1,"kind":2,"ov":0}
[msc.reads] n=1 bytes=4096 lba=15041..15041 gap=4 ov=0
[rx] {"t":"event","op":"msc.reads","ms":195109,"gap":4,"lba0":15049,"lba1":15049,"bytes":4096,"n":1,"kind":2,"ov":0}
[msc.reads] n=1 bytes=4096 lba=15049..15049 gap=4 ov=0
[rx] {"t":"event","op":"msc.reads","ms":195113,"gap":4,"lba0":15057,"lba1":15097,"bytes":24576,"n":6,"kind":2,"ov":0}
[msc.reads] n=6 bytes=24576 lba=15057..15097 gap=4 ov=0
[rx] {"t":"event","op":"msc.reads","ms":195135,"gap":4,"lba0":15105,"lba1":15113,"bytes":8192,"n":2,"kind":2,"ov":0}
[msc.reads] n=2 bytes=8192 lba=15105..15113 gap=4 ov=0
[rx] {"t":"event","op":"msc.reads","ms":195143,"gap":5,"lba0":15121,"lba1":15121,"bytes":4096,"n":1,"kind":2,"ov":0}
[msc.reads] n=1 bytes=4096 lba=15121..15121 gap=5 ov=0
[rx] {"t":"event","op":"msc.reads","ms":195147,"gap":4,"lba0":15129,"lba1":15201,"bytes":40960,"n":10,"kind":2,"ov":0}
[msc.reads] n=10 bytes=40960 lba=15129..15201 gap=4 ov=0
[rx] {"t":"event","op":"msc.reads","ms":195183,"gap":4,"lba0":15209,"lba1":15209,"bytes":4096,"n":1,"kind":2,"ov":0}
[msc.reads] n=1 bytes=4096 lba=15209..15209 gap=4 ov=0
[rx] {"t":"event","op":"msc.reads","ms":195187,"gap":4,"lba0":15217,"lba1":15217,"bytes":4096,"n":1,"kind":2,"ov":0}
[msc.reads] n=1 bytes=4096 lba=15217..15217 gap=4 ov=0
[rx] {"t":"event","op":"msc.reads","ms":195191,"gap":4,"lba0":15225,"lba1":15225,"bytes":4096,"n":1,"kind":2,"ov":0}
[msc.reads] n=1 bytes=4096 lba=15225..15225 gap=4 ov=0
[rx] {"t":"event","op":"msc.reads","ms":195195,"gap":4,"lba0":15233,"lba1":15233,"bytes":4096,"n":1,"kind":2,"ov":0}
[msc.reads] n=1 bytes=4096 lba=15233..15233 gap=4 ov=0
[rx] {"t":"event","op":"msc.reads","ms":195199,"gap":4,"lba0":15241,"lba1":15305,"bytes":36864,"n":9,"kind":2,"ov":0}
[msc.reads] n=9 bytes=36864 lba=15241..15305 gap=4 ov=0
[rx] {"t":"event","op":"msc.reads","ms":195232,"gap":4,"lba0":15313,"lba1":15313,"bytes":4096,"n":1,"kind":2,"ov":0}
[msc.reads] n=1 bytes=4096 lba=15313..15313 gap=4 ov=0
[rx] {"t":"event","op":"msc.reads","ms":195236,"gap":4,"lba0":15321,"lba1":15321,"bytes":4096,"n":1,"kind":2,"ov":0}
[msc.reads] n=1 bytes=4096 lba=15321..15321 gap=4 ov=0
[rx] {"t":"event","op":"msc.reads","ms":195240,"gap":4,"lba0":15329,"lba1":15329,"bytes":4096,"n":1,"kind":2,"ov":0}
[msc.reads] n=1 bytes=4096 lba=15329..15329 gap=4 ov=0
[rx] {"t":"event","op":"msc.reads","ms":195244,"gap":4,"lba0":15337,"lba1":15337,"bytes":4096,"n":1,"kind":2,"ov":0}
[msc.reads] n=1 bytes=4096 lba=15337..15337 gap=4 ov=0
[rx] {"t":"event","op":"msc.reads","ms":195247,"gap":3,"lba0":15345,"lba1":15345,"bytes":4096,"n":1,"kind":2,"ov":0}
[msc.reads] n=1 bytes=4096 lba=15345..15345 gap=3 ov=0
[rx] {"t":"event","op":"msc.reads","ms":195251,"gap":4,"lba0":15353,"lba1":15353,"bytes":4096,"n":1,"kind":2,"ov":0}
[msc.reads] n=1 bytes=4096 lba=15353..15353 gap=4 ov=0
[rx] {"t":"event","op":"msc.reads","ms":195256,"gap":5,"lba0":15361,"lba1":15361,"bytes":4096,"n":1,"kind":2,"ov":0}
[msc.reads] n=1 bytes=4096 lba=15361..15361 gap=5 ov=0
[rx] {"t":"event","op":"msc.reads","ms":195260,"gap":4,"lba0":15369,"lba1":15369,"bytes":4096,"n":1,"kind":2,"ov":0}
[msc.reads] n=1 bytes=4096 lba=15369..15369 gap=4 ov=0
[rx] {"t":"event","op":"msc.reads","ms":195264,"gap":4,"lba0":15377,"lba1":15377,"bytes":4096,"n":1,"kind":2,"ov":0}
[msc.reads] n=1 bytes=4096 lba=15377..15377 gap=4 ov=0
[rx] {"t":"event","op":"msc.reads","ms":195268,"gap":4,"lba0":15385,"lba1":15433,"bytes":28672,"n":7,"kind":2,"ov":0}
[msc.reads] n=7 bytes=28672 lba=15385..15433 gap=4 ov=0
[rx] {"t":"event","op":"msc.reads","ms":195293,"gap":3,"lba0":15441,"lba1":15521,"bytes":45056,"n":11,"kind":2,"ov":0}
[msc.reads] n=11 bytes=45056 lba=15441..15521 gap=3 ov=0
[rx] {"t":"event","op":"msc.reads","ms":195334,"gap":4,"lba0":15529,"lba1":15529,"bytes":4096,"n":1,"kind":2,"ov":0}
[msc.reads] n=1 bytes=4096 lba=15529..15529 gap=4 ov=0
[rx] {"t":"event","op":"msc.reads","ms":195338,"gap":4,"lba0":15537,"lba1":15537,"bytes":4096,"n":1,"kind":2,"ov":0}
[msc.reads] n=1 bytes=4096 lba=15537..15537 gap=4 ov=0
[rx] {"t":"event","op":"msc.reads","ms":195342,"gap":4,"lba0":15545,"lba1":15545,"bytes":4096,"n":1,"kind":2,"ov":0}
[msc.reads] n=1 bytes=4096 lba=15545..15545 gap=4 ov=0
[rx] {"t":"event","op":"msc.reads","ms":195346,"gap":4,"lba0":15553,"lba1":15561,"bytes":8192,"n":2,"kind":2,"ov":0}
[msc.reads] n=2 bytes=8192 lba=15553..15561 gap=4 ov=0
[rx] {"t":"event","op":"msc.reads","ms":195353,"gap":3,"lba0":15569,"lba1":15569,"bytes":4096,"n":1,"kind":2,"ov":0}
[msc.reads] n=1 bytes=4096 lba=15569..15569 gap=3 ov=0
[rx] {"t":"event","op":"msc.reads","ms":195357,"gap":4,"lba0":15577,"lba1":15577,"bytes":4096,"n":1,"kind":2,"ov":0}
[msc.reads] n=1 bytes=4096 lba=15577..15577 gap=4 ov=0
[rx] {"t":"event","op":"msc.reads","ms":195361,"gap":4,"lba0":15585,"lba1":15641,"bytes":32768,"n":8,"kind":2,"ov":0}
[msc.reads] n=8 bytes=32768 lba=15585..15641 gap=4 ov=0
[rx] {"t":"event","op":"msc.reads","ms":195391,"gap":4,"lba0":15649,"lba1":15649,"bytes":4096,"n":1,"kind":2,"ov":0}
[msc.reads] n=1 bytes=4096 lba=15649..15649 gap=4 ov=0
[rx] {"t":"event","op":"msc.reads","ms":195395,"gap":4,"lba0":15657,"lba1":15657,"bytes":4096,"n":1,"kind":2,"ov":0}
[msc.reads] n=1 bytes=4096 lba=15657..15657 gap=4 ov=0
[rx] {"t":"event","op":"msc.reads","ms":195398,"gap":3,"lba0":15665,"lba1":15665,"bytes":4096,"n":1,"kind":2,"ov":0}
[msc.reads] n=1 bytes=4096 lba=15665..15665 gap=3 ov=0
[rx] {"t":"event","op":"diag","code":"play.reject","detail":"not_from_head uid=1977938832270506073 from=14401 +655360B age=47590ms prefetch"}
[msc] play.reject not_from_head uid=1977938832270506073 from=14401 +655360B age=47590ms prefetch
[rx] {"t":"event","op":"msc.reads","ms":195402,"gap":4,"lba0":15673,"lba1":15673,"bytes":4096,"n":1,"kind":2,"ov":0}
[msc.reads] n=1 bytes=4096 lba=15673..15673 gap=4 ov=0
[rx] {"t":"event","op":"msc.reads","ms":195440,"gap":38,"lba0":15681,"lba1":15681,"bytes":4096,"n":1,"kind":2,"ov":0}
[msc.reads] n=1 bytes=4096 lba=15681..15681 gap=38 ov=0
[rx] {"t":"event","op":"msc.reads","ms":195444,"gap":4,"lba0":15689,"lba1":15689,"bytes":4096,"n":1,"kind":2,"ov":0}
[msc.reads] n=1 bytes=4096 lba=15689..15689 gap=4 ov=0
[rx] {"t":"event","op":"msc.reads","ms":195448,"gap":4,"lba0":15697,"lba1":15697,"bytes":4096,"n":1,"kind":2,"ov":0}
[msc.reads] n=1 bytes=4096 lba=15697..15697 gap=4 ov=0
[rx] {"t":"event","op":"msc.reads","ms":195452,"gap":4,"lba0":15705,"lba1":15705,"bytes":4096,"n":1,"kind":2,"ov":0}
[msc.reads] n=1 bytes=4096 lba=15705..15705 gap=4 ov=0
[rx] {"t":"event","op":"msc.reads","ms":195456,"gap":4,"lba0":15713,"lba1":15713,"bytes":4096,"n":1,"kind":2,"ov":0}
[msc.reads] n=1 bytes=4096 lba=15713..15713 gap=4 ov=0
[rx] {"t":"event","op":"msc.reads","ms":195460,"gap":4,"lba0":15721,"lba1":15729,"bytes":8192,"n":2,"kind":2,"ov":0}
[msc.reads] n=2 bytes=8192 lba=15721..15729 gap=4 ov=0
[rx] {"t":"event","op":"msc.reads","ms":195467,"gap":4,"lba0":15737,"lba1":15737,"bytes":4096,"n":1,"kind":2,"ov":0}
[msc.reads] n=1 bytes=4096 lba=15737..15737 gap=4 ov=0
[rx] {"t":"event","op":"msc.reads","ms":195471,"gap":4,"lba0":15745,"lba1":15745,"bytes":4096,"n":1,"kind":2,"ov":0}
[msc.reads] n=1 bytes=4096 lba=15745..15745 gap=4 ov=0
[rx] {"t":"event","op":"msc.reads","ms":195475,"gap":4,"lba0":15753,"lba1":15753,"bytes":4096,"n":1,"kind":2,"ov":0}
[msc.reads] n=1 bytes=4096 lba=15753..15753 gap=4 ov=0
[rx] {"t":"event","op":"msc.reads","ms":195479,"gap":4,"lba0":15761,"lba1":15761,"bytes":4096,"n":1,"kind":2,"ov":0}
[msc.reads] n=1 bytes=4096 lba=15761..15761 gap=4 ov=0
[rx] {"t":"event","op":"msc.reads","ms":195482,"gap":3,"lba0":15769,"lba1":15769,"bytes":4096,"n":1,"kind":2,"ov":0}
[msc.reads] n=1 bytes=4096 lba=15769..15769 gap=3 ov=0
[rx] {"t":"event","op":"msc.reads","ms":195486,"gap":4,"lba0":15777,"lba1":15777,"bytes":4096,"n":1,"kind":2,"ov":0}
[msc.reads] n=1 bytes=4096 lba=15777..15777 gap=4 ov=0
[rx] {"t":"event","op":"msc.reads","ms":195490,"gap":4,"lba0":15785,"lba1":15785,"bytes":4096,"n":1,"kind":2,"ov":0}
[msc.reads] n=1 bytes=4096 lba=15785..15785 gap=4 ov=0
[rx] {"t":"event","op":"msc.reads","ms":195494,"gap":4,"lba0":15793,"lba1":15793,"bytes":4096,"n":1,"kind":2,"ov":0}
[msc.reads] n=1 bytes=4096 lba=15793..15793 gap=4 ov=0
[rx] {"t":"event","op":"msc.reads","ms":195498,"gap":4,"lba0":15801,"lba1":15801,"bytes":4096,"n":1,"kind":2,"ov":0}
[msc.reads] n=1 bytes=4096 lba=15801..15801 gap=4 ov=0
[rx] {"t":"event","op":"msc.reads","ms":195502,"gap":4,"lba0":15809,"lba1":15809,"bytes":4096,"n":1,"kind":2,"ov":0}
[msc.reads] n=1 bytes=4096 lba=15809..15809 gap=4 ov=0
[rx] {"t":"event","op":"msc.reads","ms":195506,"gap":4,"lba0":15817,"lba1":15817,"bytes":4096,"n":1,"kind":2,"ov":0}
[msc.reads] n=1 bytes=4096 lba=15817..15817 gap=4 ov=0
[rx] {"t":"event","op":"msc.reads","ms":195510,"gap":4,"lba0":15825,"lba1":15825,"bytes":4096,"n":1,"kind":2,"ov":0}
[msc.reads] n=1 bytes=4096 lba=15825..15825 gap=4 ov=0
[rx] {"t":"event","op":"msc.reads","ms":195514,"gap":4,"lba0":15833,"lba1":15833,"bytes":4096,"n":1,"kind":2,"ov":0}
[msc.reads] n=1 bytes=4096 lba=15833..15833 gap=4 ov=0
[rx] {"t":"event","op":"msc.reads","ms":195518,"gap":4,"lba0":15841,"lba1":15841,"bytes":4096,"n":1,"kind":2,"ov":0}
[msc.reads] n=1 bytes=4096 lba=15841..15841 gap=4 ov=0
[rx] {"t":"event","op":"msc.reads","ms":195522,"gap":4,"lba0":15849,"lba1":15849,"bytes":4096,"n":1,"kind":2,"ov":0}
[msc.reads] n=1 bytes=4096 lba=15849..15849 gap=4 ov=0
[rx] {"t":"event","op":"msc.reads","ms":195526,"gap":4,"lba0":15857,"lba1":15865,"bytes":8192,"n":2,"kind":2,"ov":0}
[msc.reads] n=2 bytes=8192 lba=15857..15865 gap=4 ov=0
[rx] {"t":"event","op":"msc.reads","ms":195533,"gap":3,"lba0":15873,"lba1":15873,"bytes":4096,"n":1,"kind":2,"ov":0}
[msc.reads] n=1 bytes=4096 lba=15873..15873 gap=3 ov=0
[rx] {"t":"event","op":"msc.reads","ms":195537,"gap":4,"lba0":15881,"lba1":15881,"bytes":4096,"n":1,"kind":2,"ov":0}
[msc.reads] n=1 bytes=4096 lba=15881..15881 gap=4 ov=0
[tx] {"t":"ping"}
[rx] {"t":"event","op":"msc.reads","ms":195541,"gap":4,"lba0":15889,"lba1":15889,"bytes":4096,"n":1,"kind":2,"ov":0}
[msc.reads] n=1 bytes=4096 lba=15889..15889 gap=4 ov=0
[rx] {"t":"event","op":"msc.reads","ms":195545,"gap":4,"lba0":15897,"lba1":15897,"bytes":4096,"n":1,"kind":2,"ov":0}
[msc.reads] n=1 bytes=4096 lba=15897..15897 gap=4 ov=0
[rx] {"t":"event","op":"msc.reads","ms":195549,"gap":4,"lba0":15905,"lba1":15913,"bytes":8192,"n":2,"kind":2,"ov":0}
[msc.reads] n=2 bytes=8192 lba=15905..15913 gap=4 ov=0
[rx] {"t":"pong"}
[rx] {"t":"event","op":"msc.reads","ms":195557,"gap":4,"lba0":15921,"lba1":15929,"bytes":8192,"n":2,"kind":2,"ov":0}
[msc.reads] n=2 bytes=8192 lba=15921..15929 gap=4 ov=0
[rx] {"t":"event","op":"msc.reads","ms":195564,"gap":4,"lba0":15937,"lba1":15937,"bytes":4096,"n":1,"kind":2,"ov":0}
[msc.reads] n=1 bytes=4096 lba=15937..15937 gap=4 ov=0
[rx] {"t":"event","op":"msc.reads","ms":195568,"gap":4,"lba0":15945,"lba1":15945,"bytes":4096,"n":1,"kind":2,"ov":0}
[msc.reads] n=1 bytes=4096 lba=15945..15945 gap=4 ov=0
[rx] {"t":"event","op":"msc.reads","ms":195572,"gap":4,"lba0":15953,"lba1":15953,"bytes":4096,"n":1,"kind":2,"ov":0}
[msc.reads] n=1 bytes=4096 lba=15953..15953 gap=4 ov=0
[rx] {"t":"event","op":"msc.reads","ms":195575,"gap":3,"lba0":15961,"lba1":16017,"bytes":32768,"n":8,"kind":2,"ov":0}
[msc.reads] n=8 bytes=32768 lba=15961..16017 gap=3 ov=0
[rx] {"t":"event","op":"msc.reads","ms":195605,"gap":4,"lba0":16025,"lba1":16025,"bytes":4096,"n":1,"kind":2,"ov":0}
[msc.reads] n=1 bytes=4096 lba=16025..16025 gap=4 ov=0
[rx] {"t":"event","op":"msc.reads","ms":195609,"gap":4,"lba0":16033,"lba1":16065,"bytes":20480,"n":5,"kind":2,"ov":0}
[msc.reads] n=5 bytes=20480 lba=16033..16065 gap=4 ov=0
[rx] {"t":"event","op":"msc.reads","ms":195628,"gap":4,"lba0":16073,"lba1":16073,"bytes":4096,"n":1,"kind":2,"ov":0}
[msc.reads] n=1 bytes=4096 lba=16073..16073 gap=4 ov=0
[rx] {"t":"event","op":"msc.reads","ms":195632,"gap":4,"lba0":16081,"lba1":16081,"bytes":4096,"n":1,"kind":2,"ov":0}
[msc.reads] n=1 bytes=4096 lba=16081..16081 gap=4 ov=0
[rx] {"t":"event","op":"msc.reads","ms":195636,"gap":4,"lba0":16089,"lba1":16089,"bytes":4096,"n":1,"kind":2,"ov":0}
[msc.reads] n=1 bytes=4096 lba=16089..16089 gap=4 ov=0
[rx] {"t":"event","op":"msc.reads","ms":195640,"gap":4,"lba0":16097,"lba1":16169,"bytes":40960,"n":10,"kind":2,"ov":0}
[msc.reads] n=10 bytes=40960 lba=16097..16169 gap=4 ov=0
[rx] {"t":"event","op":"msc.reads","ms":195677,"gap":4,"lba0":16177,"lba1":16185,"bytes":8192,"n":2,"kind":2,"ov":0}
[msc.reads] n=2 bytes=8192 lba=16177..16185 gap=4 ov=0
[rx] {"t":"event","op":"msc.reads","ms":195684,"gap":4,"lba0":16193,"lba1":16193,"bytes":4096,"n":1,"kind":2,"ov":0}
[msc.reads] n=1 bytes=4096 lba=16193..16193 gap=4 ov=0
[rx] {"t":"event","op":"msc.reads","ms":195688,"gap":4,"lba0":16201,"lba1":16201,"bytes":4096,"n":1,"kind":2,"ov":0}
[msc.reads] n=1 bytes=4096 lba=16201..16201 gap=4 ov=0
[rx] {"t":"event","op":"msc.reads","ms":195692,"gap":4,"lba0":16209,"lba1":16313,"bytes":57344,"n":14,"kind":2,"ov":0}
[msc.reads] n=14 bytes=57344 lba=16209..16313 gap=4 ov=0
[rx] {"t":"event","op":"msc.reads","ms":195743,"gap":4,"lba0":16321,"lba1":16321,"bytes":4096,"n":1,"kind":2,"ov":0}
[msc.reads] n=1 bytes=4096 lba=16321..16321 gap=4 ov=0
[rx] {"t":"event","op":"msc.reads","ms":195747,"gap":4,"lba0":16329,"lba1":16329,"bytes":4096,"n":1,"kind":2,"ov":0}
[msc.reads] n=1 bytes=4096 lba=16329..16329 gap=4 ov=0
[rx] {"t":"event","op":"msc.reads","ms":195751,"gap":4,"lba0":16337,"lba1":16337,"bytes":4096,"n":1,"kind":2,"ov":0}
[msc.reads] n=1 bytes=4096 lba=16337..16337 gap=4 ov=0
[rx] {"t":"event","op":"msc.reads","ms":195755,"gap":4,"lba0":16345,"lba1":16353,"bytes":8192,"n":2,"kind":2,"ov":0}
[msc.reads] n=2 bytes=8192 lba=16345..16353 gap=4 ov=0
[rx] {"t":"event","op":"msc.reads","ms":195763,"gap":4,"lba0":16361,"lba1":16361,"bytes":4096,"n":1,"kind":2,"ov":0}
[msc.reads] n=1 bytes=4096 lba=16361..16361 gap=4 ov=0
[rx] {"t":"event","op":"msc.reads","ms":195767,"gap":4,"lba0":16369,"lba1":16369,"bytes":4096,"n":1,"kind":2,"ov":0}
[msc.reads] n=1 bytes=4096 lba=16369..16369 gap=4 ov=0
[rx] {"t":"event","op":"msc.reads","ms":195771,"gap":4,"lba0":16377,"lba1":16377,"bytes":4096,"n":1,"kind":2,"ov":0}
[msc.reads] n=1 bytes=4096 lba=16377..16377 gap=4 ov=0
[rx] {"t":"event","op":"msc.reads","ms":195775,"gap":4,"lba0":16385,"lba1":16385,"bytes":4096,"n":1,"kind":2,"ov":0}
[msc.reads] n=1 bytes=4096 lba=16385..16385 gap=4 ov=0
[rx] {"t":"event","op":"msc.reads","ms":195779,"gap":4,"lba0":16393,"lba1":16425,"bytes":20480,"n":5,"kind":2,"ov":0}
[msc.reads] n=5 bytes=20480 lba=16393..16425 gap=4 ov=0
[rx] {"t":"event","op":"msc.reads","ms":195797,"gap":4,"lba0":16433,"lba1":16449,"bytes":12288,"n":3,"kind":2,"ov":0}
[msc.reads] n=3 bytes=12288 lba=16433..16449 gap=4 ov=0
[tx] {"t":"ping"}
[rx] {"t":"pong"}
[rx] {"t":"event","op":"diag","code":"msc.quiet","detail":"file=9476608B age=2000ms"}
[msc] msc.quiet file=9476608B age=2000ms
[tx] {"t":"ping"}
[rx] {"t":"pong"}
[tx] {"t":"ping"}
[rx] {"t":"pong"}
[tx] {"t":"ping"}
[rx] {"t":"pong"}
[tx] {"t":"ping"}
[rx] {"t":"pong"}
[tx] {"t":"ping"}
[rx] {"t":"pong"}
[tx] {"t":"ping"}
[rx] {"t":"pong"}
[tx] {"t":"ping"}
[rx] {"t":"pong"}
[tx] {"t":"ping"}
[rx] {"t":"pong"}
[tx] {"t":"ping"}
[rx] {"t":"pong"}
[tx] {"t":"ping"}
[rx] {"t":"pong"}
[tx] {"t":"ping"}
[rx] {"t":"pong"}
[tx] {"t":"ping"}
[rx] {"t":"pong"}
[tx] {"t":"ping"}
[rx] {"t":"pong"}
[tx] {"t":"ping"}
[rx] {"t":"pong"}
[tx] {"t":"ping"}
[rx] {"t":"pong"}
[tx] {"t":"ping"}
[rx] {"t":"pong"}
[tx] {"t":"ping"}
[rx] {"t":"pong"}
[tx] {"t":"ping"}
[rx] {"t":"pong"}
[tx] {"t":"ping"}
[rx] {"t":"pong"}
[tx] {"t":"ping"}
[rx] {"t":"pong"}
[tx] {"t":"ping"}
[rx] {"t":"pong"}
[tx] {"t":"ping"}
[rx] {"t":"pong"}
[tx] {"t":"ping"}
[rx] {"t":"pong"}
[tx] {"t":"ping"}
[rx] {"t":"pong"}
[tx] {"t":"ping"}
[rx] {"t":"pong"}
[tx] {"t":"ping"}
[rx] {"t":"pong"}
[tx] {"t":"ping"}
[rx] {"t":"pong"}
[tx] {"t":"ping"}
[rx] {"t":"pong"}
[tx] {"t":"ping"}
[rx] {"t":"pong"}
[tx] {"t":"ping"}
[rx] {"t":"pong"}
[tx] {"t":"ping"}
[rx] {"t":"pong"}
[tx] {"t":"ping"}
[rx] {"t":"pong"}
[tx] {"t":"ping"}
[rx] {"t":"pong"}
[tx] {"t":"ping"}
[rx] {"t":"pong"}
[tx] {"t":"ping"}
[rx] {"t":"pong"}
[tx] {"t":"ping"}
[rx] {"t":"pong"}
[tx] {"t":"ping"}
[rx] {"t":"pong"}
[tx] {"t":"ping"}
[rx] {"t":"pong"}
[tx] {"t":"ping"}
[rx] {"t":"pong"}
[tx] {"t":"ping"}
[rx] {"t":"pong"}
[tx] {"t":"ping"}
[rx] {"t":"pong"}
[tx] {"t":"ping"}
[rx] {"t":"pong"}
[tx] {"t":"ping"}
[rx] {"t":"pong"}
[tx] {"t":"ping"}
[rx] {"t":"pong"}
[tx] {"t":"ping"}
[rx] {"t":"pong"}
[tx] {"t":"ping"}
[rx] {"t":"pong"}
[tx] {"t":"ping"}
[rx] {"t":"pong"}
[tx] {"t":"ping"}
[rx] {"t":"pong"}
[tx] {"t":"ping"}
[rx] {"t":"pong"}
[tx] {"t":"ping"}
[rx] {"t":"pong"}
[tx] {"t":"ping"}
[tx] {"t":"menu_set","rev":3706,"page":0,"items":[{"uid":"1977938832270506073","name":"Zurueck","kind":"action"},{"uid":"18330258143618563731","name":"Ausgang klinke","kind":"info"},{"uid":"16678805154550120858","name":"Auto","kind":"action"},{"uid":"pump:page_next","name":"Mehr... (+7)","kind":"action"}]}
[rx] {"t":"pong"}
[rx] {"t":"menu_ack","ok":true,"n":4,"rev":3706}
[menu_ack] ok=True n=4 rev=3706
[tx] {"t":"ping"}
[rx] {"t":"pong"}
[tx] {"t":"ping"}
[rx] {"t":"pong"}
[tx] {"t":"ping"}
[rx] {"t":"pong"}
[tx] {"t":"ping"}
[rx] {"t":"pong"}
[tx] {"t":"ping"}
[rx] {"t":"pong"}
[tx] {"t":"ping"}
[rx] {"t":"pong"}
[tx] {"t":"ping"}
[rx] {"t":"pong"}
[tx] {"t":"ping"}
[rx] {"t":"pong"}
[tx] {"t":"ping"}
[rx] {"t":"pong"}
[tx] {"t":"ping"}
[rx] {"t":"pong"}
[tx] {"t":"ping"}
[rx] {"t":"pong"}
[tx] {"t":"ping"}
[rx] {"t":"pong"}
[tx] {"t":"ping"}
[rx] {"t":"pong"}
[tx] {"t":"ping"}
[rx] {"t":"pong"}
[rx] {"t":"event","op":"diag","code":"msc.phase","detail":"idle unplug"}
[msc] msc.phase idle unplug
[tx] {"t":"ping"}
[rx] {"t":"pong"}
[tx] {"t":"ping"}
[rx] {"t":"pong"}
[tx] {"t":"menu_set","rev":3707,"page":0,"items":[{"uid":"1977938832270506073","name":"Zurueck","kind":"action"},{"uid":"18330258143618563731","name":"Ausgang klinke","kind":"info"},{"uid":"16678805154550120858","name":"Auto","kind":"action"},{"uid":"pump:page_next","name":"Mehr... (+7)","kind":"action"}]}
[rx] {"t":"menu_ack","ok":true,"n":4,"rev":3707}
[menu_ack] ok=True n=4 rev=3707
[tx] {"t":"ping"}
[rx] {"t":"pong"}
[tx] {"t":"ping"}
[bridge] link lost ([Errno 32] Broken pipe) — reconnect in 3.0s
[tx] {"t":"hello","ver":1}
[rx] {"t":"hello_ack","ver":"0.4.42-dev","fw":"pidrive","slots":4,"page":true,"audio":true,"bin":true,"tcp":true,"tcpPort":9090}
[hello_ack] ver=0.4.42-dev slots=4 page=True tcp=True
[tx] {"t":"menu_set","rev":3707,"page":0,"items":[{"uid":"1977938832270506073","name":"Zurueck","kind":"action"},{"uid":"18330258143618563731","name":"Ausgang klinke","kind":"info"},{"uid":"16678805154550120858","name":"Auto","kind":"action"},{"uid":"pump:page_next","name":"Mehr... (+7)","kind":"action"}]}
[bridge] reconnected tcp:192.168.178.89:9090 hello_ack=ok (menu snapshot resent rev=3707 grace=13)
[tx] {"t":"ping"}
[rx] {"t":"menu_ack","ok":true,"n":4,"rev":3707}
[menu_ack] ok=True n=4 rev=3707
[rx] {"t":"pong"}
[tx] {"t":"ping"}
[rx] {"t":"pong"}
[tx] {"t":"ping"}
[rx] {"t":"pong"}
[tx] {"t":"ping"}
[rx] {"t":"pong"}
[tx] {"t":"ping"}
[rx] {"t":"pong"}
[tx] {"t":"ping"}
[rx] {"t":"pong"}
[rx] {"t":"event","op":"msc.reads","ms":18279,"gap":14603,"lba0":18161,"lba1":18161,"bytes":4096,"n":1,"kind":2,"ov":144}
[msc.reads] n=1 bytes=4096 lba=18161..18161 gap=14603 ov=144
[rx] {"t":"event","op":"diag","code":"play.reject","detail":"not_from_head uid=16678805154550120858 from=18161 +4096B age=17473ms prefetch"}
[msc] play.reject not_from_head uid=16678805154550120858 from=18161 +4096B age=17473ms prefetch
[rx] {"t":"event","op":"msc.reads","ms":18296,"gap":17,"lba0":18169,"lba1":18169,"bytes":4096,"n":1,"kind":2,"ov":144}
[msc.reads] n=1 bytes=4096 lba=18169..18169 gap=17 ov=144
[rx] {"t":"event","op":"msc.reads","ms":18300,"gap":4,"lba0":18177,"lba1":18177,"bytes":4096,"n":1,"kind":2,"ov":144}
[msc.reads] n=1 bytes=4096 lba=18177..18177 gap=4 ov=144
[rx] {"t":"event","op":"msc.reads","ms":18304,"gap":4,"lba0":18185,"lba1":18185,"bytes":4096,"n":1,"kind":2,"ov":144}
[msc.reads] n=1 bytes=4096 lba=18185..18185 gap=4 ov=144
[rx] {"t":"event","op":"msc.reads","ms":18308,"gap":4,"lba0":18193,"lba1":18241,"bytes":28672,"n":7,"kind":2,"ov":144}
[msc.reads] n=7 bytes=28672 lba=18193..18241 gap=4 ov=144
[rx] {"t":"event","op":"msc.reads","ms":18334,"gap":4,"lba0":18249,"lba1":18257,"bytes":8192,"n":2,"kind":2,"ov":144}
[msc.reads] n=2 bytes=8192 lba=18249..18257 gap=4 ov=144
[rx] {"t":"event","op":"msc.reads","ms":18341,"gap":4,"lba0":18265,"lba1":18265,"bytes":4096,"n":1,"kind":2,"ov":144}
[msc.reads] n=1 bytes=4096 lba=18265..18265 gap=4 ov=144
[rx] {"t":"event","op":"msc.reads","ms":18345,"gap":4,"lba0":18273,"lba1":18273,"bytes":4096,"n":1,"kind":2,"ov":144}
[msc.reads] n=1 bytes=4096 lba=18273..18273 gap=4 ov=144
[rx] {"t":"event","op":"msc.reads","ms":18349,"gap":4,"lba0":18281,"lba1":18281,"bytes":4096,"n":1,"kind":2,"ov":144}
[msc.reads] n=1 bytes=4096 lba=18281..18281 gap=4 ov=144
[rx] {"t":"event","op":"msc.reads","ms":18353,"gap":4,"lba0":18289,"lba1":18329,"bytes":24576,"n":6,"kind":2,"ov":144}
[msc.reads] n=6 bytes=24576 lba=18289..18329 gap=4 ov=144
[rx] {"t":"event","op":"msc.reads","ms":18375,"gap":4,"lba0":18337,"lba1":18337,"bytes":4096,"n":1,"kind":2,"ov":144}
[msc.reads] n=1 bytes=4096 lba=18337..18337 gap=4 ov=144
[rx] {"t":"event","op":"msc.reads","ms":18379,"gap":4,"lba0":18345,"lba1":18353,"bytes":8192,"n":2,"kind":2,"ov":144}
[msc.reads] n=2 bytes=8192 lba=18345..18353 gap=4 ov=144
[rx] {"t":"event","op":"msc.reads","ms":18386,"gap":3,"lba0":18361,"lba1":18425,"bytes":36864,"n":9,"kind":2,"ov":144}
[msc.reads] n=9 bytes=36864 lba=18361..18425 gap=3 ov=144
[rx] {"t":"event","op":"msc.reads","ms":18420,"gap":4,"lba0":18433,"lba1":18433,"bytes":4096,"n":1,"kind":2,"ov":144}
[msc.reads] n=1 bytes=4096 lba=18433..18433 gap=4 ov=144
[rx] {"t":"event","op":"msc.reads","ms":18424,"gap":4,"lba0":18441,"lba1":18441,"bytes":4096,"n":1,"kind":2,"ov":144}
[msc.reads] n=1 bytes=4096 lba=18441..18441 gap=4 ov=144
[rx] {"t":"event","op":"msc.reads","ms":18428,"gap":4,"lba0":18449,"lba1":18457,"bytes":8192,"n":2,"kind":2,"ov":144}
[msc.reads] n=2 bytes=8192 lba=18449..18457 gap=4 ov=144
[rx] {"t":"event","op":"msc.reads","ms":18436,"gap":4,"lba0":18465,"lba1":18497,"bytes":20480,"n":5,"kind":2,"ov":144}
[msc.reads] n=5 bytes=20480 lba=18465..18497 gap=4 ov=144
[tx] {"t":"ping"}
[rx] {"t":"pong"}
[rx] {"t":"event","op":"msc.reads","ms":20135,"gap":1685,"lba0":1953,"lba1":1953,"bytes":4096,"n":1,"kind":2,"ov":144}
[msc.reads] n=1 bytes=4096 lba=1953..1953 gap=1685 ov=144
[rx] {"t":"event","op":"diag","code":"play.reject","detail":"not_from_head uid=1977938832270506073 from=1953 +4096B age=19329ms prefetch"}
[msc] play.reject not_from_head uid=1977938832270506073 from=1953 +4096B age=19329ms prefetch
[rx] {"t":"event","op":"msc.reads","ms":20152,"gap":17,"lba0":1961,"lba1":1961,"bytes":4096,"n":1,"kind":2,"ov":144}
[msc.reads] n=1 bytes=4096 lba=1961..1961 gap=17 ov=144
[rx] {"t":"event","op":"msc.reads","ms":20156,"gap":4,"lba0":1713,"lba1":1713,"bytes":4096,"n":1,"kind":2,"ov":144}
[msc.reads] n=1 bytes=4096 lba=1713..1713 gap=4 ov=144
[rx] {"t":"event","op":"msc.reads","ms":20160,"gap":4,"lba0":1721,"lba1":1721,"bytes":4096,"n":1,"kind":2,"ov":144}
[msc.reads] n=1 bytes=4096 lba=1721..1721 gap=4 ov=144
[rx] {"t":"event","op":"msc.reads","ms":20164,"gap":4,"lba0":1729,"lba1":1849,"bytes":65536,"n":16,"kind":2,"ov":144}
[msc.reads] n=16 bytes=65536 lba=1729..1849 gap=4 ov=144
[rx] {"t":"event","op":"msc.reads","ms":20222,"gap":4,"lba0":1857,"lba1":1857,"bytes":4096,"n":1,"kind":2,"ov":144}
[msc.reads] n=1 bytes=4096 lba=1857..1857 gap=4 ov=144
[rx] {"t":"event","op":"msc.reads","ms":20226,"gap":4,"lba0":1865,"lba1":1873,"bytes":8192,"n":2,"kind":2,"ov":144}
[msc.reads] n=2 bytes=8192 lba=1865..1873 gap=4 ov=144
[rx] {"t":"event","op":"msc.reads","ms":20234,"gap":4,"lba0":1881,"lba1":1881,"bytes":4096,"n":1,"kind":2,"ov":144}
[msc.reads] n=1 bytes=4096 lba=1881..1881 gap=4 ov=144
[rx] {"t":"event","op":"msc.reads","ms":20238,"gap":4,"lba0":1889,"lba1":1889,"bytes":4096,"n":1,"kind":2,"ov":144}
[msc.reads] n=1 bytes=4096 lba=1889..1889 gap=4 ov=144
[rx] {"t":"event","op":"msc.reads","ms":20241,"gap":3,"lba0":1897,"lba1":1897,"bytes":4096,"n":1,"kind":2,"ov":144}
[msc.reads] n=1 bytes=4096 lba=1897..1897 gap=3 ov=144
[rx] {"t":"event","op":"msc.reads","ms":20245,"gap":4,"lba0":1905,"lba1":1497,"bytes":40960,"n":10,"kind":2,"ov":144}
[msc.reads] n=10 bytes=40960 lba=1905..1497 gap=4 ov=144
[rx] {"t":"event","op":"msc.reads","ms":20282,"gap":4,"lba0":1505,"lba1":1585,"bytes":45056,"n":11,"kind":2,"ov":144}
[msc.reads] n=11 bytes=45056 lba=1505..1585 gap=4 ov=144
[rx] {"t":"event","op":"msc.reads","ms":20322,"gap":4,"lba0":1593,"lba1":1593,"bytes":4096,"n":1,"kind":2,"ov":144}
[msc.reads] n=1 bytes=4096 lba=1593..1593 gap=4 ov=144
[rx] {"t":"event","op":"msc.reads","ms":20326,"gap":4,"lba0":1601,"lba1":1601,"bytes":4096,"n":1,"kind":2,"ov":144}
[msc.reads] n=1 bytes=4096 lba=1601..1601 gap=4 ov=144
[rx] {"t":"event","op":"msc.reads","ms":20330,"gap":4,"lba0":1609,"lba1":1609,"bytes":4096,"n":1,"kind":2,"ov":144}
[msc.reads] n=1 bytes=4096 lba=1609..1609 gap=4 ov=144
[rx] {"t":"event","op":"msc.reads","ms":20334,"gap":4,"lba0":1617,"lba1":1617,"bytes":4096,"n":1,"kind":2,"ov":144}
[msc.reads] n=1 bytes=4096 lba=1617..1617 gap=4 ov=144
[rx] {"t":"event","op":"msc.reads","ms":20338,"gap":4,"lba0":1625,"lba1":1625,"bytes":4096,"n":1,"kind":2,"ov":144}
[msc.reads] n=1 bytes=4096 lba=1625..1625 gap=4 ov=144
[rx] {"t":"event","op":"msc.reads","ms":20342,"gap":4,"lba0":1633,"lba1":1681,"bytes":28672,"n":7,"kind":2,"ov":144}
[msc.reads] n=7 bytes=28672 lba=1633..1681 gap=4 ov=144
[rx] {"t":"event","op":"msc.reads","ms":20368,"gap":4,"lba0":1689,"lba1":1689,"bytes":4096,"n":1,"kind":2,"ov":144}
[msc.reads] n=1 bytes=4096 lba=1689..1689 gap=4 ov=144
[rx] {"t":"event","op":"msc.reads","ms":20372,"gap":4,"lba0":1697,"lba1":1969,"bytes":12288,"n":3,"kind":2,"ov":144}
[msc.reads] n=3 bytes=12288 lba=1697..1969 gap=4 ov=144
[rx] {"t":"event","op":"msc.reads","ms":20388,"gap":3,"lba0":1977,"lba1":1977,"bytes":4096,"n":1,"kind":2,"ov":144}
[msc.reads] n=1 bytes=4096 lba=1977..1977 gap=3 ov=144
[rx] {"t":"event","op":"msc.reads","ms":20392,"gap":4,"lba0":1985,"lba1":1985,"bytes":4096,"n":1,"kind":2,"ov":144}
[msc.reads] n=1 bytes=4096 lba=1985..1985 gap=4 ov=144
[rx] {"t":"event","op":"msc.reads","ms":20396,"gap":4,"lba0":1993,"lba1":1993,"bytes":4096,"n":1,"kind":2,"ov":144}
[msc.reads] n=1 bytes=4096 lba=1993..1993 gap=4 ov=144
[rx] {"t":"event","op":"msc.reads","ms":20400,"gap":4,"lba0":2001,"lba1":2049,"bytes":28672,"n":7,"kind":2,"ov":144}
[msc.reads] n=7 bytes=28672 lba=2001..2049 gap=4 ov=144
[rx] {"t":"event","op":"msc.reads","ms":20426,"gap":4,"lba0":2057,"lba1":2081,"bytes":16384,"n":4,"kind":2,"ov":144}
[msc.reads] n=4 bytes=16384 lba=2057..2081 gap=4 ov=144
[rx] {"t":"event","op":"msc.reads","ms":20441,"gap":4,"lba0":2089,"lba1":2089,"bytes":4096,"n":1,"kind":2,"ov":144}
[msc.reads] n=1 bytes=4096 lba=2089..2089 gap=4 ov=144
[rx] {"t":"event","op":"msc.reads","ms":20444,"gap":3,"lba0":2097,"lba1":2097,"bytes":4096,"n":1,"kind":2,"ov":144}
[msc.reads] n=1 bytes=4096 lba=2097..2097 gap=3 ov=144
[rx] {"t":"event","op":"msc.reads","ms":20448,"gap":4,"lba0":2105,"lba1":2105,"bytes":4096,"n":1,"kind":2,"ov":144}
[msc.reads] n=1 bytes=4096 lba=2105..2105 gap=4 ov=144
[rx] {"t":"event","op":"msc.reads","ms":20452,"gap":4,"lba0":2113,"lba1":2161,"bytes":28672,"n":7,"kind":2,"ov":144}
[msc.reads] n=7 bytes=28672 lba=2113..2161 gap=4 ov=144
[rx] {"t":"event","op":"msc.reads","ms":20478,"gap":4,"lba0":2169,"lba1":2193,"bytes":16384,"n":4,"kind":2,"ov":144}
[msc.reads] n=4 bytes=16384 lba=2169..2193 gap=4 ov=144
[rx] {"t":"event","op":"msc.reads","ms":20493,"gap":4,"lba0":2201,"lba1":2201,"bytes":4096,"n":1,"kind":2,"ov":144}
[msc.reads] n=1 bytes=4096 lba=2201..2201 gap=4 ov=144
[rx] {"t":"event","op":"msc.reads","ms":20497,"gap":4,"lba0":2209,"lba1":2209,"bytes":4096,"n":1,"kind":2,"ov":144}
[msc.reads] n=1 bytes=4096 lba=2209..2209 gap=4 ov=144
[rx] {"t":"event","op":"msc.reads","ms":20501,"gap":4,"lba0":2217,"lba1":2217,"bytes":4096,"n":1,"kind":2,"ov":144}
[msc.reads] n=1 bytes=4096 lba=2217..2217 gap=4 ov=144
[rx] {"t":"event","op":"msc.reads","ms":20505,"gap":4,"lba0":2225,"lba1":2265,"bytes":24576,"n":6,"kind":2,"ov":144}
[msc.reads] n=6 bytes=24576 lba=2225..2265 gap=4 ov=144
[rx] {"t":"event","op":"msc.reads","ms":20527,"gap":4,"lba0":2273,"lba1":2297,"bytes":16384,"n":4,"kind":2,"ov":144}
[msc.reads] n=4 bytes=16384 lba=2273..2297 gap=4 ov=144
[rx] {"t":"event","op":"msc.reads","ms":20542,"gap":4,"lba0":2305,"lba1":2305,"bytes":4096,"n":1,"kind":2,"ov":144}
[msc.reads] n=1 bytes=4096 lba=2305..2305 gap=4 ov=144
[rx] {"t":"event","op":"msc.reads","ms":20546,"gap":4,"lba0":2313,"lba1":2313,"bytes":4096,"n":1,"kind":2,"ov":144}
[msc.reads] n=1 bytes=4096 lba=2313..2313 gap=4 ov=144
[rx] {"t":"event","op":"msc.reads","ms":20550,"gap":4,"lba0":2321,"lba1":2321,"bytes":4096,"n":1,"kind":2,"ov":144}
[msc.reads] n=1 bytes=4096 lba=2321..2321 gap=4 ov=144
[rx] {"t":"event","op":"msc.reads","ms":20554,"gap":4,"lba0":2329,"lba1":2329,"bytes":4096,"n":1,"kind":2,"ov":144}
[msc.reads] n=1 bytes=4096 lba=2329..2329 gap=4 ov=144
[rx] {"t":"event","op":"msc.reads","ms":20558,"gap":4,"lba0":2337,"lba1":2337,"bytes":4096,"n":1,"kind":2,"ov":144}
[msc.reads] n=1 bytes=4096 lba=2337..2337 gap=4 ov=144
[rx] {"t":"event","op":"msc.reads","ms":20561,"gap":3,"lba0":2345,"lba1":2345,"bytes":4096,"n":1,"kind":2,"ov":144}
[msc.reads] n=1 bytes=4096 lba=2345..2345 gap=3 ov=144
[rx] {"t":"event","op":"msc.reads","ms":20565,"gap":4,"lba0":2353,"lba1":2353,"bytes":4096,"n":1,"kind":2,"ov":144}
[msc.reads] n=1 bytes=4096 lba=2353..2353 gap=4 ov=144
[rx] {"t":"event","op":"msc.reads","ms":20569,"gap":4,"lba0":2361,"lba1":2425,"bytes":36864,"n":9,"kind":2,"ov":144}
[msc.reads] n=9 bytes=36864 lba=2361..2425 gap=4 ov=144
[rx] {"t":"event","op":"msc.reads","ms":20602,"gap":3,"lba0":2433,"lba1":2433,"bytes":4096,"n":1,"kind":2,"ov":144}
[msc.reads] n=1 bytes=4096 lba=2433..2433 gap=3 ov=144
[rx] {"t":"event","op":"msc.reads","ms":20606,"gap":4,"lba0":2441,"lba1":2441,"bytes":4096,"n":1,"kind":2,"ov":144}
[msc.reads] n=1 bytes=4096 lba=2441..2441 gap=4 ov=144
[rx] {"t":"event","op":"msc.reads","ms":20610,"gap":4,"lba0":2449,"lba1":2449,"bytes":4096,"n":1,"kind":2,"ov":144}
[msc.reads] n=1 bytes=4096 lba=2449..2449 gap=4 ov=144
[rx] {"t":"event","op":"msc.reads","ms":20614,"gap":4,"lba0":2457,"lba1":2473,"bytes":12288,"n":3,"kind":2,"ov":144}
[msc.reads] n=3 bytes=12288 lba=2457..2473 gap=4 ov=144
[rx] {"t":"event","op":"msc.reads","ms":20625,"gap":4,"lba0":2481,"lba1":2481,"bytes":4096,"n":1,"kind":2,"ov":144}
[msc.reads] n=1 bytes=4096 lba=2481..2481 gap=4 ov=144
[rx] {"t":"event","op":"msc.reads","ms":20629,"gap":4,"lba0":2489,"lba1":2489,"bytes":4096,"n":1,"kind":2,"ov":144}
[msc.reads] n=1 bytes=4096 lba=2489..2489 gap=4 ov=144
[rx] {"t":"event","op":"msc.reads","ms":20633,"gap":4,"lba0":2497,"lba1":2585,"bytes":49152,"n":12,"kind":2,"ov":144}
[msc.reads] n=12 bytes=49152 lba=2497..2585 gap=4 ov=144
[rx] {"t":"event","op":"msc.reads","ms":20678,"gap":4,"lba0":2593,"lba1":2593,"bytes":4096,"n":1,"kind":2,"ov":144}
[msc.reads] n=1 bytes=4096 lba=2593..2593 gap=4 ov=144
[rx] {"t":"event","op":"msc.reads","ms":20681,"gap":3,"lba0":2601,"lba1":2609,"bytes":8192,"n":2,"kind":2,"ov":144}
[msc.reads] n=2 bytes=8192 lba=2601..2609 gap=3 ov=144
[rx] {"t":"event","op":"msc.reads","ms":20689,"gap":4,"lba0":2617,"lba1":2617,"bytes":4096,"n":1,"kind":2,"ov":144}
[msc.reads] n=1 bytes=4096 lba=2617..2617 gap=4 ov=144
[rx] {"t":"event","op":"msc.reads","ms":20693,"gap":4,"lba0":2625,"lba1":2625,"bytes":4096,"n":1,"kind":2,"ov":144}
[msc.reads] n=1 bytes=4096 lba=2625..2625 gap=4 ov=144
[rx] {"t":"event","op":"msc.reads","ms":20697,"gap":4,"lba0":2633,"lba1":2633,"bytes":4096,"n":1,"kind":2,"ov":144}
[msc.reads] n=1 bytes=4096 lba=2633..2633 gap=4 ov=144
[rx] {"t":"event","op":"msc.reads","ms":20701,"gap":4,"lba0":2641,"lba1":753,"bytes":28672,"n":7,"kind":2,"ov":144}
[msc.reads] n=7 bytes=28672 lba=2641..753 gap=4 ov=144
[rx] {"t":"event","op":"msc.reads","ms":20726,"gap":3,"lba0":761,"lba1":769,"bytes":8192,"n":2,"kind":2,"ov":144}
[msc.reads] n=2 bytes=8192 lba=761..769 gap=3 ov=144
[rx] {"t":"event","op":"msc.reads","ms":20734,"gap":4,"lba0":777,"lba1":777,"bytes":4096,"n":1,"kind":2,"ov":144}
[msc.reads] n=1 bytes=4096 lba=777..777 gap=4 ov=144
[rx] {"t":"event","op":"msc.reads","ms":20738,"gap":4,"lba0":785,"lba1":793,"bytes":8192,"n":2,"kind":2,"ov":144}
[msc.reads] n=2 bytes=8192 lba=785..793 gap=4 ov=144
[rx] {"t":"event","op":"msc.reads","ms":20746,"gap":4,"lba0":801,"lba1":801,"bytes":4096,"n":1,"kind":2,"ov":144}
[msc.reads] n=1 bytes=4096 lba=801..801 gap=4 ov=144
[rx] {"t":"event","op":"msc.reads","ms":20750,"gap":4,"lba0":809,"lba1":809,"bytes":4096,"n":1,"kind":2,"ov":144}
[msc.reads] n=1 bytes=4096 lba=809..809 gap=4 ov=144
[rx] {"t":"event","op":"msc.reads","ms":20754,"gap":4,"lba0":817,"lba1":817,"bytes":4096,"n":1,"kind":2,"ov":144}
[msc.reads] n=1 bytes=4096 lba=817..817 gap=4 ov=144
[rx] {"t":"event","op":"msc.reads","ms":20758,"gap":4,"lba0":825,"lba1":825,"bytes":4096,"n":1,"kind":2,"ov":144}
[msc.reads] n=1 bytes=4096 lba=825..825 gap=4 ov=144
[rx] {"t":"event","op":"msc.reads","ms":20762,"gap":4,"lba0":833,"lba1":833,"bytes":4096,"n":1,"kind":2,"ov":144}
[msc.reads] n=1 bytes=4096 lba=833..833 gap=4 ov=144
[rx] {"t":"event","op":"msc.reads","ms":20766,"gap":4,"lba0":841,"lba1":841,"bytes":4096,"n":1,"kind":2,"ov":144}
[msc.reads] n=1 bytes=4096 lba=841..841 gap=4 ov=144
[rx] {"t":"event","op":"msc.reads","ms":20769,"gap":3,"lba0":849,"lba1":857,"bytes":8192,"n":2,"kind":2,"ov":144}
[msc.reads] n=2 bytes=8192 lba=849..857 gap=3 ov=144
[rx] {"t":"event","op":"msc.reads","ms":20777,"gap":4,"lba0":865,"lba1":865,"bytes":4096,"n":1,"kind":2,"ov":144}
[msc.reads] n=1 bytes=4096 lba=865..865 gap=4 ov=144
[rx] {"t":"event","op":"msc.reads","ms":20781,"gap":4,"lba0":873,"lba1":873,"bytes":4096,"n":1,"kind":2,"ov":144}
[msc.reads] n=1 bytes=4096 lba=873..873 gap=4 ov=144
[rx] {"t":"event","op":"msc.reads","ms":20785,"gap":4,"lba0":881,"lba1":881,"bytes":4096,"n":1,"kind":2,"ov":144}
[msc.reads] n=1 bytes=4096 lba=881..881 gap=4 ov=144
[rx] {"t":"event","op":"msc.reads","ms":20789,"gap":4,"lba0":889,"lba1":889,"bytes":4096,"n":1,"kind":2,"ov":144}
[msc.reads] n=1 bytes=4096 lba=889..889 gap=4 ov=144
[rx] {"t":"event","op":"msc.reads","ms":20793,"gap":4,"lba0":897,"lba1":897,"bytes":4096,"n":1,"kind":2,"ov":144}
[msc.reads] n=1 bytes=4096 lba=897..897 gap=4 ov=144
[rx] {"t":"event","op":"msc.reads","ms":20797,"gap":4,"lba0":905,"lba1":905,"bytes":4096,"n":1,"kind":2,"ov":144}
[msc.reads] n=1 bytes=4096 lba=905..905 gap=4 ov=144
[rx] {"t":"event","op":"msc.reads","ms":20801,"gap":4,"lba0":913,"lba1":913,"bytes":4096,"n":1,"kind":2,"ov":144}
[msc.reads] n=1 bytes=4096 lba=913..913 gap=4 ov=144
[rx] {"t":"event","op":"msc.reads","ms":20805,"gap":4,"lba0":921,"lba1":921,"bytes":4096,"n":1,"kind":2,"ov":144}
[msc.reads] n=1 bytes=4096 lba=921..921 gap=4 ov=144
[rx] {"t":"event","op":"msc.reads","ms":20809,"gap":4,"lba0":929,"lba1":929,"bytes":4096,"n":1,"kind":2,"ov":144}
[msc.reads] n=1 bytes=4096 lba=929..929 gap=4 ov=144
[rx] {"t":"event","op":"msc.reads","ms":20813,"gap":4,"lba0":937,"lba1":937,"bytes":4096,"n":1,"kind":2,"ov":144}
[msc.reads] n=1 bytes=4096 lba=937..937 gap=4 ov=144
[rx] {"t":"event","op":"msc.reads","ms":20817,"gap":4,"lba0":945,"lba1":945,"bytes":4096,"n":1,"kind":2,"ov":144}
[msc.reads] n=1 bytes=4096 lba=945..945 gap=4 ov=144
[rx] {"t":"event","op":"msc.reads","ms":20821,"gap":4,"lba0":953,"lba1":953,"bytes":4096,"n":1,"kind":2,"ov":144}
[msc.reads] n=1 bytes=4096 lba=953..953 gap=4 ov=144
[rx] {"t":"event","op":"msc.reads","ms":20825,"gap":4,"lba0":961,"lba1":961,"bytes":4096,"n":1,"kind":2,"ov":144}
[msc.reads] n=1 bytes=4096 lba=961..961 gap=4 ov=144
[rx] {"t":"event","op":"msc.reads","ms":20829,"gap":4,"lba0":969,"lba1":969,"bytes":4096,"n":1,"kind":2,"ov":144}
[msc.reads] n=1 bytes=4096 lba=969..969 gap=4 ov=144
[rx] {"t":"event","op":"msc.reads","ms":20833,"gap":4,"lba0":977,"lba1":985,"bytes":8192,"n":2,"kind":2,"ov":144}
[msc.reads] n=2 bytes=8192 lba=977..985 gap=4 ov=144
[rx] {"t":"event","op":"msc.reads","ms":20840,"gap":4,"lba0":993,"lba1":993,"bytes":4096,"n":1,"kind":2,"ov":144}
[msc.reads] n=1 bytes=4096 lba=993..993 gap=4 ov=144
[rx] {"t":"event","op":"msc.reads","ms":20844,"gap":4,"lba0":1001,"lba1":1001,"bytes":4096,"n":1,"kind":2,"ov":144}
[msc.reads] n=1 bytes=4096 lba=1001..1001 gap=4 ov=144
[rx] {"t":"event","op":"msc.reads","ms":20848,"gap":4,"lba0":1009,"lba1":1009,"bytes":4096,"n":1,"kind":2,"ov":144}
[msc.reads] n=1 bytes=4096 lba=1009..1009 gap=4 ov=144
[rx] {"t":"event","op":"msc.reads","ms":20852,"gap":4,"lba0":1017,"lba1":1017,"bytes":4096,"n":1,"kind":2,"ov":144}
[msc.reads] n=1 bytes=4096 lba=1017..1017 gap=4 ov=144
[rx] {"t":"event","op":"msc.reads","ms":20856,"gap":4,"lba0":1025,"lba1":1025,"bytes":4096,"n":1,"kind":2,"ov":144}
[msc.reads] n=1 bytes=4096 lba=1025..1025 gap=4 ov=144
[rx] {"t":"event","op":"msc.reads","ms":20860,"gap":4,"lba0":1033,"lba1":1033,"bytes":4096,"n":1,"kind":2,"ov":144}
[msc.reads] n=1 bytes=4096 lba=1033..1033 gap=4 ov=144
[rx] {"t":"event","op":"msc.reads","ms":20864,"gap":4,"lba0":1041,"lba1":1089,"bytes":28672,"n":7,"kind":2,"ov":144}
[msc.reads] n=7 bytes=28672 lba=1041..1089 gap=4 ov=144
[rx] {"t":"event","op":"msc.reads","ms":20890,"gap":4,"lba0":1097,"lba1":1121,"bytes":16384,"n":4,"kind":2,"ov":144}
[msc.reads] n=4 bytes=16384 lba=1097..1121 gap=4 ov=144
[rx] {"t":"event","op":"msc.reads","ms":20905,"gap":4,"lba0":1129,"lba1":1129,"bytes":4096,"n":1,"kind":2,"ov":144}
[msc.reads] n=1 bytes=4096 lba=1129..1129 gap=4 ov=144
[rx] {"t":"event","op":"msc.reads","ms":20909,"gap":4,"lba0":1137,"lba1":1137,"bytes":4096,"n":1,"kind":2,"ov":144}
[msc.reads] n=1 bytes=4096 lba=1137..1137 gap=4 ov=144
[rx] {"t":"event","op":"msc.reads","ms":20913,"gap":4,"lba0":1145,"lba1":1145,"bytes":4096,"n":1,"kind":2,"ov":144}
[msc.reads] n=1 bytes=4096 lba=1145..1145 gap=4 ov=144
[rx] {"t":"event","op":"diag","code":"play.reject","detail":"not_from_head uid=1977938832270506073 from=753 +233472B age=20132ms prefetch"}
[msc] play.reject not_from_head uid=1977938832270506073 from=753 +233472B age=20132ms prefetch
[rx] {"t":"event","op":"msc.reads","ms":20916,"gap":3,"lba0":1153,"lba1":1201,"bytes":28672,"n":7,"kind":2,"ov":144}
[msc.reads] n=7 bytes=28672 lba=1153..1201 gap=3 ov=144
[rx] {"t":"event","op":"msc.reads","ms":20987,"gap":49,"lba0":1209,"lba1":1209,"bytes":4096,"n":1,"kind":2,"ov":144}
[msc.reads] n=1 bytes=4096 lba=1209..1209 gap=49 ov=144
[rx] {"t":"event","op":"msc.reads","ms":20991,"gap":4,"lba0":1217,"lba1":1217,"bytes":4096,"n":1,"kind":2,"ov":144}
[msc.reads] n=1 bytes=4096 lba=1217..1217 gap=4 ov=144
[rx] {"t":"event","op":"msc.reads","ms":20995,"gap":4,"lba0":1225,"lba1":1225,"bytes":4096,"n":1,"kind":2,"ov":144}
[msc.reads] n=1 bytes=4096 lba=1225..1225 gap=4 ov=144
[rx] {"t":"event","op":"msc.reads","ms":20999,"gap":4,"lba0":1233,"lba1":1241,"bytes":8192,"n":2,"kind":2,"ov":144}
[msc.reads] n=2 bytes=8192 lba=1233..1241 gap=4 ov=144
[rx] {"t":"event","op":"msc.reads","ms":21007,"gap":4,"lba0":1249,"lba1":1249,"bytes":4096,"n":1,"kind":2,"ov":144}
[msc.reads] n=1 bytes=4096 lba=1249..1249 gap=4 ov=144
[rx] {"t":"event","op":"msc.reads","ms":21011,"gap":4,"lba0":1257,"lba1":1257,"bytes":4096,"n":1,"kind":2,"ov":144}
[msc.reads] n=1 bytes=4096 lba=1257..1257 gap=4 ov=144
[rx] {"t":"event","op":"msc.reads","ms":21015,"gap":4,"lba0":1265,"lba1":1305,"bytes":24576,"n":6,"kind":2,"ov":144}
[msc.reads] n=6 bytes=24576 lba=1265..1305 gap=4 ov=144
[rx] {"t":"event","op":"msc.reads","ms":21037,"gap":4,"lba0":1313,"lba1":1313,"bytes":4096,"n":1,"kind":2,"ov":144}
[msc.reads] n=1 bytes=4096 lba=1313..1313 gap=4 ov=144
[tx] {"t":"ping"}
[rx] {"t":"event","op":"msc.reads","ms":21041,"gap":4,"lba0":1321,"lba1":1337,"bytes":12288,"n":3,"kind":2,"ov":144}
[msc.reads] n=3 bytes=12288 lba=1321..1337 gap=4 ov=144
[rx] {"t":"event","op":"msc.reads","ms":21052,"gap":4,"lba0":1345,"lba1":1345,"bytes":4096,"n":1,"kind":2,"ov":144}
[msc.reads] n=1 bytes=4096 lba=1345..1345 gap=4 ov=144
[rx] {"t":"event","op":"msc.reads","ms":21056,"gap":4,"lba0":1353,"lba1":1353,"bytes":4096,"n":1,"kind":2,"ov":144}
[msc.reads] n=1 bytes=4096 lba=1353..1353 gap=4 ov=144
[rx] {"t":"event","op":"msc.reads","ms":21059,"gap":3,"lba0":1361,"lba1":1361,"bytes":4096,"n":1,"kind":2,"ov":144}
[msc.reads] n=1 bytes=4096 lba=1361..1361 gap=3 ov=144
[rx] {"t":"event","op":"msc.reads","ms":21063,"gap":4,"lba0":1369,"lba1":1417,"bytes":28672,"n":7,"kind":2,"ov":144}
[msc.reads] n=7 bytes=28672 lba=1369..1417 gap=4 ov=144
[rx] {"t":"pong"}
[rx] {"t":"event","op":"msc.reads","ms":21089,"gap":4,"lba0":1425,"lba1":2745,"bytes":57344,"n":14,"kind":2,"ov":144}
[msc.reads] n=14 bytes=57344 lba=1425..2745 gap=4 ov=144
[rx] {"t":"event","op":"msc.reads","ms":21141,"gap":4,"lba0":2753,"lba1":2761,"bytes":8192,"n":2,"kind":2,"ov":144}
[msc.reads] n=2 bytes=8192 lba=2753..2761 gap=4 ov=144
[rx] {"t":"event","op":"msc.reads","ms":21149,"gap":4,"lba0":2769,"lba1":2785,"bytes":12288,"n":3,"kind":2,"ov":144}
[msc.reads] n=3 bytes=12288 lba=2769..2785 gap=4 ov=144
[rx] {"t":"event","op":"msc.reads","ms":21160,"gap":4,"lba0":2793,"lba1":2793,"bytes":4096,"n":1,"kind":2,"ov":144}
[msc.reads] n=1 bytes=4096 lba=2793..2793 gap=4 ov=144
[rx] {"t":"event","op":"msc.reads","ms":21164,"gap":4,"lba0":2801,"lba1":2801,"bytes":4096,"n":1,"kind":2,"ov":144}
[msc.reads] n=1 bytes=4096 lba=2801..2801 gap=4 ov=144
[rx] {"t":"event","op":"msc.reads","ms":21168,"gap":4,"lba0":2809,"lba1":2809,"bytes":4096,"n":1,"kind":2,"ov":144}
[msc.reads] n=1 bytes=4096 lba=2809..2809 gap=4 ov=144
[rx] {"t":"event","op":"msc.reads","ms":21171,"gap":3,"lba0":2817,"lba1":2897,"bytes":45056,"n":11,"kind":2,"ov":144}
[msc.reads] n=11 bytes=45056 lba=2817..2897 gap=3 ov=144
[rx] {"t":"event","op":"msc.reads","ms":21212,"gap":4,"lba0":2905,"lba1":2905,"bytes":4096,"n":1,"kind":2,"ov":144}
[msc.reads] n=1 bytes=4096 lba=2905..2905 gap=4 ov=144
[rx] {"t":"event","op":"msc.reads","ms":21216,"gap":4,"lba0":2913,"lba1":2913,"bytes":4096,"n":1,"kind":2,"ov":144}
[msc.reads] n=1 bytes=4096 lba=2913..2913 gap=4 ov=144
[rx] {"t":"event","op":"msc.reads","ms":21219,"gap":3,"lba0":2921,"lba1":2921,"bytes":4096,"n":1,"kind":2,"ov":144}
[msc.reads] n=1 bytes=4096 lba=2921..2921 gap=3 ov=144
[rx] {"t":"event","op":"msc.reads","ms":21224,"gap":5,"lba0":2929,"lba1":3057,"bytes":69632,"n":17,"kind":2,"ov":144}
[msc.reads] n=17 bytes=69632 lba=2929..3057 gap=5 ov=144
[rx] {"t":"event","op":"msc.reads","ms":21286,"gap":4,"lba0":3065,"lba1":3065,"bytes":4096,"n":1,"kind":2,"ov":144}
[msc.reads] n=1 bytes=4096 lba=3065..3065 gap=4 ov=144
[rx] {"t":"event","op":"msc.reads","ms":21290,"gap":4,"lba0":3073,"lba1":3073,"bytes":4096,"n":1,"kind":2,"ov":144}
[msc.reads] n=1 bytes=4096 lba=3073..3073 gap=4 ov=144
[rx] {"t":"event","op":"msc.reads","ms":21294,"gap":4,"lba0":3081,"lba1":3081,"bytes":4096,"n":1,"kind":2,"ov":144}
[msc.reads] n=1 bytes=4096 lba=3081..3081 gap=4 ov=144
[rx] {"t":"event","op":"msc.reads","ms":21298,"gap":4,"lba0":3089,"lba1":3161,"bytes":40960,"n":10,"kind":2,"ov":144}
[msc.reads] n=10 bytes=40960 lba=3089..3161 gap=4 ov=144
[rx] {"t":"event","op":"msc.reads","ms":21335,"gap":4,"lba0":3169,"lba1":3169,"bytes":4096,"n":1,"kind":2,"ov":144}
[msc.reads] n=1 bytes=4096 lba=3169..3169 gap=4 ov=144
[rx] {"t":"event","op":"msc.reads","ms":21338,"gap":3,"lba0":3177,"lba1":3177,"bytes":4096,"n":1,"kind":2,"ov":144}
[msc.reads] n=1 bytes=4096 lba=3177..3177 gap=3 ov=144
[rx] {"t":"event","op":"msc.reads","ms":21342,"gap":4,"lba0":3185,"lba1":3185,"bytes":4096,"n":1,"kind":2,"ov":144}
[msc.reads] n=1 bytes=4096 lba=3185..3185 gap=4 ov=144
[rx] {"t":"event","op":"msc.reads","ms":21346,"gap":4,"lba0":3193,"lba1":3201,"bytes":8192,"n":2,"kind":2,"ov":144}
[msc.reads] n=2 bytes=8192 lba=3193..3201 gap=4 ov=144
[rx] {"t":"event","op":"msc.reads","ms":21354,"gap":4,"lba0":3209,"lba1":3209,"bytes":4096,"n":1,"kind":2,"ov":144}
[msc.reads] n=1 bytes=4096 lba=3209..3209 gap=4 ov=144
[rx] {"t":"event","op":"msc.reads","ms":21357,"gap":3,"lba0":3217,"lba1":3217,"bytes":4096,"n":1,"kind":2,"ov":144}
[msc.reads] n=1 bytes=4096 lba=3217..3217 gap=3 ov=144
[rx] {"t":"event","op":"msc.reads","ms":21361,"gap":4,"lba0":3225,"lba1":3225,"bytes":4096,"n":1,"kind":2,"ov":144}
[msc.reads] n=1 bytes=4096 lba=3225..3225 gap=4 ov=144
[rx] {"t":"event","op":"msc.reads","ms":21365,"gap":4,"lba0":3233,"lba1":3233,"bytes":4096,"n":1,"kind":2,"ov":144}
[msc.reads] n=1 bytes=4096 lba=3233..3233 gap=4 ov=144
[rx] {"t":"event","op":"msc.reads","ms":21369,"gap":4,"lba0":3241,"lba1":3241,"bytes":4096,"n":1,"kind":2,"ov":144}
[msc.reads] n=1 bytes=4096 lba=3241..3241 gap=4 ov=144
[rx] {"t":"event","op":"msc.reads","ms":21373,"gap":4,"lba0":3249,"lba1":3281,"bytes":20480,"n":5,"kind":2,"ov":144}
[msc.reads] n=5 bytes=20480 lba=3249..3281 gap=4 ov=144
[rx] {"t":"event","op":"msc.reads","ms":21391,"gap":4,"lba0":3289,"lba1":3385,"bytes":53248,"n":13,"kind":2,"ov":144}
[msc.reads] n=13 bytes=53248 lba=3289..3385 gap=4 ov=144
[rx] {"t":"event","op":"msc.reads","ms":21439,"gap":4,"lba0":3393,"lba1":3393,"bytes":4096,"n":1,"kind":2,"ov":144}
[msc.reads] n=1 bytes=4096 lba=3393..3393 gap=4 ov=144
[rx] {"t":"event","op":"msc.reads","ms":21443,"gap":4,"lba0":3401,"lba1":3401,"bytes":4096,"n":1,"kind":2,"ov":144}
[msc.reads] n=1 bytes=4096 lba=3401..3401 gap=4 ov=144
[rx] {"t":"event","op":"msc.reads","ms":21447,"gap":4,"lba0":3409,"lba1":3409,"bytes":4096,"n":1,"kind":2,"ov":144}
[msc.reads] n=1 bytes=4096 lba=3409..3409 gap=4 ov=144
[rx] {"t":"event","op":"msc.reads","ms":21451,"gap":4,"lba0":3417,"lba1":3417,"bytes":4096,"n":1,"kind":2,"ov":144}
[msc.reads] n=1 bytes=4096 lba=3417..3417 gap=4 ov=144
[rx] {"t":"event","op":"msc.reads","ms":21455,"gap":4,"lba0":3425,"lba1":3425,"bytes":4096,"n":1,"kind":2,"ov":144}
[msc.reads] n=1 bytes=4096 lba=3425..3425 gap=4 ov=144
[rx] {"t":"event","op":"msc.reads","ms":21459,"gap":4,"lba0":3433,"lba1":3441,"bytes":8192,"n":2,"kind":2,"ov":144}
[msc.reads] n=2 bytes=8192 lba=3433..3441 gap=4 ov=144
[rx] {"t":"event","op":"msc.reads","ms":21466,"gap":4,"lba0":3449,"lba1":3449,"bytes":4096,"n":1,"kind":2,"ov":144}
[msc.reads] n=1 bytes=4096 lba=3449..3449 gap=4 ov=144
[rx] {"t":"event","op":"msc.reads","ms":21470,"gap":4,"lba0":3457,"lba1":3457,"bytes":4096,"n":1,"kind":2,"ov":144}
[msc.reads] n=1 bytes=4096 lba=3457..3457 gap=4 ov=144
[rx] {"t":"event","op":"msc.reads","ms":21474,"gap":4,"lba0":3465,"lba1":3465,"bytes":4096,"n":1,"kind":2,"ov":144}
[msc.reads] n=1 bytes=4096 lba=3465..3465 gap=4 ov=144
[rx] {"t":"event","op":"msc.reads","ms":21478,"gap":4,"lba0":3473,"lba1":3473,"bytes":4096,"n":1,"kind":2,"ov":144}
[msc.reads] n=1 bytes=4096 lba=3473..3473 gap=4 ov=144
[rx] {"t":"event","op":"msc.reads","ms":21482,"gap":4,"lba0":3481,"lba1":3481,"bytes":4096,"n":1,"kind":2,"ov":144}
[msc.reads] n=1 bytes=4096 lba=3481..3481 gap=4 ov=144
[rx] {"t":"event","op":"msc.reads","ms":21486,"gap":4,"lba0":3489,"lba1":3489,"bytes":4096,"n":1,"kind":2,"ov":144}
[msc.reads] n=1 bytes=4096 lba=3489..3489 gap=4 ov=144
[rx] {"t":"event","op":"msc.reads","ms":21490,"gap":4,"lba0":3497,"lba1":3497,"bytes":4096,"n":1,"kind":2,"ov":144}
[msc.reads] n=1 bytes=4096 lba=3497..3497 gap=4 ov=144
[rx] {"t":"event","op":"msc.reads","ms":21494,"gap":4,"lba0":3505,"lba1":3505,"bytes":4096,"n":1,"kind":2,"ov":144}
[msc.reads] n=1 bytes=4096 lba=3505..3505 gap=4 ov=144
[rx] {"t":"event","op":"msc.reads","ms":21497,"gap":3,"lba0":3513,"lba1":3521,"bytes":8192,"n":2,"kind":2,"ov":144}
[msc.reads] n=2 bytes=8192 lba=3513..3521 gap=3 ov=144
[rx] {"t":"event","op":"msc.reads","ms":21505,"gap":4,"lba0":3529,"lba1":3529,"bytes":4096,"n":1,"kind":2,"ov":144}
[msc.reads] n=1 bytes=4096 lba=3529..3529 gap=4 ov=144
[rx] {"t":"event","op":"msc.reads","ms":21509,"gap":4,"lba0":3537,"lba1":3537,"bytes":4096,"n":1,"kind":2,"ov":144}
[msc.reads] n=1 bytes=4096 lba=3537..3537 gap=4 ov=144
[rx] {"t":"event","op":"msc.reads","ms":21513,"gap":4,"lba0":3545,"lba1":3545,"bytes":4096,"n":1,"kind":2,"ov":144}
[msc.reads] n=1 bytes=4096 lba=3545..3545 gap=4 ov=144
[rx] {"t":"event","op":"msc.reads","ms":21517,"gap":4,"lba0":3553,"lba1":3553,"bytes":4096,"n":1,"kind":2,"ov":144}
[msc.reads] n=1 bytes=4096 lba=3553..3553 gap=4 ov=144
[rx] {"t":"event","op":"msc.reads","ms":21520,"gap":3,"lba0":3561,"lba1":3561,"bytes":4096,"n":1,"kind":2,"ov":144}
[msc.reads] n=1 bytes=4096 lba=3561..3561 gap=3 ov=144
[rx] {"t":"event","op":"msc.reads","ms":21524,"gap":4,"lba0":3569,"lba1":3569,"bytes":4096,"n":1,"kind":2,"ov":144}
[msc.reads] n=1 bytes=4096 lba=3569..3569 gap=4 ov=144
[rx] {"t":"event","op":"msc.reads","ms":21528,"gap":4,"lba0":3577,"lba1":3577,"bytes":4096,"n":1,"kind":2,"ov":144}
[msc.reads] n=1 bytes=4096 lba=3577..3577 gap=4 ov=144
[rx] {"t":"event","op":"msc.reads","ms":21532,"gap":4,"lba0":3585,"lba1":3585,"bytes":4096,"n":1,"kind":2,"ov":144}
[msc.reads] n=1 bytes=4096 lba=3585..3585 gap=4 ov=144
[rx] {"t":"event","op":"msc.reads","ms":21536,"gap":4,"lba0":3593,"lba1":3593,"bytes":4096,"n":1,"kind":2,"ov":144}
[msc.reads] n=1 bytes=4096 lba=3593..3593 gap=4 ov=144
[rx] {"t":"event","op":"msc.reads","ms":21540,"gap":4,"lba0":3601,"lba1":3601,"bytes":4096,"n":1,"kind":2,"ov":144}
[msc.reads] n=1 bytes=4096 lba=3601..3601 gap=4 ov=144
[rx] {"t":"event","op":"msc.reads","ms":21544,"gap":4,"lba0":3609,"lba1":3609,"bytes":4096,"n":1,"kind":2,"ov":144}
[msc.reads] n=1 bytes=4096 lba=3609..3609 gap=4 ov=144
[rx] {"t":"event","op":"msc.reads","ms":21548,"gap":4,"lba0":3617,"lba1":3625,"bytes":8192,"n":2,"kind":2,"ov":144}
[msc.reads] n=2 bytes=8192 lba=3617..3625 gap=4 ov=144
[rx] {"t":"event","op":"msc.reads","ms":21555,"gap":4,"lba0":3633,"lba1":3633,"bytes":4096,"n":1,"kind":2,"ov":144}
[msc.reads] n=1 bytes=4096 lba=3633..3633 gap=4 ov=144
[rx] {"t":"event","op":"msc.reads","ms":21559,"gap":4,"lba0":3641,"lba1":3641,"bytes":4096,"n":1,"kind":2,"ov":144}
[msc.reads] n=1 bytes=4096 lba=3641..3641 gap=4 ov=144
[rx] {"t":"event","op":"msc.reads","ms":21563,"gap":4,"lba0":3649,"lba1":3649,"bytes":4096,"n":1,"kind":2,"ov":144}
[msc.reads] n=1 bytes=4096 lba=3649..3649 gap=4 ov=144
[rx] {"t":"event","op":"msc.reads","ms":21567,"gap":4,"lba0":3657,"lba1":3657,"bytes":4096,"n":1,"kind":2,"ov":144}
[msc.reads] n=1 bytes=4096 lba=3657..3657 gap=4 ov=144
[rx] {"t":"event","op":"msc.reads","ms":21571,"gap":4,"lba0":3665,"lba1":3673,"bytes":8192,"n":2,"kind":2,"ov":144}
[msc.reads] n=2 bytes=8192 lba=3665..3673 gap=4 ov=144
[rx] {"t":"event","op":"msc.reads","ms":21579,"gap":4,"lba0":3681,"lba1":3681,"bytes":4096,"n":1,"kind":2,"ov":144}
[msc.reads] n=1 bytes=4096 lba=3681..3681 gap=4 ov=144
[rx] {"t":"event","op":"msc.reads","ms":21583,"gap":4,"lba0":3689,"lba1":3689,"bytes":4096,"n":1,"kind":2,"ov":144}
[msc.reads] n=1 bytes=4096 lba=3689..3689 gap=4 ov=144
[rx] {"t":"event","op":"msc.reads","ms":21587,"gap":4,"lba0":3697,"lba1":3697,"bytes":4096,"n":1,"kind":2,"ov":144}
[msc.reads] n=1 bytes=4096 lba=3697..3697 gap=4 ov=144
[rx] {"t":"event","op":"msc.reads","ms":21590,"gap":3,"lba0":3705,"lba1":3705,"bytes":4096,"n":1,"kind":2,"ov":144}
[msc.reads] n=1 bytes=4096 lba=3705..3705 gap=3 ov=144
[rx] {"t":"event","op":"msc.reads","ms":21594,"gap":4,"lba0":3713,"lba1":3713,"bytes":4096,"n":1,"kind":2,"ov":144}
[msc.reads] n=1 bytes=4096 lba=3713..3713 gap=4 ov=144
[rx] {"t":"event","op":"msc.reads","ms":21598,"gap":4,"lba0":3721,"lba1":3721,"bytes":4096,"n":1,"kind":2,"ov":144}
[msc.reads] n=1 bytes=4096 lba=3721..3721 gap=4 ov=144
[rx] {"t":"event","op":"msc.reads","ms":21602,"gap":4,"lba0":3729,"lba1":3729,"bytes":4096,"n":1,"kind":2,"ov":144}
[msc.reads] n=1 bytes=4096 lba=3729..3729 gap=4 ov=144
[rx] {"t":"event","op":"msc.reads","ms":21606,"gap":4,"lba0":3737,"lba1":3737,"bytes":4096,"n":1,"kind":2,"ov":144}
[msc.reads] n=1 bytes=4096 lba=3737..3737 gap=4 ov=144
[rx] {"t":"event","op":"msc.reads","ms":21610,"gap":4,"lba0":3745,"lba1":3745,"bytes":4096,"n":1,"kind":2,"ov":144}
[msc.reads] n=1 bytes=4096 lba=3745..3745 gap=4 ov=144
[rx] {"t":"event","op":"msc.reads","ms":21614,"gap":4,"lba0":3753,"lba1":3761,"bytes":8192,"n":2,"kind":2,"ov":144}
[msc.reads] n=2 bytes=8192 lba=3753..3761 gap=4 ov=144
[rx] {"t":"event","op":"msc.reads","ms":21621,"gap":3,"lba0":3769,"lba1":3769,"bytes":4096,"n":1,"kind":2,"ov":144}
[msc.reads] n=1 bytes=4096 lba=3769..3769 gap=3 ov=144
[rx] {"t":"event","op":"msc.reads","ms":21625,"gap":4,"lba0":3777,"lba1":3777,"bytes":4096,"n":1,"kind":2,"ov":144}
[msc.reads] n=1 bytes=4096 lba=3777..3777 gap=4 ov=144
[rx] {"t":"event","op":"msc.reads","ms":21629,"gap":4,"lba0":3785,"lba1":3785,"bytes":4096,"n":1,"kind":2,"ov":144}
[msc.reads] n=1 bytes=4096 lba=3785..3785 gap=4 ov=144
[rx] {"t":"event","op":"msc.reads","ms":21633,"gap":4,"lba0":3793,"lba1":3793,"bytes":4096,"n":1,"kind":2,"ov":144}
[msc.reads] n=1 bytes=4096 lba=3793..3793 gap=4 ov=144
[rx] {"t":"event","op":"msc.reads","ms":21637,"gap":4,"lba0":3801,"lba1":3801,"bytes":4096,"n":1,"kind":2,"ov":144}
[msc.reads] n=1 bytes=4096 lba=3801..3801 gap=4 ov=144
[rx] {"t":"event","op":"msc.reads","ms":21641,"gap":4,"lba0":3809,"lba1":3809,"bytes":4096,"n":1,"kind":2,"ov":144}
[msc.reads] n=1 bytes=4096 lba=3809..3809 gap=4 ov=144
[rx] {"t":"event","op":"msc.reads","ms":21645,"gap":4,"lba0":3817,"lba1":3817,"bytes":4096,"n":1,"kind":2,"ov":144}
[msc.reads] n=1 bytes=4096 lba=3817..3817 gap=4 ov=144
[rx] {"t":"event","op":"msc.reads","ms":21649,"gap":4,"lba0":3825,"lba1":3825,"bytes":4096,"n":1,"kind":2,"ov":144}
[msc.reads] n=1 bytes=4096 lba=3825..3825 gap=4 ov=144
[rx] {"t":"event","op":"msc.reads","ms":21653,"gap":4,"lba0":3833,"lba1":3833,"bytes":4096,"n":1,"kind":2,"ov":144}
[msc.reads] n=1 bytes=4096 lba=3833..3833 gap=4 ov=144
[rx] {"t":"event","op":"msc.reads","ms":21657,"gap":4,"lba0":3841,"lba1":3841,"bytes":4096,"n":1,"kind":2,"ov":144}
[msc.reads] n=1 bytes=4096 lba=3841..3841 gap=4 ov=144
[rx] {"t":"event","op":"msc.reads","ms":21661,"gap":4,"lba0":3849,"lba1":3849,"bytes":4096,"n":1,"kind":2,"ov":144}
[msc.reads] n=1 bytes=4096 lba=3849..3849 gap=4 ov=144
[rx] {"t":"event","op":"msc.reads","ms":21665,"gap":4,"lba0":3857,"lba1":3857,"bytes":4096,"n":1,"kind":2,"ov":144}
[msc.reads] n=1 bytes=4096 lba=3857..3857 gap=4 ov=144
[rx] {"t":"event","op":"msc.reads","ms":21669,"gap":4,"lba0":3865,"lba1":3865,"bytes":4096,"n":1,"kind":2,"ov":144}
[msc.reads] n=1 bytes=4096 lba=3865..3865 gap=4 ov=144
[rx] {"t":"event","op":"msc.reads","ms":21672,"gap":3,"lba0":3873,"lba1":3881,"bytes":8192,"n":2,"kind":2,"ov":144}
[msc.reads] n=2 bytes=8192 lba=3873..3881 gap=3 ov=144
[rx] {"t":"event","op":"msc.reads","ms":21680,"gap":4,"lba0":3889,"lba1":3889,"bytes":4096,"n":1,"kind":2,"ov":144}
[msc.reads] n=1 bytes=4096 lba=3889..3889 gap=4 ov=144
[rx] {"t":"event","op":"msc.reads","ms":21684,"gap":4,"lba0":3897,"lba1":3897,"bytes":4096,"n":1,"kind":2,"ov":144}
[msc.reads] n=1 bytes=4096 lba=3897..3897 gap=4 ov=144
[rx] {"t":"event","op":"msc.reads","ms":21688,"gap":4,"lba0":3905,"lba1":3905,"bytes":4096,"n":1,"kind":2,"ov":144}
[msc.reads] n=1 bytes=4096 lba=3905..3905 gap=4 ov=144
[rx] {"t":"event","op":"msc.reads","ms":21692,"gap":4,"lba0":3913,"lba1":3913,"bytes":4096,"n":1,"kind":2,"ov":144}
[msc.reads] n=1 bytes=4096 lba=3913..3913 gap=4 ov=144
[rx] {"t":"event","op":"msc.reads","ms":21696,"gap":4,"lba0":3921,"lba1":3921,"bytes":4096,"n":1,"kind":2,"ov":144}
[msc.reads] n=1 bytes=4096 lba=3921..3921 gap=4 ov=144
[rx] {"t":"event","op":"msc.reads","ms":21700,"gap":4,"lba0":3929,"lba1":3929,"bytes":4096,"n":1,"kind":2,"ov":144}
[msc.reads] n=1 bytes=4096 lba=3929..3929 gap=4 ov=144
[rx] {"t":"event","op":"msc.reads","ms":21704,"gap":4,"lba0":3937,"lba1":3937,"bytes":4096,"n":1,"kind":2,"ov":144}
[msc.reads] n=1 bytes=4096 lba=3937..3937 gap=4 ov=144
[rx] {"t":"event","op":"msc.reads","ms":21708,"gap":4,"lba0":3945,"lba1":3945,"bytes":4096,"n":1,"kind":2,"ov":144}
[msc.reads] n=1 bytes=4096 lba=3945..3945 gap=4 ov=144
[rx] {"t":"event","op":"msc.reads","ms":21712,"gap":4,"lba0":3953,"lba1":3953,"bytes":4096,"n":1,"kind":2,"ov":144}
[msc.reads] n=1 bytes=4096 lba=3953..3953 gap=4 ov=144
[rx] {"t":"event","op":"msc.reads","ms":21716,"gap":4,"lba0":3961,"lba1":3961,"bytes":4096,"n":1,"kind":2,"ov":144}
[msc.reads] n=1 bytes=4096 lba=3961..3961 gap=4 ov=144
[rx] {"t":"event","op":"msc.reads","ms":21719,"gap":3,"lba0":3969,"lba1":3969,"bytes":4096,"n":1,"kind":2,"ov":144}
[msc.reads] n=1 bytes=4096 lba=3969..3969 gap=3 ov=144
[rx] {"t":"event","op":"msc.reads","ms":21723,"gap":4,"lba0":3977,"lba1":3977,"bytes":4096,"n":1,"kind":2,"ov":144}
[msc.reads] n=1 bytes=4096 lba=3977..3977 gap=4 ov=144
[rx] {"t":"event","op":"msc.reads","ms":21727,"gap":4,"lba0":3985,"lba1":3985,"bytes":4096,"n":1,"kind":2,"ov":144}
[msc.reads] n=1 bytes=4096 lba=3985..3985 gap=4 ov=144
[rx] {"t":"event","op":"msc.reads","ms":21731,"gap":4,"lba0":3993,"lba1":3993,"bytes":4096,"n":1,"kind":2,"ov":144}
[msc.reads] n=1 bytes=4096 lba=3993..3993 gap=4 ov=144
[rx] {"t":"event","op":"msc.reads","ms":21735,"gap":4,"lba0":4001,"lba1":4009,"bytes":8192,"n":2,"kind":2,"ov":144}
[msc.reads] n=2 bytes=8192 lba=4001..4009 gap=4 ov=144
[rx] {"t":"event","op":"diag","code":"play.reject","detail":"not_from_head uid=1977938832270506073 from=2689 +679936B age=20933ms prefetch"}
[msc] play.reject not_from_head uid=1977938832270506073 from=2689 +679936B age=20933ms prefetch
[rx] {"t":"event","op":"msc.reads","ms":21756,"gap":17,"lba0":4017,"lba1":4017,"bytes":4096,"n":1,"kind":2,"ov":144}
[msc.reads] n=1 bytes=4096 lba=4017..4017 gap=17 ov=144
[rx] {"t":"event","op":"msc.reads","ms":21760,"gap":4,"lba0":4025,"lba1":4025,"bytes":4096,"n":1,"kind":2,"ov":144}
[msc.reads] n=1 bytes=4096 lba=4025..4025 gap=4 ov=144
[rx] {"t":"event","op":"msc.reads","ms":21764,"gap":4,"lba0":4033,"lba1":4033,"bytes":4096,"n":1,"kind":2,"ov":144}
[msc.reads] n=1 bytes=4096 lba=4033..4033 gap=4 ov=144
[rx] {"t":"event","op":"msc.reads","ms":21768,"gap":4,"lba0":4041,"lba1":4041,"bytes":4096,"n":1,"kind":2,"ov":144}
[msc.reads] n=1 bytes=4096 lba=4041..4041 gap=4 ov=144
[rx] {"t":"event","op":"msc.reads","ms":21772,"gap":4,"lba0":4049,"lba1":4049,"bytes":4096,"n":1,"kind":2,"ov":144}
[msc.reads] n=1 bytes=4096 lba=4049..4049 gap=4 ov=144
[rx] {"t":"event","op":"msc.reads","ms":21776,"gap":4,"lba0":4057,"lba1":4057,"bytes":4096,"n":1,"kind":2,"ov":144}
[msc.reads] n=1 bytes=4096 lba=4057..4057 gap=4 ov=144
[rx] {"t":"event","op":"msc.reads","ms":21779,"gap":3,"lba0":4065,"lba1":4073,"bytes":8192,"n":2,"kind":2,"ov":144}
[msc.reads] n=2 bytes=8192 lba=4065..4073 gap=3 ov=144
[rx] {"t":"event","op":"msc.reads","ms":21787,"gap":4,"lba0":4081,"lba1":4145,"bytes":36864,"n":9,"kind":2,"ov":144}
[msc.reads] n=9 bytes=36864 lba=4081..4145 gap=4 ov=144
[rx] {"t":"event","op":"msc.reads","ms":21821,"gap":4,"lba0":4153,"lba1":4169,"bytes":12288,"n":3,"kind":2,"ov":144}
[msc.reads] n=3 bytes=12288 lba=4153..4169 gap=4 ov=144
[rx] {"t":"event","op":"msc.reads","ms":21832,"gap":4,"lba0":4177,"lba1":4177,"bytes":4096,"n":1,"kind":2,"ov":144}
[msc.reads] n=1 bytes=4096 lba=4177..4177 gap=4 ov=144
[rx] {"t":"event","op":"msc.reads","ms":21836,"gap":4,"lba0":4185,"lba1":4185,"bytes":4096,"n":1,"kind":2,"ov":144}
[msc.reads] n=1 bytes=4096 lba=4185..4185 gap=4 ov=144
[rx] {"t":"event","op":"msc.reads","ms":21840,"gap":4,"lba0":4193,"lba1":4193,"bytes":4096,"n":1,"kind":2,"ov":144}
[msc.reads] n=1 bytes=4096 lba=4193..4193 gap=4 ov=144
[rx] {"t":"event","op":"msc.reads","ms":21843,"gap":3,"lba0":4201,"lba1":4265,"bytes":36864,"n":9,"kind":2,"ov":144}
[msc.reads] n=9 bytes=36864 lba=4201..4265 gap=3 ov=144
[rx] {"t":"event","op":"msc.reads","ms":21876,"gap":3,"lba0":4273,"lba1":4273,"bytes":4096,"n":1,"kind":2,"ov":144}
[msc.reads] n=1 bytes=4096 lba=4273..4273 gap=3 ov=144
[rx] {"t":"event","op":"msc.reads","ms":21880,"gap":4,"lba0":4281,"lba1":4281,"bytes":4096,"n":1,"kind":2,"ov":144}
[msc.reads] n=1 bytes=4096 lba=4281..4281 gap=4 ov=144
[rx] {"t":"event","op":"msc.reads","ms":21884,"gap":4,"lba0":4289,"lba1":4289,"bytes":4096,"n":1,"kind":2,"ov":144}
[msc.reads] n=1 bytes=4096 lba=4289..4289 gap=4 ov=144
[rx] {"t":"event","op":"msc.reads","ms":21888,"gap":4,"lba0":4297,"lba1":4401,"bytes":57344,"n":14,"kind":2,"ov":144}
[msc.reads] n=14 bytes=57344 lba=4297..4401 gap=4 ov=144
[rx] {"t":"event","op":"msc.reads","ms":21947,"gap":4,"lba0":4409,"lba1":4409,"bytes":4096,"n":1,"kind":2,"ov":144}
[msc.reads] n=1 bytes=4096 lba=4409..4409 gap=4 ov=144
[rx] {"t":"event","op":"msc.reads","ms":21951,"gap":4,"lba0":4417,"lba1":4417,"bytes":4096,"n":1,"kind":2,"ov":144}
[msc.reads] n=1 bytes=4096 lba=4417..4417 gap=4 ov=144
[rx] {"t":"event","op":"msc.reads","ms":21955,"gap":4,"lba0":4425,"lba1":4425,"bytes":4096,"n":1,"kind":2,"ov":144}
[msc.reads] n=1 bytes=4096 lba=4425..4425 gap=4 ov=144
[rx] {"t":"event","op":"msc.reads","ms":21959,"gap":4,"lba0":4433,"lba1":4457,"bytes":16384,"n":4,"kind":2,"ov":144}
[msc.reads] n=4 bytes=16384 lba=4433..4457 gap=4 ov=144
[rx] {"t":"event","op":"msc.reads","ms":21974,"gap":4,"lba0":4465,"lba1":4465,"bytes":4096,"n":1,"kind":2,"ov":144}
[msc.reads] n=1 bytes=4096 lba=4465..4465 gap=4 ov=144
[rx] {"t":"event","op":"msc.reads","ms":21978,"gap":4,"lba0":4473,"lba1":4473,"bytes":4096,"n":1,"kind":2,"ov":144}
[msc.reads] n=1 bytes=4096 lba=4473..4473 gap=4 ov=144
[rx] {"t":"event","op":"msc.reads","ms":21982,"gap":4,"lba0":4481,"lba1":4481,"bytes":4096,"n":1,"kind":2,"ov":144}
[msc.reads] n=1 bytes=4096 lba=4481..4481 gap=4 ov=144
[rx] {"t":"event","op":"msc.reads","ms":21985,"gap":3,"lba0":4489,"lba1":4521,"bytes":20480,"n":5,"kind":2,"ov":144}
[msc.reads] n=5 bytes=20480 lba=4489..4521 gap=3 ov=144
[rx] {"t":"event","op":"msc.reads","ms":22003,"gap":3,"lba0":4529,"lba1":4625,"bytes":53248,"n":13,"kind":2,"ov":144}
[msc.reads] n=13 bytes=53248 lba=4529..4625 gap=3 ov=144
[rx] {"t":"event","op":"msc.reads","ms":22052,"gap":4,"lba0":4633,"lba1":4633,"bytes":4096,"n":1,"kind":2,"ov":144}
[msc.reads] n=1 bytes=4096 lba=4633..4633 gap=4 ov=144
[rx] {"t":"event","op":"msc.reads","ms":22056,"gap":4,"lba0":4641,"lba1":4641,"bytes":4096,"n":1,"kind":2,"ov":144}
[msc.reads] n=1 bytes=4096 lba=4641..4641 gap=4 ov=144
[rx] {"t":"event","op":"msc.reads","ms":22060,"gap":4,"lba0":4649,"lba1":4649,"bytes":4096,"n":1,"kind":2,"ov":144}
[msc.reads] n=1 bytes=4096 lba=4649..4649 gap=4 ov=144
[rx] {"t":"event","op":"msc.reads","ms":22063,"gap":3,"lba0":4657,"lba1":4665,"bytes":8192,"n":2,"kind":2,"ov":144}
[msc.reads] n=2 bytes=8192 lba=4657..4665 gap=3 ov=144
[rx] {"t":"event","op":"msc.reads","ms":22071,"gap":4,"lba0":4673,"lba1":4673,"bytes":4096,"n":1,"kind":2,"ov":144}
[msc.reads] n=1 bytes=4096 lba=4673..4673 gap=4 ov=144
[rx] {"t":"event","op":"msc.reads","ms":22075,"gap":4,"lba0":4681,"lba1":4681,"bytes":4096,"n":1,"kind":2,"ov":144}
[msc.reads] n=1 bytes=4096 lba=4681..4681 gap=4 ov=144
[rx] {"t":"event","op":"msc.reads","ms":22079,"gap":4,"lba0":4689,"lba1":4753,"bytes":36864,"n":9,"kind":2,"ov":144}
[msc.reads] n=9 bytes=36864 lba=4689..4753 gap=4 ov=144
[rx] {"t":"event","op":"msc.reads","ms":22113,"gap":4,"lba0":4761,"lba1":4761,"bytes":4096,"n":1,"kind":2,"ov":144}
[msc.reads] n=1 bytes=4096 lba=4761..4761 gap=4 ov=144
[rx] {"t":"event","op":"msc.reads","ms":22116,"gap":3,"lba0":4769,"lba1":4881,"bytes":61440,"n":15,"kind":2,"ov":144}
[msc.reads] n=15 bytes=61440 lba=4769..4881 gap=3 ov=144
[rx] {"t":"event","op":"msc.reads","ms":22173,"gap":4,"lba0":4889,"lba1":4889,"bytes":4096,"n":1,"kind":2,"ov":144}
[msc.reads] n=1 bytes=4096 lba=4889..4889 gap=4 ov=144
[rx] {"t":"event","op":"msc.reads","ms":22177,"gap":4,"lba0":4897,"lba1":4897,"bytes":4096,"n":1,"kind":2,"ov":144}
[msc.reads] n=1 bytes=4096 lba=4897..4897 gap=4 ov=144
[rx] {"t":"event","op":"msc.reads","ms":22181,"gap":4,"lba0":4905,"lba1":4905,"bytes":4096,"n":1,"kind":2,"ov":144}
[msc.reads] n=1 bytes=4096 lba=4905..4905 gap=4 ov=144
[rx] {"t":"event","op":"msc.reads","ms":22185,"gap":4,"lba0":4913,"lba1":4913,"bytes":4096,"n":1,"kind":2,"ov":144}
[msc.reads] n=1 bytes=4096 lba=4913..4913 gap=4 ov=144
[rx] {"t":"event","op":"msc.reads","ms":22189,"gap":4,"lba0":4921,"lba1":4969,"bytes":28672,"n":7,"kind":2,"ov":144}
[msc.reads] n=7 bytes=28672 lba=4921..4969 gap=4 ov=144
[rx] {"t":"event","op":"msc.reads","ms":22215,"gap":4,"lba0":4977,"lba1":4977,"bytes":4096,"n":1,"kind":2,"ov":144}
[msc.reads] n=1 bytes=4096 lba=4977..4977 gap=4 ov=144
[rx] {"t":"event","op":"msc.reads","ms":22219,"gap":4,"lba0":4985,"lba1":5001,"bytes":12288,"n":3,"kind":2,"ov":144}
[msc.reads] n=3 bytes=12288 lba=4985..5001 gap=4 ov=144
[rx] {"t":"event","op":"msc.reads","ms":22230,"gap":4,"lba0":5009,"lba1":5009,"bytes":4096,"n":1,"kind":2,"ov":144}
[msc.reads] n=1 bytes=4096 lba=5009..5009 gap=4 ov=144
[rx] {"t":"event","op":"msc.reads","ms":22234,"gap":4,"lba0":5017,"lba1":5025,"bytes":8192,"n":2,"kind":2,"ov":144}
[msc.reads] n=2 bytes=8192 lba=5017..5025 gap=4 ov=144
[rx] {"t":"event","op":"msc.reads","ms":22242,"gap":4,"lba0":5033,"lba1":5033,"bytes":4096,"n":1,"kind":2,"ov":144}
[msc.reads] n=1 bytes=4096 lba=5033..5033 gap=4 ov=144
[rx] {"t":"event","op":"msc.reads","ms":22246,"gap":4,"lba0":5041,"lba1":5041,"bytes":4096,"n":1,"kind":2,"ov":144}
[msc.reads] n=1 bytes=4096 lba=5041..5041 gap=4 ov=144
[rx] {"t":"event","op":"msc.reads","ms":22250,"gap":4,"lba0":5049,"lba1":5049,"bytes":4096,"n":1,"kind":2,"ov":144}
[msc.reads] n=1 bytes=4096 lba=5049..5049 gap=4 ov=144
[rx] {"t":"event","op":"msc.reads","ms":22254,"gap":4,"lba0":5057,"lba1":5057,"bytes":4096,"n":1,"kind":2,"ov":144}
[msc.reads] n=1 bytes=4096 lba=5057..5057 gap=4 ov=144
[rx] {"t":"event","op":"msc.reads","ms":22258,"gap":4,"lba0":5065,"lba1":5065,"bytes":4096,"n":1,"kind":2,"ov":144}
[msc.reads] n=1 bytes=4096 lba=5065..5065 gap=4 ov=144
[rx] {"t":"event","op":"msc.reads","ms":22261,"gap":3,"lba0":5073,"lba1":5089,"bytes":12288,"n":3,"kind":2,"ov":144}
[msc.reads] n=3 bytes=12288 lba=5073..5089 gap=3 ov=144
[rx] {"t":"event","op":"msc.reads","ms":22273,"gap":4,"lba0":5097,"lba1":5097,"bytes":4096,"n":1,"kind":2,"ov":144}
[msc.reads] n=1 bytes=4096 lba=5097..5097 gap=4 ov=144
[rx] {"t":"event","op":"msc.reads","ms":22277,"gap":4,"lba0":5105,"lba1":5105,"bytes":4096,"n":1,"kind":2,"ov":144}
[msc.reads] n=1 bytes=4096 lba=5105..5105 gap=4 ov=144
[rx] {"t":"event","op":"msc.reads","ms":22281,"gap":4,"lba0":5113,"lba1":5113,"bytes":4096,"n":1,"kind":2,"ov":144}
[msc.reads] n=1 bytes=4096 lba=5113..5113 gap=4 ov=144
[rx] {"t":"event","op":"msc.reads","ms":22284,"gap":3,"lba0":5121,"lba1":5129,"bytes":8192,"n":2,"kind":2,"ov":144}
[msc.reads] n=2 bytes=8192 lba=5121..5129 gap=3 ov=144
[rx] {"t":"event","op":"msc.reads","ms":22292,"gap":4,"lba0":5137,"lba1":5137,"bytes":4096,"n":1,"kind":2,"ov":144}
[msc.reads] n=1 bytes=4096 lba=5137..5137 gap=4 ov=144
[rx] {"t":"event","op":"msc.reads","ms":22296,"gap":4,"lba0":5145,"lba1":5145,"bytes":4096,"n":1,"kind":2,"ov":144}
[msc.reads] n=1 bytes=4096 lba=5145..5145 gap=4 ov=144
[rx] {"t":"event","op":"msc.reads","ms":22300,"gap":4,"lba0":5153,"lba1":5153,"bytes":4096,"n":1,"kind":2,"ov":144}
[msc.reads] n=1 bytes=4096 lba=5153..5153 gap=4 ov=144
[rx] {"t":"event","op":"msc.reads","ms":22303,"gap":3,"lba0":5161,"lba1":5169,"bytes":8192,"n":2,"kind":2,"ov":144}
[msc.reads] n=2 bytes=8192 lba=5161..5169 gap=3 ov=144
[rx] {"t":"event","op":"msc.reads","ms":22311,"gap":4,"lba0":5177,"lba1":5177,"bytes":4096,"n":1,"kind":2,"ov":144}
[msc.reads] n=1 bytes=4096 lba=5177..5177 gap=4 ov=144
[rx] {"t":"event","op":"msc.reads","ms":22315,"gap":4,"lba0":5185,"lba1":5185,"bytes":4096,"n":1,"kind":2,"ov":144}
[msc.reads] n=1 bytes=4096 lba=5185..5185 gap=4 ov=144
[rx] {"t":"event","op":"msc.reads","ms":22319,"gap":4,"lba0":5193,"lba1":5193,"bytes":4096,"n":1,"kind":2,"ov":144}
[msc.reads] n=1 bytes=4096 lba=5193..5193 gap=4 ov=144
[rx] {"t":"event","op":"msc.reads","ms":22323,"gap":4,"lba0":5201,"lba1":5201,"bytes":4096,"n":1,"kind":2,"ov":144}
[msc.reads] n=1 bytes=4096 lba=5201..5201 gap=4 ov=144
[rx] {"t":"event","op":"msc.reads","ms":22327,"gap":4,"lba0":5209,"lba1":5209,"bytes":4096,"n":1,"kind":2,"ov":144}
[msc.reads] n=1 bytes=4096 lba=5209..5209 gap=4 ov=144
[rx] {"t":"event","op":"msc.reads","ms":22330,"gap":3,"lba0":5217,"lba1":5217,"bytes":4096,"n":1,"kind":2,"ov":144}
[msc.reads] n=1 bytes=4096 lba=5217..5217 gap=3 ov=144
[rx] {"t":"event","op":"msc.reads","ms":22334,"gap":4,"lba0":5225,"lba1":5225,"bytes":4096,"n":1,"kind":2,"ov":144}
[msc.reads] n=1 bytes=4096 lba=5225..5225 gap=4 ov=144
[rx] {"t":"event","op":"msc.reads","ms":22338,"gap":4,"lba0":5233,"lba1":5233,"bytes":4096,"n":1,"kind":2,"ov":144}
[msc.reads] n=1 bytes=4096 lba=5233..5233 gap=4 ov=144
[rx] {"t":"event","op":"msc.reads","ms":22342,"gap":4,"lba0":5241,"lba1":5241,"bytes":4096,"n":1,"kind":2,"ov":144}
[msc.reads] n=1 bytes=4096 lba=5241..5241 gap=4 ov=144
[rx] {"t":"event","op":"msc.reads","ms":22346,"gap":4,"lba0":5249,"lba1":5249,"bytes":4096,"n":1,"kind":2,"ov":144}
[msc.reads] n=1 bytes=4096 lba=5249..5249 gap=4 ov=144
[rx] {"t":"event","op":"msc.reads","ms":22350,"gap":4,"lba0":5257,"lba1":5257,"bytes":4096,"n":1,"kind":2,"ov":144}
[msc.reads] n=1 bytes=4096 lba=5257..5257 gap=4 ov=144
[rx] {"t":"event","op":"msc.reads","ms":22354,"gap":4,"lba0":5265,"lba1":5265,"bytes":4096,"n":1,"kind":2,"ov":144}
[msc.reads] n=1 bytes=4096 lba=5265..5265 gap=4 ov=144
[rx] {"t":"event","op":"msc.reads","ms":22358,"gap":4,"lba0":5273,"lba1":5281,"bytes":8192,"n":2,"kind":2,"ov":144}
[msc.reads] n=2 bytes=8192 lba=5273..5281 gap=4 ov=144
[rx] {"t":"event","op":"msc.reads","ms":22366,"gap":4,"lba0":5289,"lba1":5289,"bytes":4096,"n":1,"kind":2,"ov":144}
[msc.reads] n=1 bytes=4096 lba=5289..5289 gap=4 ov=144
[rx] {"t":"event","op":"msc.reads","ms":22370,"gap":4,"lba0":5297,"lba1":5297,"bytes":4096,"n":1,"kind":2,"ov":144}
[msc.reads] n=1 bytes=4096 lba=5297..5297 gap=4 ov=144
[rx] {"t":"event","op":"msc.reads","ms":22373,"gap":3,"lba0":5305,"lba1":5305,"bytes":4096,"n":1,"kind":2,"ov":144}
[msc.reads] n=1 bytes=4096 lba=5305..5305 gap=3 ov=144
[rx] {"t":"event","op":"msc.reads","ms":22377,"gap":4,"lba0":5313,"lba1":5321,"bytes":8192,"n":2,"kind":2,"ov":144}
[msc.reads] n=2 bytes=8192 lba=5313..5321 gap=4 ov=144
[rx] {"t":"event","op":"msc.reads","ms":22385,"gap":4,"lba0":5329,"lba1":5329,"bytes":4096,"n":1,"kind":2,"ov":144}
[msc.reads] n=1 bytes=4096 lba=5329..5329 gap=4 ov=144
[rx] {"t":"event","op":"msc.reads","ms":22389,"gap":4,"lba0":5337,"lba1":5337,"bytes":4096,"n":1,"kind":2,"ov":144}
[msc.reads] n=1 bytes=4096 lba=5337..5337 gap=4 ov=144
[rx] {"t":"event","op":"msc.reads","ms":22393,"gap":4,"lba0":5345,"lba1":5401,"bytes":32768,"n":8,"kind":2,"ov":144}
[msc.reads] n=8 bytes=32768 lba=5345..5401 gap=4 ov=144
[rx] {"t":"event","op":"msc.reads","ms":22423,"gap":4,"lba0":5409,"lba1":5409,"bytes":4096,"n":1,"kind":2,"ov":144}
[msc.reads] n=1 bytes=4096 lba=5409..5409 gap=4 ov=144
[rx] {"t":"event","op":"msc.reads","ms":22427,"gap":4,"lba0":5417,"lba1":5505,"bytes":49152,"n":12,"kind":2,"ov":144}
[msc.reads] n=12 bytes=49152 lba=5417..5505 gap=4 ov=144
[rx] {"t":"event","op":"msc.reads","ms":22470,"gap":3,"lba0":5513,"lba1":5513,"bytes":4096,"n":1,"kind":2,"ov":144}
[msc.reads] n=1 bytes=4096 lba=5513..5513 gap=3 ov=144
[rx] {"t":"event","op":"msc.reads","ms":22474,"gap":4,"lba0":5521,"lba1":5521,"bytes":4096,"n":1,"kind":2,"ov":144}
[msc.reads] n=1 bytes=4096 lba=5521..5521 gap=4 ov=144
[rx] {"t":"event","op":"msc.reads","ms":22478,"gap":4,"lba0":5529,"lba1":5529,"bytes":4096,"n":1,"kind":2,"ov":144}
[msc.reads] n=1 bytes=4096 lba=5529..5529 gap=4 ov=144
[rx] {"t":"event","op":"msc.reads","ms":22482,"gap":4,"lba0":5537,"lba1":5601,"bytes":36864,"n":9,"kind":2,"ov":144}
[msc.reads] n=9 bytes=36864 lba=5537..5601 gap=4 ov=144
[rx] {"t":"event","op":"msc.reads","ms":22515,"gap":4,"lba0":5609,"lba1":5609,"bytes":4096,"n":1,"kind":2,"ov":144}
[msc.reads] n=1 bytes=4096 lba=5609..5609 gap=4 ov=144
[rx] {"t":"event","op":"msc.reads","ms":22519,"gap":4,"lba0":5617,"lba1":5617,"bytes":4096,"n":1,"kind":2,"ov":144}
[msc.reads] n=1 bytes=4096 lba=5617..5617 gap=4 ov=144
[rx] {"t":"event","op":"msc.reads","ms":22523,"gap":4,"lba0":5625,"lba1":5625,"bytes":4096,"n":1,"kind":2,"ov":144}
[msc.reads] n=1 bytes=4096 lba=5625..5625 gap=4 ov=144
[rx] {"t":"event","op":"msc.reads","ms":22527,"gap":4,"lba0":5633,"lba1":5633,"bytes":4096,"n":1,"kind":2,"ov":144}
[msc.reads] n=1 bytes=4096 lba=5633..5633 gap=4 ov=144
[rx] {"t":"event","op":"msc.reads","ms":22531,"gap":4,"lba0":5641,"lba1":5641,"bytes":4096,"n":1,"kind":2,"ov":144}
[msc.reads] n=1 bytes=4096 lba=5641..5641 gap=4 ov=144
[rx] {"t":"event","op":"diag","code":"play.reject","detail":"not_from_head uid=1977938832270506073 from=2689 +1527808B age=21736ms prefetch"}
[msc] play.reject not_from_head uid=1977938832270506073 from=2689 +1527808B age=21736ms prefetch
[rx] {"t":"event","op":"msc.reads","ms":22534,"gap":3,"lba0":5649,"lba1":5665,"bytes":12288,"n":3,"kind":2,"ov":144}
[msc.reads] n=3 bytes=12288 lba=5649..5665 gap=3 ov=144
[rx] {"t":"event","op":"msc.reads","ms":22564,"gap":22,"lba0":5673,"lba1":5713,"bytes":24576,"n":6,"kind":2,"ov":144}
[msc.reads] n=6 bytes=24576 lba=5673..5713 gap=22 ov=144
[rx] {"t":"event","op":"msc.reads","ms":22587,"gap":4,"lba0":5721,"lba1":5721,"bytes":4096,"n":1,"kind":2,"ov":144}
[msc.reads] n=1 bytes=4096 lba=5721..5721 gap=4 ov=144
[rx] {"t":"event","op":"msc.reads","ms":22591,"gap":4,"lba0":5729,"lba1":5729,"bytes":4096,"n":1,"kind":2,"ov":144}
[msc.reads] n=1 bytes=4096 lba=5729..5729 gap=4 ov=144
[rx] {"t":"event","op":"msc.reads","ms":22595,"gap":4,"lba0":5737,"lba1":5737,"bytes":4096,"n":1,"kind":2,"ov":144}
[msc.reads] n=1 bytes=4096 lba=5737..5737 gap=4 ov=144
[rx] {"t":"event","op":"msc.reads","ms":22598,"gap":3,"lba0":5745,"lba1":5777,"bytes":20480,"n":5,"kind":2,"ov":144}
[msc.reads] n=5 bytes=20480 lba=5745..5777 gap=3 ov=144
[rx] {"t":"event","op":"msc.reads","ms":22617,"gap":4,"lba0":5785,"lba1":5881,"bytes":53248,"n":13,"kind":2,"ov":144}
[msc.reads] n=13 bytes=53248 lba=5785..5881 gap=4 ov=144
[rx] {"t":"event","op":"msc.reads","ms":22665,"gap":4,"lba0":5889,"lba1":5889,"bytes":4096,"n":1,"kind":2,"ov":144}
[msc.reads] n=1 bytes=4096 lba=5889..5889 gap=4 ov=144
[rx] {"t":"event","op":"msc.reads","ms":22669,"gap":4,"lba0":5897,"lba1":5897,"bytes":4096,"n":1,"kind":2,"ov":144}
[msc.reads] n=1 bytes=4096 lba=5897..5897 gap=4 ov=144
[rx] {"t":"event","op":"msc.reads","ms":22673,"gap":4,"lba0":5905,"lba1":5905,"bytes":4096,"n":1,"kind":2,"ov":144}
[msc.reads] n=1 bytes=4096 lba=5905..5905 gap=4 ov=144
[rx] {"t":"event","op":"msc.reads","ms":22677,"gap":4,"lba0":5913,"lba1":5921,"bytes":8192,"n":2,"kind":2,"ov":144}
[msc.reads] n=2 bytes=8192 lba=5913..5921 gap=4 ov=144
[rx] {"t":"event","op":"msc.reads","ms":22685,"gap":4,"lba0":5929,"lba1":5929,"bytes":4096,"n":1,"kind":2,"ov":144}
[msc.reads] n=1 bytes=4096 lba=5929..5929 gap=4 ov=144
[rx] {"t":"event","op":"msc.reads","ms":22689,"gap":4,"lba0":5937,"lba1":5937,"bytes":4096,"n":1,"kind":2,"ov":144}
[msc.reads] n=1 bytes=4096 lba=5937..5937 gap=4 ov=144
[rx] {"t":"event","op":"msc.reads","ms":22693,"gap":4,"lba0":5945,"lba1":5945,"bytes":4096,"n":1,"kind":2,"ov":144}
[msc.reads] n=1 bytes=4096 lba=5945..5945 gap=4 ov=144
[rx] {"t":"event","op":"msc.reads","ms":22696,"gap":3,"lba0":5953,"lba1":6001,"bytes":28672,"n":7,"kind":2,"ov":144}
[msc.reads] n=7 bytes=28672 lba=5953..6001 gap=3 ov=144
[rx] {"t":"event","op":"msc.reads","ms":22722,"gap":4,"lba0":6009,"lba1":6009,"bytes":4096,"n":1,"kind":2,"ov":144}
[msc.reads] n=1 bytes=4096 lba=6009..6009 gap=4 ov=144
[rx] {"t":"event","op":"msc.reads","ms":22726,"gap":4,"lba0":6017,"lba1":6041,"bytes":16384,"n":4,"kind":2,"ov":144}
[msc.reads] n=4 bytes=16384 lba=6017..6041 gap=4 ov=144
[rx] {"t":"event","op":"msc.reads","ms":22741,"gap":4,"lba0":6049,"lba1":6057,"bytes":8192,"n":2,"kind":2,"ov":144}
[msc.reads] n=2 bytes=8192 lba=6049..6057 gap=4 ov=144
[rx] {"t":"event","op":"msc.reads","ms":22749,"gap":5,"lba0":6065,"lba1":6065,"bytes":4096,"n":1,"kind":2,"ov":144}
[msc.reads] n=1 bytes=4096 lba=6065..6065 gap=5 ov=144
[rx] {"t":"event","op":"msc.reads","ms":22753,"gap":4,"lba0":6073,"lba1":6081,"bytes":8192,"n":2,"kind":2,"ov":144}
[msc.reads] n=2 bytes=8192 lba=6073..6081 gap=4 ov=144
[rx] {"t":"event","op":"msc.reads","ms":22760,"gap":3,"lba0":6089,"lba1":6089,"bytes":4096,"n":1,"kind":2,"ov":144}
[msc.reads] n=1 bytes=4096 lba=6089..6089 gap=3 ov=144
[rx] {"t":"event","op":"msc.reads","ms":22764,"gap":4,"lba0":6097,"lba1":6097,"bytes":4096,"n":1,"kind":2,"ov":144}
[msc.reads] n=1 bytes=4096 lba=6097..6097 gap=4 ov=144
[rx] {"t":"event","op":"msc.reads","ms":22768,"gap":4,"lba0":6105,"lba1":6105,"bytes":4096,"n":1,"kind":2,"ov":144}
[msc.reads] n=1 bytes=4096 lba=6105..6105 gap=4 ov=144
[rx] {"t":"event","op":"msc.reads","ms":22772,"gap":4,"lba0":6113,"lba1":6113,"bytes":4096,"n":1,"kind":2,"ov":144}
[msc.reads] n=1 bytes=4096 lba=6113..6113 gap=4 ov=144
[rx] {"t":"event","op":"msc.reads","ms":22776,"gap":4,"lba0":6121,"lba1":6121,"bytes":4096,"n":1,"kind":2,"ov":144}
[msc.reads] n=1 bytes=4096 lba=6121..6121 gap=4 ov=144
[rx] {"t":"event","op":"msc.reads","ms":22780,"gap":4,"lba0":6129,"lba1":6137,"bytes":8192,"n":2,"kind":2,"ov":144}
[msc.reads] n=2 bytes=8192 lba=6129..6137 gap=4 ov=144
[rx] {"t":"event","op":"msc.reads","ms":22788,"gap":4,"lba0":6145,"lba1":6145,"bytes":4096,"n":1,"kind":2,"ov":144}
[msc.reads] n=1 bytes=4096 lba=6145..6145 gap=4 ov=144
[rx] {"t":"event","op":"msc.reads","ms":22792,"gap":4,"lba0":6153,"lba1":6153,"bytes":4096,"n":1,"kind":2,"ov":144}
[msc.reads] n=1 bytes=4096 lba=6153..6153 gap=4 ov=144
[rx] {"t":"event","op":"msc.reads","ms":22795,"gap":3,"lba0":6161,"lba1":6161,"bytes":4096,"n":1,"kind":2,"ov":144}
[msc.reads] n=1 bytes=4096 lba=6161..6161 gap=3 ov=144
[rx] {"t":"event","op":"msc.reads","ms":22799,"gap":4,"lba0":6169,"lba1":6169,"bytes":4096,"n":1,"kind":2,"ov":144}
[msc.reads] n=1 bytes=4096 lba=6169..6169 gap=4 ov=144
[rx] {"t":"event","op":"msc.reads","ms":22803,"gap":4,"lba0":6177,"lba1":6177,"bytes":4096,"n":1,"kind":2,"ov":144}
[msc.reads] n=1 bytes=4096 lba=6177..6177 gap=4 ov=144
[rx] {"t":"event","op":"msc.reads","ms":22807,"gap":4,"lba0":6185,"lba1":6185,"bytes":4096,"n":1,"kind":2,"ov":144}
[msc.reads] n=1 bytes=4096 lba=6185..6185 gap=4 ov=144
[rx] {"t":"event","op":"msc.reads","ms":22811,"gap":4,"lba0":6193,"lba1":6193,"bytes":4096,"n":1,"kind":2,"ov":144}
[msc.reads] n=1 bytes=4096 lba=6193..6193 gap=4 ov=144
[rx] {"t":"event","op":"msc.reads","ms":22815,"gap":4,"lba0":6201,"lba1":6201,"bytes":4096,"n":1,"kind":2,"ov":144}
[msc.reads] n=1 bytes=4096 lba=6201..6201 gap=4 ov=144
[rx] {"t":"event","op":"msc.reads","ms":22818,"gap":3,"lba0":6209,"lba1":6217,"bytes":8192,"n":2,"kind":2,"ov":144}
[msc.reads] n=2 bytes=8192 lba=6209..6217 gap=3 ov=144
[rx] {"t":"event","op":"msc.reads","ms":22826,"gap":4,"lba0":6225,"lba1":6225,"bytes":4096,"n":1,"kind":2,"ov":144}
[msc.reads] n=1 bytes=4096 lba=6225..6225 gap=4 ov=144
[rx] {"t":"event","op":"msc.reads","ms":22830,"gap":4,"lba0":6233,"lba1":6233,"bytes":4096,"n":1,"kind":2,"ov":144}
[msc.reads] n=1 bytes=4096 lba=6233..6233 gap=4 ov=144
[rx] {"t":"event","op":"msc.reads","ms":22834,"gap":4,"lba0":6241,"lba1":6241,"bytes":4096,"n":1,"kind":2,"ov":144}
[msc.reads] n=1 bytes=4096 lba=6241..6241 gap=4 ov=144
[rx] {"t":"event","op":"msc.reads","ms":22838,"gap":4,"lba0":6249,"lba1":6249,"bytes":4096,"n":1,"kind":2,"ov":144}
[msc.reads] n=1 bytes=4096 lba=6249..6249 gap=4 ov=144
[rx] {"t":"event","op":"msc.reads","ms":22841,"gap":3,"lba0":6257,"lba1":6257,"bytes":4096,"n":1,"kind":2,"ov":144}
[msc.reads] n=1 bytes=4096 lba=6257..6257 gap=3 ov=144
[rx] {"t":"event","op":"msc.reads","ms":22845,"gap":4,"lba0":6265,"lba1":6265,"bytes":4096,"n":1,"kind":2,"ov":144}
[msc.reads] n=1 bytes=4096 lba=6265..6265 gap=4 ov=144
[rx] {"t":"event","op":"msc.reads","ms":22849,"gap":4,"lba0":6273,"lba1":6281,"bytes":8192,"n":2,"kind":2,"ov":144}
[msc.reads] n=2 bytes=8192 lba=6273..6281 gap=4 ov=144
[rx] {"t":"event","op":"msc.reads","ms":22857,"gap":4,"lba0":6289,"lba1":6289,"bytes":4096,"n":1,"kind":2,"ov":144}
[msc.reads] n=1 bytes=4096 lba=6289..6289 gap=4 ov=144
[rx] {"t":"event","op":"msc.reads","ms":22861,"gap":4,"lba0":6297,"lba1":6297,"bytes":4096,"n":1,"kind":2,"ov":144}
[msc.reads] n=1 bytes=4096 lba=6297..6297 gap=4 ov=144
[rx] {"t":"event","op":"msc.reads","ms":22865,"gap":4,"lba0":6305,"lba1":6305,"bytes":4096,"n":1,"kind":2,"ov":144}
[msc.reads] n=1 bytes=4096 lba=6305..6305 gap=4 ov=144
[rx] {"t":"event","op":"msc.reads","ms":22869,"gap":4,"lba0":6313,"lba1":6313,"bytes":4096,"n":1,"kind":2,"ov":144}
[msc.reads] n=1 bytes=4096 lba=6313..6313 gap=4 ov=144
[rx] {"t":"event","op":"msc.reads","ms":22872,"gap":3,"lba0":6321,"lba1":6321,"bytes":4096,"n":1,"kind":2,"ov":144}
[msc.reads] n=1 bytes=4096 lba=6321..6321 gap=3 ov=144
[rx] {"t":"event","op":"msc.reads","ms":22876,"gap":4,"lba0":6329,"lba1":6329,"bytes":4096,"n":1,"kind":2,"ov":144}
[msc.reads] n=1 bytes=4096 lba=6329..6329 gap=4 ov=144
[rx] {"t":"event","op":"msc.reads","ms":22880,"gap":4,"lba0":6337,"lba1":6337,"bytes":4096,"n":1,"kind":2,"ov":144}
[msc.reads] n=1 bytes=4096 lba=6337..6337 gap=4 ov=144
[rx] {"t":"event","op":"msc.reads","ms":22884,"gap":4,"lba0":6345,"lba1":6345,"bytes":4096,"n":1,"kind":2,"ov":144}
[msc.reads] n=1 bytes=4096 lba=6345..6345 gap=4 ov=144
[rx] {"t":"event","op":"msc.reads","ms":22888,"gap":4,"lba0":6353,"lba1":6361,"bytes":8192,"n":2,"kind":2,"ov":144}
[msc.reads] n=2 bytes=8192 lba=6353..6361 gap=4 ov=144
[rx] {"t":"event","op":"msc.reads","ms":22896,"gap":4,"lba0":6369,"lba1":6369,"bytes":4096,"n":1,"kind":2,"ov":144}
[msc.reads] n=1 bytes=4096 lba=6369..6369 gap=4 ov=144
[rx] {"t":"event","op":"msc.reads","ms":22899,"gap":3,"lba0":6377,"lba1":6377,"bytes":4096,"n":1,"kind":2,"ov":144}
[msc.reads] n=1 bytes=4096 lba=6377..6377 gap=3 ov=144
[rx] {"t":"event","op":"msc.reads","ms":22903,"gap":4,"lba0":6385,"lba1":6385,"bytes":4096,"n":1,"kind":2,"ov":144}
[msc.reads] n=1 bytes=4096 lba=6385..6385 gap=4 ov=144
[rx] {"t":"event","op":"msc.reads","ms":22907,"gap":4,"lba0":6393,"lba1":6393,"bytes":4096,"n":1,"kind":2,"ov":144}
[msc.reads] n=1 bytes=4096 lba=6393..6393 gap=4 ov=144
[rx] {"t":"event","op":"msc.reads","ms":22911,"gap":4,"lba0":6401,"lba1":6401,"bytes":4096,"n":1,"kind":2,"ov":144}
[msc.reads] n=1 bytes=4096 lba=6401..6401 gap=4 ov=144
[rx] {"t":"event","op":"msc.reads","ms":22915,"gap":4,"lba0":6409,"lba1":6409,"bytes":4096,"n":1,"kind":2,"ov":144}
[msc.reads] n=1 bytes=4096 lba=6409..6409 gap=4 ov=144
[rx] {"t":"event","op":"msc.reads","ms":22919,"gap":4,"lba0":6417,"lba1":6417,"bytes":4096,"n":1,"kind":2,"ov":144}
[msc.reads] n=1 bytes=4096 lba=6417..6417 gap=4 ov=144
[rx] {"t":"event","op":"msc.reads","ms":22923,"gap":4,"lba0":6425,"lba1":6433,"bytes":8192,"n":2,"kind":2,"ov":144}
[msc.reads] n=2 bytes=8192 lba=6425..6433 gap=4 ov=144
[rx] {"t":"event","op":"msc.reads","ms":22931,"gap":4,"lba0":6441,"lba1":6441,"bytes":4096,"n":1,"kind":2,"ov":144}
[msc.reads] n=1 bytes=4096 lba=6441..6441 gap=4 ov=144
[rx] {"t":"event","op":"msc.reads","ms":22935,"gap":4,"lba0":6449,"lba1":6449,"bytes":4096,"n":1,"kind":2,"ov":144}
[msc.reads] n=1 bytes=4096 lba=6449..6449 gap=4 ov=144
[rx] {"t":"event","op":"msc.reads","ms":22938,"gap":3,"lba0":6457,"lba1":6457,"bytes":4096,"n":1,"kind":2,"ov":144}
[msc.reads] n=1 bytes=4096 lba=6457..6457 gap=3 ov=144
[rx] {"t":"event","op":"msc.reads","ms":22942,"gap":4,"lba0":6465,"lba1":6465,"bytes":4096,"n":1,"kind":2,"ov":144}
[msc.reads] n=1 bytes=4096 lba=6465..6465 gap=4 ov=144
[rx] {"t":"event","op":"msc.reads","ms":22946,"gap":4,"lba0":6473,"lba1":6473,"bytes":4096,"n":1,"kind":2,"ov":144}
[msc.reads] n=1 bytes=4096 lba=6473..6473 gap=4 ov=144
[rx] {"t":"event","op":"msc.reads","ms":22950,"gap":4,"lba0":6481,"lba1":6481,"bytes":4096,"n":1,"kind":2,"ov":144}
[msc.reads] n=1 bytes=4096 lba=6481..6481 gap=4 ov=144
[rx] {"t":"event","op":"msc.reads","ms":22954,"gap":4,"lba0":6489,"lba1":6489,"bytes":4096,"n":1,"kind":2,"ov":144}
[msc.reads] n=1 bytes=4096 lba=6489..6489 gap=4 ov=144
[rx] {"t":"event","op":"msc.reads","ms":22958,"gap":4,"lba0":6497,"lba1":6497,"bytes":4096,"n":1,"kind":2,"ov":144}
[msc.reads] n=1 bytes=4096 lba=6497..6497 gap=4 ov=144
[rx] {"t":"event","op":"msc.reads","ms":22962,"gap":4,"lba0":6505,"lba1":6505,"bytes":4096,"n":1,"kind":2,"ov":144}
[msc.reads] n=1 bytes=4096 lba=6505..6505 gap=4 ov=144
[rx] {"t":"event","op":"msc.reads","ms":22965,"gap":3,"lba0":6513,"lba1":6521,"bytes":8192,"n":2,"kind":2,"ov":144}
[msc.reads] n=2 bytes=8192 lba=6513..6521 gap=3 ov=144
[rx] {"t":"event","op":"msc.reads","ms":22973,"gap":4,"lba0":6529,"lba1":6529,"bytes":4096,"n":1,"kind":2,"ov":144}
[msc.reads] n=1 bytes=4096 lba=6529..6529 gap=4 ov=144
[rx] {"t":"event","op":"msc.reads","ms":22977,"gap":4,"lba0":6537,"lba1":6537,"bytes":4096,"n":1,"kind":2,"ov":144}
[msc.reads] n=1 bytes=4096 lba=6537..6537 gap=4 ov=144
[rx] {"t":"event","op":"msc.reads","ms":22981,"gap":4,"lba0":6545,"lba1":6545,"bytes":4096,"n":1,"kind":2,"ov":144}
[msc.reads] n=1 bytes=4096 lba=6545..6545 gap=4 ov=144
[rx] {"t":"event","op":"msc.reads","ms":22985,"gap":4,"lba0":6553,"lba1":6561,"bytes":8192,"n":2,"kind":2,"ov":144}
[msc.reads] n=2 bytes=8192 lba=6553..6561 gap=4 ov=144
[rx] {"t":"event","op":"msc.reads","ms":22993,"gap":4,"lba0":6569,"lba1":6569,"bytes":4096,"n":1,"kind":2,"ov":144}
[msc.reads] n=1 bytes=4096 lba=6569..6569 gap=4 ov=144
[rx] {"t":"event","op":"msc.reads","ms":22997,"gap":4,"lba0":6577,"lba1":6577,"bytes":4096,"n":1,"kind":2,"ov":144}
[msc.reads] n=1 bytes=4096 lba=6577..6577 gap=4 ov=144
[rx] {"t":"event","op":"msc.reads","ms":23001,"gap":4,"lba0":6585,"lba1":6585,"bytes":4096,"n":1,"kind":2,"ov":144}
[msc.reads] n=1 bytes=4096 lba=6585..6585 gap=4 ov=144
[rx] {"t":"event","op":"msc.reads","ms":23005,"gap":4,"lba0":6593,"lba1":6593,"bytes":4096,"n":1,"kind":2,"ov":144}
[msc.reads] n=1 bytes=4096 lba=6593..6593 gap=4 ov=144
[rx] {"t":"event","op":"msc.reads","ms":23008,"gap":3,"lba0":6601,"lba1":6601,"bytes":4096,"n":1,"kind":2,"ov":144}
[msc.reads] n=1 bytes=4096 lba=6601..6601 gap=3 ov=144
[rx] {"t":"event","op":"msc.reads","ms":23012,"gap":4,"lba0":6609,"lba1":6665,"bytes":32768,"n":8,"kind":2,"ov":144}
[msc.reads] n=8 bytes=32768 lba=6609..6665 gap=4 ov=144
[rx] {"t":"event","op":"msc.reads","ms":23041,"gap":3,"lba0":6673,"lba1":6689,"bytes":12288,"n":3,"kind":2,"ov":144}
[msc.reads] n=3 bytes=12288 lba=6673..6689 gap=3 ov=144
[tx] {"t":"ping"}
[rx] {"t":"event","op":"msc.reads","ms":23053,"gap":4,"lba0":6697,"lba1":6697,"bytes":4096,"n":1,"kind":2,"ov":144}
[msc.reads] n=1 bytes=4096 lba=6697..6697 gap=4 ov=144
[rx] {"t":"event","op":"msc.reads","ms":23056,"gap":3,"lba0":6705,"lba1":6713,"bytes":8192,"n":2,"kind":2,"ov":144}
[msc.reads] n=2 bytes=8192 lba=6705..6713 gap=3 ov=144
[rx] {"t":"event","op":"msc.reads","ms":23064,"gap":4,"lba0":6721,"lba1":6721,"bytes":4096,"n":1,"kind":2,"ov":144}
[msc.reads] n=1 bytes=4096 lba=6721..6721 gap=4 ov=144
[rx] {"t":"event","op":"msc.reads","ms":23068,"gap":4,"lba0":6729,"lba1":6753,"bytes":16384,"n":4,"kind":2,"ov":144}
[msc.reads] n=4 bytes=16384 lba=6729..6753 gap=4 ov=144
[rx] {"t":"pong"}
[rx] {"t":"event","op":"msc.reads","ms":23083,"gap":4,"lba0":6761,"lba1":6873,"bytes":61440,"n":15,"kind":2,"ov":144}
[msc.reads] n=15 bytes=61440 lba=6761..6873 gap=4 ov=144
[rx] {"t":"event","op":"msc.reads","ms":23138,"gap":4,"lba0":6881,"lba1":6881,"bytes":4096,"n":1,"kind":2,"ov":144}
[msc.reads] n=1 bytes=4096 lba=6881..6881 gap=4 ov=144
[rx] {"t":"event","op":"msc.reads","ms":23141,"gap":3,"lba0":6889,"lba1":6897,"bytes":8192,"n":2,"kind":2,"ov":144}
[msc.reads] n=2 bytes=8192 lba=6889..6897 gap=3 ov=144
[rx] {"t":"event","op":"msc.reads","ms":23149,"gap":4,"lba0":6905,"lba1":6905,"bytes":4096,"n":1,"kind":2,"ov":144}
[msc.reads] n=1 bytes=4096 lba=6905..6905 gap=4 ov=144
[rx] {"t":"event","op":"msc.reads","ms":23153,"gap":4,"lba0":6913,"lba1":6913,"bytes":4096,"n":1,"kind":2,"ov":144}
[msc.reads] n=1 bytes=4096 lba=6913..6913 gap=4 ov=144
[rx] {"t":"event","op":"msc.reads","ms":23157,"gap":4,"lba0":6921,"lba1":6921,"bytes":4096,"n":1,"kind":2,"ov":144}
[msc.reads] n=1 bytes=4096 lba=6921..6921 gap=4 ov=144
[rx] {"t":"event","op":"msc.reads","ms":23161,"gap":4,"lba0":6929,"lba1":6929,"bytes":4096,"n":1,"kind":2,"ov":144}
[msc.reads] n=1 bytes=4096 lba=6929..6929 gap=4 ov=144
[rx] {"t":"event","op":"msc.reads","ms":23165,"gap":4,"lba0":6937,"lba1":6937,"bytes":4096,"n":1,"kind":2,"ov":144}
[msc.reads] n=1 bytes=4096 lba=6937..6937 gap=4 ov=144
[rx] {"t":"event","op":"msc.reads","ms":23169,"gap":4,"lba0":6945,"lba1":7009,"bytes":36864,"n":9,"kind":2,"ov":144}
[msc.reads] n=9 bytes=36864 lba=6945..7009 gap=4 ov=144
[rx] {"t":"event","op":"msc.reads","ms":23203,"gap":4,"lba0":7017,"lba1":7017,"bytes":4096,"n":1,"kind":2,"ov":144}
[msc.reads] n=1 bytes=4096 lba=7017..7017 gap=4 ov=144
[rx] {"t":"event","op":"msc.reads","ms":23207,"gap":4,"lba0":7025,"lba1":7025,"bytes":4096,"n":1,"kind":2,"ov":144}
[msc.reads] n=1 bytes=4096 lba=7025..7025 gap=4 ov=144
[rx] {"t":"event","op":"msc.reads","ms":23211,"gap":4,"lba0":7033,"lba1":7033,"bytes":4096,"n":1,"kind":2,"ov":144}
[msc.reads] n=1 bytes=4096 lba=7033..7033 gap=4 ov=144
[rx] {"t":"event","op":"msc.reads","ms":23215,"gap":4,"lba0":7041,"lba1":7041,"bytes":4096,"n":1,"kind":2,"ov":144}
[msc.reads] n=1 bytes=4096 lba=7041..7041 gap=4 ov=144
[rx] {"t":"event","op":"msc.reads","ms":23218,"gap":3,"lba0":7049,"lba1":7121,"bytes":40960,"n":10,"kind":2,"ov":144}
[msc.reads] n=10 bytes=40960 lba=7049..7121 gap=3 ov=144
[rx] {"t":"event","op":"msc.reads","ms":23255,"gap":4,"lba0":7129,"lba1":7129,"bytes":4096,"n":1,"kind":2,"ov":144}
[msc.reads] n=1 bytes=4096 lba=7129..7129 gap=4 ov=144
[rx] {"t":"event","op":"msc.reads","ms":23259,"gap":4,"lba0":7137,"lba1":7137,"bytes":4096,"n":1,"kind":2,"ov":144}
[msc.reads] n=1 bytes=4096 lba=7137..7137 gap=4 ov=144
[rx] {"t":"event","op":"msc.reads","ms":23262,"gap":3,"lba0":7145,"lba1":7153,"bytes":8192,"n":2,"kind":2,"ov":144}
[msc.reads] n=2 bytes=8192 lba=7145..7153 gap=3 ov=144
[rx] {"t":"event","op":"msc.reads","ms":23270,"gap":4,"lba0":7161,"lba1":7161,"bytes":4096,"n":1,"kind":2,"ov":144}
[msc.reads] n=1 bytes=4096 lba=7161..7161 gap=4 ov=144
[rx] {"t":"event","op":"msc.reads","ms":23274,"gap":4,"lba0":7169,"lba1":7169,"bytes":4096,"n":1,"kind":2,"ov":144}
[msc.reads] n=1 bytes=4096 lba=7169..7169 gap=4 ov=144
[rx] {"t":"event","op":"msc.reads","ms":23278,"gap":4,"lba0":7177,"lba1":7177,"bytes":4096,"n":1,"kind":2,"ov":144}
[msc.reads] n=1 bytes=4096 lba=7177..7177 gap=4 ov=144
[rx] {"t":"event","op":"msc.reads","ms":23282,"gap":4,"lba0":7185,"lba1":7185,"bytes":4096,"n":1,"kind":2,"ov":144}
[msc.reads] n=1 bytes=4096 lba=7185..7185 gap=4 ov=144
[rx] {"t":"event","op":"msc.reads","ms":23286,"gap":4,"lba0":7193,"lba1":7193,"bytes":4096,"n":1,"kind":2,"ov":144}
[msc.reads] n=1 bytes=4096 lba=7193..7193 gap=4 ov=144
[rx] {"t":"event","op":"msc.reads","ms":23290,"gap":4,"lba0":7201,"lba1":7201,"bytes":4096,"n":1,"kind":2,"ov":144}
[msc.reads] n=1 bytes=4096 lba=7201..7201 gap=4 ov=144
[rx] {"t":"event","op":"msc.reads","ms":23294,"gap":4,"lba0":7209,"lba1":7209,"bytes":4096,"n":1,"kind":2,"ov":144}
[msc.reads] n=1 bytes=4096 lba=7209..7209 gap=4 ov=144
[rx] {"t":"event","op":"msc.reads","ms":23298,"gap":4,"lba0":7217,"lba1":7217,"bytes":4096,"n":1,"kind":2,"ov":144}
[msc.reads] n=1 bytes=4096 lba=7217..7217 gap=4 ov=144
[rx] {"t":"event","op":"msc.reads","ms":23301,"gap":3,"lba0":7225,"lba1":7233,"bytes":8192,"n":2,"kind":2,"ov":144}
[msc.reads] n=2 bytes=8192 lba=7225..7233 gap=3 ov=144
[rx] {"t":"event","op":"msc.reads","ms":23309,"gap":4,"lba0":7241,"lba1":7241,"bytes":4096,"n":1,"kind":2,"ov":144}
[msc.reads] n=1 bytes=4096 lba=7241..7241 gap=4 ov=144
[rx] {"t":"event","op":"msc.reads","ms":23313,"gap":4,"lba0":7249,"lba1":7249,"bytes":4096,"n":1,"kind":2,"ov":144}
[msc.reads] n=1 bytes=4096 lba=7249..7249 gap=4 ov=144
[rx] {"t":"event","op":"msc.reads","ms":23317,"gap":4,"lba0":7257,"lba1":7257,"bytes":4096,"n":1,"kind":2,"ov":144}
[msc.reads] n=1 bytes=4096 lba=7257..7257 gap=4 ov=144
[rx] {"t":"event","op":"msc.reads","ms":23322,"gap":5,"lba0":7265,"lba1":7313,"bytes":28672,"n":7,"kind":2,"ov":144}
[msc.reads] n=7 bytes=28672 lba=7265..7313 gap=5 ov=144
[rx] {"t":"event","op":"diag","code":"play.reject","detail":"not_from_head uid=1977938832270506073 from=2689 +2371584B age=22539ms prefetch"}
[msc] play.reject not_from_head uid=1977938832270506073 from=2689 +2371584B age=22539ms prefetch
[rx] {"t":"event","op":"msc.reads","ms":23369,"gap":24,"lba0":7321,"lba1":7321,"bytes":4096,"n":1,"kind":2,"ov":144}
[msc.reads] n=1 bytes=4096 lba=7321..7321 gap=24 ov=144
[rx] {"t":"event","op":"msc.reads","ms":23373,"gap":4,"lba0":7329,"lba1":7329,"bytes":4096,"n":1,"kind":2,"ov":144}
[msc.reads] n=1 bytes=4096 lba=7329..7329 gap=4 ov=144
[rx] {"t":"event","op":"msc.reads","ms":23376,"gap":3,"lba0":7337,"lba1":7337,"bytes":4096,"n":1,"kind":2,"ov":144}
[msc.reads] n=1 bytes=4096 lba=7337..7337 gap=3 ov=144
[rx] {"t":"event","op":"msc.reads","ms":23380,"gap":4,"lba0":7345,"lba1":7473,"bytes":69632,"n":17,"kind":2,"ov":144}
[msc.reads] n=17 bytes=69632 lba=7345..7473 gap=4 ov=144
[rx] {"t":"event","op":"msc.reads","ms":23443,"gap":4,"lba0":7481,"lba1":7481,"bytes":4096,"n":1,"kind":2,"ov":144}
[msc.reads] n=1 bytes=4096 lba=7481..7481 gap=4 ov=144
[rx] {"t":"event","op":"msc.reads","ms":23447,"gap":4,"lba0":7489,"lba1":7489,"bytes":4096,"n":1,"kind":2,"ov":144}
[msc.reads] n=1 bytes=4096 lba=7489..7489 gap=4 ov=144
[rx] {"t":"event","op":"msc.reads","ms":23451,"gap":4,"lba0":7497,"lba1":7497,"bytes":4096,"n":1,"kind":2,"ov":144}
[msc.reads] n=1 bytes=4096 lba=7497..7497 gap=4 ov=144
[rx] {"t":"event","op":"msc.reads","ms":23456,"gap":5,"lba0":7505,"lba1":7513,"bytes":8192,"n":2,"kind":2,"ov":144}
[msc.reads] n=2 bytes=8192 lba=7505..7513 gap=5 ov=144
[rx] {"t":"event","op":"msc.reads","ms":23464,"gap":4,"lba0":7521,"lba1":7521,"bytes":4096,"n":1,"kind":2,"ov":144}
[msc.reads] n=1 bytes=4096 lba=7521..7521 gap=4 ov=144
[rx] {"t":"event","op":"msc.reads","ms":23468,"gap":4,"lba0":7529,"lba1":7529,"bytes":4096,"n":1,"kind":2,"ov":144}
[msc.reads] n=1 bytes=4096 lba=7529..7529 gap=4 ov=144
[rx] {"t":"event","op":"msc.reads","ms":23471,"gap":3,"lba0":7537,"lba1":7577,"bytes":24576,"n":6,"kind":2,"ov":144}
[msc.reads] n=6 bytes=24576 lba=7537..7577 gap=3 ov=144
[rx] {"t":"event","op":"msc.reads","ms":23494,"gap":4,"lba0":7585,"lba1":7585,"bytes":4096,"n":1,"kind":2,"ov":144}
[msc.reads] n=1 bytes=4096 lba=7585..7585 gap=4 ov=144
[rx] {"t":"event","op":"msc.reads","ms":23497,"gap":3,"lba0":7593,"lba1":7609,"bytes":12288,"n":3,"kind":2,"ov":144}
[msc.reads] n=3 bytes=12288 lba=7593..7609 gap=3 ov=144
[rx] {"t":"event","op":"msc.reads","ms":23508,"gap":3,"lba0":7617,"lba1":7625,"bytes":8192,"n":2,"kind":2,"ov":144}
[msc.reads] n=2 bytes=8192 lba=7617..7625 gap=3 ov=144
[rx] {"t":"event","op":"msc.reads","ms":23516,"gap":4,"lba0":7633,"lba1":7633,"bytes":4096,"n":1,"kind":2,"ov":144}
[msc.reads] n=1 bytes=4096 lba=7633..7633 gap=4 ov=144
[rx] {"t":"event","op":"msc.reads","ms":23520,"gap":4,"lba0":7641,"lba1":7641,"bytes":4096,"n":1,"kind":2,"ov":144}
[msc.reads] n=1 bytes=4096 lba=7641..7641 gap=4 ov=144
[rx] {"t":"event","op":"msc.reads","ms":23524,"gap":4,"lba0":7649,"lba1":7681,"bytes":20480,"n":5,"kind":2,"ov":144}
[msc.reads] n=5 bytes=20480 lba=7649..7681 gap=4 ov=144
[rx] {"t":"event","op":"msc.reads","ms":23542,"gap":4,"lba0":7689,"lba1":7721,"bytes":20480,"n":5,"kind":2,"ov":144}
[msc.reads] n=5 bytes=20480 lba=7689..7721 gap=4 ov=144
[rx] {"t":"event","op":"msc.reads","ms":23561,"gap":4,"lba0":7729,"lba1":7729,"bytes":4096,"n":1,"kind":2,"ov":144}
[msc.reads] n=1 bytes=4096 lba=7729..7729 gap=4 ov=144
[rx] {"t":"event","op":"msc.reads","ms":23564,"gap":3,"lba0":7737,"lba1":7737,"bytes":4096,"n":1,"kind":2,"ov":144}
[msc.reads] n=1 bytes=4096 lba=7737..7737 gap=3 ov=144
[rx] {"t":"event","op":"msc.reads","ms":23569,"gap":5,"lba0":7745,"lba1":7745,"bytes":4096,"n":1,"kind":2,"ov":144}
[msc.reads] n=1 bytes=4096 lba=7745..7745 gap=5 ov=144
[rx] {"t":"event","op":"msc.reads","ms":23572,"gap":3,"lba0":7753,"lba1":7833,"bytes":45056,"n":11,"kind":2,"ov":144}
[msc.reads] n=11 bytes=45056 lba=7753..7833 gap=3 ov=144
[rx] {"t":"event","op":"msc.reads","ms":23613,"gap":4,"lba0":7841,"lba1":7841,"bytes":4096,"n":1,"kind":2,"ov":144}
[msc.reads] n=1 bytes=4096 lba=7841..7841 gap=4 ov=144
[rx] {"t":"event","op":"msc.reads","ms":23617,"gap":4,"lba0":7849,"lba1":7849,"bytes":4096,"n":1,"kind":2,"ov":144}
[msc.reads] n=1 bytes=4096 lba=7849..7849 gap=4 ov=144
[rx] {"t":"event","op":"msc.reads","ms":23620,"gap":3,"lba0":7857,"lba1":7865,"bytes":8192,"n":2,"kind":2,"ov":144}
[msc.reads] n=2 bytes=8192 lba=7857..7865 gap=3 ov=144
[rx] {"t":"event","op":"msc.reads","ms":23628,"gap":4,"lba0":7873,"lba1":7921,"bytes":28672,"n":7,"kind":2,"ov":144}
[msc.reads] n=7 bytes=28672 lba=7873..7921 gap=4 ov=144
[rx] {"t":"event","op":"msc.reads","ms":23654,"gap":4,"lba0":7929,"lba1":7945,"bytes":12288,"n":3,"kind":2,"ov":144}
[msc.reads] n=3 bytes=12288 lba=7929..7945 gap=4 ov=144
[rx] {"t":"event","op":"msc.reads","ms":23665,"gap":4,"lba0":7953,"lba1":7953,"bytes":4096,"n":1,"kind":2,"ov":144}
[msc.reads] n=1 bytes=4096 lba=7953..7953 gap=4 ov=144
[rx] {"t":"event","op":"msc.reads","ms":23669,"gap":4,"lba0":7961,"lba1":7961,"bytes":4096,"n":1,"kind":2,"ov":144}
[msc.reads] n=1 bytes=4096 lba=7961..7961 gap=4 ov=144
[rx] {"t":"event","op":"msc.reads","ms":23673,"gap":4,"lba0":7969,"lba1":7969,"bytes":4096,"n":1,"kind":2,"ov":144}
[msc.reads] n=1 bytes=4096 lba=7969..7969 gap=4 ov=144
[rx] {"t":"event","op":"msc.reads","ms":23676,"gap":3,"lba0":7977,"lba1":8017,"bytes":24576,"n":6,"kind":2,"ov":144}
[msc.reads] n=6 bytes=24576 lba=7977..8017 gap=3 ov=144
[rx] {"t":"event","op":"msc.reads","ms":23700,"gap":4,"lba0":8025,"lba1":8025,"bytes":4096,"n":1,"kind":2,"ov":144}
[msc.reads] n=1 bytes=4096 lba=8025..8025 gap=4 ov=144
[rx] {"t":"event","op":"msc.reads","ms":23704,"gap":4,"lba0":8033,"lba1":8121,"bytes":49152,"n":12,"kind":2,"ov":144}
[msc.reads] n=12 bytes=49152 lba=8033..8121 gap=4 ov=144
[rx] {"t":"event","op":"msc.reads","ms":23747,"gap":4,"lba0":8129,"lba1":8129,"bytes":4096,"n":1,"kind":2,"ov":144}
[msc.reads] n=1 bytes=4096 lba=8129..8129 gap=4 ov=144
[rx] {"t":"event","op":"msc.reads","ms":23751,"gap":4,"lba0":8137,"lba1":8137,"bytes":4096,"n":1,"kind":2,"ov":144}
[msc.reads] n=1 bytes=4096 lba=8137..8137 gap=4 ov=144
[rx] {"t":"event","op":"msc.reads","ms":23755,"gap":4,"lba0":8145,"lba1":8145,"bytes":4096,"n":1,"kind":2,"ov":144}
[msc.reads] n=1 bytes=4096 lba=8145..8145 gap=4 ov=144
[rx] {"t":"event","op":"msc.reads","ms":23759,"gap":4,"lba0":8153,"lba1":8225,"bytes":40960,"n":10,"kind":2,"ov":144}
[msc.reads] n=10 bytes=40960 lba=8153..8225 gap=4 ov=144
[rx] {"t":"event","op":"msc.reads","ms":23796,"gap":4,"lba0":8233,"lba1":8233,"bytes":4096,"n":1,"kind":2,"ov":144}
[msc.reads] n=1 bytes=4096 lba=8233..8233 gap=4 ov=144
[rx] {"t":"event","op":"msc.reads","ms":23800,"gap":4,"lba0":8241,"lba1":8241,"bytes":4096,"n":1,"kind":2,"ov":144}
[msc.reads] n=1 bytes=4096 lba=8241..8241 gap=4 ov=144
[rx] {"t":"event","op":"msc.reads","ms":23804,"gap":4,"lba0":8249,"lba1":8249,"bytes":4096,"n":1,"kind":2,"ov":144}
[msc.reads] n=1 bytes=4096 lba=8249..8249 gap=4 ov=144
[rx] {"t":"event","op":"msc.reads","ms":23808,"gap":4,"lba0":8257,"lba1":8257,"bytes":4096,"n":1,"kind":2,"ov":144}
[msc.reads] n=1 bytes=4096 lba=8257..8257 gap=4 ov=144
[rx] {"t":"event","op":"msc.reads","ms":23811,"gap":3,"lba0":8265,"lba1":8273,"bytes":8192,"n":2,"kind":2,"ov":144}
[msc.reads] n=2 bytes=8192 lba=8265..8273 gap=3 ov=144
[rx] {"t":"event","op":"msc.reads","ms":23819,"gap":4,"lba0":8281,"lba1":8281,"bytes":4096,"n":1,"kind":2,"ov":144}
[msc.reads] n=1 bytes=4096 lba=8281..8281 gap=4 ov=144
[rx] {"t":"event","op":"msc.reads","ms":23823,"gap":4,"lba0":8289,"lba1":8289,"bytes":4096,"n":1,"kind":2,"ov":144}
[msc.reads] n=1 bytes=4096 lba=8289..8289 gap=4 ov=144
[rx] {"t":"event","op":"msc.reads","ms":23827,"gap":4,"lba0":8297,"lba1":8297,"bytes":4096,"n":1,"kind":2,"ov":144}
[msc.reads] n=1 bytes=4096 lba=8297..8297 gap=4 ov=144
[rx] {"t":"event","op":"msc.reads","ms":23830,"gap":3,"lba0":8305,"lba1":8345,"bytes":24576,"n":6,"kind":2,"ov":144}
[msc.reads] n=6 bytes=24576 lba=8305..8345 gap=3 ov=144
[rx] {"t":"event","op":"msc.reads","ms":23853,"gap":4,"lba0":8353,"lba1":8385,"bytes":20480,"n":5,"kind":2,"ov":144}
[msc.reads] n=5 bytes=20480 lba=8353..8385 gap=4 ov=144
[rx] {"t":"event","op":"msc.reads","ms":23871,"gap":4,"lba0":8393,"lba1":8393,"bytes":4096,"n":1,"kind":2,"ov":144}
[msc.reads] n=1 bytes=4096 lba=8393..8393 gap=4 ov=144
[rx] {"t":"event","op":"msc.reads","ms":23875,"gap":4,"lba0":8401,"lba1":8401,"bytes":4096,"n":1,"kind":2,"ov":144}
[msc.reads] n=1 bytes=4096 lba=8401..8401 gap=4 ov=144
[rx] {"t":"event","op":"msc.reads","ms":23879,"gap":4,"lba0":8409,"lba1":8409,"bytes":4096,"n":1,"kind":2,"ov":144}
[msc.reads] n=1 bytes=4096 lba=8409..8409 gap=4 ov=144
[rx] {"t":"event","op":"msc.reads","ms":23883,"gap":4,"lba0":8417,"lba1":8593,"bytes":94208,"n":23,"kind":2,"ov":144}
[msc.reads] n=23 bytes=94208 lba=8417..8593 gap=4 ov=144
[rx] {"t":"event","op":"msc.reads","ms":23969,"gap":4,"lba0":8601,"lba1":8601,"bytes":4096,"n":1,"kind":2,"ov":144}
[msc.reads] n=1 bytes=4096 lba=8601..8601 gap=4 ov=144
[rx] {"t":"event","op":"msc.reads","ms":23973,"gap":4,"lba0":8609,"lba1":8609,"bytes":4096,"n":1,"kind":2,"ov":144}
[msc.reads] n=1 bytes=4096 lba=8609..8609 gap=4 ov=144
[rx] {"t":"event","op":"msc.reads","ms":23977,"gap":4,"lba0":8617,"lba1":8617,"bytes":4096,"n":1,"kind":2,"ov":144}
[msc.reads] n=1 bytes=4096 lba=8617..8617 gap=4 ov=144
[rx] {"t":"event","op":"msc.reads","ms":23981,"gap":4,"lba0":8625,"lba1":8625,"bytes":4096,"n":1,"kind":2,"ov":144}
[msc.reads] n=1 bytes=4096 lba=8625..8625 gap=4 ov=144
[rx] {"t":"event","op":"msc.reads","ms":23984,"gap":3,"lba0":8633,"lba1":8641,"bytes":8192,"n":2,"kind":2,"ov":144}
[msc.reads] n=2 bytes=8192 lba=8633..8641 gap=3 ov=144
[rx] {"t":"event","op":"msc.reads","ms":23992,"gap":4,"lba0":8649,"lba1":8705,"bytes":32768,"n":8,"kind":2,"ov":144}
[msc.reads] n=8 bytes=32768 lba=8649..8705 gap=4 ov=144
[rx] {"t":"event","op":"msc.reads","ms":24022,"gap":4,"lba0":8713,"lba1":8713,"bytes":4096,"n":1,"kind":2,"ov":144}
[msc.reads] n=1 bytes=4096 lba=8713..8713 gap=4 ov=144
[rx] {"t":"event","op":"msc.reads","ms":24026,"gap":4,"lba0":8721,"lba1":8721,"bytes":4096,"n":1,"kind":2,"ov":144}
[msc.reads] n=1 bytes=4096 lba=8721..8721 gap=4 ov=144
[rx] {"t":"event","op":"msc.reads","ms":24029,"gap":3,"lba0":8729,"lba1":8737,"bytes":8192,"n":2,"kind":2,"ov":144}
[msc.reads] n=2 bytes=8192 lba=8729..8737 gap=3 ov=144
[rx] {"t":"event","op":"msc.reads","ms":24037,"gap":4,"lba0":8745,"lba1":8801,"bytes":32768,"n":8,"kind":2,"ov":144}
[msc.reads] n=8 bytes=32768 lba=8745..8801 gap=4 ov=144
[rx] {"t":"event","op":"msc.reads","ms":24066,"gap":4,"lba0":8809,"lba1":8817,"bytes":8192,"n":2,"kind":2,"ov":144}
[msc.reads] n=2 bytes=8192 lba=8809..8817 gap=4 ov=144
[rx] {"t":"event","op":"msc.reads","ms":24074,"gap":4,"lba0":8825,"lba1":8825,"bytes":4096,"n":1,"kind":2,"ov":144}
[msc.reads] n=1 bytes=4096 lba=8825..8825 gap=4 ov=144
[rx] {"t":"event","op":"msc.reads","ms":24078,"gap":4,"lba0":8833,"lba1":8833,"bytes":4096,"n":1,"kind":2,"ov":144}
[msc.reads] n=1 bytes=4096 lba=8833..8833 gap=4 ov=144
[rx] {"t":"event","op":"msc.reads","ms":24082,"gap":4,"lba0":8841,"lba1":8841,"bytes":4096,"n":1,"kind":2,"ov":144}
[msc.reads] n=1 bytes=4096 lba=8841..8841 gap=4 ov=144
[rx] {"t":"event","op":"msc.reads","ms":24086,"gap":4,"lba0":8849,"lba1":8905,"bytes":32768,"n":8,"kind":2,"ov":144}
[msc.reads] n=8 bytes=32768 lba=8849..8905 gap=4 ov=144
[rx] {"t":"event","op":"msc.reads","ms":24115,"gap":3,"lba0":8913,"lba1":8929,"bytes":12288,"n":3,"kind":2,"ov":144}
[msc.reads] n=3 bytes=12288 lba=8913..8929 gap=3 ov=144
[rx] {"t":"event","op":"msc.reads","ms":24127,"gap":4,"lba0":8937,"lba1":8937,"bytes":4096,"n":1,"kind":2,"ov":144}
[msc.reads] n=1 bytes=4096 lba=8937..8937 gap=4 ov=144
[rx] {"t":"event","op":"msc.reads","ms":24131,"gap":4,"lba0":8945,"lba1":8945,"bytes":4096,"n":1,"kind":2,"ov":144}
[msc.reads] n=1 bytes=4096 lba=8945..8945 gap=4 ov=144
[rx] {"t":"event","op":"msc.reads","ms":24135,"gap":4,"lba0":8953,"lba1":8953,"bytes":4096,"n":1,"kind":2,"ov":144}
[msc.reads] n=1 bytes=4096 lba=8953..8953 gap=4 ov=144
[rx] {"t":"event","op":"diag","code":"play.reject","detail":"not_from_head uid=1977938832270506073 from=2689 +3223552B age=23340ms prefetch"}
[msc] play.reject not_from_head uid=1977938832270506073 from=2689 +3223552B age=23340ms prefetch
[rx] {"t":"event","op":"msc.reads","ms":24138,"gap":3,"lba0":8961,"lba1":8977,"bytes":12288,"n":3,"kind":2,"ov":144}
[msc.reads] n=3 bytes=12288 lba=8961..8977 gap=3 ov=144
[rx] {"t":"event","op":"msc.reads","ms":24177,"gap":31,"lba0":8985,"lba1":8985,"bytes":4096,"n":1,"kind":2,"ov":144}
[msc.reads] n=1 bytes=4096 lba=8985..8985 gap=31 ov=144
[rx] {"t":"event","op":"msc.reads","ms":24181,"gap":4,"lba0":8993,"lba1":8993,"bytes":4096,"n":1,"kind":2,"ov":144}
[msc.reads] n=1 bytes=4096 lba=8993..8993 gap=4 ov=144
[rx] {"t":"event","op":"msc.reads","ms":24185,"gap":4,"lba0":9001,"lba1":9001,"bytes":4096,"n":1,"kind":2,"ov":144}
[msc.reads] n=1 bytes=4096 lba=9001..9001 gap=4 ov=144
[rx] {"t":"event","op":"msc.reads","ms":24189,"gap":4,"lba0":9009,"lba1":9009,"bytes":4096,"n":1,"kind":2,"ov":144}
[msc.reads] n=1 bytes=4096 lba=9009..9009 gap=4 ov=144
[rx] {"t":"event","op":"msc.reads","ms":24193,"gap":4,"lba0":9017,"lba1":9201,"bytes":98304,"n":24,"kind":2,"ov":144}
[msc.reads] n=24 bytes=98304 lba=9017..9201 gap=4 ov=144
[rx] {"t":"event","op":"msc.reads","ms":24282,"gap":4,"lba0":9209,"lba1":9217,"bytes":8192,"n":2,"kind":2,"ov":144}
[msc.reads] n=2 bytes=8192 lba=9209..9217 gap=4 ov=144
[rx] {"t":"event","op":"msc.reads","ms":24290,"gap":4,"lba0":9225,"lba1":9225,"bytes":4096,"n":1,"kind":2,"ov":144}
[msc.reads] n=1 bytes=4096 lba=9225..9225 gap=4 ov=144
[rx] {"t":"event","op":"msc.reads","ms":24294,"gap":4,"lba0":9233,"lba1":9233,"bytes":4096,"n":1,"kind":2,"ov":144}
[msc.reads] n=1 bytes=4096 lba=9233..9233 gap=4 ov=144
[rx] {"t":"event","op":"msc.reads","ms":24297,"gap":3,"lba0":9241,"lba1":9241,"bytes":4096,"n":1,"kind":2,"ov":144}
[msc.reads] n=1 bytes=4096 lba=9241..9241 gap=3 ov=144
[rx] {"t":"event","op":"msc.reads","ms":24301,"gap":4,"lba0":9249,"lba1":9305,"bytes":32768,"n":8,"kind":2,"ov":144}
[msc.reads] n=8 bytes=32768 lba=9249..9305 gap=4 ov=144
[rx] {"t":"event","op":"msc.reads","ms":24331,"gap":4,"lba0":9313,"lba1":9313,"bytes":4096,"n":1,"kind":2,"ov":144}
[msc.reads] n=1 bytes=4096 lba=9313..9313 gap=4 ov=144
[rx] {"t":"event","op":"msc.reads","ms":24335,"gap":4,"lba0":9321,"lba1":9321,"bytes":4096,"n":1,"kind":2,"ov":144}
[msc.reads] n=1 bytes=4096 lba=9321..9321 gap=4 ov=144
[rx] {"t":"event","op":"msc.reads","ms":24338,"gap":3,"lba0":9329,"lba1":9329,"bytes":4096,"n":1,"kind":2,"ov":144}
[msc.reads] n=1 bytes=4096 lba=9329..9329 gap=3 ov=144
[rx] {"t":"event","op":"msc.reads","ms":24342,"gap":4,"lba0":9337,"lba1":9417,"bytes":45056,"n":11,"kind":2,"ov":144}
[msc.reads] n=11 bytes=45056 lba=9337..9417 gap=4 ov=144
[rx] {"t":"event","op":"msc.reads","ms":24383,"gap":4,"lba0":9425,"lba1":9425,"bytes":4096,"n":1,"kind":2,"ov":144}
[msc.reads] n=1 bytes=4096 lba=9425..9425 gap=4 ov=144
[rx] {"t":"event","op":"msc.reads","ms":24387,"gap":4,"lba0":9433,"lba1":9433,"bytes":4096,"n":1,"kind":2,"ov":144}
[msc.reads] n=1 bytes=4096 lba=9433..9433 gap=4 ov=144
[rx] {"t":"event","op":"msc.reads","ms":24391,"gap":4,"lba0":9441,"lba1":9441,"bytes":4096,"n":1,"kind":2,"ov":144}
[msc.reads] n=1 bytes=4096 lba=9441..9441 gap=4 ov=144
[rx] {"t":"event","op":"msc.reads","ms":24394,"gap":3,"lba0":9449,"lba1":9601,"bytes":81920,"n":20,"kind":2,"ov":144}
[msc.reads] n=20 bytes=81920 lba=9449..9601 gap=3 ov=144
[rx] {"t":"event","op":"msc.reads","ms":24467,"gap":4,"lba0":9609,"lba1":9609,"bytes":4096,"n":1,"kind":2,"ov":144}
[msc.reads] n=1 bytes=4096 lba=9609..9609 gap=4 ov=144
[rx] {"t":"event","op":"msc.reads","ms":24471,"gap":4,"lba0":9617,"lba1":9617,"bytes":4096,"n":1,"kind":2,"ov":144}
[msc.reads] n=1 bytes=4096 lba=9617..9617 gap=4 ov=144
[rx] {"t":"event","op":"msc.reads","ms":24475,"gap":4,"lba0":9625,"lba1":9625,"bytes":4096,"n":1,"kind":2,"ov":144}
[msc.reads] n=1 bytes=4096 lba=9625..9625 gap=4 ov=144
[rx] {"t":"event","op":"msc.reads","ms":24479,"gap":4,"lba0":9633,"lba1":9649,"bytes":12288,"n":3,"kind":2,"ov":144}
[msc.reads] n=3 bytes=12288 lba=9633..9649 gap=4 ov=144
[rx] {"t":"event","op":"msc.reads","ms":24490,"gap":3,"lba0":9657,"lba1":9657,"bytes":4096,"n":1,"kind":2,"ov":144}
[msc.reads] n=1 bytes=4096 lba=9657..9657 gap=3 ov=144
[rx] {"t":"event","op":"msc.reads","ms":24495,"gap":5,"lba0":9665,"lba1":9665,"bytes":4096,"n":1,"kind":2,"ov":144}
[msc.reads] n=1 bytes=4096 lba=9665..9665 gap=5 ov=144
[rx] {"t":"event","op":"msc.reads","ms":24499,"gap":4,"lba0":9673,"lba1":9673,"bytes":4096,"n":1,"kind":2,"ov":144}
[msc.reads] n=1 bytes=4096 lba=9673..9673 gap=4 ov=144
[rx] {"t":"event","op":"msc.reads","ms":24503,"gap":4,"lba0":9681,"lba1":9681,"bytes":4096,"n":1,"kind":2,"ov":144}
[msc.reads] n=1 bytes=4096 lba=9681..9681 gap=4 ov=144
[rx] {"t":"event","op":"msc.reads","ms":24506,"gap":3,"lba0":9689,"lba1":9697,"bytes":8192,"n":2,"kind":2,"ov":144}
[msc.reads] n=2 bytes=8192 lba=9689..9697 gap=3 ov=144
[rx] {"t":"event","op":"msc.reads","ms":24514,"gap":4,"lba0":9705,"lba1":9705,"bytes":4096,"n":1,"kind":2,"ov":144}
[msc.reads] n=1 bytes=4096 lba=9705..9705 gap=4 ov=144
[rx] {"t":"event","op":"msc.reads","ms":24518,"gap":4,"lba0":9713,"lba1":9713,"bytes":4096,"n":1,"kind":2,"ov":144}
[msc.reads] n=1 bytes=4096 lba=9713..9713 gap=4 ov=144
[rx] {"t":"event","op":"msc.reads","ms":24522,"gap":4,"lba0":9721,"lba1":9721,"bytes":4096,"n":1,"kind":2,"ov":144}
[msc.reads] n=1 bytes=4096 lba=9721..9721 gap=4 ov=144
[rx] {"t":"event","op":"msc.reads","ms":24526,"gap":4,"lba0":9729,"lba1":9729,"bytes":4096,"n":1,"kind":2,"ov":144}
[msc.reads] n=1 bytes=4096 lba=9729..9729 gap=4 ov=144
[rx] {"t":"event","op":"msc.reads","ms":24529,"gap":3,"lba0":9737,"lba1":9737,"bytes":4096,"n":1,"kind":2,"ov":144}
[msc.reads] n=1 bytes=4096 lba=9737..9737 gap=3 ov=144
[rx] {"t":"event","op":"msc.reads","ms":24533,"gap":4,"lba0":9745,"lba1":9753,"bytes":8192,"n":2,"kind":2,"ov":144}
[msc.reads] n=2 bytes=8192 lba=9745..9753 gap=4 ov=144
[rx] {"t":"event","op":"msc.reads","ms":24541,"gap":4,"lba0":9761,"lba1":9761,"bytes":4096,"n":1,"kind":2,"ov":144}
[msc.reads] n=1 bytes=4096 lba=9761..9761 gap=4 ov=144
[rx] {"t":"event","op":"msc.reads","ms":24545,"gap":4,"lba0":9769,"lba1":9769,"bytes":4096,"n":1,"kind":2,"ov":144}
[msc.reads] n=1 bytes=4096 lba=9769..9769 gap=4 ov=144
[rx] {"t":"event","op":"msc.reads","ms":24549,"gap":4,"lba0":9777,"lba1":9777,"bytes":4096,"n":1,"kind":2,"ov":144}
[msc.reads] n=1 bytes=4096 lba=9777..9777 gap=4 ov=144
[rx] {"t":"event","op":"msc.reads","ms":24552,"gap":3,"lba0":9785,"lba1":9793,"bytes":8192,"n":2,"kind":2,"ov":144}
[msc.reads] n=2 bytes=8192 lba=9785..9793 gap=3 ov=144
[rx] {"t":"event","op":"msc.reads","ms":24560,"gap":4,"lba0":9801,"lba1":9801,"bytes":4096,"n":1,"kind":2,"ov":144}
[msc.reads] n=1 bytes=4096 lba=9801..9801 gap=4 ov=144
[rx] {"t":"event","op":"msc.reads","ms":24564,"gap":4,"lba0":9809,"lba1":9809,"bytes":4096,"n":1,"kind":2,"ov":144}
[msc.reads] n=1 bytes=4096 lba=9809..9809 gap=4 ov=144
[rx] {"t":"event","op":"msc.reads","ms":24568,"gap":4,"lba0":9817,"lba1":9817,"bytes":4096,"n":1,"kind":2,"ov":144}
[msc.reads] n=1 bytes=4096 lba=9817..9817 gap=4 ov=144
[rx] {"t":"event","op":"msc.reads","ms":24572,"gap":4,"lba0":9825,"lba1":9825,"bytes":4096,"n":1,"kind":2,"ov":144}
[msc.reads] n=1 bytes=4096 lba=9825..9825 gap=4 ov=144
[rx] {"t":"event","op":"msc.reads","ms":24575,"gap":3,"lba0":9833,"lba1":9833,"bytes":4096,"n":1,"kind":2,"ov":144}
[msc.reads] n=1 bytes=4096 lba=9833..9833 gap=3 ov=144
[rx] {"t":"event","op":"msc.reads","ms":24579,"gap":4,"lba0":9841,"lba1":9841,"bytes":4096,"n":1,"kind":2,"ov":144}
[msc.reads] n=1 bytes=4096 lba=9841..9841 gap=4 ov=144
[rx] {"t":"event","op":"msc.reads","ms":24583,"gap":4,"lba0":9849,"lba1":9849,"bytes":4096,"n":1,"kind":2,"ov":144}
[msc.reads] n=1 bytes=4096 lba=9849..9849 gap=4 ov=144
[rx] {"t":"event","op":"msc.reads","ms":24587,"gap":4,"lba0":9857,"lba1":9857,"bytes":4096,"n":1,"kind":2,"ov":144}
[msc.reads] n=1 bytes=4096 lba=9857..9857 gap=4 ov=144
[rx] {"t":"event","op":"msc.reads","ms":24591,"gap":4,"lba0":9865,"lba1":9865,"bytes":4096,"n":1,"kind":2,"ov":144}
[msc.reads] n=1 bytes=4096 lba=9865..9865 gap=4 ov=144
[rx] {"t":"event","op":"msc.reads","ms":24595,"gap":4,"lba0":9873,"lba1":9873,"bytes":4096,"n":1,"kind":2,"ov":144}
[msc.reads] n=1 bytes=4096 lba=9873..9873 gap=4 ov=144
[rx] {"t":"event","op":"msc.reads","ms":24599,"gap":4,"lba0":9881,"lba1":9881,"bytes":4096,"n":1,"kind":2,"ov":144}
[msc.reads] n=1 bytes=4096 lba=9881..9881 gap=4 ov=144
[rx] {"t":"event","op":"msc.reads","ms":24603,"gap":4,"lba0":9889,"lba1":9889,"bytes":4096,"n":1,"kind":2,"ov":144}
[msc.reads] n=1 bytes=4096 lba=9889..9889 gap=4 ov=144
[rx] {"t":"event","op":"msc.reads","ms":24606,"gap":3,"lba0":9897,"lba1":9905,"bytes":8192,"n":2,"kind":2,"ov":144}
[msc.reads] n=2 bytes=8192 lba=9897..9905 gap=3 ov=144
[rx] {"t":"event","op":"msc.reads","ms":24615,"gap":4,"lba0":9913,"lba1":9913,"bytes":4096,"n":1,"kind":2,"ov":144}
[msc.reads] n=1 bytes=4096 lba=9913..9913 gap=4 ov=144
[rx] {"t":"event","op":"msc.reads","ms":24619,"gap":4,"lba0":9921,"lba1":9921,"bytes":4096,"n":1,"kind":2,"ov":144}
[msc.reads] n=1 bytes=4096 lba=9921..9921 gap=4 ov=144
[rx] {"t":"event","op":"msc.reads","ms":24622,"gap":3,"lba0":9929,"lba1":9929,"bytes":4096,"n":1,"kind":2,"ov":144}
[msc.reads] n=1 bytes=4096 lba=9929..9929 gap=3 ov=144
[rx] {"t":"event","op":"msc.reads","ms":24645,"gap":23,"lba0":9937,"lba1":9937,"bytes":4096,"n":1,"kind":2,"ov":144}
[msc.reads] n=1 bytes=4096 lba=9937..9937 gap=23 ov=144
[rx] {"t":"event","op":"msc.reads","ms":24649,"gap":4,"lba0":9945,"lba1":9945,"bytes":4096,"n":1,"kind":2,"ov":144}
[msc.reads] n=1 bytes=4096 lba=9945..9945 gap=4 ov=144
[rx] {"t":"event","op":"msc.reads","ms":24653,"gap":4,"lba0":9953,"lba1":9953,"bytes":4096,"n":1,"kind":2,"ov":144}
[msc.reads] n=1 bytes=4096 lba=9953..9953 gap=4 ov=144
[rx] {"t":"event","op":"msc.reads","ms":24657,"gap":4,"lba0":9961,"lba1":9961,"bytes":4096,"n":1,"kind":2,"ov":144}
[msc.reads] n=1 bytes=4096 lba=9961..9961 gap=4 ov=144
[rx] {"t":"event","op":"msc.reads","ms":24661,"gap":4,"lba0":9969,"lba1":9969,"bytes":4096,"n":1,"kind":2,"ov":144}
[msc.reads] n=1 bytes=4096 lba=9969..9969 gap=4 ov=144
[rx] {"t":"event","op":"msc.reads","ms":24664,"gap":3,"lba0":9977,"lba1":9985,"bytes":8192,"n":2,"kind":2,"ov":144}
[msc.reads] n=2 bytes=8192 lba=9977..9985 gap=3 ov=144
[rx] {"t":"event","op":"msc.reads","ms":24672,"gap":4,"lba0":9993,"lba1":9993,"bytes":4096,"n":1,"kind":2,"ov":144}
[msc.reads] n=1 bytes=4096 lba=9993..9993 gap=4 ov=144
[rx] {"t":"event","op":"msc.reads","ms":24676,"gap":4,"lba0":10001,"lba1":10001,"bytes":4096,"n":1,"kind":2,"ov":144}
[msc.reads] n=1 bytes=4096 lba=10001..10001 gap=4 ov=144
[rx] {"t":"event","op":"msc.reads","ms":24680,"gap":4,"lba0":10009,"lba1":10009,"bytes":4096,"n":1,"kind":2,"ov":144}
[msc.reads] n=1 bytes=4096 lba=10009..10009 gap=4 ov=144
[rx] {"t":"event","op":"msc.reads","ms":24684,"gap":4,"lba0":10017,"lba1":10017,"bytes":4096,"n":1,"kind":2,"ov":144}
[msc.reads] n=1 bytes=4096 lba=10017..10017 gap=4 ov=144
[rx] {"t":"event","op":"msc.reads","ms":24688,"gap":4,"lba0":10025,"lba1":10025,"bytes":4096,"n":1,"kind":2,"ov":144}
[msc.reads] n=1 bytes=4096 lba=10025..10025 gap=4 ov=144
[rx] {"t":"event","op":"msc.reads","ms":24692,"gap":4,"lba0":10033,"lba1":10033,"bytes":4096,"n":1,"kind":2,"ov":144}
[msc.reads] n=1 bytes=4096 lba=10033..10033 gap=4 ov=144
[rx] {"t":"event","op":"msc.reads","ms":24696,"gap":4,"lba0":10041,"lba1":10041,"bytes":4096,"n":1,"kind":2,"ov":144}
[msc.reads] n=1 bytes=4096 lba=10041..10041 gap=4 ov=144
[rx] {"t":"event","op":"msc.reads","ms":24700,"gap":4,"lba0":10049,"lba1":10049,"bytes":4096,"n":1,"kind":2,"ov":144}
[msc.reads] n=1 bytes=4096 lba=10049..10049 gap=4 ov=144
[rx] {"t":"event","op":"msc.reads","ms":24704,"gap":4,"lba0":10057,"lba1":10057,"bytes":4096,"n":1,"kind":2,"ov":144}
[msc.reads] n=1 bytes=4096 lba=10057..10057 gap=4 ov=144
[rx] {"t":"event","op":"msc.reads","ms":24708,"gap":4,"lba0":10065,"lba1":10065,"bytes":4096,"n":1,"kind":2,"ov":144}
[msc.reads] n=1 bytes=4096 lba=10065..10065 gap=4 ov=144
[rx] {"t":"event","op":"msc.reads","ms":24712,"gap":4,"lba0":10073,"lba1":10073,"bytes":4096,"n":1,"kind":2,"ov":144}
[msc.reads] n=1 bytes=4096 lba=10073..10073 gap=4 ov=144
[rx] {"t":"event","op":"msc.reads","ms":24715,"gap":3,"lba0":10081,"lba1":10081,"bytes":4096,"n":1,"kind":2,"ov":144}
[msc.reads] n=1 bytes=4096 lba=10081..10081 gap=3 ov=144
[rx] {"t":"event","op":"msc.reads","ms":24719,"gap":4,"lba0":10089,"lba1":10089,"bytes":4096,"n":1,"kind":2,"ov":144}
[msc.reads] n=1 bytes=4096 lba=10089..10089 gap=4 ov=144
[rx] {"t":"event","op":"msc.reads","ms":24723,"gap":4,"lba0":10097,"lba1":10097,"bytes":4096,"n":1,"kind":2,"ov":144}
[msc.reads] n=1 bytes=4096 lba=10097..10097 gap=4 ov=144
[rx] {"t":"event","op":"msc.reads","ms":24727,"gap":4,"lba0":10105,"lba1":10113,"bytes":8192,"n":2,"kind":2,"ov":144}
[msc.reads] n=2 bytes=8192 lba=10105..10113 gap=4 ov=144
[rx] {"t":"event","op":"msc.reads","ms":24735,"gap":4,"lba0":10121,"lba1":10121,"bytes":4096,"n":1,"kind":2,"ov":144}
[msc.reads] n=1 bytes=4096 lba=10121..10121 gap=4 ov=144
[rx] {"t":"event","op":"msc.reads","ms":24739,"gap":4,"lba0":10129,"lba1":10129,"bytes":4096,"n":1,"kind":2,"ov":144}
[msc.reads] n=1 bytes=4096 lba=10129..10129 gap=4 ov=144
[rx] {"t":"event","op":"msc.reads","ms":24743,"gap":4,"lba0":10137,"lba1":10137,"bytes":4096,"n":1,"kind":2,"ov":144}
[msc.reads] n=1 bytes=4096 lba=10137..10137 gap=4 ov=144
[rx] {"t":"event","op":"msc.reads","ms":24746,"gap":3,"lba0":10145,"lba1":10153,"bytes":8192,"n":2,"kind":2,"ov":144}
[msc.reads] n=2 bytes=8192 lba=10145..10153 gap=3 ov=144
[rx] {"t":"event","op":"msc.reads","ms":24754,"gap":4,"lba0":10161,"lba1":10161,"bytes":4096,"n":1,"kind":2,"ov":144}
[msc.reads] n=1 bytes=4096 lba=10161..10161 gap=4 ov=144
[rx] {"t":"event","op":"msc.reads","ms":24758,"gap":4,"lba0":10169,"lba1":10169,"bytes":4096,"n":1,"kind":2,"ov":144}
[msc.reads] n=1 bytes=4096 lba=10169..10169 gap=4 ov=144
[rx] {"t":"event","op":"msc.reads","ms":24764,"gap":6,"lba0":10177,"lba1":10233,"bytes":32768,"n":8,"kind":2,"ov":144}
[msc.reads] n=8 bytes=32768 lba=10177..10233 gap=6 ov=144
[rx] {"t":"event","op":"msc.reads","ms":24793,"gap":4,"lba0":10241,"lba1":10241,"bytes":4096,"n":1,"kind":2,"ov":144}
[msc.reads] n=1 bytes=4096 lba=10241..10241 gap=4 ov=144
[rx] {"t":"event","op":"msc.reads","ms":24797,"gap":4,"lba0":10249,"lba1":10249,"bytes":4096,"n":1,"kind":2,"ov":144}
[msc.reads] n=1 bytes=4096 lba=10249..10249 gap=4 ov=144
[rx] {"t":"event","op":"msc.reads","ms":24801,"gap":4,"lba0":10257,"lba1":10257,"bytes":4096,"n":1,"kind":2,"ov":144}
[msc.reads] n=1 bytes=4096 lba=10257..10257 gap=4 ov=144
[rx] {"t":"event","op":"msc.reads","ms":24805,"gap":4,"lba0":10265,"lba1":10297,"bytes":20480,"n":5,"kind":2,"ov":144}
[msc.reads] n=5 bytes=20480 lba=10265..10297 gap=4 ov=144
[rx] {"t":"event","op":"msc.reads","ms":24823,"gap":4,"lba0":10305,"lba1":10305,"bytes":4096,"n":1,"kind":2,"ov":144}
[msc.reads] n=1 bytes=4096 lba=10305..10305 gap=4 ov=144
[rx] {"t":"event","op":"msc.reads","ms":24827,"gap":4,"lba0":10313,"lba1":10321,"bytes":8192,"n":2,"kind":2,"ov":144}
[msc.reads] n=2 bytes=8192 lba=10313..10321 gap=4 ov=144
[rx] {"t":"event","op":"msc.reads","ms":24834,"gap":4,"lba0":10329,"lba1":10409,"bytes":45056,"n":11,"kind":2,"ov":144}
[msc.reads] n=11 bytes=45056 lba=10329..10409 gap=4 ov=144
[rx] {"t":"event","op":"msc.reads","ms":24877,"gap":7,"lba0":10417,"lba1":10417,"bytes":4096,"n":1,"kind":2,"ov":144}
[msc.reads] n=1 bytes=4096 lba=10417..10417 gap=7 ov=144
[rx] {"t":"event","op":"msc.reads","ms":24881,"gap":4,"lba0":10425,"lba1":10425,"bytes":4096,"n":1,"kind":2,"ov":144}
[msc.reads] n=1 bytes=4096 lba=10425..10425 gap=4 ov=144
[rx] {"t":"event","op":"msc.reads","ms":24885,"gap":4,"lba0":10433,"lba1":10433,"bytes":4096,"n":1,"kind":2,"ov":144}
[msc.reads] n=1 bytes=4096 lba=10433..10433 gap=4 ov=144
[rx] {"t":"event","op":"msc.reads","ms":24889,"gap":4,"lba0":10441,"lba1":10449,"bytes":8192,"n":2,"kind":2,"ov":144}
[msc.reads] n=2 bytes=8192 lba=10441..10449 gap=4 ov=144
[rx] {"t":"event","op":"msc.reads","ms":24897,"gap":4,"lba0":10457,"lba1":10457,"bytes":4096,"n":1,"kind":2,"ov":144}
[msc.reads] n=1 bytes=4096 lba=10457..10457 gap=4 ov=144
[rx] {"t":"event","op":"msc.reads","ms":24901,"gap":4,"lba0":10465,"lba1":10465,"bytes":4096,"n":1,"kind":2,"ov":144}
[msc.reads] n=1 bytes=4096 lba=10465..10465 gap=4 ov=144
[rx] {"t":"event","op":"msc.reads","ms":24905,"gap":4,"lba0":10473,"lba1":10521,"bytes":28672,"n":7,"kind":2,"ov":144}
[msc.reads] n=7 bytes=28672 lba=10473..10521 gap=4 ov=144
[rx] {"t":"event","op":"msc.reads","ms":24930,"gap":3,"lba0":10529,"lba1":10529,"bytes":4096,"n":1,"kind":2,"ov":144}
[msc.reads] n=1 bytes=4096 lba=10529..10529 gap=3 ov=144
[rx] {"t":"event","op":"diag","code":"play.reject","detail":"not_from_head uid=1977938832270506073 from=2689 +4038656B age=24143ms prefetch"}
[msc] play.reject not_from_head uid=1977938832270506073 from=2689 +4038656B age=24143ms prefetch
[rx] {"t":"event","op":"msc.reads","ms":24934,"gap":4,"lba0":10537,"lba1":10569,"bytes":20480,"n":5,"kind":2,"ov":144}
[msc.reads] n=5 bytes=20480 lba=10537..10569 gap=4 ov=144
[rx] {"t":"event","op":"msc.reads","ms":24979,"gap":30,"lba0":10577,"lba1":10577,"bytes":4096,"n":1,"kind":2,"ov":144}
[msc.reads] n=1 bytes=4096 lba=10577..10577 gap=30 ov=144
[rx] {"t":"event","op":"msc.reads","ms":24983,"gap":4,"lba0":10585,"lba1":10585,"bytes":4096,"n":1,"kind":2,"ov":144}
[msc.reads] n=1 bytes=4096 lba=10585..10585 gap=4 ov=144
[rx] {"t":"event","op":"msc.reads","ms":24987,"gap":4,"lba0":10593,"lba1":10665,"bytes":40960,"n":10,"kind":2,"ov":144}
[msc.reads] n=10 bytes=40960 lba=10593..10665 gap=4 ov=144
[rx] {"t":"event","op":"msc.reads","ms":25024,"gap":4,"lba0":10673,"lba1":10673,"bytes":4096,"n":1,"kind":2,"ov":144}
[msc.reads] n=1 bytes=4096 lba=10673..10673 gap=4 ov=144
[rx] {"t":"event","op":"msc.reads","ms":25028,"gap":4,"lba0":10681,"lba1":10681,"bytes":4096,"n":1,"kind":2,"ov":144}
[msc.reads] n=1 bytes=4096 lba=10681..10681 gap=4 ov=144
[rx] {"t":"event","op":"msc.reads","ms":25032,"gap":4,"lba0":10689,"lba1":10689,"bytes":4096,"n":1,"kind":2,"ov":144}
[msc.reads] n=1 bytes=4096 lba=10689..10689 gap=4 ov=144
[rx] {"t":"event","op":"msc.reads","ms":25036,"gap":4,"lba0":10697,"lba1":10713,"bytes":12288,"n":3,"kind":2,"ov":144}
[msc.reads] n=3 bytes=12288 lba=10697..10713 gap=4 ov=144
[rx] {"t":"event","op":"msc.reads","ms":25047,"gap":4,"lba0":10721,"lba1":10721,"bytes":4096,"n":1,"kind":2,"ov":144}
[msc.reads] n=1 bytes=4096 lba=10721..10721 gap=4 ov=144
[rx] {"t":"event","op":"msc.reads","ms":25051,"gap":4,"lba0":10729,"lba1":10729,"bytes":4096,"n":1,"kind":2,"ov":144}
[msc.reads] n=1 bytes=4096 lba=10729..10729 gap=4 ov=144
[rx] {"t":"event","op":"msc.reads","ms":25055,"gap":4,"lba0":10737,"lba1":10737,"bytes":4096,"n":1,"kind":2,"ov":144}
[msc.reads] n=1 bytes=4096 lba=10737..10737 gap=4 ov=144
[tx] {"t":"ping"}
[rx] {"t":"event","op":"msc.reads","ms":25058,"gap":3,"lba0":10745,"lba1":10785,"bytes":24576,"n":6,"kind":2,"ov":144}
[msc.reads] n=6 bytes=24576 lba=10745..10785 gap=3 ov=144
[rx] {"t":"event","op":"msc.reads","ms":25080,"gap":3,"lba0":10793,"lba1":10825,"bytes":20480,"n":5,"kind":2,"ov":144}
[msc.reads] n=5 bytes=20480 lba=10793..10825 gap=3 ov=144
[rx] {"t":"event","op":"msc.reads","ms":25099,"gap":4,"lba0":10833,"lba1":10833,"bytes":4096,"n":1,"kind":2,"ov":144}
[msc.reads] n=1 bytes=4096 lba=10833..10833 gap=4 ov=144
[rx] {"t":"event","op":"msc.reads","ms":25103,"gap":4,"lba0":10841,"lba1":10841,"bytes":4096,"n":1,"kind":2,"ov":144}
[msc.reads] n=1 bytes=4096 lba=10841..10841 gap=4 ov=144
[rx] {"t":"event","op":"msc.reads","ms":25107,"gap":4,"lba0":10849,"lba1":10849,"bytes":4096,"n":1,"kind":2,"ov":144}
[msc.reads] n=1 bytes=4096 lba=10849..10849 gap=4 ov=144
[rx] {"t":"pong"}
[rx] {"t":"event","op":"msc.reads","ms":25110,"gap":3,"lba0":10857,"lba1":10945,"bytes":49152,"n":12,"kind":2,"ov":144}
[msc.reads] n=12 bytes=49152 lba=10857..10945 gap=3 ov=144
[rx] {"t":"event","op":"msc.reads","ms":25155,"gap":4,"lba0":10953,"lba1":10953,"bytes":4096,"n":1,"kind":2,"ov":144}
[msc.reads] n=1 bytes=4096 lba=10953..10953 gap=4 ov=144
[rx] {"t":"event","op":"msc.reads","ms":25159,"gap":4,"lba0":10961,"lba1":10961,"bytes":4096,"n":1,"kind":2,"ov":144}
[msc.reads] n=1 bytes=4096 lba=10961..10961 gap=4 ov=144
[rx] {"t":"event","op":"msc.reads","ms":25163,"gap":4,"lba0":10969,"lba1":11041,"bytes":40960,"n":10,"kind":2,"ov":144}
[msc.reads] n=10 bytes=40960 lba=10969..11041 gap=4 ov=144
[rx] {"t":"event","op":"msc.reads","ms":25199,"gap":3,"lba0":11049,"lba1":11057,"bytes":8192,"n":2,"kind":2,"ov":144}
[msc.reads] n=2 bytes=8192 lba=11049..11057 gap=3 ov=144
[rx] {"t":"event","op":"msc.reads","ms":25207,"gap":4,"lba0":11065,"lba1":11065,"bytes":4096,"n":1,"kind":2,"ov":144}
[msc.reads] n=1 bytes=4096 lba=11065..11065 gap=4 ov=144
[rx] {"t":"event","op":"msc.reads","ms":25211,"gap":4,"lba0":11073,"lba1":11073,"bytes":4096,"n":1,"kind":2,"ov":144}
[msc.reads] n=1 bytes=4096 lba=11073..11073 gap=4 ov=144
[rx] {"t":"event","op":"msc.reads","ms":25215,"gap":4,"lba0":11081,"lba1":11129,"bytes":28672,"n":7,"kind":2,"ov":144}
[msc.reads] n=7 bytes=28672 lba=11081..11129 gap=4 ov=144
[rx] {"t":"event","op":"msc.reads","ms":25241,"gap":4,"lba0":11137,"lba1":11153,"bytes":12288,"n":3,"kind":2,"ov":144}
[msc.reads] n=3 bytes=12288 lba=11137..11153 gap=4 ov=144
[rx] {"t":"event","op":"msc.reads","ms":25252,"gap":4,"lba0":11161,"lba1":11161,"bytes":4096,"n":1,"kind":2,"ov":144}
[msc.reads] n=1 bytes=4096 lba=11161..11161 gap=4 ov=144
[rx] {"t":"event","op":"msc.reads","ms":25256,"gap":4,"lba0":11169,"lba1":11169,"bytes":4096,"n":1,"kind":2,"ov":144}
[msc.reads] n=1 bytes=4096 lba=11169..11169 gap=4 ov=144
[rx] {"t":"event","op":"msc.reads","ms":25260,"gap":4,"lba0":11177,"lba1":11177,"bytes":4096,"n":1,"kind":2,"ov":144}
[msc.reads] n=1 bytes=4096 lba=11177..11177 gap=4 ov=144
[rx] {"t":"event","op":"msc.reads","ms":25264,"gap":4,"lba0":11185,"lba1":11249,"bytes":36864,"n":9,"kind":2,"ov":144}
[msc.reads] n=9 bytes=36864 lba=11185..11249 gap=4 ov=144
[rx] {"t":"event","op":"msc.reads","ms":25296,"gap":3,"lba0":11257,"lba1":11337,"bytes":45056,"n":11,"kind":2,"ov":144}
[msc.reads] n=11 bytes=45056 lba=11257..11337 gap=3 ov=144
[rx] {"t":"event","op":"msc.reads","ms":25337,"gap":4,"lba0":11345,"lba1":11345,"bytes":4096,"n":1,"kind":2,"ov":144}
[msc.reads] n=1 bytes=4096 lba=11345..11345 gap=4 ov=144
[rx] {"t":"event","op":"msc.reads","ms":25341,"gap":4,"lba0":11353,"lba1":11353,"bytes":4096,"n":1,"kind":2,"ov":144}
[msc.reads] n=1 bytes=4096 lba=11353..11353 gap=4 ov=144
[rx] {"t":"event","op":"msc.reads","ms":25345,"gap":4,"lba0":11361,"lba1":11361,"bytes":4096,"n":1,"kind":2,"ov":144}
[msc.reads] n=1 bytes=4096 lba=11361..11361 gap=4 ov=144
[rx] {"t":"event","op":"msc.reads","ms":25349,"gap":4,"lba0":11369,"lba1":11377,"bytes":8192,"n":2,"kind":2,"ov":144}
[msc.reads] n=2 bytes=8192 lba=11369..11377 gap=4 ov=144
[rx] {"t":"event","op":"msc.reads","ms":25357,"gap":4,"lba0":11385,"lba1":11385,"bytes":4096,"n":1,"kind":2,"ov":144}
[msc.reads] n=1 bytes=4096 lba=11385..11385 gap=4 ov=144
[rx] {"t":"event","op":"msc.reads","ms":25361,"gap":4,"lba0":11393,"lba1":11393,"bytes":4096,"n":1,"kind":2,"ov":144}
[msc.reads] n=1 bytes=4096 lba=11393..11393 gap=4 ov=144
[rx] {"t":"event","op":"msc.reads","ms":25364,"gap":3,"lba0":11401,"lba1":11401,"bytes":4096,"n":1,"kind":2,"ov":144}
[msc.reads] n=1 bytes=4096 lba=11401..11401 gap=3 ov=144
[rx] {"t":"event","op":"msc.reads","ms":25368,"gap":4,"lba0":11409,"lba1":11457,"bytes":28672,"n":7,"kind":2,"ov":144}
[msc.reads] n=7 bytes=28672 lba=11409..11457 gap=4 ov=144
[rx] {"t":"event","op":"msc.reads","ms":25394,"gap":4,"lba0":11465,"lba1":11553,"bytes":49152,"n":12,"kind":2,"ov":144}
[msc.reads] n=12 bytes=49152 lba=11465..11553 gap=4 ov=144
[rx] {"t":"event","op":"msc.reads","ms":25438,"gap":4,"lba0":11561,"lba1":11561,"bytes":4096,"n":1,"kind":2,"ov":144}
[msc.reads] n=1 bytes=4096 lba=11561..11561 gap=4 ov=144
[rx] {"t":"event","op":"msc.reads","ms":25442,"gap":4,"lba0":11569,"lba1":11569,"bytes":4096,"n":1,"kind":2,"ov":144}
[msc.reads] n=1 bytes=4096 lba=11569..11569 gap=4 ov=144
[rx] {"t":"event","op":"msc.reads","ms":25446,"gap":4,"lba0":11577,"lba1":11577,"bytes":4096,"n":1,"kind":2,"ov":144}
[msc.reads] n=1 bytes=4096 lba=11577..11577 gap=4 ov=144
[rx] {"t":"event","op":"msc.reads","ms":25450,"gap":4,"lba0":11585,"lba1":11593,"bytes":8192,"n":2,"kind":2,"ov":144}
[msc.reads] n=2 bytes=8192 lba=11585..11593 gap=4 ov=144
[rx] {"t":"event","op":"msc.reads","ms":25457,"gap":3,"lba0":11601,"lba1":11601,"bytes":4096,"n":1,"kind":2,"ov":144}
[msc.reads] n=1 bytes=4096 lba=11601..11601 gap=3 ov=144
[rx] {"t":"event","op":"msc.reads","ms":25461,"gap":4,"lba0":11609,"lba1":11609,"bytes":4096,"n":1,"kind":2,"ov":144}
[msc.reads] n=1 bytes=4096 lba=11609..11609 gap=4 ov=144
[rx] {"t":"event","op":"msc.reads","ms":25466,"gap":5,"lba0":11617,"lba1":11617,"bytes":4096,"n":1,"kind":2,"ov":144}
[msc.reads] n=1 bytes=4096 lba=11617..11617 gap=5 ov=144
[rx] {"t":"event","op":"msc.reads","ms":25469,"gap":3,"lba0":11625,"lba1":11665,"bytes":24576,"n":6,"kind":2,"ov":144}
[msc.reads] n=6 bytes=24576 lba=11625..11665 gap=3 ov=144
[rx] {"t":"event","op":"msc.reads","ms":25491,"gap":3,"lba0":11673,"lba1":11705,"bytes":20480,"n":5,"kind":2,"ov":144}
[msc.reads] n=5 bytes=20480 lba=11673..11705 gap=3 ov=144
[rx] {"t":"event","op":"msc.reads","ms":25510,"gap":4,"lba0":11713,"lba1":11713,"bytes":4096,"n":1,"kind":2,"ov":144}
[msc.reads] n=1 bytes=4096 lba=11713..11713 gap=4 ov=144
[rx] {"t":"event","op":"msc.reads","ms":25514,"gap":4,"lba0":11721,"lba1":11721,"bytes":4096,"n":1,"kind":2,"ov":144}
[msc.reads] n=1 bytes=4096 lba=11721..11721 gap=4 ov=144
[rx] {"t":"event","op":"msc.reads","ms":25518,"gap":4,"lba0":11729,"lba1":11729,"bytes":4096,"n":1,"kind":2,"ov":144}
[msc.reads] n=1 bytes=4096 lba=11729..11729 gap=4 ov=144
[rx] {"t":"event","op":"msc.reads","ms":25521,"gap":3,"lba0":11737,"lba1":11737,"bytes":4096,"n":1,"kind":2,"ov":144}
[msc.reads] n=1 bytes=4096 lba=11737..11737 gap=3 ov=144
[rx] {"t":"event","op":"msc.reads","ms":25525,"gap":4,"lba0":11745,"lba1":11745,"bytes":4096,"n":1,"kind":2,"ov":144}
[msc.reads] n=1 bytes=4096 lba=11745..11745 gap=4 ov=144
[rx] {"t":"event","op":"msc.reads","ms":25529,"gap":4,"lba0":11753,"lba1":11753,"bytes":4096,"n":1,"kind":2,"ov":144}
[msc.reads] n=1 bytes=4096 lba=11753..11753 gap=4 ov=144
[rx] {"t":"event","op":"msc.reads","ms":25533,"gap":4,"lba0":11761,"lba1":11761,"bytes":4096,"n":1,"kind":2,"ov":144}
[msc.reads] n=1 bytes=4096 lba=11761..11761 gap=4 ov=144
[rx] {"t":"event","op":"msc.reads","ms":25537,"gap":4,"lba0":11769,"lba1":11777,"bytes":8192,"n":2,"kind":2,"ov":144}
[msc.reads] n=2 bytes=8192 lba=11769..11777 gap=4 ov=144
[rx] {"t":"event","op":"msc.reads","ms":25545,"gap":4,"lba0":11785,"lba1":11785,"bytes":4096,"n":1,"kind":2,"ov":144}
[msc.reads] n=1 bytes=4096 lba=11785..11785 gap=4 ov=144
[rx] {"t":"event","op":"msc.reads","ms":25548,"gap":3,"lba0":11793,"lba1":11793,"bytes":4096,"n":1,"kind":2,"ov":144}
[msc.reads] n=1 bytes=4096 lba=11793..11793 gap=3 ov=144
[rx] {"t":"event","op":"msc.reads","ms":25552,"gap":4,"lba0":11801,"lba1":11801,"bytes":4096,"n":1,"kind":2,"ov":144}
[msc.reads] n=1 bytes=4096 lba=11801..11801 gap=4 ov=144
[rx] {"t":"event","op":"msc.reads","ms":25556,"gap":4,"lba0":11809,"lba1":11809,"bytes":4096,"n":1,"kind":2,"ov":144}
[msc.reads] n=1 bytes=4096 lba=11809..11809 gap=4 ov=144
[rx] {"t":"event","op":"msc.reads","ms":25560,"gap":4,"lba0":11817,"lba1":11817,"bytes":4096,"n":1,"kind":2,"ov":144}
[msc.reads] n=1 bytes=4096 lba=11817..11817 gap=4 ov=144
[rx] {"t":"event","op":"msc.reads","ms":25564,"gap":4,"lba0":11825,"lba1":11825,"bytes":4096,"n":1,"kind":2,"ov":144}
[msc.reads] n=1 bytes=4096 lba=11825..11825 gap=4 ov=144
[rx] {"t":"event","op":"msc.reads","ms":25568,"gap":4,"lba0":11833,"lba1":11889,"bytes":32768,"n":8,"kind":2,"ov":144}
[msc.reads] n=8 bytes=32768 lba=11833..11889 gap=4 ov=144
[rx] {"t":"event","op":"msc.reads","ms":25598,"gap":4,"lba0":11897,"lba1":11897,"bytes":4096,"n":1,"kind":2,"ov":144}
[msc.reads] n=1 bytes=4096 lba=11897..11897 gap=4 ov=144
[rx] {"t":"event","op":"msc.reads","ms":25602,"gap":4,"lba0":11905,"lba1":11921,"bytes":12288,"n":3,"kind":2,"ov":144}
[msc.reads] n=3 bytes=12288 lba=11905..11921 gap=4 ov=144
[rx] {"t":"event","op":"msc.reads","ms":25613,"gap":4,"lba0":11929,"lba1":11929,"bytes":4096,"n":1,"kind":2,"ov":144}
[msc.reads] n=1 bytes=4096 lba=11929..11929 gap=4 ov=144
[rx] {"t":"event","op":"msc.reads","ms":25617,"gap":4,"lba0":11937,"lba1":11937,"bytes":4096,"n":1,"kind":2,"ov":144}
[msc.reads] n=1 bytes=4096 lba=11937..11937 gap=4 ov=144
[rx] {"t":"event","op":"msc.reads","ms":25621,"gap":4,"lba0":11945,"lba1":11945,"bytes":4096,"n":1,"kind":2,"ov":144}
[msc.reads] n=1 bytes=4096 lba=11945..11945 gap=4 ov=144
[rx] {"t":"event","op":"msc.reads","ms":25624,"gap":3,"lba0":11953,"lba1":11985,"bytes":20480,"n":5,"kind":2,"ov":144}
[msc.reads] n=5 bytes=20480 lba=11953..11985 gap=3 ov=144
[rx] {"t":"event","op":"msc.reads","ms":25643,"gap":4,"lba0":11993,"lba1":11993,"bytes":4096,"n":1,"kind":2,"ov":144}
[msc.reads] n=1 bytes=4096 lba=11993..11993 gap=4 ov=144
[rx] {"t":"event","op":"msc.reads","ms":25647,"gap":4,"lba0":12001,"lba1":12105,"bytes":57344,"n":14,"kind":2,"ov":144}
[msc.reads] n=14 bytes=57344 lba=12001..12105 gap=4 ov=144
[rx] {"t":"event","op":"msc.reads","ms":25698,"gap":3,"lba0":12113,"lba1":12113,"bytes":4096,"n":1,"kind":2,"ov":144}
[msc.reads] n=1 bytes=4096 lba=12113..12113 gap=3 ov=144
[rx] {"t":"event","op":"msc.reads","ms":25702,"gap":4,"lba0":12121,"lba1":12121,"bytes":4096,"n":1,"kind":2,"ov":144}
[msc.reads] n=1 bytes=4096 lba=12121..12121 gap=4 ov=144
[rx] {"t":"event","op":"msc.reads","ms":25706,"gap":4,"lba0":12129,"lba1":12129,"bytes":4096,"n":1,"kind":2,"ov":144}
[msc.reads] n=1 bytes=4096 lba=12129..12129 gap=4 ov=144
[rx] {"t":"event","op":"msc.reads","ms":25710,"gap":4,"lba0":12137,"lba1":12145,"bytes":8192,"n":2,"kind":2,"ov":144}
[msc.reads] n=2 bytes=8192 lba=12137..12145 gap=4 ov=144
[rx] {"t":"event","op":"msc.reads","ms":25718,"gap":4,"lba0":12153,"lba1":12153,"bytes":4096,"n":1,"kind":2,"ov":144}
[msc.reads] n=1 bytes=4096 lba=12153..12153 gap=4 ov=144
[rx] {"t":"event","op":"msc.reads","ms":25721,"gap":3,"lba0":12161,"lba1":12161,"bytes":4096,"n":1,"kind":2,"ov":144}
[msc.reads] n=1 bytes=4096 lba=12161..12161 gap=3 ov=144
[rx] {"t":"event","op":"msc.reads","ms":25725,"gap":4,"lba0":12169,"lba1":12169,"bytes":4096,"n":1,"kind":2,"ov":144}
[msc.reads] n=1 bytes=4096 lba=12169..12169 gap=4 ov=144
[rx] {"t":"event","op":"diag","code":"play.reject","detail":"not_from_head uid=1977938832270506073 from=2689 +4886528B age=24945ms prefetch"}
[msc] play.reject not_from_head uid=1977938832270506073 from=2689 +4886528B age=24945ms prefetch
[rx] {"t":"event","op":"msc.reads","ms":25729,"gap":4,"lba0":12177,"lba1":12225,"bytes":28672,"n":7,"kind":2,"ov":144}
[msc.reads] n=7 bytes=28672 lba=12177..12225 gap=4 ov=144
[rx] {"t":"event","op":"msc.reads","ms":25768,"gap":17,"lba0":12233,"lba1":12233,"bytes":4096,"n":1,"kind":2,"ov":144}
[msc.reads] n=1 bytes=4096 lba=12233..12233 gap=17 ov=144
[rx] {"t":"event","op":"msc.reads","ms":25772,"gap":4,"lba0":12241,"lba1":12241,"bytes":4096,"n":1,"kind":2,"ov":144}
[msc.reads] n=1 bytes=4096 lba=12241..12241 gap=4 ov=144
[rx] {"t":"event","op":"msc.reads","ms":25775,"gap":3,"lba0":12249,"lba1":12393,"bytes":77824,"n":19,"kind":2,"ov":144}
[msc.reads] n=19 bytes=77824 lba=12249..12393 gap=3 ov=144
[rx] {"t":"event","op":"msc.reads","ms":25845,"gap":4,"lba0":12401,"lba1":12401,"bytes":4096,"n":1,"kind":2,"ov":144}
[msc.reads] n=1 bytes=4096 lba=12401..12401 gap=4 ov=144
[rx] {"t":"event","op":"msc.reads","ms":25849,"gap":4,"lba0":12409,"lba1":12409,"bytes":4096,"n":1,"kind":2,"ov":144}
[msc.reads] n=1 bytes=4096 lba=12409..12409 gap=4 ov=144
[rx] {"t":"event","op":"msc.reads","ms":25853,"gap":4,"lba0":12417,"lba1":12417,"bytes":4096,"n":1,"kind":2,"ov":144}
[msc.reads] n=1 bytes=4096 lba=12417..12417 gap=4 ov=144
[rx] {"t":"event","op":"msc.reads","ms":25856,"gap":3,"lba0":12425,"lba1":12433,"bytes":8192,"n":2,"kind":2,"ov":144}
[msc.reads] n=2 bytes=8192 lba=12425..12433 gap=3 ov=144
[rx] {"t":"event","op":"msc.reads","ms":25864,"gap":4,"lba0":12441,"lba1":12441,"bytes":4096,"n":1,"kind":2,"ov":144}
[msc.reads] n=1 bytes=4096 lba=12441..12441 gap=4 ov=144
[rx] {"t":"event","op":"msc.reads","ms":25868,"gap":4,"lba0":12449,"lba1":12449,"bytes":4096,"n":1,"kind":2,"ov":144}
[msc.reads] n=1 bytes=4096 lba=12449..12449 gap=4 ov=144
[rx] {"t":"event","op":"msc.reads","ms":25872,"gap":4,"lba0":12457,"lba1":12513,"bytes":32768,"n":8,"kind":2,"ov":144}
[msc.reads] n=8 bytes=32768 lba=12457..12513 gap=4 ov=144
[rx] {"t":"event","op":"msc.reads","ms":25901,"gap":4,"lba0":12521,"lba1":12521,"bytes":4096,"n":1,"kind":2,"ov":144}
[msc.reads] n=1 bytes=4096 lba=12521..12521 gap=4 ov=144
[rx] {"t":"event","op":"msc.reads","ms":25905,"gap":4,"lba0":12529,"lba1":12625,"bytes":53248,"n":13,"kind":2,"ov":144}
[msc.reads] n=13 bytes=53248 lba=12529..12625 gap=4 ov=144
[rx] {"t":"event","op":"msc.reads","ms":25953,"gap":4,"lba0":12633,"lba1":12633,"bytes":4096,"n":1,"kind":2,"ov":144}
[msc.reads] n=1 bytes=4096 lba=12633..12633 gap=4 ov=144
[rx] {"t":"event","op":"msc.reads","ms":25957,"gap":4,"lba0":12641,"lba1":12641,"bytes":4096,"n":1,"kind":2,"ov":144}
[msc.reads] n=1 bytes=4096 lba=12641..12641 gap=4 ov=144
[rx] {"t":"event","op":"msc.reads","ms":25961,"gap":4,"lba0":12649,"lba1":12649,"bytes":4096,"n":1,"kind":2,"ov":144}
[msc.reads] n=1 bytes=4096 lba=12649..12649 gap=4 ov=144
[rx] {"t":"event","op":"msc.reads","ms":25965,"gap":4,"lba0":12657,"lba1":12657,"bytes":4096,"n":1,"kind":2,"ov":144}
[msc.reads] n=1 bytes=4096 lba=12657..12657 gap=4 ov=144
[rx] {"t":"event","op":"msc.reads","ms":25968,"gap":3,"lba0":12665,"lba1":12665,"bytes":4096,"n":1,"kind":2,"ov":144}
[msc.reads] n=1 bytes=4096 lba=12665..12665 gap=3 ov=144
[rx] {"t":"event","op":"msc.reads","ms":25972,"gap":4,"lba0":12673,"lba1":12729,"bytes":32768,"n":8,"kind":2,"ov":144}
[msc.reads] n=8 bytes=32768 lba=12673..12729 gap=4 ov=144
[rx] {"t":"event","op":"msc.reads","ms":26001,"gap":3,"lba0":12737,"lba1":12745,"bytes":8192,"n":2,"kind":2,"ov":144}
[msc.reads] n=2 bytes=8192 lba=12737..12745 gap=3 ov=144
[rx] {"t":"event","op":"msc.reads","ms":26009,"gap":4,"lba0":12753,"lba1":12753,"bytes":4096,"n":1,"kind":2,"ov":144}
[msc.reads] n=1 bytes=4096 lba=12753..12753 gap=4 ov=144
[rx] {"t":"event","op":"msc.reads","ms":26013,"gap":4,"lba0":12761,"lba1":12777,"bytes":12288,"n":3,"kind":2,"ov":144}
[msc.reads] n=3 bytes=12288 lba=12761..12777 gap=4 ov=144
[rx] {"t":"event","op":"msc.reads","ms":26024,"gap":4,"lba0":12785,"lba1":12785,"bytes":4096,"n":1,"kind":2,"ov":144}
[msc.reads] n=1 bytes=4096 lba=12785..12785 gap=4 ov=144
[rx] {"t":"event","op":"msc.reads","ms":26028,"gap":4,"lba0":12793,"lba1":12793,"bytes":4096,"n":1,"kind":2,"ov":144}
[msc.reads] n=1 bytes=4096 lba=12793..12793 gap=4 ov=144
[rx] {"t":"event","op":"msc.reads","ms":26032,"gap":4,"lba0":12801,"lba1":12801,"bytes":4096,"n":1,"kind":2,"ov":144}
[msc.reads] n=1 bytes=4096 lba=12801..12801 gap=4 ov=144
[rx] {"t":"event","op":"msc.reads","ms":26036,"gap":4,"lba0":12809,"lba1":12809,"bytes":4096,"n":1,"kind":2,"ov":144}
[msc.reads] n=1 bytes=4096 lba=12809..12809 gap=4 ov=144
[rx] {"t":"event","op":"msc.reads","ms":26044,"gap":8,"lba0":12817,"lba1":12817,"bytes":4096,"n":1,"kind":2,"ov":144}
[msc.reads] n=1 bytes=4096 lba=12817..12817 gap=8 ov=144
[rx] {"t":"event","op":"msc.reads","ms":26049,"gap":5,"lba0":12825,"lba1":12825,"bytes":4096,"n":1,"kind":2,"ov":144}
[msc.reads] n=1 bytes=4096 lba=12825..12825 gap=5 ov=144
[rx] {"t":"event","op":"msc.reads","ms":26052,"gap":3,"lba0":12833,"lba1":12833,"bytes":4096,"n":1,"kind":2,"ov":144}
[msc.reads] n=1 bytes=4096 lba=12833..12833 gap=3 ov=144
[rx] {"t":"event","op":"msc.reads","ms":26056,"gap":4,"lba0":12841,"lba1":12841,"bytes":4096,"n":1,"kind":2,"ov":144}
[msc.reads] n=1 bytes=4096 lba=12841..12841 gap=4 ov=144
[rx] {"t":"event","op":"msc.reads","ms":26060,"gap":4,"lba0":12849,"lba1":12849,"bytes":4096,"n":1,"kind":2,"ov":144}
[msc.reads] n=1 bytes=4096 lba=12849..12849 gap=4 ov=144
[rx] {"t":"event","op":"msc.reads","ms":26064,"gap":4,"lba0":12857,"lba1":12857,"bytes":4096,"n":1,"kind":2,"ov":144}
[msc.reads] n=1 bytes=4096 lba=12857..12857 gap=4 ov=144
[rx] {"t":"event","op":"msc.reads","ms":26068,"gap":4,"lba0":12865,"lba1":12865,"bytes":4096,"n":1,"kind":2,"ov":144}
[msc.reads] n=1 bytes=4096 lba=12865..12865 gap=4 ov=144
[rx] {"t":"event","op":"msc.reads","ms":26072,"gap":4,"lba0":12873,"lba1":12881,"bytes":8192,"n":2,"kind":2,"ov":144}
[msc.reads] n=2 bytes=8192 lba=12873..12881 gap=4 ov=144
[rx] {"t":"event","op":"msc.reads","ms":26079,"gap":4,"lba0":12889,"lba1":12889,"bytes":4096,"n":1,"kind":2,"ov":144}
[msc.reads] n=1 bytes=4096 lba=12889..12889 gap=4 ov=144
[rx] {"t":"event","op":"msc.reads","ms":26083,"gap":4,"lba0":12897,"lba1":12897,"bytes":4096,"n":1,"kind":2,"ov":144}
[msc.reads] n=1 bytes=4096 lba=12897..12897 gap=4 ov=144
[rx] {"t":"event","op":"msc.reads","ms":26087,"gap":4,"lba0":12905,"lba1":12905,"bytes":4096,"n":1,"kind":2,"ov":144}
[msc.reads] n=1 bytes=4096 lba=12905..12905 gap=4 ov=144
[rx] {"t":"event","op":"msc.reads","ms":26091,"gap":4,"lba0":12913,"lba1":12913,"bytes":4096,"n":1,"kind":2,"ov":144}
[msc.reads] n=1 bytes=4096 lba=12913..12913 gap=4 ov=144
[rx] {"t":"event","op":"msc.reads","ms":26095,"gap":4,"lba0":12921,"lba1":12921,"bytes":4096,"n":1,"kind":2,"ov":144}
[msc.reads] n=1 bytes=4096 lba=12921..12921 gap=4 ov=144
[rx] {"t":"event","op":"msc.reads","ms":26098,"gap":3,"lba0":12929,"lba1":12937,"bytes":8192,"n":2,"kind":2,"ov":144}
[msc.reads] n=2 bytes=8192 lba=12929..12937 gap=3 ov=144
[rx] {"t":"event","op":"msc.reads","ms":26106,"gap":4,"lba0":12945,"lba1":12945,"bytes":4096,"n":1,"kind":2,"ov":144}
[msc.reads] n=1 bytes=4096 lba=12945..12945 gap=4 ov=144
[rx] {"t":"event","op":"msc.reads","ms":26110,"gap":4,"lba0":12953,"lba1":12953,"bytes":4096,"n":1,"kind":2,"ov":144}
[msc.reads] n=1 bytes=4096 lba=12953..12953 gap=4 ov=144
[rx] {"t":"event","op":"msc.reads","ms":26114,"gap":4,"lba0":12961,"lba1":12961,"bytes":4096,"n":1,"kind":2,"ov":144}
[msc.reads] n=1 bytes=4096 lba=12961..12961 gap=4 ov=144
[rx] {"t":"event","op":"msc.reads","ms":26118,"gap":4,"lba0":12969,"lba1":12969,"bytes":4096,"n":1,"kind":2,"ov":144}
[msc.reads] n=1 bytes=4096 lba=12969..12969 gap=4 ov=144
[rx] {"t":"event","op":"msc.reads","ms":26122,"gap":4,"lba0":12977,"lba1":12977,"bytes":4096,"n":1,"kind":2,"ov":144}
[msc.reads] n=1 bytes=4096 lba=12977..12977 gap=4 ov=144
[rx] {"t":"event","op":"msc.reads","ms":26126,"gap":4,"lba0":12985,"lba1":12985,"bytes":4096,"n":1,"kind":2,"ov":144}
[msc.reads] n=1 bytes=4096 lba=12985..12985 gap=4 ov=144
[rx] {"t":"event","op":"msc.reads","ms":26129,"gap":3,"lba0":12993,"lba1":13001,"bytes":8192,"n":2,"kind":2,"ov":144}
[msc.reads] n=2 bytes=8192 lba=12993..13001 gap=3 ov=144
[rx] {"t":"event","op":"msc.reads","ms":26137,"gap":4,"lba0":13009,"lba1":13009,"bytes":4096,"n":1,"kind":2,"ov":144}
[msc.reads] n=1 bytes=4096 lba=13009..13009 gap=4 ov=144
[rx] {"t":"event","op":"msc.reads","ms":26141,"gap":4,"lba0":13017,"lba1":13017,"bytes":4096,"n":1,"kind":2,"ov":144}
[msc.reads] n=1 bytes=4096 lba=13017..13017 gap=4 ov=144
[rx] {"t":"event","op":"msc.reads","ms":26145,"gap":4,"lba0":13025,"lba1":13025,"bytes":4096,"n":1,"kind":2,"ov":144}
[msc.reads] n=1 bytes=4096 lba=13025..13025 gap=4 ov=144
[rx] {"t":"event","op":"msc.reads","ms":26149,"gap":4,"lba0":13033,"lba1":13033,"bytes":4096,"n":1,"kind":2,"ov":144}
[msc.reads] n=1 bytes=4096 lba=13033..13033 gap=4 ov=144
[rx] {"t":"event","op":"msc.reads","ms":26153,"gap":4,"lba0":13041,"lba1":13041,"bytes":4096,"n":1,"kind":2,"ov":144}
[msc.reads] n=1 bytes=4096 lba=13041..13041 gap=4 ov=144
[rx] {"t":"event","op":"msc.reads","ms":26156,"gap":3,"lba0":13049,"lba1":13049,"bytes":4096,"n":1,"kind":2,"ov":144}
[msc.reads] n=1 bytes=4096 lba=13049..13049 gap=3 ov=144
[rx] {"t":"event","op":"msc.reads","ms":26161,"gap":5,"lba0":13057,"lba1":13057,"bytes":4096,"n":1,"kind":2,"ov":144}
[msc.reads] n=1 bytes=4096 lba=13057..13057 gap=5 ov=144
[rx] {"t":"event","op":"msc.reads","ms":26165,"gap":4,"lba0":13065,"lba1":13065,"bytes":4096,"n":1,"kind":2,"ov":144}
[msc.reads] n=1 bytes=4096 lba=13065..13065 gap=4 ov=144
[rx] {"t":"event","op":"msc.reads","ms":26168,"gap":3,"lba0":13073,"lba1":13081,"bytes":8192,"n":2,"kind":2,"ov":144}
[msc.reads] n=2 bytes=8192 lba=13073..13081 gap=3 ov=144
[rx] {"t":"event","op":"msc.reads","ms":26176,"gap":4,"lba0":13089,"lba1":13089,"bytes":4096,"n":1,"kind":2,"ov":144}
[msc.reads] n=1 bytes=4096 lba=13089..13089 gap=4 ov=144
[rx] {"t":"event","op":"msc.reads","ms":26180,"gap":4,"lba0":13097,"lba1":13097,"bytes":4096,"n":1,"kind":2,"ov":144}
[msc.reads] n=1 bytes=4096 lba=13097..13097 gap=4 ov=144
[rx] {"t":"event","op":"msc.reads","ms":26184,"gap":4,"lba0":13105,"lba1":13105,"bytes":4096,"n":1,"kind":2,"ov":144}
[msc.reads] n=1 bytes=4096 lba=13105..13105 gap=4 ov=144
[rx] {"t":"event","op":"msc.reads","ms":26188,"gap":4,"lba0":13113,"lba1":13161,"bytes":28672,"n":7,"kind":2,"ov":144}
[msc.reads] n=7 bytes=28672 lba=13113..13161 gap=4 ov=144
[rx] {"t":"event","op":"msc.reads","ms":26213,"gap":3,"lba0":13169,"lba1":13193,"bytes":16384,"n":4,"kind":2,"ov":144}
[msc.reads] n=4 bytes=16384 lba=13169..13193 gap=3 ov=144
[rx] {"t":"event","op":"msc.reads","ms":26228,"gap":3,"lba0":13201,"lba1":13201,"bytes":4096,"n":1,"kind":2,"ov":144}
[msc.reads] n=1 bytes=4096 lba=13201..13201 gap=3 ov=144
[rx] {"t":"event","op":"msc.reads","ms":26232,"gap":4,"lba0":13209,"lba1":13209,"bytes":4096,"n":1,"kind":2,"ov":144}
[msc.reads] n=1 bytes=4096 lba=13209..13209 gap=4 ov=144
[rx] {"t":"event","op":"msc.reads","ms":26236,"gap":4,"lba0":13217,"lba1":13217,"bytes":4096,"n":1,"kind":2,"ov":144}
[msc.reads] n=1 bytes=4096 lba=13217..13217 gap=4 ov=144
[rx] {"t":"event","op":"msc.reads","ms":26240,"gap":4,"lba0":13225,"lba1":13257,"bytes":20480,"n":5,"kind":2,"ov":144}
[msc.reads] n=5 bytes=20480 lba=13225..13257 gap=4 ov=144
[rx] {"t":"event","op":"msc.reads","ms":26259,"gap":4,"lba0":13265,"lba1":13353,"bytes":49152,"n":12,"kind":2,"ov":144}
[msc.reads] n=12 bytes=49152 lba=13265..13353 gap=4 ov=144
[rx] {"t":"event","op":"msc.reads","ms":26303,"gap":4,"lba0":13361,"lba1":13361,"bytes":4096,"n":1,"kind":2,"ov":144}
[msc.reads] n=1 bytes=4096 lba=13361..13361 gap=4 ov=144
[rx] {"t":"event","op":"msc.reads","ms":26307,"gap":4,"lba0":13369,"lba1":13369,"bytes":4096,"n":1,"kind":2,"ov":144}
[msc.reads] n=1 bytes=4096 lba=13369..13369 gap=4 ov=144
[rx] {"t":"event","op":"msc.reads","ms":26311,"gap":4,"lba0":13377,"lba1":13377,"bytes":4096,"n":1,"kind":2,"ov":144}
[msc.reads] n=1 bytes=4096 lba=13377..13377 gap=4 ov=144
[rx] {"t":"event","op":"msc.reads","ms":26314,"gap":3,"lba0":13385,"lba1":13401,"bytes":12288,"n":3,"kind":2,"ov":144}
[msc.reads] n=3 bytes=12288 lba=13385..13401 gap=3 ov=144
[rx] {"t":"event","op":"msc.reads","ms":26325,"gap":3,"lba0":13409,"lba1":13409,"bytes":4096,"n":1,"kind":2,"ov":144}
[msc.reads] n=1 bytes=4096 lba=13409..13409 gap=3 ov=144
[rx] {"t":"event","op":"msc.reads","ms":26329,"gap":4,"lba0":13417,"lba1":13417,"bytes":4096,"n":1,"kind":2,"ov":144}
[msc.reads] n=1 bytes=4096 lba=13417..13417 gap=4 ov=144
[rx] {"t":"event","op":"msc.reads","ms":26333,"gap":4,"lba0":13425,"lba1":13633,"bytes":110592,"n":27,"kind":2,"ov":144}
[msc.reads] n=27 bytes=110592 lba=13425..13633 gap=4 ov=144
[rx] {"t":"event","op":"msc.reads","ms":26434,"gap":4,"lba0":13641,"lba1":13641,"bytes":4096,"n":1,"kind":2,"ov":144}
[msc.reads] n=1 bytes=4096 lba=13641..13641 gap=4 ov=144
[rx] {"t":"event","op":"msc.reads","ms":26438,"gap":4,"lba0":13649,"lba1":13649,"bytes":4096,"n":1,"kind":2,"ov":144}
[msc.reads] n=1 bytes=4096 lba=13649..13649 gap=4 ov=144
[rx] {"t":"event","op":"msc.reads","ms":26442,"gap":4,"lba0":13657,"lba1":13657,"bytes":4096,"n":1,"kind":2,"ov":144}
[msc.reads] n=1 bytes=4096 lba=13657..13657 gap=4 ov=144
[rx] {"t":"event","op":"msc.reads","ms":26446,"gap":4,"lba0":13665,"lba1":13665,"bytes":4096,"n":1,"kind":2,"ov":144}
[msc.reads] n=1 bytes=4096 lba=13665..13665 gap=4 ov=144
[rx] {"t":"event","op":"msc.reads","ms":26449,"gap":3,"lba0":13673,"lba1":13745,"bytes":40960,"n":10,"kind":2,"ov":144}
[msc.reads] n=10 bytes=40960 lba=13673..13745 gap=3 ov=144
[rx] {"t":"event","op":"msc.reads","ms":26487,"gap":4,"lba0":13753,"lba1":13753,"bytes":4096,"n":1,"kind":2,"ov":144}
[msc.reads] n=1 bytes=4096 lba=13753..13753 gap=4 ov=144
[rx] {"t":"event","op":"msc.reads","ms":26491,"gap":4,"lba0":13761,"lba1":13769,"bytes":8192,"n":2,"kind":2,"ov":144}
[msc.reads] n=2 bytes=8192 lba=13761..13769 gap=4 ov=144
[rx] {"t":"event","op":"msc.reads","ms":26498,"gap":4,"lba0":13777,"lba1":13777,"bytes":4096,"n":1,"kind":2,"ov":144}
[msc.reads] n=1 bytes=4096 lba=13777..13777 gap=4 ov=144
[rx] {"t":"event","op":"msc.reads","ms":26502,"gap":4,"lba0":13785,"lba1":13785,"bytes":4096,"n":1,"kind":2,"ov":144}
[msc.reads] n=1 bytes=4096 lba=13785..13785 gap=4 ov=144
[rx] {"t":"event","op":"msc.reads","ms":26506,"gap":4,"lba0":13793,"lba1":13793,"bytes":4096,"n":1,"kind":2,"ov":144}
[msc.reads] n=1 bytes=4096 lba=13793..13793 gap=4 ov=144
[rx] {"t":"event","op":"msc.reads","ms":26510,"gap":4,"lba0":13801,"lba1":13801,"bytes":4096,"n":1,"kind":2,"ov":144}
[msc.reads] n=1 bytes=4096 lba=13801..13801 gap=4 ov=144
[rx] {"t":"event","op":"msc.reads","ms":26514,"gap":4,"lba0":13809,"lba1":13809,"bytes":4096,"n":1,"kind":2,"ov":144}
[msc.reads] n=1 bytes=4096 lba=13809..13809 gap=4 ov=144
[rx] {"t":"event","op":"msc.reads","ms":26518,"gap":4,"lba0":13817,"lba1":13817,"bytes":4096,"n":1,"kind":2,"ov":144}
[msc.reads] n=1 bytes=4096 lba=13817..13817 gap=4 ov=144
[rx] {"t":"event","op":"msc.reads","ms":26522,"gap":4,"lba0":13825,"lba1":13825,"bytes":4096,"n":1,"kind":2,"ov":144}
[msc.reads] n=1 bytes=4096 lba=13825..13825 gap=4 ov=144
[rx] {"t":"event","op":"msc.reads","ms":26526,"gap":4,"lba0":13833,"lba1":13833,"bytes":4096,"n":1,"kind":2,"ov":144}
[msc.reads] n=1 bytes=4096 lba=13833..13833 gap=4 ov=144
[rx] {"t":"event","op":"msc.reads","ms":26530,"gap":4,"lba0":13841,"lba1":13841,"bytes":4096,"n":1,"kind":2,"ov":144}
[msc.reads] n=1 bytes=4096 lba=13841..13841 gap=4 ov=144
[rx] {"t":"event","op":"msc.reads","ms":26534,"gap":4,"lba0":13849,"lba1":13849,"bytes":4096,"n":1,"kind":2,"ov":144}
[msc.reads] n=1 bytes=4096 lba=13849..13849 gap=4 ov=144
[rx] {"t":"event","op":"msc.reads","ms":26537,"gap":3,"lba0":13857,"lba1":13857,"bytes":4096,"n":1,"kind":2,"ov":144}
[msc.reads] n=1 bytes=4096 lba=13857..13857 gap=3 ov=144
[rx] {"t":"event","op":"msc.reads","ms":26541,"gap":4,"lba0":13865,"lba1":13865,"bytes":4096,"n":1,"kind":2,"ov":144}
[msc.reads] n=1 bytes=4096 lba=13865..13865 gap=4 ov=144
[rx] {"t":"event","op":"msc.reads","ms":26545,"gap":4,"lba0":13873,"lba1":13873,"bytes":4096,"n":1,"kind":2,"ov":144}
[msc.reads] n=1 bytes=4096 lba=13873..13873 gap=4 ov=144
[rx] {"t":"event","op":"msc.reads","ms":26549,"gap":4,"lba0":13881,"lba1":13881,"bytes":4096,"n":1,"kind":2,"ov":144}
[msc.reads] n=1 bytes=4096 lba=13881..13881 gap=4 ov=144
[rx] {"t":"event","op":"diag","code":"play.reject","detail":"not_from_head uid=1977938832270506073 from=2689 +5738496B age=25747ms prefetch"}
[msc] play.reject not_from_head uid=1977938832270506073 from=2689 +5738496B age=25747ms prefetch
[rx] {"t":"event","op":"msc.reads","ms":26553,"gap":4,"lba0":13889,"lba1":13889,"bytes":4096,"n":1,"kind":2,"ov":144}
[msc.reads] n=1 bytes=4096 lba=13889..13889 gap=4 ov=144
[rx] {"t":"event","op":"msc.reads","ms":26571,"gap":18,"lba0":13897,"lba1":13897,"bytes":4096,"n":1,"kind":2,"ov":144}
[msc.reads] n=1 bytes=4096 lba=13897..13897 gap=18 ov=144
[rx] {"t":"event","op":"msc.reads","ms":26575,"gap":4,"lba0":13905,"lba1":13905,"bytes":4096,"n":1,"kind":2,"ov":144}
[msc.reads] n=1 bytes=4096 lba=13905..13905 gap=4 ov=144
[rx] {"t":"event","op":"msc.reads","ms":26579,"gap":4,"lba0":13913,"lba1":13913,"bytes":4096,"n":1,"kind":2,"ov":144}
[msc.reads] n=1 bytes=4096 lba=13913..13913 gap=4 ov=144
[rx] {"t":"event","op":"msc.reads","ms":26583,"gap":4,"lba0":13921,"lba1":13921,"bytes":4096,"n":1,"kind":2,"ov":144}
[msc.reads] n=1 bytes=4096 lba=13921..13921 gap=4 ov=144
[rx] {"t":"event","op":"msc.reads","ms":26587,"gap":4,"lba0":13929,"lba1":13929,"bytes":4096,"n":1,"kind":2,"ov":144}
[msc.reads] n=1 bytes=4096 lba=13929..13929 gap=4 ov=144
[rx] {"t":"event","op":"msc.reads","ms":26590,"gap":3,"lba0":13937,"lba1":14001,"bytes":36864,"n":9,"kind":2,"ov":144}
[msc.reads] n=9 bytes=36864 lba=13937..14001 gap=3 ov=144
[rx] {"t":"event","op":"msc.reads","ms":26624,"gap":4,"lba0":14009,"lba1":14009,"bytes":4096,"n":1,"kind":2,"ov":144}
[msc.reads] n=1 bytes=4096 lba=14009..14009 gap=4 ov=144
[rx] {"t":"event","op":"msc.reads","ms":26628,"gap":4,"lba0":14017,"lba1":14017,"bytes":4096,"n":1,"kind":2,"ov":144}
[msc.reads] n=1 bytes=4096 lba=14017..14017 gap=4 ov=144
[rx] {"t":"event","op":"msc.reads","ms":26632,"gap":4,"lba0":14025,"lba1":14041,"bytes":12288,"n":3,"kind":2,"ov":144}
[msc.reads] n=3 bytes=12288 lba=14025..14041 gap=4 ov=144
[rx] {"t":"event","op":"msc.reads","ms":26643,"gap":4,"lba0":14049,"lba1":14097,"bytes":28672,"n":7,"kind":2,"ov":144}
[msc.reads] n=7 bytes=28672 lba=14049..14097 gap=4 ov=144
[rx] {"t":"event","op":"msc.reads","ms":26669,"gap":4,"lba0":14105,"lba1":14105,"bytes":4096,"n":1,"kind":2,"ov":144}
[msc.reads] n=1 bytes=4096 lba=14105..14105 gap=4 ov=144
[rx] {"t":"event","op":"msc.reads","ms":26673,"gap":4,"lba0":14113,"lba1":14113,"bytes":4096,"n":1,"kind":2,"ov":144}
[msc.reads] n=1 bytes=4096 lba=14113..14113 gap=4 ov=144
[rx] {"t":"event","op":"msc.reads","ms":26676,"gap":3,"lba0":14121,"lba1":14121,"bytes":4096,"n":1,"kind":2,"ov":144}
[msc.reads] n=1 bytes=4096 lba=14121..14121 gap=3 ov=144
[rx] {"t":"event","op":"msc.reads","ms":26680,"gap":4,"lba0":14129,"lba1":14209,"bytes":45056,"n":11,"kind":2,"ov":144}
[msc.reads] n=11 bytes=45056 lba=14129..14209 gap=4 ov=144
[rx] {"t":"event","op":"msc.reads","ms":26721,"gap":4,"lba0":14217,"lba1":14217,"bytes":4096,"n":1,"kind":2,"ov":144}
[msc.reads] n=1 bytes=4096 lba=14217..14217 gap=4 ov=144
[rx] {"t":"event","op":"msc.reads","ms":26725,"gap":4,"lba0":14225,"lba1":14225,"bytes":4096,"n":1,"kind":2,"ov":144}
[msc.reads] n=1 bytes=4096 lba=14225..14225 gap=4 ov=144
[rx] {"t":"event","op":"msc.reads","ms":26729,"gap":4,"lba0":14233,"lba1":14233,"bytes":4096,"n":1,"kind":2,"ov":144}
[msc.reads] n=1 bytes=4096 lba=14233..14233 gap=4 ov=144
[rx] {"t":"event","op":"msc.reads","ms":26733,"gap":4,"lba0":14241,"lba1":14241,"bytes":4096,"n":1,"kind":2,"ov":144}
[msc.reads] n=1 bytes=4096 lba=14241..14241 gap=4 ov=144
[rx] {"t":"event","op":"msc.reads","ms":26736,"gap":3,"lba0":14249,"lba1":14249,"bytes":4096,"n":1,"kind":2,"ov":144}
[msc.reads] n=1 bytes=4096 lba=14249..14249 gap=3 ov=144
[rx] {"t":"event","op":"msc.reads","ms":26741,"gap":5,"lba0":14257,"lba1":14265,"bytes":8192,"n":2,"kind":2,"ov":144}
[msc.reads] n=2 bytes=8192 lba=14257..14265 gap=5 ov=144
[rx] {"t":"event","op":"msc.reads","ms":26748,"gap":4,"lba0":14273,"lba1":14273,"bytes":4096,"n":1,"kind":2,"ov":144}
[msc.reads] n=1 bytes=4096 lba=14273..14273 gap=4 ov=144
[rx] {"t":"event","op":"msc.reads","ms":26752,"gap":4,"lba0":14281,"lba1":14281,"bytes":4096,"n":1,"kind":2,"ov":144}
[msc.reads] n=1 bytes=4096 lba=14281..14281 gap=4 ov=144
[rx] {"t":"event","op":"msc.reads","ms":26756,"gap":4,"lba0":14289,"lba1":14417,"bytes":69632,"n":17,"kind":2,"ov":144}
[msc.reads] n=17 bytes=69632 lba=14289..14417 gap=4 ov=144
[rx] {"t":"event","op":"msc.reads","ms":26818,"gap":4,"lba0":14425,"lba1":14425,"bytes":4096,"n":1,"kind":2,"ov":144}
[msc.reads] n=1 bytes=4096 lba=14425..14425 gap=4 ov=144
[rx] {"t":"event","op":"msc.reads","ms":26821,"gap":3,"lba0":14433,"lba1":14441,"bytes":8192,"n":2,"kind":2,"ov":144}
[msc.reads] n=2 bytes=8192 lba=14433..14441 gap=3 ov=144
[rx] {"t":"event","op":"msc.reads","ms":26829,"gap":4,"lba0":14449,"lba1":14449,"bytes":4096,"n":1,"kind":2,"ov":144}
[msc.reads] n=1 bytes=4096 lba=14449..14449 gap=4 ov=144
[rx] {"t":"event","op":"msc.reads","ms":26833,"gap":4,"lba0":14457,"lba1":14457,"bytes":4096,"n":1,"kind":2,"ov":144}
[msc.reads] n=1 bytes=4096 lba=14457..14457 gap=4 ov=144
[rx] {"t":"event","op":"msc.reads","ms":26837,"gap":4,"lba0":14465,"lba1":14465,"bytes":4096,"n":1,"kind":2,"ov":144}
[msc.reads] n=1 bytes=4096 lba=14465..14465 gap=4 ov=144
[rx] {"t":"event","op":"msc.reads","ms":26841,"gap":4,"lba0":14473,"lba1":14473,"bytes":4096,"n":1,"kind":2,"ov":144}
[msc.reads] n=1 bytes=4096 lba=14473..14473 gap=4 ov=144
[rx] {"t":"event","op":"msc.reads","ms":26844,"gap":3,"lba0":14481,"lba1":14537,"bytes":32768,"n":8,"kind":2,"ov":144}
[msc.reads] n=8 bytes=32768 lba=14481..14537 gap=3 ov=144
[rx] {"t":"event","op":"msc.reads","ms":26874,"gap":4,"lba0":14545,"lba1":14577,"bytes":20480,"n":5,"kind":2,"ov":144}
[msc.reads] n=5 bytes=20480 lba=14545..14577 gap=4 ov=144
[rx] {"t":"event","op":"msc.reads","ms":26893,"gap":4,"lba0":14585,"lba1":14585,"bytes":4096,"n":1,"kind":2,"ov":144}
[msc.reads] n=1 bytes=4096 lba=14585..14585 gap=4 ov=144
[rx] {"t":"event","op":"msc.reads","ms":26897,"gap":4,"lba0":14593,"lba1":14593,"bytes":4096,"n":1,"kind":2,"ov":144}
[msc.reads] n=1 bytes=4096 lba=14593..14593 gap=4 ov=144
[rx] {"t":"event","op":"msc.reads","ms":26901,"gap":4,"lba0":14601,"lba1":14601,"bytes":4096,"n":1,"kind":2,"ov":144}
[msc.reads] n=1 bytes=4096 lba=14601..14601 gap=4 ov=144
[rx] {"t":"event","op":"msc.reads","ms":26905,"gap":4,"lba0":14609,"lba1":14665,"bytes":32768,"n":8,"kind":2,"ov":144}
[msc.reads] n=8 bytes=32768 lba=14609..14665 gap=4 ov=144
[rx] {"t":"event","op":"msc.reads","ms":26934,"gap":4,"lba0":14673,"lba1":14689,"bytes":12288,"n":3,"kind":2,"ov":144}
[msc.reads] n=3 bytes=12288 lba=14673..14689 gap=4 ov=144
[rx] {"t":"event","op":"msc.reads","ms":26945,"gap":4,"lba0":14697,"lba1":14697,"bytes":4096,"n":1,"kind":2,"ov":144}
[msc.reads] n=1 bytes=4096 lba=14697..14697 gap=4 ov=144
[rx] {"t":"event","op":"msc.reads","ms":26949,"gap":4,"lba0":14705,"lba1":14705,"bytes":4096,"n":1,"kind":2,"ov":144}
[msc.reads] n=1 bytes=4096 lba=14705..14705 gap=4 ov=144
[rx] {"t":"event","op":"msc.reads","ms":26953,"gap":4,"lba0":14713,"lba1":14713,"bytes":4096,"n":1,"kind":2,"ov":144}
[msc.reads] n=1 bytes=4096 lba=14713..14713 gap=4 ov=144
[rx] {"t":"event","op":"msc.reads","ms":26957,"gap":4,"lba0":14721,"lba1":14753,"bytes":20480,"n":5,"kind":2,"ov":144}
[msc.reads] n=5 bytes=20480 lba=14721..14753 gap=4 ov=144
[rx] {"t":"event","op":"msc.reads","ms":26976,"gap":4,"lba0":14761,"lba1":14849,"bytes":49152,"n":12,"kind":2,"ov":144}
[msc.reads] n=12 bytes=49152 lba=14761..14849 gap=4 ov=144
[rx] {"t":"event","op":"msc.reads","ms":27020,"gap":4,"lba0":14857,"lba1":14857,"bytes":4096,"n":1,"kind":2,"ov":144}
[msc.reads] n=1 bytes=4096 lba=14857..14857 gap=4 ov=144
[rx] {"t":"event","op":"msc.reads","ms":27024,"gap":4,"lba0":14865,"lba1":14865,"bytes":4096,"n":1,"kind":2,"ov":144}
[msc.reads] n=1 bytes=4096 lba=14865..14865 gap=4 ov=144
[rx] {"t":"event","op":"msc.reads","ms":27027,"gap":3,"lba0":14873,"lba1":14881,"bytes":8192,"n":2,"kind":2,"ov":144}
[msc.reads] n=2 bytes=8192 lba=14873..14881 gap=3 ov=144
[rx] {"t":"event","op":"msc.reads","ms":27035,"gap":4,"lba0":14889,"lba1":14889,"bytes":4096,"n":1,"kind":2,"ov":144}
[msc.reads] n=1 bytes=4096 lba=14889..14889 gap=4 ov=144
[rx] {"t":"event","op":"msc.reads","ms":27039,"gap":4,"lba0":14897,"lba1":14953,"bytes":32768,"n":8,"kind":2,"ov":144}
[msc.reads] n=8 bytes=32768 lba=14897..14953 gap=4 ov=144
[rx] {"t":"event","op":"msc.reads","ms":27068,"gap":4,"lba0":14961,"lba1":14961,"bytes":4096,"n":1,"kind":2,"ov":144}
[msc.reads] n=1 bytes=4096 lba=14961..14961 gap=4 ov=144
[rx] {"t":"event","op":"msc.reads","ms":27072,"gap":4,"lba0":14969,"lba1":14969,"bytes":4096,"n":1,"kind":2,"ov":144}
[msc.reads] n=1 bytes=4096 lba=14969..14969 gap=4 ov=144
[rx] {"t":"event","op":"msc.reads","ms":27077,"gap":5,"lba0":14977,"lba1":14977,"bytes":4096,"n":1,"kind":2,"ov":144}
[msc.reads] n=1 bytes=4096 lba=14977..14977 gap=5 ov=144
[rx] {"t":"event","op":"msc.reads","ms":27080,"gap":3,"lba0":14985,"lba1":14993,"bytes":8192,"n":2,"kind":2,"ov":144}
[msc.reads] n=2 bytes=8192 lba=14985..14993 gap=3 ov=144
[rx] {"t":"event","op":"msc.reads","ms":27088,"gap":4,"lba0":15001,"lba1":15001,"bytes":4096,"n":1,"kind":2,"ov":144}
[msc.reads] n=1 bytes=4096 lba=15001..15001 gap=4 ov=144
[rx] {"t":"event","op":"msc.reads","ms":27092,"gap":4,"lba0":15009,"lba1":15009,"bytes":4096,"n":1,"kind":2,"ov":144}
[msc.reads] n=1 bytes=4096 lba=15009..15009 gap=4 ov=144
[rx] {"t":"event","op":"msc.reads","ms":27096,"gap":4,"lba0":15017,"lba1":15017,"bytes":4096,"n":1,"kind":2,"ov":144}
[msc.reads] n=1 bytes=4096 lba=15017..15017 gap=4 ov=144
[rx] {"t":"event","op":"msc.reads","ms":27100,"gap":4,"lba0":15025,"lba1":15025,"bytes":4096,"n":1,"kind":2,"ov":144}
[msc.reads] n=1 bytes=4096 lba=15025..15025 gap=4 ov=144
[rx] {"t":"event","op":"msc.reads","ms":27103,"gap":3,"lba0":15033,"lba1":15073,"bytes":24576,"n":6,"kind":2,"ov":144}
[msc.reads] n=6 bytes=24576 lba=15033..15073 gap=3 ov=144
[tx] {"t":"ping"}
[rx] {"t":"event","op":"msc.reads","ms":27125,"gap":4,"lba0":15081,"lba1":15081,"bytes":4096,"n":1,"kind":2,"ov":144}
[msc.reads] n=1 bytes=4096 lba=15081..15081 gap=4 ov=144
[rx] {"t":"event","op":"msc.reads","ms":27129,"gap":4,"lba0":15089,"lba1":15193,"bytes":57344,"n":14,"kind":2,"ov":144}
[msc.reads] n=14 bytes=57344 lba=15089..15193 gap=4 ov=144
[rx] {"t":"event","op":"msc.reads","ms":27180,"gap":3,"lba0":15201,"lba1":15201,"bytes":4096,"n":1,"kind":2,"ov":144}
[msc.reads] n=1 bytes=4096 lba=15201..15201 gap=3 ov=144
[rx] {"t":"pong"}
[rx] {"t":"event","op":"msc.reads","ms":27184,"gap":4,"lba0":15209,"lba1":15217,"bytes":8192,"n":2,"kind":2,"ov":144}
[msc.reads] n=2 bytes=8192 lba=15209..15217 gap=4 ov=144
[rx] {"t":"event","op":"msc.reads","ms":27192,"gap":3,"lba0":15225,"lba1":15241,"bytes":12288,"n":3,"kind":2,"ov":144}
[msc.reads] n=3 bytes=12288 lba=15225..15241 gap=3 ov=144
[rx] {"t":"event","op":"msc.reads","ms":27204,"gap":4,"lba0":15249,"lba1":15249,"bytes":4096,"n":1,"kind":2,"ov":144}
[msc.reads] n=1 bytes=4096 lba=15249..15249 gap=4 ov=144
[rx] {"t":"event","op":"msc.reads","ms":27208,"gap":4,"lba0":15257,"lba1":15257,"bytes":4096,"n":1,"kind":2,"ov":144}
[msc.reads] n=1 bytes=4096 lba=15257..15257 gap=4 ov=144
[rx] {"t":"event","op":"msc.reads","ms":27211,"gap":3,"lba0":15265,"lba1":15265,"bytes":4096,"n":1,"kind":2,"ov":144}
[msc.reads] n=1 bytes=4096 lba=15265..15265 gap=3 ov=144
[rx] {"t":"event","op":"msc.reads","ms":27215,"gap":4,"lba0":15273,"lba1":15409,"bytes":73728,"n":18,"kind":2,"ov":144}
[msc.reads] n=18 bytes=73728 lba=15273..15409 gap=4 ov=144
[rx] {"t":"event","op":"msc.reads","ms":27281,"gap":4,"lba0":15417,"lba1":15417,"bytes":4096,"n":1,"kind":2,"ov":144}
[msc.reads] n=1 bytes=4096 lba=15417..15417 gap=4 ov=144
[rx] {"t":"event","op":"msc.reads","ms":27285,"gap":4,"lba0":15425,"lba1":15425,"bytes":4096,"n":1,"kind":2,"ov":144}
[msc.reads] n=1 bytes=4096 lba=15425..15425 gap=4 ov=144
[rx] {"t":"event","op":"msc.reads","ms":27289,"gap":4,"lba0":15433,"lba1":15433,"bytes":4096,"n":1,"kind":2,"ov":144}
[msc.reads] n=1 bytes=4096 lba=15433..15433 gap=4 ov=144
[rx] {"t":"event","op":"msc.reads","ms":27293,"gap":4,"lba0":15441,"lba1":15457,"bytes":12288,"n":3,"kind":2,"ov":144}
[msc.reads] n=3 bytes=12288 lba=15441..15457 gap=4 ov=144
[rx] {"t":"event","op":"msc.reads","ms":27305,"gap":4,"lba0":15465,"lba1":15473,"bytes":8192,"n":2,"kind":2,"ov":144}
[msc.reads] n=2 bytes=8192 lba=15465..15473 gap=4 ov=144
[rx] {"t":"event","op":"msc.reads","ms":27313,"gap":4,"lba0":15481,"lba1":15481,"bytes":4096,"n":1,"kind":2,"ov":144}
[msc.reads] n=1 bytes=4096 lba=15481..15481 gap=4 ov=144
[rx] {"t":"event","op":"msc.reads","ms":27317,"gap":4,"lba0":15489,"lba1":15489,"bytes":4096,"n":1,"kind":2,"ov":144}
[msc.reads] n=1 bytes=4096 lba=15489..15489 gap=4 ov=144
[rx] {"t":"event","op":"msc.reads","ms":27321,"gap":4,"lba0":15497,"lba1":15497,"bytes":4096,"n":1,"kind":2,"ov":144}
[msc.reads] n=1 bytes=4096 lba=15497..15497 gap=4 ov=144
[rx] {"t":"event","op":"msc.reads","ms":27324,"gap":3,"lba0":15505,"lba1":15505,"bytes":4096,"n":1,"kind":2,"ov":144}
[msc.reads] n=1 bytes=4096 lba=15505..15505 gap=3 ov=144
[rx] {"t":"event","op":"msc.reads","ms":27328,"gap":4,"lba0":15513,"lba1":15513,"bytes":4096,"n":1,"kind":2,"ov":144}
[msc.reads] n=1 bytes=4096 lba=15513..15513 gap=4 ov=144
[rx] {"t":"event","op":"msc.reads","ms":27332,"gap":4,"lba0":15521,"lba1":15521,"bytes":4096,"n":1,"kind":2,"ov":144}
[msc.reads] n=1 bytes=4096 lba=15521..15521 gap=4 ov=144
[rx] {"t":"event","op":"msc.reads","ms":27336,"gap":4,"lba0":15529,"lba1":15529,"bytes":4096,"n":1,"kind":2,"ov":144}
[msc.reads] n=1 bytes=4096 lba=15529..15529 gap=4 ov=144
[rx] {"t":"event","op":"msc.reads","ms":27340,"gap":4,"lba0":15537,"lba1":15537,"bytes":4096,"n":1,"kind":2,"ov":144}
[msc.reads] n=1 bytes=4096 lba=15537..15537 gap=4 ov=144
[rx] {"t":"event","op":"msc.reads","ms":27344,"gap":4,"lba0":15545,"lba1":15545,"bytes":4096,"n":1,"kind":2,"ov":144}
[msc.reads] n=1 bytes=4096 lba=15545..15545 gap=4 ov=144
[rx] {"t":"event","op":"msc.reads","ms":27348,"gap":4,"lba0":15553,"lba1":15561,"bytes":8192,"n":2,"kind":2,"ov":144}
[msc.reads] n=2 bytes=8192 lba=15553..15561 gap=4 ov=144
[rx] {"t":"event","op":"msc.reads","ms":27355,"gap":4,"lba0":15569,"lba1":15569,"bytes":4096,"n":1,"kind":2,"ov":144}
[msc.reads] n=1 bytes=4096 lba=15569..15569 gap=4 ov=144
[rx] {"t":"event","op":"diag","code":"play.reject","detail":"not_from_head uid=1977938832270506073 from=2689 +6598656B age=26549ms prefetch"}
[msc] play.reject not_from_head uid=1977938832270506073 from=2689 +6598656B age=26549ms prefetch
[rx] {"t":"event","op":"msc.reads","ms":27373,"gap":18,"lba0":15577,"lba1":15577,"bytes":4096,"n":1,"kind":2,"ov":144}
[msc.reads] n=1 bytes=4096 lba=15577..15577 gap=18 ov=144
[rx] {"t":"event","op":"msc.reads","ms":27376,"gap":3,"lba0":15585,"lba1":15585,"bytes":4096,"n":1,"kind":2,"ov":144}
[msc.reads] n=1 bytes=4096 lba=15585..15585 gap=3 ov=144
[rx] {"t":"event","op":"msc.reads","ms":27380,"gap":4,"lba0":15593,"lba1":15593,"bytes":4096,"n":1,"kind":2,"ov":144}
[msc.reads] n=1 bytes=4096 lba=15593..15593 gap=4 ov=144
[rx] {"t":"event","op":"msc.reads","ms":27384,"gap":4,"lba0":15601,"lba1":15601,"bytes":4096,"n":1,"kind":2,"ov":144}
[msc.reads] n=1 bytes=4096 lba=15601..15601 gap=4 ov=144
[rx] {"t":"event","op":"msc.reads","ms":27388,"gap":4,"lba0":15609,"lba1":15609,"bytes":4096,"n":1,"kind":2,"ov":144}
[msc.reads] n=1 bytes=4096 lba=15609..15609 gap=4 ov=144
[rx] {"t":"event","op":"msc.reads","ms":27392,"gap":4,"lba0":15617,"lba1":15625,"bytes":8192,"n":2,"kind":2,"ov":144}
[msc.reads] n=2 bytes=8192 lba=15617..15625 gap=4 ov=144
[rx] {"t":"event","op":"msc.reads","ms":27400,"gap":4,"lba0":15633,"lba1":15633,"bytes":4096,"n":1,"kind":2,"ov":144}
[msc.reads] n=1 bytes=4096 lba=15633..15633 gap=4 ov=144
[rx] {"t":"event","op":"msc.reads","ms":27404,"gap":4,"lba0":15641,"lba1":15641,"bytes":4096,"n":1,"kind":2,"ov":144}
[msc.reads] n=1 bytes=4096 lba=15641..15641 gap=4 ov=144
[rx] {"t":"event","op":"msc.reads","ms":27408,"gap":4,"lba0":15649,"lba1":15649,"bytes":4096,"n":1,"kind":2,"ov":144}
[msc.reads] n=1 bytes=4096 lba=15649..15649 gap=4 ov=144
[rx] {"t":"event","op":"msc.reads","ms":27412,"gap":4,"lba0":15657,"lba1":15657,"bytes":4096,"n":1,"kind":2,"ov":144}
[msc.reads] n=1 bytes=4096 lba=15657..15657 gap=4 ov=144
[rx] {"t":"event","op":"msc.reads","ms":27416,"gap":4,"lba0":15665,"lba1":15673,"bytes":8192,"n":2,"kind":2,"ov":144}
[msc.reads] n=2 bytes=8192 lba=15665..15673 gap=4 ov=144
[rx] {"t":"event","op":"msc.reads","ms":27423,"gap":4,"lba0":15681,"lba1":15681,"bytes":4096,"n":1,"kind":2,"ov":144}
[msc.reads] n=1 bytes=4096 lba=15681..15681 gap=4 ov=144
[rx] {"t":"event","op":"msc.reads","ms":27427,"gap":4,"lba0":15689,"lba1":15689,"bytes":4096,"n":1,"kind":2,"ov":144}
[msc.reads] n=1 bytes=4096 lba=15689..15689 gap=4 ov=144
[rx] {"t":"event","op":"msc.reads","ms":27432,"gap":5,"lba0":15697,"lba1":15697,"bytes":4096,"n":1,"kind":2,"ov":144}
[msc.reads] n=1 bytes=4096 lba=15697..15697 gap=5 ov=144
[rx] {"t":"event","op":"msc.reads","ms":27436,"gap":4,"lba0":15705,"lba1":15705,"bytes":4096,"n":1,"kind":2,"ov":144}
[msc.reads] n=1 bytes=4096 lba=15705..15705 gap=4 ov=144
[rx] {"t":"event","op":"msc.reads","ms":27440,"gap":4,"lba0":15713,"lba1":15713,"bytes":4096,"n":1,"kind":2,"ov":144}
[msc.reads] n=1 bytes=4096 lba=15713..15713 gap=4 ov=144
[rx] {"t":"event","op":"msc.reads","ms":27444,"gap":4,"lba0":15721,"lba1":15721,"bytes":4096,"n":1,"kind":2,"ov":144}
[msc.reads] n=1 bytes=4096 lba=15721..15721 gap=4 ov=144
[rx] {"t":"event","op":"msc.reads","ms":27448,"gap":4,"lba0":15729,"lba1":15729,"bytes":4096,"n":1,"kind":2,"ov":144}
[msc.reads] n=1 bytes=4096 lba=15729..15729 gap=4 ov=144
[rx] {"t":"event","op":"msc.reads","ms":27452,"gap":4,"lba0":15737,"lba1":15745,"bytes":8192,"n":2,"kind":2,"ov":144}
[msc.reads] n=2 bytes=8192 lba=15737..15745 gap=4 ov=144
[rx] {"t":"event","op":"msc.reads","ms":27459,"gap":3,"lba0":15753,"lba1":15753,"bytes":4096,"n":1,"kind":2,"ov":144}
[msc.reads] n=1 bytes=4096 lba=15753..15753 gap=3 ov=144
[rx] {"t":"event","op":"msc.reads","ms":27463,"gap":4,"lba0":15761,"lba1":15761,"bytes":4096,"n":1,"kind":2,"ov":144}
[msc.reads] n=1 bytes=4096 lba=15761..15761 gap=4 ov=144
[rx] {"t":"event","op":"msc.reads","ms":27467,"gap":4,"lba0":15769,"lba1":15769,"bytes":4096,"n":1,"kind":2,"ov":144}
[msc.reads] n=1 bytes=4096 lba=15769..15769 gap=4 ov=144
[rx] {"t":"event","op":"msc.reads","ms":27471,"gap":4,"lba0":15777,"lba1":15777,"bytes":4096,"n":1,"kind":2,"ov":144}
[msc.reads] n=1 bytes=4096 lba=15777..15777 gap=4 ov=144
[rx] {"t":"event","op":"msc.reads","ms":27475,"gap":4,"lba0":15785,"lba1":15793,"bytes":8192,"n":2,"kind":2,"ov":144}
[msc.reads] n=2 bytes=8192 lba=15785..15793 gap=4 ov=144
[rx] {"t":"event","op":"msc.reads","ms":27483,"gap":4,"lba0":15801,"lba1":15801,"bytes":4096,"n":1,"kind":2,"ov":144}
[msc.reads] n=1 bytes=4096 lba=15801..15801 gap=4 ov=144
[rx] {"t":"event","op":"msc.reads","ms":27487,"gap":4,"lba0":15809,"lba1":15809,"bytes":4096,"n":1,"kind":2,"ov":144}
[msc.reads] n=1 bytes=4096 lba=15809..15809 gap=4 ov=144
[rx] {"t":"event","op":"msc.reads","ms":27490,"gap":3,"lba0":15817,"lba1":15817,"bytes":4096,"n":1,"kind":2,"ov":144}
[msc.reads] n=1 bytes=4096 lba=15817..15817 gap=3 ov=144
[rx] {"t":"event","op":"msc.reads","ms":27494,"gap":4,"lba0":15825,"lba1":15825,"bytes":4096,"n":1,"kind":2,"ov":144}
[msc.reads] n=1 bytes=4096 lba=15825..15825 gap=4 ov=144
[rx] {"t":"event","op":"msc.reads","ms":27498,"gap":4,"lba0":15833,"lba1":15833,"bytes":4096,"n":1,"kind":2,"ov":144}
[msc.reads] n=1 bytes=4096 lba=15833..15833 gap=4 ov=144
[rx] {"t":"event","op":"msc.reads","ms":27502,"gap":4,"lba0":15841,"lba1":15841,"bytes":4096,"n":1,"kind":2,"ov":144}
[msc.reads] n=1 bytes=4096 lba=15841..15841 gap=4 ov=144
[rx] {"t":"event","op":"msc.reads","ms":27506,"gap":4,"lba0":15849,"lba1":15849,"bytes":4096,"n":1,"kind":2,"ov":144}
[msc.reads] n=1 bytes=4096 lba=15849..15849 gap=4 ov=144
[rx] {"t":"event","op":"msc.reads","ms":27510,"gap":4,"lba0":15857,"lba1":15857,"bytes":4096,"n":1,"kind":2,"ov":144}
[msc.reads] n=1 bytes=4096 lba=15857..15857 gap=4 ov=144
[rx] {"t":"event","op":"msc.reads","ms":27514,"gap":4,"lba0":15865,"lba1":15865,"bytes":4096,"n":1,"kind":2,"ov":144}
[msc.reads] n=1 bytes=4096 lba=15865..15865 gap=4 ov=144
[rx] {"t":"event","op":"msc.reads","ms":27517,"gap":3,"lba0":15873,"lba1":15873,"bytes":4096,"n":1,"kind":2,"ov":144}
[msc.reads] n=1 bytes=4096 lba=15873..15873 gap=3 ov=144
[rx] {"t":"event","op":"msc.reads","ms":27521,"gap":4,"lba0":15881,"lba1":15969,"bytes":49152,"n":12,"kind":2,"ov":144}
[msc.reads] n=12 bytes=49152 lba=15881..15969 gap=4 ov=144
[rx] {"t":"event","op":"msc.reads","ms":27566,"gap":4,"lba0":15977,"lba1":15977,"bytes":4096,"n":1,"kind":2,"ov":144}
[msc.reads] n=1 bytes=4096 lba=15977..15977 gap=4 ov=144
[rx] {"t":"event","op":"msc.reads","ms":27570,"gap":4,"lba0":15985,"lba1":15985,"bytes":4096,"n":1,"kind":2,"ov":144}
[msc.reads] n=1 bytes=4096 lba=15985..15985 gap=4 ov=144
[rx] {"t":"event","op":"msc.reads","ms":27573,"gap":3,"lba0":15993,"lba1":16001,"bytes":8192,"n":2,"kind":2,"ov":144}
[msc.reads] n=2 bytes=8192 lba=15993..16001 gap=3 ov=144
[rx] {"t":"event","op":"msc.reads","ms":27581,"gap":4,"lba0":16009,"lba1":16073,"bytes":36864,"n":9,"kind":2,"ov":144}
[msc.reads] n=9 bytes=36864 lba=16009..16073 gap=4 ov=144
[rx] {"t":"event","op":"msc.reads","ms":27614,"gap":4,"lba0":16081,"lba1":16081,"bytes":4096,"n":1,"kind":2,"ov":144}
[msc.reads] n=1 bytes=4096 lba=16081..16081 gap=4 ov=144
[rx] {"t":"event","op":"msc.reads","ms":27618,"gap":4,"lba0":16089,"lba1":16089,"bytes":4096,"n":1,"kind":2,"ov":144}
[msc.reads] n=1 bytes=4096 lba=16089..16089 gap=4 ov=144
[rx] {"t":"event","op":"msc.reads","ms":27622,"gap":4,"lba0":16097,"lba1":16097,"bytes":4096,"n":1,"kind":2,"ov":144}
[msc.reads] n=1 bytes=4096 lba=16097..16097 gap=4 ov=144
[rx] {"t":"event","op":"msc.reads","ms":27626,"gap":4,"lba0":16105,"lba1":16177,"bytes":40960,"n":10,"kind":2,"ov":144}
[msc.reads] n=10 bytes=40960 lba=16105..16177 gap=4 ov=144
[rx] {"t":"event","op":"msc.reads","ms":27663,"gap":4,"lba0":16185,"lba1":16185,"bytes":4096,"n":1,"kind":2,"ov":144}
[msc.reads] n=1 bytes=4096 lba=16185..16185 gap=4 ov=144
[rx] {"t":"event","op":"msc.reads","ms":27667,"gap":4,"lba0":16193,"lba1":16193,"bytes":4096,"n":1,"kind":2,"ov":144}
[msc.reads] n=1 bytes=4096 lba=16193..16193 gap=4 ov=144
[rx] {"t":"event","op":"msc.reads","ms":27671,"gap":4,"lba0":16201,"lba1":16201,"bytes":4096,"n":1,"kind":2,"ov":144}
[msc.reads] n=1 bytes=4096 lba=16201..16201 gap=4 ov=144
[rx] {"t":"event","op":"msc.reads","ms":27675,"gap":4,"lba0":16209,"lba1":16401,"bytes":102400,"n":25,"kind":2,"ov":144}
[msc.reads] n=25 bytes=102400 lba=16209..16401 gap=4 ov=144
[rx] {"t":"event","op":"msc.reads","ms":27766,"gap":4,"lba0":16409,"lba1":16409,"bytes":4096,"n":1,"kind":2,"ov":144}
[msc.reads] n=1 bytes=4096 lba=16409..16409 gap=4 ov=144
[rx] {"t":"event","op":"msc.reads","ms":27770,"gap":4,"lba0":16417,"lba1":16417,"bytes":4096,"n":1,"kind":2,"ov":144}
[msc.reads] n=1 bytes=4096 lba=16417..16417 gap=4 ov=144
[rx] {"t":"event","op":"msc.reads","ms":27774,"gap":4,"lba0":16425,"lba1":16425,"bytes":4096,"n":1,"kind":2,"ov":144}
[msc.reads] n=1 bytes=4096 lba=16425..16425 gap=4 ov=144
[rx] {"t":"event","op":"msc.reads","ms":27778,"gap":4,"lba0":16433,"lba1":16449,"bytes":12288,"n":3,"kind":2,"ov":144}
[msc.reads] n=3 bytes=12288 lba=16433..16449 gap=4 ov=144
[tx] {"t":"ping"}
[rx] {"t":"pong"}
[rx] {"t":"event","op":"diag","code":"msc.quiet","detail":"file=9476608B age=2000ms"}
[msc] msc.quiet file=9476608B age=2000ms
[tx] {"t":"ping"}
[rx] {"t":"pong"}
[tx] {"t":"ping"}
[rx] {"t":"pong"}
[tx] {"t":"ping"}
[rx] {"t":"pong"}
[tx] {"t":"ping"}
[rx] {"t":"pong"}
[tx] {"t":"ping"}
[rx] {"t":"pong"}
[tx] {"t":"ping"}
[rx] {"t":"pong"}
[tx] {"t":"ping"}
[rx] {"t":"pong"}
[tx] {"t":"ping"}
[rx] {"t":"pong"}
[tx] {"t":"ping"}
[rx] {"t":"pong"}
[tx] {"t":"ping"}
[rx] {"t":"pong"}
[tx] {"t":"ping"}
[rx] {"t":"pong"}
[tx] {"t":"ping"}
[rx] {"t":"pong"}
[tx] {"t":"ping"}
[rx] {"t":"pong"}
[tx] {"t":"ping"}
[rx] {"t":"pong"}
[tx] {"t":"ping"}
[rx] {"t":"pong"}
[tx] {"t":"ping"}
[rx] {"t":"pong"}
[tx] {"t":"ping"}
[rx] {"t":"pong"}
[tx] {"t":"ping"}
[rx] {"t":"pong"}
[tx] {"t":"ping"}
[rx] {"t":"pong"}
[tx] {"t":"ping"}
[rx] {"t":"pong"}
[tx] {"t":"ping"}
[rx] {"t":"pong"}
[tx] {"t":"ping"}
[rx] {"t":"pong"}
[tx] {"t":"ping"}
[rx] {"t":"pong"}
[tx] {"t":"ping"}
[rx] {"t":"pong"}
[tx] {"t":"ping"}
[rx] {"t":"pong"}
[tx] {"t":"ping"}
[rx] {"t":"pong"}
[tx] {"t":"ping"}
[rx] {"t":"pong"}
[tx] {"t":"ping"}
[rx] {"t":"pong"}
[tx] {"t":"ping"}
[rx] {"t":"pong"}
[tx] {"t":"ping"}
[rx] {"t":"pong"}
[tx] {"t":"ping"}
[rx] {"t":"pong"}
[tx] {"t":"ping"}
[rx] {"t":"pong"}
[tx] {"t":"ping"}
[rx] {"t":"pong"}
[tx] {"t":"ping"}
[rx] {"t":"pong"}
[tx] {"t":"ping"}
[rx] {"t":"pong"}
[tx] {"t":"ping"}
[rx] {"t":"pong"}
[tx] {"t":"ping"}
[rx] {"t":"pong"}
[tx] {"t":"ping"}
[rx] {"t":"pong"}
[tx] {"t":"ping"}
[rx] {"t":"pong"}
[tx] {"t":"ping"}
[rx] {"t":"pong"}
[tx] {"t":"ping"}
[rx] {"t":"pong"}
[tx] {"t":"ping"}
[rx] {"t":"pong"}
[tx] {"t":"ping"}
[rx] {"t":"pong"}
[tx] {"t":"ping"}
[rx] {"t":"pong"}
[tx] {"t":"ping"}
[rx] {"t":"pong"}
[tx] {"t":"ping"}
[tx] {"t":"ping"}
[tx] {"t":"ping"}
[bridge] link lost ([Errno 32] Broken pipe) — reconnect in 3.0s
[tx] {"t":"hello","ver":1}
[rx] {"t":"hello_ack","ver":"0.4.42-dev","fw":"pidrive","slots":4,"page":true,"audio":true,"bin":true,"tcp":true,"tcpPort":9090}
[hello_ack] ver=0.4.42-dev slots=4 page=True tcp=True
[tx] {"t":"menu_set","rev":3707,"page":0,"items":[{"uid":"1977938832270506073","name":"Zurueck","kind":"action"},{"uid":"18330258143618563731","name":"Ausgang klinke","kind":"info"},{"uid":"16678805154550120858","name":"Auto","kind":"action"},{"uid":"pump:page_next","name":"Mehr... (+7)","kind":"action"}]}
[bridge] reconnected tcp:192.168.178.89:9090 hello_ack=ok (menu snapshot resent rev=3707 grace=13)
[tx] {"t":"ping"}
[rx] {"t":"menu_ack","ok":true,"n":4,"rev":3707}
[menu_ack] ok=True n=4 rev=3707
[rx] {"t":"pong"}
[tx] {"t":"ping"}
[rx] {"t":"pong"}
[tx] {"t":"ping"}
[rx] {"t":"pong"}
[tx] {"t":"ping"}
[rx] {"t":"pong"}
[tx] {"t":"ping"}
[rx] {"t":"pong"}
[tx] {"t":"ping"}
[rx] {"t":"pong"}
[tx] {"t":"ping"}
[rx] {"t":"pong"}
[tx] {"t":"ping"}
[rx] {"t":"pong"}
[tx] {"t":"ping"}
[rx] {"t":"pong"}
[rx] {"t":"event","op":"diag","code":"msc.phase","detail":"scan plug"}
[msc] msc.phase scan plug
[tx] {"t":"ping"}
[rx] {"t":"pong"}
[rx] {"t":"event","op":"diag","code":"msc.first_read","detail":"1006 ms"}
[msc] msc.first_read 1006 ms
[rx] {"t":"event","op":"msc.reads","ms":28157,"gap":0,"lba0":0,"lba1":0,"bytes":4096,"n":1,"kind":4,"ov":0}
[msc.reads] n=1 bytes=4096 lba=0..0 gap=0 ov=0
[rx] {"t":"event","op":"msc.reads","ms":28176,"gap":19,"lba0":0,"lba1":0,"bytes":4096,"n":1,"kind":4,"ov":0}
[msc.reads] n=1 bytes=4096 lba=0..0 gap=19 ov=0
[rx] {"t":"event","op":"msc.reads","ms":28181,"gap":5,"lba0":32,"lba1":32,"bytes":4096,"n":1,"kind":5,"ov":0}
[msc.reads] n=1 bytes=4096 lba=32..32 gap=5 ov=0
[rx] {"t":"event","op":"msc.reads","ms":28185,"gap":4,"lba0":40,"lba1":40,"bytes":4096,"n":1,"kind":1,"ov":0}
[msc.reads] n=1 bytes=4096 lba=40..40 gap=4 ov=0
[rx] {"t":"event","op":"msc.reads","ms":28189,"gap":4,"lba0":48,"lba1":48,"bytes":4096,"n":1,"kind":1,"ov":0}
[msc.reads] n=1 bytes=4096 lba=48..48 gap=4 ov=0
[rx] {"t":"event","op":"msc.reads","ms":28193,"gap":4,"lba0":56,"lba1":56,"bytes":4096,"n":1,"kind":1,"ov":0}
[msc.reads] n=1 bytes=4096 lba=56..56 gap=4 ov=0
[rx] {"t":"event","op":"msc.reads","ms":28197,"gap":4,"lba0":64,"lba1":64,"bytes":4096,"n":1,"kind":1,"ov":0}
[msc.reads] n=1 bytes=4096 lba=64..64 gap=4 ov=0
[rx] {"t":"event","op":"msc.reads","ms":28202,"gap":5,"lba0":8,"lba1":8,"bytes":4096,"n":1,"kind":5,"ov":0}
[msc.reads] n=1 bytes=4096 lba=8..8 gap=5 ov=0
[rx] {"t":"event","op":"diag","code":"play.reject","detail":"not_from_head uid=1977938832270506073 from=120 +4096B age=1060ms prefetch"}
[msc] play.reject not_from_head uid=1977938832270506073 from=120 +4096B age=1060ms prefetch
[rx] {"t":"event","op":"msc.reads","ms":28207,"gap":5,"lba0":24,"lba1":24,"bytes":4096,"n":1,"kind":5,"ov":0}
[msc.reads] n=1 bytes=4096 lba=24..24 gap=5 ov=0
[rx] {"t":"event","op":"msc.reads","ms":28212,"gap":5,"lba0":120,"lba1":120,"bytes":4096,"n":1,"kind":2,"ov":0}
[msc.reads] n=1 bytes=4096 lba=120..120 gap=5 ov=0
[rx] {"t":"event","op":"msc.reads","ms":28230,"gap":18,"lba0":16,"lba1":16,"bytes":4096,"n":1,"kind":5,"ov":0}
[msc.reads] n=1 bytes=4096 lba=16..16 gap=18 ov=0
[rx] {"t":"event","op":"msc.reads","ms":28234,"gap":4,"lba0":128,"lba1":512,"bytes":8192,"n":2,"kind":2,"ov":0}
[msc.reads] n=2 bytes=8192 lba=128..512 gap=4 ov=0
[rx] {"t":"event","op":"msc.reads","ms":28242,"gap":4,"lba0":4096,"lba1":4096,"bytes":4096,"n":1,"kind":2,"ov":0}
[msc.reads] n=1 bytes=4096 lba=4096..4096 gap=4 ov=0
[rx] {"t":"event","op":"msc.reads","ms":28260,"gap":18,"lba0":0,"lba1":0,"bytes":4096,"n":1,"kind":4,"ov":0}
[msc.reads] n=1 bytes=4096 lba=0..0 gap=18 ov=0
[rx] {"t":"event","op":"msc.reads","ms":28365,"gap":105,"lba0":0,"lba1":0,"bytes":512,"n":1,"kind":4,"ov":0}
[msc.reads] n=1 bytes=512 lba=0..0 gap=105 ov=0
[rx] {"t":"event","op":"msc.reads","ms":28367,"gap":2,"lba0":1,"lba1":1,"bytes":4096,"n":1,"kind":5,"ov":0}
[msc.reads] n=1 bytes=4096 lba=1..1 gap=2 ov=0
[rx] {"t":"event","op":"msc.reads","ms":28372,"gap":5,"lba0":9,"lba1":9,"bytes":4096,"n":1,"kind":5,"ov":0}
[msc.reads] n=1 bytes=4096 lba=9..9 gap=5 ov=0
[rx] {"t":"event","op":"msc.reads","ms":28376,"gap":4,"lba0":33,"lba1":33,"bytes":4096,"n":1,"kind":1,"ov":0}
[msc.reads] n=1 bytes=4096 lba=33..33 gap=4 ov=0
[rx] {"t":"event","op":"msc.reads","ms":28380,"gap":4,"lba0":41,"lba1":41,"bytes":4096,"n":1,"kind":1,"ov":0}
[msc.reads] n=1 bytes=4096 lba=41..41 gap=4 ov=0
[rx] {"t":"event","op":"msc.reads","ms":28384,"gap":4,"lba0":49,"lba1":57,"bytes":8192,"n":2,"kind":1,"ov":0}
[msc.reads] n=2 bytes=8192 lba=49..57 gap=4 ov=0
[rx] {"t":"event","op":"msc.reads","ms":28436,"gap":48,"lba0":1,"lba1":2,"bytes":1024,"n":2,"kind":5,"ov":0}
[msc.reads] n=2 bytes=1024 lba=1..2 gap=48 ov=0
[rx] {"t":"event","op":"msc.reads","ms":28439,"gap":2,"lba0":3,"lba1":32,"bytes":6656,"n":2,"kind":5,"ov":0}
[msc.reads] n=2 bytes=6656 lba=3..32 gap=2 ov=0
[rx] {"t":"event","op":"msc.reads","ms":28446,"gap":4,"lba0":40,"lba1":40,"bytes":4096,"n":1,"kind":1,"ov":0}
[msc.reads] n=1 bytes=4096 lba=40..40 gap=4 ov=0
[rx] {"t":"event","op":"msc.reads","ms":28449,"gap":3,"lba0":48,"lba1":48,"bytes":4096,"n":1,"kind":1,"ov":0}
[msc.reads] n=1 bytes=4096 lba=48..48 gap=3 ov=0
[rx] {"t":"event","op":"msc.reads","ms":28453,"gap":4,"lba0":56,"lba1":64,"bytes":8192,"n":2,"kind":1,"ov":0}
[msc.reads] n=2 bytes=8192 lba=56..64 gap=4 ov=0
[rx] {"t":"event","op":"msc.reads","ms":28462,"gap":5,"lba0":8,"lba1":24,"bytes":8192,"n":2,"kind":5,"ov":0}
[msc.reads] n=2 bytes=8192 lba=8..24 gap=5 ov=0
[rx] {"t":"event","op":"msc.reads","ms":28474,"gap":6,"lba0":120,"lba1":120,"bytes":4096,"n":1,"kind":2,"ov":0}
[msc.reads] n=1 bytes=4096 lba=120..120 gap=6 ov=0
[rx] {"t":"event","op":"msc.reads","ms":28479,"gap":5,"lba0":16,"lba1":16,"bytes":4096,"n":1,"kind":5,"ov":0}
[msc.reads] n=1 bytes=4096 lba=16..16 gap=5 ov=0
[rx] {"t":"event","op":"msc.reads","ms":28485,"gap":6,"lba0":128,"lba1":4096,"bytes":12288,"n":3,"kind":2,"ov":0}
[msc.reads] n=3 bytes=12288 lba=128..4096 gap=6 ov=0
[rx] {"t":"event","op":"msc.reads","ms":28690,"gap":197,"lba0":65,"lba1":65,"bytes":4096,"n":1,"kind":1,"ov":0}
[msc.reads] n=1 bytes=4096 lba=65..65 gap=197 ov=0
[rx] {"t":"event","op":"msc.reads","ms":28727,"gap":37,"lba0":73,"lba1":73,"bytes":4096,"n":1,"kind":1,"ov":0}
[msc.reads] n=1 bytes=4096 lba=73..73 gap=37 ov=0
[rx] {"t":"event","op":"msc.reads","ms":28735,"gap":8,"lba0":81,"lba1":81,"bytes":4096,"n":1,"kind":2,"ov":0}
[msc.reads] n=1 bytes=4096 lba=81..81 gap=8 ov=0
[rx] {"t":"event","op":"diag","code":"play.reject","detail":"plug_window uid=1977938832270506073 from=81 +4096B age=1583ms"}
[msc] play.reject plug_window uid=1977938832270506073 from=81 +4096B age=1583ms
[rx] {"t":"event","op":"msc.reads","ms":28753,"gap":18,"lba0":89,"lba1":89,"bytes":4096,"n":1,"kind":2,"ov":0}
[msc.reads] n=1 bytes=4096 lba=89..89 gap=18 ov=0
[rx] {"t":"event","op":"msc.reads","ms":28757,"gap":4,"lba0":97,"lba1":97,"bytes":4096,"n":1,"kind":2,"ov":0}
[msc.reads] n=1 bytes=4096 lba=97..97 gap=4 ov=0
[rx] {"t":"event","op":"msc.reads","ms":28761,"gap":4,"lba0":105,"lba1":105,"bytes":4096,"n":1,"kind":2,"ov":0}
[msc.reads] n=1 bytes=4096 lba=105..105 gap=4 ov=0
[rx] {"t":"event","op":"msc.reads","ms":28765,"gap":4,"lba0":113,"lba1":113,"bytes":4096,"n":1,"kind":2,"ov":0}
[msc.reads] n=1 bytes=4096 lba=113..113 gap=4 ov=0
[rx] {"t":"event","op":"msc.reads","ms":28769,"gap":4,"lba0":121,"lba1":161,"bytes":24576,"n":6,"kind":2,"ov":0}
[msc.reads] n=6 bytes=24576 lba=121..161 gap=4 ov=0
[rx] {"t":"event","op":"msc.reads","ms":28792,"gap":4,"lba0":169,"lba1":185,"bytes":12288,"n":3,"kind":2,"ov":0}
[msc.reads] n=3 bytes=12288 lba=169..185 gap=4 ov=0
[rx] {"t":"event","op":"msc.reads","ms":28804,"gap":4,"lba0":193,"lba1":193,"bytes":4096,"n":1,"kind":2,"ov":0}
[msc.reads] n=1 bytes=4096 lba=193..193 gap=4 ov=0
[rx] {"t":"event","op":"msc.reads","ms":28808,"gap":4,"lba0":201,"lba1":201,"bytes":4096,"n":1,"kind":2,"ov":0}
[msc.reads] n=1 bytes=4096 lba=201..201 gap=4 ov=0
[rx] {"t":"event","op":"msc.reads","ms":28812,"gap":4,"lba0":209,"lba1":209,"bytes":4096,"n":1,"kind":2,"ov":0}
[msc.reads] n=1 bytes=4096 lba=209..209 gap=4 ov=0
[rx] {"t":"event","op":"diag","code":"play.reject","detail":"not_from_head uid=1977938832270506073 from=16457 +4096B age=1675ms prefetch"}
[msc] play.reject not_from_head uid=1977938832270506073 from=16457 +4096B age=1675ms prefetch
[rx] {"t":"event","op":"msc.reads","ms":28816,"gap":4,"lba0":217,"lba1":16457,"bytes":16384,"n":4,"kind":2,"ov":0}
[msc.reads] n=4 bytes=16384 lba=217..16457 gap=4 ov=0
[rx] {"t":"event","op":"msc.reads","ms":28885,"gap":58,"lba0":241,"lba1":241,"bytes":4096,"n":1,"kind":2,"ov":0}
[msc.reads] n=1 bytes=4096 lba=241..241 gap=58 ov=0
[rx] {"t":"event","op":"msc.reads","ms":28889,"gap":4,"lba0":249,"lba1":249,"bytes":4096,"n":1,"kind":2,"ov":0}
[msc.reads] n=1 bytes=4096 lba=249..249 gap=4 ov=0
[rx] {"t":"event","op":"msc.reads","ms":28893,"gap":4,"lba0":257,"lba1":257,"bytes":4096,"n":1,"kind":2,"ov":0}
[msc.reads] n=1 bytes=4096 lba=257..257 gap=4 ov=0
[rx] {"t":"event","op":"msc.reads","ms":28897,"gap":4,"lba0":265,"lba1":329,"bytes":36864,"n":9,"kind":2,"ov":0}
[msc.reads] n=9 bytes=36864 lba=265..329 gap=4 ov=0
[rx] {"t":"event","op":"msc.reads","ms":28931,"gap":4,"lba0":337,"lba1":345,"bytes":8192,"n":2,"kind":2,"ov":0}
[msc.reads] n=2 bytes=8192 lba=337..345 gap=4 ov=0
[rx] {"t":"event","op":"msc.reads","ms":28939,"gap":4,"lba0":353,"lba1":353,"bytes":4096,"n":1,"kind":2,"ov":0}
[msc.reads] n=1 bytes=4096 lba=353..353 gap=4 ov=0
[rx] {"t":"event","op":"msc.reads","ms":28943,"gap":4,"lba0":361,"lba1":361,"bytes":4096,"n":1,"kind":2,"ov":0}
[msc.reads] n=1 bytes=4096 lba=361..361 gap=4 ov=0
[rx] {"t":"event","op":"msc.reads","ms":28947,"gap":4,"lba0":369,"lba1":369,"bytes":4096,"n":1,"kind":2,"ov":0}
[msc.reads] n=1 bytes=4096 lba=369..369 gap=4 ov=0
[rx] {"t":"event","op":"msc.reads","ms":28951,"gap":4,"lba0":377,"lba1":377,"bytes":4096,"n":1,"kind":2,"ov":0}
[msc.reads] n=1 bytes=4096 lba=377..377 gap=4 ov=0
[rx] {"t":"event","op":"msc.reads","ms":28955,"gap":4,"lba0":385,"lba1":385,"bytes":4096,"n":1,"kind":2,"ov":0}
[msc.reads] n=1 bytes=4096 lba=385..385 gap=4 ov=0
[rx] {"t":"event","op":"msc.reads","ms":28959,"gap":4,"lba0":393,"lba1":393,"bytes":4096,"n":1,"kind":2,"ov":0}
[msc.reads] n=1 bytes=4096 lba=393..393 gap=4 ov=0
[rx] {"t":"event","op":"msc.reads","ms":28963,"gap":4,"lba0":401,"lba1":449,"bytes":28672,"n":7,"kind":2,"ov":0}
[msc.reads] n=7 bytes=28672 lba=401..449 gap=4 ov=0
[rx] {"t":"event","op":"msc.reads","ms":28990,"gap":4,"lba0":457,"lba1":457,"bytes":4096,"n":1,"kind":2,"ov":0}
[msc.reads] n=1 bytes=4096 lba=457..457 gap=4 ov=0
[rx] {"t":"event","op":"msc.reads","ms":28994,"gap":4,"lba0":465,"lba1":505,"bytes":24576,"n":6,"kind":2,"ov":0}
[msc.reads] n=6 bytes=24576 lba=465..505 gap=4 ov=0
[rx] {"t":"event","op":"msc.reads","ms":29017,"gap":4,"lba0":513,"lba1":513,"bytes":4096,"n":1,"kind":2,"ov":0}
[msc.reads] n=1 bytes=4096 lba=513..513 gap=4 ov=0
[rx] {"t":"event","op":"msc.reads","ms":29021,"gap":4,"lba0":521,"lba1":521,"bytes":4096,"n":1,"kind":2,"ov":0}
[msc.reads] n=1 bytes=4096 lba=521..521 gap=4 ov=0
[rx] {"t":"event","op":"msc.reads","ms":29026,"gap":5,"lba0":529,"lba1":529,"bytes":4096,"n":1,"kind":2,"ov":0}
[msc.reads] n=1 bytes=4096 lba=529..529 gap=5 ov=0
[rx] {"t":"event","op":"msc.reads","ms":29030,"gap":4,"lba0":537,"lba1":577,"bytes":24576,"n":6,"kind":2,"ov":0}
[msc.reads] n=6 bytes=24576 lba=537..577 gap=4 ov=0
[rx] {"t":"event","op":"msc.reads","ms":29052,"gap":4,"lba0":585,"lba1":585,"bytes":4096,"n":1,"kind":2,"ov":0}
[msc.reads] n=1 bytes=4096 lba=585..585 gap=4 ov=0
[rx] {"t":"event","op":"msc.reads","ms":29056,"gap":4,"lba0":593,"lba1":593,"bytes":4096,"n":1,"kind":2,"ov":0}
[msc.reads] n=1 bytes=4096 lba=593..593 gap=4 ov=0
[rx] {"t":"event","op":"msc.reads","ms":29060,"gap":4,"lba0":601,"lba1":601,"bytes":4096,"n":1,"kind":2,"ov":0}
[msc.reads] n=1 bytes=4096 lba=601..601 gap=4 ov=0
[rx] {"t":"event","op":"msc.reads","ms":29064,"gap":4,"lba0":609,"lba1":673,"bytes":36864,"n":9,"kind":2,"ov":0}
[msc.reads] n=9 bytes=36864 lba=609..673 gap=4 ov=0
[rx] {"t":"event","op":"msc.reads","ms":29097,"gap":4,"lba0":681,"lba1":681,"bytes":4096,"n":1,"kind":2,"ov":0}
[msc.reads] n=1 bytes=4096 lba=681..681 gap=4 ov=0
[rx] {"t":"event","op":"msc.reads","ms":29100,"gap":3,"lba0":689,"lba1":689,"bytes":4096,"n":1,"kind":2,"ov":0}
[msc.reads] n=1 bytes=4096 lba=689..689 gap=3 ov=0
[rx] {"t":"event","op":"msc.reads","ms":29104,"gap":4,"lba0":697,"lba1":713,"bytes":12288,"n":3,"kind":2,"ov":0}
[msc.reads] n=3 bytes=12288 lba=697..713 gap=4 ov=0
[rx] {"t":"event","op":"msc.reads","ms":29116,"gap":4,"lba0":721,"lba1":721,"bytes":4096,"n":1,"kind":2,"ov":0}
[msc.reads] n=1 bytes=4096 lba=721..721 gap=4 ov=0
[rx] {"t":"event","op":"msc.reads","ms":29120,"gap":4,"lba0":729,"lba1":729,"bytes":4096,"n":1,"kind":2,"ov":0}
[msc.reads] n=1 bytes=4096 lba=729..729 gap=4 ov=0
[rx] {"t":"event","op":"diag","code":"play.reject","detail":"plug_window uid=18330258143618563731 from=16465 +4096B age=1979ms"}
[msc] play.reject plug_window uid=18330258143618563731 from=16465 +4096B age=1979ms
[rx] {"t":"event","op":"msc.reads","ms":29124,"gap":4,"lba0":737,"lba1":16465,"bytes":12288,"n":3,"kind":2,"ov":0}
[msc.reads] n=3 bytes=12288 lba=737..16465 gap=4 ov=0
[rx] {"t":"event","op":"msc.reads","ms":29167,"gap":36,"lba0":16473,"lba1":16473,"bytes":4096,"n":1,"kind":2,"ov":0}
[msc.reads] n=1 bytes=4096 lba=16473..16473 gap=36 ov=0
[rx] {"t":"event","op":"msc.reads","ms":29170,"gap":3,"lba0":16481,"lba1":16481,"bytes":4096,"n":1,"kind":2,"ov":0}
[msc.reads] n=1 bytes=4096 lba=16481..16481 gap=3 ov=0
[rx] {"t":"event","op":"msc.reads","ms":29174,"gap":4,"lba0":16489,"lba1":16489,"bytes":4096,"n":1,"kind":2,"ov":0}
[msc.reads] n=1 bytes=4096 lba=16489..16489 gap=4 ov=0
[rx] {"t":"event","op":"msc.reads","ms":29179,"gap":5,"lba0":16497,"lba1":16497,"bytes":4096,"n":1,"kind":2,"ov":0}
[msc.reads] n=1 bytes=4096 lba=16497..16497 gap=5 ov=0
[rx] {"t":"event","op":"msc.reads","ms":29183,"gap":4,"lba0":16505,"lba1":16521,"bytes":12288,"n":3,"kind":2,"ov":0}
[msc.reads] n=3 bytes=12288 lba=16505..16521 gap=4 ov=0
[rx] {"t":"event","op":"msc.reads","ms":29194,"gap":4,"lba0":16529,"lba1":16529,"bytes":4096,"n":1,"kind":2,"ov":0}
[msc.reads] n=1 bytes=4096 lba=16529..16529 gap=4 ov=0
[rx] {"t":"event","op":"diag","code":"play.reject","detail":"not_from_head uid=18330258143618563731 from=17481 +4096B age=2087ms prefetch"}
[msc] play.reject not_from_head uid=18330258143618563731 from=17481 +4096B age=2087ms prefetch
[rx] {"t":"event","op":"msc.reads","ms":29198,"gap":4,"lba0":16537,"lba1":17121,"bytes":131072,"n":32,"kind":2,"ov":0}
[msc.reads] n=32 bytes=131072 lba=16537..17121 gap=4 ov=0
[rx] {"t":"event","op":"msc.reads","ms":29330,"gap":4,"lba0":17129,"lba1":17169,"bytes":24576,"n":6,"kind":2,"ov":0}
[msc.reads] n=6 bytes=24576 lba=17129..17169 gap=4 ov=0
[rx] {"t":"event","op":"msc.reads","ms":29352,"gap":4,"lba0":17177,"lba1":17185,"bytes":8192,"n":2,"kind":2,"ov":0}
[msc.reads] n=2 bytes=8192 lba=17177..17185 gap=4 ov=0
[rx] {"t":"event","op":"msc.reads","ms":29360,"gap":4,"lba0":17193,"lba1":17193,"bytes":4096,"n":1,"kind":2,"ov":0}
[msc.reads] n=1 bytes=4096 lba=17193..17193 gap=4 ov=0
[rx] {"t":"event","op":"msc.reads","ms":29364,"gap":4,"lba0":17201,"lba1":17201,"bytes":4096,"n":1,"kind":2,"ov":0}
[msc.reads] n=1 bytes=4096 lba=17201..17201 gap=4 ov=0
[rx] {"t":"event","op":"msc.reads","ms":29368,"gap":4,"lba0":17209,"lba1":17321,"bytes":61440,"n":15,"kind":2,"ov":0}
[msc.reads] n=15 bytes=61440 lba=17209..17321 gap=4 ov=0
[rx] {"t":"event","op":"msc.reads","ms":29423,"gap":4,"lba0":17329,"lba1":16913,"bytes":36864,"n":9,"kind":2,"ov":0}
[msc.reads] n=9 bytes=36864 lba=17329..16913 gap=4 ov=0
[rx] {"t":"event","op":"msc.reads","ms":29457,"gap":4,"lba0":16921,"lba1":16921,"bytes":4096,"n":1,"kind":2,"ov":0}
[msc.reads] n=1 bytes=4096 lba=16921..16921 gap=4 ov=0
[rx] {"t":"event","op":"msc.reads","ms":29461,"gap":4,"lba0":16929,"lba1":16937,"bytes":8192,"n":2,"kind":2,"ov":0}
[msc.reads] n=2 bytes=8192 lba=16929..16937 gap=4 ov=0
[rx] {"t":"event","op":"msc.reads","ms":29468,"gap":3,"lba0":16945,"lba1":17017,"bytes":40960,"n":10,"kind":2,"ov":0}
[msc.reads] n=10 bytes=40960 lba=16945..17017 gap=3 ov=0
[rx] {"t":"event","op":"msc.reads","ms":29505,"gap":4,"lba0":17025,"lba1":17025,"bytes":4096,"n":1,"kind":2,"ov":0}
[msc.reads] n=1 bytes=4096 lba=17025..17025 gap=4 ov=0
[rx] {"t":"event","op":"msc.reads","ms":29509,"gap":4,"lba0":17033,"lba1":17033,"bytes":4096,"n":1,"kind":2,"ov":0}
[msc.reads] n=1 bytes=4096 lba=17033..17033 gap=4 ov=0
[rx] {"t":"event","op":"msc.reads","ms":29513,"gap":4,"lba0":17041,"lba1":17049,"bytes":8192,"n":2,"kind":2,"ov":0}
[msc.reads] n=2 bytes=8192 lba=17041..17049 gap=4 ov=0
[rx] {"t":"event","op":"diag","code":"play.reject","detail":"plug_window uid=16678805154550120858 from=17489 +4096B age=2390ms"}
[msc] play.reject plug_window uid=16678805154550120858 from=17489 +4096B age=2390ms
[rx] {"t":"event","op":"msc.reads","ms":29520,"gap":3,"lba0":17057,"lba1":17489,"bytes":28672,"n":7,"kind":2,"ov":0}
[msc.reads] n=7 bytes=28672 lba=17057..17489 gap=3 ov=0
[rx] {"t":"event","op":"msc.reads","ms":29560,"gap":18,"lba0":17497,"lba1":17497,"bytes":4096,"n":1,"kind":2,"ov":0}
[msc.reads] n=1 bytes=4096 lba=17497..17497 gap=18 ov=0
[rx] {"t":"event","op":"msc.reads","ms":29564,"gap":4,"lba0":17505,"lba1":17505,"bytes":4096,"n":1,"kind":2,"ov":0}
[msc.reads] n=1 bytes=4096 lba=17505..17505 gap=4 ov=0
[rx] {"t":"event","op":"diag","code":"play.reject","detail":"not_from_head uid=18330258143618563731 from=16625 +4096B age=2419ms prefetch"}
[msc] play.reject not_from_head uid=18330258143618563731 from=16625 +4096B age=2419ms prefetch
[rx] {"t":"event","op":"msc.reads","ms":29567,"gap":3,"lba0":17513,"lba1":16625,"bytes":8192,"n":2,"kind":2,"ov":0}
[msc.reads] n=2 bytes=8192 lba=17513..16625 gap=3 ov=0
[rx] {"t":"event","op":"msc.reads","ms":29603,"gap":32,"lba0":16633,"lba1":16633,"bytes":4096,"n":1,"kind":2,"ov":0}
[msc.reads] n=1 bytes=4096 lba=16633..16633 gap=32 ov=0
[rx] {"t":"event","op":"msc.reads","ms":29607,"gap":4,"lba0":16641,"lba1":16641,"bytes":4096,"n":1,"kind":2,"ov":0}
[msc.reads] n=1 bytes=4096 lba=16641..16641 gap=4 ov=0
[rx] {"t":"event","op":"msc.reads","ms":29611,"gap":4,"lba0":16649,"lba1":16721,"bytes":40960,"n":10,"kind":2,"ov":0}
[msc.reads] n=10 bytes=40960 lba=16649..16721 gap=4 ov=0
[rx] {"t":"event","op":"msc.reads","ms":29648,"gap":4,"lba0":16729,"lba1":16729,"bytes":4096,"n":1,"kind":2,"ov":0}
[msc.reads] n=1 bytes=4096 lba=16729..16729 gap=4 ov=0
[rx] {"t":"event","op":"msc.reads","ms":29652,"gap":4,"lba0":16737,"lba1":16737,"bytes":4096,"n":1,"kind":2,"ov":0}
[msc.reads] n=1 bytes=4096 lba=16737..16737 gap=4 ov=0
[rx] {"t":"event","op":"msc.reads","ms":29656,"gap":4,"lba0":16745,"lba1":16745,"bytes":4096,"n":1,"kind":2,"ov":0}
[msc.reads] n=1 bytes=4096 lba=16745..16745 gap=4 ov=0
[rx] {"t":"event","op":"msc.reads","ms":29660,"gap":4,"lba0":16753,"lba1":16769,"bytes":12288,"n":3,"kind":2,"ov":0}
[msc.reads] n=3 bytes=12288 lba=16753..16769 gap=4 ov=0
[rx] {"t":"event","op":"msc.reads","ms":29671,"gap":4,"lba0":16777,"lba1":16777,"bytes":4096,"n":1,"kind":2,"ov":0}
[msc.reads] n=1 bytes=4096 lba=16777..16777 gap=4 ov=0
[rx] {"t":"event","op":"msc.reads","ms":29675,"gap":4,"lba0":16785,"lba1":16785,"bytes":4096,"n":1,"kind":2,"ov":0}
[msc.reads] n=1 bytes=4096 lba=16785..16785 gap=4 ov=0
[rx] {"t":"event","op":"msc.reads","ms":29679,"gap":4,"lba0":16793,"lba1":16793,"bytes":4096,"n":1,"kind":2,"ov":0}
[msc.reads] n=1 bytes=4096 lba=16793..16793 gap=4 ov=0
[rx] {"t":"event","op":"msc.reads","ms":29682,"gap":3,"lba0":16801,"lba1":16841,"bytes":24576,"n":6,"kind":2,"ov":0}
[msc.reads] n=6 bytes=24576 lba=16801..16841 gap=3 ov=0
[rx] {"t":"event","op":"msc.reads","ms":29705,"gap":4,"lba0":16849,"lba1":16849,"bytes":4096,"n":1,"kind":2,"ov":0}
[msc.reads] n=1 bytes=4096 lba=16849..16849 gap=4 ov=0
[rx] {"t":"event","op":"msc.reads","ms":29709,"gap":4,"lba0":16857,"lba1":17601,"bytes":49152,"n":12,"kind":2,"ov":0}
[msc.reads] n=12 bytes=49152 lba=16857..17601 gap=4 ov=0
[rx] {"t":"event","op":"msc.reads","ms":29753,"gap":4,"lba0":17609,"lba1":17609,"bytes":4096,"n":1,"kind":2,"ov":0}
[msc.reads] n=1 bytes=4096 lba=17609..17609 gap=4 ov=0
[rx] {"t":"event","op":"msc.reads","ms":29757,"gap":4,"lba0":17617,"lba1":17617,"bytes":4096,"n":1,"kind":2,"ov":0}
[msc.reads] n=1 bytes=4096 lba=17617..17617 gap=4 ov=0
[rx] {"t":"event","op":"msc.reads","ms":29760,"gap":3,"lba0":17625,"lba1":17625,"bytes":4096,"n":1,"kind":2,"ov":0}
[msc.reads] n=1 bytes=4096 lba=17625..17625 gap=3 ov=0
[rx] {"t":"event","op":"msc.reads","ms":29764,"gap":4,"lba0":17633,"lba1":17633,"bytes":4096,"n":1,"kind":2,"ov":0}
[msc.reads] n=1 bytes=4096 lba=17633..17633 gap=4 ov=0
[rx] {"t":"event","op":"msc.reads","ms":29768,"gap":4,"lba0":17641,"lba1":17641,"bytes":4096,"n":1,"kind":2,"ov":0}
[msc.reads] n=1 bytes=4096 lba=17641..17641 gap=4 ov=0
[rx] {"t":"event","op":"msc.reads","ms":29776,"gap":8,"lba0":18505,"lba1":18505,"bytes":4096,"n":1,"kind":2,"ov":0}
[msc.reads] n=1 bytes=4096 lba=18505..18505 gap=8 ov=0
[rx] {"t":"event","op":"msc.reads","ms":29842,"gap":66,"lba0":18129,"lba1":18129,"bytes":4096,"n":1,"kind":2,"ov":0}
[msc.reads] n=1 bytes=4096 lba=18129..18129 gap=66 ov=0
[rx] {"t":"event","op":"msc.reads","ms":29846,"gap":4,"lba0":18137,"lba1":18137,"bytes":4096,"n":1,"kind":2,"ov":0}
[msc.reads] n=1 bytes=4096 lba=18137..18137 gap=4 ov=0
[rx] {"t":"event","op":"msc.reads","ms":29850,"gap":4,"lba0":18145,"lba1":18145,"bytes":4096,"n":1,"kind":2,"ov":0}
[msc.reads] n=1 bytes=4096 lba=18145..18145 gap=4 ov=0
[rx] {"t":"event","op":"msc.reads","ms":29854,"gap":4,"lba0":18153,"lba1":18153,"bytes":4096,"n":1,"kind":2,"ov":0}
[msc.reads] n=1 bytes=4096 lba=18153..18153 gap=4 ov=0
[rx] {"t":"event","op":"msc.reads","ms":29858,"gap":4,"lba0":17889,"lba1":17889,"bytes":4096,"n":1,"kind":2,"ov":0}
[msc.reads] n=1 bytes=4096 lba=17889..17889 gap=4 ov=0
[rx] {"t":"event","op":"msc.reads","ms":29862,"gap":4,"lba0":17897,"lba1":17921,"bytes":16384,"n":4,"kind":2,"ov":0}
[msc.reads] n=4 bytes=16384 lba=17897..17921 gap=4 ov=0
[rx] {"t":"event","op":"msc.reads","ms":29877,"gap":4,"lba0":17929,"lba1":17929,"bytes":4096,"n":1,"kind":2,"ov":0}
[msc.reads] n=1 bytes=4096 lba=17929..17929 gap=4 ov=0
[rx] {"t":"event","op":"msc.reads","ms":29881,"gap":4,"lba0":17937,"lba1":17937,"bytes":4096,"n":1,"kind":2,"ov":0}
[msc.reads] n=1 bytes=4096 lba=17937..17937 gap=4 ov=0
[rx] {"t":"event","op":"msc.reads","ms":29885,"gap":4,"lba0":17945,"lba1":17945,"bytes":4096,"n":1,"kind":2,"ov":0}
[msc.reads] n=1 bytes=4096 lba=17945..17945 gap=4 ov=0
[rx] {"t":"event","op":"msc.reads","ms":29889,"gap":4,"lba0":17953,"lba1":17953,"bytes":4096,"n":1,"kind":2,"ov":0}
[msc.reads] n=1 bytes=4096 lba=17953..17953 gap=4 ov=0
[rx] {"t":"event","op":"msc.reads","ms":29893,"gap":4,"lba0":17961,"lba1":17961,"bytes":4096,"n":1,"kind":2,"ov":0}
[msc.reads] n=1 bytes=4096 lba=17961..17961 gap=4 ov=0
[rx] {"t":"event","op":"msc.reads","ms":29897,"gap":4,"lba0":17969,"lba1":17977,"bytes":8192,"n":2,"kind":2,"ov":0}
[msc.reads] n=2 bytes=8192 lba=17969..17977 gap=4 ov=0
[rx] {"t":"event","op":"msc.reads","ms":29904,"gap":4,"lba0":17985,"lba1":17985,"bytes":4096,"n":1,"kind":2,"ov":0}
[msc.reads] n=1 bytes=4096 lba=17985..17985 gap=4 ov=0
[rx] {"t":"event","op":"msc.reads","ms":29908,"gap":4,"lba0":17993,"lba1":17993,"bytes":4096,"n":1,"kind":2,"ov":0}
[msc.reads] n=1 bytes=4096 lba=17993..17993 gap=4 ov=0
[rx] {"t":"event","op":"msc.reads","ms":29912,"gap":4,"lba0":18001,"lba1":18001,"bytes":4096,"n":1,"kind":2,"ov":0}
[msc.reads] n=1 bytes=4096 lba=18001..18001 gap=4 ov=0
[rx] {"t":"event","op":"msc.reads","ms":29916,"gap":4,"lba0":18009,"lba1":18009,"bytes":4096,"n":1,"kind":2,"ov":0}
[msc.reads] n=1 bytes=4096 lba=18009..18009 gap=4 ov=0
[rx] {"t":"event","op":"msc.reads","ms":29920,"gap":4,"lba0":18017,"lba1":18017,"bytes":4096,"n":1,"kind":2,"ov":0}
[msc.reads] n=1 bytes=4096 lba=18017..18017 gap=4 ov=0
[rx] {"t":"event","op":"msc.reads","ms":29924,"gap":4,"lba0":18025,"lba1":18025,"bytes":4096,"n":1,"kind":2,"ov":0}
[msc.reads] n=1 bytes=4096 lba=18025..18025 gap=4 ov=0
[rx] {"t":"event","op":"msc.reads","ms":29928,"gap":4,"lba0":18033,"lba1":18041,"bytes":8192,"n":2,"kind":2,"ov":0}
[msc.reads] n=2 bytes=8192 lba=18033..18041 gap=4 ov=0
[rx] {"t":"event","op":"msc.reads","ms":29936,"gap":4,"lba0":18049,"lba1":18049,"bytes":4096,"n":1,"kind":2,"ov":0}
[msc.reads] n=1 bytes=4096 lba=18049..18049 gap=4 ov=0
[tx] {"t":"ping"}
[rx] {"t":"event","op":"msc.reads","ms":29940,"gap":4,"lba0":18057,"lba1":18081,"bytes":16384,"n":4,"kind":2,"ov":0}
[msc.reads] n=4 bytes=16384 lba=18057..18081 gap=4 ov=0
[rx] {"t":"event","op":"msc.reads","ms":29955,"gap":4,"lba0":18089,"lba1":18089,"bytes":4096,"n":1,"kind":2,"ov":0}
[msc.reads] n=1 bytes=4096 lba=18089..18089 gap=4 ov=0
[rx] {"t":"pong"}
[rx] {"t":"event","op":"msc.reads","ms":29959,"gap":4,"lba0":18097,"lba1":18105,"bytes":8192,"n":2,"kind":2,"ov":0}
[msc.reads] n=2 bytes=8192 lba=18097..18105 gap=4 ov=0
[rx] {"t":"event","op":"msc.reads","ms":29967,"gap":4,"lba0":18113,"lba1":18113,"bytes":4096,"n":1,"kind":2,"ov":0}
[msc.reads] n=1 bytes=4096 lba=18113..18113 gap=4 ov=0
[rx] {"t":"event","op":"msc.reads","ms":29971,"gap":4,"lba0":18121,"lba1":18121,"bytes":4096,"n":1,"kind":2,"ov":0}
[msc.reads] n=1 bytes=4096 lba=18121..18121 gap=4 ov=0
[rx] {"t":"event","op":"diag","code":"play.reject","detail":"plug_window uid=pump:page_next from=18513 +4096B age=2823ms"}
[msc] play.reject plug_window uid=pump:page_next from=18513 +4096B age=2823ms
[rx] {"t":"event","op":"msc.reads","ms":29975,"gap":4,"lba0":18513,"lba1":18513,"bytes":4096,"n":1,"kind":2,"ov":0}
[msc.reads] n=1 bytes=4096 lba=18513..18513 gap=4 ov=0
[rx] {"t":"event","op":"msc.reads","ms":29992,"gap":17,"lba0":18521,"lba1":18521,"bytes":2560,"n":1,"kind":2,"ov":0}
[msc.reads] n=1 bytes=2560 lba=18521..18521 gap=17 ov=0
[rx] {"t":"event","op":"diag","code":"play.reject","detail":"not_from_head uid=16678805154550120858 from=17649 +4096B age=2844ms prefetch"}
[msc] play.reject not_from_head uid=16678805154550120858 from=17649 +4096B age=2844ms prefetch
[rx] {"t":"event","op":"msc.reads","ms":29996,"gap":4,"lba0":17649,"lba1":17649,"bytes":4096,"n":1,"kind":2,"ov":0}
[msc.reads] n=1 bytes=4096 lba=17649..17649 gap=4 ov=0
[rx] {"t":"event","op":"msc.reads","ms":30023,"gap":27,"lba0":17657,"lba1":17681,"bytes":16384,"n":4,"kind":2,"ov":0}
[msc.reads] n=4 bytes=16384 lba=17657..17681 gap=27 ov=0
[rx] {"t":"event","op":"msc.reads","ms":30038,"gap":4,"lba0":17689,"lba1":17689,"bytes":4096,"n":1,"kind":2,"ov":0}
[msc.reads] n=1 bytes=4096 lba=17689..17689 gap=4 ov=0
[rx] {"t":"event","op":"msc.reads","ms":30042,"gap":4,"lba0":17697,"lba1":17697,"bytes":4096,"n":1,"kind":2,"ov":0}
[msc.reads] n=1 bytes=4096 lba=17697..17697 gap=4 ov=0
[rx] {"t":"event","op":"msc.reads","ms":30046,"gap":4,"lba0":17705,"lba1":17705,"bytes":4096,"n":1,"kind":2,"ov":0}
[msc.reads] n=1 bytes=4096 lba=17705..17705 gap=4 ov=0
[rx] {"t":"event","op":"msc.reads","ms":30050,"gap":4,"lba0":17713,"lba1":17745,"bytes":20480,"n":5,"kind":2,"ov":0}
[msc.reads] n=5 bytes=20480 lba=17713..17745 gap=4 ov=0
[rx] {"t":"event","op":"msc.reads","ms":30068,"gap":4,"lba0":17753,"lba1":17857,"bytes":57344,"n":14,"kind":2,"ov":0}
[msc.reads] n=14 bytes=57344 lba=17753..17857 gap=4 ov=0
[rx] {"t":"event","op":"msc.reads","ms":30119,"gap":4,"lba0":17865,"lba1":17865,"bytes":4096,"n":1,"kind":2,"ov":0}
[msc.reads] n=1 bytes=4096 lba=17865..17865 gap=4 ov=0
[rx] {"t":"event","op":"msc.reads","ms":30123,"gap":4,"lba0":17873,"lba1":17873,"bytes":4096,"n":1,"kind":2,"ov":0}
[msc.reads] n=1 bytes=4096 lba=17873..17873 gap=4 ov=0
[rx] {"t":"event","op":"msc.reads","ms":30127,"gap":4,"lba0":17881,"lba1":17881,"bytes":4096,"n":1,"kind":2,"ov":0}
[msc.reads] n=1 bytes=4096 lba=17881..17881 gap=4 ov=0
[tx] {"t":"ping"}
[rx] {"t":"event","op":"diag","code":"msc.phase","detail":"quiet cache?"}
[msc] msc.phase quiet cache?
[rx] {"t":"event","op":"diag","code":"msc.quiet","detail":"file=1260032B age=2003ms"}
[msc] msc.quiet file=1260032B age=2003ms
[rx] {"t":"pong"}
[rx] {"t":"event","op":"diag","code":"play.reject","detail":"not_from_head uid=16678805154550120858 from=18161 +4096B age=6705ms prefetch"}
[msc] play.reject not_from_head uid=16678805154550120858 from=18161 +4096B age=6705ms prefetch
[rx] {"t":"event","op":"msc.reads","ms":33857,"gap":3730,"lba0":18161,"lba1":18161,"bytes":4096,"n":1,"kind":2,"ov":0}
[msc.reads] n=1 bytes=4096 lba=18161..18161 gap=3730 ov=0
[rx] {"t":"event","op":"msc.reads","ms":33874,"gap":17,"lba0":18169,"lba1":18169,"bytes":4096,"n":1,"kind":2,"ov":0}
[msc.reads] n=1 bytes=4096 lba=18169..18169 gap=17 ov=0
[rx] {"t":"event","op":"msc.reads","ms":33878,"gap":4,"lba0":18177,"lba1":18177,"bytes":4096,"n":1,"kind":2,"ov":0}
[msc.reads] n=1 bytes=4096 lba=18177..18177 gap=4 ov=0
[rx] {"t":"event","op":"msc.reads","ms":33882,"gap":4,"lba0":18185,"lba1":18185,"bytes":4096,"n":1,"kind":2,"ov":0}
[msc.reads] n=1 bytes=4096 lba=18185..18185 gap=4 ov=0
[rx] {"t":"event","op":"msc.reads","ms":33886,"gap":4,"lba0":18193,"lba1":18217,"bytes":16384,"n":4,"kind":2,"ov":0}
[msc.reads] n=4 bytes=16384 lba=18193..18217 gap=4 ov=0
[rx] {"t":"event","op":"msc.reads","ms":33901,"gap":4,"lba0":18225,"lba1":18225,"bytes":4096,"n":1,"kind":2,"ov":0}
[msc.reads] n=1 bytes=4096 lba=18225..18225 gap=4 ov=0
[rx] {"t":"event","op":"msc.reads","ms":33905,"gap":4,"lba0":18233,"lba1":18233,"bytes":4096,"n":1,"kind":2,"ov":0}
[msc.reads] n=1 bytes=4096 lba=18233..18233 gap=4 ov=0
[rx] {"t":"event","op":"msc.reads","ms":33909,"gap":4,"lba0":18241,"lba1":18241,"bytes":4096,"n":1,"kind":2,"ov":0}
[msc.reads] n=1 bytes=4096 lba=18241..18241 gap=4 ov=0
[rx] {"t":"event","op":"msc.reads","ms":33913,"gap":4,"lba0":18249,"lba1":18249,"bytes":4096,"n":1,"kind":2,"ov":0}
[msc.reads] n=1 bytes=4096 lba=18249..18249 gap=4 ov=0
[rx] {"t":"event","op":"msc.reads","ms":33917,"gap":4,"lba0":18257,"lba1":18265,"bytes":8192,"n":2,"kind":2,"ov":0}
[msc.reads] n=2 bytes=8192 lba=18257..18265 gap=4 ov=0
[rx] {"t":"event","op":"msc.reads","ms":33924,"gap":4,"lba0":18273,"lba1":18273,"bytes":4096,"n":1,"kind":2,"ov":0}
[msc.reads] n=1 bytes=4096 lba=18273..18273 gap=4 ov=0
[rx] {"t":"event","op":"msc.reads","ms":33928,"gap":4,"lba0":18281,"lba1":18281,"bytes":4096,"n":1,"kind":2,"ov":0}
[msc.reads] n=1 bytes=4096 lba=18281..18281 gap=4 ov=0
[rx] {"t":"event","op":"msc.reads","ms":33932,"gap":4,"lba0":18289,"lba1":18289,"bytes":4096,"n":1,"kind":2,"ov":0}
[msc.reads] n=1 bytes=4096 lba=18289..18289 gap=4 ov=0
[rx] {"t":"event","op":"msc.reads","ms":33936,"gap":4,"lba0":18297,"lba1":18297,"bytes":4096,"n":1,"kind":2,"ov":0}
[msc.reads] n=1 bytes=4096 lba=18297..18297 gap=4 ov=0
[rx] {"t":"event","op":"msc.reads","ms":33940,"gap":4,"lba0":18305,"lba1":18305,"bytes":4096,"n":1,"kind":2,"ov":0}
[msc.reads] n=1 bytes=4096 lba=18305..18305 gap=4 ov=0
[rx] {"t":"event","op":"msc.reads","ms":33944,"gap":4,"lba0":18313,"lba1":18313,"bytes":4096,"n":1,"kind":2,"ov":0}
[msc.reads] n=1 bytes=4096 lba=18313..18313 gap=4 ov=0
[rx] {"t":"event","op":"msc.reads","ms":33948,"gap":4,"lba0":18321,"lba1":18321,"bytes":4096,"n":1,"kind":2,"ov":0}
[msc.reads] n=1 bytes=4096 lba=18321..18321 gap=4 ov=0
[rx] {"t":"event","op":"msc.reads","ms":33952,"gap":4,"lba0":18329,"lba1":18329,"bytes":4096,"n":1,"kind":2,"ov":0}
[msc.reads] n=1 bytes=4096 lba=18329..18329 gap=4 ov=0
[rx] {"t":"event","op":"msc.reads","ms":33956,"gap":4,"lba0":18337,"lba1":18345,"bytes":8192,"n":2,"kind":2,"ov":0}
[msc.reads] n=2 bytes=8192 lba=18337..18345 gap=4 ov=0
[rx] {"t":"event","op":"msc.reads","ms":33963,"gap":4,"lba0":18353,"lba1":18353,"bytes":4096,"n":1,"kind":2,"ov":0}
[msc.reads] n=1 bytes=4096 lba=18353..18353 gap=4 ov=0
[rx] {"t":"event","op":"msc.reads","ms":33967,"gap":4,"lba0":18361,"lba1":18361,"bytes":4096,"n":1,"kind":2,"ov":0}
[msc.reads] n=1 bytes=4096 lba=18361..18361 gap=4 ov=0
[tx] {"t":"ping"}
[rx] {"t":"event","op":"msc.reads","ms":33971,"gap":4,"lba0":18369,"lba1":18369,"bytes":4096,"n":1,"kind":2,"ov":0}
[msc.reads] n=1 bytes=4096 lba=18369..18369 gap=4 ov=0
[rx] {"t":"event","op":"msc.reads","ms":33975,"gap":4,"lba0":18377,"lba1":18377,"bytes":4096,"n":1,"kind":2,"ov":0}
[msc.reads] n=1 bytes=4096 lba=18377..18377 gap=4 ov=0
[rx] {"t":"event","op":"msc.reads","ms":33979,"gap":4,"lba0":18385,"lba1":18457,"bytes":40960,"n":10,"kind":2,"ov":0}
[msc.reads] n=10 bytes=40960 lba=18385..18457 gap=4 ov=0
[rx] {"t":"pong"}
[rx] {"t":"event","op":"msc.reads","ms":34016,"gap":4,"lba0":18465,"lba1":18473,"bytes":8192,"n":2,"kind":2,"ov":0}
[msc.reads] n=2 bytes=8192 lba=18465..18473 gap=4 ov=0
[rx] {"t":"event","op":"msc.reads","ms":34024,"gap":4,"lba0":18481,"lba1":18481,"bytes":4096,"n":1,"kind":2,"ov":0}
[msc.reads] n=1 bytes=4096 lba=18481..18481 gap=4 ov=0
[rx] {"t":"event","op":"msc.reads","ms":34027,"gap":3,"lba0":18489,"lba1":18489,"bytes":4096,"n":1,"kind":2,"ov":0}
[msc.reads] n=1 bytes=4096 lba=18489..18489 gap=3 ov=0
[rx] {"t":"event","op":"msc.reads","ms":34031,"gap":4,"lba0":18497,"lba1":18497,"bytes":4096,"n":1,"kind":2,"ov":0}
[msc.reads] n=1 bytes=4096 lba=18497..18497 gap=4 ov=0
[tx] {"t":"ping"}
[rx] {"t":"event","op":"diag","code":"msc.quiet","detail":"file=1436160B age=2000ms"}
[msc] msc.quiet file=1436160B age=2000ms
[rx] {"t":"pong"}
[tx] {"t":"ping"}
[rx] {"t":"pong"}
[tx] {"t":"ping"}
[rx] {"t":"pong"}
[tx] {"t":"ping"}
[rx] {"t":"pong"}
[tx] {"t":"ping"}
[rx] {"t":"pong"}
[tx] {"t":"ping"}
[rx] {"t":"pong"}
[tx] {"t":"ping"}
[rx] {"t":"pong"}
[tx] {"t":"ping"}
[rx] {"t":"pong"}
[tx] {"t":"ping"}
[rx] {"t":"pong"}
[tx] {"t":"ping"}
[rx] {"t":"pong"}
[tx] {"t":"ping"}
[rx] {"t":"pong"}
[tx] {"t":"ping"}
[rx] {"t":"pong"}
[tx] {"t":"ping"}
[rx] {"t":"pong"}
[tx] {"t":"ping"}
[rx] {"t":"pong"}
[tx] {"t":"ping"}
[rx] {"t":"pong"}
[tx] {"t":"ping"}
[rx] {"t":"pong"}
[tx] {"t":"ping"}
[rx] {"t":"pong"}
[tx] {"t":"ping"}
[rx] {"t":"pong"}
[tx] {"t":"ping"}
[rx] {"t":"pong"}
[tx] {"t":"ping"}
[rx] {"t":"pong"}
[tx] {"t":"ping"}
[rx] {"t":"pong"}
[tx] {"t":"ping"}
[rx] {"t":"pong"}
[tx] {"t":"ping"}
[rx] {"t":"pong"}
[tx] {"t":"ping"}
[rx] {"t":"pong"}
[tx] {"t":"ping"}
[rx] {"t":"pong"}
[tx] {"t":"ping"}
[rx] {"t":"pong"}
[tx] {"t":"ping"}
[rx] {"t":"pong"}
[tx] {"t":"ping"}
[rx] {"t":"pong"}
[tx] {"t":"ping"}
[rx] {"t":"pong"}
[tx] {"t":"ping"}
[rx] {"t":"pong"}
[tx] {"t":"ping"}
[rx] {"t":"pong"}
[tx] {"t":"ping"}
[rx] {"t":"pong"}
[tx] {"t":"ping"}
[rx] {"t":"pong"}
