Oct 04 10:49:01 Pidrive python3[1245019]: [tx] {"t":"ping"}
Oct 04 10:49:01 Pidrive python3[1245019]: [rx] {"t":"pong"}
Oct 04 10:49:03 Pidrive python3[1245019]: [tx] {"t":"ping"}
Oct 04 10:49:03 Pidrive python3[1245019]: [rx] {"t":"pong"}
Oct 04 10:49:05 Pidrive python3[1245019]: [tx] {"t":"ping"}
Oct 04 10:49:05 Pidrive python3[1245019]: [rx] {"t":"pong"}
Oct 04 10:49:07 Pidrive python3[1245019]: [tx] {"t":"ping"}
Oct 04 10:49:07 Pidrive python3[1245019]: [rx] {"t":"pong"}
Oct 04 10:49:09 Pidrive python3[1245019]: [tx] {"t":"ping"}
Oct 04 10:49:09 Pidrive python3[1245019]: [rx] {"t":"pong"}
Oct 04 10:49:11 Pidrive python3[1245019]: [tx] {"t":"ping"}
Oct 04 10:49:11 Pidrive python3[1245019]: [rx] {"t":"pong"}
Oct 04 10:49:13 Pidrive python3[1245019]: [tx] {"t":"ping"}
Oct 04 10:49:13 Pidrive python3[1245019]: [rx] {"t":"pong"}
Oct 04 10:49:15 Pidrive python3[1245019]: [tx] {"t":"ping"}
Oct 04 10:49:15 Pidrive python3[1245019]: [rx] {"t":"pong"}
Oct 04 10:49:17 Pidrive python3[1245019]: [tx] {"t":"ping"}
Oct 04 10:49:17 Pidrive python3[1245019]: [rx] {"t":"pong"}
Oct 04 10:49:19 Pidrive python3[1245019]: [tx] {"t":"ping"}
Oct 04 10:49:19 Pidrive python3[1245019]: [rx] {"t":"pong"}
Oct 04 10:49:21 Pidrive python3[1245019]: [msc-lock] USB_SESSION_END → MSC_MAP_RELEASED
Oct 04 10:49:21 Pidrive python3[1245019]: [tx] {"t":"ping"}
Oct 04 10:49:21 Pidrive python3[1245019]: [rx] {"t":"event","op":"diag","code":"msc.phase","detail":"idle unplug"}
Oct 04 10:49:21 Pidrive python3[1245019]: [msc] msc.phase idle unplug
Oct 04 10:49:21 Pidrive python3[1245019]: [rx] {"t":"pong"}
Oct 04 10:49:23 Pidrive python3[1245019]: [tx] {"t":"ping"}
Oct 04 10:49:23 Pidrive python3[1245019]: [rx] {"t":"pong"}
Oct 04 10:49:25 Pidrive python3[1245019]: [tx] {"t":"ping"}
Oct 04 10:49:25 Pidrive python3[1245019]: [rx] {"t":"pong"}
Oct 04 10:49:27 Pidrive python3[1245019]: [tx] {"t":"ping"}
Oct 04 10:49:27 Pidrive python3[1245019]: [rx] {"t":"pong"}
Oct 04 10:49:29 Pidrive python3[1245019]: [tx] {"t":"ping"}
Oct 04 10:49:29 Pidrive python3[1245019]: [rx] {"t":"pong"}
Oct 04 10:49:30 Pidrive python3[1245019]: [rx] {"t":"event","op":"diag","code":"msc.phase","detail":"scan plug"}
Oct 04 10:49:30 Pidrive python3[1245019]: [msc] msc.phase scan plug
Oct 04 10:49:31 Pidrive python3[1245019]: [inject] goto:root
Oct 04 10:49:31 Pidrive python3[1245019]: [msc-lock] USB_SESSION_START → sealing (next menu_set freezes map)
Oct 04 10:49:31 Pidrive python3[1245019]: [tx] {"t":"ping"}
Oct 04 10:49:31 Pidrive python3[1245019]: [tx] {"t":"menu_set","rev":4049,"page":0,"items":[{"uid":"fav0","name":"Rock Antenne","kind":"station"},{"uid":"fav1","name":"Rock Antenne Bayern","kind":"station"},{"uid":"fav2","name":"Radio BOB!","kind":"station"},{"uid":"pump:page_next","name":"Menue","kind":"action"}]}
Oct 04 10:49:31 Pidrive python3[1245019]: [msc-lock] sealing publish (seal)
Oct 04 10:49:31 Pidrive python3[1245019]: [rx] {"t":"pong"}
Oct 04 10:49:31 Pidrive python3[1245019]: [rx] {"t":"menu_ack","ok":true,"n":4,"rev":4049}
Oct 04 10:49:31 Pidrive python3[1245019]: [menu_ack] ok=True n=4 rev=4049
Oct 04 10:49:31 Pidrive python3[1245019]: [msc-lock] MSC_MAP_FROZEN [Rock Antenne,Rock Antenne Bayern,Radio BOB!,Menue]
Oct 04 10:49:31 Pidrive python3[1245019]: [rx] {"t":"event","op":"diag","code":"msc.first_read","detail":"1007 ms"}
Oct 04 10:49:31 Pidrive python3[1245019]: [msc] msc.first_read 1007 ms
Oct 04 10:49:31 Pidrive python3[1245019]: [rx] {"t":"event","op":"msc.reads","ms":217113,"gap":0,"lba0":0,"lba1":0,"bytes":4096,"n":1,"kind":4,"ov":0}
Oct 04 10:49:31 Pidrive python3[1245019]: [msc.reads] n=1 bytes=4096 lba=0..0 gap=0 ov=0
Oct 04 10:49:31 Pidrive python3[1245019]: [rx] {"t":"event","op":"msc.reads","ms":217131,"gap":18,"lba0":0,"lba1":0,"bytes":4096,"n":1,"kind":4,"ov":0}
Oct 04 10:49:31 Pidrive python3[1245019]: [msc.reads] n=1 bytes=4096 lba=0..0 gap=18 ov=0
Oct 04 10:49:31 Pidrive python3[1245019]: [rx] {"t":"event","op":"msc.reads","ms":217135,"gap":4,"lba0":32,"lba1":32,"bytes":4096,"n":1,"kind":5,"ov":0}
Oct 04 10:49:31 Pidrive python3[1245019]: [msc.reads] n=1 bytes=4096 lba=32..32 gap=4 ov=0
Oct 04 10:49:31 Pidrive python3[1245019]: [rx] {"t":"event","op":"msc.reads","ms":217139,"gap":4,"lba0":40,"lba1":40,"bytes":4096,"n":1,"kind":1,"ov":0}
Oct 04 10:49:31 Pidrive python3[1245019]: [msc.reads] n=1 bytes=4096 lba=40..40 gap=4 ov=0
Oct 04 10:49:31 Pidrive python3[1245019]: [rx] {"t":"event","op":"msc.reads","ms":217143,"gap":4,"lba0":48,"lba1":48,"bytes":4096,"n":1,"kind":1,"ov":0}
Oct 04 10:49:31 Pidrive python3[1245019]: [msc.reads] n=1 bytes=4096 lba=48..48 gap=4 ov=0
Oct 04 10:49:31 Pidrive python3[1245019]: [rx] {"t":"event","op":"msc.reads","ms":217147,"gap":4,"lba0":56,"lba1":64,"bytes":8192,"n":2,"kind":1,"ov":0}
Oct 04 10:49:31 Pidrive python3[1245019]: [msc.reads] n=2 bytes=8192 lba=56..64 gap=4 ov=0
Oct 04 10:49:31 Pidrive python3[1245019]: [rx] {"t":"event","op":"msc.reads","ms":217157,"gap":6,"lba0":8,"lba1":8,"bytes":4096,"n":1,"kind":5,"ov":0}
Oct 04 10:49:31 Pidrive python3[1245019]: [msc.reads] n=1 bytes=4096 lba=8..8 gap=6 ov=0
Oct 04 10:49:31 Pidrive python3[1245019]: [rx] {"t":"event","op":"msc.reads","ms":217164,"gap":7,"lba0":24,"lba1":24,"bytes":4096,"n":1,"kind":5,"ov":0}
Oct 04 10:49:31 Pidrive python3[1245019]: [msc.reads] n=1 bytes=4096 lba=24..24 gap=7 ov=0
Oct 04 10:49:31 Pidrive python3[1245019]: [rx] {"t":"event","op":"diag","code":"play.reject","detail":"not_from_head uid=fav0 from=120 +4096B age=1063ms prefetch"}
Oct 04 10:49:31 Pidrive python3[1245019]: [msc] play.reject not_from_head uid=fav0 from=120 +4096B age=1063ms prefetch
Oct 04 10:49:31 Pidrive python3[1245019]: [rx] {"t":"event","op":"msc.reads","ms":217169,"gap":5,"lba0":120,"lba1":120,"bytes":4096,"n":1,"kind":2,"ov":0}
Oct 04 10:49:31 Pidrive python3[1245019]: [msc.reads] n=1 bytes=4096 lba=120..120 gap=5 ov=0
Oct 04 10:49:31 Pidrive python3[1245019]: [rx] {"t":"event","op":"msc.reads","ms":217196,"gap":27,"lba0":16,"lba1":16,"bytes":4096,"n":1,"kind":5,"ov":0}
Oct 04 10:49:31 Pidrive python3[1245019]: [msc.reads] n=1 bytes=4096 lba=16..16 gap=27 ov=0
Oct 04 10:49:31 Pidrive python3[1245019]: [rx] {"t":"event","op":"msc.reads","ms":217200,"gap":4,"lba0":128,"lba1":4096,"bytes":12288,"n":3,"kind":2,"ov":0}
Oct 04 10:49:31 Pidrive python3[1245019]: [msc.reads] n=3 bytes=12288 lba=128..4096 gap=4 ov=0
Oct 04 10:49:31 Pidrive python3[1245019]: [rx] {"t":"event","op":"msc.reads","ms":217223,"gap":15,"lba0":0,"lba1":0,"bytes":4096,"n":1,"kind":4,"ov":0}
Oct 04 10:49:31 Pidrive python3[1245019]: [msc.reads] n=1 bytes=4096 lba=0..0 gap=15 ov=0
Oct 04 10:49:32 Pidrive python3[1245019]: [rx] {"t":"event","op":"msc.reads","ms":217312,"gap":89,"lba0":0,"lba1":0,"bytes":512,"n":1,"kind":4,"ov":0}
Oct 04 10:49:32 Pidrive python3[1245019]: [msc.reads] n=1 bytes=512 lba=0..0 gap=89 ov=0
Oct 04 10:49:32 Pidrive python3[1245019]: [rx] {"t":"event","op":"msc.reads","ms":217314,"gap":2,"lba0":1,"lba1":1,"bytes":4096,"n":1,"kind":5,"ov":0}
Oct 04 10:49:32 Pidrive python3[1245019]: [msc.reads] n=1 bytes=4096 lba=1..1 gap=2 ov=0
Oct 04 10:49:32 Pidrive python3[1245019]: [rx] {"t":"event","op":"msc.reads","ms":217319,"gap":5,"lba0":9,"lba1":9,"bytes":4096,"n":1,"kind":5,"ov":0}
Oct 04 10:49:32 Pidrive python3[1245019]: [msc.reads] n=1 bytes=4096 lba=9..9 gap=5 ov=0
Oct 04 10:49:32 Pidrive python3[1245019]: [rx] {"t":"event","op":"msc.reads","ms":217323,"gap":4,"lba0":33,"lba1":33,"bytes":4096,"n":1,"kind":1,"ov":0}
Oct 04 10:49:32 Pidrive python3[1245019]: [msc.reads] n=1 bytes=4096 lba=33..33 gap=4 ov=0
Oct 04 10:49:32 Pidrive python3[1245019]: [rx] {"t":"event","op":"msc.reads","ms":217327,"gap":4,"lba0":41,"lba1":41,"bytes":4096,"n":1,"kind":1,"ov":0}
Oct 04 10:49:32 Pidrive python3[1245019]: [msc.reads] n=1 bytes=4096 lba=41..41 gap=4 ov=0
Oct 04 10:49:32 Pidrive python3[1245019]: [rx] {"t":"event","op":"msc.reads","ms":217331,"gap":4,"lba0":49,"lba1":57,"bytes":8192,"n":2,"kind":1,"ov":0}
Oct 04 10:49:32 Pidrive python3[1245019]: [msc.reads] n=2 bytes=8192 lba=49..57 gap=4 ov=0
Oct 04 10:49:32 Pidrive python3[1245019]: [rx] {"t":"event","op":"msc.reads","ms":217372,"gap":37,"lba0":1,"lba1":1,"bytes":512,"n":1,"kind":5,"ov":0}
Oct 04 10:49:32 Pidrive python3[1245019]: [msc.reads] n=1 bytes=512 lba=1..1 gap=37 ov=0
Oct 04 10:49:32 Pidrive python3[1245019]: [rx] {"t":"event","op":"msc.reads","ms":217374,"gap":2,"lba0":2,"lba1":2,"bytes":3072,"n":1,"kind":5,"ov":0}
Oct 04 10:49:32 Pidrive python3[1245019]: [msc.reads] n=1 bytes=3072 lba=2..2 gap=2 ov=0
Oct 04 10:49:32 Pidrive python3[1245019]: [rx] {"t":"event","op":"msc.reads","ms":217378,"gap":4,"lba0":32,"lba1":32,"bytes":4096,"n":1,"kind":5,"ov":0}
Oct 04 10:49:32 Pidrive python3[1245019]: [msc.reads] n=1 bytes=4096 lba=32..32 gap=4 ov=0
Oct 04 10:49:32 Pidrive python3[1245019]: [rx] {"t":"event","op":"msc.reads","ms":217381,"gap":3,"lba0":40,"lba1":64,"bytes":16384,"n":4,"kind":1,"ov":0}
Oct 04 10:49:32 Pidrive python3[1245019]: [msc.reads] n=4 bytes=16384 lba=40..64 gap=3 ov=0
Oct 04 10:49:32 Pidrive python3[1245019]: [rx] {"t":"event","op":"msc.reads","ms":217399,"gap":6,"lba0":8,"lba1":24,"bytes":8192,"n":2,"kind":5,"ov":0}
Oct 04 10:49:32 Pidrive python3[1245019]: [msc.reads] n=2 bytes=8192 lba=8..24 gap=6 ov=0
Oct 04 10:49:32 Pidrive python3[1245019]: [rx] {"t":"event","op":"msc.reads","ms":217409,"gap":5,"lba0":120,"lba1":120,"bytes":4096,"n":1,"kind":2,"ov":0}
Oct 04 10:49:32 Pidrive python3[1245019]: [msc.reads] n=1 bytes=4096 lba=120..120 gap=5 ov=0
Oct 04 10:49:32 Pidrive python3[1245019]: [rx] {"t":"event","op":"msc.reads","ms":217414,"gap":5,"lba0":16,"lba1":16,"bytes":4096,"n":1,"kind":5,"ov":0}
Oct 04 10:49:32 Pidrive python3[1245019]: [msc.reads] n=1 bytes=4096 lba=16..16 gap=5 ov=0
Oct 04 10:49:32 Pidrive python3[1245019]: [rx] {"t":"event","op":"msc.reads","ms":217419,"gap":5,"lba0":128,"lba1":128,"bytes":4096,"n":1,"kind":2,"ov":0}
Oct 04 10:49:32 Pidrive python3[1245019]: [msc.reads] n=1 bytes=4096 lba=128..128 gap=5 ov=0
Oct 04 10:49:32 Pidrive python3[1245019]: [rx] {"t":"event","op":"msc.reads","ms":217425,"gap":6,"lba0":512,"lba1":4096,"bytes":8192,"n":2,"kind":2,"ov":0}
Oct 04 10:49:32 Pidrive python3[1245019]: [msc.reads] n=2 bytes=8192 lba=512..4096 gap=6 ov=0
Oct 04 10:49:32 Pidrive python3[1245019]: [rx] {"t":"event","op":"msc.reads","ms":217547,"gap":118,"lba0":65,"lba1":65,"bytes":4096,"n":1,"kind":1,"ov":0}
Oct 04 10:49:32 Pidrive python3[1245019]: [msc.reads] n=1 bytes=4096 lba=65..65 gap=118 ov=0
Oct 04 10:49:32 Pidrive python3[1245019]: [rx] {"t":"event","op":"msc.reads","ms":217600,"gap":53,"lba0":73,"lba1":73,"bytes":4096,"n":1,"kind":1,"ov":0}
Oct 04 10:49:32 Pidrive python3[1245019]: [msc.reads] n=1 bytes=4096 lba=73..73 gap=53 ov=0
Oct 04 10:49:32 Pidrive python3[1245019]: [rx] {"t":"event","op":"msc.reads","ms":217653,"gap":53,"lba0":81,"lba1":81,"bytes":4096,"n":1,"kind":2,"ov":0}
Oct 04 10:49:32 Pidrive python3[1245019]: [msc.reads] n=1 bytes=4096 lba=81..81 gap=53 ov=0
Oct 04 10:49:32 Pidrive python3[1245019]: [rx] {"t":"event","op":"diag","code":"play.reject","detail":"plug_window uid=fav0 from=81 +4096B age=1547ms"}
Oct 04 10:49:32 Pidrive python3[1245019]: [msc] play.reject plug_window uid=fav0 from=81 +4096B age=1547ms
Oct 04 10:49:32 Pidrive python3[1245019]: [rx] {"t":"event","op":"msc.reads","ms":217671,"gap":18,"lba0":89,"lba1":89,"bytes":4096,"n":1,"kind":2,"ov":0}
Oct 04 10:49:32 Pidrive python3[1245019]: [msc.reads] n=1 bytes=4096 lba=89..89 gap=18 ov=0
Oct 04 10:49:32 Pidrive python3[1245019]: [rx] {"t":"event","op":"msc.reads","ms":217675,"gap":4,"lba0":97,"lba1":97,"bytes":4096,"n":1,"kind":2,"ov":0}
Oct 04 10:49:32 Pidrive python3[1245019]: [msc.reads] n=1 bytes=4096 lba=97..97 gap=4 ov=0
Oct 04 10:49:32 Pidrive python3[1245019]: [rx] {"t":"event","op":"msc.reads","ms":217679,"gap":4,"lba0":105,"lba1":105,"bytes":4096,"n":1,"kind":2,"ov":0}
Oct 04 10:49:32 Pidrive python3[1245019]: [msc.reads] n=1 bytes=4096 lba=105..105 gap=4 ov=0
Oct 04 10:49:32 Pidrive python3[1245019]: [rx] {"t":"event","op":"msc.reads","ms":217684,"gap":5,"lba0":113,"lba1":113,"bytes":4096,"n":1,"kind":2,"ov":0}
Oct 04 10:49:32 Pidrive python3[1245019]: [msc.reads] n=1 bytes=4096 lba=113..113 gap=5 ov=0
Oct 04 10:49:32 Pidrive python3[1245019]: [rx] {"t":"event","op":"msc.reads","ms":217688,"gap":4,"lba0":121,"lba1":121,"bytes":4096,"n":1,"kind":2,"ov":0}
Oct 04 10:49:32 Pidrive python3[1245019]: [msc.reads] n=1 bytes=4096 lba=121..121 gap=4 ov=0
Oct 04 10:49:32 Pidrive python3[1245019]: [rx] {"t":"event","op":"msc.reads","ms":217691,"gap":3,"lba0":129,"lba1":129,"bytes":4096,"n":1,"kind":2,"ov":0}
Oct 04 10:49:32 Pidrive python3[1245019]: [msc.reads] n=1 bytes=4096 lba=129..129 gap=3 ov=0
Oct 04 10:49:32 Pidrive python3[1245019]: [rx] {"t":"event","op":"msc.reads","ms":217695,"gap":4,"lba0":137,"lba1":137,"bytes":4096,"n":1,"kind":2,"ov":0}
Oct 04 10:49:32 Pidrive python3[1245019]: [msc.reads] n=1 bytes=4096 lba=137..137 gap=4 ov=0
Oct 04 10:49:32 Pidrive python3[1245019]: [rx] {"t":"event","op":"msc.reads","ms":217699,"gap":4,"lba0":145,"lba1":209,"bytes":36864,"n":9,"kind":2,"ov":0}
Oct 04 10:49:32 Pidrive python3[1245019]: [msc.reads] n=9 bytes=36864 lba=145..209 gap=4 ov=0
Oct 04 10:49:32 Pidrive python3[1245019]: [rx] {"t":"event","op":"msc.reads","ms":217734,"gap":4,"lba0":217,"lba1":217,"bytes":4096,"n":1,"kind":2,"ov":0}
Oct 04 10:49:32 Pidrive python3[1245019]: [msc.reads] n=1 bytes=4096 lba=217..217 gap=4 ov=0
Oct 04 10:49:32 Pidrive python3[1245019]: [rx] {"t":"event","op":"msc.reads","ms":217738,"gap":4,"lba0":225,"lba1":225,"bytes":4096,"n":1,"kind":2,"ov":0}
Oct 04 10:49:32 Pidrive python3[1245019]: [msc.reads] n=1 bytes=4096 lba=225..225 gap=4 ov=0
Oct 04 10:49:32 Pidrive python3[1245019]: [rx] {"t":"event","op":"msc.reads","ms":217742,"gap":4,"lba0":233,"lba1":233,"bytes":4096,"n":1,"kind":2,"ov":0}
Oct 04 10:49:32 Pidrive python3[1245019]: [msc.reads] n=1 bytes=4096 lba=233..233 gap=4 ov=0
Oct 04 10:49:32 Pidrive python3[1245019]: [rx] {"t":"event","op":"msc.reads","ms":217746,"gap":4,"lba0":16457,"lba1":16457,"bytes":4096,"n":1,"kind":2,"ov":0}
Oct 04 10:49:32 Pidrive python3[1245019]: [msc.reads] n=1 bytes=4096 lba=16457..16457 gap=4 ov=0
Oct 04 10:49:32 Pidrive python3[1245019]: [rx] {"t":"event","op":"diag","code":"play.reject","detail":"not_from_head uid=fav0 from=16457 +4096B age=1640ms prefetch"}
Oct 04 10:49:32 Pidrive python3[1245019]: [msc] play.reject not_from_head uid=fav0 from=16457 +4096B age=1640ms prefetch
Oct 04 10:49:32 Pidrive python3[1245019]: [rx] {"t":"event","op":"msc.reads","ms":217764,"gap":18,"lba0":241,"lba1":241,"bytes":4096,"n":1,"kind":2,"ov":0}
Oct 04 10:49:32 Pidrive python3[1245019]: [msc.reads] n=1 bytes=4096 lba=241..241 gap=18 ov=0
Oct 04 10:49:32 Pidrive python3[1245019]: [rx] {"t":"event","op":"msc.reads","ms":217768,"gap":4,"lba0":249,"lba1":249,"bytes":4096,"n":1,"kind":2,"ov":0}
Oct 04 10:49:32 Pidrive python3[1245019]: [msc.reads] n=1 bytes=4096 lba=249..249 gap=4 ov=0
Oct 04 10:49:32 Pidrive python3[1245019]: [rx] {"t":"event","op":"msc.reads","ms":217772,"gap":4,"lba0":257,"lba1":257,"bytes":4096,"n":1,"kind":2,"ov":0}
Oct 04 10:49:32 Pidrive python3[1245019]: [msc.reads] n=1 bytes=4096 lba=257..257 gap=4 ov=0
Oct 04 10:49:32 Pidrive python3[1245019]: [rx] {"t":"event","op":"msc.reads","ms":217777,"gap":5,"lba0":265,"lba1":361,"bytes":53248,"n":13,"kind":2,"ov":0}
Oct 04 10:49:32 Pidrive python3[1245019]: [msc.reads] n=13 bytes=53248 lba=265..361 gap=5 ov=0
Oct 04 10:49:32 Pidrive python3[1245019]: [rx] {"t":"event","op":"msc.reads","ms":217828,"gap":5,"lba0":369,"lba1":369,"bytes":4096,"n":1,"kind":2,"ov":0}
Oct 04 10:49:32 Pidrive python3[1245019]: [msc.reads] n=1 bytes=4096 lba=369..369 gap=5 ov=0
Oct 04 10:49:32 Pidrive python3[1245019]: [rx] {"t":"event","op":"msc.reads","ms":217832,"gap":4,"lba0":377,"lba1":377,"bytes":4096,"n":1,"kind":2,"ov":0}
Oct 04 10:49:32 Pidrive python3[1245019]: [msc.reads] n=1 bytes=4096 lba=377..377 gap=4 ov=0
Oct 04 10:49:32 Pidrive python3[1245019]: [rx] {"t":"event","op":"msc.reads","ms":217836,"gap":4,"lba0":385,"lba1":393,"bytes":8192,"n":2,"kind":2,"ov":0}
Oct 04 10:49:32 Pidrive python3[1245019]: [msc.reads] n=2 bytes=8192 lba=385..393 gap=4 ov=0
Oct 04 10:49:32 Pidrive python3[1245019]: [rx] {"t":"event","op":"msc.reads","ms":217844,"gap":4,"lba0":401,"lba1":401,"bytes":4096,"n":1,"kind":2,"ov":0}
Oct 04 10:49:32 Pidrive python3[1245019]: [msc.reads] n=1 bytes=4096 lba=401..401 gap=4 ov=0
Oct 04 10:49:32 Pidrive python3[1245019]: [rx] {"t":"event","op":"msc.reads","ms":217848,"gap":4,"lba0":409,"lba1":409,"bytes":4096,"n":1,"kind":2,"ov":0}
Oct 04 10:49:32 Pidrive python3[1245019]: [msc.reads] n=1 bytes=4096 lba=409..409 gap=4 ov=0
Oct 04 10:49:32 Pidrive python3[1245019]: [rx] {"t":"event","op":"msc.reads","ms":217852,"gap":4,"lba0":417,"lba1":417,"bytes":4096,"n":1,"kind":2,"ov":0}
Oct 04 10:49:32 Pidrive python3[1245019]: [msc.reads] n=1 bytes=4096 lba=417..417 gap=4 ov=0
Oct 04 10:49:32 Pidrive python3[1245019]: [rx] {"t":"event","op":"msc.reads","ms":217856,"gap":4,"lba0":425,"lba1":425,"bytes":4096,"n":1,"kind":2,"ov":0}
Oct 04 10:49:32 Pidrive python3[1245019]: [msc.reads] n=1 bytes=4096 lba=425..425 gap=4 ov=0
Oct 04 10:49:32 Pidrive python3[1245019]: [rx] {"t":"event","op":"msc.reads","ms":217860,"gap":4,"lba0":433,"lba1":433,"bytes":4096,"n":1,"kind":2,"ov":0}
Oct 04 10:49:32 Pidrive python3[1245019]: [msc.reads] n=1 bytes=4096 lba=433..433 gap=4 ov=0
Oct 04 10:49:32 Pidrive python3[1245019]: [rx] {"t":"event","op":"msc.reads","ms":217864,"gap":4,"lba0":441,"lba1":441,"bytes":4096,"n":1,"kind":2,"ov":0}
Oct 04 10:49:32 Pidrive python3[1245019]: [msc.reads] n=1 bytes=4096 lba=441..441 gap=4 ov=0
Oct 04 10:49:32 Pidrive python3[1245019]: [rx] {"t":"event","op":"msc.reads","ms":217868,"gap":4,"lba0":449,"lba1":457,"bytes":8192,"n":2,"kind":2,"ov":0}
Oct 04 10:49:32 Pidrive python3[1245019]: [msc.reads] n=2 bytes=8192 lba=449..457 gap=4 ov=0
Oct 04 10:49:32 Pidrive python3[1245019]: [rx] {"t":"event","op":"msc.reads","ms":217876,"gap":4,"lba0":465,"lba1":465,"bytes":4096,"n":1,"kind":2,"ov":0}
Oct 04 10:49:32 Pidrive python3[1245019]: [msc.reads] n=1 bytes=4096 lba=465..465 gap=4 ov=0
Oct 04 10:49:32 Pidrive python3[1245019]: [rx] {"t":"event","op":"msc.reads","ms":217880,"gap":4,"lba0":473,"lba1":473,"bytes":4096,"n":1,"kind":2,"ov":0}
Oct 04 10:49:32 Pidrive python3[1245019]: [msc.reads] n=1 bytes=4096 lba=473..473 gap=4 ov=0
Oct 04 10:49:32 Pidrive python3[1245019]: [rx] {"t":"event","op":"msc.reads","ms":217884,"gap":4,"lba0":481,"lba1":481,"bytes":4096,"n":1,"kind":2,"ov":0}
Oct 04 10:49:32 Pidrive python3[1245019]: [msc.reads] n=1 bytes=4096 lba=481..481 gap=4 ov=0
Oct 04 10:49:32 Pidrive python3[1245019]: [rx] {"t":"event","op":"msc.reads","ms":217888,"gap":4,"lba0":489,"lba1":489,"bytes":4096,"n":1,"kind":2,"ov":0}
Oct 04 10:49:32 Pidrive python3[1245019]: [msc.reads] n=1 bytes=4096 lba=489..489 gap=4 ov=0
Oct 04 10:49:32 Pidrive python3[1245019]: [rx] {"t":"event","op":"msc.reads","ms":217892,"gap":4,"lba0":497,"lba1":497,"bytes":4096,"n":1,"kind":2,"ov":0}
Oct 04 10:49:32 Pidrive python3[1245019]: [msc.reads] n=1 bytes=4096 lba=497..497 gap=4 ov=0
Oct 04 10:49:32 Pidrive python3[1245019]: [rx] {"t":"event","op":"msc.reads","ms":217896,"gap":4,"lba0":505,"lba1":505,"bytes":4096,"n":1,"kind":2,"ov":0}
Oct 04 10:49:32 Pidrive python3[1245019]: [msc.reads] n=1 bytes=4096 lba=505..505 gap=4 ov=0
Oct 04 10:49:32 Pidrive python3[1245019]: [rx] {"t":"event","op":"msc.reads","ms":217900,"gap":4,"lba0":513,"lba1":513,"bytes":4096,"n":1,"kind":2,"ov":0}
Oct 04 10:49:32 Pidrive python3[1245019]: [msc.reads] n=1 bytes=4096 lba=513..513 gap=4 ov=0
Oct 04 10:49:32 Pidrive python3[1245019]: [rx] {"t":"event","op":"msc.reads","ms":217904,"gap":4,"lba0":521,"lba1":521,"bytes":4096,"n":1,"kind":2,"ov":0}
Oct 04 10:49:32 Pidrive python3[1245019]: [msc.reads] n=1 bytes=4096 lba=521..521 gap=4 ov=0
Oct 04 10:49:32 Pidrive python3[1245019]: [rx] {"t":"event","op":"msc.reads","ms":217908,"gap":4,"lba0":529,"lba1":537,"bytes":8192,"n":2,"kind":2,"ov":0}
Oct 04 10:49:32 Pidrive python3[1245019]: [msc.reads] n=2 bytes=8192 lba=529..537 gap=4 ov=0
Oct 04 10:49:32 Pidrive python3[1245019]: [rx] {"t":"event","op":"msc.reads","ms":217916,"gap":4,"lba0":545,"lba1":545,"bytes":4096,"n":1,"kind":2,"ov":0}
Oct 04 10:49:32 Pidrive python3[1245019]: [msc.reads] n=1 bytes=4096 lba=545..545 gap=4 ov=0
Oct 04 10:49:32 Pidrive python3[1245019]: [rx] {"t":"event","op":"msc.reads","ms":217920,"gap":4,"lba0":553,"lba1":553,"bytes":4096,"n":1,"kind":2,"ov":0}
Oct 04 10:49:32 Pidrive python3[1245019]: [msc.reads] n=1 bytes=4096 lba=553..553 gap=4 ov=0
Oct 04 10:49:32 Pidrive python3[1245019]: [rx] {"t":"event","op":"msc.reads","ms":217923,"gap":3,"lba0":561,"lba1":569,"bytes":8192,"n":2,"kind":2,"ov":0}
Oct 04 10:49:32 Pidrive python3[1245019]: [msc.reads] n=2 bytes=8192 lba=561..569 gap=3 ov=0
Oct 04 10:49:32 Pidrive python3[1245019]: [rx] {"t":"event","op":"msc.reads","ms":217931,"gap":4,"lba0":577,"lba1":577,"bytes":4096,"n":1,"kind":2,"ov":0}
Oct 04 10:49:32 Pidrive python3[1245019]: [msc.reads] n=1 bytes=4096 lba=577..577 gap=4 ov=0
Oct 04 10:49:32 Pidrive python3[1245019]: [rx] {"t":"event","op":"msc.reads","ms":217935,"gap":4,"lba0":585,"lba1":585,"bytes":4096,"n":1,"kind":2,"ov":0}
Oct 04 10:49:32 Pidrive python3[1245019]: [msc.reads] n=1 bytes=4096 lba=585..585 gap=4 ov=0
Oct 04 10:49:32 Pidrive python3[1245019]: [rx] {"t":"event","op":"msc.reads","ms":217939,"gap":4,"lba0":593,"lba1":593,"bytes":4096,"n":1,"kind":2,"ov":0}
Oct 04 10:49:32 Pidrive python3[1245019]: [msc.reads] n=1 bytes=4096 lba=593..593 gap=4 ov=0
Oct 04 10:49:32 Pidrive python3[1245019]: [rx] {"t":"event","op":"msc.reads","ms":217943,"gap":4,"lba0":601,"lba1":601,"bytes":4096,"n":1,"kind":2,"ov":0}
Oct 04 10:49:32 Pidrive python3[1245019]: [msc.reads] n=1 bytes=4096 lba=601..601 gap=4 ov=0
Oct 04 10:49:32 Pidrive python3[1245019]: [rx] {"t":"event","op":"msc.reads","ms":217947,"gap":4,"lba0":609,"lba1":609,"bytes":4096,"n":1,"kind":2,"ov":0}
Oct 04 10:49:32 Pidrive python3[1245019]: [msc.reads] n=1 bytes=4096 lba=609..609 gap=4 ov=0
Oct 04 10:49:32 Pidrive python3[1245019]: [rx] {"t":"event","op":"msc.reads","ms":217951,"gap":4,"lba0":617,"lba1":617,"bytes":4096,"n":1,"kind":2,"ov":0}
Oct 04 10:49:32 Pidrive python3[1245019]: [msc.reads] n=1 bytes=4096 lba=617..617 gap=4 ov=0
Oct 04 10:49:32 Pidrive python3[1245019]: [rx] {"t":"event","op":"msc.reads","ms":217955,"gap":4,"lba0":625,"lba1":625,"bytes":4096,"n":1,"kind":2,"ov":0}
Oct 04 10:49:32 Pidrive python3[1245019]: [msc.reads] n=1 bytes=4096 lba=625..625 gap=4 ov=0
Oct 04 10:49:32 Pidrive python3[1245019]: [rx] {"t":"event","op":"msc.reads","ms":217958,"gap":3,"lba0":633,"lba1":649,"bytes":12288,"n":3,"kind":2,"ov":0}
Oct 04 10:49:32 Pidrive python3[1245019]: [msc.reads] n=3 bytes=12288 lba=633..649 gap=3 ov=0
Oct 04 10:49:32 Pidrive python3[1245019]: [rx] {"t":"event","op":"msc.reads","ms":217970,"gap":4,"lba0":657,"lba1":657,"bytes":4096,"n":1,"kind":2,"ov":0}
Oct 04 10:49:32 Pidrive python3[1245019]: [msc.reads] n=1 bytes=4096 lba=657..657 gap=4 ov=0
Oct 04 10:49:32 Pidrive python3[1245019]: [rx] {"t":"event","op":"msc.reads","ms":217974,"gap":4,"lba0":665,"lba1":665,"bytes":4096,"n":1,"kind":2,"ov":0}
Oct 04 10:49:32 Pidrive python3[1245019]: [msc.reads] n=1 bytes=4096 lba=665..665 gap=4 ov=0
Oct 04 10:49:32 Pidrive python3[1245019]: [rx] {"t":"event","op":"msc.reads","ms":217977,"gap":3,"lba0":673,"lba1":681,"bytes":8192,"n":2,"kind":2,"ov":0}
Oct 04 10:49:32 Pidrive python3[1245019]: [msc.reads] n=2 bytes=8192 lba=673..681 gap=3 ov=0
Oct 04 10:49:32 Pidrive python3[1245019]: [rx] {"t":"event","op":"msc.reads","ms":217985,"gap":4,"lba0":689,"lba1":689,"bytes":4096,"n":1,"kind":2,"ov":0}
Oct 04 10:49:32 Pidrive python3[1245019]: [msc.reads] n=1 bytes=4096 lba=689..689 gap=4 ov=0
Oct 04 10:49:32 Pidrive python3[1245019]: [rx] {"t":"event","op":"msc.reads","ms":217989,"gap":4,"lba0":697,"lba1":16465,"bytes":32768,"n":8,"kind":2,"ov":0}
Oct 04 10:49:32 Pidrive python3[1245019]: [msc.reads] n=8 bytes=32768 lba=697..16465 gap=4 ov=0
Oct 04 10:49:32 Pidrive python3[1245019]: [rx] {"t":"event","op":"diag","code":"play.reject","detail":"plug_window uid=fav1 from=16465 +4096B age=1910ms"}
Oct 04 10:49:32 Pidrive python3[1245019]: [msc] play.reject plug_window uid=fav1 from=16465 +4096B age=1910ms
Oct 04 10:49:32 Pidrive python3[1245019]: [rx] {"t":"event","op":"msc.reads","ms":218034,"gap":18,"lba0":16473,"lba1":16473,"bytes":4096,"n":1,"kind":2,"ov":0}
Oct 04 10:49:32 Pidrive python3[1245019]: [msc.reads] n=1 bytes=4096 lba=16473..16473 gap=18 ov=0
Oct 04 10:49:32 Pidrive python3[1245019]: [rx] {"t":"event","op":"msc.reads","ms":218038,"gap":4,"lba0":16481,"lba1":16481,"bytes":4096,"n":1,"kind":2,"ov":0}
Oct 04 10:49:32 Pidrive python3[1245019]: [msc.reads] n=1 bytes=4096 lba=16481..16481 gap=4 ov=0
Oct 04 10:49:32 Pidrive python3[1245019]: [rx] {"t":"event","op":"msc.reads","ms":218042,"gap":4,"lba0":16489,"lba1":16489,"bytes":4096,"n":1,"kind":2,"ov":0}
Oct 04 10:49:32 Pidrive python3[1245019]: [msc.reads] n=1 bytes=4096 lba=16489..16489 gap=4 ov=0
Oct 04 10:49:32 Pidrive python3[1245019]: [rx] {"t":"event","op":"msc.reads","ms":218046,"gap":4,"lba0":17489,"lba1":17489,"bytes":4096,"n":1,"kind":2,"ov":0}
Oct 04 10:49:32 Pidrive python3[1245019]: [msc.reads] n=1 bytes=4096 lba=17489..17489 gap=4 ov=0
Oct 04 10:49:32 Pidrive python3[1245019]: [rx] {"t":"event","op":"msc.reads","ms":218050,"gap":4,"lba0":17497,"lba1":17497,"bytes":4096,"n":1,"kind":2,"ov":0}
Oct 04 10:49:32 Pidrive python3[1245019]: [msc.reads] n=1 bytes=4096 lba=17497..17497 gap=4 ov=0
Oct 04 10:49:32 Pidrive python3[1245019]: [rx] {"t":"event","op":"msc.reads","ms":218055,"gap":5,"lba0":17505,"lba1":17505,"bytes":4096,"n":1,"kind":2,"ov":0}
Oct 04 10:49:32 Pidrive python3[1245019]: [msc.reads] n=1 bytes=4096 lba=17505..17505 gap=5 ov=0
Oct 04 10:49:32 Pidrive python3[1245019]: [rx] {"t":"event","op":"msc.reads","ms":218058,"gap":3,"lba0":17513,"lba1":17513,"bytes":4096,"n":1,"kind":2,"ov":0}
Oct 04 10:49:32 Pidrive python3[1245019]: [msc.reads] n=1 bytes=4096 lba=17513..17513 gap=3 ov=0
Oct 04 10:49:32 Pidrive python3[1245019]: [rx] {"t":"event","op":"msc.reads","ms":218062,"gap":4,"lba0":17521,"lba1":17521,"bytes":4096,"n":1,"kind":2,"ov":0}
Oct 04 10:49:32 Pidrive python3[1245019]: [msc.reads] n=1 bytes=4096 lba=17521..17521 gap=4 ov=0
Oct 04 10:49:32 Pidrive python3[1245019]: [rx] {"t":"event","op":"msc.reads","ms":218066,"gap":4,"lba0":17529,"lba1":17537,"bytes":8192,"n":2,"kind":2,"ov":0}
Oct 04 10:49:32 Pidrive python3[1245019]: [msc.reads] n=2 bytes=8192 lba=17529..17537 gap=4 ov=0
Oct 04 10:49:32 Pidrive python3[1245019]: [rx] {"t":"event","op":"msc.reads","ms":218074,"gap":4,"lba0":17545,"lba1":17545,"bytes":4096,"n":1,"kind":2,"ov":0}
Oct 04 10:49:32 Pidrive python3[1245019]: [msc.reads] n=1 bytes=4096 lba=17545..17545 gap=4 ov=0
Oct 04 10:49:32 Pidrive python3[1245019]: [rx] {"t":"event","op":"msc.reads","ms":218078,"gap":4,"lba0":17553,"lba1":17553,"bytes":4096,"n":1,"kind":2,"ov":0}
Oct 04 10:49:32 Pidrive python3[1245019]: [msc.reads] n=1 bytes=4096 lba=17553..17553 gap=4 ov=0
Oct 04 10:49:32 Pidrive python3[1245019]: [rx] {"t":"event","op":"msc.reads","ms":218082,"gap":4,"lba0":17561,"lba1":17561,"bytes":4096,"n":1,"kind":2,"ov":0}
Oct 04 10:49:32 Pidrive python3[1245019]: [msc.reads] n=1 bytes=4096 lba=17561..17561 gap=4 ov=0
Oct 04 10:49:32 Pidrive python3[1245019]: [rx] {"t":"event","op":"msc.reads","ms":218086,"gap":4,"lba0":17569,"lba1":17569,"bytes":4096,"n":1,"kind":2,"ov":0}
Oct 04 10:49:32 Pidrive python3[1245019]: [msc.reads] n=1 bytes=4096 lba=17569..17569 gap=4 ov=0
Oct 04 10:49:32 Pidrive python3[1245019]: [rx] {"t":"event","op":"msc.reads","ms":218090,"gap":4,"lba0":17577,"lba1":17577,"bytes":4096,"n":1,"kind":2,"ov":0}
Oct 04 10:49:32 Pidrive python3[1245019]: [msc.reads] n=1 bytes=4096 lba=17577..17577 gap=4 ov=0
Oct 04 10:49:32 Pidrive python3[1245019]: [rx] {"t":"event","op":"msc.reads","ms":218094,"gap":4,"lba0":17585,"lba1":17585,"bytes":4096,"n":1,"kind":2,"ov":0}
Oct 04 10:49:32 Pidrive python3[1245019]: [msc.reads] n=1 bytes=4096 lba=17585..17585 gap=4 ov=0
Oct 04 10:49:32 Pidrive python3[1245019]: [rx] {"t":"event","op":"msc.reads","ms":218097,"gap":3,"lba0":17593,"lba1":17593,"bytes":4096,"n":1,"kind":2,"ov":0}
Oct 04 10:49:32 Pidrive python3[1245019]: [msc.reads] n=1 bytes=4096 lba=17593..17593 gap=3 ov=0
Oct 04 10:49:32 Pidrive python3[1245019]: [rx] {"t":"event","op":"msc.reads","ms":218101,"gap":4,"lba0":17601,"lba1":17609,"bytes":8192,"n":2,"kind":2,"ov":0}
Oct 04 10:49:32 Pidrive python3[1245019]: [msc.reads] n=2 bytes=8192 lba=17601..17609 gap=4 ov=0
Oct 04 10:49:32 Pidrive python3[1245019]: [rx] {"t":"event","op":"msc.reads","ms":218109,"gap":4,"lba0":17617,"lba1":17617,"bytes":4096,"n":1,"kind":2,"ov":0}
Oct 04 10:49:32 Pidrive python3[1245019]: [msc.reads] n=1 bytes=4096 lba=17617..17617 gap=4 ov=0
Oct 04 10:49:32 Pidrive python3[1245019]: [rx] {"t":"event","op":"msc.reads","ms":218113,"gap":4,"lba0":17625,"lba1":17625,"bytes":4096,"n":1,"kind":2,"ov":0}
Oct 04 10:49:32 Pidrive python3[1245019]: [msc.reads] n=1 bytes=4096 lba=17625..17625 gap=4 ov=0
Oct 04 10:49:32 Pidrive python3[1245019]: [rx] {"t":"event","op":"msc.reads","ms":218117,"gap":4,"lba0":17633,"lba1":17633,"bytes":4096,"n":1,"kind":2,"ov":0}
Oct 04 10:49:32 Pidrive python3[1245019]: [msc.reads] n=1 bytes=4096 lba=17633..17633 gap=4 ov=0
Oct 04 10:49:32 Pidrive python3[1245019]: [rx] {"t":"event","op":"msc.reads","ms":218121,"gap":4,"lba0":17641,"lba1":17641,"bytes":4096,"n":1,"kind":2,"ov":0}
Oct 04 10:49:32 Pidrive python3[1245019]: [msc.reads] n=1 bytes=4096 lba=17641..17641 gap=4 ov=0
Oct 04 10:49:32 Pidrive python3[1245019]: [rx] {"t":"event","op":"msc.reads","ms":218125,"gap":4,"lba0":17649,"lba1":17649,"bytes":4096,"n":1,"kind":2,"ov":0}
Oct 04 10:49:32 Pidrive python3[1245019]: [msc.reads] n=1 bytes=4096 lba=17649..17649 gap=4 ov=0
Oct 04 10:49:32 Pidrive python3[1245019]: [rx] {"t":"event","op":"msc.reads","ms":218129,"gap":4,"lba0":17657,"lba1":17665,"bytes":8192,"n":2,"kind":2,"ov":0}
Oct 04 10:49:32 Pidrive python3[1245019]: [msc.reads] n=2 bytes=8192 lba=17657..17665 gap=4 ov=0
Oct 04 10:49:32 Pidrive python3[1245019]: [rx] {"t":"event","op":"msc.reads","ms":218137,"gap":4,"lba0":17673,"lba1":17673,"bytes":4096,"n":1,"kind":2,"ov":0}
Oct 04 10:49:32 Pidrive python3[1245019]: [msc.reads] n=1 bytes=4096 lba=17673..17673 gap=4 ov=0
Oct 04 10:49:32 Pidrive python3[1245019]: [rx] {"t":"event","op":"msc.reads","ms":218141,"gap":4,"lba0":17681,"lba1":17681,"bytes":4096,"n":1,"kind":2,"ov":0}
Oct 04 10:49:32 Pidrive python3[1245019]: [msc.reads] n=1 bytes=4096 lba=17681..17681 gap=4 ov=0
Oct 04 10:49:32 Pidrive python3[1245019]: [rx] {"t":"event","op":"msc.reads","ms":218145,"gap":4,"lba0":17689,"lba1":17689,"bytes":4096,"n":1,"kind":2,"ov":0}
Oct 04 10:49:32 Pidrive python3[1245019]: [msc.reads] n=1 bytes=4096 lba=17689..17689 gap=4 ov=0
Oct 04 10:49:32 Pidrive python3[1245019]: [rx] {"t":"event","op":"msc.reads","ms":218149,"gap":4,"lba0":17697,"lba1":17705,"bytes":8192,"n":2,"kind":2,"ov":0}
Oct 04 10:49:32 Pidrive python3[1245019]: [msc.reads] n=2 bytes=8192 lba=17697..17705 gap=4 ov=0
Oct 04 10:49:32 Pidrive python3[1245019]: [rx] {"t":"event","op":"msc.reads","ms":218156,"gap":3,"lba0":17713,"lba1":17713,"bytes":4096,"n":1,"kind":2,"ov":0}
Oct 04 10:49:32 Pidrive python3[1245019]: [msc.reads] n=1 bytes=4096 lba=17713..17713 gap=3 ov=0
Oct 04 10:49:32 Pidrive python3[1245019]: [rx] {"t":"event","op":"msc.reads","ms":218161,"gap":5,"lba0":17721,"lba1":17721,"bytes":4096,"n":1,"kind":2,"ov":0}
Oct 04 10:49:32 Pidrive python3[1245019]: [msc.reads] n=1 bytes=4096 lba=17721..17721 gap=5 ov=0
Oct 04 10:49:32 Pidrive python3[1245019]: [rx] {"t":"event","op":"msc.reads","ms":218165,"gap":4,"lba0":17729,"lba1":17729,"bytes":4096,"n":1,"kind":2,"ov":0}
Oct 04 10:49:32 Pidrive python3[1245019]: [msc.reads] n=1 bytes=4096 lba=17729..17729 gap=4 ov=0
Oct 04 10:49:32 Pidrive python3[1245019]: [rx] {"t":"event","op":"msc.reads","ms":218169,"gap":4,"lba0":17737,"lba1":17737,"bytes":4096,"n":1,"kind":2,"ov":0}
Oct 04 10:49:32 Pidrive python3[1245019]: [msc.reads] n=1 bytes=4096 lba=17737..17737 gap=4 ov=0
Oct 04 10:49:32 Pidrive python3[1245019]: [rx] {"t":"event","op":"msc.reads","ms":218173,"gap":4,"lba0":17745,"lba1":17745,"bytes":4096,"n":1,"kind":2,"ov":0}
Oct 04 10:49:32 Pidrive python3[1245019]: [msc.reads] n=1 bytes=4096 lba=17745..17745 gap=4 ov=0
Oct 04 10:49:32 Pidrive python3[1245019]: [rx] {"t":"event","op":"msc.reads","ms":218176,"gap":3,"lba0":17753,"lba1":17753,"bytes":4096,"n":1,"kind":2,"ov":0}
Oct 04 10:49:32 Pidrive python3[1245019]: [msc.reads] n=1 bytes=4096 lba=17753..17753 gap=3 ov=0
Oct 04 10:49:32 Pidrive python3[1245019]: [rx] {"t":"event","op":"msc.reads","ms":218180,"gap":4,"lba0":17761,"lba1":17769,"bytes":8192,"n":2,"kind":2,"ov":0}
Oct 04 10:49:32 Pidrive python3[1245019]: [msc.reads] n=2 bytes=8192 lba=17761..17769 gap=4 ov=0
Oct 04 10:49:32 Pidrive python3[1245019]: [rx] {"t":"event","op":"msc.reads","ms":218188,"gap":4,"lba0":17777,"lba1":17777,"bytes":4096,"n":1,"kind":2,"ov":0}
Oct 04 10:49:32 Pidrive python3[1245019]: [msc.reads] n=1 bytes=4096 lba=17777..17777 gap=4 ov=0
Oct 04 10:49:32 Pidrive python3[1245019]: [rx] {"t":"event","op":"msc.reads","ms":218192,"gap":4,"lba0":17785,"lba1":17785,"bytes":4096,"n":1,"kind":2,"ov":0}
Oct 04 10:49:32 Pidrive python3[1245019]: [msc.reads] n=1 bytes=4096 lba=17785..17785 gap=4 ov=0
Oct 04 10:49:32 Pidrive python3[1245019]: [rx] {"t":"event","op":"msc.reads","ms":218196,"gap":4,"lba0":17793,"lba1":17801,"bytes":8192,"n":2,"kind":2,"ov":0}
Oct 04 10:49:32 Pidrive python3[1245019]: [msc.reads] n=2 bytes=8192 lba=17793..17801 gap=4 ov=0
Oct 04 10:49:32 Pidrive python3[1245019]: [rx] {"t":"event","op":"msc.reads","ms":218204,"gap":4,"lba0":17809,"lba1":17809,"bytes":4096,"n":1,"kind":2,"ov":0}
Oct 04 10:49:32 Pidrive python3[1245019]: [msc.reads] n=1 bytes=4096 lba=17809..17809 gap=4 ov=0
Oct 04 10:49:32 Pidrive python3[1245019]: [rx] {"t":"event","op":"msc.reads","ms":218207,"gap":3,"lba0":17817,"lba1":17817,"bytes":4096,"n":1,"kind":2,"ov":0}
Oct 04 10:49:32 Pidrive python3[1245019]: [msc.reads] n=1 bytes=4096 lba=17817..17817 gap=3 ov=0
Oct 04 10:49:32 Pidrive python3[1245019]: [rx] {"t":"event","op":"msc.reads","ms":218211,"gap":4,"lba0":17825,"lba1":17825,"bytes":4096,"n":1,"kind":2,"ov":0}
Oct 04 10:49:32 Pidrive python3[1245019]: [msc.reads] n=1 bytes=4096 lba=17825..17825 gap=4 ov=0
Oct 04 10:49:32 Pidrive python3[1245019]: [rx] {"t":"event","op":"msc.reads","ms":218215,"gap":4,"lba0":17833,"lba1":17833,"bytes":4096,"n":1,"kind":2,"ov":0}
Oct 04 10:49:32 Pidrive python3[1245019]: [msc.reads] n=1 bytes=4096 lba=17833..17833 gap=4 ov=0
Oct 04 10:49:32 Pidrive python3[1245019]: [rx] {"t":"event","op":"msc.reads","ms":218219,"gap":4,"lba0":17841,"lba1":17841,"bytes":4096,"n":1,"kind":2,"ov":0}
Oct 04 10:49:32 Pidrive python3[1245019]: [msc.reads] n=1 bytes=4096 lba=17841..17841 gap=4 ov=0
Oct 04 10:49:32 Pidrive python3[1245019]: [rx] {"t":"event","op":"msc.reads","ms":218223,"gap":4,"lba0":17849,"lba1":17857,"bytes":8192,"n":2,"kind":2,"ov":0}
Oct 04 10:49:32 Pidrive python3[1245019]: [msc.reads] n=2 bytes=8192 lba=17849..17857 gap=4 ov=0
Oct 04 10:49:32 Pidrive python3[1245019]: [rx] {"t":"event","op":"msc.reads","ms":218231,"gap":4,"lba0":17865,"lba1":17865,"bytes":4096,"n":1,"kind":2,"ov":0}
Oct 04 10:49:32 Pidrive python3[1245019]: [msc.reads] n=1 bytes=4096 lba=17865..17865 gap=4 ov=0
Oct 04 10:49:32 Pidrive python3[1245019]: [rx] {"t":"event","op":"msc.reads","ms":218234,"gap":3,"lba0":17873,"lba1":17873,"bytes":4096,"n":1,"kind":2,"ov":0}
Oct 04 10:49:32 Pidrive python3[1245019]: [msc.reads] n=1 bytes=4096 lba=17873..17873 gap=3 ov=0
Oct 04 10:49:32 Pidrive python3[1245019]: [rx] {"t":"event","op":"msc.reads","ms":218238,"gap":4,"lba0":17881,"lba1":17881,"bytes":4096,"n":1,"kind":2,"ov":0}
Oct 04 10:49:32 Pidrive python3[1245019]: [msc.reads] n=1 bytes=4096 lba=17881..17881 gap=4 ov=0
Oct 04 10:49:32 Pidrive python3[1245019]: [rx] {"t":"event","op":"msc.reads","ms":218242,"gap":4,"lba0":17889,"lba1":17889,"bytes":4096,"n":1,"kind":2,"ov":0}
Oct 04 10:49:32 Pidrive python3[1245019]: [msc.reads] n=1 bytes=4096 lba=17889..17889 gap=4 ov=0
Oct 04 10:49:32 Pidrive python3[1245019]: [rx] {"t":"event","op":"msc.reads","ms":218246,"gap":4,"lba0":17897,"lba1":17905,"bytes":8192,"n":2,"kind":2,"ov":0}
Oct 04 10:49:32 Pidrive python3[1245019]: [msc.reads] n=2 bytes=8192 lba=17897..17905 gap=4 ov=0
Oct 04 10:49:32 Pidrive python3[1245019]: [rx] {"t":"event","op":"msc.reads","ms":218254,"gap":4,"lba0":17913,"lba1":17913,"bytes":4096,"n":1,"kind":2,"ov":0}
Oct 04 10:49:32 Pidrive python3[1245019]: [msc.reads] n=1 bytes=4096 lba=17913..17913 gap=4 ov=0
Oct 04 10:49:32 Pidrive python3[1245019]: [rx] {"t":"event","op":"msc.reads","ms":218258,"gap":4,"lba0":17921,"lba1":17921,"bytes":4096,"n":1,"kind":2,"ov":0}
Oct 04 10:49:32 Pidrive python3[1245019]: [msc.reads] n=1 bytes=4096 lba=17921..17921 gap=4 ov=0
Oct 04 10:49:32 Pidrive python3[1245019]: [rx] {"t":"event","op":"msc.reads","ms":218262,"gap":4,"lba0":17929,"lba1":17929,"bytes":4096,"n":1,"kind":2,"ov":0}
Oct 04 10:49:32 Pidrive python3[1245019]: [msc.reads] n=1 bytes=4096 lba=17929..17929 gap=4 ov=0
Oct 04 10:49:32 Pidrive python3[1245019]: [rx] {"t":"event","op":"msc.reads","ms":218265,"gap":3,"lba0":17937,"lba1":17945,"bytes":8192,"n":2,"kind":2,"ov":0}
Oct 04 10:49:32 Pidrive python3[1245019]: [msc.reads] n=2 bytes=8192 lba=17937..17945 gap=3 ov=0
Oct 04 10:49:32 Pidrive python3[1245019]: [rx] {"t":"event","op":"msc.reads","ms":218273,"gap":4,"lba0":17953,"lba1":17953,"bytes":4096,"n":1,"kind":2,"ov":0}
Oct 04 10:49:32 Pidrive python3[1245019]: [msc.reads] n=1 bytes=4096 lba=17953..17953 gap=4 ov=0
Oct 04 10:49:32 Pidrive python3[1245019]: [rx] {"t":"event","op":"msc.reads","ms":218277,"gap":4,"lba0":17961,"lba1":17961,"bytes":4096,"n":1,"kind":2,"ov":0}
Oct 04 10:49:32 Pidrive python3[1245019]: [msc.reads] n=1 bytes=4096 lba=17961..17961 gap=4 ov=0
Oct 04 10:49:33 Pidrive python3[1245019]: [rx] {"t":"event","op":"msc.reads","ms":218281,"gap":4,"lba0":17969,"lba1":17977,"bytes":8192,"n":2,"kind":2,"ov":0}
Oct 04 10:49:33 Pidrive python3[1245019]: [msc.reads] n=2 bytes=8192 lba=17969..17977 gap=4 ov=0
Oct 04 10:49:33 Pidrive python3[1245019]: [rx] {"t":"event","op":"msc.reads","ms":218289,"gap":4,"lba0":17985,"lba1":17985,"bytes":4096,"n":1,"kind":2,"ov":0}
Oct 04 10:49:33 Pidrive python3[1245019]: [msc.reads] n=1 bytes=4096 lba=17985..17985 gap=4 ov=0
Oct 04 10:49:33 Pidrive python3[1245019]: [rx] {"t":"event","op":"msc.reads","ms":218293,"gap":4,"lba0":17993,"lba1":17993,"bytes":4096,"n":1,"kind":2,"ov":0}
Oct 04 10:49:33 Pidrive python3[1245019]: [msc.reads] n=1 bytes=4096 lba=17993..17993 gap=4 ov=0
Oct 04 10:49:33 Pidrive python3[1245019]: [rx] {"t":"event","op":"msc.reads","ms":218297,"gap":4,"lba0":16497,"lba1":16497,"bytes":4096,"n":1,"kind":2,"ov":0}
Oct 04 10:49:33 Pidrive python3[1245019]: [msc.reads] n=1 bytes=4096 lba=16497..16497 gap=4 ov=0
Oct 04 10:49:33 Pidrive python3[1245019]: [rx] {"t":"event","op":"diag","code":"play.reject","detail":"not_from_head uid=fav1 from=16497 +4096B age=2191ms prefetch"}
Oct 04 10:49:33 Pidrive python3[1245019]: [msc] play.reject not_from_head uid=fav1 from=16497 +4096B age=2191ms prefetch
Oct 04 10:49:33 Pidrive python3[1245019]: [rx] {"t":"event","op":"msc.reads","ms":218314,"gap":17,"lba0":16505,"lba1":16505,"bytes":4096,"n":1,"kind":2,"ov":0}
Oct 04 10:49:33 Pidrive python3[1245019]: [msc.reads] n=1 bytes=4096 lba=16505..16505 gap=17 ov=0
Oct 04 10:49:33 Pidrive python3[1245019]: [rx] {"t":"event","op":"msc.reads","ms":218318,"gap":4,"lba0":16513,"lba1":16513,"bytes":4096,"n":1,"kind":2,"ov":0}
Oct 04 10:49:33 Pidrive python3[1245019]: [msc.reads] n=1 bytes=4096 lba=16513..16513 gap=4 ov=0
Oct 04 10:49:33 Pidrive python3[1245019]: [rx] {"t":"event","op":"msc.reads","ms":218322,"gap":4,"lba0":16521,"lba1":16521,"bytes":4096,"n":1,"kind":2,"ov":0}
Oct 04 10:49:33 Pidrive python3[1245019]: [msc.reads] n=1 bytes=4096 lba=16521..16521 gap=4 ov=0
Oct 04 10:49:33 Pidrive python3[1245019]: [rx] {"t":"event","op":"msc.reads","ms":218325,"gap":3,"lba0":16529,"lba1":16529,"bytes":4096,"n":1,"kind":2,"ov":0}
Oct 04 10:49:33 Pidrive python3[1245019]: [msc.reads] n=1 bytes=4096 lba=16529..16529 gap=3 ov=0
Oct 04 10:49:33 Pidrive python3[1245019]: [rx] {"t":"event","op":"msc.reads","ms":218329,"gap":4,"lba0":16537,"lba1":16537,"bytes":4096,"n":1,"kind":2,"ov":0}
Oct 04 10:49:33 Pidrive python3[1245019]: [msc.reads] n=1 bytes=4096 lba=16537..16537 gap=4 ov=0
Oct 04 10:49:33 Pidrive python3[1245019]: [rx] {"t":"event","op":"msc.reads","ms":218333,"gap":4,"lba0":16545,"lba1":16545,"bytes":4096,"n":1,"kind":2,"ov":0}
Oct 04 10:49:33 Pidrive python3[1245019]: [msc.reads] n=1 bytes=4096 lba=16545..16545 gap=4 ov=0
Oct 04 10:49:33 Pidrive python3[1245019]: [rx] {"t":"event","op":"msc.reads","ms":218337,"gap":4,"lba0":16553,"lba1":16553,"bytes":4096,"n":1,"kind":2,"ov":0}
Oct 04 10:49:33 Pidrive python3[1245019]: [msc.reads] n=1 bytes=4096 lba=16553..16553 gap=4 ov=0
Oct 04 10:49:33 Pidrive python3[1245019]: [rx] {"t":"event","op":"msc.reads","ms":218341,"gap":4,"lba0":16561,"lba1":16561,"bytes":4096,"n":1,"kind":2,"ov":0}
Oct 04 10:49:33 Pidrive python3[1245019]: [msc.reads] n=1 bytes=4096 lba=16561..16561 gap=4 ov=0
Oct 04 10:49:33 Pidrive python3[1245019]: [rx] {"t":"event","op":"msc.reads","ms":218345,"gap":4,"lba0":16569,"lba1":16569,"bytes":4096,"n":1,"kind":2,"ov":0}
Oct 04 10:49:33 Pidrive python3[1245019]: [msc.reads] n=1 bytes=4096 lba=16569..16569 gap=4 ov=0
Oct 04 10:49:33 Pidrive python3[1245019]: [rx] {"t":"event","op":"msc.reads","ms":218348,"gap":3,"lba0":16577,"lba1":16585,"bytes":8192,"n":2,"kind":2,"ov":0}
Oct 04 10:49:33 Pidrive python3[1245019]: [msc.reads] n=2 bytes=8192 lba=16577..16585 gap=3 ov=0
Oct 04 10:49:33 Pidrive python3[1245019]: [rx] {"t":"event","op":"msc.reads","ms":218356,"gap":4,"lba0":16593,"lba1":16593,"bytes":4096,"n":1,"kind":2,"ov":0}
Oct 04 10:49:33 Pidrive python3[1245019]: [msc.reads] n=1 bytes=4096 lba=16593..16593 gap=4 ov=0
Oct 04 10:49:33 Pidrive python3[1245019]: [rx] {"t":"event","op":"msc.reads","ms":218360,"gap":4,"lba0":16601,"lba1":16601,"bytes":4096,"n":1,"kind":2,"ov":0}
Oct 04 10:49:33 Pidrive python3[1245019]: [msc.reads] n=1 bytes=4096 lba=16601..16601 gap=4 ov=0
Oct 04 10:49:33 Pidrive python3[1245019]: [rx] {"t":"event","op":"msc.reads","ms":218364,"gap":4,"lba0":16609,"lba1":16609,"bytes":4096,"n":1,"kind":2,"ov":0}
Oct 04 10:49:33 Pidrive python3[1245019]: [msc.reads] n=1 bytes=4096 lba=16609..16609 gap=4 ov=0
Oct 04 10:49:33 Pidrive python3[1245019]: [rx] {"t":"event","op":"msc.reads","ms":218368,"gap":4,"lba0":16617,"lba1":16617,"bytes":4096,"n":1,"kind":2,"ov":0}
Oct 04 10:49:33 Pidrive python3[1245019]: [msc.reads] n=1 bytes=4096 lba=16617..16617 gap=4 ov=0
Oct 04 10:49:33 Pidrive python3[1245019]: [rx] {"t":"event","op":"msc.reads","ms":218372,"gap":4,"lba0":17481,"lba1":17481,"bytes":4096,"n":1,"kind":2,"ov":0}
Oct 04 10:49:33 Pidrive python3[1245019]: [msc.reads] n=1 bytes=4096 lba=17481..17481 gap=4 ov=0
Oct 04 10:49:33 Pidrive python3[1245019]: [rx] {"t":"event","op":"msc.reads","ms":218377,"gap":5,"lba0":18001,"lba1":18001,"bytes":4096,"n":1,"kind":2,"ov":0}
Oct 04 10:49:33 Pidrive python3[1245019]: [msc.reads] n=1 bytes=4096 lba=18001..18001 gap=5 ov=0
Oct 04 10:49:33 Pidrive python3[1245019]: [rx] {"t":"event","op":"msc.reads","ms":218380,"gap":3,"lba0":18009,"lba1":18009,"bytes":4096,"n":1,"kind":2,"ov":0}
Oct 04 10:49:33 Pidrive python3[1245019]: [msc.reads] n=1 bytes=4096 lba=18009..18009 gap=3 ov=0
Oct 04 10:49:33 Pidrive python3[1245019]: [rx] {"t":"event","op":"msc.reads","ms":218384,"gap":4,"lba0":18017,"lba1":18017,"bytes":4096,"n":1,"kind":2,"ov":0}
Oct 04 10:49:33 Pidrive python3[1245019]: [msc.reads] n=1 bytes=4096 lba=18017..18017 gap=4 ov=0
Oct 04 10:49:33 Pidrive python3[1245019]: [rx] {"t":"event","op":"msc.reads","ms":218388,"gap":4,"lba0":18025,"lba1":18033,"bytes":8192,"n":2,"kind":2,"ov":0}
Oct 04 10:49:33 Pidrive python3[1245019]: [msc.reads] n=2 bytes=8192 lba=18025..18033 gap=4 ov=0
Oct 04 10:49:33 Pidrive python3[1245019]: [rx] {"t":"event","op":"msc.reads","ms":218396,"gap":4,"lba0":18041,"lba1":18041,"bytes":4096,"n":1,"kind":2,"ov":0}
Oct 04 10:49:33 Pidrive python3[1245019]: [msc.reads] n=1 bytes=4096 lba=18041..18041 gap=4 ov=0
Oct 04 10:49:33 Pidrive python3[1245019]: [rx] {"t":"event","op":"msc.reads","ms":218400,"gap":4,"lba0":18049,"lba1":18049,"bytes":4096,"n":1,"kind":2,"ov":0}
Oct 04 10:49:33 Pidrive python3[1245019]: [msc.reads] n=1 bytes=4096 lba=18049..18049 gap=4 ov=0
Oct 04 10:49:33 Pidrive python3[1245019]: [rx] {"t":"event","op":"msc.reads","ms":218404,"gap":4,"lba0":18057,"lba1":18057,"bytes":4096,"n":1,"kind":2,"ov":0}
Oct 04 10:49:33 Pidrive python3[1245019]: [msc.reads] n=1 bytes=4096 lba=18057..18057 gap=4 ov=0
Oct 04 10:49:33 Pidrive python3[1245019]: [rx] {"t":"event","op":"msc.reads","ms":218407,"gap":3,"lba0":18065,"lba1":18073,"bytes":8192,"n":2,"kind":2,"ov":0}
Oct 04 10:49:33 Pidrive python3[1245019]: [msc.reads] n=2 bytes=8192 lba=18065..18073 gap=3 ov=0
Oct 04 10:49:33 Pidrive python3[1245019]: [rx] {"t":"event","op":"msc.reads","ms":218415,"gap":4,"lba0":18081,"lba1":18081,"bytes":4096,"n":1,"kind":2,"ov":0}
Oct 04 10:49:33 Pidrive python3[1245019]: [msc.reads] n=1 bytes=4096 lba=18081..18081 gap=4 ov=0
Oct 04 10:49:33 Pidrive python3[1245019]: [rx] {"t":"event","op":"msc.reads","ms":218419,"gap":4,"lba0":18089,"lba1":18089,"bytes":4096,"n":1,"kind":2,"ov":0}
Oct 04 10:49:33 Pidrive python3[1245019]: [msc.reads] n=1 bytes=4096 lba=18089..18089 gap=4 ov=0
Oct 04 10:49:33 Pidrive python3[1245019]: [rx] {"t":"event","op":"msc.reads","ms":218423,"gap":4,"lba0":18097,"lba1":18097,"bytes":4096,"n":1,"kind":2,"ov":0}
Oct 04 10:49:33 Pidrive python3[1245019]: [msc.reads] n=1 bytes=4096 lba=18097..18097 gap=4 ov=0
Oct 04 10:49:33 Pidrive python3[1245019]: [rx] {"t":"event","op":"msc.reads","ms":218427,"gap":4,"lba0":18105,"lba1":18105,"bytes":4096,"n":1,"kind":2,"ov":0}
Oct 04 10:49:33 Pidrive python3[1245019]: [msc.reads] n=1 bytes=4096 lba=18105..18105 gap=4 ov=0
Oct 04 10:49:33 Pidrive python3[1245019]: [rx] {"t":"event","op":"msc.reads","ms":218431,"gap":4,"lba0":18113,"lba1":18113,"bytes":4096,"n":1,"kind":2,"ov":0}
Oct 04 10:49:33 Pidrive python3[1245019]: [msc.reads] n=1 bytes=4096 lba=18113..18113 gap=4 ov=0
Oct 04 10:49:33 Pidrive python3[1245019]: [rx] {"t":"event","op":"msc.reads","ms":218434,"gap":3,"lba0":18121,"lba1":18121,"bytes":4096,"n":1,"kind":2,"ov":0}
Oct 04 10:49:33 Pidrive python3[1245019]: [msc.reads] n=1 bytes=4096 lba=18121..18121 gap=3 ov=0
Oct 04 10:49:33 Pidrive python3[1245019]: [rx] {"t":"event","op":"msc.reads","ms":218438,"gap":4,"lba0":18129,"lba1":18129,"bytes":4096,"n":1,"kind":2,"ov":0}
Oct 04 10:49:33 Pidrive python3[1245019]: [msc.reads] n=1 bytes=4096 lba=18129..18129 gap=4 ov=0
Oct 04 10:49:33 Pidrive python3[1245019]: [rx] {"t":"event","op":"msc.reads","ms":218442,"gap":4,"lba0":18137,"lba1":18137,"bytes":4096,"n":1,"kind":2,"ov":0}
Oct 04 10:49:33 Pidrive python3[1245019]: [msc.reads] n=1 bytes=4096 lba=18137..18137 gap=4 ov=0
Oct 04 10:49:33 Pidrive python3[1245019]: [rx] {"t":"event","op":"msc.reads","ms":218446,"gap":4,"lba0":18145,"lba1":18145,"bytes":4096,"n":1,"kind":2,"ov":0}
Oct 04 10:49:33 Pidrive python3[1245019]: [msc.reads] n=1 bytes=4096 lba=18145..18145 gap=4 ov=0
Oct 04 10:49:33 Pidrive python3[1245019]: [rx] {"t":"event","op":"msc.reads","ms":218450,"gap":4,"lba0":18153,"lba1":18153,"bytes":4096,"n":1,"kind":2,"ov":0}
Oct 04 10:49:33 Pidrive python3[1245019]: [msc.reads] n=1 bytes=4096 lba=18153..18153 gap=4 ov=0
Oct 04 10:49:33 Pidrive python3[1245019]: [rx] {"t":"event","op":"msc.reads","ms":218454,"gap":4,"lba0":18161,"lba1":18161,"bytes":4096,"n":1,"kind":2,"ov":0}
Oct 04 10:49:33 Pidrive python3[1245019]: [msc.reads] n=1 bytes=4096 lba=18161..18161 gap=4 ov=0
Oct 04 10:49:33 Pidrive python3[1245019]: [rx] {"t":"event","op":"msc.reads","ms":218458,"gap":4,"lba0":18169,"lba1":18177,"bytes":8192,"n":2,"kind":2,"ov":0}
Oct 04 10:49:33 Pidrive python3[1245019]: [msc.reads] n=2 bytes=8192 lba=18169..18177 gap=4 ov=0
Oct 04 10:49:33 Pidrive python3[1245019]: [rx] {"t":"event","op":"msc.reads","ms":218466,"gap":4,"lba0":18185,"lba1":18185,"bytes":4096,"n":1,"kind":2,"ov":0}
Oct 04 10:49:33 Pidrive python3[1245019]: [msc.reads] n=1 bytes=4096 lba=18185..18185 gap=4 ov=0
Oct 04 10:49:33 Pidrive python3[1245019]: [rx] {"t":"event","op":"msc.reads","ms":218470,"gap":4,"lba0":18193,"lba1":18193,"bytes":4096,"n":1,"kind":2,"ov":0}
Oct 04 10:49:33 Pidrive python3[1245019]: [msc.reads] n=1 bytes=4096 lba=18193..18193 gap=4 ov=0
Oct 04 10:49:33 Pidrive python3[1245019]: [rx] {"t":"event","op":"msc.reads","ms":218474,"gap":4,"lba0":18201,"lba1":18201,"bytes":4096,"n":1,"kind":2,"ov":0}
Oct 04 10:49:33 Pidrive python3[1245019]: [msc.reads] n=1 bytes=4096 lba=18201..18201 gap=4 ov=0
Oct 04 10:49:33 Pidrive python3[1245019]: [rx] {"t":"event","op":"msc.reads","ms":218478,"gap":4,"lba0":18209,"lba1":18209,"bytes":4096,"n":1,"kind":2,"ov":0}
Oct 04 10:49:33 Pidrive python3[1245019]: [msc.reads] n=1 bytes=4096 lba=18209..18209 gap=4 ov=0
Oct 04 10:49:33 Pidrive python3[1245019]: [rx] {"t":"event","op":"msc.reads","ms":218481,"gap":3,"lba0":18217,"lba1":18225,"bytes":8192,"n":2,"kind":2,"ov":0}
Oct 04 10:49:33 Pidrive python3[1245019]: [msc.reads] n=2 bytes=8192 lba=18217..18225 gap=3 ov=0
Oct 04 10:49:33 Pidrive python3[1245019]: [rx] {"t":"event","op":"msc.reads","ms":218489,"gap":4,"lba0":18233,"lba1":18233,"bytes":4096,"n":1,"kind":2,"ov":0}
Oct 04 10:49:33 Pidrive python3[1245019]: [msc.reads] n=1 bytes=4096 lba=18233..18233 gap=4 ov=0
Oct 04 10:49:33 Pidrive python3[1245019]: [rx] {"t":"event","op":"msc.reads","ms":218493,"gap":4,"lba0":18241,"lba1":18241,"bytes":4096,"n":1,"kind":2,"ov":0}
Oct 04 10:49:33 Pidrive python3[1245019]: [msc.reads] n=1 bytes=4096 lba=18241..18241 gap=4 ov=0
Oct 04 10:49:33 Pidrive python3[1245019]: [rx] {"t":"event","op":"msc.reads","ms":218497,"gap":4,"lba0":18249,"lba1":18249,"bytes":4096,"n":1,"kind":2,"ov":0}
Oct 04 10:49:33 Pidrive python3[1245019]: [msc.reads] n=1 bytes=4096 lba=18249..18249 gap=4 ov=0
Oct 04 10:49:33 Pidrive python3[1245019]: [rx] {"t":"event","op":"msc.reads","ms":218501,"gap":4,"lba0":18257,"lba1":18257,"bytes":4096,"n":1,"kind":2,"ov":0}
Oct 04 10:49:33 Pidrive python3[1245019]: [msc.reads] n=1 bytes=4096 lba=18257..18257 gap=4 ov=0
Oct 04 10:49:33 Pidrive python3[1245019]: [rx] {"t":"event","op":"msc.reads","ms":218505,"gap":4,"lba0":18265,"lba1":18273,"bytes":8192,"n":2,"kind":2,"ov":0}
Oct 04 10:49:33 Pidrive python3[1245019]: [msc.reads] n=2 bytes=8192 lba=18265..18273 gap=4 ov=0
Oct 04 10:49:33 Pidrive python3[1245019]: [rx] {"t":"event","op":"msc.reads","ms":218512,"gap":3,"lba0":18281,"lba1":18281,"bytes":4096,"n":1,"kind":2,"ov":0}
Oct 04 10:49:33 Pidrive python3[1245019]: [msc.reads] n=1 bytes=4096 lba=18281..18281 gap=3 ov=0
Oct 04 10:49:33 Pidrive python3[1245019]: [rx] {"t":"event","op":"msc.reads","ms":218516,"gap":4,"lba0":18289,"lba1":18289,"bytes":4096,"n":1,"kind":2,"ov":0}
Oct 04 10:49:33 Pidrive python3[1245019]: [msc.reads] n=1 bytes=4096 lba=18289..18289 gap=4 ov=0
Oct 04 10:49:33 Pidrive python3[1245019]: [rx] {"t":"event","op":"msc.reads","ms":218520,"gap":4,"lba0":18297,"lba1":18297,"bytes":4096,"n":1,"kind":2,"ov":0}
Oct 04 10:49:33 Pidrive python3[1245019]: [msc.reads] n=1 bytes=4096 lba=18297..18297 gap=4 ov=0
Oct 04 10:49:33 Pidrive python3[1245019]: [rx] {"t":"event","op":"msc.reads","ms":218524,"gap":4,"lba0":18305,"lba1":18305,"bytes":4096,"n":1,"kind":2,"ov":0}
Oct 04 10:49:33 Pidrive python3[1245019]: [msc.reads] n=1 bytes=4096 lba=18305..18305 gap=4 ov=0
Oct 04 10:49:33 Pidrive python3[1245019]: [rx] {"t":"event","op":"msc.reads","ms":218528,"gap":4,"lba0":18313,"lba1":18321,"bytes":8192,"n":2,"kind":2,"ov":0}
Oct 04 10:49:33 Pidrive python3[1245019]: [msc.reads] n=2 bytes=8192 lba=18313..18321 gap=4 ov=0
Oct 04 10:49:33 Pidrive python3[1245019]: [rx] {"t":"event","op":"msc.reads","ms":218536,"gap":4,"lba0":18329,"lba1":18329,"bytes":4096,"n":1,"kind":2,"ov":0}
Oct 04 10:49:33 Pidrive python3[1245019]: [msc.reads] n=1 bytes=4096 lba=18329..18329 gap=4 ov=0
Oct 04 10:49:33 Pidrive python3[1245019]: [rx] {"t":"event","op":"msc.reads","ms":218539,"gap":3,"lba0":18337,"lba1":18337,"bytes":4096,"n":1,"kind":2,"ov":0}
Oct 04 10:49:33 Pidrive python3[1245019]: [msc.reads] n=1 bytes=4096 lba=18337..18337 gap=3 ov=0
Oct 04 10:49:33 Pidrive python3[1245019]: [rx] {"t":"event","op":"msc.reads","ms":218543,"gap":4,"lba0":18345,"lba1":18345,"bytes":4096,"n":1,"kind":2,"ov":0}
Oct 04 10:49:33 Pidrive python3[1245019]: [msc.reads] n=1 bytes=4096 lba=18345..18345 gap=4 ov=0
Oct 04 10:49:33 Pidrive python3[1245019]: [rx] {"t":"event","op":"msc.reads","ms":218547,"gap":4,"lba0":18353,"lba1":18353,"bytes":4096,"n":1,"kind":2,"ov":0}
Oct 04 10:49:33 Pidrive python3[1245019]: [msc.reads] n=1 bytes=4096 lba=18353..18353 gap=4 ov=0
Oct 04 10:49:33 Pidrive python3[1245019]: [rx] {"t":"event","op":"msc.reads","ms":218551,"gap":4,"lba0":18361,"lba1":18361,"bytes":4096,"n":1,"kind":2,"ov":0}
Oct 04 10:49:33 Pidrive python3[1245019]: [msc.reads] n=1 bytes=4096 lba=18361..18361 gap=4 ov=0
Oct 04 10:49:33 Pidrive python3[1245019]: [rx] {"t":"event","op":"msc.reads","ms":218555,"gap":4,"lba0":18369,"lba1":18369,"bytes":4096,"n":1,"kind":2,"ov":0}
Oct 04 10:49:33 Pidrive python3[1245019]: [msc.reads] n=1 bytes=4096 lba=18369..18369 gap=4 ov=0
Oct 04 10:49:33 Pidrive python3[1245019]: [rx] {"t":"event","op":"msc.reads","ms":218559,"gap":4,"lba0":18377,"lba1":18377,"bytes":4096,"n":1,"kind":2,"ov":0}
Oct 04 10:49:33 Pidrive python3[1245019]: [msc.reads] n=1 bytes=4096 lba=18377..18377 gap=4 ov=0
Oct 04 10:49:33 Pidrive python3[1245019]: [rx] {"t":"event","op":"msc.reads","ms":218563,"gap":4,"lba0":18385,"lba1":18385,"bytes":4096,"n":1,"kind":2,"ov":0}
Oct 04 10:49:33 Pidrive python3[1245019]: [msc.reads] n=1 bytes=4096 lba=18385..18385 gap=4 ov=0
Oct 04 10:49:33 Pidrive python3[1245019]: [rx] {"t":"event","op":"msc.reads","ms":218567,"gap":4,"lba0":18393,"lba1":18393,"bytes":4096,"n":1,"kind":2,"ov":0}
Oct 04 10:49:33 Pidrive python3[1245019]: [msc.reads] n=1 bytes=4096 lba=18393..18393 gap=4 ov=0
Oct 04 10:49:33 Pidrive python3[1245019]: [rx] {"t":"event","op":"msc.reads","ms":218571,"gap":4,"lba0":18401,"lba1":18409,"bytes":8192,"n":2,"kind":2,"ov":0}
Oct 04 10:49:33 Pidrive python3[1245019]: [msc.reads] n=2 bytes=8192 lba=18401..18409 gap=4 ov=0
Oct 04 10:49:33 Pidrive python3[1245019]: [rx] {"t":"event","op":"msc.reads","ms":218579,"gap":4,"lba0":18417,"lba1":18417,"bytes":4096,"n":1,"kind":2,"ov":0}
Oct 04 10:49:33 Pidrive python3[1245019]: [msc.reads] n=1 bytes=4096 lba=18417..18417 gap=4 ov=0
Oct 04 10:49:33 Pidrive python3[1245019]: [rx] {"t":"event","op":"msc.reads","ms":218583,"gap":4,"lba0":18425,"lba1":18425,"bytes":4096,"n":1,"kind":2,"ov":0}
Oct 04 10:49:33 Pidrive python3[1245019]: [msc.reads] n=1 bytes=4096 lba=18425..18425 gap=4 ov=0
Oct 04 10:49:33 Pidrive python3[1245019]: [rx] {"t":"event","op":"msc.reads","ms":218587,"gap":4,"lba0":18433,"lba1":18433,"bytes":4096,"n":1,"kind":2,"ov":0}
Oct 04 10:49:33 Pidrive python3[1245019]: [msc.reads] n=1 bytes=4096 lba=18433..18433 gap=4 ov=0
Oct 04 10:49:33 Pidrive python3[1245019]: [rx] {"t":"event","op":"msc.reads","ms":218591,"gap":4,"lba0":18441,"lba1":18441,"bytes":4096,"n":1,"kind":2,"ov":0}
Oct 04 10:49:33 Pidrive python3[1245019]: [msc.reads] n=1 bytes=4096 lba=18441..18441 gap=4 ov=0
Oct 04 10:49:33 Pidrive python3[1245019]: [rx] {"t":"event","op":"msc.reads","ms":218594,"gap":3,"lba0":18449,"lba1":18449,"bytes":4096,"n":1,"kind":2,"ov":0}
Oct 04 10:49:33 Pidrive python3[1245019]: [msc.reads] n=1 bytes=4096 lba=18449..18449 gap=3 ov=0
Oct 04 10:49:33 Pidrive python3[1245019]: [rx] {"t":"event","op":"msc.reads","ms":218598,"gap":4,"lba0":18457,"lba1":18457,"bytes":4096,"n":1,"kind":2,"ov":0}
Oct 04 10:49:33 Pidrive python3[1245019]: [msc.reads] n=1 bytes=4096 lba=18457..18457 gap=4 ov=0
Oct 04 10:49:33 Pidrive python3[1245019]: [rx] {"t":"event","op":"msc.reads","ms":218602,"gap":4,"lba0":18465,"lba1":18473,"bytes":8192,"n":2,"kind":2,"ov":0}
Oct 04 10:49:33 Pidrive python3[1245019]: [msc.reads] n=2 bytes=8192 lba=18465..18473 gap=4 ov=0
Oct 04 10:49:33 Pidrive python3[1245019]: [rx] {"t":"event","op":"msc.reads","ms":218611,"gap":5,"lba0":18481,"lba1":18481,"bytes":4096,"n":1,"kind":2,"ov":0}
Oct 04 10:49:33 Pidrive python3[1245019]: [msc.reads] n=1 bytes=4096 lba=18481..18481 gap=5 ov=0
Oct 04 10:49:33 Pidrive python3[1245019]: [rx] {"t":"event","op":"msc.reads","ms":218615,"gap":4,"lba0":18489,"lba1":18489,"bytes":4096,"n":1,"kind":2,"ov":0}
Oct 04 10:49:33 Pidrive python3[1245019]: [msc.reads] n=1 bytes=4096 lba=18489..18489 gap=4 ov=0
Oct 04 10:49:33 Pidrive python3[1245019]: [rx] {"t":"event","op":"msc.reads","ms":218618,"gap":3,"lba0":18497,"lba1":18497,"bytes":4096,"n":1,"kind":2,"ov":0}
Oct 04 10:49:33 Pidrive python3[1245019]: [msc.reads] n=1 bytes=4096 lba=18497..18497 gap=3 ov=0
Oct 04 10:49:33 Pidrive python3[1245019]: [rx] {"t":"event","op":"msc.reads","ms":218622,"gap":4,"lba0":18505,"lba1":18505,"bytes":4096,"n":1,"kind":2,"ov":0}
Oct 04 10:49:33 Pidrive python3[1245019]: [msc.reads] n=1 bytes=4096 lba=18505..18505 gap=4 ov=0
Oct 04 10:49:33 Pidrive python3[1245019]: [rx] {"t":"event","op":"msc.reads","ms":218627,"gap":5,"lba0":17105,"lba1":17105,"bytes":4096,"n":1,"kind":2,"ov":0}
Oct 04 10:49:33 Pidrive python3[1245019]: [msc.reads] n=1 bytes=4096 lba=17105..17105 gap=5 ov=0
Oct 04 10:49:33 Pidrive python3[1245019]: [rx] {"t":"event","op":"msc.reads","ms":218631,"gap":4,"lba0":17113,"lba1":17113,"bytes":4096,"n":1,"kind":2,"ov":0}
Oct 04 10:49:33 Pidrive python3[1245019]: [msc.reads] n=1 bytes=4096 lba=17113..17113 gap=4 ov=0
Oct 04 10:49:33 Pidrive python3[1245019]: [rx] {"t":"event","op":"msc.reads","ms":218635,"gap":4,"lba0":17121,"lba1":17121,"bytes":4096,"n":1,"kind":2,"ov":0}
Oct 04 10:49:33 Pidrive python3[1245019]: [msc.reads] n=1 bytes=4096 lba=17121..17121 gap=4 ov=0
Oct 04 10:49:33 Pidrive python3[1245019]: [rx] {"t":"event","op":"msc.reads","ms":218638,"gap":3,"lba0":17129,"lba1":16865,"bytes":8192,"n":2,"kind":2,"ov":0}
Oct 04 10:49:33 Pidrive python3[1245019]: [msc.reads] n=2 bytes=8192 lba=17129..16865 gap=3 ov=0
Oct 04 10:49:33 Pidrive python3[1245019]: [rx] {"t":"event","op":"msc.reads","ms":218646,"gap":3,"lba0":16873,"lba1":16873,"bytes":4096,"n":1,"kind":2,"ov":0}
Oct 04 10:49:33 Pidrive python3[1245019]: [msc.reads] n=1 bytes=4096 lba=16873..16873 gap=3 ov=0
Oct 04 10:49:33 Pidrive python3[1245019]: [rx] {"t":"event","op":"msc.reads","ms":218650,"gap":4,"lba0":16881,"lba1":16881,"bytes":4096,"n":1,"kind":2,"ov":0}
Oct 04 10:49:33 Pidrive python3[1245019]: [msc.reads] n=1 bytes=4096 lba=16881..16881 gap=4 ov=0
Oct 04 10:49:33 Pidrive python3[1245019]: [rx] {"t":"event","op":"msc.reads","ms":218654,"gap":4,"lba0":16889,"lba1":16889,"bytes":4096,"n":1,"kind":2,"ov":0}
Oct 04 10:49:33 Pidrive python3[1245019]: [msc.reads] n=1 bytes=4096 lba=16889..16889 gap=4 ov=0
Oct 04 10:49:33 Pidrive python3[1245019]: [rx] {"t":"event","op":"msc.reads","ms":218658,"gap":4,"lba0":16897,"lba1":16897,"bytes":4096,"n":1,"kind":2,"ov":0}
Oct 04 10:49:33 Pidrive python3[1245019]: [msc.reads] n=1 bytes=4096 lba=16897..16897 gap=4 ov=0
Oct 04 10:49:33 Pidrive python3[1245019]: [rx] {"t":"event","op":"msc.reads","ms":218662,"gap":4,"lba0":16905,"lba1":16905,"bytes":4096,"n":1,"kind":2,"ov":0}
Oct 04 10:49:33 Pidrive python3[1245019]: [msc.reads] n=1 bytes=4096 lba=16905..16905 gap=4 ov=0
Oct 04 10:49:33 Pidrive python3[1245019]: [rx] {"t":"event","op":"msc.reads","ms":218666,"gap":4,"lba0":16913,"lba1":16913,"bytes":4096,"n":1,"kind":2,"ov":0}
Oct 04 10:49:33 Pidrive python3[1245019]: [msc.reads] n=1 bytes=4096 lba=16913..16913 gap=4 ov=0
Oct 04 10:49:33 Pidrive python3[1245019]: [rx] {"t":"event","op":"msc.reads","ms":218670,"gap":4,"lba0":16921,"lba1":16929,"bytes":8192,"n":2,"kind":2,"ov":0}
Oct 04 10:49:33 Pidrive python3[1245019]: [msc.reads] n=2 bytes=8192 lba=16921..16929 gap=4 ov=0
Oct 04 10:49:33 Pidrive python3[1245019]: [rx] {"t":"event","op":"msc.reads","ms":218678,"gap":4,"lba0":16937,"lba1":16937,"bytes":4096,"n":1,"kind":2,"ov":0}
Oct 04 10:49:33 Pidrive python3[1245019]: [msc.reads] n=1 bytes=4096 lba=16937..16937 gap=4 ov=0
Oct 04 10:49:33 Pidrive python3[1245019]: [rx] {"t":"event","op":"msc.reads","ms":218682,"gap":4,"lba0":16945,"lba1":16945,"bytes":4096,"n":1,"kind":2,"ov":0}
Oct 04 10:49:33 Pidrive python3[1245019]: [msc.reads] n=1 bytes=4096 lba=16945..16945 gap=4 ov=0
Oct 04 10:49:33 Pidrive python3[1245019]: [rx] {"t":"event","op":"msc.reads","ms":218686,"gap":4,"lba0":16953,"lba1":16977,"bytes":16384,"n":4,"kind":2,"ov":0}
Oct 04 10:49:33 Pidrive python3[1245019]: [msc.reads] n=4 bytes=16384 lba=16953..16977 gap=4 ov=0
Oct 04 10:49:33 Pidrive python3[1245019]: [rx] {"t":"event","op":"msc.reads","ms":218700,"gap":4,"lba0":16985,"lba1":16993,"bytes":8192,"n":2,"kind":2,"ov":0}
Oct 04 10:49:33 Pidrive python3[1245019]: [msc.reads] n=2 bytes=8192 lba=16985..16993 gap=4 ov=0
Oct 04 10:49:33 Pidrive python3[1245019]: [rx] {"t":"event","op":"msc.reads","ms":218708,"gap":4,"lba0":17001,"lba1":17001,"bytes":4096,"n":1,"kind":2,"ov":0}
Oct 04 10:49:33 Pidrive python3[1245019]: [msc.reads] n=1 bytes=4096 lba=17001..17001 gap=4 ov=0
Oct 04 10:49:33 Pidrive python3[1245019]: [rx] {"t":"event","op":"msc.reads","ms":218712,"gap":4,"lba0":17009,"lba1":17009,"bytes":4096,"n":1,"kind":2,"ov":0}
Oct 04 10:49:33 Pidrive python3[1245019]: [msc.reads] n=1 bytes=4096 lba=17009..17009 gap=4 ov=0
Oct 04 10:49:33 Pidrive python3[1245019]: [rx] {"t":"event","op":"msc.reads","ms":218716,"gap":4,"lba0":17017,"lba1":17017,"bytes":4096,"n":1,"kind":2,"ov":0}
Oct 04 10:49:33 Pidrive python3[1245019]: [msc.reads] n=1 bytes=4096 lba=17017..17017 gap=4 ov=0
Oct 04 10:49:33 Pidrive python3[1245019]: [rx] {"t":"event","op":"msc.reads","ms":218720,"gap":4,"lba0":17025,"lba1":17025,"bytes":4096,"n":1,"kind":2,"ov":0}
Oct 04 10:49:33 Pidrive python3[1245019]: [msc.reads] n=1 bytes=4096 lba=17025..17025 gap=4 ov=0
Oct 04 10:49:33 Pidrive python3[1245019]: [rx] {"t":"event","op":"msc.reads","ms":218724,"gap":4,"lba0":17033,"lba1":17033,"bytes":4096,"n":1,"kind":2,"ov":0}
Oct 04 10:49:33 Pidrive python3[1245019]: [msc.reads] n=1 bytes=4096 lba=17033..17033 gap=4 ov=0
Oct 04 10:49:33 Pidrive python3[1245019]: [rx] {"t":"event","op":"msc.reads","ms":218727,"gap":3,"lba0":17041,"lba1":17041,"bytes":4096,"n":1,"kind":2,"ov":0}
Oct 04 10:49:33 Pidrive python3[1245019]: [msc.reads] n=1 bytes=4096 lba=17041..17041 gap=3 ov=0
Oct 04 10:49:33 Pidrive python3[1245019]: [rx] {"t":"event","op":"msc.reads","ms":218731,"gap":4,"lba0":17049,"lba1":17049,"bytes":4096,"n":1,"kind":2,"ov":0}
Oct 04 10:49:33 Pidrive python3[1245019]: [msc.reads] n=1 bytes=4096 lba=17049..17049 gap=4 ov=0
Oct 04 10:49:33 Pidrive python3[1245019]: [rx] {"t":"event","op":"msc.reads","ms":218735,"gap":4,"lba0":17057,"lba1":17057,"bytes":4096,"n":1,"kind":2,"ov":0}
Oct 04 10:49:33 Pidrive python3[1245019]: [msc.reads] n=1 bytes=4096 lba=17057..17057 gap=4 ov=0
Oct 04 10:49:33 Pidrive python3[1245019]: [rx] {"t":"event","op":"msc.reads","ms":218739,"gap":4,"lba0":17065,"lba1":17065,"bytes":4096,"n":1,"kind":2,"ov":0}
Oct 04 10:49:33 Pidrive python3[1245019]: [msc.reads] n=1 bytes=4096 lba=17065..17065 gap=4 ov=0
Oct 04 10:49:33 Pidrive python3[1245019]: [rx] {"t":"event","op":"msc.reads","ms":218743,"gap":4,"lba0":17073,"lba1":17081,"bytes":8192,"n":2,"kind":2,"ov":0}
Oct 04 10:49:33 Pidrive python3[1245019]: [msc.reads] n=2 bytes=8192 lba=17073..17081 gap=4 ov=0
Oct 04 10:49:33 Pidrive python3[1245019]: [rx] {"t":"event","op":"msc.reads","ms":218751,"gap":4,"lba0":17089,"lba1":17097,"bytes":8192,"n":2,"kind":2,"ov":0}
Oct 04 10:49:33 Pidrive python3[1245019]: [msc.reads] n=2 bytes=8192 lba=17089..17097 gap=4 ov=0
Oct 04 10:49:33 Pidrive python3[1245019]: [rx] {"t":"event","op":"msc.reads","ms":218759,"gap":5,"lba0":16625,"lba1":16625,"bytes":4096,"n":1,"kind":2,"ov":0}
Oct 04 10:49:33 Pidrive python3[1245019]: [msc.reads] n=1 bytes=4096 lba=16625..16625 gap=5 ov=0
Oct 04 10:49:33 Pidrive python3[1245019]: [rx] {"t":"event","op":"msc.reads","ms":218762,"gap":3,"lba0":16633,"lba1":16641,"bytes":8192,"n":2,"kind":2,"ov":0}
Oct 04 10:49:33 Pidrive python3[1245019]: [msc.reads] n=2 bytes=8192 lba=16633..16641 gap=3 ov=0
Oct 04 10:49:33 Pidrive python3[1245019]: [rx] {"t":"event","op":"msc.reads","ms":218770,"gap":4,"lba0":16649,"lba1":16649,"bytes":4096,"n":1,"kind":2,"ov":0}
Oct 04 10:49:33 Pidrive python3[1245019]: [msc.reads] n=1 bytes=4096 lba=16649..16649 gap=4 ov=0
Oct 04 10:49:33 Pidrive python3[1245019]: [rx] {"t":"event","op":"msc.reads","ms":218774,"gap":4,"lba0":16657,"lba1":16657,"bytes":4096,"n":1,"kind":2,"ov":0}
Oct 04 10:49:33 Pidrive python3[1245019]: [msc.reads] n=1 bytes=4096 lba=16657..16657 gap=4 ov=0
Oct 04 10:49:33 Pidrive python3[1245019]: [rx] {"t":"event","op":"msc.reads","ms":218778,"gap":4,"lba0":16665,"lba1":16665,"bytes":4096,"n":1,"kind":2,"ov":0}
Oct 04 10:49:33 Pidrive python3[1245019]: [msc.reads] n=1 bytes=4096 lba=16665..16665 gap=4 ov=0
Oct 04 10:49:33 Pidrive python3[1245019]: [rx] {"t":"event","op":"msc.reads","ms":218782,"gap":4,"lba0":16673,"lba1":16673,"bytes":4096,"n":1,"kind":2,"ov":0}
Oct 04 10:49:33 Pidrive python3[1245019]: [msc.reads] n=1 bytes=4096 lba=16673..16673 gap=4 ov=0
Oct 04 10:49:33 Pidrive python3[1245019]: [rx] {"t":"event","op":"msc.reads","ms":218785,"gap":3,"lba0":16681,"lba1":16689,"bytes":8192,"n":2,"kind":2,"ov":0}
Oct 04 10:49:33 Pidrive python3[1245019]: [msc.reads] n=2 bytes=8192 lba=16681..16689 gap=3 ov=0
Oct 04 10:49:33 Pidrive python3[1245019]: [tx] {"t":"ping"}
Oct 04 10:49:33 Pidrive python3[1245019]: [rx] {"t":"event","op":"msc.reads","ms":218793,"gap":4,"lba0":16697,"lba1":16697,"bytes":4096,"n":1,"kind":2,"ov":0}
Oct 04 10:49:33 Pidrive python3[1245019]: [msc.reads] n=1 bytes=4096 lba=16697..16697 gap=4 ov=0
Oct 04 10:49:33 Pidrive python3[1245019]: [rx] {"t":"event","op":"msc.reads","ms":218797,"gap":4,"lba0":16705,"lba1":16705,"bytes":4096,"n":1,"kind":2,"ov":0}
Oct 04 10:49:33 Pidrive python3[1245019]: [msc.reads] n=1 bytes=4096 lba=16705..16705 gap=4 ov=0
Oct 04 10:49:33 Pidrive python3[1245019]: [rx] {"t":"event","op":"msc.reads","ms":218801,"gap":4,"lba0":16713,"lba1":16713,"bytes":4096,"n":1,"kind":2,"ov":0}
Oct 04 10:49:33 Pidrive python3[1245019]: [msc.reads] n=1 bytes=4096 lba=16713..16713 gap=4 ov=0
Oct 04 10:49:33 Pidrive python3[1245019]: [rx] {"t":"event","op":"msc.reads","ms":218805,"gap":4,"lba0":16721,"lba1":16825,"bytes":57344,"n":14,"kind":2,"ov":0}
Oct 04 10:49:33 Pidrive python3[1245019]: [msc.reads] n=14 bytes=57344 lba=16721..16825 gap=4 ov=0
Oct 04 10:49:33 Pidrive python3[1245019]: [tx] {"t":"menu_set","rev":4050,"page":0,"items":[{"uid":"fav0","name":"Rock Antenne","kind":"station"},{"uid":"fav1","name":"Rock Antenne Bayern","kind":"station"},{"uid":"fav2","name":"Radio BOB!","kind":"station"},{"uid":"pump:page_next","name":"Menue","kind":"action"}]}
Oct 04 10:49:33 Pidrive python3[1245019]: [rx] {"t":"event","op":"msc.reads","ms":218858,"gap":4,"lba0":16833,"lba1":16841,"bytes":8192,"n":2,"kind":2,"ov":0}
Oct 04 10:49:33 Pidrive python3[1245019]: [msc.reads] n=2 bytes=8192 lba=16833..16841 gap=4 ov=0
Oct 04 10:49:33 Pidrive python3[1245019]: [rx] {"t":"event","op":"msc.reads","ms":218866,"gap":4,"lba0":16849,"lba1":16849,"bytes":4096,"n":1,"kind":2,"ov":0}
Oct 04 10:49:33 Pidrive python3[1245019]: [msc.reads] n=1 bytes=4096 lba=16849..16849 gap=4 ov=0
Oct 04 10:49:33 Pidrive python3[1245019]: [rx] {"t":"pong"}
Oct 04 10:49:33 Pidrive python3[1245019]: [rx] {"t":"event","op":"msc.reads","ms":218869,"gap":3,"lba0":16857,"lba1":18513,"bytes":8192,"n":2,"kind":2,"ov":0}
Oct 04 10:49:33 Pidrive python3[1245019]: [msc.reads] n=2 bytes=8192 lba=16857..18513 gap=3 ov=0
Oct 04 10:49:33 Pidrive python3[1245019]: [rx] {"t":"event","op":"diag","code":"play.reject","detail":"plug_window uid=pump:page_next from=18513 +4096B age=2768ms"}
Oct 04 10:49:33 Pidrive python3[1245019]: [msc] play.reject plug_window uid=pump:page_next from=18513 +4096B age=2768ms
Oct 04 10:49:33 Pidrive python3[1245019]: [rx] {"t":"menu_ack","ok":true,"n":4,"rev":4050}
Oct 04 10:49:33 Pidrive python3[1245019]: [menu_ack] ok=True n=4 rev=4050
Oct 04 10:49:33 Pidrive python3[1245019]: [rx] {"t":"event","op":"msc.reads","ms":218891,"gap":17,"lba0":18521,"lba1":18521,"bytes":2560,"n":1,"kind":2,"ov":0}
Oct 04 10:49:33 Pidrive python3[1245019]: [msc.reads] n=1 bytes=2560 lba=18521..18521 gap=17 ov=0
Oct 04 10:49:35 Pidrive python3[1245019]: [tx] {"t":"ping"}
Oct 04 10:49:35 Pidrive python3[1245019]: [rx] {"t":"pong"}
Oct 04 10:49:35 Pidrive python3[1245019]: [rx] {"t":"event","op":"diag","code":"msc.phase","detail":"quiet cache?"}
Oct 04 10:49:35 Pidrive python3[1245019]: [msc] msc.phase quiet cache?
Oct 04 10:49:35 Pidrive python3[1245019]: [rx] {"t":"event","op":"diag","code":"msc.quiet","detail":"file=1260032B age=2003ms"}
Oct 04 10:49:35 Pidrive python3[1245019]: [msc] msc.quiet file=1260032B age=2003ms
Oct 04 10:49:37 Pidrive python3[1245019]: [tx] {"t":"ping"}
Oct 04 10:49:37 Pidrive python3[1245019]: [rx] {"t":"pong"}
Oct 04 10:49:39 Pidrive python3[1245019]: [tx] {"t":"ping"}
Oct 04 10:49:39 Pidrive python3[1245019]: [rx] {"t":"pong"}
Oct 04 10:49:41 Pidrive python3[1245019]: [tx] {"t":"ping"}
Oct 04 10:49:41 Pidrive python3[1245019]: [rx] {"t":"pong"}
Oct 04 10:49:43 Pidrive python3[1245019]: [tx] {"t":"ping"}
Oct 04 10:49:43 Pidrive python3[1245019]: [rx] {"t":"pong"}
Oct 04 10:49:45 Pidrive python3[1245019]: [tx] {"t":"ping"}
Oct 04 10:49:45 Pidrive python3[1245019]: [rx] {"t":"pong"}
Oct 04 10:49:47 Pidrive python3[1245019]: [tx] {"t":"ping"}
Oct 04 10:49:47 Pidrive python3[1245019]: [rx] {"t":"pong"}
Oct 04 10:49:49 Pidrive python3[1245019]: [tx] {"t":"ping"}
Oct 04 10:49:49 Pidrive python3[1245019]: [rx] {"t":"pong"}
Oct 04 10:49:51 Pidrive python3[1245019]: [tx] {"t":"ping"}
Oct 04 10:49:51 Pidrive python3[1245019]: [rx] {"t":"pong"}
Oct 04 10:49:53 Pidrive python3[1245019]: [tx] {"t":"ping"}
Oct 04 10:49:53 Pidrive python3[1245019]: [rx] {"t":"pong"}
Oct 04 10:49:56 Pidrive python3[1245019]: [tx] {"t":"ping"}
Oct 04 10:49:56 Pidrive python3[1245019]: [rx] {"t":"pong"}
Oct 04 10:49:58 Pidrive python3[1245019]: [tx] {"t":"ping"}
Oct 04 10:49:58 Pidrive python3[1245019]: [rx] {"t":"pong"}
Oct 04 10:49:59 Pidrive python3[1245019]: [tx] {"t":"ping"}
Oct 04 10:49:59 Pidrive python3[1245019]: [rx] {"t":"pong"}
Oct 04 10:50:01 Pidrive python3[1245019]: [tx] {"t":"ping"}
Oct 04 10:50:02 Pidrive python3[1245019]: [rx] {"t":"pong"}
Oct 04 10:50:03 Pidrive python3[1245019]: [tx] {"t":"ping"}
Oct 04 10:50:03 Pidrive python3[1245019]: [rx] {"t":"pong"}
Oct 04 10:50:06 Pidrive python3[1245019]: [tx] {"t":"ping"}
Oct 04 10:50:06 Pidrive python3[1245019]: [rx] {"t":"pong"}
Oct 04 10:50:07 Pidrive python3[1245019]: [tx] {"t":"ping"}
Oct 04 10:50:07 Pidrive python3[1245019]: [rx] {"t":"pong"}
Oct 04 10:50:09 Pidrive python3[1245019]: [tx] {"t":"ping"}
Oct 04 10:50:10 Pidrive python3[1245019]: [rx] {"t":"pong"}
Oct 04 10:50:12 Pidrive python3[1245019]: [tx] {"t":"ping"}
Oct 04 10:50:12 Pidrive python3[1245019]: [rx] {"t":"pong"}
Oct 04 10:50:13 Pidrive python3[1245019]: [tx] {"t":"menu_set","rev":4051,"page":0,"items":[{"uid":"fav0","name":"Rock Antenne","kind":"station"},{"uid":"fav1","name":"Rock Antenne Bayern","kind":"station"},{"uid":"fav2","name":"Radio BOB!","kind":"station"},{"uid":"pump:page_next","name":"Menue","kind":"action"}]}
Oct 04 10:50:13 Pidrive python3[1245019]: [rx] {"t":"menu_ack","ok":true,"n":4,"rev":4051}
Oct 04 10:50:13 Pidrive python3[1245019]: [menu_ack] ok=True n=4 rev=4051
Oct 04 10:50:14 Pidrive python3[1245019]: [tx] {"t":"ping"}
Oct 04 10:50:14 Pidrive python3[1245019]: [rx] {"t":"pong"}
Oct 04 10:50:16 Pidrive python3[1245019]: [tx] {"t":"ping"}
Oct 04 10:50:16 Pidrive python3[1245019]: [rx] {"t":"pong"}
Oct 04 10:50:18 Pidrive python3[1245019]: [tx] {"t":"ping"}
Oct 04 10:50:18 Pidrive python3[1245019]: [rx] {"t":"pong"}
Oct 04 10:50:20 Pidrive python3[1245019]: [tx] {"t":"ping"}
Oct 04 10:50:20 Pidrive python3[1245019]: [rx] {"t":"pong"}
Oct 04 10:50:22 Pidrive python3[1245019]: [tx] {"t":"ping"}
Oct 04 10:50:22 Pidrive python3[1245019]: [rx] {"t":"pong"}
Oct 04 10:50:24 Pidrive python3[1245019]: [tx] {"t":"ping"}
Oct 04 10:50:24 Pidrive python3[1245019]: [rx] {"t":"pong"}
Oct 04 10:50:26 Pidrive python3[1245019]: [tx] {"t":"ping"}
Oct 04 10:50:26 Pidrive python3[1245019]: [rx] {"t":"pong"}
Oct 04 10:50:28 Pidrive python3[1245019]: [tx] {"t":"ping"}
Oct 04 10:50:28 Pidrive python3[1245019]: [rx] {"t":"pong"}
Oct 04 10:50:30 Pidrive python3[1245019]: [tx] {"t":"ping"}
Oct 04 10:50:30 Pidrive python3[1245019]: [rx] {"t":"pong"}
Oct 04 10:50:32 Pidrive python3[1245019]: [tx] {"t":"ping"}
Oct 04 10:50:32 Pidrive python3[1245019]: [rx] {"t":"pong"}
Oct 04 10:50:34 Pidrive python3[1245019]: [tx] {"t":"ping"}
Oct 04 10:50:34 Pidrive python3[1245019]: [rx] {"t":"pong"}
Oct 04 10:50:36 Pidrive python3[1245019]: [tx] {"t":"ping"}
Oct 04 10:50:36 Pidrive python3[1245019]: [rx] {"t":"pong"}
Oct 04 10:50:38 Pidrive python3[1245019]: [tx] {"t":"ping"}
Oct 04 10:50:38 Pidrive python3[1245019]: [rx] {"t":"pong"}
Oct 04 10:50:38 Pidrive python3[1245019]: [rx] {"t":"event","op":"diag","code":"play.reject","detail":"not_from_head uid=fav1 from=17377 +4096B age=67740ms prefetch"}
Oct 04 10:50:38 Pidrive python3[1245019]: [msc] play.reject not_from_head uid=fav1 from=17377 +4096B age=67740ms prefetch
Oct 04 10:50:38 Pidrive python3[1245019]: [rx] {"t":"event","op":"msc.reads","ms":283846,"gap":64955,"lba0":17377,"lba1":17441,"bytes":36864,"n":9,"kind":2,"ov":0}
Oct 04 10:50:38 Pidrive python3[1245019]: [msc.reads] n=9 bytes=36864 lba=17377..17441 gap=64955 ov=0
Oct 04 10:50:38 Pidrive python3[1245019]: [rx] {"t":"event","op":"msc.reads","ms":283893,"gap":4,"lba0":17449,"lba1":17449,"bytes":4096,"n":1,"kind":2,"ov":0}
Oct 04 10:50:38 Pidrive python3[1245019]: [msc.reads] n=1 bytes=4096 lba=17449..17449 gap=4 ov=0
Oct 04 10:50:38 Pidrive python3[1245019]: [rx] {"t":"event","op":"msc.reads","ms":283897,"gap":4,"lba0":17457,"lba1":17457,"bytes":4096,"n":1,"kind":2,"ov":0}
Oct 04 10:50:38 Pidrive python3[1245019]: [msc.reads] n=1 bytes=4096 lba=17457..17457 gap=4 ov=0
Oct 04 10:50:38 Pidrive python3[1245019]: [rx] {"t":"event","op":"msc.reads","ms":283900,"gap":3,"lba0":17465,"lba1":17473,"bytes":8192,"n":2,"kind":2,"ov":0}
Oct 04 10:50:38 Pidrive python3[1245019]: [msc.reads] n=2 bytes=8192 lba=17465..17473 gap=3 ov=0
Oct 04 10:50:38 Pidrive python3[1245019]: [rx] {"t":"event","op":"msc.reads","ms":283909,"gap":5,"lba0":17137,"lba1":17137,"bytes":4096,"n":1,"kind":2,"ov":0}
Oct 04 10:50:38 Pidrive python3[1245019]: [msc.reads] n=1 bytes=4096 lba=17137..17137 gap=5 ov=0
Oct 04 10:50:38 Pidrive python3[1245019]: [rx] {"t":"event","op":"msc.reads","ms":283913,"gap":4,"lba0":17145,"lba1":17145,"bytes":4096,"n":1,"kind":2,"ov":0}
Oct 04 10:50:38 Pidrive python3[1245019]: [msc.reads] n=1 bytes=4096 lba=17145..17145 gap=4 ov=0
Oct 04 10:50:38 Pidrive python3[1245019]: [rx] {"t":"event","op":"msc.reads","ms":283917,"gap":4,"lba0":17153,"lba1":17153,"bytes":4096,"n":1,"kind":2,"ov":0}
Oct 04 10:50:38 Pidrive python3[1245019]: [msc.reads] n=1 bytes=4096 lba=17153..17153 gap=4 ov=0
Oct 04 10:50:38 Pidrive python3[1245019]: [rx] {"t":"event","op":"msc.reads","ms":283920,"gap":3,"lba0":17161,"lba1":17161,"bytes":4096,"n":1,"kind":2,"ov":0}
Oct 04 10:50:38 Pidrive python3[1245019]: [msc.reads] n=1 bytes=4096 lba=17161..17161 gap=3 ov=0
Oct 04 10:50:38 Pidrive python3[1245019]: [rx] {"t":"event","op":"msc.reads","ms":283924,"gap":4,"lba0":17169,"lba1":17169,"bytes":4096,"n":1,"kind":2,"ov":0}
Oct 04 10:50:38 Pidrive python3[1245019]: [msc.reads] n=1 bytes=4096 lba=17169..17169 gap=4 ov=0
Oct 04 10:50:38 Pidrive python3[1245019]: [rx] {"t":"event","op":"msc.reads","ms":283928,"gap":4,"lba0":17177,"lba1":17225,"bytes":28672,"n":7,"kind":2,"ov":0}
Oct 04 10:50:38 Pidrive python3[1245019]: [msc.reads] n=7 bytes=28672 lba=17177..17225 gap=4 ov=0
Oct 04 10:50:38 Pidrive python3[1245019]: [rx] {"t":"event","op":"msc.reads","ms":283954,"gap":4,"lba0":17233,"lba1":17305,"bytes":40960,"n":10,"kind":2,"ov":0}
Oct 04 10:50:38 Pidrive python3[1245019]: [msc.reads] n=10 bytes=40960 lba=17233..17305 gap=4 ov=0
Oct 04 10:50:38 Pidrive python3[1245019]: [rx] {"t":"event","op":"msc.reads","ms":283991,"gap":4,"lba0":17313,"lba1":17313,"bytes":4096,"n":1,"kind":2,"ov":0}
Oct 04 10:50:38 Pidrive python3[1245019]: [msc.reads] n=1 bytes=4096 lba=17313..17313 gap=4 ov=0
Oct 04 10:50:38 Pidrive python3[1245019]: [rx] {"t":"event","op":"msc.reads","ms":283995,"gap":4,"lba0":17321,"lba1":17321,"bytes":4096,"n":1,"kind":2,"ov":0}
Oct 04 10:50:38 Pidrive python3[1245019]: [msc.reads] n=1 bytes=4096 lba=17321..17321 gap=4 ov=0
Oct 04 10:50:38 Pidrive python3[1245019]: [rx] {"t":"event","op":"msc.reads","ms":283999,"gap":4,"lba0":17329,"lba1":17329,"bytes":4096,"n":1,"kind":2,"ov":0}
Oct 04 10:50:38 Pidrive python3[1245019]: [msc.reads] n=1 bytes=4096 lba=17329..17329 gap=4 ov=0
Oct 04 10:50:38 Pidrive python3[1245019]: [rx] {"t":"event","op":"msc.reads","ms":284003,"gap":4,"lba0":17337,"lba1":17337,"bytes":4096,"n":1,"kind":2,"ov":0}
Oct 04 10:50:38 Pidrive python3[1245019]: [msc.reads] n=1 bytes=4096 lba=17337..17337 gap=4 ov=0
Oct 04 10:50:38 Pidrive python3[1245019]: [rx] {"t":"event","op":"msc.reads","ms":284007,"gap":4,"lba0":17345,"lba1":17345,"bytes":4096,"n":1,"kind":2,"ov":0}
Oct 04 10:50:38 Pidrive python3[1245019]: [msc.reads] n=1 bytes=4096 lba=17345..17345 gap=4 ov=0
Oct 04 10:50:38 Pidrive python3[1245019]: [rx] {"t":"event","op":"msc.reads","ms":284011,"gap":4,"lba0":17353,"lba1":17353,"bytes":4096,"n":1,"kind":2,"ov":0}
Oct 04 10:50:38 Pidrive python3[1245019]: [msc.reads] n=1 bytes=4096 lba=17353..17353 gap=4 ov=0
Oct 04 10:50:38 Pidrive python3[1245019]: [rx] {"t":"event","op":"msc.reads","ms":284015,"gap":4,"lba0":17361,"lba1":17361,"bytes":4096,"n":1,"kind":2,"ov":0}
Oct 04 10:50:38 Pidrive python3[1245019]: [msc.reads] n=1 bytes=4096 lba=17361..17361 gap=4 ov=0
Oct 04 10:50:38 Pidrive python3[1245019]: [rx] {"t":"event","op":"msc.reads","ms":284019,"gap":4,"lba0":17369,"lba1":17369,"bytes":4096,"n":1,"kind":2,"ov":0}
Oct 04 10:50:38 Pidrive python3[1245019]: [msc.reads] n=1 bytes=4096 lba=17369..17369 gap=4 ov=0
Oct 04 10:50:40 Pidrive python3[1245019]: [tx] {"t":"ping"}
Oct 04 10:50:40 Pidrive python3[1245019]: [rx] {"t":"pong"}
Oct 04 10:50:40 Pidrive python3[1245019]: [rx] {"t":"event","op":"diag","code":"msc.quiet","detail":"file=1436160B age=2000ms"}
Oct 04 10:50:40 Pidrive python3[1245019]: [msc] msc.quiet file=1436160B age=2000ms
Oct 04 10:50:42 Pidrive python3[1245019]: [tx] {"t":"ping"}
Oct 04 10:50:42 Pidrive python3[1245019]: [rx] {"t":"pong"}
Oct 04 10:50:44 Pidrive python3[1245019]: [tx] {"t":"ping"}
Oct 04 10:50:44 Pidrive python3[1245019]: [rx] {"t":"pong"}
Oct 04 10:50:46 Pidrive python3[1245019]: [tx] {"t":"ping"}
Oct 04 10:50:46 Pidrive python3[1245019]: [rx] {"t":"pong"}
Oct 04 10:50:48 Pidrive python3[1245019]: [tx] {"t":"ping"}
Oct 04 10:50:48 Pidrive python3[1245019]: [rx] {"t":"pong"}
Oct 04 10:50:50 Pidrive python3[1245019]: [tx] {"t":"ping"}
Oct 04 10:50:50 Pidrive python3[1245019]: [rx] {"t":"pong"}
Oct 04 10:50:52 Pidrive python3[1245019]: [tx] {"t":"ping"}
Oct 04 10:50:52 Pidrive python3[1245019]: [rx] {"t":"pong"}
Oct 04 10:50:54 Pidrive python3[1245019]: [tx] {"t":"ping"}
Oct 04 10:50:54 Pidrive python3[1245019]: [rx] {"t":"pong"}
Oct 04 10:50:56 Pidrive python3[1245019]: [tx] {"t":"ping"}
Oct 04 10:50:56 Pidrive python3[1245019]: [rx] {"t":"pong"}
Oct 04 10:50:58 Pidrive python3[1245019]: [tx] {"t":"ping"}
Oct 04 10:50:58 Pidrive python3[1245019]: [rx] {"t":"pong"}
Oct 04 10:51:00 Pidrive python3[1245019]: [tx] {"t":"ping"}
Oct 04 10:51:00 Pidrive python3[1245019]: [rx] {"t":"pong"}
Oct 04 10:51:02 Pidrive python3[1245019]: [tx] {"t":"ping"}
Oct 04 10:51:02 Pidrive python3[1245019]: [rx] {"t":"pong"}
Oct 04 10:51:04 Pidrive python3[1245019]: [tx] {"t":"ping"}
Oct 04 10:51:04 Pidrive python3[1245019]: [rx] {"t":"pong"}
Oct 04 10:51:06 Pidrive python3[1245019]: [tx] {"t":"ping"}
Oct 04 10:51:06 Pidrive python3[1245019]: [rx] {"t":"pong"}
Oct 04 10:51:07 Pidrive python3[1245019]: [tx] {"t":"menu_set","rev":4052,"page":0,"items":[{"uid":"fav0","name":"Rock Antenne","kind":"station"},{"uid":"fav1","name":"Rock Antenne Bayern","kind":"station"},{"uid":"fav2","name":"Radio BOB!","kind":"station"},{"uid":"pump:page_next","name":"Menue","kind":"action"}]}
Oct 04 10:51:08 Pidrive python3[1245019]: [rx] {"t":"menu_ack","ok":true,"n":4,"rev":4052}
Oct 04 10:51:08 Pidrive python3[1245019]: [menu_ack] ok=True n=4 rev=4052
Oct 04 10:51:08 Pidrive python3[1245019]: [tx] {"t":"ping"}
Oct 04 10:51:08 Pidrive python3[1245019]: [rx] {"t":"pong"}
Oct 04 10:51:10 Pidrive python3[1245019]: [tx] {"t":"ping"}
Oct 04 10:51:11 Pidrive python3[1245019]: [rx] {"t":"pong"}
Oct 04 10:51:12 Pidrive python3[1245019]: [tx] {"t":"ping"}
Oct 04 10:51:12 Pidrive python3[1245019]: [rx] {"t":"pong"}
Oct 04 10:51:14 Pidrive python3[1245019]: [tx] {"t":"ping"}
Oct 04 10:51:14 Pidrive python3[1245019]: [rx] {"t":"pong"}
Oct 04 10:51:16 Pidrive python3[1245019]: [tx] {"t":"ping"}
Oct 04 10:51:17 Pidrive python3[1245019]: [rx] {"t":"pong"}
Oct 04 10:51:18 Pidrive python3[1245019]: [tx] {"t":"ping"}
Oct 04 10:51:18 Pidrive python3[1245019]: [rx] {"t":"pong"}
Oct 04 10:51:21 Pidrive python3[1245019]: [tx] {"t":"ping"}
Oct 04 10:51:21 Pidrive python3[1245019]: [rx] {"t":"pong"}
Oct 04 10:51:23 Pidrive python3[1245019]: [tx] {"t":"ping"}
Oct 04 10:51:23 Pidrive python3[1245019]: [rx] {"t":"pong"}
Oct 04 10:51:25 Pidrive python3[1245019]: [tx] {"t":"ping"}
Oct 04 10:51:25 Pidrive python3[1245019]: [rx] {"t":"pong"}
Oct 04 10:51:27 Pidrive python3[1245019]: [tx] {"t":"ping"}
Oct 04 10:51:27 Pidrive python3[1245019]: [rx] {"t":"pong"}
Oct 04 10:51:29 Pidrive python3[1245019]: [tx] {"t":"ping"}
Oct 04 10:51:29 Pidrive python3[1245019]: [rx] {"t":"pong"}
Oct 04 10:51:31 Pidrive python3[1245019]: [tx] {"t":"ping"}
Oct 04 10:51:31 Pidrive python3[1245019]: [rx] {"t":"pong"}
Oct 04 10:51:33 Pidrive python3[1245019]: [tx] {"t":"ping"}
Oct 04 10:51:33 Pidrive python3[1245019]: [rx] {"t":"pong"}
Oct 04 10:51:35 Pidrive python3[1245019]: [tx] {"t":"ping"}
Oct 04 10:51:35 Pidrive python3[1245019]: [rx] {"t":"pong"}
Oct 04 10:51:37 Pidrive python3[1245019]: [tx] {"t":"ping"}
Oct 04 10:51:37 Pidrive python3[1245019]: [rx] {"t":"pong"}
Oct 04 10:51:39 Pidrive python3[1245019]: [tx] {"t":"ping"}
Oct 04 10:51:39 Pidrive python3[1245019]: [rx] {"t":"pong"}
Oct 04 10:51:41 Pidrive python3[1245019]: [tx] {"t":"ping"}
Oct 04 10:51:41 Pidrive python3[1245019]: [rx] {"t":"pong"}
Oct 04 10:51:43 Pidrive python3[1245019]: [tx] {"t":"ping"}
Oct 04 10:51:43 Pidrive python3[1245019]: [rx] {"t":"pong"}
Oct 04 10:51:45 Pidrive python3[1245019]: [tx] {"t":"ping"}
Oct 04 10:51:45 Pidrive python3[1245019]: [rx] {"t":"pong"}
Oct 04 10:51:47 Pidrive python3[1245019]: [tx] {"t":"ping"}
Oct 04 10:51:47 Pidrive python3[1245019]: [rx] {"t":"pong"}
Oct 04 10:51:49 Pidrive python3[1245019]: [tx] {"t":"ping"}
Oct 04 10:51:49 Pidrive python3[1245019]: [rx] {"t":"pong"}
Oct 04 10:51:51 Pidrive python3[1245019]: [tx] {"t":"ping"}
Oct 04 10:51:51 Pidrive python3[1245019]: [rx] {"t":"pong"}
Oct 04 10:51:53 Pidrive python3[1245019]: [tx] {"t":"ping"}
Oct 04 10:51:53 Pidrive python3[1245019]: [rx] {"t":"pong"}
Oct 04 10:51:55 Pidrive python3[1245019]: [tx] {"t":"ping"}
Oct 04 10:51:55 Pidrive python3[1245019]: [rx] {"t":"pong"}
Oct 04 10:51:57 Pidrive python3[1245019]: [tx] {"t":"ping"}
Oct 04 10:51:57 Pidrive python3[1245019]: [rx] {"t":"pong"}
Oct 04 10:51:58 Pidrive python3[1245019]: [rx] {"t":"event","op":"diag","code":"play.reject","detail":"not_from_head uid=fav0 from=1953 +4096B age=147928ms prefetch"}
Oct 04 10:51:58 Pidrive python3[1245019]: [msc] play.reject not_from_head uid=fav0 from=1953 +4096B age=147928ms prefetch
Oct 04 10:51:58 Pidrive python3[1245019]: [rx] {"t":"event","op":"msc.reads","ms":364034,"gap":65535,"lba0":1953,"lba1":1953,"bytes":4096,"n":1,"kind":2,"ov":0}
Oct 04 10:51:58 Pidrive python3[1245019]: [msc.reads] n=1 bytes=4096 lba=1953..1953 gap=65535 ov=0
Oct 04 10:51:58 Pidrive python3[1245019]: [rx] {"t":"event","op":"msc.reads","ms":364052,"gap":18,"lba0":1961,"lba1":1961,"bytes":4096,"n":1,"kind":2,"ov":0}
Oct 04 10:51:58 Pidrive python3[1245019]: [msc.reads] n=1 bytes=4096 lba=1961..1961 gap=18 ov=0
Oct 04 10:51:58 Pidrive python3[1245019]: [rx] {"t":"event","op":"msc.reads","ms":364056,"gap":4,"lba0":1713,"lba1":1713,"bytes":4096,"n":1,"kind":2,"ov":0}
Oct 04 10:51:58 Pidrive python3[1245019]: [msc.reads] n=1 bytes=4096 lba=1713..1713 gap=4 ov=0
Oct 04 10:51:58 Pidrive python3[1245019]: [rx] {"t":"event","op":"msc.reads","ms":364059,"gap":3,"lba0":1721,"lba1":1721,"bytes":4096,"n":1,"kind":2,"ov":0}
Oct 04 10:51:58 Pidrive python3[1245019]: [msc.reads] n=1 bytes=4096 lba=1721..1721 gap=3 ov=0
Oct 04 10:51:58 Pidrive python3[1245019]: [rx] {"t":"event","op":"msc.reads","ms":364063,"gap":4,"lba0":1729,"lba1":1881,"bytes":81920,"n":20,"kind":2,"ov":0}
Oct 04 10:51:58 Pidrive python3[1245019]: [msc.reads] n=20 bytes=81920 lba=1729..1881 gap=4 ov=0
Oct 04 10:51:58 Pidrive python3[1245019]: [rx] {"t":"event","op":"msc.reads","ms":364136,"gap":4,"lba0":1889,"lba1":1889,"bytes":4096,"n":1,"kind":2,"ov":0}
Oct 04 10:51:58 Pidrive python3[1245019]: [msc.reads] n=1 bytes=4096 lba=1889..1889 gap=4 ov=0
Oct 04 10:51:58 Pidrive python3[1245019]: [rx] {"t":"event","op":"msc.reads","ms":364140,"gap":4,"lba0":1897,"lba1":1897,"bytes":4096,"n":1,"kind":2,"ov":0}
Oct 04 10:51:58 Pidrive python3[1245019]: [msc.reads] n=1 bytes=4096 lba=1897..1897 gap=4 ov=0
Oct 04 10:51:58 Pidrive python3[1245019]: [rx] {"t":"event","op":"msc.reads","ms":364144,"gap":4,"lba0":1905,"lba1":1905,"bytes":4096,"n":1,"kind":2,"ov":0}
Oct 04 10:51:58 Pidrive python3[1245019]: [msc.reads] n=1 bytes=4096 lba=1905..1905 gap=4 ov=0
Oct 04 10:51:58 Pidrive python3[1245019]: [rx] {"t":"event","op":"msc.reads","ms":364147,"gap":3,"lba0":1913,"lba1":1521,"bytes":49152,"n":12,"kind":2,"ov":0}
Oct 04 10:51:58 Pidrive python3[1245019]: [msc.reads] n=12 bytes=49152 lba=1913..1521 gap=3 ov=0
Oct 04 10:51:58 Pidrive python3[1245019]: [rx] {"t":"event","op":"msc.reads","ms":364192,"gap":4,"lba0":1529,"lba1":1529,"bytes":4096,"n":1,"kind":2,"ov":0}
Oct 04 10:51:58 Pidrive python3[1245019]: [msc.reads] n=1 bytes=4096 lba=1529..1529 gap=4 ov=0
Oct 04 10:51:58 Pidrive python3[1245019]: [rx] {"t":"event","op":"msc.reads","ms":364196,"gap":4,"lba0":1537,"lba1":1625,"bytes":49152,"n":12,"kind":2,"ov":0}
Oct 04 10:51:58 Pidrive python3[1245019]: [msc.reads] n=12 bytes=49152 lba=1537..1625 gap=4 ov=0
Oct 04 10:51:58 Pidrive python3[1245019]: [rx] {"t":"event","op":"msc.reads","ms":364240,"gap":4,"lba0":1633,"lba1":1633,"bytes":4096,"n":1,"kind":2,"ov":0}
Oct 04 10:51:58 Pidrive python3[1245019]: [msc.reads] n=1 bytes=4096 lba=1633..1633 gap=4 ov=0
Oct 04 10:51:58 Pidrive python3[1245019]: [rx] {"t":"event","op":"msc.reads","ms":364243,"gap":3,"lba0":1641,"lba1":1641,"bytes":4096,"n":1,"kind":2,"ov":0}
Oct 04 10:51:58 Pidrive python3[1245019]: [msc.reads] n=1 bytes=4096 lba=1641..1641 gap=3 ov=0
Oct 04 10:51:58 Pidrive python3[1245019]: [rx] {"t":"event","op":"msc.reads","ms":364247,"gap":4,"lba0":1649,"lba1":1649,"bytes":4096,"n":1,"kind":2,"ov":0}
Oct 04 10:51:58 Pidrive python3[1245019]: [msc.reads] n=1 bytes=4096 lba=1649..1649 gap=4 ov=0
Oct 04 10:51:58 Pidrive python3[1245019]: [rx] {"t":"event","op":"msc.reads","ms":364251,"gap":4,"lba0":1657,"lba1":1657,"bytes":4096,"n":1,"kind":2,"ov":0}
Oct 04 10:51:58 Pidrive python3[1245019]: [msc.reads] n=1 bytes=4096 lba=1657..1657 gap=4 ov=0
Oct 04 10:51:59 Pidrive python3[1245019]: [rx] {"t":"event","op":"msc.reads","ms":364255,"gap":4,"lba0":1665,"lba1":1665,"bytes":4096,"n":1,"kind":2,"ov":0}
Oct 04 10:51:59 Pidrive python3[1245019]: [msc.reads] n=1 bytes=4096 lba=1665..1665 gap=4 ov=0
Oct 04 10:51:59 Pidrive python3[1245019]: [rx] {"t":"event","op":"msc.reads","ms":364259,"gap":4,"lba0":1673,"lba1":2001,"bytes":40960,"n":10,"kind":2,"ov":0}
Oct 04 10:51:59 Pidrive python3[1245019]: [msc.reads] n=10 bytes=40960 lba=1673..2001 gap=4 ov=0
Oct 04 10:51:59 Pidrive python3[1245019]: [rx] {"t":"event","op":"msc.reads","ms":364296,"gap":3,"lba0":2009,"lba1":2009,"bytes":4096,"n":1,"kind":2,"ov":0}
Oct 04 10:51:59 Pidrive python3[1245019]: [msc.reads] n=1 bytes=4096 lba=2009..2009 gap=3 ov=0
Oct 04 10:51:59 Pidrive python3[1245019]: [rx] {"t":"event","op":"msc.reads","ms":364300,"gap":4,"lba0":2017,"lba1":2017,"bytes":4096,"n":1,"kind":2,"ov":0}
Oct 04 10:51:59 Pidrive python3[1245019]: [msc.reads] n=1 bytes=4096 lba=2017..2017 gap=4 ov=0
Oct 04 10:51:59 Pidrive python3[1245019]: [rx] {"t":"event","op":"msc.reads","ms":364304,"gap":4,"lba0":2025,"lba1":2025,"bytes":4096,"n":1,"kind":2,"ov":0}
Oct 04 10:51:59 Pidrive python3[1245019]: [msc.reads] n=1 bytes=4096 lba=2025..2025 gap=4 ov=0
Oct 04 10:51:59 Pidrive python3[1245019]: [rx] {"t":"event","op":"msc.reads","ms":364308,"gap":4,"lba0":2033,"lba1":2097,"bytes":36864,"n":9,"kind":2,"ov":0}
Oct 04 10:51:59 Pidrive python3[1245019]: [msc.reads] n=9 bytes=36864 lba=2033..2097 gap=4 ov=0
Oct 04 10:51:59 Pidrive python3[1245019]: [rx] {"t":"event","op":"msc.reads","ms":364341,"gap":4,"lba0":2105,"lba1":2105,"bytes":4096,"n":1,"kind":2,"ov":0}
Oct 04 10:51:59 Pidrive python3[1245019]: [msc.reads] n=1 bytes=4096 lba=2105..2105 gap=4 ov=0
Oct 04 10:51:59 Pidrive python3[1245019]: [rx] {"t":"event","op":"msc.reads","ms":364345,"gap":4,"lba0":2113,"lba1":2121,"bytes":8192,"n":2,"kind":2,"ov":0}
Oct 04 10:51:59 Pidrive python3[1245019]: [msc.reads] n=2 bytes=8192 lba=2113..2121 gap=4 ov=0
Oct 04 10:51:59 Pidrive python3[1245019]: [rx] {"t":"event","op":"msc.reads","ms":364352,"gap":4,"lba0":2129,"lba1":2129,"bytes":4096,"n":1,"kind":2,"ov":0}
Oct 04 10:51:59 Pidrive python3[1245019]: [msc.reads] n=1 bytes=4096 lba=2129..2129 gap=4 ov=0
Oct 04 10:51:59 Pidrive python3[1245019]: [rx] {"t":"event","op":"msc.reads","ms":364356,"gap":4,"lba0":2137,"lba1":2137,"bytes":4096,"n":1,"kind":2,"ov":0}
Oct 04 10:51:59 Pidrive python3[1245019]: [msc.reads] n=1 bytes=4096 lba=2137..2137 gap=4 ov=0
Oct 04 10:51:59 Pidrive python3[1245019]: [rx] {"t":"event","op":"msc.reads","ms":364360,"gap":4,"lba0":2145,"lba1":2145,"bytes":4096,"n":1,"kind":2,"ov":0}
Oct 04 10:51:59 Pidrive python3[1245019]: [msc.reads] n=1 bytes=4096 lba=2145..2145 gap=4 ov=0
Oct 04 10:51:59 Pidrive python3[1245019]: [rx] {"t":"event","op":"msc.reads","ms":364363,"gap":3,"lba0":2153,"lba1":2201,"bytes":28672,"n":7,"kind":2,"ov":0}
Oct 04 10:51:59 Pidrive python3[1245019]: [msc.reads] n=7 bytes=28672 lba=2153..2201 gap=3 ov=0
Oct 04 10:51:59 Pidrive python3[1245019]: [rx] {"t":"event","op":"msc.reads","ms":364390,"gap":5,"lba0":2209,"lba1":2233,"bytes":16384,"n":4,"kind":2,"ov":0}
Oct 04 10:51:59 Pidrive python3[1245019]: [msc.reads] n=4 bytes=16384 lba=2209..2233 gap=5 ov=0
Oct 04 10:51:59 Pidrive python3[1245019]: [rx] {"t":"event","op":"msc.reads","ms":364405,"gap":4,"lba0":2241,"lba1":2241,"bytes":4096,"n":1,"kind":2,"ov":0}
Oct 04 10:51:59 Pidrive python3[1245019]: [msc.reads] n=1 bytes=4096 lba=2241..2241 gap=4 ov=0
Oct 04 10:51:59 Pidrive python3[1245019]: [rx] {"t":"event","op":"msc.reads","ms":364408,"gap":3,"lba0":2249,"lba1":2249,"bytes":4096,"n":1,"kind":2,"ov":0}
Oct 04 10:51:59 Pidrive python3[1245019]: [msc.reads] n=1 bytes=4096 lba=2249..2249 gap=3 ov=0
Oct 04 10:51:59 Pidrive python3[1245019]: [rx] {"t":"event","op":"msc.reads","ms":364412,"gap":4,"lba0":2257,"lba1":2257,"bytes":4096,"n":1,"kind":2,"ov":0}
Oct 04 10:51:59 Pidrive python3[1245019]: [msc.reads] n=1 bytes=4096 lba=2257..2257 gap=4 ov=0
Oct 04 10:51:59 Pidrive python3[1245019]: [rx] {"t":"event","op":"msc.reads","ms":364416,"gap":4,"lba0":2265,"lba1":2449,"bytes":98304,"n":24,"kind":2,"ov":0}
Oct 04 10:51:59 Pidrive python3[1245019]: [msc.reads] n=24 bytes=98304 lba=2265..2449 gap=4 ov=0
Oct 04 10:51:59 Pidrive python3[1245019]: [rx] {"t":"event","op":"msc.reads","ms":364507,"gap":4,"lba0":2457,"lba1":2457,"bytes":4096,"n":1,"kind":2,"ov":0}
Oct 04 10:51:59 Pidrive python3[1245019]: [msc.reads] n=1 bytes=4096 lba=2457..2457 gap=4 ov=0
Oct 04 10:51:59 Pidrive python3[1245019]: [rx] {"t":"event","op":"msc.reads","ms":364510,"gap":3,"lba0":2465,"lba1":2465,"bytes":4096,"n":1,"kind":2,"ov":0}
Oct 04 10:51:59 Pidrive python3[1245019]: [msc.reads] n=1 bytes=4096 lba=2465..2465 gap=3 ov=0
Oct 04 10:51:59 Pidrive python3[1245019]: [rx] {"t":"event","op":"msc.reads","ms":364514,"gap":4,"lba0":2473,"lba1":2473,"bytes":4096,"n":1,"kind":2,"ov":0}
Oct 04 10:51:59 Pidrive python3[1245019]: [msc.reads] n=1 bytes=4096 lba=2473..2473 gap=4 ov=0
Oct 04 10:51:59 Pidrive python3[1245019]: [rx] {"t":"event","op":"msc.reads","ms":364518,"gap":4,"lba0":2481,"lba1":2481,"bytes":4096,"n":1,"kind":2,"ov":0}
Oct 04 10:51:59 Pidrive python3[1245019]: [msc.reads] n=1 bytes=4096 lba=2481..2481 gap=4 ov=0
Oct 04 10:51:59 Pidrive python3[1245019]: [rx] {"t":"event","op":"msc.reads","ms":364522,"gap":4,"lba0":2489,"lba1":2569,"bytes":45056,"n":11,"kind":2,"ov":0}
Oct 04 10:51:59 Pidrive python3[1245019]: [msc.reads] n=11 bytes=45056 lba=2489..2569 gap=4 ov=0
Oct 04 10:51:59 Pidrive python3[1245019]: [rx] {"t":"event","op":"msc.reads","ms":364563,"gap":4,"lba0":2577,"lba1":2577,"bytes":4096,"n":1,"kind":2,"ov":0}
Oct 04 10:51:59 Pidrive python3[1245019]: [msc.reads] n=1 bytes=4096 lba=2577..2577 gap=4 ov=0
Oct 04 10:51:59 Pidrive python3[1245019]: [rx] {"t":"event","op":"msc.reads","ms":364567,"gap":4,"lba0":2585,"lba1":2585,"bytes":4096,"n":1,"kind":2,"ov":0}
Oct 04 10:51:59 Pidrive python3[1245019]: [msc.reads] n=1 bytes=4096 lba=2585..2585 gap=4 ov=0
Oct 04 10:51:59 Pidrive python3[1245019]: [rx] {"t":"event","op":"msc.reads","ms":364570,"gap":3,"lba0":2593,"lba1":2601,"bytes":8192,"n":2,"kind":2,"ov":0}
Oct 04 10:51:59 Pidrive python3[1245019]: [msc.reads] n=2 bytes=8192 lba=2593..2601 gap=3 ov=0
Oct 04 10:51:59 Pidrive python3[1245019]: [rx] {"t":"event","op":"msc.reads","ms":364578,"gap":4,"lba0":2609,"lba1":2673,"bytes":36864,"n":9,"kind":2,"ov":0}
Oct 04 10:51:59 Pidrive python3[1245019]: [msc.reads] n=9 bytes=36864 lba=2609..2673 gap=4 ov=0
Oct 04 10:51:59 Pidrive python3[1245019]: [rx] {"t":"event","op":"msc.reads","ms":364611,"gap":4,"lba0":2681,"lba1":2681,"bytes":4096,"n":1,"kind":2,"ov":0}
Oct 04 10:51:59 Pidrive python3[1245019]: [msc.reads] n=1 bytes=4096 lba=2681..2681 gap=4 ov=0
Oct 04 10:51:59 Pidrive python3[1245019]: [rx] {"t":"event","op":"msc.reads","ms":364615,"gap":4,"lba0":753,"lba1":753,"bytes":4096,"n":1,"kind":2,"ov":0}
Oct 04 10:51:59 Pidrive python3[1245019]: [msc.reads] n=1 bytes=4096 lba=753..753 gap=4 ov=0
Oct 04 10:51:59 Pidrive python3[1245019]: [rx] {"t":"event","op":"msc.reads","ms":364619,"gap":4,"lba0":761,"lba1":761,"bytes":4096,"n":1,"kind":2,"ov":0}
Oct 04 10:51:59 Pidrive python3[1245019]: [msc.reads] n=1 bytes=4096 lba=761..761 gap=4 ov=0
Oct 04 10:51:59 Pidrive python3[1245019]: [rx] {"t":"event","op":"msc.reads","ms":364623,"gap":4,"lba0":769,"lba1":769,"bytes":4096,"n":1,"kind":2,"ov":0}
Oct 04 10:51:59 Pidrive python3[1245019]: [msc.reads] n=1 bytes=4096 lba=769..769 gap=4 ov=0
Oct 04 10:51:59 Pidrive python3[1245019]: [rx] {"t":"event","op":"msc.reads","ms":364627,"gap":4,"lba0":777,"lba1":849,"bytes":40960,"n":10,"kind":2,"ov":0}
Oct 04 10:51:59 Pidrive python3[1245019]: [msc.reads] n=10 bytes=40960 lba=777..849 gap=4 ov=0
Oct 04 10:51:59 Pidrive python3[1245019]: [rx] {"t":"event","op":"msc.reads","ms":364664,"gap":4,"lba0":857,"lba1":857,"bytes":4096,"n":1,"kind":2,"ov":0}
Oct 04 10:51:59 Pidrive python3[1245019]: [msc.reads] n=1 bytes=4096 lba=857..857 gap=4 ov=0
Oct 04 10:51:59 Pidrive python3[1245019]: [rx] {"t":"event","op":"msc.reads","ms":364668,"gap":4,"lba0":865,"lba1":865,"bytes":4096,"n":1,"kind":2,"ov":0}
Oct 04 10:51:59 Pidrive python3[1245019]: [msc.reads] n=1 bytes=4096 lba=865..865 gap=4 ov=0
Oct 04 10:51:59 Pidrive python3[1245019]: [rx] {"t":"event","op":"msc.reads","ms":364672,"gap":4,"lba0":873,"lba1":873,"bytes":4096,"n":1,"kind":2,"ov":0}
Oct 04 10:51:59 Pidrive python3[1245019]: [msc.reads] n=1 bytes=4096 lba=873..873 gap=4 ov=0
Oct 04 10:51:59 Pidrive python3[1245019]: [rx] {"t":"event","op":"msc.reads","ms":364676,"gap":4,"lba0":881,"lba1":953,"bytes":40960,"n":10,"kind":2,"ov":0}
Oct 04 10:51:59 Pidrive python3[1245019]: [msc.reads] n=10 bytes=40960 lba=881..953 gap=4 ov=0
Oct 04 10:51:59 Pidrive python3[1245019]: [rx] {"t":"event","op":"msc.reads","ms":364713,"gap":4,"lba0":961,"lba1":961,"bytes":4096,"n":1,"kind":2,"ov":0}
Oct 04 10:51:59 Pidrive python3[1245019]: [msc.reads] n=1 bytes=4096 lba=961..961 gap=4 ov=0
Oct 04 10:51:59 Pidrive python3[1245019]: [rx] {"t":"event","op":"msc.reads","ms":364717,"gap":4,"lba0":969,"lba1":969,"bytes":4096,"n":1,"kind":2,"ov":0}
Oct 04 10:51:59 Pidrive python3[1245019]: [msc.reads] n=1 bytes=4096 lba=969..969 gap=4 ov=0
Oct 04 10:51:59 Pidrive python3[1245019]: [rx] {"t":"event","op":"msc.reads","ms":364721,"gap":4,"lba0":977,"lba1":977,"bytes":4096,"n":1,"kind":2,"ov":0}
Oct 04 10:51:59 Pidrive python3[1245019]: [msc.reads] n=1 bytes=4096 lba=977..977 gap=4 ov=0
Oct 04 10:51:59 Pidrive python3[1245019]: [rx] {"t":"event","op":"msc.reads","ms":364725,"gap":4,"lba0":985,"lba1":985,"bytes":4096,"n":1,"kind":2,"ov":0}
Oct 04 10:51:59 Pidrive python3[1245019]: [msc.reads] n=1 bytes=4096 lba=985..985 gap=4 ov=0
Oct 04 10:51:59 Pidrive python3[1245019]: [rx] {"t":"event","op":"msc.reads","ms":364729,"gap":4,"lba0":993,"lba1":993,"bytes":4096,"n":1,"kind":2,"ov":0}
Oct 04 10:51:59 Pidrive python3[1245019]: [msc.reads] n=1 bytes=4096 lba=993..993 gap=4 ov=0
Oct 04 10:51:59 Pidrive python3[1245019]: [rx] {"t":"event","op":"msc.reads","ms":364733,"gap":4,"lba0":1001,"lba1":1081,"bytes":45056,"n":11,"kind":2,"ov":0}
Oct 04 10:51:59 Pidrive python3[1245019]: [msc.reads] n=11 bytes=45056 lba=1001..1081 gap=4 ov=0
Oct 04 10:51:59 Pidrive python3[1245019]: [rx] {"t":"event","op":"msc.reads","ms":364773,"gap":4,"lba0":1089,"lba1":1089,"bytes":4096,"n":1,"kind":2,"ov":0}
Oct 04 10:51:59 Pidrive python3[1245019]: [msc.reads] n=1 bytes=4096 lba=1089..1089 gap=4 ov=0
Oct 04 10:51:59 Pidrive python3[1245019]: [rx] {"t":"event","op":"msc.reads","ms":364777,"gap":4,"lba0":1097,"lba1":1097,"bytes":4096,"n":1,"kind":2,"ov":0}
Oct 04 10:51:59 Pidrive python3[1245019]: [msc.reads] n=1 bytes=4096 lba=1097..1097 gap=4 ov=0
Oct 04 10:51:59 Pidrive python3[1245019]: [rx] {"t":"event","op":"msc.reads","ms":364781,"gap":4,"lba0":1105,"lba1":1105,"bytes":4096,"n":1,"kind":2,"ov":0}
Oct 04 10:51:59 Pidrive python3[1245019]: [msc.reads] n=1 bytes=4096 lba=1105..1105 gap=4 ov=0
Oct 04 10:51:59 Pidrive python3[1245019]: [tx] {"t":"ping"}
Oct 04 10:51:59 Pidrive python3[1245019]: [rx] {"t":"event","op":"msc.reads","ms":364784,"gap":3,"lba0":1113,"lba1":1113,"bytes":4096,"n":1,"kind":2,"ov":0}
Oct 04 10:51:59 Pidrive python3[1245019]: [msc.reads] n=1 bytes=4096 lba=1113..1113 gap=3 ov=0
Oct 04 10:51:59 Pidrive python3[1245019]: [rx] {"t":"event","op":"msc.reads","ms":364788,"gap":4,"lba0":1121,"lba1":1185,"bytes":36864,"n":9,"kind":2,"ov":0}
Oct 04 10:51:59 Pidrive python3[1245019]: [msc.reads] n=9 bytes=36864 lba=1121..1185 gap=4 ov=0
Oct 04 10:51:59 Pidrive python3[1245019]: [rx] {"t":"event","op":"msc.reads","ms":364821,"gap":3,"lba0":1193,"lba1":1193,"bytes":4096,"n":1,"kind":2,"ov":0}
Oct 04 10:51:59 Pidrive python3[1245019]: [msc.reads] n=1 bytes=4096 lba=1193..1193 gap=3 ov=0
Oct 04 10:51:59 Pidrive python3[1245019]: [rx] {"t":"event","op":"msc.reads","ms":364825,"gap":4,"lba0":1201,"lba1":1209,"bytes":8192,"n":2,"kind":2,"ov":0}
Oct 04 10:51:59 Pidrive python3[1245019]: [msc.reads] n=2 bytes=8192 lba=1201..1209 gap=4 ov=0
Oct 04 10:51:59 Pidrive python3[1245019]: [rx] {"t":"event","op":"msc.reads","ms":364833,"gap":4,"lba0":1217,"lba1":1217,"bytes":4096,"n":1,"kind":2,"ov":0}
Oct 04 10:51:59 Pidrive python3[1245019]: [msc.reads] n=1 bytes=4096 lba=1217..1217 gap=4 ov=0
Oct 04 10:51:59 Pidrive python3[1245019]: [rx] {"t":"event","op":"diag","code":"play.reject","detail":"not_from_head uid=fav0 from=753 +245760B age=148731ms prefetch"}
Oct 04 10:51:59 Pidrive python3[1245019]: [msc] play.reject not_from_head uid=fav0 from=753 +245760B age=148731ms prefetch
Oct 04 10:51:59 Pidrive python3[1245019]: [rx] {"t":"event","op":"msc.reads","ms":364837,"gap":4,"lba0":1225,"lba1":1225,"bytes":4096,"n":1,"kind":2,"ov":0}
Oct 04 10:51:59 Pidrive python3[1245019]: [msc.reads] n=1 bytes=4096 lba=1225..1225 gap=4 ov=0
Oct 04 10:51:59 Pidrive python3[1245019]: [rx] {"t":"event","op":"msc.reads","ms":364899,"gap":62,"lba0":1233,"lba1":1441,"bytes":110592,"n":27,"kind":2,"ov":0}
Oct 04 10:51:59 Pidrive python3[1245019]: [msc.reads] n=27 bytes=110592 lba=1233..1441 gap=62 ov=0
Oct 04 10:51:59 Pidrive python3[1245019]: [rx] {"t":"event","op":"msc.reads","ms":364998,"gap":4,"lba0":1449,"lba1":1465,"bytes":12288,"n":3,"kind":2,"ov":0}
Oct 04 10:51:59 Pidrive python3[1245019]: [msc.reads] n=3 bytes=12288 lba=1449..1465 gap=4 ov=0
Oct 04 10:51:59 Pidrive python3[1245019]: [rx] {"t":"pong"}
Oct 04 10:51:59 Pidrive python3[1245019]: [rx] {"t":"event","op":"msc.reads","ms":365010,"gap":4,"lba0":2689,"lba1":2697,"bytes":8192,"n":2,"kind":2,"ov":0}
Oct 04 10:51:59 Pidrive python3[1245019]: [msc.reads] n=2 bytes=8192 lba=2689..2697 gap=4 ov=0
Oct 04 10:51:59 Pidrive python3[1245019]: [rx] {"t":"event","op":"msc.reads","ms":365017,"gap":3,"lba0":2705,"lba1":2721,"bytes":12288,"n":3,"kind":2,"ov":0}
Oct 04 10:51:59 Pidrive python3[1245019]: [msc.reads] n=3 bytes=12288 lba=2705..2721 gap=3 ov=0
Oct 04 10:51:59 Pidrive python3[1245019]: [rx] {"t":"event","op":"msc.reads","ms":365029,"gap":4,"lba0":2729,"lba1":2729,"bytes":4096,"n":1,"kind":2,"ov":0}
Oct 04 10:51:59 Pidrive python3[1245019]: [msc.reads] n=1 bytes=4096 lba=2729..2729 gap=4 ov=0
Oct 04 10:51:59 Pidrive python3[1245019]: [rx] {"t":"event","op":"msc.reads","ms":365033,"gap":4,"lba0":2737,"lba1":2737,"bytes":4096,"n":1,"kind":2,"ov":0}
Oct 04 10:51:59 Pidrive python3[1245019]: [msc.reads] n=1 bytes=4096 lba=2737..2737 gap=4 ov=0
Oct 04 10:51:59 Pidrive python3[1245019]: [rx] {"t":"event","op":"msc.reads","ms":365037,"gap":4,"lba0":2745,"lba1":2745,"bytes":4096,"n":1,"kind":2,"ov":0}
Oct 04 10:51:59 Pidrive python3[1245019]: [msc.reads] n=1 bytes=4096 lba=2745..2745 gap=4 ov=0
Oct 04 10:51:59 Pidrive python3[1245019]: [rx] {"t":"event","op":"msc.reads","ms":365041,"gap":4,"lba0":2753,"lba1":2801,"bytes":28672,"n":7,"kind":2,"ov":0}
Oct 04 10:51:59 Pidrive python3[1245019]: [msc.reads] n=7 bytes=28672 lba=2753..2801 gap=4 ov=0
Oct 04 10:51:59 Pidrive python3[1245019]: [rx] {"t":"event","op":"msc.reads","ms":365067,"gap":4,"lba0":2809,"lba1":2817,"bytes":8192,"n":2,"kind":2,"ov":0}
Oct 04 10:51:59 Pidrive python3[1245019]: [msc.reads] n=2 bytes=8192 lba=2809..2817 gap=4 ov=0
Oct 04 10:51:59 Pidrive python3[1245019]: [rx] {"t":"event","op":"msc.reads","ms":365075,"gap":4,"lba0":2825,"lba1":2825,"bytes":4096,"n":1,"kind":2,"ov":0}
Oct 04 10:51:59 Pidrive python3[1245019]: [msc.reads] n=1 bytes=4096 lba=2825..2825 gap=4 ov=0
Oct 04 10:51:59 Pidrive python3[1245019]: [rx] {"t":"event","op":"msc.reads","ms":365079,"gap":4,"lba0":2833,"lba1":2833,"bytes":4096,"n":1,"kind":2,"ov":0}
Oct 04 10:51:59 Pidrive python3[1245019]: [msc.reads] n=1 bytes=4096 lba=2833..2833 gap=4 ov=0
Oct 04 10:51:59 Pidrive python3[1245019]: [rx] {"t":"event","op":"msc.reads","ms":365082,"gap":3,"lba0":2841,"lba1":2865,"bytes":16384,"n":4,"kind":2,"ov":0}
Oct 04 10:51:59 Pidrive python3[1245019]: [msc.reads] n=4 bytes=16384 lba=2841..2865 gap=3 ov=0
Oct 04 10:51:59 Pidrive python3[1245019]: [rx] {"t":"event","op":"msc.reads","ms":365097,"gap":4,"lba0":2873,"lba1":2889,"bytes":12288,"n":3,"kind":2,"ov":0}
Oct 04 10:51:59 Pidrive python3[1245019]: [msc.reads] n=3 bytes=12288 lba=2873..2889 gap=4 ov=0
Oct 04 10:51:59 Pidrive python3[1245019]: [rx] {"t":"event","op":"msc.reads","ms":365109,"gap":4,"lba0":2897,"lba1":2897,"bytes":4096,"n":1,"kind":2,"ov":0}
Oct 04 10:51:59 Pidrive python3[1245019]: [msc.reads] n=1 bytes=4096 lba=2897..2897 gap=4 ov=0
Oct 04 10:51:59 Pidrive python3[1245019]: [rx] {"t":"event","op":"msc.reads","ms":365113,"gap":4,"lba0":2905,"lba1":2905,"bytes":4096,"n":1,"kind":2,"ov":0}
Oct 04 10:51:59 Pidrive python3[1245019]: [msc.reads] n=1 bytes=4096 lba=2905..2905 gap=4 ov=0
Oct 04 10:51:59 Pidrive python3[1245019]: [rx] {"t":"event","op":"msc.reads","ms":365116,"gap":3,"lba0":2913,"lba1":2913,"bytes":4096,"n":1,"kind":2,"ov":0}
Oct 04 10:51:59 Pidrive python3[1245019]: [msc.reads] n=1 bytes=4096 lba=2913..2913 gap=3 ov=0
Oct 04 10:51:59 Pidrive python3[1245019]: [rx] {"t":"event","op":"msc.reads","ms":365120,"gap":4,"lba0":2921,"lba1":2921,"bytes":4096,"n":1,"kind":2,"ov":0}
Oct 04 10:51:59 Pidrive python3[1245019]: [msc.reads] n=1 bytes=4096 lba=2921..2921 gap=4 ov=0
Oct 04 10:51:59 Pidrive python3[1245019]: [rx] {"t":"event","op":"msc.reads","ms":365125,"gap":5,"lba0":2929,"lba1":2929,"bytes":4096,"n":1,"kind":2,"ov":0}
Oct 04 10:51:59 Pidrive python3[1245019]: [msc.reads] n=1 bytes=4096 lba=2929..2929 gap=5 ov=0
Oct 04 10:51:59 Pidrive python3[1245019]: [rx] {"t":"event","op":"msc.reads","ms":365128,"gap":3,"lba0":2937,"lba1":2937,"bytes":4096,"n":1,"kind":2,"ov":0}
Oct 04 10:51:59 Pidrive python3[1245019]: [msc.reads] n=1 bytes=4096 lba=2937..2937 gap=3 ov=0
Oct 04 10:51:59 Pidrive python3[1245019]: [rx] {"t":"event","op":"msc.reads","ms":365132,"gap":4,"lba0":2945,"lba1":3009,"bytes":36864,"n":9,"kind":2,"ov":0}
Oct 04 10:51:59 Pidrive python3[1245019]: [msc.reads] n=9 bytes=36864 lba=2945..3009 gap=4 ov=0
Oct 04 10:51:59 Pidrive python3[1245019]: [rx] {"t":"event","op":"msc.reads","ms":365165,"gap":4,"lba0":3017,"lba1":3033,"bytes":12288,"n":3,"kind":2,"ov":0}
Oct 04 10:51:59 Pidrive python3[1245019]: [msc.reads] n=3 bytes=12288 lba=3017..3033 gap=4 ov=0
Oct 04 10:51:59 Pidrive python3[1245019]: [rx] {"t":"event","op":"msc.reads","ms":365176,"gap":3,"lba0":3041,"lba1":3041,"bytes":4096,"n":1,"kind":2,"ov":0}
Oct 04 10:51:59 Pidrive python3[1245019]: [msc.reads] n=1 bytes=4096 lba=3041..3041 gap=3 ov=0
Oct 04 10:51:59 Pidrive python3[1245019]: [rx] {"t":"event","op":"msc.reads","ms":365180,"gap":4,"lba0":3049,"lba1":3049,"bytes":4096,"n":1,"kind":2,"ov":0}
Oct 04 10:51:59 Pidrive python3[1245019]: [msc.reads] n=1 bytes=4096 lba=3049..3049 gap=4 ov=0
Oct 04 10:51:59 Pidrive python3[1245019]: [rx] {"t":"event","op":"msc.reads","ms":365184,"gap":4,"lba0":3057,"lba1":3057,"bytes":4096,"n":1,"kind":2,"ov":0}
Oct 04 10:51:59 Pidrive python3[1245019]: [msc.reads] n=1 bytes=4096 lba=3057..3057 gap=4 ov=0
Oct 04 10:52:00 Pidrive python3[1245019]: [rx] {"t":"event","op":"msc.reads","ms":365188,"gap":4,"lba0":3065,"lba1":3241,"bytes":94208,"n":23,"kind":2,"ov":0}
Oct 04 10:52:00 Pidrive python3[1245019]: [msc.reads] n=23 bytes=94208 lba=3065..3241 gap=4 ov=0
Oct 04 10:52:00 Pidrive python3[1245019]: [rx] {"t":"event","op":"msc.reads","ms":365274,"gap":4,"lba0":3249,"lba1":3249,"bytes":4096,"n":1,"kind":2,"ov":0}
Oct 04 10:52:00 Pidrive python3[1245019]: [msc.reads] n=1 bytes=4096 lba=3249..3249 gap=4 ov=0
Oct 04 10:52:00 Pidrive python3[1245019]: [rx] {"t":"event","op":"msc.reads","ms":365278,"gap":4,"lba0":3257,"lba1":3257,"bytes":4096,"n":1,"kind":2,"ov":0}
Oct 04 10:52:00 Pidrive python3[1245019]: [msc.reads] n=1 bytes=4096 lba=3257..3257 gap=4 ov=0
Oct 04 10:52:00 Pidrive python3[1245019]: [rx] {"t":"event","op":"msc.reads","ms":365282,"gap":4,"lba0":3265,"lba1":3265,"bytes":4096,"n":1,"kind":2,"ov":0}
Oct 04 10:52:00 Pidrive python3[1245019]: [msc.reads] n=1 bytes=4096 lba=3265..3265 gap=4 ov=0
Oct 04 10:52:00 Pidrive python3[1245019]: [rx] {"t":"event","op":"msc.reads","ms":365286,"gap":4,"lba0":3273,"lba1":3273,"bytes":4096,"n":1,"kind":2,"ov":0}
Oct 04 10:52:00 Pidrive python3[1245019]: [msc.reads] n=1 bytes=4096 lba=3273..3273 gap=4 ov=0
Oct 04 10:52:00 Pidrive python3[1245019]: [rx] {"t":"event","op":"msc.reads","ms":365290,"gap":4,"lba0":3281,"lba1":3345,"bytes":36864,"n":9,"kind":2,"ov":0}
Oct 04 10:52:00 Pidrive python3[1245019]: [msc.reads] n=9 bytes=36864 lba=3281..3345 gap=4 ov=0
Oct 04 10:52:00 Pidrive python3[1245019]: [rx] {"t":"event","op":"msc.reads","ms":365324,"gap":4,"lba0":3353,"lba1":3353,"bytes":4096,"n":1,"kind":2,"ov":0}
Oct 04 10:52:00 Pidrive python3[1245019]: [msc.reads] n=1 bytes=4096 lba=3353..3353 gap=4 ov=0
Oct 04 10:52:00 Pidrive python3[1245019]: [rx] {"t":"event","op":"msc.reads","ms":365327,"gap":3,"lba0":3361,"lba1":3361,"bytes":4096,"n":1,"kind":2,"ov":0}
Oct 04 10:52:00 Pidrive python3[1245019]: [msc.reads] n=1 bytes=4096 lba=3361..3361 gap=3 ov=0
Oct 04 10:52:00 Pidrive python3[1245019]: [rx] {"t":"event","op":"msc.reads","ms":365331,"gap":4,"lba0":3369,"lba1":3377,"bytes":8192,"n":2,"kind":2,"ov":0}
Oct 04 10:52:00 Pidrive python3[1245019]: [msc.reads] n=2 bytes=8192 lba=3369..3377 gap=4 ov=0
Oct 04 10:52:00 Pidrive python3[1245019]: [rx] {"t":"event","op":"msc.reads","ms":365339,"gap":4,"lba0":3385,"lba1":3385,"bytes":4096,"n":1,"kind":2,"ov":0}
Oct 04 10:52:00 Pidrive python3[1245019]: [msc.reads] n=1 bytes=4096 lba=3385..3385 gap=4 ov=0
Oct 04 10:52:00 Pidrive python3[1245019]: [rx] {"t":"event","op":"msc.reads","ms":365343,"gap":4,"lba0":3393,"lba1":3553,"bytes":86016,"n":21,"kind":2,"ov":0}
Oct 04 10:52:00 Pidrive python3[1245019]: [msc.reads] n=21 bytes=86016 lba=3393..3553 gap=4 ov=0
Oct 04 10:52:00 Pidrive python3[1245019]: [rx] {"t":"event","op":"msc.reads","ms":365422,"gap":4,"lba0":3561,"lba1":3569,"bytes":8192,"n":2,"kind":2,"ov":0}
Oct 04 10:52:00 Pidrive python3[1245019]: [msc.reads] n=2 bytes=8192 lba=3561..3569 gap=4 ov=0
Oct 04 10:52:00 Pidrive python3[1245019]: [rx] {"t":"event","op":"msc.reads","ms":365430,"gap":4,"lba0":3577,"lba1":3577,"bytes":4096,"n":1,"kind":2,"ov":0}
Oct 04 10:52:00 Pidrive python3[1245019]: [msc.reads] n=1 bytes=4096 lba=3577..3577 gap=4 ov=0
Oct 04 10:52:00 Pidrive python3[1245019]: [rx] {"t":"event","op":"msc.reads","ms":365434,"gap":4,"lba0":3585,"lba1":3585,"bytes":4096,"n":1,"kind":2,"ov":0}
Oct 04 10:52:00 Pidrive python3[1245019]: [msc.reads] n=1 bytes=4096 lba=3585..3585 gap=4 ov=0
Oct 04 10:52:00 Pidrive python3[1245019]: [rx] {"t":"event","op":"msc.reads","ms":365438,"gap":4,"lba0":3593,"lba1":3593,"bytes":4096,"n":1,"kind":2,"ov":0}
Oct 04 10:52:00 Pidrive python3[1245019]: [msc.reads] n=1 bytes=4096 lba=3593..3593 gap=4 ov=0
Oct 04 10:52:00 Pidrive python3[1245019]: [rx] {"t":"event","op":"msc.reads","ms":365441,"gap":3,"lba0":3601,"lba1":3673,"bytes":40960,"n":10,"kind":2,"ov":0}
Oct 04 10:52:00 Pidrive python3[1245019]: [msc.reads] n=10 bytes=40960 lba=3601..3673 gap=3 ov=0
Oct 04 10:52:00 Pidrive python3[1245019]: [rx] {"t":"event","op":"msc.reads","ms":365478,"gap":3,"lba0":3681,"lba1":3681,"bytes":4096,"n":1,"kind":2,"ov":0}
Oct 04 10:52:00 Pidrive python3[1245019]: [msc.reads] n=1 bytes=4096 lba=3681..3681 gap=3 ov=0
Oct 04 10:52:00 Pidrive python3[1245019]: [rx] {"t":"event","op":"msc.reads","ms":365482,"gap":4,"lba0":3689,"lba1":3697,"bytes":8192,"n":2,"kind":2,"ov":0}
Oct 04 10:52:00 Pidrive python3[1245019]: [msc.reads] n=2 bytes=8192 lba=3689..3697 gap=4 ov=0
Oct 04 10:52:00 Pidrive python3[1245019]: [rx] {"t":"event","op":"msc.reads","ms":365490,"gap":4,"lba0":3705,"lba1":3705,"bytes":4096,"n":1,"kind":2,"ov":0}
Oct 04 10:52:00 Pidrive python3[1245019]: [msc.reads] n=1 bytes=4096 lba=3705..3705 gap=4 ov=0
Oct 04 10:52:00 Pidrive python3[1245019]: [rx] {"t":"event","op":"msc.reads","ms":365494,"gap":4,"lba0":3713,"lba1":3745,"bytes":20480,"n":5,"kind":2,"ov":0}
Oct 04 10:52:00 Pidrive python3[1245019]: [msc.reads] n=5 bytes=20480 lba=3713..3745 gap=4 ov=0
Oct 04 10:52:00 Pidrive python3[1245019]: [rx] {"t":"event","op":"msc.reads","ms":365512,"gap":3,"lba0":3753,"lba1":3769,"bytes":12288,"n":3,"kind":2,"ov":0}
Oct 04 10:52:00 Pidrive python3[1245019]: [msc.reads] n=3 bytes=12288 lba=3753..3769 gap=3 ov=0
Oct 04 10:52:00 Pidrive python3[1245019]: [rx] {"t":"event","op":"msc.reads","ms":365524,"gap":4,"lba0":3777,"lba1":3777,"bytes":4096,"n":1,"kind":2,"ov":0}
Oct 04 10:52:00 Pidrive python3[1245019]: [msc.reads] n=1 bytes=4096 lba=3777..3777 gap=4 ov=0
Oct 04 10:52:00 Pidrive python3[1245019]: [rx] {"t":"event","op":"msc.reads","ms":365527,"gap":3,"lba0":3785,"lba1":3785,"bytes":4096,"n":1,"kind":2,"ov":0}
Oct 04 10:52:00 Pidrive python3[1245019]: [msc.reads] n=1 bytes=4096 lba=3785..3785 gap=3 ov=0
Oct 04 10:52:00 Pidrive python3[1245019]: [rx] {"t":"event","op":"msc.reads","ms":365531,"gap":4,"lba0":3793,"lba1":3793,"bytes":4096,"n":1,"kind":2,"ov":0}
Oct 04 10:52:00 Pidrive python3[1245019]: [msc.reads] n=1 bytes=4096 lba=3793..3793 gap=4 ov=0
Oct 04 10:52:00 Pidrive python3[1245019]: [rx] {"t":"event","op":"msc.reads","ms":365535,"gap":4,"lba0":3801,"lba1":3801,"bytes":4096,"n":1,"kind":2,"ov":0}
Oct 04 10:52:00 Pidrive python3[1245019]: [msc.reads] n=1 bytes=4096 lba=3801..3801 gap=4 ov=0
Oct 04 10:52:00 Pidrive python3[1245019]: [rx] {"t":"event","op":"msc.reads","ms":365539,"gap":4,"lba0":3809,"lba1":3809,"bytes":4096,"n":1,"kind":2,"ov":0}
Oct 04 10:52:00 Pidrive python3[1245019]: [msc.reads] n=1 bytes=4096 lba=3809..3809 gap=4 ov=0
Oct 04 10:52:00 Pidrive python3[1245019]: [rx] {"t":"event","op":"msc.reads","ms":365543,"gap":4,"lba0":3817,"lba1":3865,"bytes":28672,"n":7,"kind":2,"ov":0}
Oct 04 10:52:00 Pidrive python3[1245019]: [msc.reads] n=7 bytes=28672 lba=3817..3865 gap=4 ov=0
Oct 04 10:52:00 Pidrive python3[1245019]: [rx] {"t":"event","op":"msc.reads","ms":365569,"gap":3,"lba0":3873,"lba1":3889,"bytes":12288,"n":3,"kind":2,"ov":0}
Oct 04 10:52:00 Pidrive python3[1245019]: [msc.reads] n=3 bytes=12288 lba=3873..3889 gap=3 ov=0
Oct 04 10:52:00 Pidrive python3[1245019]: [rx] {"t":"event","op":"msc.reads","ms":365581,"gap":4,"lba0":3897,"lba1":3897,"bytes":4096,"n":1,"kind":2,"ov":0}
Oct 04 10:52:00 Pidrive python3[1245019]: [msc.reads] n=1 bytes=4096 lba=3897..3897 gap=4 ov=0
Oct 04 10:52:00 Pidrive python3[1245019]: [rx] {"t":"event","op":"msc.reads","ms":365585,"gap":4,"lba0":3905,"lba1":3905,"bytes":4096,"n":1,"kind":2,"ov":0}
Oct 04 10:52:00 Pidrive python3[1245019]: [msc.reads] n=1 bytes=4096 lba=3905..3905 gap=4 ov=0
Oct 04 10:52:00 Pidrive python3[1245019]: [rx] {"t":"event","op":"msc.reads","ms":365589,"gap":4,"lba0":3913,"lba1":3913,"bytes":4096,"n":1,"kind":2,"ov":0}
Oct 04 10:52:00 Pidrive python3[1245019]: [msc.reads] n=1 bytes=4096 lba=3913..3913 gap=4 ov=0
Oct 04 10:52:00 Pidrive python3[1245019]: [rx] {"t":"event","op":"msc.reads","ms":365593,"gap":4,"lba0":3921,"lba1":3969,"bytes":28672,"n":7,"kind":2,"ov":0}
Oct 04 10:52:00 Pidrive python3[1245019]: [msc.reads] n=7 bytes=28672 lba=3921..3969 gap=4 ov=0
Oct 04 10:52:00 Pidrive python3[1245019]: [rx] {"t":"event","op":"msc.reads","ms":365619,"gap":4,"lba0":3977,"lba1":3993,"bytes":12288,"n":3,"kind":2,"ov":0}
Oct 04 10:52:00 Pidrive python3[1245019]: [msc.reads] n=3 bytes=12288 lba=3977..3993 gap=4 ov=0
Oct 04 10:52:00 Pidrive python3[1245019]: [rx] {"t":"event","op":"msc.reads","ms":365630,"gap":4,"lba0":4001,"lba1":4001,"bytes":4096,"n":1,"kind":2,"ov":0}
Oct 04 10:52:00 Pidrive python3[1245019]: [msc.reads] n=1 bytes=4096 lba=4001..4001 gap=4 ov=0
Oct 04 10:52:00 Pidrive python3[1245019]: [rx] {"t":"event","op":"msc.reads","ms":365634,"gap":4,"lba0":4009,"lba1":4009,"bytes":4096,"n":1,"kind":2,"ov":0}
Oct 04 10:52:00 Pidrive python3[1245019]: [msc.reads] n=1 bytes=4096 lba=4009..4009 gap=4 ov=0
Oct 04 10:52:00 Pidrive python3[1245019]: [rx] {"t":"event","op":"diag","code":"play.reject","detail":"not_from_head uid=fav0 from=2689 +684032B age=149532ms prefetch"}
Oct 04 10:52:00 Pidrive python3[1245019]: [msc] play.reject not_from_head uid=fav0 from=2689 +684032B age=149532ms prefetch
Oct 04 10:52:00 Pidrive python3[1245019]: [rx] {"t":"event","op":"msc.reads","ms":365638,"gap":4,"lba0":4017,"lba1":4017,"bytes":4096,"n":1,"kind":2,"ov":0}
Oct 04 10:52:00 Pidrive python3[1245019]: [msc.reads] n=1 bytes=4096 lba=4017..4017 gap=4 ov=0
Oct 04 10:52:00 Pidrive python3[1245019]: [rx] {"t":"event","op":"msc.reads","ms":365655,"gap":17,"lba0":4025,"lba1":4073,"bytes":28672,"n":7,"kind":2,"ov":0}
Oct 04 10:52:00 Pidrive python3[1245019]: [msc.reads] n=7 bytes=28672 lba=4025..4073 gap=17 ov=0
Oct 04 10:52:00 Pidrive python3[1245019]: [rx] {"t":"event","op":"msc.reads","ms":365681,"gap":4,"lba0":4081,"lba1":4089,"bytes":8192,"n":2,"kind":2,"ov":0}
Oct 04 10:52:00 Pidrive python3[1245019]: [msc.reads] n=2 bytes=8192 lba=4081..4089 gap=4 ov=0
Oct 04 10:52:00 Pidrive python3[1245019]: [rx] {"t":"event","op":"msc.reads","ms":365689,"gap":4,"lba0":4097,"lba1":4097,"bytes":4096,"n":1,"kind":2,"ov":0}
Oct 04 10:52:00 Pidrive python3[1245019]: [msc.reads] n=1 bytes=4096 lba=4097..4097 gap=4 ov=0
Oct 04 10:52:00 Pidrive python3[1245019]: [rx] {"t":"event","op":"msc.reads","ms":365693,"gap":4,"lba0":4105,"lba1":4105,"bytes":4096,"n":1,"kind":2,"ov":0}
Oct 04 10:52:00 Pidrive python3[1245019]: [msc.reads] n=1 bytes=4096 lba=4105..4105 gap=4 ov=0
Oct 04 10:52:00 Pidrive python3[1245019]: [rx] {"t":"event","op":"msc.reads","ms":365696,"gap":3,"lba0":4113,"lba1":4113,"bytes":4096,"n":1,"kind":2,"ov":0}
Oct 04 10:52:00 Pidrive python3[1245019]: [msc.reads] n=1 bytes=4096 lba=4113..4113 gap=3 ov=0
Oct 04 10:52:00 Pidrive python3[1245019]: [rx] {"t":"event","op":"msc.reads","ms":365700,"gap":4,"lba0":4121,"lba1":4185,"bytes":36864,"n":9,"kind":2,"ov":0}
Oct 04 10:52:00 Pidrive python3[1245019]: [msc.reads] n=9 bytes=36864 lba=4121..4185 gap=4 ov=0
Oct 04 10:52:00 Pidrive python3[1245019]: [rx] {"t":"event","op":"msc.reads","ms":365734,"gap":4,"lba0":4193,"lba1":4193,"bytes":4096,"n":1,"kind":2,"ov":0}
Oct 04 10:52:00 Pidrive python3[1245019]: [msc.reads] n=1 bytes=4096 lba=4193..4193 gap=4 ov=0
Oct 04 10:52:00 Pidrive python3[1245019]: [rx] {"t":"event","op":"msc.reads","ms":365738,"gap":4,"lba0":4201,"lba1":4201,"bytes":4096,"n":1,"kind":2,"ov":0}
Oct 04 10:52:00 Pidrive python3[1245019]: [msc.reads] n=1 bytes=4096 lba=4201..4201 gap=4 ov=0
Oct 04 10:52:00 Pidrive python3[1245019]: [rx] {"t":"event","op":"msc.reads","ms":365742,"gap":4,"lba0":4209,"lba1":4209,"bytes":4096,"n":1,"kind":2,"ov":0}
Oct 04 10:52:00 Pidrive python3[1245019]: [msc.reads] n=1 bytes=4096 lba=4209..4209 gap=4 ov=0
Oct 04 10:52:00 Pidrive python3[1245019]: [rx] {"t":"event","op":"msc.reads","ms":365746,"gap":4,"lba0":4217,"lba1":4281,"bytes":36864,"n":9,"kind":2,"ov":0}
Oct 04 10:52:00 Pidrive python3[1245019]: [msc.reads] n=9 bytes=36864 lba=4217..4281 gap=4 ov=0
Oct 04 10:52:00 Pidrive python3[1245019]: [rx] {"t":"event","op":"msc.reads","ms":365779,"gap":3,"lba0":4289,"lba1":4297,"bytes":8192,"n":2,"kind":2,"ov":0}
Oct 04 10:52:00 Pidrive python3[1245019]: [msc.reads] n=2 bytes=8192 lba=4289..4297 gap=3 ov=0
Oct 04 10:52:00 Pidrive python3[1245019]: [rx] {"t":"event","op":"msc.reads","ms":365787,"gap":4,"lba0":4305,"lba1":4305,"bytes":4096,"n":1,"kind":2,"ov":0}
Oct 04 10:52:00 Pidrive python3[1245019]: [msc.reads] n=1 bytes=4096 lba=4305..4305 gap=4 ov=0
Oct 04 10:52:00 Pidrive python3[1245019]: [rx] {"t":"event","op":"msc.reads","ms":365791,"gap":4,"lba0":4313,"lba1":4313,"bytes":4096,"n":1,"kind":2,"ov":0}
Oct 04 10:52:00 Pidrive python3[1245019]: [msc.reads] n=1 bytes=4096 lba=4313..4313 gap=4 ov=0
Oct 04 10:52:00 Pidrive python3[1245019]: [rx] {"t":"event","op":"msc.reads","ms":365795,"gap":4,"lba0":4321,"lba1":4321,"bytes":4096,"n":1,"kind":2,"ov":0}
Oct 04 10:52:00 Pidrive python3[1245019]: [msc.reads] n=1 bytes=4096 lba=4321..4321 gap=4 ov=0
Oct 04 10:52:00 Pidrive python3[1245019]: [rx] {"t":"event","op":"msc.reads","ms":365799,"gap":4,"lba0":4329,"lba1":4393,"bytes":36864,"n":9,"kind":2,"ov":0}
Oct 04 10:52:00 Pidrive python3[1245019]: [msc.reads] n=9 bytes=36864 lba=4329..4393 gap=4 ov=0
Oct 04 10:52:00 Pidrive python3[1245019]: [rx] {"t":"event","op":"msc.reads","ms":365832,"gap":3,"lba0":4401,"lba1":4401,"bytes":4096,"n":1,"kind":2,"ov":0}
Oct 04 10:52:00 Pidrive python3[1245019]: [msc.reads] n=1 bytes=4096 lba=4401..4401 gap=3 ov=0
Oct 04 10:52:00 Pidrive python3[1245019]: [rx] {"t":"event","op":"msc.reads","ms":365836,"gap":4,"lba0":4409,"lba1":4409,"bytes":4096,"n":1,"kind":2,"ov":0}
Oct 04 10:52:00 Pidrive python3[1245019]: [msc.reads] n=1 bytes=4096 lba=4409..4409 gap=4 ov=0
Oct 04 10:52:00 Pidrive python3[1245019]: [rx] {"t":"event","op":"msc.reads","ms":365840,"gap":4,"lba0":4417,"lba1":4425,"bytes":8192,"n":2,"kind":2,"ov":0}
Oct 04 10:52:00 Pidrive python3[1245019]: [msc.reads] n=2 bytes=8192 lba=4417..4425 gap=4 ov=0
Oct 04 10:52:00 Pidrive python3[1245019]: [rx] {"t":"event","op":"msc.reads","ms":365848,"gap":4,"lba0":4433,"lba1":4433,"bytes":4096,"n":1,"kind":2,"ov":0}
Oct 04 10:52:00 Pidrive python3[1245019]: [msc.reads] n=1 bytes=4096 lba=4433..4433 gap=4 ov=0
Oct 04 10:52:00 Pidrive python3[1245019]: [rx] {"t":"event","op":"msc.reads","ms":365852,"gap":4,"lba0":4441,"lba1":4497,"bytes":32768,"n":8,"kind":2,"ov":0}
Oct 04 10:52:00 Pidrive python3[1245019]: [msc.reads] n=8 bytes=32768 lba=4441..4497 gap=4 ov=0
Oct 04 10:52:00 Pidrive python3[1245019]: [rx] {"t":"event","op":"msc.reads","ms":365881,"gap":4,"lba0":4505,"lba1":4521,"bytes":12288,"n":3,"kind":2,"ov":0}
Oct 04 10:52:00 Pidrive python3[1245019]: [msc.reads] n=3 bytes=12288 lba=4505..4521 gap=4 ov=0
Oct 04 10:52:00 Pidrive python3[1245019]: [rx] {"t":"event","op":"msc.reads","ms":365892,"gap":4,"lba0":4529,"lba1":4529,"bytes":4096,"n":1,"kind":2,"ov":0}
Oct 04 10:52:00 Pidrive python3[1245019]: [msc.reads] n=1 bytes=4096 lba=4529..4529 gap=4 ov=0
Oct 04 10:52:00 Pidrive python3[1245019]: [rx] {"t":"event","op":"msc.reads","ms":365896,"gap":4,"lba0":4537,"lba1":4537,"bytes":4096,"n":1,"kind":2,"ov":0}
Oct 04 10:52:00 Pidrive python3[1245019]: [msc.reads] n=1 bytes=4096 lba=4537..4537 gap=4 ov=0
Oct 04 10:52:00 Pidrive python3[1245019]: [rx] {"t":"event","op":"msc.reads","ms":365900,"gap":4,"lba0":4545,"lba1":4545,"bytes":4096,"n":1,"kind":2,"ov":0}
Oct 04 10:52:00 Pidrive python3[1245019]: [msc.reads] n=1 bytes=4096 lba=4545..4545 gap=4 ov=0
Oct 04 10:52:00 Pidrive python3[1245019]: [rx] {"t":"event","op":"msc.reads","ms":365904,"gap":4,"lba0":4553,"lba1":4553,"bytes":4096,"n":1,"kind":2,"ov":0}
Oct 04 10:52:00 Pidrive python3[1245019]: [msc.reads] n=1 bytes=4096 lba=4553..4553 gap=4 ov=0
Oct 04 10:52:00 Pidrive python3[1245019]: [rx] {"t":"event","op":"msc.reads","ms":365907,"gap":3,"lba0":4561,"lba1":4617,"bytes":32768,"n":8,"kind":2,"ov":0}
Oct 04 10:52:00 Pidrive python3[1245019]: [msc.reads] n=8 bytes=32768 lba=4561..4617 gap=3 ov=0
Oct 04 10:52:01 Pidrive python3[1245019]: [tx] {"t":"ping"}
Oct 04 10:52:01 Pidrive python3[1245019]: [rx] {"t":"pong"}
Oct 04 10:52:02 Pidrive python3[1245019]: [rx] {"t":"event","op":"diag","code":"msc.quiet","detail":"file=3418624B age=2000ms"}
Oct 04 10:52:02 Pidrive python3[1245019]: [msc] msc.quiet file=3418624B age=2000ms
Oct 04 10:52:03 Pidrive python3[1245019]: [tx] {"t":"ping"}
Oct 04 10:52:03 Pidrive python3[1245019]: [rx] {"t":"pong"}
Oct 04 10:52:05 Pidrive python3[1245019]: [tx] {"t":"ping"}
Oct 04 10:52:05 Pidrive python3[1245019]: [rx] {"t":"event","op":"msc.reads","ms":371055,"gap":5122,"lba0":4625,"lba1":4625,"bytes":4096,"n":1,"kind":2,"ov":0}
Oct 04 10:52:05 Pidrive python3[1245019]: [msc.reads] n=1 bytes=4096 lba=4625..4625 gap=5122 ov=0
Oct 04 10:52:05 Pidrive python3[1245019]: [rx] {"t":"event","op":"diag","code":"play.reject","detail":"not_from_head uid=fav0 from=2689 +995328B age=154949ms prefetch"}
Oct 04 10:52:05 Pidrive python3[1245019]: [msc] play.reject not_from_head uid=fav0 from=2689 +995328B age=154949ms prefetch
Oct 04 10:52:05 Pidrive python3[1245019]: [rx] {"t":"event","op":"msc.reads","ms":371072,"gap":17,"lba0":4633,"lba1":4745,"bytes":61440,"n":15,"kind":2,"ov":0}
Oct 04 10:52:05 Pidrive python3[1245019]: [msc.reads] n=15 bytes=61440 lba=4633..4745 gap=17 ov=0
Oct 04 10:52:05 Pidrive python3[1245019]: [rx] {"t":"event","op":"msc.reads","ms":371127,"gap":4,"lba0":4753,"lba1":4753,"bytes":4096,"n":1,"kind":2,"ov":0}
Oct 04 10:52:05 Pidrive python3[1245019]: [msc.reads] n=1 bytes=4096 lba=4753..4753 gap=4 ov=0
Oct 04 10:52:05 Pidrive python3[1245019]: [rx] {"t":"event","op":"msc.reads","ms":371131,"gap":4,"lba0":4761,"lba1":4761,"bytes":4096,"n":1,"kind":2,"ov":0}
Oct 04 10:52:05 Pidrive python3[1245019]: [msc.reads] n=1 bytes=4096 lba=4761..4761 gap=4 ov=0
Oct 04 10:52:05 Pidrive python3[1245019]: [rx] {"t":"event","op":"msc.reads","ms":371135,"gap":4,"lba0":4769,"lba1":4769,"bytes":4096,"n":1,"kind":2,"ov":0}
Oct 04 10:52:05 Pidrive python3[1245019]: [msc.reads] n=1 bytes=4096 lba=4769..4769 gap=4 ov=0
Oct 04 10:52:05 Pidrive python3[1245019]: [rx] {"t":"event","op":"msc.reads","ms":371139,"gap":4,"lba0":4777,"lba1":4777,"bytes":4096,"n":1,"kind":2,"ov":0}
Oct 04 10:52:05 Pidrive python3[1245019]: [msc.reads] n=1 bytes=4096 lba=4777..4777 gap=4 ov=0
Oct 04 10:52:05 Pidrive python3[1245019]: [rx] {"t":"pong"}
Oct 04 10:52:05 Pidrive python3[1245019]: [rx] {"t":"event","op":"msc.reads","ms":371143,"gap":4,"lba0":4785,"lba1":4881,"bytes":53248,"n":13,"kind":2,"ov":0}
Oct 04 10:52:05 Pidrive python3[1245019]: [msc.reads] n=13 bytes=53248 lba=4785..4881 gap=4 ov=0
Oct 04 10:52:05 Pidrive python3[1245019]: [rx] {"t":"event","op":"msc.reads","ms":371194,"gap":4,"lba0":4889,"lba1":4889,"bytes":4096,"n":1,"kind":2,"ov":0}
Oct 04 10:52:05 Pidrive python3[1245019]: [msc.reads] n=1 bytes=4096 lba=4889..4889 gap=4 ov=0
Oct 04 10:52:05 Pidrive python3[1245019]: [rx] {"t":"event","op":"msc.reads","ms":371198,"gap":4,"lba0":4897,"lba1":4897,"bytes":4096,"n":1,"kind":2,"ov":0}
Oct 04 10:52:05 Pidrive python3[1245019]: [msc.reads] n=1 bytes=4096 lba=4897..4897 gap=4 ov=0
Oct 04 10:52:05 Pidrive python3[1245019]: [rx] {"t":"event","op":"msc.reads","ms":371202,"gap":4,"lba0":4905,"lba1":4905,"bytes":4096,"n":1,"kind":2,"ov":0}
Oct 04 10:52:05 Pidrive python3[1245019]: [msc.reads] n=1 bytes=4096 lba=4905..4905 gap=4 ov=0
Oct 04 10:52:05 Pidrive python3[1245019]: [rx] {"t":"event","op":"msc.reads","ms":371206,"gap":4,"lba0":4913,"lba1":4977,"bytes":36864,"n":9,"kind":2,"ov":0}
Oct 04 10:52:05 Pidrive python3[1245019]: [msc.reads] n=9 bytes=36864 lba=4913..4977 gap=4 ov=0
Oct 04 10:52:05 Pidrive python3[1245019]: [rx] {"t":"event","op":"msc.reads","ms":371238,"gap":4,"lba0":4985,"lba1":4985,"bytes":4096,"n":1,"kind":2,"ov":0}
Oct 04 10:52:05 Pidrive python3[1245019]: [msc.reads] n=1 bytes=4096 lba=4985..4985 gap=4 ov=0
Oct 04 10:52:05 Pidrive python3[1245019]: [rx] {"t":"event","op":"msc.reads","ms":371242,"gap":4,"lba0":4993,"lba1":4993,"bytes":4096,"n":1,"kind":2,"ov":0}
Oct 04 10:52:05 Pidrive python3[1245019]: [msc.reads] n=1 bytes=4096 lba=4993..4993 gap=4 ov=0
Oct 04 10:52:05 Pidrive python3[1245019]: [rx] {"t":"event","op":"msc.reads","ms":371246,"gap":4,"lba0":5001,"lba1":5009,"bytes":8192,"n":2,"kind":2,"ov":0}
Oct 04 10:52:05 Pidrive python3[1245019]: [msc.reads] n=2 bytes=8192 lba=5001..5009 gap=4 ov=0
Oct 04 10:52:05 Pidrive python3[1245019]: [rx] {"t":"event","op":"msc.reads","ms":371254,"gap":4,"lba0":5017,"lba1":5017,"bytes":4096,"n":1,"kind":2,"ov":0}
Oct 04 10:52:05 Pidrive python3[1245019]: [msc.reads] n=1 bytes=4096 lba=5017..5017 gap=4 ov=0
Oct 04 10:52:06 Pidrive python3[1245019]: [rx] {"t":"event","op":"msc.reads","ms":371258,"gap":4,"lba0":5025,"lba1":5025,"bytes":4096,"n":1,"kind":2,"ov":0}
Oct 04 10:52:06 Pidrive python3[1245019]: [msc.reads] n=1 bytes=4096 lba=5025..5025 gap=4 ov=0
Oct 04 10:52:06 Pidrive python3[1245019]: [rx] {"t":"event","op":"msc.reads","ms":371262,"gap":4,"lba0":5033,"lba1":5033,"bytes":4096,"n":1,"kind":2,"ov":0}
Oct 04 10:52:06 Pidrive python3[1245019]: [msc.reads] n=1 bytes=4096 lba=5033..5033 gap=4 ov=0
Oct 04 10:52:06 Pidrive python3[1245019]: [rx] {"t":"event","op":"msc.reads","ms":371266,"gap":4,"lba0":5041,"lba1":5041,"bytes":4096,"n":1,"kind":2,"ov":0}
Oct 04 10:52:06 Pidrive python3[1245019]: [msc.reads] n=1 bytes=4096 lba=5041..5041 gap=4 ov=0
Oct 04 10:52:06 Pidrive python3[1245019]: [rx] {"t":"event","op":"msc.reads","ms":371269,"gap":3,"lba0":5049,"lba1":5097,"bytes":28672,"n":7,"kind":2,"ov":0}
Oct 04 10:52:06 Pidrive python3[1245019]: [msc.reads] n=7 bytes=28672 lba=5049..5097 gap=3 ov=0
Oct 04 10:52:06 Pidrive python3[1245019]: [rx] {"t":"event","op":"msc.reads","ms":371297,"gap":6,"lba0":5105,"lba1":5105,"bytes":4096,"n":1,"kind":2,"ov":0}
Oct 04 10:52:06 Pidrive python3[1245019]: [msc.reads] n=1 bytes=4096 lba=5105..5105 gap=6 ov=0
Oct 04 10:52:06 Pidrive python3[1245019]: [rx] {"t":"event","op":"msc.reads","ms":371301,"gap":4,"lba0":5113,"lba1":5129,"bytes":12288,"n":3,"kind":2,"ov":0}
Oct 04 10:52:06 Pidrive python3[1245019]: [msc.reads] n=3 bytes=12288 lba=5113..5129 gap=4 ov=0
Oct 04 10:52:06 Pidrive python3[1245019]: [rx] {"t":"event","op":"msc.reads","ms":371312,"gap":4,"lba0":5137,"lba1":5137,"bytes":4096,"n":1,"kind":2,"ov":0}
Oct 04 10:52:06 Pidrive python3[1245019]: [msc.reads] n=1 bytes=4096 lba=5137..5137 gap=4 ov=0
Oct 04 10:52:06 Pidrive python3[1245019]: [rx] {"t":"event","op":"msc.reads","ms":371316,"gap":4,"lba0":5145,"lba1":5145,"bytes":4096,"n":1,"kind":2,"ov":0}
Oct 04 10:52:06 Pidrive python3[1245019]: [msc.reads] n=1 bytes=4096 lba=5145..5145 gap=4 ov=0
Oct 04 10:52:06 Pidrive python3[1245019]: [rx] {"t":"event","op":"msc.reads","ms":371320,"gap":4,"lba0":5153,"lba1":5153,"bytes":4096,"n":1,"kind":2,"ov":0}
Oct 04 10:52:06 Pidrive python3[1245019]: [msc.reads] n=1 bytes=4096 lba=5153..5153 gap=4 ov=0
Oct 04 10:52:06 Pidrive python3[1245019]: [rx] {"t":"event","op":"msc.reads","ms":371323,"gap":3,"lba0":5161,"lba1":5209,"bytes":28672,"n":7,"kind":2,"ov":0}
Oct 04 10:52:06 Pidrive python3[1245019]: [msc.reads] n=7 bytes=28672 lba=5161..5209 gap=3 ov=0
Oct 04 10:52:06 Pidrive python3[1245019]: [rx] {"t":"event","op":"msc.reads","ms":371349,"gap":4,"lba0":5217,"lba1":5233,"bytes":12288,"n":3,"kind":2,"ov":0}
Oct 04 10:52:06 Pidrive python3[1245019]: [msc.reads] n=3 bytes=12288 lba=5217..5233 gap=4 ov=0
Oct 04 10:52:06 Pidrive python3[1245019]: [rx] {"t":"event","op":"msc.reads","ms":371360,"gap":4,"lba0":5241,"lba1":5241,"bytes":4096,"n":1,"kind":2,"ov":0}
Oct 04 10:52:06 Pidrive python3[1245019]: [msc.reads] n=1 bytes=4096 lba=5241..5241 gap=4 ov=0
Oct 04 10:52:06 Pidrive python3[1245019]: [rx] {"t":"event","op":"msc.reads","ms":371364,"gap":4,"lba0":5249,"lba1":5249,"bytes":4096,"n":1,"kind":2,"ov":0}
Oct 04 10:52:06 Pidrive python3[1245019]: [msc.reads] n=1 bytes=4096 lba=5249..5249 gap=4 ov=0
Oct 04 10:52:06 Pidrive python3[1245019]: [rx] {"t":"event","op":"msc.reads","ms":371368,"gap":4,"lba0":5257,"lba1":5257,"bytes":4096,"n":1,"kind":2,"ov":0}
Oct 04 10:52:06 Pidrive python3[1245019]: [msc.reads] n=1 bytes=4096 lba=5257..5257 gap=4 ov=0
Oct 04 10:52:06 Pidrive python3[1245019]: [rx] {"t":"event","op":"msc.reads","ms":371372,"gap":4,"lba0":5265,"lba1":5265,"bytes":4096,"n":1,"kind":2,"ov":0}
Oct 04 10:52:06 Pidrive python3[1245019]: [msc.reads] n=1 bytes=4096 lba=5265..5265 gap=4 ov=0
Oct 04 10:52:06 Pidrive python3[1245019]: [rx] {"t":"event","op":"msc.reads","ms":371376,"gap":4,"lba0":5273,"lba1":5273,"bytes":4096,"n":1,"kind":2,"ov":0}
Oct 04 10:52:06 Pidrive python3[1245019]: [msc.reads] n=1 bytes=4096 lba=5273..5273 gap=4 ov=0
Oct 04 10:52:06 Pidrive python3[1245019]: [rx] {"t":"event","op":"msc.reads","ms":371380,"gap":4,"lba0":5281,"lba1":5321,"bytes":24576,"n":6,"kind":2,"ov":0}
Oct 04 10:52:06 Pidrive python3[1245019]: [msc.reads] n=6 bytes=24576 lba=5281..5321 gap=4 ov=0
Oct 04 10:52:06 Pidrive python3[1245019]: [rx] {"t":"event","op":"msc.reads","ms":371402,"gap":4,"lba0":5329,"lba1":5353,"bytes":16384,"n":4,"kind":2,"ov":0}
Oct 04 10:52:06 Pidrive python3[1245019]: [msc.reads] n=4 bytes=16384 lba=5329..5353 gap=4 ov=0
Oct 04 10:52:06 Pidrive python3[1245019]: [rx] {"t":"event","op":"msc.reads","ms":371418,"gap":4,"lba0":5361,"lba1":5361,"bytes":4096,"n":1,"kind":2,"ov":0}
Oct 04 10:52:06 Pidrive python3[1245019]: [msc.reads] n=1 bytes=4096 lba=5361..5361 gap=4 ov=0
Oct 04 10:52:06 Pidrive python3[1245019]: [rx] {"t":"event","op":"msc.reads","ms":371422,"gap":4,"lba0":5369,"lba1":5369,"bytes":4096,"n":1,"kind":2,"ov":0}
Oct 04 10:52:06 Pidrive python3[1245019]: [msc.reads] n=1 bytes=4096 lba=5369..5369 gap=4 ov=0
Oct 04 10:52:06 Pidrive python3[1245019]: [rx] {"t":"event","op":"msc.reads","ms":371426,"gap":4,"lba0":5377,"lba1":5377,"bytes":4096,"n":1,"kind":2,"ov":0}
Oct 04 10:52:06 Pidrive python3[1245019]: [msc.reads] n=1 bytes=4096 lba=5377..5377 gap=4 ov=0
Oct 04 10:52:06 Pidrive python3[1245019]: [rx] {"t":"event","op":"msc.reads","ms":371430,"gap":4,"lba0":5385,"lba1":5465,"bytes":45056,"n":11,"kind":2,"ov":0}
Oct 04 10:52:06 Pidrive python3[1245019]: [msc.reads] n=11 bytes=45056 lba=5385..5465 gap=4 ov=0
Oct 04 10:52:06 Pidrive python3[1245019]: [rx] {"t":"event","op":"msc.reads","ms":371470,"gap":4,"lba0":5473,"lba1":5473,"bytes":4096,"n":1,"kind":2,"ov":0}
Oct 04 10:52:06 Pidrive python3[1245019]: [msc.reads] n=1 bytes=4096 lba=5473..5473 gap=4 ov=0
Oct 04 10:52:06 Pidrive python3[1245019]: [rx] {"t":"event","op":"msc.reads","ms":371474,"gap":4,"lba0":5481,"lba1":5481,"bytes":4096,"n":1,"kind":2,"ov":0}
Oct 04 10:52:06 Pidrive python3[1245019]: [msc.reads] n=1 bytes=4096 lba=5481..5481 gap=4 ov=0
Oct 04 10:52:06 Pidrive python3[1245019]: [rx] {"t":"event","op":"msc.reads","ms":371477,"gap":3,"lba0":5489,"lba1":5489,"bytes":4096,"n":1,"kind":2,"ov":0}
Oct 04 10:52:06 Pidrive python3[1245019]: [msc.reads] n=1 bytes=4096 lba=5489..5489 gap=3 ov=0
Oct 04 10:52:06 Pidrive python3[1245019]: [rx] {"t":"event","op":"msc.reads","ms":371481,"gap":4,"lba0":5497,"lba1":5545,"bytes":28672,"n":7,"kind":2,"ov":0}
Oct 04 10:52:06 Pidrive python3[1245019]: [msc.reads] n=7 bytes=28672 lba=5497..5545 gap=4 ov=0
Oct 04 10:52:06 Pidrive python3[1245019]: [rx] {"t":"event","op":"msc.reads","ms":371507,"gap":4,"lba0":5553,"lba1":5569,"bytes":12288,"n":3,"kind":2,"ov":0}
Oct 04 10:52:06 Pidrive python3[1245019]: [msc.reads] n=3 bytes=12288 lba=5553..5569 gap=4 ov=0
Oct 04 10:52:06 Pidrive python3[1245019]: [rx] {"t":"event","op":"msc.reads","ms":371518,"gap":4,"lba0":5577,"lba1":5577,"bytes":4096,"n":1,"kind":2,"ov":0}
Oct 04 10:52:06 Pidrive python3[1245019]: [msc.reads] n=1 bytes=4096 lba=5577..5577 gap=4 ov=0
Oct 04 10:52:06 Pidrive python3[1245019]: [rx] {"t":"event","op":"msc.reads","ms":371523,"gap":5,"lba0":5585,"lba1":5585,"bytes":4096,"n":1,"kind":2,"ov":0}
Oct 04 10:52:06 Pidrive python3[1245019]: [msc.reads] n=1 bytes=4096 lba=5585..5585 gap=5 ov=0
Oct 04 10:52:06 Pidrive python3[1245019]: [rx] {"t":"event","op":"msc.reads","ms":371526,"gap":3,"lba0":5593,"lba1":5593,"bytes":4096,"n":1,"kind":2,"ov":0}
Oct 04 10:52:06 Pidrive python3[1245019]: [msc.reads] n=1 bytes=4096 lba=5593..5593 gap=3 ov=0
Oct 04 10:52:06 Pidrive python3[1245019]: [rx] {"t":"event","op":"msc.reads","ms":371530,"gap":4,"lba0":5601,"lba1":5657,"bytes":32768,"n":8,"kind":2,"ov":0}
Oct 04 10:52:06 Pidrive python3[1245019]: [msc.reads] n=8 bytes=32768 lba=5601..5657 gap=4 ov=0
Oct 04 10:52:06 Pidrive python3[1245019]: [rx] {"t":"event","op":"msc.reads","ms":371560,"gap":4,"lba0":5665,"lba1":5785,"bytes":65536,"n":16,"kind":2,"ov":0}
Oct 04 10:52:06 Pidrive python3[1245019]: [msc.reads] n=16 bytes=65536 lba=5665..5785 gap=4 ov=0
Oct 04 10:52:06 Pidrive python3[1245019]: [rx] {"t":"event","op":"msc.reads","ms":371620,"gap":4,"lba0":5793,"lba1":5801,"bytes":8192,"n":2,"kind":2,"ov":0}
Oct 04 10:52:06 Pidrive python3[1245019]: [msc.reads] n=2 bytes=8192 lba=5793..5801 gap=4 ov=0
Oct 04 10:52:06 Pidrive python3[1245019]: [rx] {"t":"event","op":"msc.reads","ms":371628,"gap":4,"lba0":5809,"lba1":5809,"bytes":4096,"n":1,"kind":2,"ov":0}
Oct 04 10:52:06 Pidrive python3[1245019]: [msc.reads] n=1 bytes=4096 lba=5809..5809 gap=4 ov=0
Oct 04 10:52:06 Pidrive python3[1245019]: [rx] {"t":"event","op":"msc.reads","ms":371632,"gap":4,"lba0":5817,"lba1":5817,"bytes":4096,"n":1,"kind":2,"ov":0}
Oct 04 10:52:06 Pidrive python3[1245019]: [msc.reads] n=1 bytes=4096 lba=5817..5817 gap=4 ov=0
Oct 04 10:52:06 Pidrive python3[1245019]: [rx] {"t":"event","op":"msc.reads","ms":371636,"gap":4,"lba0":5825,"lba1":5825,"bytes":4096,"n":1,"kind":2,"ov":0}
Oct 04 10:52:06 Pidrive python3[1245019]: [msc.reads] n=1 bytes=4096 lba=5825..5825 gap=4 ov=0
Oct 04 10:52:06 Pidrive python3[1245019]: [rx] {"t":"event","op":"msc.reads","ms":371639,"gap":3,"lba0":5833,"lba1":6033,"bytes":106496,"n":26,"kind":2,"ov":0}
Oct 04 10:52:06 Pidrive python3[1245019]: [msc.reads] n=26 bytes=106496 lba=5833..6033 gap=3 ov=0
Oct 04 10:52:06 Pidrive python3[1245019]: [rx] {"t":"event","op":"msc.reads","ms":371737,"gap":4,"lba0":6041,"lba1":6041,"bytes":4096,"n":1,"kind":2,"ov":0}
Oct 04 10:52:06 Pidrive python3[1245019]: [msc.reads] n=1 bytes=4096 lba=6041..6041 gap=4 ov=0
Oct 04 10:52:06 Pidrive python3[1245019]: [rx] {"t":"event","op":"msc.reads","ms":371740,"gap":3,"lba0":6049,"lba1":6049,"bytes":4096,"n":1,"kind":2,"ov":0}
Oct 04 10:52:06 Pidrive python3[1245019]: [msc.reads] n=1 bytes=4096 lba=6049..6049 gap=3 ov=0
Oct 04 10:52:06 Pidrive python3[1245019]: [rx] {"t":"event","op":"msc.reads","ms":371744,"gap":4,"lba0":6057,"lba1":6057,"bytes":4096,"n":1,"kind":2,"ov":0}
Oct 04 10:52:06 Pidrive python3[1245019]: [msc.reads] n=1 bytes=4096 lba=6057..6057 gap=4 ov=0
Oct 04 10:52:06 Pidrive python3[1245019]: [rx] {"t":"event","op":"msc.reads","ms":371749,"gap":5,"lba0":6065,"lba1":6065,"bytes":4096,"n":1,"kind":2,"ov":0}
Oct 04 10:52:06 Pidrive python3[1245019]: [msc.reads] n=1 bytes=4096 lba=6065..6065 gap=5 ov=0
Oct 04 10:52:06 Pidrive python3[1245019]: [rx] {"t":"event","op":"msc.reads","ms":371752,"gap":3,"lba0":6073,"lba1":6105,"bytes":20480,"n":5,"kind":2,"ov":0}
Oct 04 10:52:06 Pidrive python3[1245019]: [msc.reads] n=5 bytes=20480 lba=6073..6105 gap=3 ov=0
Oct 04 10:52:06 Pidrive python3[1245019]: [rx] {"t":"event","op":"msc.reads","ms":371771,"gap":4,"lba0":6113,"lba1":6121,"bytes":8192,"n":2,"kind":2,"ov":0}
Oct 04 10:52:06 Pidrive python3[1245019]: [msc.reads] n=2 bytes=8192 lba=6113..6121 gap=4 ov=0
Oct 04 10:52:06 Pidrive python3[1245019]: [rx] {"t":"event","op":"msc.reads","ms":371779,"gap":4,"lba0":6129,"lba1":6129,"bytes":4096,"n":1,"kind":2,"ov":0}
Oct 04 10:52:06 Pidrive python3[1245019]: [msc.reads] n=1 bytes=4096 lba=6129..6129 gap=4 ov=0
Oct 04 10:52:06 Pidrive python3[1245019]: [rx] {"t":"event","op":"msc.reads","ms":371783,"gap":4,"lba0":6137,"lba1":6137,"bytes":4096,"n":1,"kind":2,"ov":0}
Oct 04 10:52:06 Pidrive python3[1245019]: [msc.reads] n=1 bytes=4096 lba=6137..6137 gap=4 ov=0
Oct 04 10:52:06 Pidrive python3[1245019]: [rx] {"t":"event","op":"msc.reads","ms":371787,"gap":4,"lba0":6145,"lba1":6145,"bytes":4096,"n":1,"kind":2,"ov":0}
Oct 04 10:52:06 Pidrive python3[1245019]: [msc.reads] n=1 bytes=4096 lba=6145..6145 gap=4 ov=0
Oct 04 10:52:06 Pidrive python3[1245019]: [rx] {"t":"event","op":"msc.reads","ms":371791,"gap":4,"lba0":6153,"lba1":6281,"bytes":69632,"n":17,"kind":2,"ov":0}
Oct 04 10:52:06 Pidrive python3[1245019]: [msc.reads] n=17 bytes=69632 lba=6153..6281 gap=4 ov=0
Oct 04 10:52:06 Pidrive python3[1245019]: [rx] {"t":"event","op":"msc.reads","ms":371853,"gap":4,"lba0":6289,"lba1":6289,"bytes":4096,"n":1,"kind":2,"ov":0}
Oct 04 10:52:06 Pidrive python3[1245019]: [msc.reads] n=1 bytes=4096 lba=6289..6289 gap=4 ov=0
Oct 04 10:52:06 Pidrive python3[1245019]: [rx] {"t":"event","op":"diag","code":"play.reject","detail":"not_from_head uid=fav0 from=2689 +1851392B age=155751ms prefetch"}
Oct 04 10:52:06 Pidrive python3[1245019]: [msc] play.reject not_from_head uid=fav0 from=2689 +1851392B age=155751ms prefetch
Oct 04 10:52:06 Pidrive python3[1245019]: [rx] {"t":"event","op":"msc.reads","ms":371857,"gap":4,"lba0":6297,"lba1":6297,"bytes":4096,"n":1,"kind":2,"ov":0}
Oct 04 10:52:06 Pidrive python3[1245019]: [msc.reads] n=1 bytes=4096 lba=6297..6297 gap=4 ov=0
Oct 04 10:52:06 Pidrive python3[1245019]: [rx] {"t":"event","op":"msc.reads","ms":371875,"gap":18,"lba0":6305,"lba1":6305,"bytes":4096,"n":1,"kind":2,"ov":0}
Oct 04 10:52:06 Pidrive python3[1245019]: [msc.reads] n=1 bytes=4096 lba=6305..6305 gap=18 ov=0
Oct 04 10:52:06 Pidrive python3[1245019]: [rx] {"t":"event","op":"msc.reads","ms":371879,"gap":4,"lba0":6313,"lba1":6313,"bytes":4096,"n":1,"kind":2,"ov":0}
Oct 04 10:52:06 Pidrive python3[1245019]: [msc.reads] n=1 bytes=4096 lba=6313..6313 gap=4 ov=0
Oct 04 10:52:06 Pidrive python3[1245019]: [rx] {"t":"event","op":"msc.reads","ms":371883,"gap":4,"lba0":6321,"lba1":6321,"bytes":4096,"n":1,"kind":2,"ov":0}
Oct 04 10:52:06 Pidrive python3[1245019]: [msc.reads] n=1 bytes=4096 lba=6321..6321 gap=4 ov=0
Oct 04 10:52:06 Pidrive python3[1245019]: [rx] {"t":"event","op":"msc.reads","ms":371886,"gap":3,"lba0":6329,"lba1":6385,"bytes":32768,"n":8,"kind":2,"ov":0}
Oct 04 10:52:06 Pidrive python3[1245019]: [msc.reads] n=8 bytes=32768 lba=6329..6385 gap=3 ov=0
Oct 04 10:52:06 Pidrive python3[1245019]: [rx] {"t":"event","op":"msc.reads","ms":371916,"gap":4,"lba0":6393,"lba1":6401,"bytes":8192,"n":2,"kind":2,"ov":0}
Oct 04 10:52:06 Pidrive python3[1245019]: [msc.reads] n=2 bytes=8192 lba=6393..6401 gap=4 ov=0
Oct 04 10:52:06 Pidrive python3[1245019]: [rx] {"t":"event","op":"msc.reads","ms":371924,"gap":4,"lba0":6409,"lba1":6481,"bytes":40960,"n":10,"kind":2,"ov":0}
Oct 04 10:52:06 Pidrive python3[1245019]: [msc.reads] n=10 bytes=40960 lba=6409..6481 gap=4 ov=0
Oct 04 10:52:06 Pidrive python3[1245019]: [rx] {"t":"event","op":"msc.reads","ms":371960,"gap":4,"lba0":6489,"lba1":6489,"bytes":4096,"n":1,"kind":2,"ov":0}
Oct 04 10:52:06 Pidrive python3[1245019]: [msc.reads] n=1 bytes=4096 lba=6489..6489 gap=4 ov=0
Oct 04 10:52:06 Pidrive python3[1245019]: [rx] {"t":"event","op":"msc.reads","ms":371964,"gap":4,"lba0":6497,"lba1":6497,"bytes":4096,"n":1,"kind":2,"ov":0}
Oct 04 10:52:06 Pidrive python3[1245019]: [msc.reads] n=1 bytes=4096 lba=6497..6497 gap=4 ov=0
Oct 04 10:52:06 Pidrive python3[1245019]: [rx] {"t":"event","op":"msc.reads","ms":371968,"gap":4,"lba0":6505,"lba1":6505,"bytes":4096,"n":1,"kind":2,"ov":0}
Oct 04 10:52:06 Pidrive python3[1245019]: [msc.reads] n=1 bytes=4096 lba=6505..6505 gap=4 ov=0
Oct 04 10:52:06 Pidrive python3[1245019]: [rx] {"t":"event","op":"msc.reads","ms":371972,"gap":4,"lba0":6513,"lba1":6513,"bytes":4096,"n":1,"kind":2,"ov":0}
Oct 04 10:52:06 Pidrive python3[1245019]: [msc.reads] n=1 bytes=4096 lba=6513..6513 gap=4 ov=0
Oct 04 10:52:06 Pidrive python3[1245019]: [rx] {"t":"event","op":"msc.reads","ms":371976,"gap":4,"lba0":6521,"lba1":6529,"bytes":8192,"n":2,"kind":2,"ov":0}
Oct 04 10:52:06 Pidrive python3[1245019]: [msc.reads] n=2 bytes=8192 lba=6521..6529 gap=4 ov=0
Oct 04 10:52:06 Pidrive python3[1245019]: [rx] {"t":"event","op":"msc.reads","ms":371984,"gap":4,"lba0":6537,"lba1":6537,"bytes":4096,"n":1,"kind":2,"ov":0}
Oct 04 10:52:06 Pidrive python3[1245019]: [msc.reads] n=1 bytes=4096 lba=6537..6537 gap=4 ov=0
Oct 04 10:52:06 Pidrive python3[1245019]: [rx] {"t":"event","op":"msc.reads","ms":371988,"gap":4,"lba0":6545,"lba1":6601,"bytes":32768,"n":8,"kind":2,"ov":0}
Oct 04 10:52:06 Pidrive python3[1245019]: [msc.reads] n=8 bytes=32768 lba=6545..6601 gap=4 ov=0
Oct 04 10:52:06 Pidrive python3[1245019]: [rx] {"t":"event","op":"msc.reads","ms":372017,"gap":4,"lba0":6609,"lba1":6609,"bytes":4096,"n":1,"kind":2,"ov":0}
Oct 04 10:52:06 Pidrive python3[1245019]: [msc.reads] n=1 bytes=4096 lba=6609..6609 gap=4 ov=0
Oct 04 10:52:06 Pidrive python3[1245019]: [rx] {"t":"event","op":"msc.reads","ms":372021,"gap":4,"lba0":6617,"lba1":6617,"bytes":4096,"n":1,"kind":2,"ov":0}
Oct 04 10:52:06 Pidrive python3[1245019]: [msc.reads] n=1 bytes=4096 lba=6617..6617 gap=4 ov=0
Oct 04 10:52:06 Pidrive python3[1245019]: [rx] {"t":"event","op":"msc.reads","ms":372025,"gap":4,"lba0":6625,"lba1":6641,"bytes":12288,"n":3,"kind":2,"ov":0}
Oct 04 10:52:06 Pidrive python3[1245019]: [msc.reads] n=3 bytes=12288 lba=6625..6641 gap=4 ov=0
Oct 04 10:52:06 Pidrive python3[1245019]: [rx] {"t":"event","op":"msc.reads","ms":372037,"gap":4,"lba0":6649,"lba1":6649,"bytes":4096,"n":1,"kind":2,"ov":0}
Oct 04 10:52:06 Pidrive python3[1245019]: [msc.reads] n=1 bytes=4096 lba=6649..6649 gap=4 ov=0
Oct 04 10:52:06 Pidrive python3[1245019]: [rx] {"t":"event","op":"msc.reads","ms":372040,"gap":3,"lba0":6657,"lba1":6657,"bytes":4096,"n":1,"kind":2,"ov":0}
Oct 04 10:52:06 Pidrive python3[1245019]: [msc.reads] n=1 bytes=4096 lba=6657..6657 gap=3 ov=0
Oct 04 10:52:06 Pidrive python3[1245019]: [rx] {"t":"event","op":"msc.reads","ms":372044,"gap":4,"lba0":6665,"lba1":6665,"bytes":4096,"n":1,"kind":2,"ov":0}
Oct 04 10:52:06 Pidrive python3[1245019]: [msc.reads] n=1 bytes=4096 lba=6665..6665 gap=4 ov=0
Oct 04 10:52:06 Pidrive python3[1245019]: [rx] {"t":"event","op":"msc.reads","ms":372048,"gap":4,"lba0":6673,"lba1":6737,"bytes":36864,"n":9,"kind":2,"ov":0}
Oct 04 10:52:06 Pidrive python3[1245019]: [msc.reads] n=9 bytes=36864 lba=6673..6737 gap=4 ov=0
Oct 04 10:52:06 Pidrive python3[1245019]: [rx] {"t":"event","op":"msc.reads","ms":372081,"gap":3,"lba0":6745,"lba1":6817,"bytes":40960,"n":10,"kind":2,"ov":0}
Oct 04 10:52:06 Pidrive python3[1245019]: [msc.reads] n=10 bytes=40960 lba=6745..6817 gap=3 ov=0
Oct 04 10:52:06 Pidrive python3[1245019]: [rx] {"t":"event","op":"msc.reads","ms":372118,"gap":4,"lba0":6825,"lba1":6825,"bytes":4096,"n":1,"kind":2,"ov":0}
Oct 04 10:52:06 Pidrive python3[1245019]: [msc.reads] n=1 bytes=4096 lba=6825..6825 gap=4 ov=0
Oct 04 10:52:06 Pidrive python3[1245019]: [rx] {"t":"event","op":"msc.reads","ms":372122,"gap":4,"lba0":6833,"lba1":6833,"bytes":4096,"n":1,"kind":2,"ov":0}
Oct 04 10:52:06 Pidrive python3[1245019]: [msc.reads] n=1 bytes=4096 lba=6833..6833 gap=4 ov=0
Oct 04 10:52:06 Pidrive python3[1245019]: [rx] {"t":"event","op":"msc.reads","ms":372126,"gap":4,"lba0":6841,"lba1":6841,"bytes":4096,"n":1,"kind":2,"ov":0}
Oct 04 10:52:06 Pidrive python3[1245019]: [msc.reads] n=1 bytes=4096 lba=6841..6841 gap=4 ov=0
Oct 04 10:52:06 Pidrive python3[1245019]: [rx] {"t":"event","op":"msc.reads","ms":372130,"gap":4,"lba0":6849,"lba1":6857,"bytes":8192,"n":2,"kind":2,"ov":0}
Oct 04 10:52:06 Pidrive python3[1245019]: [msc.reads] n=2 bytes=8192 lba=6849..6857 gap=4 ov=0
Oct 04 10:52:06 Pidrive python3[1245019]: [rx] {"t":"event","op":"msc.reads","ms":372138,"gap":4,"lba0":6865,"lba1":6865,"bytes":4096,"n":1,"kind":2,"ov":0}
Oct 04 10:52:06 Pidrive python3[1245019]: [msc.reads] n=1 bytes=4096 lba=6865..6865 gap=4 ov=0
Oct 04 10:52:06 Pidrive python3[1245019]: [rx] {"t":"event","op":"msc.reads","ms":372142,"gap":4,"lba0":6873,"lba1":6873,"bytes":4096,"n":1,"kind":2,"ov":0}
Oct 04 10:52:06 Pidrive python3[1245019]: [msc.reads] n=1 bytes=4096 lba=6873..6873 gap=4 ov=0
Oct 04 10:52:06 Pidrive python3[1245019]: [rx] {"t":"event","op":"msc.reads","ms":372146,"gap":4,"lba0":6881,"lba1":6881,"bytes":4096,"n":1,"kind":2,"ov":0}
Oct 04 10:52:06 Pidrive python3[1245019]: [msc.reads] n=1 bytes=4096 lba=6881..6881 gap=4 ov=0
Oct 04 10:52:06 Pidrive python3[1245019]: [rx] {"t":"event","op":"msc.reads","ms":372149,"gap":3,"lba0":6889,"lba1":6953,"bytes":36864,"n":9,"kind":2,"ov":0}
Oct 04 10:52:06 Pidrive python3[1245019]: [msc.reads] n=9 bytes=36864 lba=6889..6953 gap=3 ov=0
Oct 04 10:52:06 Pidrive python3[1245019]: [rx] {"t":"event","op":"msc.reads","ms":372183,"gap":4,"lba0":6961,"lba1":6961,"bytes":4096,"n":1,"kind":2,"ov":0}
Oct 04 10:52:06 Pidrive python3[1245019]: [msc.reads] n=1 bytes=4096 lba=6961..6961 gap=4 ov=0
Oct 04 10:52:06 Pidrive python3[1245019]: [rx] {"t":"event","op":"msc.reads","ms":372187,"gap":4,"lba0":6969,"lba1":6969,"bytes":4096,"n":1,"kind":2,"ov":0}
Oct 04 10:52:06 Pidrive python3[1245019]: [msc.reads] n=1 bytes=4096 lba=6969..6969 gap=4 ov=0
Oct 04 10:52:06 Pidrive python3[1245019]: [rx] {"t":"event","op":"msc.reads","ms":372190,"gap":3,"lba0":6977,"lba1":6977,"bytes":4096,"n":1,"kind":2,"ov":0}
Oct 04 10:52:06 Pidrive python3[1245019]: [msc.reads] n=1 bytes=4096 lba=6977..6977 gap=3 ov=0
Oct 04 10:52:06 Pidrive python3[1245019]: [rx] {"t":"event","op":"msc.reads","ms":372194,"gap":4,"lba0":6985,"lba1":7041,"bytes":32768,"n":8,"kind":2,"ov":0}
Oct 04 10:52:06 Pidrive python3[1245019]: [msc.reads] n=8 bytes=32768 lba=6985..7041 gap=4 ov=0
Oct 04 10:52:06 Pidrive python3[1245019]: [rx] {"t":"event","op":"msc.reads","ms":372224,"gap":4,"lba0":7049,"lba1":7057,"bytes":8192,"n":2,"kind":2,"ov":0}
Oct 04 10:52:06 Pidrive python3[1245019]: [msc.reads] n=2 bytes=8192 lba=7049..7057 gap=4 ov=0
Oct 04 10:52:06 Pidrive python3[1245019]: [rx] {"t":"event","op":"msc.reads","ms":372231,"gap":3,"lba0":7065,"lba1":7081,"bytes":12288,"n":3,"kind":2,"ov":0}
Oct 04 10:52:06 Pidrive python3[1245019]: [msc.reads] n=3 bytes=12288 lba=7065..7081 gap=3 ov=0
Oct 04 10:52:06 Pidrive python3[1245019]: [rx] {"t":"event","op":"msc.reads","ms":372242,"gap":3,"lba0":7089,"lba1":7089,"bytes":4096,"n":1,"kind":2,"ov":0}
Oct 04 10:52:06 Pidrive python3[1245019]: [msc.reads] n=1 bytes=4096 lba=7089..7089 gap=3 ov=0
Oct 04 10:52:06 Pidrive python3[1245019]: [rx] {"t":"event","op":"msc.reads","ms":372246,"gap":4,"lba0":7097,"lba1":7097,"bytes":4096,"n":1,"kind":2,"ov":0}
Oct 04 10:52:06 Pidrive python3[1245019]: [msc.reads] n=1 bytes=4096 lba=7097..7097 gap=4 ov=0
Oct 04 10:52:07 Pidrive python3[1245019]: [rx] {"t":"event","op":"msc.reads","ms":372250,"gap":4,"lba0":7105,"lba1":7105,"bytes":4096,"n":1,"kind":2,"ov":0}
Oct 04 10:52:07 Pidrive python3[1245019]: [msc.reads] n=1 bytes=4096 lba=7105..7105 gap=4 ov=0
Oct 04 10:52:07 Pidrive python3[1245019]: [rx] {"t":"event","op":"msc.reads","ms":372254,"gap":4,"lba0":7113,"lba1":7257,"bytes":77824,"n":19,"kind":2,"ov":0}
Oct 04 10:52:07 Pidrive python3[1245019]: [msc.reads] n=19 bytes=77824 lba=7113..7257 gap=4 ov=0
Oct 04 10:52:07 Pidrive python3[1245019]: [rx] {"t":"event","op":"msc.reads","ms":372324,"gap":4,"lba0":7265,"lba1":7265,"bytes":4096,"n":1,"kind":2,"ov":0}
Oct 04 10:52:07 Pidrive python3[1245019]: [msc.reads] n=1 bytes=4096 lba=7265..7265 gap=4 ov=0
Oct 04 10:52:07 Pidrive python3[1245019]: [rx] {"t":"event","op":"msc.reads","ms":372328,"gap":4,"lba0":7273,"lba1":7281,"bytes":8192,"n":2,"kind":2,"ov":0}
Oct 04 10:52:07 Pidrive python3[1245019]: [msc.reads] n=2 bytes=8192 lba=7273..7281 gap=4 ov=0
Oct 04 10:52:07 Pidrive python3[1245019]: [rx] {"t":"event","op":"msc.reads","ms":372336,"gap":4,"lba0":7289,"lba1":7289,"bytes":4096,"n":1,"kind":2,"ov":0}
Oct 04 10:52:07 Pidrive python3[1245019]: [msc.reads] n=1 bytes=4096 lba=7289..7289 gap=4 ov=0
Oct 04 10:52:07 Pidrive python3[1245019]: [rx] {"t":"event","op":"msc.reads","ms":372340,"gap":4,"lba0":7297,"lba1":7297,"bytes":4096,"n":1,"kind":2,"ov":0}
Oct 04 10:52:07 Pidrive python3[1245019]: [msc.reads] n=1 bytes=4096 lba=7297..7297 gap=4 ov=0
Oct 04 10:52:07 Pidrive python3[1245019]: [rx] {"t":"event","op":"msc.reads","ms":372343,"gap":3,"lba0":7305,"lba1":7305,"bytes":4096,"n":1,"kind":2,"ov":0}
Oct 04 10:52:07 Pidrive python3[1245019]: [msc.reads] n=1 bytes=4096 lba=7305..7305 gap=3 ov=0
Oct 04 10:52:07 Pidrive python3[1245019]: [rx] {"t":"event","op":"msc.reads","ms":372347,"gap":4,"lba0":7313,"lba1":7313,"bytes":4096,"n":1,"kind":2,"ov":0}
Oct 04 10:52:07 Pidrive python3[1245019]: [msc.reads] n=1 bytes=4096 lba=7313..7313 gap=4 ov=0
Oct 04 10:52:07 Pidrive python3[1245019]: [rx] {"t":"event","op":"msc.reads","ms":372351,"gap":4,"lba0":7321,"lba1":7321,"bytes":4096,"n":1,"kind":2,"ov":0}
Oct 04 10:52:07 Pidrive python3[1245019]: [msc.reads] n=1 bytes=4096 lba=7321..7321 gap=4 ov=0
Oct 04 10:52:07 Pidrive python3[1245019]: [rx] {"t":"event","op":"msc.reads","ms":372355,"gap":4,"lba0":7329,"lba1":7393,"bytes":36864,"n":9,"kind":2,"ov":0}
Oct 04 10:52:07 Pidrive python3[1245019]: [msc.reads] n=9 bytes=36864 lba=7329..7393 gap=4 ov=0
Oct 04 10:52:07 Pidrive python3[1245019]: [rx] {"t":"event","op":"msc.reads","ms":372388,"gap":3,"lba0":7401,"lba1":7401,"bytes":4096,"n":1,"kind":2,"ov":0}
Oct 04 10:52:07 Pidrive python3[1245019]: [msc.reads] n=1 bytes=4096 lba=7401..7401 gap=3 ov=0
Oct 04 10:52:07 Pidrive python3[1245019]: [rx] {"t":"event","op":"msc.reads","ms":372392,"gap":4,"lba0":7409,"lba1":7409,"bytes":4096,"n":1,"kind":2,"ov":0}
Oct 04 10:52:07 Pidrive python3[1245019]: [msc.reads] n=1 bytes=4096 lba=7409..7409 gap=4 ov=0
Oct 04 10:52:07 Pidrive python3[1245019]: [rx] {"t":"event","op":"msc.reads","ms":372396,"gap":4,"lba0":7417,"lba1":7417,"bytes":4096,"n":1,"kind":2,"ov":0}
Oct 04 10:52:07 Pidrive python3[1245019]: [msc.reads] n=1 bytes=4096 lba=7417..7417 gap=4 ov=0
Oct 04 10:52:07 Pidrive python3[1245019]: [rx] {"t":"event","op":"msc.reads","ms":372400,"gap":4,"lba0":7425,"lba1":7425,"bytes":4096,"n":1,"kind":2,"ov":0}
Oct 04 10:52:07 Pidrive python3[1245019]: [msc.reads] n=1 bytes=4096 lba=7425..7425 gap=4 ov=0
Oct 04 10:52:07 Pidrive python3[1245019]: [rx] {"t":"event","op":"msc.reads","ms":372404,"gap":4,"lba0":7433,"lba1":7481,"bytes":28672,"n":7,"kind":2,"ov":0}
Oct 04 10:52:07 Pidrive python3[1245019]: [msc.reads] n=7 bytes=28672 lba=7433..7481 gap=4 ov=0
Oct 04 10:52:07 Pidrive python3[1245019]: [rx] {"t":"event","op":"msc.reads","ms":372430,"gap":4,"lba0":7489,"lba1":7617,"bytes":69632,"n":17,"kind":2,"ov":0}
Oct 04 10:52:07 Pidrive python3[1245019]: [msc.reads] n=17 bytes=69632 lba=7489..7617 gap=4 ov=0
Oct 04 10:52:07 Pidrive python3[1245019]: [rx] {"t":"event","op":"msc.reads","ms":372494,"gap":4,"lba0":7625,"lba1":7625,"bytes":4096,"n":1,"kind":2,"ov":0}
Oct 04 10:52:07 Pidrive python3[1245019]: [msc.reads] n=1 bytes=4096 lba=7625..7625 gap=4 ov=0
Oct 04 10:52:07 Pidrive python3[1245019]: [rx] {"t":"event","op":"msc.reads","ms":372498,"gap":4,"lba0":7633,"lba1":7633,"bytes":4096,"n":1,"kind":2,"ov":0}
Oct 04 10:52:07 Pidrive python3[1245019]: [msc.reads] n=1 bytes=4096 lba=7633..7633 gap=4 ov=0
Oct 04 10:52:07 Pidrive python3[1245019]: [rx] {"t":"event","op":"msc.reads","ms":372502,"gap":4,"lba0":7641,"lba1":7641,"bytes":4096,"n":1,"kind":2,"ov":0}
Oct 04 10:52:07 Pidrive python3[1245019]: [msc.reads] n=1 bytes=4096 lba=7641..7641 gap=4 ov=0
Oct 04 10:52:07 Pidrive python3[1245019]: [rx] {"t":"event","op":"msc.reads","ms":372505,"gap":3,"lba0":7649,"lba1":7649,"bytes":4096,"n":1,"kind":2,"ov":0}
Oct 04 10:52:07 Pidrive python3[1245019]: [msc.reads] n=1 bytes=4096 lba=7649..7649 gap=3 ov=0
Oct 04 10:52:07 Pidrive python3[1245019]: [rx] {"t":"event","op":"msc.reads","ms":372509,"gap":4,"lba0":7657,"lba1":7785,"bytes":69632,"n":17,"kind":2,"ov":0}
Oct 04 10:52:07 Pidrive python3[1245019]: [msc.reads] n=17 bytes=69632 lba=7657..7785 gap=4 ov=0
Oct 04 10:52:07 Pidrive python3[1245019]: [rx] {"t":"event","op":"msc.reads","ms":372573,"gap":5,"lba0":7793,"lba1":7793,"bytes":4096,"n":1,"kind":2,"ov":0}
Oct 04 10:52:07 Pidrive python3[1245019]: [msc.reads] n=1 bytes=4096 lba=7793..7793 gap=5 ov=0
Oct 04 10:52:07 Pidrive python3[1245019]: [rx] {"t":"event","op":"msc.reads","ms":372576,"gap":3,"lba0":7801,"lba1":7801,"bytes":4096,"n":1,"kind":2,"ov":0}
Oct 04 10:52:07 Pidrive python3[1245019]: [msc.reads] n=1 bytes=4096 lba=7801..7801 gap=3 ov=0
Oct 04 10:52:07 Pidrive python3[1245019]: [rx] {"t":"event","op":"msc.reads","ms":372581,"gap":5,"lba0":7809,"lba1":7809,"bytes":4096,"n":1,"kind":2,"ov":0}
Oct 04 10:52:07 Pidrive python3[1245019]: [msc.reads] n=1 bytes=4096 lba=7809..7809 gap=5 ov=0
Oct 04 10:52:07 Pidrive python3[1245019]: [rx] {"t":"event","op":"msc.reads","ms":372585,"gap":4,"lba0":7817,"lba1":7817,"bytes":4096,"n":1,"kind":2,"ov":0}
Oct 04 10:52:07 Pidrive python3[1245019]: [msc.reads] n=1 bytes=4096 lba=7817..7817 gap=4 ov=0
Oct 04 10:52:07 Pidrive python3[1245019]: [rx] {"t":"event","op":"msc.reads","ms":372589,"gap":4,"lba0":7825,"lba1":7825,"bytes":4096,"n":1,"kind":2,"ov":0}
Oct 04 10:52:07 Pidrive python3[1245019]: [msc.reads] n=1 bytes=4096 lba=7825..7825 gap=4 ov=0
Oct 04 10:52:07 Pidrive python3[1245019]: [rx] {"t":"event","op":"msc.reads","ms":372592,"gap":3,"lba0":7833,"lba1":7833,"bytes":4096,"n":1,"kind":2,"ov":0}
Oct 04 10:52:07 Pidrive python3[1245019]: [msc.reads] n=1 bytes=4096 lba=7833..7833 gap=3 ov=0
Oct 04 10:52:07 Pidrive python3[1245019]: [rx] {"t":"event","op":"msc.reads","ms":372596,"gap":4,"lba0":7841,"lba1":7841,"bytes":4096,"n":1,"kind":2,"ov":0}
Oct 04 10:52:07 Pidrive python3[1245019]: [msc.reads] n=1 bytes=4096 lba=7841..7841 gap=4 ov=0
Oct 04 10:52:07 Pidrive python3[1245019]: [rx] {"t":"event","op":"msc.reads","ms":372600,"gap":4,"lba0":7849,"lba1":7849,"bytes":4096,"n":1,"kind":2,"ov":0}
Oct 04 10:52:07 Pidrive python3[1245019]: [msc.reads] n=1 bytes=4096 lba=7849..7849 gap=4 ov=0
Oct 04 10:52:07 Pidrive python3[1245019]: [rx] {"t":"event","op":"msc.reads","ms":372604,"gap":4,"lba0":7857,"lba1":7857,"bytes":4096,"n":1,"kind":2,"ov":0}
Oct 04 10:52:07 Pidrive python3[1245019]: [msc.reads] n=1 bytes=4096 lba=7857..7857 gap=4 ov=0
Oct 04 10:52:07 Pidrive python3[1245019]: [rx] {"t":"event","op":"msc.reads","ms":372608,"gap":4,"lba0":7865,"lba1":7945,"bytes":45056,"n":11,"kind":2,"ov":0}
Oct 04 10:52:07 Pidrive python3[1245019]: [msc.reads] n=11 bytes=45056 lba=7865..7945 gap=4 ov=0
Oct 04 10:52:07 Pidrive python3[1245019]: [rx] {"t":"event","op":"msc.reads","ms":372649,"gap":4,"lba0":7953,"lba1":7953,"bytes":4096,"n":1,"kind":2,"ov":0}
Oct 04 10:52:07 Pidrive python3[1245019]: [msc.reads] n=1 bytes=4096 lba=7953..7953 gap=4 ov=0
Oct 04 10:52:07 Pidrive python3[1245019]: [rx] {"t":"event","op":"msc.reads","ms":372652,"gap":3,"lba0":7961,"lba1":7961,"bytes":4096,"n":1,"kind":2,"ov":0}
Oct 04 10:52:07 Pidrive python3[1245019]: [msc.reads] n=1 bytes=4096 lba=7961..7961 gap=3 ov=0
Oct 04 10:52:07 Pidrive python3[1245019]: [rx] {"t":"event","op":"msc.reads","ms":372656,"gap":4,"lba0":7969,"lba1":7969,"bytes":4096,"n":1,"kind":2,"ov":0}
Oct 04 10:52:07 Pidrive python3[1245019]: [msc.reads] n=1 bytes=4096 lba=7969..7969 gap=4 ov=0
Oct 04 10:52:07 Pidrive python3[1245019]: [rx] {"t":"event","op":"diag","code":"play.reject","detail":"not_from_head uid=fav0 from=2689 +2711552B age=156554ms prefetch"}
Oct 04 10:52:07 Pidrive python3[1245019]: [msc] play.reject not_from_head uid=fav0 from=2689 +2711552B age=156554ms prefetch
Oct 04 10:52:07 Pidrive python3[1245019]: [rx] {"t":"event","op":"msc.reads","ms":372660,"gap":4,"lba0":7977,"lba1":7977,"bytes":4096,"n":1,"kind":2,"ov":0}
Oct 04 10:52:07 Pidrive python3[1245019]: [msc.reads] n=1 bytes=4096 lba=7977..7977 gap=4 ov=0
Oct 04 10:52:07 Pidrive python3[1245019]: [rx] {"t":"event","op":"msc.reads","ms":372696,"gap":36,"lba0":7985,"lba1":7985,"bytes":4096,"n":1,"kind":2,"ov":0}
Oct 04 10:52:07 Pidrive python3[1245019]: [msc.reads] n=1 bytes=4096 lba=7985..7985 gap=36 ov=0
Oct 04 10:52:07 Pidrive python3[1245019]: [rx] {"t":"event","op":"msc.reads","ms":372699,"gap":3,"lba0":7993,"lba1":7993,"bytes":4096,"n":1,"kind":2,"ov":0}
Oct 04 10:52:07 Pidrive python3[1245019]: [msc.reads] n=1 bytes=4096 lba=7993..7993 gap=3 ov=0
Oct 04 10:52:07 Pidrive python3[1245019]: [rx] {"t":"event","op":"msc.reads","ms":372703,"gap":4,"lba0":8001,"lba1":8001,"bytes":4096,"n":1,"kind":2,"ov":0}
Oct 04 10:52:07 Pidrive python3[1245019]: [msc.reads] n=1 bytes=4096 lba=8001..8001 gap=4 ov=0
Oct 04 10:52:07 Pidrive python3[1245019]: [rx] {"t":"event","op":"msc.reads","ms":372707,"gap":4,"lba0":8009,"lba1":8009,"bytes":4096,"n":1,"kind":2,"ov":0}
Oct 04 10:52:07 Pidrive python3[1245019]: [msc.reads] n=1 bytes=4096 lba=8009..8009 gap=4 ov=0
Oct 04 10:52:07 Pidrive python3[1245019]: [rx] {"t":"event","op":"msc.reads","ms":372711,"gap":4,"lba0":8017,"lba1":8017,"bytes":4096,"n":1,"kind":2,"ov":0}
Oct 04 10:52:07 Pidrive python3[1245019]: [msc.reads] n=1 bytes=4096 lba=8017..8017 gap=4 ov=0
Oct 04 10:52:07 Pidrive python3[1245019]: [rx] {"t":"event","op":"msc.reads","ms":372715,"gap":4,"lba0":8025,"lba1":8097,"bytes":40960,"n":10,"kind":2,"ov":0}
Oct 04 10:52:07 Pidrive python3[1245019]: [msc.reads] n=10 bytes=40960 lba=8025..8097 gap=4 ov=0
Oct 04 10:52:07 Pidrive python3[1245019]: [rx] {"t":"event","op":"msc.reads","ms":372751,"gap":4,"lba0":8105,"lba1":8113,"bytes":8192,"n":2,"kind":2,"ov":0}
Oct 04 10:52:07 Pidrive python3[1245019]: [msc.reads] n=2 bytes=8192 lba=8105..8113 gap=4 ov=0
Oct 04 10:52:07 Pidrive python3[1245019]: [rx] {"t":"event","op":"msc.reads","ms":372759,"gap":4,"lba0":8121,"lba1":8121,"bytes":4096,"n":1,"kind":2,"ov":0}
Oct 04 10:52:07 Pidrive python3[1245019]: [msc.reads] n=1 bytes=4096 lba=8121..8121 gap=4 ov=0
Oct 04 10:52:07 Pidrive python3[1245019]: [rx] {"t":"event","op":"msc.reads","ms":372763,"gap":4,"lba0":8129,"lba1":8129,"bytes":4096,"n":1,"kind":2,"ov":0}
Oct 04 10:52:07 Pidrive python3[1245019]: [msc.reads] n=1 bytes=4096 lba=8129..8129 gap=4 ov=0
Oct 04 10:52:07 Pidrive python3[1245019]: [rx] {"t":"event","op":"msc.reads","ms":372766,"gap":3,"lba0":8137,"lba1":8177,"bytes":24576,"n":6,"kind":2,"ov":0}
Oct 04 10:52:07 Pidrive python3[1245019]: [msc.reads] n=6 bytes=24576 lba=8137..8177 gap=3 ov=0
Oct 04 10:52:07 Pidrive python3[1245019]: [rx] {"t":"event","op":"msc.reads","ms":372788,"gap":3,"lba0":8185,"lba1":8201,"bytes":12288,"n":3,"kind":2,"ov":0}
Oct 04 10:52:07 Pidrive python3[1245019]: [msc.reads] n=3 bytes=12288 lba=8185..8201 gap=3 ov=0
Oct 04 10:52:07 Pidrive python3[1245019]: [rx] {"t":"event","op":"msc.reads","ms":372800,"gap":4,"lba0":8209,"lba1":8209,"bytes":4096,"n":1,"kind":2,"ov":0}
Oct 04 10:52:07 Pidrive python3[1245019]: [msc.reads] n=1 bytes=4096 lba=8209..8209 gap=4 ov=0
Oct 04 10:52:07 Pidrive python3[1245019]: [rx] {"t":"event","op":"msc.reads","ms":372803,"gap":3,"lba0":8217,"lba1":8217,"bytes":4096,"n":1,"kind":2,"ov":0}
Oct 04 10:52:07 Pidrive python3[1245019]: [msc.reads] n=1 bytes=4096 lba=8217..8217 gap=3 ov=0
Oct 04 10:52:07 Pidrive python3[1245019]: [rx] {"t":"event","op":"msc.reads","ms":372808,"gap":5,"lba0":8225,"lba1":8225,"bytes":4096,"n":1,"kind":2,"ov":0}
Oct 04 10:52:07 Pidrive python3[1245019]: [msc.reads] n=1 bytes=4096 lba=8225..8225 gap=5 ov=0
Oct 04 10:52:07 Pidrive python3[1245019]: [rx] {"t":"event","op":"msc.reads","ms":372811,"gap":3,"lba0":8233,"lba1":8233,"bytes":4096,"n":1,"kind":2,"ov":0}
Oct 04 10:52:07 Pidrive python3[1245019]: [msc.reads] n=1 bytes=4096 lba=8233..8233 gap=3 ov=0
Oct 04 10:52:07 Pidrive python3[1245019]: [rx] {"t":"event","op":"msc.reads","ms":372815,"gap":4,"lba0":8241,"lba1":8321,"bytes":45056,"n":11,"kind":2,"ov":0}
Oct 04 10:52:07 Pidrive python3[1245019]: [msc.reads] n=11 bytes=45056 lba=8241..8321 gap=4 ov=0
Oct 04 10:52:07 Pidrive python3[1245019]: [rx] {"t":"event","op":"msc.reads","ms":372856,"gap":4,"lba0":8329,"lba1":8329,"bytes":4096,"n":1,"kind":2,"ov":0}
Oct 04 10:52:07 Pidrive python3[1245019]: [msc.reads] n=1 bytes=4096 lba=8329..8329 gap=4 ov=0
Oct 04 10:52:07 Pidrive python3[1245019]: [rx] {"t":"event","op":"msc.reads","ms":372859,"gap":3,"lba0":8337,"lba1":8337,"bytes":4096,"n":1,"kind":2,"ov":0}
Oct 04 10:52:07 Pidrive python3[1245019]: [msc.reads] n=1 bytes=4096 lba=8337..8337 gap=3 ov=0
Oct 04 10:52:07 Pidrive python3[1245019]: [rx] {"t":"event","op":"msc.reads","ms":372863,"gap":4,"lba0":8345,"lba1":8345,"bytes":4096,"n":1,"kind":2,"ov":0}
Oct 04 10:52:07 Pidrive python3[1245019]: [msc.reads] n=1 bytes=4096 lba=8345..8345 gap=4 ov=0
Oct 04 10:52:07 Pidrive python3[1245019]: [rx] {"t":"event","op":"msc.reads","ms":372867,"gap":4,"lba0":8353,"lba1":8353,"bytes":4096,"n":1,"kind":2,"ov":0}
Oct 04 10:52:07 Pidrive python3[1245019]: [msc.reads] n=1 bytes=4096 lba=8353..8353 gap=4 ov=0
Oct 04 10:52:07 Pidrive python3[1245019]: [rx] {"t":"event","op":"msc.reads","ms":372871,"gap":4,"lba0":8361,"lba1":8425,"bytes":36864,"n":9,"kind":2,"ov":0}
Oct 04 10:52:07 Pidrive python3[1245019]: [msc.reads] n=9 bytes=36864 lba=8361..8425 gap=4 ov=0
Oct 04 10:52:07 Pidrive python3[1245019]: [rx] {"t":"event","op":"msc.reads","ms":372905,"gap":4,"lba0":8433,"lba1":8433,"bytes":4096,"n":1,"kind":2,"ov":0}
Oct 04 10:52:07 Pidrive python3[1245019]: [msc.reads] n=1 bytes=4096 lba=8433..8433 gap=4 ov=0
Oct 04 10:52:07 Pidrive python3[1245019]: [rx] {"t":"event","op":"msc.reads","ms":372908,"gap":3,"lba0":8441,"lba1":8441,"bytes":4096,"n":1,"kind":2,"ov":0}
Oct 04 10:52:07 Pidrive python3[1245019]: [msc.reads] n=1 bytes=4096 lba=8441..8441 gap=3 ov=0
Oct 04 10:52:07 Pidrive python3[1245019]: [rx] {"t":"event","op":"msc.reads","ms":372912,"gap":4,"lba0":8449,"lba1":8449,"bytes":4096,"n":1,"kind":2,"ov":0}
Oct 04 10:52:07 Pidrive python3[1245019]: [msc.reads] n=1 bytes=4096 lba=8449..8449 gap=4 ov=0
Oct 04 10:52:07 Pidrive python3[1245019]: [rx] {"t":"event","op":"msc.reads","ms":372916,"gap":4,"lba0":8457,"lba1":8513,"bytes":32768,"n":8,"kind":2,"ov":0}
Oct 04 10:52:07 Pidrive python3[1245019]: [msc.reads] n=8 bytes=32768 lba=8457..8513 gap=4 ov=0
Oct 04 10:52:07 Pidrive python3[1245019]: [rx] {"t":"event","op":"msc.reads","ms":372946,"gap":4,"lba0":8521,"lba1":8537,"bytes":12288,"n":3,"kind":2,"ov":0}
Oct 04 10:52:07 Pidrive python3[1245019]: [msc.reads] n=3 bytes=12288 lba=8521..8537 gap=4 ov=0
Oct 04 10:52:07 Pidrive python3[1245019]: [rx] {"t":"event","op":"msc.reads","ms":372957,"gap":4,"lba0":8545,"lba1":8545,"bytes":4096,"n":1,"kind":2,"ov":0}
Oct 04 10:52:07 Pidrive python3[1245019]: [msc.reads] n=1 bytes=4096 lba=8545..8545 gap=4 ov=0
Oct 04 10:52:07 Pidrive python3[1245019]: [rx] {"t":"event","op":"msc.reads","ms":372961,"gap":4,"lba0":8553,"lba1":8553,"bytes":4096,"n":1,"kind":2,"ov":0}
Oct 04 10:52:07 Pidrive python3[1245019]: [msc.reads] n=1 bytes=4096 lba=8553..8553 gap=4 ov=0
Oct 04 10:52:07 Pidrive python3[1245019]: [tx] {"t":"ping"}
Oct 04 10:52:07 Pidrive python3[1245019]: [rx] {"t":"event","op":"msc.reads","ms":372964,"gap":3,"lba0":8561,"lba1":8561,"bytes":4096,"n":1,"kind":2,"ov":0}
Oct 04 10:52:07 Pidrive python3[1245019]: [msc.reads] n=1 bytes=4096 lba=8561..8561 gap=3 ov=0
Oct 04 10:52:07 Pidrive python3[1245019]: [rx] {"t":"event","op":"msc.reads","ms":372968,"gap":4,"lba0":8569,"lba1":8633,"bytes":36864,"n":9,"kind":2,"ov":0}
Oct 04 10:52:07 Pidrive python3[1245019]: [msc.reads] n=9 bytes=36864 lba=8569..8633 gap=4 ov=0
Oct 04 10:52:07 Pidrive python3[1245019]: [rx] {"t":"event","op":"msc.reads","ms":373002,"gap":4,"lba0":8641,"lba1":8641,"bytes":4096,"n":1,"kind":2,"ov":0}
Oct 04 10:52:07 Pidrive python3[1245019]: [msc.reads] n=1 bytes=4096 lba=8641..8641 gap=4 ov=0
Oct 04 10:52:07 Pidrive python3[1245019]: [rx] {"t":"event","op":"msc.reads","ms":373006,"gap":4,"lba0":8649,"lba1":8753,"bytes":57344,"n":14,"kind":2,"ov":0}
Oct 04 10:52:07 Pidrive python3[1245019]: [msc.reads] n=14 bytes=57344 lba=8649..8753 gap=4 ov=0
Oct 04 10:52:07 Pidrive python3[1245019]: [rx] {"t":"event","op":"msc.reads","ms":373058,"gap":4,"lba0":8761,"lba1":8761,"bytes":4096,"n":1,"kind":2,"ov":0}
Oct 04 10:52:07 Pidrive python3[1245019]: [msc.reads] n=1 bytes=4096 lba=8761..8761 gap=4 ov=0
Oct 04 10:52:07 Pidrive python3[1245019]: [rx] {"t":"event","op":"msc.reads","ms":373062,"gap":4,"lba0":8769,"lba1":8769,"bytes":4096,"n":1,"kind":2,"ov":0}
Oct 04 10:52:07 Pidrive python3[1245019]: [msc.reads] n=1 bytes=4096 lba=8769..8769 gap=4 ov=0
Oct 04 10:52:07 Pidrive python3[1245019]: [rx] {"t":"event","op":"msc.reads","ms":373066,"gap":4,"lba0":8777,"lba1":8777,"bytes":4096,"n":1,"kind":2,"ov":0}
Oct 04 10:52:07 Pidrive python3[1245019]: [msc.reads] n=1 bytes=4096 lba=8777..8777 gap=4 ov=0
Oct 04 10:52:07 Pidrive python3[1245019]: [rx] {"t":"event","op":"msc.reads","ms":373070,"gap":4,"lba0":8785,"lba1":8841,"bytes":32768,"n":8,"kind":2,"ov":0}
Oct 04 10:52:07 Pidrive python3[1245019]: [msc.reads] n=8 bytes=32768 lba=8785..8841 gap=4 ov=0
Oct 04 10:52:07 Pidrive python3[1245019]: [rx] {"t":"pong"}
Oct 04 10:52:07 Pidrive python3[1245019]: [rx] {"t":"event","op":"msc.reads","ms":373099,"gap":3,"lba0":8849,"lba1":8889,"bytes":24576,"n":6,"kind":2,"ov":0}
Oct 04 10:52:07 Pidrive python3[1245019]: [msc.reads] n=6 bytes=24576 lba=8849..8889 gap=3 ov=0
Oct 04 10:52:07 Pidrive python3[1245019]: [rx] {"t":"event","op":"msc.reads","ms":373122,"gap":4,"lba0":8897,"lba1":8897,"bytes":4096,"n":1,"kind":2,"ov":0}
Oct 04 10:52:07 Pidrive python3[1245019]: [msc.reads] n=1 bytes=4096 lba=8897..8897 gap=4 ov=0
Oct 04 10:52:07 Pidrive python3[1245019]: [rx] {"t":"event","op":"msc.reads","ms":373126,"gap":4,"lba0":8905,"lba1":8905,"bytes":4096,"n":1,"kind":2,"ov":0}
Oct 04 10:52:07 Pidrive python3[1245019]: [msc.reads] n=1 bytes=4096 lba=8905..8905 gap=4 ov=0
Oct 04 10:52:07 Pidrive python3[1245019]: [rx] {"t":"event","op":"msc.reads","ms":373130,"gap":4,"lba0":8913,"lba1":8961,"bytes":28672,"n":7,"kind":2,"ov":0}
Oct 04 10:52:07 Pidrive python3[1245019]: [msc.reads] n=7 bytes=28672 lba=8913..8961 gap=4 ov=0
Oct 04 10:52:07 Pidrive python3[1245019]: [rx] {"t":"event","op":"msc.reads","ms":373156,"gap":4,"lba0":8969,"lba1":8969,"bytes":4096,"n":1,"kind":2,"ov":0}
Oct 04 10:52:07 Pidrive python3[1245019]: [msc.reads] n=1 bytes=4096 lba=8969..8969 gap=4 ov=0
Oct 04 10:52:07 Pidrive python3[1245019]: [rx] {"t":"event","op":"msc.reads","ms":373160,"gap":4,"lba0":8977,"lba1":8977,"bytes":4096,"n":1,"kind":2,"ov":0}
Oct 04 10:52:07 Pidrive python3[1245019]: [msc.reads] n=1 bytes=4096 lba=8977..8977 gap=4 ov=0
Oct 04 10:52:07 Pidrive python3[1245019]: [rx] {"t":"event","op":"msc.reads","ms":373164,"gap":4,"lba0":8985,"lba1":8985,"bytes":4096,"n":1,"kind":2,"ov":0}
Oct 04 10:52:07 Pidrive python3[1245019]: [msc.reads] n=1 bytes=4096 lba=8985..8985 gap=4 ov=0
Oct 04 10:52:07 Pidrive python3[1245019]: [rx] {"t":"event","op":"msc.reads","ms":373168,"gap":4,"lba0":8993,"lba1":8993,"bytes":4096,"n":1,"kind":2,"ov":0}
Oct 04 10:52:07 Pidrive python3[1245019]: [msc.reads] n=1 bytes=4096 lba=8993..8993 gap=4 ov=0
Oct 04 10:52:07 Pidrive python3[1245019]: [rx] {"t":"event","op":"msc.reads","ms":373172,"gap":4,"lba0":9001,"lba1":9081,"bytes":45056,"n":11,"kind":2,"ov":0}
Oct 04 10:52:07 Pidrive python3[1245019]: [msc.reads] n=11 bytes=45056 lba=9001..9081 gap=4 ov=0
Oct 04 10:52:07 Pidrive python3[1245019]: [rx] {"t":"event","op":"msc.reads","ms":373212,"gap":4,"lba0":9089,"lba1":9089,"bytes":4096,"n":1,"kind":2,"ov":0}
Oct 04 10:52:07 Pidrive python3[1245019]: [msc.reads] n=1 bytes=4096 lba=9089..9089 gap=4 ov=0
Oct 04 10:52:07 Pidrive python3[1245019]: [rx] {"t":"event","op":"msc.reads","ms":373216,"gap":4,"lba0":9097,"lba1":9097,"bytes":4096,"n":1,"kind":2,"ov":0}
Oct 04 10:52:07 Pidrive python3[1245019]: [msc.reads] n=1 bytes=4096 lba=9097..9097 gap=4 ov=0
Oct 04 10:52:07 Pidrive python3[1245019]: [rx] {"t":"event","op":"msc.reads","ms":373220,"gap":4,"lba0":9105,"lba1":9105,"bytes":4096,"n":1,"kind":2,"ov":0}
Oct 04 10:52:07 Pidrive python3[1245019]: [msc.reads] n=1 bytes=4096 lba=9105..9105 gap=4 ov=0
Oct 04 10:52:08 Pidrive python3[1245019]: [rx] {"t":"event","op":"msc.reads","ms":373223,"gap":3,"lba0":9113,"lba1":9113,"bytes":4096,"n":1,"kind":2,"ov":0}
Oct 04 10:52:08 Pidrive python3[1245019]: [msc.reads] n=1 bytes=4096 lba=9113..9113 gap=3 ov=0
Oct 04 10:52:08 Pidrive python3[1245019]: [rx] {"t":"event","op":"msc.reads","ms":373227,"gap":4,"lba0":9121,"lba1":9193,"bytes":40960,"n":10,"kind":2,"ov":0}
Oct 04 10:52:08 Pidrive python3[1245019]: [msc.reads] n=10 bytes=40960 lba=9121..9193 gap=4 ov=0
Oct 04 10:52:08 Pidrive python3[1245019]: [rx] {"t":"event","op":"msc.reads","ms":373264,"gap":3,"lba0":9201,"lba1":9201,"bytes":4096,"n":1,"kind":2,"ov":0}
Oct 04 10:52:08 Pidrive python3[1245019]: [msc.reads] n=1 bytes=4096 lba=9201..9201 gap=3 ov=0
Oct 04 10:52:08 Pidrive python3[1245019]: [rx] {"t":"event","op":"msc.reads","ms":373268,"gap":4,"lba0":9209,"lba1":9209,"bytes":4096,"n":1,"kind":2,"ov":0}
Oct 04 10:52:08 Pidrive python3[1245019]: [msc.reads] n=1 bytes=4096 lba=9209..9209 gap=4 ov=0
Oct 04 10:52:08 Pidrive python3[1245019]: [rx] {"t":"event","op":"msc.reads","ms":373272,"gap":4,"lba0":9217,"lba1":9217,"bytes":4096,"n":1,"kind":2,"ov":0}
Oct 04 10:52:08 Pidrive python3[1245019]: [msc.reads] n=1 bytes=4096 lba=9217..9217 gap=4 ov=0
Oct 04 10:52:08 Pidrive python3[1245019]: [rx] {"t":"event","op":"msc.reads","ms":373276,"gap":4,"lba0":9225,"lba1":9297,"bytes":40960,"n":10,"kind":2,"ov":0}
Oct 04 10:52:08 Pidrive python3[1245019]: [msc.reads] n=10 bytes=40960 lba=9225..9297 gap=4 ov=0
Oct 04 10:52:08 Pidrive python3[1245019]: [rx] {"t":"event","op":"msc.reads","ms":373313,"gap":4,"lba0":9305,"lba1":9305,"bytes":4096,"n":1,"kind":2,"ov":0}
Oct 04 10:52:08 Pidrive python3[1245019]: [msc.reads] n=1 bytes=4096 lba=9305..9305 gap=4 ov=0
Oct 04 10:52:08 Pidrive python3[1245019]: [rx] {"t":"event","op":"msc.reads","ms":373317,"gap":4,"lba0":9313,"lba1":9313,"bytes":4096,"n":1,"kind":2,"ov":0}
Oct 04 10:52:08 Pidrive python3[1245019]: [msc.reads] n=1 bytes=4096 lba=9313..9313 gap=4 ov=0
Oct 04 10:52:08 Pidrive python3[1245019]: [rx] {"t":"event","op":"msc.reads","ms":373320,"gap":3,"lba0":9321,"lba1":9321,"bytes":4096,"n":1,"kind":2,"ov":0}
Oct 04 10:52:08 Pidrive python3[1245019]: [msc.reads] n=1 bytes=4096 lba=9321..9321 gap=3 ov=0
Oct 04 10:52:08 Pidrive python3[1245019]: [rx] {"t":"event","op":"msc.reads","ms":373324,"gap":4,"lba0":9329,"lba1":9329,"bytes":4096,"n":1,"kind":2,"ov":0}
Oct 04 10:52:08 Pidrive python3[1245019]: [msc.reads] n=1 bytes=4096 lba=9329..9329 gap=4 ov=0
Oct 04 10:52:08 Pidrive python3[1245019]: [rx] {"t":"event","op":"msc.reads","ms":373328,"gap":4,"lba0":9337,"lba1":9489,"bytes":81920,"n":20,"kind":2,"ov":0}
Oct 04 10:52:08 Pidrive python3[1245019]: [msc.reads] n=20 bytes=81920 lba=9337..9489 gap=4 ov=0
Oct 04 10:52:08 Pidrive python3[1245019]: [rx] {"t":"event","op":"msc.reads","ms":373403,"gap":4,"lba0":9497,"lba1":9497,"bytes":4096,"n":1,"kind":2,"ov":0}
Oct 04 10:52:08 Pidrive python3[1245019]: [msc.reads] n=1 bytes=4096 lba=9497..9497 gap=4 ov=0
Oct 04 10:52:08 Pidrive python3[1245019]: [rx] {"t":"event","op":"msc.reads","ms":373408,"gap":5,"lba0":9505,"lba1":9513,"bytes":8192,"n":2,"kind":2,"ov":0}
Oct 04 10:52:08 Pidrive python3[1245019]: [msc.reads] n=2 bytes=8192 lba=9505..9513 gap=5 ov=0
Oct 04 10:52:08 Pidrive python3[1245019]: [rx] {"t":"event","op":"msc.reads","ms":373415,"gap":3,"lba0":9521,"lba1":9521,"bytes":4096,"n":1,"kind":2,"ov":0}
Oct 04 10:52:08 Pidrive python3[1245019]: [msc.reads] n=1 bytes=4096 lba=9521..9521 gap=3 ov=0
Oct 04 10:52:08 Pidrive python3[1245019]: [rx] {"t":"event","op":"msc.reads","ms":373419,"gap":4,"lba0":9529,"lba1":9529,"bytes":4096,"n":1,"kind":2,"ov":0}
Oct 04 10:52:08 Pidrive python3[1245019]: [msc.reads] n=1 bytes=4096 lba=9529..9529 gap=4 ov=0
Oct 04 10:52:08 Pidrive python3[1245019]: [rx] {"t":"event","op":"diag","code":"play.reject","detail":"not_from_head uid=fav0 from=2689 +3551232B age=157354ms prefetch"}
Oct 04 10:52:08 Pidrive python3[1245019]: [msc] play.reject not_from_head uid=fav0 from=2689 +3551232B age=157354ms prefetch
Oct 04 10:52:08 Pidrive python3[1245019]: [rx] {"t":"event","op":"msc.reads","ms":373423,"gap":4,"lba0":9537,"lba1":9617,"bytes":45056,"n":11,"kind":2,"ov":0}
Oct 04 10:52:08 Pidrive python3[1245019]: [msc.reads] n=11 bytes=45056 lba=9537..9617 gap=4 ov=0
Oct 04 10:52:08 Pidrive python3[1245019]: [rx] {"t":"event","op":"msc.reads","ms":373477,"gap":17,"lba0":9625,"lba1":9625,"bytes":4096,"n":1,"kind":2,"ov":0}
Oct 04 10:52:08 Pidrive python3[1245019]: [msc.reads] n=1 bytes=4096 lba=9625..9625 gap=17 ov=0
Oct 04 10:52:08 Pidrive python3[1245019]: [rx] {"t":"event","op":"msc.reads","ms":373481,"gap":4,"lba0":9633,"lba1":9633,"bytes":4096,"n":1,"kind":2,"ov":0}
Oct 04 10:52:08 Pidrive python3[1245019]: [msc.reads] n=1 bytes=4096 lba=9633..9633 gap=4 ov=0
Oct 04 10:52:08 Pidrive python3[1245019]: [rx] {"t":"event","op":"msc.reads","ms":373484,"gap":3,"lba0":9641,"lba1":9641,"bytes":4096,"n":1,"kind":2,"ov":0}
Oct 04 10:52:08 Pidrive python3[1245019]: [msc.reads] n=1 bytes=4096 lba=9641..9641 gap=3 ov=0
Oct 04 10:52:08 Pidrive python3[1245019]: [rx] {"t":"event","op":"msc.reads","ms":373488,"gap":4,"lba0":9649,"lba1":9705,"bytes":32768,"n":8,"kind":2,"ov":0}
Oct 04 10:52:08 Pidrive python3[1245019]: [msc.reads] n=8 bytes=32768 lba=9649..9705 gap=4 ov=0
Oct 04 10:52:08 Pidrive python3[1245019]: [rx] {"t":"event","op":"msc.reads","ms":373518,"gap":4,"lba0":9713,"lba1":9713,"bytes":4096,"n":1,"kind":2,"ov":0}
Oct 04 10:52:08 Pidrive python3[1245019]: [msc.reads] n=1 bytes=4096 lba=9713..9713 gap=4 ov=0
Oct 04 10:52:08 Pidrive python3[1245019]: [rx] {"t":"event","op":"msc.reads","ms":373522,"gap":4,"lba0":9721,"lba1":9721,"bytes":4096,"n":1,"kind":2,"ov":0}
Oct 04 10:52:08 Pidrive python3[1245019]: [msc.reads] n=1 bytes=4096 lba=9721..9721 gap=4 ov=0
Oct 04 10:52:08 Pidrive python3[1245019]: [rx] {"t":"event","op":"msc.reads","ms":373526,"gap":4,"lba0":9729,"lba1":9729,"bytes":4096,"n":1,"kind":2,"ov":0}
Oct 04 10:52:08 Pidrive python3[1245019]: [msc.reads] n=1 bytes=4096 lba=9729..9729 gap=4 ov=0
Oct 04 10:52:08 Pidrive python3[1245019]: [rx] {"t":"event","op":"msc.reads","ms":373529,"gap":3,"lba0":9737,"lba1":9825,"bytes":49152,"n":12,"kind":2,"ov":0}
Oct 04 10:52:08 Pidrive python3[1245019]: [msc.reads] n=12 bytes=49152 lba=9737..9825 gap=3 ov=0
Oct 04 10:52:08 Pidrive python3[1245019]: [rx] {"t":"event","op":"msc.reads","ms":373573,"gap":4,"lba0":9833,"lba1":9833,"bytes":4096,"n":1,"kind":2,"ov":0}
Oct 04 10:52:08 Pidrive python3[1245019]: [msc.reads] n=1 bytes=4096 lba=9833..9833 gap=4 ov=0
Oct 04 10:52:08 Pidrive python3[1245019]: [rx] {"t":"event","op":"msc.reads","ms":373577,"gap":4,"lba0":9841,"lba1":9841,"bytes":4096,"n":1,"kind":2,"ov":0}
Oct 04 10:52:08 Pidrive python3[1245019]: [msc.reads] n=1 bytes=4096 lba=9841..9841 gap=4 ov=0
Oct 04 10:52:08 Pidrive python3[1245019]: [rx] {"t":"event","op":"msc.reads","ms":373581,"gap":4,"lba0":9849,"lba1":9849,"bytes":4096,"n":1,"kind":2,"ov":0}
Oct 04 10:52:08 Pidrive python3[1245019]: [msc.reads] n=1 bytes=4096 lba=9849..9849 gap=4 ov=0
Oct 04 10:52:08 Pidrive python3[1245019]: [rx] {"t":"event","op":"msc.reads","ms":373585,"gap":4,"lba0":9857,"lba1":9937,"bytes":45056,"n":11,"kind":2,"ov":0}
Oct 04 10:52:08 Pidrive python3[1245019]: [msc.reads] n=11 bytes=45056 lba=9857..9937 gap=4 ov=0
Oct 04 10:52:08 Pidrive python3[1245019]: [rx] {"t":"event","op":"msc.reads","ms":373626,"gap":4,"lba0":9945,"lba1":9945,"bytes":4096,"n":1,"kind":2,"ov":0}
Oct 04 10:52:08 Pidrive python3[1245019]: [msc.reads] n=1 bytes=4096 lba=9945..9945 gap=4 ov=0
Oct 04 10:52:08 Pidrive python3[1245019]: [rx] {"t":"event","op":"msc.reads","ms":373630,"gap":4,"lba0":9953,"lba1":9953,"bytes":4096,"n":1,"kind":2,"ov":0}
Oct 04 10:52:08 Pidrive python3[1245019]: [msc.reads] n=1 bytes=4096 lba=9953..9953 gap=4 ov=0
Oct 04 10:52:08 Pidrive python3[1245019]: [rx] {"t":"event","op":"msc.reads","ms":373634,"gap":4,"lba0":9961,"lba1":9961,"bytes":4096,"n":1,"kind":2,"ov":0}
Oct 04 10:52:08 Pidrive python3[1245019]: [msc.reads] n=1 bytes=4096 lba=9961..9961 gap=4 ov=0
Oct 04 10:52:08 Pidrive python3[1245019]: [rx] {"t":"event","op":"msc.reads","ms":373638,"gap":4,"lba0":9969,"lba1":10041,"bytes":40960,"n":10,"kind":2,"ov":0}
Oct 04 10:52:08 Pidrive python3[1245019]: [msc.reads] n=10 bytes=40960 lba=9969..10041 gap=4 ov=0
Oct 04 10:52:08 Pidrive python3[1245019]: [rx] {"t":"event","op":"msc.reads","ms":373675,"gap":4,"lba0":10049,"lba1":10049,"bytes":4096,"n":1,"kind":2,"ov":0}
Oct 04 10:52:08 Pidrive python3[1245019]: [msc.reads] n=1 bytes=4096 lba=10049..10049 gap=4 ov=0
Oct 04 10:52:08 Pidrive python3[1245019]: [rx] {"t":"event","op":"msc.reads","ms":373678,"gap":3,"lba0":10057,"lba1":10057,"bytes":4096,"n":1,"kind":2,"ov":0}
Oct 04 10:52:08 Pidrive python3[1245019]: [msc.reads] n=1 bytes=4096 lba=10057..10057 gap=3 ov=0
Oct 04 10:52:08 Pidrive python3[1245019]: [rx] {"t":"event","op":"msc.reads","ms":373682,"gap":4,"lba0":10065,"lba1":10073,"bytes":8192,"n":2,"kind":2,"ov":0}
Oct 04 10:52:08 Pidrive python3[1245019]: [msc.reads] n=2 bytes=8192 lba=10065..10073 gap=4 ov=0
Oct 04 10:52:08 Pidrive python3[1245019]: [rx] {"t":"event","op":"msc.reads","ms":373690,"gap":4,"lba0":10081,"lba1":10161,"bytes":45056,"n":11,"kind":2,"ov":0}
Oct 04 10:52:08 Pidrive python3[1245019]: [msc.reads] n=11 bytes=45056 lba=10081..10161 gap=4 ov=0
Oct 04 10:52:08 Pidrive python3[1245019]: [rx] {"t":"event","op":"msc.reads","ms":373730,"gap":3,"lba0":10169,"lba1":10169,"bytes":4096,"n":1,"kind":2,"ov":0}
Oct 04 10:52:08 Pidrive python3[1245019]: [msc.reads] n=1 bytes=4096 lba=10169..10169 gap=3 ov=0
Oct 04 10:52:08 Pidrive python3[1245019]: [rx] {"t":"event","op":"msc.reads","ms":373735,"gap":5,"lba0":10177,"lba1":10177,"bytes":4096,"n":1,"kind":2,"ov":0}
Oct 04 10:52:08 Pidrive python3[1245019]: [msc.reads] n=1 bytes=4096 lba=10177..10177 gap=5 ov=0
Oct 04 10:52:08 Pidrive python3[1245019]: [rx] {"t":"event","op":"msc.reads","ms":373738,"gap":3,"lba0":10185,"lba1":10185,"bytes":4096,"n":1,"kind":2,"ov":0}
Oct 04 10:52:08 Pidrive python3[1245019]: [msc.reads] n=1 bytes=4096 lba=10185..10185 gap=3 ov=0
Oct 04 10:52:08 Pidrive python3[1245019]: [rx] {"t":"event","op":"msc.reads","ms":373742,"gap":4,"lba0":10193,"lba1":10257,"bytes":36864,"n":9,"kind":2,"ov":0}
Oct 04 10:52:08 Pidrive python3[1245019]: [msc.reads] n=9 bytes=36864 lba=10193..10257 gap=4 ov=0
Oct 04 10:52:08 Pidrive python3[1245019]: [rx] {"t":"event","op":"msc.reads","ms":373775,"gap":3,"lba0":10265,"lba1":10265,"bytes":4096,"n":1,"kind":2,"ov":0}
Oct 04 10:52:08 Pidrive python3[1245019]: [msc.reads] n=1 bytes=4096 lba=10265..10265 gap=3 ov=0
Oct 04 10:52:08 Pidrive python3[1245019]: [rx] {"t":"event","op":"msc.reads","ms":373779,"gap":4,"lba0":10273,"lba1":10281,"bytes":8192,"n":2,"kind":2,"ov":0}
Oct 04 10:52:08 Pidrive python3[1245019]: [msc.reads] n=2 bytes=8192 lba=10273..10281 gap=4 ov=0
Oct 04 10:52:08 Pidrive python3[1245019]: [rx] {"t":"event","op":"msc.reads","ms":373787,"gap":4,"lba0":10289,"lba1":10289,"bytes":4096,"n":1,"kind":2,"ov":0}
Oct 04 10:52:08 Pidrive python3[1245019]: [msc.reads] n=1 bytes=4096 lba=10289..10289 gap=4 ov=0
Oct 04 10:52:08 Pidrive python3[1245019]: [rx] {"t":"event","op":"msc.reads","ms":373790,"gap":3,"lba0":10297,"lba1":10545,"bytes":131072,"n":32,"kind":2,"ov":0}
Oct 04 10:52:08 Pidrive python3[1245019]: [msc.reads] n=32 bytes=131072 lba=10297..10545 gap=3 ov=0
Oct 04 10:52:08 Pidrive python3[1245019]: [rx] {"t":"event","op":"msc.reads","ms":373909,"gap":3,"lba0":10553,"lba1":10553,"bytes":4096,"n":1,"kind":2,"ov":0}
Oct 04 10:52:08 Pidrive python3[1245019]: [msc.reads] n=1 bytes=4096 lba=10553..10553 gap=3 ov=0
Oct 04 10:52:08 Pidrive python3[1245019]: [rx] {"t":"event","op":"msc.reads","ms":373913,"gap":4,"lba0":10561,"lba1":10569,"bytes":8192,"n":2,"kind":2,"ov":0}
Oct 04 10:52:08 Pidrive python3[1245019]: [msc.reads] n=2 bytes=8192 lba=10561..10569 gap=4 ov=0
Oct 04 10:52:08 Pidrive python3[1245019]: [rx] {"t":"event","op":"msc.reads","ms":373921,"gap":4,"lba0":10577,"lba1":10577,"bytes":4096,"n":1,"kind":2,"ov":0}
Oct 04 10:52:08 Pidrive python3[1245019]: [msc.reads] n=1 bytes=4096 lba=10577..10577 gap=4 ov=0
Oct 04 10:52:08 Pidrive python3[1245019]: [rx] {"t":"event","op":"msc.reads","ms":373925,"gap":4,"lba0":10585,"lba1":10585,"bytes":4096,"n":1,"kind":2,"ov":0}
Oct 04 10:52:08 Pidrive python3[1245019]: [msc.reads] n=1 bytes=4096 lba=10585..10585 gap=4 ov=0
Oct 04 10:52:08 Pidrive python3[1245019]: [rx] {"t":"event","op":"msc.reads","ms":373929,"gap":4,"lba0":10593,"lba1":10601,"bytes":8192,"n":2,"kind":2,"ov":0}
Oct 04 10:52:08 Pidrive python3[1245019]: [msc.reads] n=2 bytes=8192 lba=10593..10601 gap=4 ov=0
Oct 04 10:52:08 Pidrive python3[1245019]: [rx] {"t":"event","op":"msc.reads","ms":373937,"gap":4,"lba0":10609,"lba1":10609,"bytes":4096,"n":1,"kind":2,"ov":0}
Oct 04 10:52:08 Pidrive python3[1245019]: [msc.reads] n=1 bytes=4096 lba=10609..10609 gap=4 ov=0
Oct 04 10:52:08 Pidrive python3[1245019]: [rx] {"t":"event","op":"msc.reads","ms":373941,"gap":4,"lba0":10617,"lba1":10617,"bytes":4096,"n":1,"kind":2,"ov":0}
Oct 04 10:52:08 Pidrive python3[1245019]: [msc.reads] n=1 bytes=4096 lba=10617..10617 gap=4 ov=0
Oct 04 10:52:08 Pidrive python3[1245019]: [rx] {"t":"event","op":"msc.reads","ms":373944,"gap":3,"lba0":10625,"lba1":10689,"bytes":36864,"n":9,"kind":2,"ov":0}
Oct 04 10:52:08 Pidrive python3[1245019]: [msc.reads] n=9 bytes=36864 lba=10625..10689 gap=3 ov=0
Oct 04 10:52:08 Pidrive python3[1245019]: [rx] {"t":"event","op":"msc.reads","ms":373978,"gap":4,"lba0":10697,"lba1":10697,"bytes":4096,"n":1,"kind":2,"ov":0}
Oct 04 10:52:08 Pidrive python3[1245019]: [msc.reads] n=1 bytes=4096 lba=10697..10697 gap=4 ov=0
Oct 04 10:52:08 Pidrive python3[1245019]: [rx] {"t":"event","op":"msc.reads","ms":373981,"gap":3,"lba0":10705,"lba1":10705,"bytes":4096,"n":1,"kind":2,"ov":0}
Oct 04 10:52:08 Pidrive python3[1245019]: [msc.reads] n=1 bytes=4096 lba=10705..10705 gap=3 ov=0
Oct 04 10:52:08 Pidrive python3[1245019]: [rx] {"t":"event","op":"msc.reads","ms":373985,"gap":4,"lba0":10713,"lba1":10713,"bytes":4096,"n":1,"kind":2,"ov":0}
Oct 04 10:52:08 Pidrive python3[1245019]: [msc.reads] n=1 bytes=4096 lba=10713..10713 gap=4 ov=0
Oct 04 10:52:08 Pidrive python3[1245019]: [rx] {"t":"event","op":"msc.reads","ms":373989,"gap":4,"lba0":10721,"lba1":10793,"bytes":40960,"n":10,"kind":2,"ov":0}
Oct 04 10:52:08 Pidrive python3[1245019]: [msc.reads] n=10 bytes=40960 lba=10721..10793 gap=4 ov=0
Oct 04 10:52:08 Pidrive python3[1245019]: [rx] {"t":"event","op":"msc.reads","ms":374026,"gap":4,"lba0":10801,"lba1":10801,"bytes":4096,"n":1,"kind":2,"ov":0}
Oct 04 10:52:08 Pidrive python3[1245019]: [msc.reads] n=1 bytes=4096 lba=10801..10801 gap=4 ov=0
Oct 04 10:52:08 Pidrive python3[1245019]: [rx] {"t":"event","op":"msc.reads","ms":374030,"gap":4,"lba0":10809,"lba1":10809,"bytes":4096,"n":1,"kind":2,"ov":0}
Oct 04 10:52:08 Pidrive python3[1245019]: [msc.reads] n=1 bytes=4096 lba=10809..10809 gap=4 ov=0
Oct 04 10:52:08 Pidrive python3[1245019]: [rx] {"t":"event","op":"msc.reads","ms":374034,"gap":4,"lba0":10817,"lba1":10817,"bytes":4096,"n":1,"kind":2,"ov":0}
Oct 04 10:52:08 Pidrive python3[1245019]: [msc.reads] n=1 bytes=4096 lba=10817..10817 gap=4 ov=0
Oct 04 10:52:08 Pidrive python3[1245019]: [rx] {"t":"event","op":"msc.reads","ms":374038,"gap":4,"lba0":10825,"lba1":10825,"bytes":4096,"n":1,"kind":2,"ov":0}
Oct 04 10:52:08 Pidrive python3[1245019]: [msc.reads] n=1 bytes=4096 lba=10825..10825 gap=4 ov=0
Oct 04 10:52:08 Pidrive python3[1245019]: [rx] {"t":"event","op":"msc.reads","ms":374041,"gap":3,"lba0":10833,"lba1":10921,"bytes":49152,"n":12,"kind":2,"ov":0}
Oct 04 10:52:08 Pidrive python3[1245019]: [msc.reads] n=12 bytes=49152 lba=10833..10921 gap=3 ov=0
Oct 04 10:52:08 Pidrive python3[1245019]: [rx] {"t":"event","op":"msc.reads","ms":374086,"gap":4,"lba0":10929,"lba1":10929,"bytes":4096,"n":1,"kind":2,"ov":0}
Oct 04 10:52:08 Pidrive python3[1245019]: [msc.reads] n=1 bytes=4096 lba=10929..10929 gap=4 ov=0
Oct 04 10:52:08 Pidrive python3[1245019]: [rx] {"t":"event","op":"msc.reads","ms":374090,"gap":4,"lba0":10937,"lba1":10937,"bytes":4096,"n":1,"kind":2,"ov":0}
Oct 04 10:52:08 Pidrive python3[1245019]: [msc.reads] n=1 bytes=4096 lba=10937..10937 gap=4 ov=0
Oct 04 10:52:08 Pidrive python3[1245019]: [rx] {"t":"event","op":"msc.reads","ms":374093,"gap":3,"lba0":10945,"lba1":10945,"bytes":4096,"n":1,"kind":2,"ov":0}
Oct 04 10:52:08 Pidrive python3[1245019]: [msc.reads] n=1 bytes=4096 lba=10945..10945 gap=3 ov=0
Oct 04 10:52:08 Pidrive python3[1245019]: [rx] {"t":"event","op":"msc.reads","ms":374097,"gap":4,"lba0":10953,"lba1":11025,"bytes":40960,"n":10,"kind":2,"ov":0}
Oct 04 10:52:08 Pidrive python3[1245019]: [msc.reads] n=10 bytes=40960 lba=10953..11025 gap=4 ov=0
Oct 04 10:52:08 Pidrive python3[1245019]: [rx] {"t":"event","op":"msc.reads","ms":374134,"gap":4,"lba0":11033,"lba1":11033,"bytes":4096,"n":1,"kind":2,"ov":0}
Oct 04 10:52:08 Pidrive python3[1245019]: [msc.reads] n=1 bytes=4096 lba=11033..11033 gap=4 ov=0
Oct 04 10:52:08 Pidrive python3[1245019]: [rx] {"t":"event","op":"msc.reads","ms":374138,"gap":4,"lba0":11041,"lba1":11041,"bytes":4096,"n":1,"kind":2,"ov":0}
Oct 04 10:52:08 Pidrive python3[1245019]: [msc.reads] n=1 bytes=4096 lba=11041..11041 gap=4 ov=0
Oct 04 10:52:08 Pidrive python3[1245019]: [rx] {"t":"event","op":"msc.reads","ms":374142,"gap":4,"lba0":11049,"lba1":11049,"bytes":4096,"n":1,"kind":2,"ov":0}
Oct 04 10:52:08 Pidrive python3[1245019]: [msc.reads] n=1 bytes=4096 lba=11049..11049 gap=4 ov=0
Oct 04 10:52:08 Pidrive python3[1245019]: [rx] {"t":"event","op":"msc.reads","ms":374145,"gap":3,"lba0":11057,"lba1":11137,"bytes":45056,"n":11,"kind":2,"ov":0}
Oct 04 10:52:08 Pidrive python3[1245019]: [msc.reads] n=11 bytes=45056 lba=11057..11137 gap=3 ov=0
Oct 04 10:52:08 Pidrive python3[1245019]: [rx] {"t":"event","op":"msc.reads","ms":374186,"gap":4,"lba0":11145,"lba1":11145,"bytes":4096,"n":1,"kind":2,"ov":0}
Oct 04 10:52:08 Pidrive python3[1245019]: [msc.reads] n=1 bytes=4096 lba=11145..11145 gap=4 ov=0
Oct 04 10:52:08 Pidrive python3[1245019]: [rx] {"t":"event","op":"msc.reads","ms":374190,"gap":4,"lba0":11153,"lba1":11153,"bytes":4096,"n":1,"kind":2,"ov":0}
Oct 04 10:52:08 Pidrive python3[1245019]: [msc.reads] n=1 bytes=4096 lba=11153..11153 gap=4 ov=0
Oct 04 10:52:08 Pidrive python3[1245019]: [rx] {"t":"event","op":"msc.reads","ms":374194,"gap":4,"lba0":11161,"lba1":11161,"bytes":4096,"n":1,"kind":2,"ov":0}
Oct 04 10:52:08 Pidrive python3[1245019]: [msc.reads] n=1 bytes=4096 lba=11161..11161 gap=4 ov=0
Oct 04 10:52:09 Pidrive python3[1245019]: [rx] {"t":"event","op":"diag","code":"play.reject","detail":"not_from_head uid=fav0 from=2689 +4415488B age=158156ms prefetch"}
Oct 04 10:52:09 Pidrive python3[1245019]: [msc] play.reject not_from_head uid=fav0 from=2689 +4415488B age=158156ms prefetch
Oct 04 10:52:09 Pidrive python3[1245019]: [rx] {"t":"event","op":"msc.reads","ms":374198,"gap":4,"lba0":11169,"lba1":11313,"bytes":77824,"n":19,"kind":2,"ov":0}
Oct 04 10:52:09 Pidrive python3[1245019]: [msc.reads] n=19 bytes=77824 lba=11169..11313 gap=4 ov=0
Oct 04 10:52:09 Pidrive python3[1245019]: [rx] {"t":"event","op":"msc.reads","ms":374284,"gap":4,"lba0":11321,"lba1":11329,"bytes":8192,"n":2,"kind":2,"ov":0}
Oct 04 10:52:09 Pidrive python3[1245019]: [msc.reads] n=2 bytes=8192 lba=11321..11329 gap=4 ov=0
Oct 04 10:52:09 Pidrive python3[1245019]: [rx] {"t":"event","op":"msc.reads","ms":374292,"gap":4,"lba0":11337,"lba1":11337,"bytes":4096,"n":1,"kind":2,"ov":0}
Oct 04 10:52:09 Pidrive python3[1245019]: [msc.reads] n=1 bytes=4096 lba=11337..11337 gap=4 ov=0
Oct 04 10:52:09 Pidrive python3[1245019]: [rx] {"t":"event","op":"msc.reads","ms":374295,"gap":3,"lba0":11345,"lba1":11345,"bytes":4096,"n":1,"kind":2,"ov":0}
Oct 04 10:52:09 Pidrive python3[1245019]: [msc.reads] n=1 bytes=4096 lba=11345..11345 gap=3 ov=0
Oct 04 10:52:09 Pidrive python3[1245019]: [rx] {"t":"event","op":"msc.reads","ms":374299,"gap":4,"lba0":11353,"lba1":11425,"bytes":40960,"n":10,"kind":2,"ov":0}
Oct 04 10:52:09 Pidrive python3[1245019]: [msc.reads] n=10 bytes=40960 lba=11353..11425 gap=4 ov=0
Oct 04 10:52:09 Pidrive python3[1245019]: [rx] {"t":"event","op":"msc.reads","ms":374337,"gap":4,"lba0":11433,"lba1":11433,"bytes":4096,"n":1,"kind":2,"ov":0}
Oct 04 10:52:09 Pidrive python3[1245019]: [msc.reads] n=1 bytes=4096 lba=11433..11433 gap=4 ov=0
Oct 04 10:52:09 Pidrive python3[1245019]: [rx] {"t":"event","op":"msc.reads","ms":374341,"gap":4,"lba0":11441,"lba1":11441,"bytes":4096,"n":1,"kind":2,"ov":0}
Oct 04 10:52:09 Pidrive python3[1245019]: [msc.reads] n=1 bytes=4096 lba=11441..11441 gap=4 ov=0
Oct 04 10:52:09 Pidrive python3[1245019]: [rx] {"t":"event","op":"msc.reads","ms":374345,"gap":4,"lba0":11449,"lba1":11449,"bytes":4096,"n":1,"kind":2,"ov":0}
Oct 04 10:52:09 Pidrive python3[1245019]: [msc.reads] n=1 bytes=4096 lba=11449..11449 gap=4 ov=0
Oct 04 10:52:09 Pidrive python3[1245019]: [rx] {"t":"event","op":"msc.reads","ms":374348,"gap":3,"lba0":11457,"lba1":11457,"bytes":4096,"n":1,"kind":2,"ov":0}
Oct 04 10:52:09 Pidrive python3[1245019]: [msc.reads] n=1 bytes=4096 lba=11457..11457 gap=3 ov=0
Oct 04 10:52:09 Pidrive python3[1245019]: [rx] {"t":"event","op":"msc.reads","ms":374352,"gap":4,"lba0":11465,"lba1":11529,"bytes":36864,"n":9,"kind":2,"ov":0}
Oct 04 10:52:09 Pidrive python3[1245019]: [msc.reads] n=9 bytes=36864 lba=11465..11529 gap=4 ov=0
Oct 04 10:52:09 Pidrive python3[1245019]: [rx] {"t":"event","op":"msc.reads","ms":374385,"gap":4,"lba0":11537,"lba1":11537,"bytes":4096,"n":1,"kind":2,"ov":0}
Oct 04 10:52:09 Pidrive python3[1245019]: [msc.reads] n=1 bytes=4096 lba=11537..11537 gap=4 ov=0
Oct 04 10:52:09 Pidrive python3[1245019]: [rx] {"t":"event","op":"msc.reads","ms":374389,"gap":4,"lba0":11545,"lba1":11545,"bytes":4096,"n":1,"kind":2,"ov":0}
Oct 04 10:52:09 Pidrive python3[1245019]: [msc.reads] n=1 bytes=4096 lba=11545..11545 gap=4 ov=0
Oct 04 10:52:09 Pidrive python3[1245019]: [rx] {"t":"event","op":"msc.reads","ms":374393,"gap":4,"lba0":11553,"lba1":11553,"bytes":4096,"n":1,"kind":2,"ov":0}
Oct 04 10:52:09 Pidrive python3[1245019]: [msc.reads] n=1 bytes=4096 lba=11553..11553 gap=4 ov=0
Oct 04 10:52:09 Pidrive python3[1245019]: [rx] {"t":"event","op":"msc.reads","ms":374397,"gap":4,"lba0":11561,"lba1":11561,"bytes":4096,"n":1,"kind":2,"ov":0}
Oct 04 10:52:09 Pidrive python3[1245019]: [msc.reads] n=1 bytes=4096 lba=11561..11561 gap=4 ov=0
Oct 04 10:52:09 Pidrive python3[1245019]: [rx] {"t":"event","op":"msc.reads","ms":374401,"gap":4,"lba0":11569,"lba1":11569,"bytes":4096,"n":1,"kind":2,"ov":0}
Oct 04 10:52:09 Pidrive python3[1245019]: [msc.reads] n=1 bytes=4096 lba=11569..11569 gap=4 ov=0
Oct 04 10:52:09 Pidrive python3[1245019]: [rx] {"t":"event","op":"msc.reads","ms":374405,"gap":4,"lba0":11577,"lba1":11649,"bytes":40960,"n":10,"kind":2,"ov":0}
Oct 04 10:52:09 Pidrive python3[1245019]: [msc.reads] n=10 bytes=40960 lba=11577..11649 gap=4 ov=0
Oct 04 10:52:09 Pidrive python3[1245019]: [rx] {"t":"event","op":"msc.reads","ms":374442,"gap":3,"lba0":11657,"lba1":11657,"bytes":4096,"n":1,"kind":2,"ov":0}
Oct 04 10:52:09 Pidrive python3[1245019]: [msc.reads] n=1 bytes=4096 lba=11657..11657 gap=3 ov=0
Oct 04 10:52:09 Pidrive python3[1245019]: [rx] {"t":"event","op":"msc.reads","ms":374446,"gap":4,"lba0":11665,"lba1":11665,"bytes":4096,"n":1,"kind":2,"ov":0}
Oct 04 10:52:09 Pidrive python3[1245019]: [msc.reads] n=1 bytes=4096 lba=11665..11665 gap=4 ov=0
Oct 04 10:52:09 Pidrive python3[1245019]: [rx] {"t":"event","op":"msc.reads","ms":374450,"gap":4,"lba0":11673,"lba1":11673,"bytes":4096,"n":1,"kind":2,"ov":0}
Oct 04 10:52:09 Pidrive python3[1245019]: [msc.reads] n=1 bytes=4096 lba=11673..11673 gap=4 ov=0
Oct 04 10:52:09 Pidrive python3[1245019]: [rx] {"t":"event","op":"msc.reads","ms":374454,"gap":4,"lba0":11681,"lba1":11753,"bytes":40960,"n":10,"kind":2,"ov":0}
Oct 04 10:52:09 Pidrive python3[1245019]: [msc.reads] n=10 bytes=40960 lba=11681..11753 gap=4 ov=0
Oct 04 10:52:09 Pidrive python3[1245019]: [rx] {"t":"event","op":"msc.reads","ms":374491,"gap":4,"lba0":11761,"lba1":11761,"bytes":4096,"n":1,"kind":2,"ov":0}
Oct 04 10:52:09 Pidrive python3[1245019]: [msc.reads] n=1 bytes=4096 lba=11761..11761 gap=4 ov=0
Oct 04 10:52:09 Pidrive python3[1245019]: [rx] {"t":"event","op":"msc.reads","ms":374494,"gap":3,"lba0":11769,"lba1":11769,"bytes":4096,"n":1,"kind":2,"ov":0}
Oct 04 10:52:09 Pidrive python3[1245019]: [msc.reads] n=1 bytes=4096 lba=11769..11769 gap=3 ov=0
Oct 04 10:52:09 Pidrive python3[1245019]: [rx] {"t":"event","op":"msc.reads","ms":374498,"gap":4,"lba0":11777,"lba1":11777,"bytes":4096,"n":1,"kind":2,"ov":0}
Oct 04 10:52:09 Pidrive python3[1245019]: [msc.reads] n=1 bytes=4096 lba=11777..11777 gap=4 ov=0
Oct 04 10:52:09 Pidrive python3[1245019]: [rx] {"t":"event","op":"msc.reads","ms":374502,"gap":4,"lba0":11785,"lba1":11849,"bytes":36864,"n":9,"kind":2,"ov":0}
Oct 04 10:52:09 Pidrive python3[1245019]: [msc.reads] n=9 bytes=36864 lba=11785..11849 gap=4 ov=0
Oct 04 10:52:09 Pidrive python3[1245019]: [rx] {"t":"event","op":"msc.reads","ms":374536,"gap":4,"lba0":11857,"lba1":11857,"bytes":4096,"n":1,"kind":2,"ov":0}
Oct 04 10:52:09 Pidrive python3[1245019]: [msc.reads] n=1 bytes=4096 lba=11857..11857 gap=4 ov=0
Oct 04 10:52:09 Pidrive python3[1245019]: [rx] {"t":"event","op":"msc.reads","ms":374540,"gap":4,"lba0":11865,"lba1":11865,"bytes":4096,"n":1,"kind":2,"ov":0}
Oct 04 10:52:09 Pidrive python3[1245019]: [msc.reads] n=1 bytes=4096 lba=11865..11865 gap=4 ov=0
Oct 04 10:52:09 Pidrive python3[1245019]: [rx] {"t":"event","op":"msc.reads","ms":374543,"gap":3,"lba0":11873,"lba1":11873,"bytes":4096,"n":1,"kind":2,"ov":0}
Oct 04 10:52:09 Pidrive python3[1245019]: [msc.reads] n=1 bytes=4096 lba=11873..11873 gap=3 ov=0
Oct 04 10:52:09 Pidrive python3[1245019]: [rx] {"t":"event","op":"msc.reads","ms":374547,"gap":4,"lba0":11881,"lba1":11881,"bytes":4096,"n":1,"kind":2,"ov":0}
Oct 04 10:52:09 Pidrive python3[1245019]: [msc.reads] n=1 bytes=4096 lba=11881..11881 gap=4 ov=0
Oct 04 10:52:09 Pidrive python3[1245019]: [rx] {"t":"event","op":"msc.reads","ms":374551,"gap":4,"lba0":11889,"lba1":11889,"bytes":4096,"n":1,"kind":2,"ov":0}
Oct 04 10:52:09 Pidrive python3[1245019]: [msc.reads] n=1 bytes=4096 lba=11889..11889 gap=4 ov=0
Oct 04 10:52:09 Pidrive python3[1245019]: [rx] {"t":"event","op":"msc.reads","ms":374555,"gap":4,"lba0":11897,"lba1":11977,"bytes":45056,"n":11,"kind":2,"ov":0}
Oct 04 10:52:09 Pidrive python3[1245019]: [msc.reads] n=11 bytes=45056 lba=11897..11977 gap=4 ov=0
Oct 04 10:52:09 Pidrive python3[1245019]: [rx] {"t":"event","op":"msc.reads","ms":374596,"gap":4,"lba0":11985,"lba1":11985,"bytes":4096,"n":1,"kind":2,"ov":0}
Oct 04 10:52:09 Pidrive python3[1245019]: [msc.reads] n=1 bytes=4096 lba=11985..11985 gap=4 ov=0
Oct 04 10:52:09 Pidrive python3[1245019]: [rx] {"t":"event","op":"msc.reads","ms":374599,"gap":3,"lba0":11993,"lba1":11993,"bytes":4096,"n":1,"kind":2,"ov":0}
Oct 04 10:52:09 Pidrive python3[1245019]: [msc.reads] n=1 bytes=4096 lba=11993..11993 gap=3 ov=0
Oct 04 10:52:09 Pidrive python3[1245019]: [rx] {"t":"event","op":"msc.reads","ms":374603,"gap":4,"lba0":12001,"lba1":12001,"bytes":4096,"n":1,"kind":2,"ov":0}
Oct 04 10:52:09 Pidrive python3[1245019]: [msc.reads] n=1 bytes=4096 lba=12001..12001 gap=4 ov=0
Oct 04 10:52:09 Pidrive python3[1245019]: [rx] {"t":"event","op":"msc.reads","ms":374607,"gap":4,"lba0":12009,"lba1":12081,"bytes":40960,"n":10,"kind":2,"ov":0}
Oct 04 10:52:09 Pidrive python3[1245019]: [msc.reads] n=10 bytes=40960 lba=12009..12081 gap=4 ov=0
Oct 04 10:52:09 Pidrive python3[1245019]: [rx] {"t":"event","op":"msc.reads","ms":374644,"gap":4,"lba0":12089,"lba1":12089,"bytes":4096,"n":1,"kind":2,"ov":0}
Oct 04 10:52:09 Pidrive python3[1245019]: [msc.reads] n=1 bytes=4096 lba=12089..12089 gap=4 ov=0
Oct 04 10:52:09 Pidrive python3[1245019]: [rx] {"t":"event","op":"msc.reads","ms":374648,"gap":4,"lba0":12097,"lba1":12097,"bytes":4096,"n":1,"kind":2,"ov":0}
Oct 04 10:52:09 Pidrive python3[1245019]: [msc.reads] n=1 bytes=4096 lba=12097..12097 gap=4 ov=0
Oct 04 10:52:09 Pidrive python3[1245019]: [rx] {"t":"event","op":"msc.reads","ms":374652,"gap":4,"lba0":12105,"lba1":12105,"bytes":4096,"n":1,"kind":2,"ov":0}
Oct 04 10:52:09 Pidrive python3[1245019]: [msc.reads] n=1 bytes=4096 lba=12105..12105 gap=4 ov=0
Oct 04 10:52:09 Pidrive python3[1245019]: [rx] {"t":"event","op":"msc.reads","ms":374655,"gap":3,"lba0":12113,"lba1":12177,"bytes":36864,"n":9,"kind":2,"ov":0}
Oct 04 10:52:09 Pidrive python3[1245019]: [msc.reads] n=9 bytes=36864 lba=12113..12177 gap=3 ov=0
Oct 04 10:52:09 Pidrive python3[1245019]: [rx] {"t":"event","op":"msc.reads","ms":374688,"gap":3,"lba0":12185,"lba1":12193,"bytes":8192,"n":2,"kind":2,"ov":0}
Oct 04 10:52:09 Pidrive python3[1245019]: [msc.reads] n=2 bytes=8192 lba=12185..12193 gap=3 ov=0
Oct 04 10:52:09 Pidrive python3[1245019]: [rx] {"t":"event","op":"msc.reads","ms":374696,"gap":4,"lba0":12201,"lba1":12201,"bytes":4096,"n":1,"kind":2,"ov":0}
Oct 04 10:52:09 Pidrive python3[1245019]: [msc.reads] n=1 bytes=4096 lba=12201..12201 gap=4 ov=0
Oct 04 10:52:09 Pidrive python3[1245019]: [rx] {"t":"event","op":"msc.reads","ms":374700,"gap":4,"lba0":12209,"lba1":12209,"bytes":4096,"n":1,"kind":2,"ov":0}
Oct 04 10:52:09 Pidrive python3[1245019]: [msc.reads] n=1 bytes=4096 lba=12209..12209 gap=4 ov=0
Oct 04 10:52:09 Pidrive python3[1245019]: [rx] {"t":"event","op":"msc.reads","ms":374704,"gap":4,"lba0":12217,"lba1":12217,"bytes":4096,"n":1,"kind":2,"ov":0}
Oct 04 10:52:09 Pidrive python3[1245019]: [msc.reads] n=1 bytes=4096 lba=12217..12217 gap=4 ov=0
Oct 04 10:52:09 Pidrive python3[1245019]: [rx] {"t":"event","op":"msc.reads","ms":374708,"gap":4,"lba0":12225,"lba1":12225,"bytes":4096,"n":1,"kind":2,"ov":0}
Oct 04 10:52:09 Pidrive python3[1245019]: [msc.reads] n=1 bytes=4096 lba=12225..12225 gap=4 ov=0
Oct 04 10:52:09 Pidrive python3[1245019]: [rx] {"t":"event","op":"msc.reads","ms":374712,"gap":4,"lba0":12233,"lba1":12305,"bytes":40960,"n":10,"kind":2,"ov":0}
Oct 04 10:52:09 Pidrive python3[1245019]: [msc.reads] n=10 bytes=40960 lba=12233..12305 gap=4 ov=0
Oct 04 10:52:09 Pidrive python3[1245019]: [rx] {"t":"event","op":"msc.reads","ms":374749,"gap":4,"lba0":12313,"lba1":12313,"bytes":4096,"n":1,"kind":2,"ov":0}
Oct 04 10:52:09 Pidrive python3[1245019]: [msc.reads] n=1 bytes=4096 lba=12313..12313 gap=4 ov=0
Oct 04 10:52:09 Pidrive python3[1245019]: [rx] {"t":"event","op":"msc.reads","ms":374752,"gap":3,"lba0":12321,"lba1":12321,"bytes":4096,"n":1,"kind":2,"ov":0}
Oct 04 10:52:09 Pidrive python3[1245019]: [msc.reads] n=1 bytes=4096 lba=12321..12321 gap=3 ov=0
Oct 04 10:52:09 Pidrive python3[1245019]: [rx] {"t":"event","op":"msc.reads","ms":374756,"gap":4,"lba0":12329,"lba1":12329,"bytes":4096,"n":1,"kind":2,"ov":0}
Oct 04 10:52:09 Pidrive python3[1245019]: [msc.reads] n=1 bytes=4096 lba=12329..12329 gap=4 ov=0
Oct 04 10:52:09 Pidrive python3[1245019]: [rx] {"t":"event","op":"msc.reads","ms":374760,"gap":4,"lba0":12337,"lba1":12473,"bytes":73728,"n":18,"kind":2,"ov":0}
Oct 04 10:52:09 Pidrive python3[1245019]: [msc.reads] n=18 bytes=73728 lba=12337..12473 gap=4 ov=0
Oct 04 10:52:09 Pidrive python3[1245019]: [rx] {"t":"event","op":"msc.reads","ms":374826,"gap":4,"lba0":12481,"lba1":12481,"bytes":4096,"n":1,"kind":2,"ov":0}
Oct 04 10:52:09 Pidrive python3[1245019]: [msc.reads] n=1 bytes=4096 lba=12481..12481 gap=4 ov=0
Oct 04 10:52:09 Pidrive python3[1245019]: [rx] {"t":"event","op":"msc.reads","ms":374830,"gap":4,"lba0":12489,"lba1":12489,"bytes":4096,"n":1,"kind":2,"ov":0}
Oct 04 10:52:09 Pidrive python3[1245019]: [msc.reads] n=1 bytes=4096 lba=12489..12489 gap=4 ov=0
Oct 04 10:52:09 Pidrive python3[1245019]: [rx] {"t":"event","op":"msc.reads","ms":374834,"gap":4,"lba0":12497,"lba1":12497,"bytes":4096,"n":1,"kind":2,"ov":0}
Oct 04 10:52:09 Pidrive python3[1245019]: [msc.reads] n=1 bytes=4096 lba=12497..12497 gap=4 ov=0
Oct 04 10:52:09 Pidrive python3[1245019]: [rx] {"t":"event","op":"msc.reads","ms":374838,"gap":4,"lba0":12505,"lba1":12505,"bytes":4096,"n":1,"kind":2,"ov":0}
Oct 04 10:52:09 Pidrive python3[1245019]: [msc.reads] n=1 bytes=4096 lba=12505..12505 gap=4 ov=0
Oct 04 10:52:09 Pidrive python3[1245019]: [rx] {"t":"event","op":"msc.reads","ms":374843,"gap":5,"lba0":12513,"lba1":12513,"bytes":4096,"n":1,"kind":2,"ov":0}
Oct 04 10:52:09 Pidrive python3[1245019]: [msc.reads] n=1 bytes=4096 lba=12513..12513 gap=5 ov=0
Oct 04 10:52:09 Pidrive python3[1245019]: [rx] {"t":"event","op":"msc.reads","ms":374846,"gap":3,"lba0":12521,"lba1":12529,"bytes":8192,"n":2,"kind":2,"ov":0}
Oct 04 10:52:09 Pidrive python3[1245019]: [msc.reads] n=2 bytes=8192 lba=12521..12529 gap=3 ov=0
Oct 04 10:52:09 Pidrive python3[1245019]: [rx] {"t":"event","op":"msc.reads","ms":374854,"gap":4,"lba0":12537,"lba1":12537,"bytes":4096,"n":1,"kind":2,"ov":0}
Oct 04 10:52:09 Pidrive python3[1245019]: [msc.reads] n=1 bytes=4096 lba=12537..12537 gap=4 ov=0
Oct 04 10:52:09 Pidrive python3[1245019]: [rx] {"t":"event","op":"msc.reads","ms":374858,"gap":4,"lba0":12545,"lba1":12545,"bytes":4096,"n":1,"kind":2,"ov":0}
Oct 04 10:52:09 Pidrive python3[1245019]: [msc.reads] n=1 bytes=4096 lba=12545..12545 gap=4 ov=0
Oct 04 10:52:09 Pidrive python3[1245019]: [rx] {"t":"event","op":"msc.reads","ms":374862,"gap":4,"lba0":12553,"lba1":12601,"bytes":28672,"n":7,"kind":2,"ov":0}
Oct 04 10:52:09 Pidrive python3[1245019]: [msc.reads] n=7 bytes=28672 lba=12553..12601 gap=4 ov=0
Oct 04 10:52:09 Pidrive python3[1245019]: [rx] {"t":"event","op":"msc.reads","ms":374888,"gap":4,"lba0":12609,"lba1":12625,"bytes":12288,"n":3,"kind":2,"ov":0}
Oct 04 10:52:09 Pidrive python3[1245019]: [msc.reads] n=3 bytes=12288 lba=12609..12625 gap=4 ov=0
Oct 04 10:52:09 Pidrive python3[1245019]: [rx] {"t":"event","op":"msc.reads","ms":374899,"gap":4,"lba0":12633,"lba1":12633,"bytes":4096,"n":1,"kind":2,"ov":0}
Oct 04 10:52:09 Pidrive python3[1245019]: [msc.reads] n=1 bytes=4096 lba=12633..12633 gap=4 ov=0
Oct 04 10:52:09 Pidrive python3[1245019]: [rx] {"t":"event","op":"msc.reads","ms":374903,"gap":4,"lba0":12641,"lba1":12641,"bytes":4096,"n":1,"kind":2,"ov":0}
Oct 04 10:52:09 Pidrive python3[1245019]: [msc.reads] n=1 bytes=4096 lba=12641..12641 gap=4 ov=0
Oct 04 10:52:09 Pidrive python3[1245019]: [rx] {"t":"event","op":"msc.reads","ms":374907,"gap":4,"lba0":12649,"lba1":12649,"bytes":4096,"n":1,"kind":2,"ov":0}
Oct 04 10:52:09 Pidrive python3[1245019]: [msc.reads] n=1 bytes=4096 lba=12649..12649 gap=4 ov=0
Oct 04 10:52:09 Pidrive python3[1245019]: [rx] {"t":"event","op":"msc.reads","ms":374911,"gap":4,"lba0":12657,"lba1":12657,"bytes":4096,"n":1,"kind":2,"ov":0}
Oct 04 10:52:09 Pidrive python3[1245019]: [msc.reads] n=1 bytes=4096 lba=12657..12657 gap=4 ov=0
Oct 04 10:52:09 Pidrive python3[1245019]: [rx] {"t":"event","op":"msc.reads","ms":374914,"gap":3,"lba0":12665,"lba1":12817,"bytes":81920,"n":20,"kind":2,"ov":0}
Oct 04 10:52:09 Pidrive python3[1245019]: [msc.reads] n=20 bytes=81920 lba=12665..12817 gap=3 ov=0
Oct 04 10:52:09 Pidrive python3[1245019]: [rx] {"t":"event","op":"msc.reads","ms":374988,"gap":4,"lba0":12825,"lba1":12825,"bytes":4096,"n":1,"kind":2,"ov":0}
Oct 04 10:52:09 Pidrive python3[1245019]: [msc.reads] n=1 bytes=4096 lba=12825..12825 gap=4 ov=0
Oct 04 10:52:09 Pidrive python3[1245019]: [tx] {"t":"ping"}
Oct 04 10:52:09 Pidrive python3[1245019]: [rx] {"t":"event","op":"msc.reads","ms":374992,"gap":4,"lba0":12833,"lba1":12833,"bytes":4096,"n":1,"kind":2,"ov":0}
Oct 04 10:52:09 Pidrive python3[1245019]: [msc.reads] n=1 bytes=4096 lba=12833..12833 gap=4 ov=0
Oct 04 10:52:09 Pidrive python3[1245019]: [rx] {"t":"event","op":"msc.reads","ms":374996,"gap":4,"lba0":12841,"lba1":12841,"bytes":4096,"n":1,"kind":2,"ov":0}
Oct 04 10:52:09 Pidrive python3[1245019]: [msc.reads] n=1 bytes=4096 lba=12841..12841 gap=4 ov=0
Oct 04 10:52:09 Pidrive python3[1245019]: [rx] {"t":"event","op":"msc.reads","ms":374999,"gap":3,"lba0":12849,"lba1":12849,"bytes":4096,"n":1,"kind":2,"ov":0}
Oct 04 10:52:09 Pidrive python3[1245019]: [msc.reads] n=1 bytes=4096 lba=12849..12849 gap=3 ov=0
Oct 04 10:52:09 Pidrive python3[1245019]: [rx] {"t":"event","op":"msc.reads","ms":375003,"gap":4,"lba0":12857,"lba1":12857,"bytes":4096,"n":1,"kind":2,"ov":0}
Oct 04 10:52:09 Pidrive python3[1245019]: [msc.reads] n=1 bytes=4096 lba=12857..12857 gap=4 ov=0
Oct 04 10:52:09 Pidrive python3[1245019]: [rx] {"t":"event","op":"msc.reads","ms":375007,"gap":4,"lba0":12865,"lba1":12865,"bytes":4096,"n":1,"kind":2,"ov":0}
Oct 04 10:52:09 Pidrive python3[1245019]: [msc.reads] n=1 bytes=4096 lba=12865..12865 gap=4 ov=0
Oct 04 10:52:09 Pidrive python3[1245019]: [rx] {"t":"event","op":"diag","code":"play.reject","detail":"not_from_head uid=fav0 from=2689 +5275648B age=158956ms prefetch"}
Oct 04 10:52:09 Pidrive python3[1245019]: [msc] play.reject not_from_head uid=fav0 from=2689 +5275648B age=158956ms prefetch
Oct 04 10:52:09 Pidrive python3[1245019]: [rx] {"t":"event","op":"msc.reads","ms":375011,"gap":4,"lba0":12873,"lba1":13121,"bytes":131072,"n":32,"kind":2,"ov":0}
Oct 04 10:52:09 Pidrive python3[1245019]: [msc.reads] n=32 bytes=131072 lba=12873..13121 gap=4 ov=0
Oct 04 10:52:09 Pidrive python3[1245019]: [rx] {"t":"event","op":"msc.reads","ms":375146,"gap":4,"lba0":13129,"lba1":13137,"bytes":8192,"n":2,"kind":2,"ov":0}
Oct 04 10:52:09 Pidrive python3[1245019]: [msc.reads] n=2 bytes=8192 lba=13129..13137 gap=4 ov=0
Oct 04 10:52:09 Pidrive python3[1245019]: [rx] {"t":"event","op":"msc.reads","ms":375154,"gap":4,"lba0":13145,"lba1":13241,"bytes":53248,"n":13,"kind":2,"ov":0}
Oct 04 10:52:09 Pidrive python3[1245019]: [msc.reads] n=13 bytes=53248 lba=13145..13241 gap=4 ov=0
Oct 04 10:52:09 Pidrive python3[1245019]: [rx] {"t":"pong"}
Oct 04 10:52:09 Pidrive python3[1245019]: [rx] {"t":"event","op":"msc.reads","ms":375203,"gap":4,"lba0":13249,"lba1":13265,"bytes":12288,"n":3,"kind":2,"ov":0}
Oct 04 10:52:09 Pidrive python3[1245019]: [msc.reads] n=3 bytes=12288 lba=13249..13265 gap=4 ov=0
Oct 04 10:52:09 Pidrive python3[1245019]: [rx] {"t":"event","op":"msc.reads","ms":375214,"gap":4,"lba0":13273,"lba1":13273,"bytes":4096,"n":1,"kind":2,"ov":0}
Oct 04 10:52:09 Pidrive python3[1245019]: [msc.reads] n=1 bytes=4096 lba=13273..13273 gap=4 ov=0
Oct 04 10:52:09 Pidrive python3[1245019]: [rx] {"t":"event","op":"msc.reads","ms":375218,"gap":4,"lba0":13281,"lba1":13281,"bytes":4096,"n":1,"kind":2,"ov":0}
Oct 04 10:52:09 Pidrive python3[1245019]: [msc.reads] n=1 bytes=4096 lba=13281..13281 gap=4 ov=0
Oct 04 10:52:10 Pidrive python3[1245019]: [rx] {"t":"event","op":"msc.reads","ms":375222,"gap":4,"lba0":13289,"lba1":13345,"bytes":32768,"n":8,"kind":2,"ov":0}
Oct 04 10:52:10 Pidrive python3[1245019]: [msc.reads] n=8 bytes=32768 lba=13289..13345 gap=4 ov=0
Oct 04 10:52:10 Pidrive python3[1245019]: [rx] {"t":"event","op":"msc.reads","ms":375252,"gap":4,"lba0":13353,"lba1":13369,"bytes":12288,"n":3,"kind":2,"ov":0}
Oct 04 10:52:10 Pidrive python3[1245019]: [msc.reads] n=3 bytes=12288 lba=13353..13369 gap=4 ov=0
Oct 04 10:52:10 Pidrive python3[1245019]: [rx] {"t":"event","op":"msc.reads","ms":375263,"gap":4,"lba0":13377,"lba1":13377,"bytes":4096,"n":1,"kind":2,"ov":0}
Oct 04 10:52:10 Pidrive python3[1245019]: [msc.reads] n=1 bytes=4096 lba=13377..13377 gap=4 ov=0
Oct 04 10:52:10 Pidrive python3[1245019]: [rx] {"t":"event","op":"msc.reads","ms":375267,"gap":4,"lba0":13385,"lba1":13385,"bytes":4096,"n":1,"kind":2,"ov":0}
Oct 04 10:52:10 Pidrive python3[1245019]: [msc.reads] n=1 bytes=4096 lba=13385..13385 gap=4 ov=0
Oct 04 10:52:10 Pidrive python3[1245019]: [rx] {"t":"event","op":"msc.reads","ms":375271,"gap":4,"lba0":13393,"lba1":13393,"bytes":4096,"n":1,"kind":2,"ov":0}
Oct 04 10:52:10 Pidrive python3[1245019]: [msc.reads] n=1 bytes=4096 lba=13393..13393 gap=4 ov=0
Oct 04 10:52:10 Pidrive python3[1245019]: [rx] {"t":"event","op":"msc.reads","ms":375274,"gap":3,"lba0":13401,"lba1":13537,"bytes":73728,"n":18,"kind":2,"ov":0}
Oct 04 10:52:10 Pidrive python3[1245019]: [msc.reads] n=18 bytes=73728 lba=13401..13537 gap=3 ov=0
Oct 04 10:52:10 Pidrive python3[1245019]: [rx] {"t":"event","op":"msc.reads","ms":375340,"gap":4,"lba0":13545,"lba1":13545,"bytes":4096,"n":1,"kind":2,"ov":0}
Oct 04 10:52:10 Pidrive python3[1245019]: [msc.reads] n=1 bytes=4096 lba=13545..13545 gap=4 ov=0
Oct 04 10:52:10 Pidrive python3[1245019]: [rx] {"t":"event","op":"msc.reads","ms":375345,"gap":5,"lba0":13553,"lba1":13553,"bytes":4096,"n":1,"kind":2,"ov":0}
Oct 04 10:52:10 Pidrive python3[1245019]: [msc.reads] n=1 bytes=4096 lba=13553..13553 gap=5 ov=0
Oct 04 10:52:10 Pidrive python3[1245019]: [rx] {"t":"event","op":"msc.reads","ms":375349,"gap":4,"lba0":13561,"lba1":13561,"bytes":4096,"n":1,"kind":2,"ov":0}
Oct 04 10:52:10 Pidrive python3[1245019]: [msc.reads] n=1 bytes=4096 lba=13561..13561 gap=4 ov=0
Oct 04 10:52:10 Pidrive python3[1245019]: [rx] {"t":"event","op":"msc.reads","ms":375352,"gap":3,"lba0":13569,"lba1":13577,"bytes":8192,"n":2,"kind":2,"ov":0}
Oct 04 10:52:10 Pidrive python3[1245019]: [msc.reads] n=2 bytes=8192 lba=13569..13577 gap=3 ov=0
Oct 04 10:52:10 Pidrive python3[1245019]: [rx] {"t":"event","op":"msc.reads","ms":375360,"gap":4,"lba0":13585,"lba1":13585,"bytes":4096,"n":1,"kind":2,"ov":0}
Oct 04 10:52:10 Pidrive python3[1245019]: [msc.reads] n=1 bytes=4096 lba=13585..13585 gap=4 ov=0
Oct 04 10:52:10 Pidrive python3[1245019]: [rx] {"t":"event","op":"msc.reads","ms":375364,"gap":4,"lba0":13593,"lba1":13593,"bytes":4096,"n":1,"kind":2,"ov":0}
Oct 04 10:52:10 Pidrive python3[1245019]: [msc.reads] n=1 bytes=4096 lba=13593..13593 gap=4 ov=0
Oct 04 10:52:10 Pidrive python3[1245019]: [rx] {"t":"event","op":"msc.reads","ms":375368,"gap":4,"lba0":13601,"lba1":13601,"bytes":4096,"n":1,"kind":2,"ov":0}
Oct 04 10:52:10 Pidrive python3[1245019]: [msc.reads] n=1 bytes=4096 lba=13601..13601 gap=4 ov=0
Oct 04 10:52:10 Pidrive python3[1245019]: [rx] {"t":"event","op":"msc.reads","ms":375371,"gap":3,"lba0":13609,"lba1":13609,"bytes":4096,"n":1,"kind":2,"ov":0}
Oct 04 10:52:10 Pidrive python3[1245019]: [msc.reads] n=1 bytes=4096 lba=13609..13609 gap=3 ov=0
Oct 04 10:52:10 Pidrive python3[1245019]: [rx] {"t":"event","op":"msc.reads","ms":375375,"gap":4,"lba0":13617,"lba1":13697,"bytes":45056,"n":11,"kind":2,"ov":0}
Oct 04 10:52:10 Pidrive python3[1245019]: [msc.reads] n=11 bytes=45056 lba=13617..13697 gap=4 ov=0
Oct 04 10:52:10 Pidrive python3[1245019]: [rx] {"t":"event","op":"msc.reads","ms":375416,"gap":4,"lba0":13705,"lba1":13705,"bytes":4096,"n":1,"kind":2,"ov":0}
Oct 04 10:52:10 Pidrive python3[1245019]: [msc.reads] n=1 bytes=4096 lba=13705..13705 gap=4 ov=0
Oct 04 10:52:10 Pidrive python3[1245019]: [rx] {"t":"event","op":"msc.reads","ms":375419,"gap":3,"lba0":13713,"lba1":13713,"bytes":4096,"n":1,"kind":2,"ov":0}
Oct 04 10:52:10 Pidrive python3[1245019]: [msc.reads] n=1 bytes=4096 lba=13713..13713 gap=3 ov=0
Oct 04 10:52:10 Pidrive python3[1245019]: [rx] {"t":"event","op":"msc.reads","ms":375423,"gap":4,"lba0":13721,"lba1":13729,"bytes":8192,"n":2,"kind":2,"ov":0}
Oct 04 10:52:10 Pidrive python3[1245019]: [msc.reads] n=2 bytes=8192 lba=13721..13729 gap=4 ov=0
Oct 04 10:52:10 Pidrive python3[1245019]: [rx] {"t":"event","op":"msc.reads","ms":375431,"gap":4,"lba0":13737,"lba1":13873,"bytes":73728,"n":18,"kind":2,"ov":0}
Oct 04 10:52:10 Pidrive python3[1245019]: [msc.reads] n=18 bytes=73728 lba=13737..13873 gap=4 ov=0
Oct 04 10:52:10 Pidrive python3[1245019]: [rx] {"t":"event","op":"msc.reads","ms":375497,"gap":4,"lba0":13881,"lba1":13881,"bytes":4096,"n":1,"kind":2,"ov":0}
Oct 04 10:52:10 Pidrive python3[1245019]: [msc.reads] n=1 bytes=4096 lba=13881..13881 gap=4 ov=0
Oct 04 10:52:10 Pidrive python3[1245019]: [rx] {"t":"event","op":"msc.reads","ms":375501,"gap":4,"lba0":13889,"lba1":13889,"bytes":4096,"n":1,"kind":2,"ov":0}
Oct 04 10:52:10 Pidrive python3[1245019]: [msc.reads] n=1 bytes=4096 lba=13889..13889 gap=4 ov=0
Oct 04 10:52:10 Pidrive python3[1245019]: [rx] {"t":"event","op":"msc.reads","ms":375505,"gap":4,"lba0":13897,"lba1":13897,"bytes":4096,"n":1,"kind":2,"ov":0}
Oct 04 10:52:10 Pidrive python3[1245019]: [msc.reads] n=1 bytes=4096 lba=13897..13897 gap=4 ov=0
Oct 04 10:52:10 Pidrive python3[1245019]: [rx] {"t":"event","op":"msc.reads","ms":375509,"gap":4,"lba0":13905,"lba1":13969,"bytes":36864,"n":9,"kind":2,"ov":0}
Oct 04 10:52:10 Pidrive python3[1245019]: [msc.reads] n=9 bytes=36864 lba=13905..13969 gap=4 ov=0
Oct 04 10:52:10 Pidrive python3[1245019]: [rx] {"t":"event","op":"msc.reads","ms":375541,"gap":3,"lba0":13977,"lba1":13977,"bytes":4096,"n":1,"kind":2,"ov":0}
Oct 04 10:52:10 Pidrive python3[1245019]: [msc.reads] n=1 bytes=4096 lba=13977..13977 gap=3 ov=0
Oct 04 10:52:10 Pidrive python3[1245019]: [rx] {"t":"event","op":"msc.reads","ms":375545,"gap":4,"lba0":13985,"lba1":13993,"bytes":8192,"n":2,"kind":2,"ov":0}
Oct 04 10:52:10 Pidrive python3[1245019]: [msc.reads] n=2 bytes=8192 lba=13985..13993 gap=4 ov=0
Oct 04 10:52:10 Pidrive python3[1245019]: [rx] {"t":"event","op":"msc.reads","ms":375553,"gap":4,"lba0":14001,"lba1":14001,"bytes":4096,"n":1,"kind":2,"ov":0}
Oct 04 10:52:10 Pidrive python3[1245019]: [msc.reads] n=1 bytes=4096 lba=14001..14001 gap=4 ov=0
Oct 04 10:52:10 Pidrive python3[1245019]: [rx] {"t":"event","op":"msc.reads","ms":375557,"gap":4,"lba0":14009,"lba1":14009,"bytes":4096,"n":1,"kind":2,"ov":0}
Oct 04 10:52:10 Pidrive python3[1245019]: [msc.reads] n=1 bytes=4096 lba=14009..14009 gap=4 ov=0
Oct 04 10:52:10 Pidrive python3[1245019]: [rx] {"t":"event","op":"msc.reads","ms":375561,"gap":4,"lba0":14017,"lba1":14017,"bytes":4096,"n":1,"kind":2,"ov":0}
Oct 04 10:52:10 Pidrive python3[1245019]: [msc.reads] n=1 bytes=4096 lba=14017..14017 gap=4 ov=0
Oct 04 10:52:10 Pidrive python3[1245019]: [rx] {"t":"event","op":"msc.reads","ms":375565,"gap":4,"lba0":14025,"lba1":14025,"bytes":4096,"n":1,"kind":2,"ov":0}
Oct 04 10:52:10 Pidrive python3[1245019]: [msc.reads] n=1 bytes=4096 lba=14025..14025 gap=4 ov=0
Oct 04 10:52:10 Pidrive python3[1245019]: [rx] {"t":"event","op":"msc.reads","ms":375568,"gap":3,"lba0":14033,"lba1":14089,"bytes":32768,"n":8,"kind":2,"ov":0}
Oct 04 10:52:10 Pidrive python3[1245019]: [msc.reads] n=8 bytes=32768 lba=14033..14089 gap=3 ov=0
Oct 04 10:52:10 Pidrive python3[1245019]: [rx] {"t":"event","op":"msc.reads","ms":375598,"gap":4,"lba0":14097,"lba1":14097,"bytes":4096,"n":1,"kind":2,"ov":0}
Oct 04 10:52:10 Pidrive python3[1245019]: [msc.reads] n=1 bytes=4096 lba=14097..14097 gap=4 ov=0
Oct 04 10:52:10 Pidrive python3[1245019]: [rx] {"t":"event","op":"msc.reads","ms":375602,"gap":4,"lba0":14105,"lba1":14105,"bytes":4096,"n":1,"kind":2,"ov":0}
Oct 04 10:52:10 Pidrive python3[1245019]: [msc.reads] n=1 bytes=4096 lba=14105..14105 gap=4 ov=0
Oct 04 10:52:10 Pidrive python3[1245019]: [rx] {"t":"event","op":"msc.reads","ms":375606,"gap":4,"lba0":14113,"lba1":14129,"bytes":12288,"n":3,"kind":2,"ov":0}
Oct 04 10:52:10 Pidrive python3[1245019]: [msc.reads] n=3 bytes=12288 lba=14113..14129 gap=4 ov=0
Oct 04 10:52:10 Pidrive python3[1245019]: [rx] {"t":"event","op":"msc.reads","ms":375618,"gap":4,"lba0":14137,"lba1":14137,"bytes":4096,"n":1,"kind":2,"ov":0}
Oct 04 10:52:10 Pidrive python3[1245019]: [msc.reads] n=1 bytes=4096 lba=14137..14137 gap=4 ov=0
Oct 04 10:52:10 Pidrive python3[1245019]: [rx] {"t":"event","op":"msc.reads","ms":375621,"gap":3,"lba0":14145,"lba1":14145,"bytes":4096,"n":1,"kind":2,"ov":0}
Oct 04 10:52:10 Pidrive python3[1245019]: [msc.reads] n=1 bytes=4096 lba=14145..14145 gap=3 ov=0
Oct 04 10:52:10 Pidrive python3[1245019]: [rx] {"t":"event","op":"msc.reads","ms":375625,"gap":4,"lba0":14153,"lba1":14153,"bytes":4096,"n":1,"kind":2,"ov":0}
Oct 04 10:52:10 Pidrive python3[1245019]: [msc.reads] n=1 bytes=4096 lba=14153..14153 gap=4 ov=0
Oct 04 10:52:10 Pidrive python3[1245019]: [rx] {"t":"event","op":"msc.reads","ms":375629,"gap":4,"lba0":14161,"lba1":14161,"bytes":4096,"n":1,"kind":2,"ov":0}
Oct 04 10:52:10 Pidrive python3[1245019]: [msc.reads] n=1 bytes=4096 lba=14161..14161 gap=4 ov=0
Oct 04 10:52:10 Pidrive python3[1245019]: [rx] {"t":"event","op":"msc.reads","ms":375633,"gap":4,"lba0":14169,"lba1":14249,"bytes":45056,"n":11,"kind":2,"ov":0}
Oct 04 10:52:10 Pidrive python3[1245019]: [msc.reads] n=11 bytes=45056 lba=14169..14249 gap=4 ov=0
Oct 04 10:52:10 Pidrive python3[1245019]: [rx] {"t":"event","op":"msc.reads","ms":375674,"gap":4,"lba0":14257,"lba1":14257,"bytes":4096,"n":1,"kind":2,"ov":0}
Oct 04 10:52:10 Pidrive python3[1245019]: [msc.reads] n=1 bytes=4096 lba=14257..14257 gap=4 ov=0
Oct 04 10:52:10 Pidrive python3[1245019]: [rx] {"t":"event","op":"msc.reads","ms":375678,"gap":4,"lba0":14265,"lba1":14265,"bytes":4096,"n":1,"kind":2,"ov":0}
Oct 04 10:52:10 Pidrive python3[1245019]: [msc.reads] n=1 bytes=4096 lba=14265..14265 gap=4 ov=0
Oct 04 10:52:10 Pidrive python3[1245019]: [rx] {"t":"event","op":"msc.reads","ms":375682,"gap":4,"lba0":14273,"lba1":14273,"bytes":4096,"n":1,"kind":2,"ov":0}
Oct 04 10:52:10 Pidrive python3[1245019]: [msc.reads] n=1 bytes=4096 lba=14273..14273 gap=4 ov=0
Oct 04 10:52:10 Pidrive python3[1245019]: [rx] {"t":"event","op":"msc.reads","ms":375685,"gap":3,"lba0":14281,"lba1":14409,"bytes":69632,"n":17,"kind":2,"ov":0}
Oct 04 10:52:10 Pidrive python3[1245019]: [msc.reads] n=17 bytes=69632 lba=14281..14409 gap=3 ov=0
Oct 04 10:52:10 Pidrive python3[1245019]: [rx] {"t":"event","op":"msc.reads","ms":375747,"gap":4,"lba0":14417,"lba1":14417,"bytes":4096,"n":1,"kind":2,"ov":0}
Oct 04 10:52:10 Pidrive python3[1245019]: [msc.reads] n=1 bytes=4096 lba=14417..14417 gap=4 ov=0
Oct 04 10:52:10 Pidrive python3[1245019]: [rx] {"t":"event","op":"msc.reads","ms":375751,"gap":4,"lba0":14425,"lba1":14433,"bytes":8192,"n":2,"kind":2,"ov":0}
Oct 04 10:52:10 Pidrive python3[1245019]: [msc.reads] n=2 bytes=8192 lba=14425..14433 gap=4 ov=0
Oct 04 10:52:10 Pidrive python3[1245019]: [rx] {"t":"event","op":"msc.reads","ms":375759,"gap":4,"lba0":14441,"lba1":14441,"bytes":4096,"n":1,"kind":2,"ov":0}
Oct 04 10:52:10 Pidrive python3[1245019]: [msc.reads] n=1 bytes=4096 lba=14441..14441 gap=4 ov=0
Oct 04 10:52:10 Pidrive python3[1245019]: [rx] {"t":"event","op":"msc.reads","ms":375763,"gap":4,"lba0":14449,"lba1":14449,"bytes":4096,"n":1,"kind":2,"ov":0}
Oct 04 10:52:10 Pidrive python3[1245019]: [msc.reads] n=1 bytes=4096 lba=14449..14449 gap=4 ov=0
Oct 04 10:52:10 Pidrive python3[1245019]: [rx] {"t":"event","op":"msc.reads","ms":375767,"gap":4,"lba0":14457,"lba1":14457,"bytes":4096,"n":1,"kind":2,"ov":0}
Oct 04 10:52:10 Pidrive python3[1245019]: [msc.reads] n=1 bytes=4096 lba=14457..14457 gap=4 ov=0
Oct 04 10:52:10 Pidrive python3[1245019]: [rx] {"t":"event","op":"msc.reads","ms":375770,"gap":3,"lba0":14465,"lba1":14465,"bytes":4096,"n":1,"kind":2,"ov":0}
Oct 04 10:52:10 Pidrive python3[1245019]: [msc.reads] n=1 bytes=4096 lba=14465..14465 gap=3 ov=0
Oct 04 10:52:10 Pidrive python3[1245019]: [rx] {"t":"event","op":"msc.reads","ms":375774,"gap":4,"lba0":14473,"lba1":14537,"bytes":36864,"n":9,"kind":2,"ov":0}
Oct 04 10:52:10 Pidrive python3[1245019]: [msc.reads] n=9 bytes=36864 lba=14473..14537 gap=4 ov=0
Oct 04 10:52:10 Pidrive python3[1245019]: [rx] {"t":"event","op":"msc.reads","ms":375808,"gap":4,"lba0":14545,"lba1":14545,"bytes":4096,"n":1,"kind":2,"ov":0}
Oct 04 10:52:10 Pidrive python3[1245019]: [msc.reads] n=1 bytes=4096 lba=14545..14545 gap=4 ov=0
Oct 04 10:52:10 Pidrive python3[1245019]: [rx] {"t":"event","op":"msc.reads","ms":375811,"gap":3,"lba0":14553,"lba1":14569,"bytes":12288,"n":3,"kind":2,"ov":0}
Oct 04 10:52:10 Pidrive python3[1245019]: [msc.reads] n=3 bytes=12288 lba=14553..14569 gap=3 ov=0
Oct 04 10:52:10 Pidrive python3[1245019]: [rx] {"t":"event","op":"msc.reads","ms":375823,"gap":4,"lba0":14577,"lba1":14577,"bytes":4096,"n":1,"kind":2,"ov":0}
Oct 04 10:52:10 Pidrive python3[1245019]: [msc.reads] n=1 bytes=4096 lba=14577..14577 gap=4 ov=0
Oct 04 10:52:10 Pidrive python3[1245019]: [rx] {"t":"event","op":"msc.reads","ms":375827,"gap":4,"lba0":14585,"lba1":14585,"bytes":4096,"n":1,"kind":2,"ov":0}
Oct 04 10:52:10 Pidrive python3[1245019]: [msc.reads] n=1 bytes=4096 lba=14585..14585 gap=4 ov=0
Oct 04 10:52:10 Pidrive python3[1245019]: [rx] {"t":"event","op":"msc.reads","ms":375831,"gap":4,"lba0":14593,"lba1":14593,"bytes":4096,"n":1,"kind":2,"ov":0}
Oct 04 10:52:10 Pidrive python3[1245019]: [msc.reads] n=1 bytes=4096 lba=14593..14593 gap=4 ov=0
Oct 04 10:52:10 Pidrive python3[1245019]: [rx] {"t":"event","op":"msc.reads","ms":375834,"gap":3,"lba0":14601,"lba1":14601,"bytes":4096,"n":1,"kind":2,"ov":0}
Oct 04 10:52:10 Pidrive python3[1245019]: [msc.reads] n=1 bytes=4096 lba=14601..14601 gap=3 ov=0
Oct 04 10:52:10 Pidrive python3[1245019]: [rx] {"t":"event","op":"diag","code":"play.reject","detail":"not_from_head uid=fav0 from=2689 +6135808B age=159758ms prefetch"}
Oct 04 10:52:10 Pidrive python3[1245019]: [msc] play.reject not_from_head uid=fav0 from=2689 +6135808B age=159758ms prefetch
Oct 04 10:52:10 Pidrive python3[1245019]: [rx] {"t":"event","op":"msc.reads","ms":375838,"gap":4,"lba0":14609,"lba1":14665,"bytes":32768,"n":8,"kind":2,"ov":0}
Oct 04 10:52:10 Pidrive python3[1245019]: [msc.reads] n=8 bytes=32768 lba=14609..14665 gap=4 ov=0
Oct 04 10:52:10 Pidrive python3[1245019]: [rx] {"t":"event","op":"msc.reads","ms":375881,"gap":17,"lba0":14673,"lba1":14673,"bytes":4096,"n":1,"kind":2,"ov":0}
Oct 04 10:52:10 Pidrive python3[1245019]: [msc.reads] n=1 bytes=4096 lba=14673..14673 gap=17 ov=0
Oct 04 10:52:10 Pidrive python3[1245019]: [rx] {"t":"event","op":"msc.reads","ms":375884,"gap":3,"lba0":14681,"lba1":14681,"bytes":4096,"n":1,"kind":2,"ov":0}
Oct 04 10:52:10 Pidrive python3[1245019]: [msc.reads] n=1 bytes=4096 lba=14681..14681 gap=3 ov=0
Oct 04 10:52:10 Pidrive python3[1245019]: [rx] {"t":"event","op":"msc.reads","ms":375888,"gap":4,"lba0":14689,"lba1":14825,"bytes":73728,"n":18,"kind":2,"ov":0}
Oct 04 10:52:10 Pidrive python3[1245019]: [msc.reads] n=18 bytes=73728 lba=14689..14825 gap=4 ov=0
Oct 04 10:52:10 Pidrive python3[1245019]: [rx] {"t":"event","op":"msc.reads","ms":375954,"gap":3,"lba0":14833,"lba1":15057,"bytes":118784,"n":29,"kind":2,"ov":0}
Oct 04 10:52:10 Pidrive python3[1245019]: [msc.reads] n=29 bytes=118784 lba=14833..15057 gap=3 ov=0
Oct 04 10:52:10 Pidrive python3[1245019]: [rx] {"t":"event","op":"msc.reads","ms":376062,"gap":4,"lba0":15065,"lba1":15313,"bytes":131072,"n":32,"kind":2,"ov":0}
Oct 04 10:52:10 Pidrive python3[1245019]: [msc.reads] n=32 bytes=131072 lba=15065..15313 gap=4 ov=0
Oct 04 10:52:10 Pidrive python3[1245019]: [rx] {"t":"event","op":"msc.reads","ms":376180,"gap":4,"lba0":15321,"lba1":15337,"bytes":12288,"n":3,"kind":2,"ov":0}
Oct 04 10:52:10 Pidrive python3[1245019]: [msc.reads] n=3 bytes=12288 lba=15321..15337 gap=4 ov=0
Oct 04 10:52:10 Pidrive python3[1245019]: [rx] {"t":"event","op":"msc.reads","ms":376191,"gap":4,"lba0":15345,"lba1":15353,"bytes":8192,"n":2,"kind":2,"ov":0}
Oct 04 10:52:10 Pidrive python3[1245019]: [msc.reads] n=2 bytes=8192 lba=15345..15353 gap=4 ov=0
Oct 04 10:52:10 Pidrive python3[1245019]: [rx] {"t":"event","op":"msc.reads","ms":376199,"gap":4,"lba0":15361,"lba1":15361,"bytes":4096,"n":1,"kind":2,"ov":0}
Oct 04 10:52:10 Pidrive python3[1245019]: [msc.reads] n=1 bytes=4096 lba=15361..15361 gap=4 ov=0
Oct 04 10:52:11 Pidrive python3[1245019]: [rx] {"t":"event","op":"msc.reads","ms":376203,"gap":4,"lba0":15369,"lba1":15369,"bytes":4096,"n":1,"kind":2,"ov":0}
Oct 04 10:52:11 Pidrive python3[1245019]: [msc.reads] n=1 bytes=4096 lba=15369..15369 gap=4 ov=0
Oct 04 10:52:11 Pidrive python3[1245019]: [rx] {"t":"event","op":"msc.reads","ms":376206,"gap":3,"lba0":15377,"lba1":15465,"bytes":49152,"n":12,"kind":2,"ov":0}
Oct 04 10:52:11 Pidrive python3[1245019]: [msc.reads] n=12 bytes=49152 lba=15377..15465 gap=3 ov=0
Oct 04 10:52:11 Pidrive python3[1245019]: [rx] {"t":"event","op":"msc.reads","ms":376251,"gap":4,"lba0":15473,"lba1":15473,"bytes":4096,"n":1,"kind":2,"ov":0}
Oct 04 10:52:11 Pidrive python3[1245019]: [msc.reads] n=1 bytes=4096 lba=15473..15473 gap=4 ov=0
Oct 04 10:52:11 Pidrive python3[1245019]: [rx] {"t":"event","op":"msc.reads","ms":376255,"gap":4,"lba0":15481,"lba1":15481,"bytes":4096,"n":1,"kind":2,"ov":0}
Oct 04 10:52:11 Pidrive python3[1245019]: [msc.reads] n=1 bytes=4096 lba=15481..15481 gap=4 ov=0
Oct 04 10:52:11 Pidrive python3[1245019]: [rx] {"t":"event","op":"msc.reads","ms":376259,"gap":4,"lba0":15489,"lba1":15489,"bytes":4096,"n":1,"kind":2,"ov":0}
Oct 04 10:52:11 Pidrive python3[1245019]: [msc.reads] n=1 bytes=4096 lba=15489..15489 gap=4 ov=0
Oct 04 10:52:11 Pidrive python3[1245019]: [rx] {"t":"event","op":"msc.reads","ms":376263,"gap":4,"lba0":15497,"lba1":15713,"bytes":114688,"n":28,"kind":2,"ov":0}
Oct 04 10:52:11 Pidrive python3[1245019]: [msc.reads] n=28 bytes=114688 lba=15497..15713 gap=4 ov=0
Oct 04 10:52:11 Pidrive python3[1245019]: [rx] {"t":"event","op":"msc.reads","ms":376365,"gap":4,"lba0":15721,"lba1":15721,"bytes":4096,"n":1,"kind":2,"ov":0}
Oct 04 10:52:11 Pidrive python3[1245019]: [msc.reads] n=1 bytes=4096 lba=15721..15721 gap=4 ov=0
Oct 04 10:52:11 Pidrive python3[1245019]: [rx] {"t":"event","op":"msc.reads","ms":376369,"gap":4,"lba0":15729,"lba1":15737,"bytes":8192,"n":2,"kind":2,"ov":0}
Oct 04 10:52:11 Pidrive python3[1245019]: [msc.reads] n=2 bytes=8192 lba=15729..15737 gap=4 ov=0
Oct 04 10:52:11 Pidrive python3[1245019]: [rx] {"t":"event","op":"msc.reads","ms":376377,"gap":4,"lba0":15745,"lba1":15745,"bytes":4096,"n":1,"kind":2,"ov":0}
Oct 04 10:52:11 Pidrive python3[1245019]: [msc.reads] n=1 bytes=4096 lba=15745..15745 gap=4 ov=0
Oct 04 10:52:11 Pidrive python3[1245019]: [rx] {"t":"event","op":"msc.reads","ms":376381,"gap":4,"lba0":15753,"lba1":15753,"bytes":4096,"n":1,"kind":2,"ov":0}
Oct 04 10:52:11 Pidrive python3[1245019]: [msc.reads] n=1 bytes=4096 lba=15753..15753 gap=4 ov=0
Oct 04 10:52:11 Pidrive python3[1245019]: [rx] {"t":"event","op":"msc.reads","ms":376384,"gap":3,"lba0":15761,"lba1":15761,"bytes":4096,"n":1,"kind":2,"ov":0}
Oct 04 10:52:11 Pidrive python3[1245019]: [msc.reads] n=1 bytes=4096 lba=15761..15761 gap=3 ov=0
Oct 04 10:52:11 Pidrive python3[1245019]: [rx] {"t":"event","op":"msc.reads","ms":376388,"gap":4,"lba0":15769,"lba1":15769,"bytes":4096,"n":1,"kind":2,"ov":0}
Oct 04 10:52:11 Pidrive python3[1245019]: [msc.reads] n=1 bytes=4096 lba=15769..15769 gap=4 ov=0
Oct 04 10:52:11 Pidrive python3[1245019]: [rx] {"t":"event","op":"msc.reads","ms":376392,"gap":4,"lba0":15777,"lba1":15833,"bytes":32768,"n":8,"kind":2,"ov":0}
Oct 04 10:52:11 Pidrive python3[1245019]: [msc.reads] n=8 bytes=32768 lba=15777..15833 gap=4 ov=0
Oct 04 10:52:11 Pidrive python3[1245019]: [rx] {"t":"event","op":"msc.reads","ms":376421,"gap":4,"lba0":15841,"lba1":15841,"bytes":4096,"n":1,"kind":2,"ov":0}
Oct 04 10:52:11 Pidrive python3[1245019]: [msc.reads] n=1 bytes=4096 lba=15841..15841 gap=4 ov=0
Oct 04 10:52:11 Pidrive python3[1245019]: [rx] {"t":"event","op":"msc.reads","ms":376425,"gap":4,"lba0":15849,"lba1":15921,"bytes":40960,"n":10,"kind":2,"ov":0}
Oct 04 10:52:11 Pidrive python3[1245019]: [msc.reads] n=10 bytes=40960 lba=15849..15921 gap=4 ov=0
Oct 04 10:52:11 Pidrive python3[1245019]: [rx] {"t":"event","op":"msc.reads","ms":376462,"gap":4,"lba0":15929,"lba1":15929,"bytes":4096,"n":1,"kind":2,"ov":0}
Oct 04 10:52:11 Pidrive python3[1245019]: [msc.reads] n=1 bytes=4096 lba=15929..15929 gap=4 ov=0
Oct 04 10:52:11 Pidrive python3[1245019]: [rx] {"t":"event","op":"msc.reads","ms":376466,"gap":4,"lba0":15937,"lba1":15937,"bytes":4096,"n":1,"kind":2,"ov":0}
Oct 04 10:52:11 Pidrive python3[1245019]: [msc.reads] n=1 bytes=4096 lba=15937..15937 gap=4 ov=0
Oct 04 10:52:11 Pidrive python3[1245019]: [rx] {"t":"event","op":"msc.reads","ms":376470,"gap":4,"lba0":15945,"lba1":15945,"bytes":4096,"n":1,"kind":2,"ov":0}
Oct 04 10:52:11 Pidrive python3[1245019]: [msc.reads] n=1 bytes=4096 lba=15945..15945 gap=4 ov=0
Oct 04 10:52:11 Pidrive python3[1245019]: [rx] {"t":"event","op":"msc.reads","ms":376474,"gap":4,"lba0":15953,"lba1":15993,"bytes":24576,"n":6,"kind":2,"ov":0}
Oct 04 10:52:11 Pidrive python3[1245019]: [msc.reads] n=6 bytes=24576 lba=15953..15993 gap=4 ov=0
Oct 04 10:52:11 Pidrive python3[1245019]: [rx] {"t":"event","op":"msc.reads","ms":376496,"gap":4,"lba0":16001,"lba1":16001,"bytes":4096,"n":1,"kind":2,"ov":0}
Oct 04 10:52:11 Pidrive python3[1245019]: [msc.reads] n=1 bytes=4096 lba=16001..16001 gap=4 ov=0
Oct 04 10:52:11 Pidrive python3[1245019]: [rx] {"t":"event","op":"msc.reads","ms":376500,"gap":4,"lba0":16009,"lba1":16009,"bytes":4096,"n":1,"kind":2,"ov":0}
Oct 04 10:52:11 Pidrive python3[1245019]: [msc.reads] n=1 bytes=4096 lba=16009..16009 gap=4 ov=0
Oct 04 10:52:11 Pidrive python3[1245019]: [rx] {"t":"event","op":"msc.reads","ms":376503,"gap":3,"lba0":16017,"lba1":16017,"bytes":4096,"n":1,"kind":2,"ov":0}
Oct 04 10:52:11 Pidrive python3[1245019]: [msc.reads] n=1 bytes=4096 lba=16017..16017 gap=3 ov=0
Oct 04 10:52:11 Pidrive python3[1245019]: [rx] {"t":"event","op":"msc.reads","ms":376507,"gap":4,"lba0":16025,"lba1":16105,"bytes":45056,"n":11,"kind":2,"ov":0}
Oct 04 10:52:11 Pidrive python3[1245019]: [msc.reads] n=11 bytes=45056 lba=16025..16105 gap=4 ov=0
Oct 04 10:52:11 Pidrive python3[1245019]: [rx] {"t":"event","op":"msc.reads","ms":376548,"gap":4,"lba0":16113,"lba1":16113,"bytes":4096,"n":1,"kind":2,"ov":0}
Oct 04 10:52:11 Pidrive python3[1245019]: [msc.reads] n=1 bytes=4096 lba=16113..16113 gap=4 ov=0
Oct 04 10:52:11 Pidrive python3[1245019]: [rx] {"t":"event","op":"msc.reads","ms":376551,"gap":3,"lba0":16121,"lba1":16121,"bytes":4096,"n":1,"kind":2,"ov":0}
Oct 04 10:52:11 Pidrive python3[1245019]: [msc.reads] n=1 bytes=4096 lba=16121..16121 gap=3 ov=0
Oct 04 10:52:11 Pidrive python3[1245019]: [rx] {"t":"event","op":"msc.reads","ms":376555,"gap":4,"lba0":16129,"lba1":16137,"bytes":8192,"n":2,"kind":2,"ov":0}
Oct 04 10:52:11 Pidrive python3[1245019]: [msc.reads] n=2 bytes=8192 lba=16129..16137 gap=4 ov=0
Oct 04 10:52:11 Pidrive python3[1245019]: [rx] {"t":"event","op":"msc.reads","ms":376563,"gap":4,"lba0":16145,"lba1":16193,"bytes":28672,"n":7,"kind":2,"ov":0}
Oct 04 10:52:11 Pidrive python3[1245019]: [msc.reads] n=7 bytes=28672 lba=16145..16193 gap=4 ov=0
Oct 04 10:52:11 Pidrive python3[1245019]: [rx] {"t":"event","op":"msc.reads","ms":376589,"gap":4,"lba0":16201,"lba1":16201,"bytes":4096,"n":1,"kind":2,"ov":0}
Oct 04 10:52:11 Pidrive python3[1245019]: [msc.reads] n=1 bytes=4096 lba=16201..16201 gap=4 ov=0
Oct 04 10:52:11 Pidrive python3[1245019]: [rx] {"t":"event","op":"msc.reads","ms":376593,"gap":4,"lba0":16209,"lba1":16209,"bytes":4096,"n":1,"kind":2,"ov":0}
Oct 04 10:52:11 Pidrive python3[1245019]: [msc.reads] n=1 bytes=4096 lba=16209..16209 gap=4 ov=0
Oct 04 10:52:11 Pidrive python3[1245019]: [rx] {"t":"event","op":"msc.reads","ms":376596,"gap":3,"lba0":16217,"lba1":16217,"bytes":4096,"n":1,"kind":2,"ov":0}
Oct 04 10:52:11 Pidrive python3[1245019]: [msc.reads] n=1 bytes=4096 lba=16217..16217 gap=3 ov=0
Oct 04 10:52:11 Pidrive python3[1245019]: [rx] {"t":"event","op":"msc.reads","ms":376600,"gap":4,"lba0":16225,"lba1":16225,"bytes":4096,"n":1,"kind":2,"ov":0}
Oct 04 10:52:11 Pidrive python3[1245019]: [msc.reads] n=1 bytes=4096 lba=16225..16225 gap=4 ov=0
Oct 04 10:52:11 Pidrive python3[1245019]: [rx] {"t":"event","op":"msc.reads","ms":376604,"gap":4,"lba0":16233,"lba1":16313,"bytes":45056,"n":11,"kind":2,"ov":0}
Oct 04 10:52:11 Pidrive python3[1245019]: [msc.reads] n=11 bytes=45056 lba=16233..16313 gap=4 ov=0
Oct 04 10:52:11 Pidrive python3[1245019]: [rx] {"t":"event","op":"msc.reads","ms":376645,"gap":4,"lba0":16321,"lba1":16321,"bytes":4096,"n":1,"kind":2,"ov":0}
Oct 04 10:52:11 Pidrive python3[1245019]: [msc.reads] n=1 bytes=4096 lba=16321..16321 gap=4 ov=0
Oct 04 10:52:11 Pidrive python3[1245019]: [rx] {"t":"event","op":"msc.reads","ms":376649,"gap":4,"lba0":16329,"lba1":16329,"bytes":4096,"n":1,"kind":2,"ov":0}
Oct 04 10:52:11 Pidrive python3[1245019]: [msc.reads] n=1 bytes=4096 lba=16329..16329 gap=4 ov=0
Oct 04 10:52:11 Pidrive python3[1245019]: [rx] {"t":"event","op":"msc.reads","ms":376652,"gap":3,"lba0":16337,"lba1":16337,"bytes":4096,"n":1,"kind":2,"ov":0}
Oct 04 10:52:11 Pidrive python3[1245019]: [msc.reads] n=1 bytes=4096 lba=16337..16337 gap=3 ov=0
Oct 04 10:52:11 Pidrive python3[1245019]: [rx] {"t":"event","op":"diag","code":"play.reject","detail":"not_from_head uid=fav0 from=2689 +7004160B age=160558ms prefetch"}
Oct 04 10:52:11 Pidrive python3[1245019]: [msc] play.reject not_from_head uid=fav0 from=2689 +7004160B age=160558ms prefetch
Oct 04 10:52:11 Pidrive python3[1245019]: [rx] {"t":"event","op":"msc.reads","ms":376656,"gap":4,"lba0":16345,"lba1":16361,"bytes":12288,"n":3,"kind":2,"ov":0}
Oct 04 10:52:11 Pidrive python3[1245019]: [msc.reads] n=3 bytes=12288 lba=16345..16361 gap=4 ov=0
Oct 04 10:52:11 Pidrive python3[1245019]: [rx] {"t":"event","op":"msc.reads","ms":376726,"gap":62,"lba0":16369,"lba1":16369,"bytes":4096,"n":1,"kind":2,"ov":0}
Oct 04 10:52:11 Pidrive python3[1245019]: [msc.reads] n=1 bytes=4096 lba=16369..16369 gap=62 ov=0
Oct 04 10:52:11 Pidrive python3[1245019]: [rx] {"t":"event","op":"msc.reads","ms":376730,"gap":4,"lba0":16377,"lba1":16377,"bytes":4096,"n":1,"kind":2,"ov":0}
Oct 04 10:52:11 Pidrive python3[1245019]: [msc.reads] n=1 bytes=4096 lba=16377..16377 gap=4 ov=0
Oct 04 10:52:11 Pidrive python3[1245019]: [rx] {"t":"event","op":"msc.reads","ms":376734,"gap":4,"lba0":16385,"lba1":16385,"bytes":4096,"n":1,"kind":2,"ov":0}
Oct 04 10:52:11 Pidrive python3[1245019]: [msc.reads] n=1 bytes=4096 lba=16385..16385 gap=4 ov=0
Oct 04 10:52:11 Pidrive python3[1245019]: [rx] {"t":"event","op":"msc.reads","ms":376738,"gap":4,"lba0":16393,"lba1":16401,"bytes":8192,"n":2,"kind":2,"ov":0}
Oct 04 10:52:11 Pidrive python3[1245019]: [msc.reads] n=2 bytes=8192 lba=16393..16401 gap=4 ov=0
Oct 04 10:52:11 Pidrive python3[1245019]: [rx] {"t":"event","op":"msc.reads","ms":376745,"gap":4,"lba0":16409,"lba1":16409,"bytes":4096,"n":1,"kind":2,"ov":0}
Oct 04 10:52:11 Pidrive python3[1245019]: [msc.reads] n=1 bytes=4096 lba=16409..16409 gap=4 ov=0
Oct 04 10:52:11 Pidrive python3[1245019]: [rx] {"t":"event","op":"msc.reads","ms":376749,"gap":4,"lba0":16417,"lba1":16425,"bytes":8192,"n":2,"kind":2,"ov":0}
Oct 04 10:52:11 Pidrive python3[1245019]: [msc.reads] n=2 bytes=8192 lba=16417..16425 gap=4 ov=0
Oct 04 10:52:11 Pidrive python3[1245019]: [rx] {"t":"event","op":"msc.reads","ms":376757,"gap":4,"lba0":16433,"lba1":16449,"bytes":12288,"n":3,"kind":2,"ov":0}
Oct 04 10:52:11 Pidrive python3[1245019]: [msc.reads] n=3 bytes=12288 lba=16433..16449 gap=4 ov=0
Oct 04 10:52:11 Pidrive python3[1245019]: [tx] {"t":"ping"}
Oct 04 10:52:11 Pidrive python3[1245019]: [rx] {"t":"pong"}
Oct 04 10:52:13 Pidrive python3[1245019]: [rx] {"t":"event","op":"diag","code":"msc.quiet","detail":"file=9476608B age=2000ms"}
Oct 04 10:52:13 Pidrive python3[1245019]: [msc] msc.quiet file=9476608B age=2000ms
Oct 04 10:52:13 Pidrive python3[1245019]: [tx] {"t":"ping"}
Oct 04 10:52:13 Pidrive python3[1245019]: [rx] {"t":"pong"}
Oct 04 10:52:15 Pidrive python3[1245019]: [tx] {"t":"ping"}
Oct 04 10:52:16 Pidrive python3[1245019]: [rx] {"t":"pong"}
Oct 04 10:52:18 Pidrive python3[1245019]: [tx] {"t":"ping"}
Oct 04 10:52:18 Pidrive python3[1245019]: [rx] {"t":"pong"}
Oct 04 10:52:20 Pidrive python3[1245019]: [tx] {"t":"ping"}
Oct 04 10:52:20 Pidrive python3[1245019]: [rx] {"t":"pong"}
Oct 04 10:52:22 Pidrive python3[1245019]: [tx] {"t":"ping"}
Oct 04 10:52:22 Pidrive python3[1245019]: [rx] {"t":"pong"}
Oct 04 10:52:24 Pidrive python3[1245019]: [tx] {"t":"ping"}
Oct 04 10:52:24 Pidrive python3[1245019]: [rx] {"t":"pong"}
