episode,seg,ms0,ms1,direction,file_off0,bytes,lba0,lba1,in_slot
ep0,0,3154,3154,meta,,4096,18273,18280,False
ep0,1,3158,3158,meta,,4096,18281,18288,False
ep0,2,3161,3161,meta,,4096,18289,18296,False
ep0,3,3165,3165,meta,,4096,18297,18304,False
ep0,4,3169,3169,meta,,4096,18305,18312,False
ep0,5,3173,3173,meta,,4096,18313,18320,False
ep0,6,3176,3176,meta,,4096,18321,18328,False
ep0,7,3180,3180,meta,,4096,18329,18336,False
ep0,8,3184,3184,meta,,4096,18337,18344,False
ep0,9,3187,3187,meta,,4096,18345,18352,False
ep0,10,3191,3191,meta,,4096,18353,18360,False
ep0,11,3195,3195,meta,,4096,18361,18368,False
ep0,12,3198,3198,meta,,4096,18369,18376,False
ep0,13,3202,3202,meta,,4096,18377,18384,False
ep0,14,3206,3206,meta,,4096,18385,18392,False
ep0,15,3209,3209,meta,,4096,18393,18400,False
ep0,16,3213,3213,meta,,4096,18401,18408,False
ep0,17,3217,3217,meta,,4096,18409,18416,False
ep0,18,3220,3220,meta,,4096,18417,18424,False
ep0,19,3224,3224,meta,,4096,18425,18432,False
ep0,20,3228,3228,meta,,4096,18433,18440,False
ep0,21,3231,3231,meta,,4096,18441,18448,False
ep0,22,3235,3235,meta,,4096,18449,18456,False
ep0,23,3239,3239,meta,,4096,18457,18464,False
ep0,24,3242,3242,meta,,4096,18465,18472,False
ep0,25,3246,3246,meta,,4096,18473,18480,False
ep0,26,3250,3250,meta,,4096,18481,18488,False
ep0,27,3254,3254,meta,,4096,18489,18496,False
ep0,28,3258,3258,meta,,4096,18497,18504,False
ep0,29,3261,3261,meta,,4096,18505,18512,False
ep0,30,3265,3265,meta,,4096,17105,17112,False
ep0,31,3269,3269,meta,,4096,17113,17120,False
ep0,32,3273,3273,meta,,4096,17121,17128,False
ep0,33,3276,3276,meta,,4096,17129,17136,False
ep0,34,3280,3280,meta,,4096,16865,16872,False
ep0,35,3285,3285,meta,,4096,16873,16880,False
ep0,36,3289,3289,meta,,4096,16881,16888,False
ep0,37,3292,3292,meta,,4096,16889,16896,False
ep0,38,3296,3296,meta,,4096,16897,16904,False
ep0,39,3300,3300,meta,,4096,16905,16912,False
ep0,40,3303,3303,meta,,4096,16913,16920,False
ep0,41,3307,3307,meta,,4096,16921,16928,False
ep0,42,3311,3311,meta,,4096,16929,16936,False
ep0,43,3314,3314,meta,,4096,16937,16944,False
ep0,44,3318,3318,meta,,4096,16945,16952,False
ep0,45,3322,3322,meta,,4096,16953,16960,False
ep0,46,3325,3325,meta,,4096,16961,16968,False
ep0,47,3329,3329,meta,,4096,16969,16976,False
ep0,48,3333,3333,meta,,4096,16977,16984,False
ep0,49,3337,3337,meta,,4096,16985,16992,False
ep0,50,3340,3340,meta,,4096,16993,17000,False
ep0,51,3344,3344,meta,,4096,17001,17008,False
ep0,52,3348,3348,meta,,4096,17009,17016,False
ep0,53,3351,3351,meta,,4096,17017,17024,False
ep0,54,3355,3355,meta,,4096,17025,17032,False
ep0,55,3359,3359,meta,,4096,17033,17040,False
ep0,56,3363,3363,meta,,4096,17041,17048,False
ep0,57,3366,3366,meta,,4096,17049,17056,False
ep0,58,3370,3370,meta,,4096,17057,17064,False
ep0,59,3374,3374,meta,,4096,17065,17072,False
ep0,60,3377,3377,meta,,4096,17073,17080,False
ep0,61,3381,3381,meta,,4096,17081,17088,False
ep0,62,3385,3385,meta,,4096,17089,17096,False
ep0,63,3389,3389,meta,,4096,17097,17104,False
ep0,64,3393,3393,meta,,4096,16625,16632,False
ep0,65,3396,3396,meta,,4096,16633,16640,False
ep0,66,3400,3400,meta,,4096,16641,16648,False
ep0,67,3404,3404,meta,,4096,16649,16656,False
ep0,68,3407,3407,meta,,4096,16657,16664,False
ep0,69,3411,3411,meta,,4096,16665,16672,False
ep0,70,3415,3415,meta,,4096,16673,16680,False
ep0,71,3418,3418,meta,,4096,16681,16688,False
ep0,72,3422,3422,meta,,4096,16689,16696,False
ep0,73,3426,3426,meta,,4096,16697,16704,False
ep0,74,3429,3429,meta,,4096,16705,16712,False
ep0,75,3433,3433,meta,,4096,16713,16720,False
ep0,76,3437,3437,meta,,4096,16721,16728,False
ep0,77,3441,3441,meta,,4096,16729,16736,False
ep0,78,3444,3444,meta,,4096,16737,16744,False
ep0,79,3448,3448,meta,,4096,16745,16752,False
ep0,80,3452,3452,meta,,4096,16753,16760,False
ep0,81,3455,3455,meta,,4096,16761,16768,False
ep0,82,3459,3459,meta,,4096,16769,16776,False
ep0,83,3463,3463,meta,,4096,16777,16784,False
ep0,84,3466,3466,meta,,4096,16785,16792,False
ep0,85,3470,3470,meta,,4096,16793,16800,False
ep0,86,3474,3474,meta,,4096,16801,16808,False
ep0,87,3477,3477,meta,,4096,16809,16816,False
ep0,88,3481,3481,meta,,4096,16817,16824,False
ep0,89,3485,3485,meta,,4096,16825,16832,False
ep0,90,3488,3488,meta,,4096,16833,16840,False
ep0,91,3492,3492,meta,,4096,16841,16848,False
ep0,92,3496,3496,meta,,4096,16849,16856,False
ep0,93,3500,3500,meta,,4096,16857,16864,False
ep0,94,3504,3504,meta,,4096,18513,18520,False
ep0,95,3518,3518,meta,,2560,18521,18525,False
ep1,0,5712,5712,meta,,4096,0,7,False
ep1,1,5735,5735,meta,,4096,0,7,False
ep1,2,5740,5740,meta,,4096,32,39,False
ep1,3,5743,5743,meta,,4096,40,47,False
ep1,4,5747,5747,meta,,4096,48,55,False
ep1,5,5751,5751,meta,,4096,56,63,False
ep1,6,5755,5755,meta,,4096,64,71,False
ep1,7,5760,5760,meta,,4096,8,15,False
ep1,8,5765,5765,meta,,4096,24,31,False
ep1,9,5769,5769,forward,19968,4096,120,127,True
ep1,10,5785,5785,meta,,4096,16,23,False
ep1,11,5789,5789,forward,24064,4096,128,135,True
ep1,12,5794,5794,forward,220672,4096,512,519,True
ep1,13,5798,5798,forward,2055680,4096,4096,4103,True
ep1,14,5812,5812,meta,,4096,0,7,False
ep1,15,5921,5921,meta,,512,0,0,False
ep1,16,5923,5923,meta,,4096,1,8,False
ep1,17,5927,5927,meta,,4096,9,16,False
ep1,18,5932,5932,meta,,4096,33,40,False
ep1,19,5935,5935,meta,,4096,41,48,False
ep1,20,5939,5939,meta,,4096,49,56,False
ep1,21,5943,5943,meta,,4096,57,64,False
ep1,22,5981,5981,meta,,512,1,1,False
ep1,23,5982,5982,meta,,512,2,2,False
ep1,24,5983,5983,meta,,2560,3,7,False
ep1,25,5986,5986,meta,,4096,32,39,False
ep1,26,5990,5990,meta,,4096,40,47,False
ep1,27,5993,5993,meta,,4096,48,55,False
ep1,28,5997,5997,meta,,4096,56,63,False
ep1,29,6001,6001,meta,,4096,64,71,False
ep1,30,6007,6007,meta,,4096,8,15,False
ep1,31,6012,6012,meta,,4096,24,31,False
ep1,32,6016,6016,forward,19968,4096,120,127,True
ep1,33,6021,6021,meta,,4096,16,23,False
ep1,34,6027,6027,forward,24064,4096,128,135,True
ep1,35,6031,6031,forward,220672,4096,512,519,True
ep1,36,6048,6048,forward,2055680,4096,4096,4103,True
ep1,37,6266,6266,meta,,4096,65,72,False
ep1,38,6281,6281,meta,,4096,73,80,False
ep1,39,6322,6398,forward,0,81920,81,240,True
ep1,40,6402,6402,forward,8384512,4096,16457,16464,True
ep1,41,6418,6658,forward,81920,262144,241,752,True
ep1,42,6662,6662,meta,,4096,16465,16472,False
ep1,43,6676,6676,meta,,4096,16473,16480,False
ep1,44,6680,6680,meta,,4096,16481,16488,False
ep1,45,6684,6684,meta,,4096,16489,16496,False
ep1,46,6688,6688,meta,,4096,17489,17496,False
ep1,47,6691,6691,meta,,4096,17497,17504,False
ep1,48,6695,6695,meta,,4096,17505,17512,False
ep1,49,6699,6699,meta,,4096,17513,17520,False
ep1,50,6702,6702,meta,,4096,17521,17528,False
ep1,51,6706,6706,meta,,4096,17529,17536,False
ep1,52,6710,6710,meta,,4096,17537,17544,False
ep1,53,6714,6714,meta,,4096,17545,17552,False
ep1,54,6717,6717,meta,,4096,17553,17560,False
ep1,55,6721,6721,meta,,4096,17561,17568,False
ep1,56,6724,6724,meta,,4096,17569,17576,False
ep1,57,6728,6728,meta,,4096,17577,17584,False
ep1,58,6732,6732,meta,,4096,17585,17592,False
ep1,59,6736,6736,meta,,4096,17593,17600,False
ep1,60,6739,6739,meta,,4096,17601,17608,False
ep1,61,6743,6743,meta,,4096,17609,17616,False
ep1,62,6746,6746,meta,,4096,17617,17624,False
ep1,63,6750,6750,meta,,4096,17625,17632,False
ep1,64,6754,6754,meta,,4096,17633,17640,False
ep1,65,6758,6758,meta,,4096,17641,17648,False
ep1,66,6761,6761,meta,,4096,17649,17656,False
ep1,67,6765,6765,meta,,4096,17657,17664,False
ep1,68,6769,6769,meta,,4096,17665,17672,False
ep1,69,6772,6772,meta,,4096,17673,17680,False
ep1,70,6776,6776,meta,,4096,17681,17688,False
ep1,71,6780,6780,meta,,4096,17689,17696,False
ep1,72,6783,6783,meta,,4096,17697,17704,False
ep1,73,6787,6787,meta,,4096,17705,17712,False
ep1,74,6791,6791,meta,,4096,17713,17720,False
ep1,75,6794,6794,meta,,4096,17721,17728,False
ep1,76,6798,6798,meta,,4096,17729,17736,False
ep1,77,6802,6802,meta,,4096,17737,17744,False
ep1,78,6806,6806,meta,,4096,17745,17752,False
ep1,79,6810,6810,meta,,4096,17753,17760,False
ep1,80,6813,6813,meta,,4096,17761,17768,False
ep1,81,6817,6817,meta,,4096,17769,17776,False
ep1,82,6821,6821,meta,,4096,17777,17784,False
ep1,83,6825,6825,meta,,4096,17785,17792,False
ep1,84,6829,6829,meta,,4096,17793,17800,False
ep1,85,6832,6832,meta,,4096,17801,17808,False
ep1,86,6836,6836,meta,,4096,17809,17816,False
ep1,87,6840,6840,meta,,4096,17817,17824,False
ep1,88,6844,6844,meta,,4096,17825,17832,False
ep1,89,6848,6848,meta,,4096,17833,17840,False
ep1,90,6851,6851,meta,,4096,17841,17848,False
ep1,91,6855,6855,meta,,4096,17849,17856,False
ep1,92,6859,6859,meta,,4096,17857,17864,False
ep1,93,6863,6863,meta,,4096,17865,17872,False
ep1,94,6867,6867,meta,,4096,17873,17880,False
ep1,95,6870,6870,meta,,4096,17881,17888,False
ep1,96,6874,6874,meta,,4096,17889,17896,False
ep1,97,6878,6878,meta,,4096,17897,17904,False
ep1,98,6881,6881,meta,,4096,17905,17912,False
ep1,99,6885,6885,meta,,4096,17913,17920,False
ep1,100,6889,6889,meta,,4096,17921,17928,False
ep1,101,6892,6892,meta,,4096,17929,17936,False
ep1,102,6896,6896,meta,,4096,17937,17944,False
ep1,103,6900,6900,meta,,4096,17945,17952,False
ep1,104,6903,6903,meta,,4096,17953,17960,False
ep1,105,6907,6907,meta,,4096,17961,17968,False
ep1,106,6911,6911,meta,,4096,17969,17976,False
ep1,107,6915,6915,meta,,4096,17977,17984,False
ep1,108,6918,6918,meta,,4096,17985,17992,False
ep1,109,6922,6922,meta,,4096,17993,18000,False
ep1,110,6926,6926,meta,,4096,16497,16504,False
ep1,111,6940,6940,meta,,4096,16505,16512,False
ep1,112,6944,6944,meta,,4096,16513,16520,False
ep1,113,6948,6948,meta,,4096,16521,16528,False
ep1,114,6951,6951,meta,,4096,16529,16536,False
ep1,115,6955,6955,meta,,4096,16537,16544,False
ep1,116,6959,6959,meta,,4096,16545,16552,False
ep1,117,6962,6962,meta,,4096,16553,16560,False
ep1,118,6966,6966,meta,,4096,16561,16568,False
ep1,119,6970,6970,meta,,4096,16569,16576,False
ep1,120,6973,6973,meta,,4096,16577,16584,False
ep1,121,6977,6977,meta,,4096,16585,16592,False
ep1,122,6981,6981,meta,,4096,16593,16600,False
ep1,123,6985,6985,meta,,4096,16601,16608,False
ep1,124,6988,6988,meta,,4096,16609,16616,False
ep1,125,6992,6992,meta,,4096,16617,16624,False
ep1,126,6996,6996,meta,,4096,17481,17488,False
ep1,127,7000,7000,meta,,4096,18001,18008,False
ep1,128,7004,7004,meta,,4096,18009,18016,False
ep1,129,7007,7007,meta,,4096,18017,18024,False
ep1,130,7011,7011,meta,,4096,18025,18032,False
ep1,131,7015,7015,meta,,4096,18033,18040,False
ep1,132,7019,7019,meta,,4096,18041,18048,False
ep1,133,7023,7023,meta,,4096,18049,18056,False
ep1,134,7027,7027,meta,,4096,18057,18064,False
ep1,135,7031,7031,meta,,4096,18065,18072,False
ep1,136,7035,7035,meta,,4096,18073,18080,False
ep1,137,7039,7039,meta,,4096,18081,18088,False
ep1,138,7042,7042,meta,,4096,18089,18096,False
ep1,139,7046,7046,meta,,4096,18097,18104,False
ep1,140,7050,7050,meta,,4096,18105,18112,False
ep1,141,7054,7054,meta,,4096,18113,18120,False
ep1,142,7057,7057,meta,,4096,18121,18128,False
ep1,143,7061,7061,meta,,4096,18129,18136,False
ep1,144,7065,7065,meta,,4096,18137,18144,False
ep1,145,7069,7069,meta,,4096,18145,18152,False
ep1,146,7072,7072,meta,,4096,18153,18160,False
ep1,147,7076,7076,meta,,4096,18161,18168,False
ep1,148,7080,7080,meta,,4096,18169,18176,False
ep1,149,7084,7084,meta,,4096,18177,18184,False
ep1,150,7087,7087,meta,,4096,18185,18192,False
ep1,151,7091,7091,meta,,4096,18193,18200,False
ep1,152,7095,7095,meta,,4096,18201,18208,False
ep1,153,7099,7099,meta,,4096,18209,18216,False
ep1,154,7103,7103,meta,,4096,18217,18224,False
ep1,155,7107,7107,meta,,4096,18225,18232,False
ep1,156,7110,7110,meta,,4096,18233,18240,False
ep1,157,7115,7115,meta,,4096,18241,18248,False
ep1,158,7118,7118,meta,,4096,18249,18256,False
ep1,159,7122,7122,meta,,4096,18257,18264,False
ep1,160,7126,7126,meta,,4096,18265,18272,False
ep1,161,7129,7129,meta,,4096,18273,18280,False
ep1,162,7133,7133,meta,,4096,18281,18288,False
ep1,163,7137,7137,meta,,4096,18289,18296,False
ep1,164,7141,7141,meta,,4096,18297,18304,False
ep1,165,7145,7145,meta,,4096,18305,18312,False
ep1,166,7149,7149,meta,,4096,18313,18320,False
ep1,167,7153,7153,meta,,4096,18321,18328,False
ep1,168,7157,7157,meta,,4096,18329,18336,False
ep1,169,7161,7161,meta,,4096,18337,18344,False
ep1,170,7164,7164,meta,,4096,18345,18352,False
ep1,171,7168,7168,meta,,4096,18353,18360,False
ep1,172,7172,7172,meta,,4096,18361,18368,False
ep1,173,7175,7175,meta,,4096,18369,18376,False
ep1,174,7179,7179,meta,,4096,18377,18384,False
ep1,175,7183,7183,meta,,4096,18385,18392,False
ep1,176,7186,7186,meta,,4096,18393,18400,False
ep1,177,7190,7190,meta,,4096,18401,18408,False
ep1,178,7194,7194,meta,,4096,18409,18416,False
ep1,179,7197,7197,meta,,4096,18417,18424,False
ep1,180,7201,7201,meta,,4096,18425,18432,False
ep1,181,7205,7205,meta,,4096,18433,18440,False
ep1,182,7208,7208,meta,,4096,18441,18448,False
ep1,183,7212,7212,meta,,4096,18449,18456,False
ep1,184,7216,7216,meta,,4096,18457,18464,False
ep1,185,7220,7220,meta,,4096,18465,18472,False
ep1,186,7223,7223,meta,,4096,18473,18480,False
ep1,187,7227,7227,meta,,4096,18481,18488,False
ep1,188,7231,7231,meta,,4096,18489,18496,False
ep1,189,7235,7235,meta,,4096,18497,18504,False
ep1,190,7238,7238,meta,,4096,18505,18512,False
ep1,191,7242,7242,meta,,4096,17105,17112,False
ep1,192,7246,7246,meta,,4096,17113,17120,False
ep1,193,7250,7250,meta,,4096,17121,17128,False
ep1,194,7253,7253,meta,,4096,17129,17136,False
ep1,195,7257,7257,meta,,4096,16865,16872,False
ep1,196,7261,7261,meta,,4096,16873,16880,False
ep1,197,7265,7265,meta,,4096,16881,16888,False
ep1,198,7268,7268,meta,,4096,16889,16896,False
ep1,199,7272,7272,meta,,4096,16897,16904,False
ep1,200,7276,7276,meta,,4096,16905,16912,False
ep1,201,7280,7280,meta,,4096,16913,16920,False
ep1,202,7283,7283,meta,,4096,16921,16928,False
ep1,203,7287,7287,meta,,4096,16929,16936,False
ep1,204,7291,7291,meta,,4096,16937,16944,False
ep1,205,7294,7294,meta,,4096,16945,16952,False
ep1,206,7298,7298,meta,,4096,16953,16960,False
ep1,207,7302,7302,meta,,4096,16961,16968,False
ep1,208,7305,7305,meta,,4096,16969,16976,False
ep1,209,7309,7309,meta,,4096,16977,16984,False
ep1,210,7313,7313,meta,,4096,16985,16992,False
ep1,211,7316,7316,meta,,4096,16993,17000,False
ep1,212,7320,7320,meta,,4096,17001,17008,False
ep1,213,7324,7324,meta,,4096,17009,17016,False
ep1,214,7328,7328,meta,,4096,17017,17024,False
ep1,215,7332,7332,meta,,4096,17025,17032,False
ep1,216,7336,7336,meta,,4096,17033,17040,False
ep1,217,7339,7339,meta,,4096,17041,17048,False
ep1,218,7343,7343,meta,,4096,17049,17056,False
ep1,219,7347,7347,meta,,4096,17057,17064,False
ep1,220,7351,7351,meta,,4096,17065,17072,False
ep1,221,7355,7355,meta,,4096,17073,17080,False
ep1,222,7359,7359,meta,,4096,17081,17088,False
ep1,223,7362,7362,meta,,4096,17089,17096,False
ep1,224,7366,7366,meta,,4096,17097,17104,False
ep1,225,7370,7370,meta,,4096,16625,16632,False
ep1,226,7374,7374,meta,,4096,16633,16640,False
ep1,227,7377,7377,meta,,4096,16641,16648,False
ep1,228,7381,7381,meta,,4096,16649,16656,False
ep1,229,7385,7385,meta,,4096,16657,16664,False
ep1,230,7389,7389,meta,,4096,16665,16672,False
ep1,231,7392,7392,meta,,4096,16673,16680,False
ep1,232,7396,7396,meta,,4096,16681,16688,False
ep1,233,7400,7400,meta,,4096,16689,16696,False
ep1,234,7403,7403,meta,,4096,16697,16704,False
ep1,235,7407,7407,meta,,4096,16705,16712,False
ep1,236,7411,7411,meta,,4096,16713,16720,False
ep1,237,7414,7414,meta,,4096,16721,16728,False
ep1,238,7418,7418,meta,,4096,16729,16736,False
ep1,239,7422,7422,meta,,4096,16737,16744,False
ep1,240,7425,7425,meta,,4096,16745,16752,False
ep1,241,7429,7429,meta,,4096,16753,16760,False
ep1,242,7433,7433,meta,,4096,16761,16768,False
ep1,243,7436,7436,meta,,4096,16769,16776,False
ep1,244,7440,7440,meta,,4096,16777,16784,False
ep1,245,7444,7444,meta,,4096,16785,16792,False
ep1,246,7447,7447,meta,,4096,16793,16800,False
ep1,247,7451,7451,meta,,4096,16801,16808,False
ep1,248,7455,7455,meta,,4096,16809,16816,False
ep1,249,7458,7458,meta,,4096,16817,16824,False
ep1,250,7462,7462,meta,,4096,16825,16832,False
ep1,251,7466,7466,meta,,4096,16833,16840,False
ep1,252,7469,7469,meta,,4096,16841,16848,False
ep1,253,7473,7473,meta,,4096,16849,16856,False
ep1,254,7477,7477,meta,,4096,16857,16864,False
ep1,255,7481,7481,meta,,4096,18513,18520,False
ep1,256,7495,7495,meta,,2560,18521,18525,False
ep2,0,36859,36859,meta,,4096,17377,17384,False
ep2,1,36877,36877,meta,,4096,17385,17392,False
ep2,2,36881,36881,meta,,4096,17393,17400,False
ep2,3,36885,36885,meta,,4096,17401,17408,False
ep2,4,36889,36889,meta,,4096,17409,17416,False
ep2,5,36892,36892,meta,,4096,17417,17424,False
ep2,6,36896,36896,meta,,4096,17425,17432,False
ep2,7,36913,36913,meta,,4096,17433,17440,False
ep2,8,36917,36917,meta,,4096,17441,17448,False
ep2,9,36921,36921,meta,,4096,17449,17456,False
ep2,10,36925,36925,meta,,4096,17457,17464,False
ep2,11,36928,36928,meta,,4096,17465,17472,False
ep2,12,36932,36932,meta,,4096,17473,17480,False
ep2,13,36936,36936,meta,,4096,17137,17144,False
ep2,14,36940,36940,meta,,4096,17145,17152,False
ep2,15,36944,36944,meta,,4096,17153,17160,False
ep2,16,36947,36947,meta,,4096,17161,17168,False
ep2,17,36951,36951,meta,,4096,17169,17176,False
ep2,18,36955,36955,meta,,4096,17177,17184,False
ep2,19,36958,36958,meta,,4096,17185,17192,False
ep2,20,36962,36962,meta,,4096,17193,17200,False
ep2,21,36966,36966,meta,,4096,17201,17208,False
ep2,22,36969,36969,meta,,4096,17209,17216,False
ep2,23,36973,36973,meta,,4096,17217,17224,False
ep2,24,36977,36977,meta,,4096,17225,17232,False
ep2,25,36980,36980,meta,,4096,17233,17240,False
ep2,26,36984,36984,meta,,4096,17241,17248,False
ep2,27,36988,36988,meta,,4096,17249,17256,False
ep2,28,36991,36991,meta,,4096,17257,17264,False
ep2,29,36995,36995,meta,,4096,17265,17272,False
ep2,30,36999,36999,meta,,4096,17273,17280,False
ep2,31,37003,37003,meta,,4096,17281,17288,False
ep2,32,37007,37007,meta,,4096,17289,17296,False
ep2,33,37011,37011,meta,,4096,17297,17304,False
ep2,34,37015,37015,meta,,4096,17305,17312,False
ep2,35,37019,37019,meta,,4096,17313,17320,False
ep2,36,37023,37023,meta,,4096,17321,17328,False
ep2,37,37027,37027,meta,,4096,17329,17336,False
ep2,38,37031,37031,meta,,4096,17337,17344,False
ep2,39,37034,37034,meta,,4096,17345,17352,False
ep2,40,37038,37038,meta,,4096,17353,17360,False
ep2,41,37042,37042,meta,,4096,17361,17368,False
ep2,42,37046,37046,meta,,4096,17369,17376,False
ep3,0,62050,62068,forward,958464,8192,1953,1968,True
ep3,1,62072,62197,forward,835584,122880,1713,1952,True
ep3,2,62201,62310,forward,712704,122880,1473,1712,True
ep3,3,62314,62645,forward,966656,368640,1969,2688,True
ep3,4,62650,63006,forward,344064,368640,753,1472,True
ep3,5,63010,66581,forward,1335296,3710976,2689,9936,True
ep4,0,70103,72346,forward,5046272,2334720,9937,14496,True
ep4,1,72350,72350,meta,,4096,0,7,False
ep4,2,72351,72363,forward,7380992,16384,14497,14528,True
ep4,3,72365,72365,meta,,4096,0,7,False
ep4,4,72366,72370,forward,7397376,8192,14529,14544,True
ep4,5,72370,72370,meta,,4096,32,39,False
ep4,6,72374,72374,forward,7405568,4096,14545,14552,True
ep4,7,72374,72374,meta,,4096,40,47,False
ep4,8,72378,72378,forward,7409664,4096,14553,14560,True
ep4,9,72378,72378,meta,,4096,48,55,False
ep4,10,72382,72382,forward,7413760,4096,14561,14568,True
ep4,11,72382,72382,meta,,4096,56,63,False
ep4,12,72386,72386,forward,7417856,4096,14569,14576,True
ep4,13,72386,72386,meta,,4096,64,71,False
ep4,14,72390,72390,forward,7421952,4096,14577,14584,True
ep4,15,72391,72391,meta,,4096,8,15,False
ep4,16,72394,72394,forward,7426048,4096,14585,14592,True
ep4,17,72397,72397,meta,,4096,24,31,False
ep4,18,72398,72398,forward,7430144,4096,14593,14600,True
ep4,19,72401,72401,forward,19968,4096,120,127,True
ep4,20,72402,72421,forward,7434240,24576,14601,14648,True
ep4,21,72421,72421,meta,,4096,16,23,False
ep4,22,72425,72425,forward,7458816,4096,14649,14656,True
ep4,23,72426,72426,forward,24064,4096,128,135,True
ep4,24,72429,72429,forward,7462912,4096,14657,14664,True
ep4,25,72430,72430,forward,220672,4096,512,519,True
ep4,26,72433,72433,forward,7467008,4096,14665,14672,True
ep4,27,72435,72435,forward,2055680,4096,4096,4103,True
ep4,28,72437,72456,forward,7471104,24576,14673,14720,True
ep4,29,72456,72456,meta,,4096,0,7,False
ep4,30,72460,72555,forward,7495680,90112,14721,14896,True
ep4,31,72558,72558,meta,,512,0,0,False
ep4,32,72559,72559,forward,7585792,4096,14897,14904,True
ep4,33,72560,72560,meta,,4096,1,8,False
ep4,34,72563,72563,forward,7589888,4096,14905,14912,True
ep4,35,72565,72565,meta,,4096,9,16,False
ep4,36,72567,72567,forward,7593984,4096,14913,14920,True
ep4,37,72569,72569,meta,,4096,33,40,False
ep4,38,72571,72571,forward,7598080,4096,14921,14928,True
ep4,39,72573,72573,meta,,4096,41,48,False
ep4,40,72575,72575,forward,7602176,4096,14929,14936,True
ep4,41,72577,72577,meta,,4096,49,56,False
ep4,42,72579,72579,forward,7606272,4096,14937,14944,True
ep4,43,72581,72581,meta,,4096,57,64,False
ep4,44,72583,72622,forward,7610368,45056,14945,15032,True
ep4,45,72624,72624,meta,,512,1,1,False
ep4,46,72625,72625,forward,7655424,4096,15033,15040,True
ep4,47,72625,72625,meta,,512,2,2,False
ep4,48,72627,72627,meta,,2560,3,7,False
ep4,49,72629,72629,forward,7659520,4096,15041,15048,True
ep4,50,72630,72630,meta,,4096,32,39,False
ep4,51,72633,72633,forward,7663616,4096,15049,15056,True
ep4,52,72634,72634,meta,,4096,40,47,False
ep4,53,72637,72637,forward,7667712,4096,15057,15064,True
ep4,54,72638,72638,meta,,4096,48,55,False
ep4,55,72641,72641,forward,7671808,4096,15065,15072,True
ep4,56,72641,72641,meta,,4096,56,63,False
ep4,57,72645,72645,forward,7675904,4096,15073,15080,True
ep4,58,72645,72645,meta,,4096,64,71,False
ep4,59,72649,72653,forward,7680000,8192,15081,15096,True
ep4,60,72653,72653,meta,,4096,8,15,False
ep4,61,72657,72657,forward,7688192,4096,15097,15104,True
ep4,62,72659,72659,meta,,4096,24,31,False
ep4,63,72660,72660,forward,7692288,4096,15105,15112,True
ep4,64,72663,72663,forward,19968,4096,120,127,True
ep4,65,72664,72668,forward,7696384,8192,15113,15128,True
ep4,66,72669,72669,meta,,4096,16,23,False
ep4,67,72672,72672,forward,7704576,4096,15129,15136,True
ep4,68,72675,72675,forward,24064,4096,128,135,True
ep4,69,72676,72676,forward,7708672,4096,15137,15144,True
ep4,70,72679,72679,forward,220672,4096,512,519,True
ep4,71,72680,72715,forward,7712768,40960,15145,15224,True
ep4,72,72716,72716,forward,2055680,4096,4096,4103,True
ep4,73,72719,72737,forward,7753728,24576,15225,15272,True
ep4,74,72740,72740,meta,,4096,65,72,False
ep4,75,72741,72745,forward,7778304,8192,15273,15288,True
ep4,76,72745,72745,meta,,4096,73,80,False
ep4,77,72749,72772,forward,7786496,28672,15289,15344,True
ep4,78,72773,72773,meta,,4096,16465,16472,False
ep4,79,72776,72788,forward,7815168,16384,15345,15376,True
ep4,80,72790,72790,meta,,4096,16473,16480,False
ep4,81,72791,72791,forward,7831552,4096,15377,15384,True
ep4,82,72794,72794,meta,,4096,16481,16488,False
ep4,83,72795,72795,forward,7835648,4096,15385,15392,True
ep4,84,72798,72798,meta,,4096,16489,16496,False
ep4,85,72799,72799,forward,7839744,4096,15393,15400,True
ep4,86,72802,72802,meta,,4096,16497,16504,False
ep4,87,72803,72803,forward,7843840,4096,15401,15408,True
ep4,88,72806,72806,meta,,4096,16505,16512,False
ep4,89,72807,72807,forward,7847936,4096,15409,15416,True
ep4,90,72810,72810,meta,,4096,16513,16520,False
ep4,91,72811,72811,forward,7852032,4096,15417,15424,True
ep4,92,72814,72814,meta,,4096,16521,16528,False
ep4,93,72815,72815,forward,7856128,4096,15425,15432,True
ep4,94,72817,72817,meta,,4096,16529,16536,False
ep4,95,72818,72818,forward,7860224,4096,15433,15440,True
ep4,96,72821,72821,meta,,4096,16537,16544,False
ep4,97,72822,72822,forward,7864320,4096,15441,15448,True
ep4,98,72824,72824,meta,,4096,16545,16552,False
ep4,99,72826,72826,forward,7868416,4096,15449,15456,True
ep4,100,72828,72828,meta,,4096,16553,16560,False
ep4,101,72830,72830,forward,7872512,4096,15457,15464,True
ep4,102,72832,72832,meta,,4096,16561,16568,False
ep4,103,72834,72834,forward,7876608,4096,15465,15472,True
ep4,104,72835,72835,meta,,4096,16569,16576,False
ep4,105,72838,72838,forward,7880704,4096,15473,15480,True
ep4,106,72839,72839,meta,,4096,16577,16584,False
ep4,107,72842,72842,forward,7884800,4096,15481,15488,True
ep4,108,72842,72842,meta,,4096,16585,16592,False
ep4,109,72846,72846,forward,7888896,4096,15489,15496,True
ep4,110,72846,72846,meta,,4096,16593,16600,False
ep4,111,72850,72850,forward,7892992,4096,15497,15504,True
ep4,112,72850,72850,meta,,4096,16601,16608,False
ep4,113,72853,72853,meta,,4096,16609,16616,False
ep4,114,72854,72854,forward,7897088,4096,15505,15512,True
ep4,115,72857,72857,meta,,4096,16617,16624,False
ep4,116,72858,72858,forward,7901184,4096,15513,15520,True
ep4,117,72861,72861,meta,,4096,16625,16632,False
ep4,118,72862,72862,forward,7905280,4096,15521,15528,True
ep4,119,72864,72864,meta,,4096,16633,16640,False
ep4,120,72866,72866,forward,7909376,4096,15529,15536,True
ep4,121,72868,72868,meta,,4096,16641,16648,False
ep4,122,72870,72870,forward,7913472,4096,15537,15544,True
ep4,123,72871,72871,meta,,4096,16649,16656,False
ep4,124,72874,72874,forward,7917568,4096,15545,15552,True
ep4,125,72875,72875,meta,,4096,16657,16664,False
ep4,126,72877,72877,forward,7921664,4096,15553,15560,True
ep4,127,72879,72879,meta,,4096,16665,16672,False
ep4,128,72881,72881,forward,7925760,4096,15561,15568,True
ep4,129,72882,72882,meta,,4096,16673,16680,False
ep4,130,72885,72885,forward,7929856,4096,15569,15576,True
ep4,131,72886,72886,meta,,4096,16681,16688,False
ep4,132,72889,72889,forward,7933952,4096,15577,15584,True
ep4,133,72890,72890,meta,,4096,16689,16696,False
ep4,134,72893,72893,forward,7938048,4096,15585,15592,True
ep4,135,72893,72893,meta,,4096,16697,16704,False
ep4,136,72897,72897,forward,7942144,4096,15593,15600,True
ep4,137,72898,72898,meta,,4096,16705,16712,False
ep4,138,72901,72901,forward,7946240,4096,15601,15608,True
ep4,139,72901,72901,meta,,4096,16713,16720,False
ep4,140,72905,72905,forward,7950336,4096,15609,15616,True
ep4,141,72905,72905,meta,,4096,16721,16728,False
ep4,142,72909,72909,forward,7954432,4096,15617,15624,True
ep4,143,72909,72909,meta,,4096,16729,16736,False
ep4,144,72913,72913,forward,7958528,4096,15625,15632,True
ep4,145,72913,72913,meta,,4096,16737,16744,False
ep4,146,72916,72916,forward,7962624,4096,15633,15640,True
ep4,147,72916,72916,meta,,4096,16745,16752,False
ep4,148,72920,72920,forward,7966720,4096,15641,15648,True
ep4,149,72920,72920,meta,,4096,16753,16760,False
ep4,150,72924,72924,forward,7970816,4096,15649,15656,True
ep4,151,72924,72924,meta,,4096,16761,16768,False
ep4,152,72927,72927,meta,,4096,16769,16776,False
ep4,153,72928,72928,forward,7974912,4096,15657,15664,True
ep4,154,72931,72931,meta,,4096,16777,16784,False
ep4,155,72932,72932,forward,7979008,4096,15665,15672,True
ep4,156,72935,72935,meta,,4096,16785,16792,False
ep4,157,72936,72936,forward,7983104,4096,15673,15680,True
ep4,158,72938,72938,meta,,4096,16793,16800,False
ep4,159,72940,72940,forward,7987200,4096,15681,15688,True
ep4,160,72942,72942,meta,,4096,16801,16808,False
ep4,161,72944,72944,forward,7991296,4096,15689,15696,True
ep4,162,72945,72945,meta,,4096,16809,16816,False
ep4,163,72948,72948,forward,7995392,4096,15697,15704,True
ep4,164,72949,72949,meta,,4096,16817,16824,False
ep4,165,72952,72952,forward,7999488,4096,15705,15712,True
ep4,166,72953,72953,meta,,4096,16825,16832,False
ep4,167,72956,72956,forward,8003584,4096,15713,15720,True
ep4,168,72956,72956,meta,,4096,16833,16840,False
ep4,169,72960,72960,forward,8007680,4096,15721,15728,True
ep4,170,72960,72960,meta,,4096,16841,16848,False
ep4,171,72964,72964,forward,8011776,4096,15729,15736,True
ep4,172,72964,72964,meta,,4096,16849,16856,False
ep4,173,72967,72967,forward,8015872,4096,15737,15744,True
ep4,174,72968,72968,meta,,4096,16857,16864,False
ep4,175,72971,72971,forward,8019968,4096,15745,15752,True
ep4,176,72972,72972,meta,,4096,16865,16872,False
ep4,177,72975,72975,forward,8024064,4096,15753,15760,True
ep4,178,72976,72976,meta,,4096,16873,16880,False
ep4,179,72979,72979,forward,8028160,4096,15761,15768,True
ep4,180,72979,72979,meta,,4096,16881,16888,False
ep4,181,72983,72983,forward,8032256,4096,15769,15776,True
ep4,182,72983,72983,meta,,4096,16889,16896,False
ep4,183,72987,72987,forward,8036352,4096,15777,15784,True
ep4,184,72987,72987,meta,,4096,16897,16904,False
ep4,185,72990,72990,forward,8040448,4096,15785,15792,True
ep4,186,72990,72990,meta,,4096,16905,16912,False
ep4,187,72994,72994,forward,8044544,4096,15793,15800,True
ep4,188,72994,72994,meta,,4096,16913,16920,False
ep4,189,72997,72997,meta,,4096,16921,16928,False
ep4,190,72998,72998,forward,8048640,4096,15801,15808,True
ep4,191,73001,73001,meta,,4096,16929,16936,False
ep4,192,73002,73002,forward,8052736,4096,15809,15816,True
ep4,193,73005,73005,meta,,4096,16937,16944,False
ep4,194,73006,73006,forward,8056832,4096,15817,15824,True
ep4,195,73009,73009,meta,,4096,16945,16952,False
ep4,196,73010,73010,forward,8060928,4096,15825,15832,True
ep4,197,73013,73013,meta,,4096,16953,16960,False
ep4,198,73014,73014,forward,8065024,4096,15833,15840,True
ep4,199,73017,73017,meta,,4096,16961,16968,False
ep4,200,73018,73021,forward,8069120,8192,15841,15856,True
ep4,201,73021,73021,meta,,4096,16969,16976,False
ep4,202,73025,73025,forward,8077312,4096,15857,15864,True
ep4,203,73026,73026,meta,,4096,16977,16984,False
ep4,204,73029,73029,forward,8081408,4096,15865,15872,True
ep4,205,73030,73030,meta,,4096,16985,16992,False
ep4,206,73033,73033,forward,8085504,4096,15873,15880,True
ep4,207,73034,73034,meta,,4096,16993,17000,False
ep4,208,73037,73037,forward,8089600,4096,15881,15888,True
ep4,209,73038,73038,meta,,4096,17001,17008,False
ep4,210,73041,73041,forward,8093696,4096,15889,15896,True
ep4,211,73041,73041,meta,,4096,17009,17016,False
ep4,212,73045,73045,forward,8097792,4096,15897,15904,True
ep4,213,73045,73045,meta,,4096,17017,17024,False
ep4,214,73049,73049,forward,8101888,4096,15905,15912,True
ep4,215,73049,73049,meta,,4096,17025,17032,False
ep4,216,73052,73052,forward,8105984,4096,15913,15920,True
ep4,217,73053,73053,meta,,4096,17033,17040,False
ep4,218,73056,73056,forward,8110080,4096,15921,15928,True
ep4,219,73056,73056,meta,,4096,17041,17048,False
ep4,220,73060,73060,forward,8114176,4096,15929,15936,True
ep4,221,73060,73060,meta,,4096,17049,17056,False
ep4,222,73064,73064,forward,8118272,4096,15937,15944,True
ep4,223,73064,73064,meta,,4096,17057,17064,False
ep4,224,73067,73067,meta,,4096,17065,17072,False
ep4,225,73068,73068,forward,8122368,4096,15945,15952,True
ep4,226,73071,73071,meta,,4096,17073,17080,False
ep4,227,73072,73072,forward,8126464,4096,15953,15960,True
ep4,228,73075,73075,meta,,4096,17081,17088,False
ep4,229,73076,73076,forward,8130560,4096,15961,15968,True
ep4,230,73078,73078,meta,,4096,17089,17096,False
ep4,231,73080,73080,forward,8134656,4096,15969,15976,True
ep4,232,73082,73082,meta,,4096,17097,17104,False
ep4,233,73083,73083,forward,8138752,4096,15977,15984,True
ep4,234,73085,73085,meta,,4096,17105,17112,False
ep4,235,73087,73087,forward,8142848,4096,15985,15992,True
ep4,236,73089,73089,meta,,4096,17113,17120,False
ep4,237,73091,73091,forward,8146944,4096,15993,16000,True
ep4,238,73093,73093,meta,,4096,17121,17128,False
ep4,239,73095,73095,forward,8151040,4096,16001,16008,True
ep4,240,73096,73096,meta,,4096,17129,17136,False
ep4,241,73099,73099,forward,8155136,4096,16009,16016,True
ep4,242,73100,73100,meta,,4096,17137,17144,False
ep4,243,73103,73103,forward,8159232,4096,16017,16024,True
ep4,244,73104,73104,meta,,4096,17145,17152,False
ep4,245,73107,73107,forward,8163328,4096,16025,16032,True
ep4,246,73108,73108,meta,,4096,17153,17160,False
ep4,247,73111,73111,forward,8167424,4096,16033,16040,True
ep4,248,73111,73111,meta,,4096,17161,17168,False
ep4,249,73114,73114,forward,8171520,4096,16041,16048,True
ep4,250,73115,73115,meta,,4096,17169,17176,False
ep4,251,73118,73118,forward,8175616,4096,16049,16056,True
ep4,252,73119,73119,meta,,4096,17177,17184,False
ep4,253,73122,73122,forward,8179712,4096,16057,16064,True
ep4,254,73122,73122,meta,,4096,17185,17192,False
ep4,255,73126,73126,forward,8183808,4096,16065,16072,True
ep4,256,73126,73126,meta,,4096,17193,17200,False
ep4,257,73130,73130,forward,8187904,4096,16073,16080,True
ep4,258,73130,73130,meta,,4096,17201,17208,False
ep4,259,73133,73133,meta,,4096,17209,17216,False
ep4,260,73134,73138,forward,8192000,8192,16081,16096,True
ep4,261,73138,73138,meta,,4096,17217,17224,False
ep4,262,73141,73141,meta,,4096,17225,17232,False
ep4,263,73142,73142,forward,8200192,4096,16097,16104,True
ep4,264,73145,73145,meta,,4096,17233,17240,False
ep4,265,73148,73148,meta,,4096,17241,17248,False
ep4,266,73152,73152,meta,,4096,17249,17256,False
ep4,267,73156,73156,meta,,4096,17257,17264,False
ep4,268,73159,73159,forward,8204288,4096,16105,16112,True
ep4,269,73160,73160,meta,,4096,17265,17272,False
ep4,270,73163,73163,forward,8208384,4096,16113,16120,True
ep4,271,73163,73163,meta,,4096,17273,17280,False
ep4,272,73167,73167,forward,8212480,4096,16121,16128,True
ep4,273,73167,73167,meta,,4096,17281,17288,False
ep4,274,73171,73171,forward,8216576,4096,16129,16136,True
ep4,275,73171,73171,meta,,4096,17289,17296,False
ep4,276,73174,73174,meta,,4096,17297,17304,False
ep4,277,73175,73178,forward,8220672,8192,16137,16152,True
ep4,278,73178,73178,meta,,4096,17305,17312,False
ep4,279,73182,73182,forward,8228864,4096,16153,16160,True
ep4,280,73182,73182,meta,,4096,17313,17320,False
ep4,281,73186,73186,forward,8232960,4096,16161,16168,True
ep4,282,73186,73186,meta,,4096,17321,17328,False
ep4,283,73190,73190,forward,8237056,4096,16169,16176,True
ep4,284,73190,73190,meta,,4096,17329,17336,False
ep4,285,73194,73194,forward,8241152,4096,16177,16184,True
ep4,286,73194,73194,meta,,4096,17337,17344,False
ep4,287,73198,73198,forward,8245248,4096,16185,16192,True
ep4,288,73198,73198,meta,,4096,17345,17352,False
ep4,289,73202,73202,forward,8249344,4096,16193,16200,True
ep4,290,73202,73202,meta,,4096,17353,17360,False
ep4,291,73206,73206,forward,8253440,4096,16201,16208,True
ep4,292,73206,73206,meta,,4096,17361,17368,False
ep4,293,73209,73209,meta,,4096,17369,17376,False
ep4,294,73210,73213,forward,8257536,8192,16209,16224,True
ep4,295,73213,73213,meta,,4096,17377,17384,False
ep4,296,73217,73217,forward,8265728,4096,16225,16232,True
ep4,297,73217,73217,meta,,4096,17385,17392,False
ep4,298,73221,73221,forward,8269824,4096,16233,16240,True
ep4,299,73221,73221,meta,,4096,17393,17400,False
ep4,300,73225,73225,forward,8273920,4096,16241,16248,True
ep4,301,73225,73225,meta,,4096,17401,17408,False
ep4,302,73228,73228,forward,8278016,4096,16249,16256,True
ep4,303,73228,73228,meta,,4096,17409,17416,False
ep4,304,73232,73232,forward,8282112,4096,16257,16264,True
ep4,305,73232,73232,meta,,4096,17417,17424,False
ep4,306,73236,73236,forward,8286208,4096,16265,16272,True
ep4,307,73236,73236,meta,,4096,17425,17432,False
ep4,308,73239,73239,meta,,4096,17433,17440,False
ep4,309,73240,73240,forward,8290304,4096,16273,16280,True
ep4,310,73243,73243,meta,,4096,17441,17448,False
ep4,311,73244,73244,forward,8294400,4096,16281,16288,True
ep4,312,73247,73247,meta,,4096,17449,17456,False
ep4,313,73248,73248,forward,8298496,4096,16289,16296,True
ep4,314,73251,73251,meta,,4096,17457,17464,False
ep4,315,73252,73252,forward,8302592,4096,16297,16304,True
ep4,316,73254,73254,meta,,4096,17465,17472,False
ep4,317,73256,73256,forward,8306688,4096,16305,16312,True
ep4,318,73258,73258,meta,,4096,17473,17480,False
ep4,319,73260,73260,forward,8310784,4096,16313,16320,True
ep4,320,73262,73262,meta,,4096,17481,17488,False
ep4,321,73264,73340,forward,8314880,69632,16321,16456,True
ep5,0,90566,90566,meta,,4096,16721,16728,False
ep5,1,90570,90570,meta,,4096,16729,16736,False
ep5,2,90575,90575,meta,,4096,16737,16744,False
ep5,3,90581,90581,meta,,4096,16745,16752,False
ep5,4,90586,90586,meta,,4096,16753,16760,False
ep5,5,90590,90590,meta,,4096,16761,16768,False
ep5,6,90595,90595,meta,,4096,16769,16776,False
ep5,7,90600,90600,meta,,4096,16777,16784,False
ep5,8,90605,90605,meta,,4096,16785,16792,False
ep5,9,90610,90610,meta,,4096,16793,16800,False
ep5,10,90615,90615,meta,,4096,16801,16808,False
ep5,11,90620,90620,meta,,4096,16809,16816,False
ep5,12,90625,90625,meta,,4096,16817,16824,False
ep5,13,90630,90630,meta,,4096,16825,16832,False
ep5,14,90634,90634,meta,,4096,16833,16840,False
ep5,15,90639,90639,meta,,4096,16841,16848,False
ep5,16,90644,90644,meta,,4096,16849,16856,False
ep5,17,90648,90648,meta,,4096,16857,16864,False
ep5,18,90653,90653,meta,,4096,16865,16872,False
ep5,19,90657,90657,meta,,4096,16873,16880,False
ep5,20,90662,90662,meta,,4096,16881,16888,False
ep5,21,90667,90667,meta,,4096,16889,16896,False
ep5,22,90672,90672,meta,,4096,16897,16904,False
ep5,23,90677,90677,meta,,4096,16905,16912,False
ep5,24,90682,90682,meta,,4096,16913,16920,False
ep5,25,90687,90687,meta,,4096,16921,16928,False
ep5,26,90691,90691,meta,,4096,16929,16936,False
ep5,27,90696,90696,meta,,4096,16937,16944,False
ep5,28,90701,90701,meta,,4096,16945,16952,False
ep5,29,90705,90705,meta,,4096,16953,16960,False
ep5,30,90710,90710,meta,,4096,16961,16968,False
ep5,31,90715,90715,meta,,4096,16969,16976,False
ep5,32,90721,90721,meta,,4096,16977,16984,False
ep5,33,90726,90726,meta,,4096,16985,16992,False
ep5,34,90731,90731,meta,,4096,16993,17000,False
ep5,35,90735,90735,meta,,4096,17001,17008,False
ep5,36,90740,90740,meta,,4096,17009,17016,False
ep5,37,90745,90745,meta,,4096,17017,17024,False
ep5,38,90750,90750,meta,,4096,17025,17032,False
ep5,39,90754,90754,meta,,4096,17033,17040,False
ep5,40,90759,90759,meta,,4096,17041,17048,False
ep5,41,90763,90763,meta,,4096,17049,17056,False
ep5,42,90768,90768,meta,,4096,17057,17064,False
ep5,43,90773,90773,meta,,4096,17065,17072,False
ep5,44,90778,90778,meta,,4096,17073,17080,False
ep5,45,90783,90783,meta,,4096,17081,17088,False
ep5,46,90788,90788,meta,,4096,17089,17096,False
ep5,47,90793,90793,meta,,4096,17097,17104,False
ep5,48,90798,90798,meta,,4096,17105,17112,False
ep5,49,90802,90802,meta,,4096,17113,17120,False
ep5,50,90807,90807,meta,,4096,17121,17128,False
ep5,51,90812,90812,meta,,4096,17129,17136,False
ep5,52,90816,90816,meta,,4096,17137,17144,False
ep5,53,90821,90821,meta,,4096,17145,17152,False
ep5,54,90825,90825,meta,,4096,17153,17160,False
ep5,55,90830,90830,meta,,4096,17161,17168,False
ep5,56,90835,90835,meta,,4096,17169,17176,False
ep5,57,90839,90839,meta,,4096,17177,17184,False
ep5,58,90844,90844,meta,,4096,17185,17192,False
ep5,59,90849,90849,meta,,4096,17193,17200,False
ep5,60,90854,90854,meta,,4096,17201,17208,False
ep5,61,90859,90859,meta,,4096,17209,17216,False
ep5,62,90864,90864,meta,,4096,17217,17224,False
ep5,63,90869,90869,meta,,4096,17225,17232,False
ep5,64,90874,90874,meta,,4096,17233,17240,False
ep5,65,90879,90879,meta,,4096,17241,17248,False
ep5,66,90884,90884,meta,,4096,17249,17256,False
ep5,67,90888,90888,meta,,4096,17257,17264,False
ep5,68,90894,90894,meta,,4096,17265,17272,False
ep5,69,90898,90898,meta,,4096,17273,17280,False
ep5,70,90903,90903,meta,,4096,17281,17288,False
ep5,71,90908,90908,meta,,4096,17289,17296,False
ep5,72,90912,90912,meta,,4096,17297,17304,False
ep5,73,90917,90917,meta,,4096,17305,17312,False
ep5,74,90922,90922,meta,,4096,17313,17320,False
ep5,75,90926,90926,meta,,4096,17321,17328,False
ep5,76,90931,90931,meta,,4096,17329,17336,False
ep5,77,90936,90936,meta,,4096,17337,17344,False
ep5,78,90941,90941,meta,,4096,17345,17352,False
ep5,79,90946,90946,meta,,4096,17353,17360,False
ep5,80,90951,90951,meta,,4096,17361,17368,False
ep5,81,90955,90955,meta,,4096,17369,17376,False
ep5,82,90960,90960,meta,,4096,17377,17384,False
ep5,83,90965,90965,meta,,4096,17385,17392,False
ep5,84,90969,90969,meta,,4096,17393,17400,False
ep5,85,90974,90974,meta,,4096,17401,17408,False
ep5,86,90979,90979,meta,,4096,17409,17416,False
ep5,87,90984,90984,meta,,4096,17417,17424,False
ep5,88,90988,90988,meta,,4096,17425,17432,False
ep5,89,90993,90993,meta,,4096,17433,17440,False
ep5,90,90998,90998,meta,,4096,17441,17448,False
ep5,91,91003,91003,meta,,4096,17449,17456,False
ep5,92,91008,91008,meta,,4096,17457,17464,False
ep5,93,91013,91013,meta,,4096,17465,17472,False
ep5,94,91017,91017,meta,,4096,17473,17480,False
ep5,95,91022,91022,meta,,4096,17481,17488,False
ep6,0,111763,111763,meta,,4096,17489,17496,False
ep6,1,111781,111781,meta,,4096,17497,17504,False
ep6,2,111796,111796,meta,,4096,17505,17512,False
ep6,3,111813,111813,meta,,4096,17513,17520,False
ep6,4,111817,111817,meta,,4096,17521,17528,False
ep6,5,111821,111821,meta,,4096,17529,17536,False
ep6,6,111825,111825,meta,,4096,17537,17544,False
ep6,7,111829,111829,meta,,4096,17545,17552,False
ep6,8,111833,111833,meta,,4096,17553,17560,False
ep6,9,111859,111859,meta,,4096,17561,17568,False
ep6,10,111863,111863,meta,,4096,17569,17576,False
ep6,11,111866,111866,meta,,4096,17577,17584,False
ep6,12,111870,111870,meta,,4096,17585,17592,False
ep6,13,111874,111874,meta,,4096,17593,17600,False
ep6,14,111878,111878,meta,,4096,17601,17608,False
ep6,15,111881,111881,meta,,4096,17609,17616,False
ep6,16,111885,111885,meta,,4096,17617,17624,False
ep6,17,111890,111890,meta,,4096,17625,17632,False
ep6,18,111894,111894,meta,,4096,17633,17640,False
ep6,19,111899,111899,meta,,4096,17641,17648,False
ep6,20,111904,111904,meta,,4096,17649,17656,False
ep6,21,111909,111909,meta,,4096,17657,17664,False
ep6,22,111914,111914,meta,,4096,17665,17672,False
ep6,23,111918,111918,meta,,4096,17673,17680,False
ep6,24,111923,111923,meta,,4096,17681,17688,False
ep6,25,111927,111927,meta,,4096,17689,17696,False
ep6,26,111932,111932,meta,,4096,17697,17704,False
ep6,27,111937,111937,meta,,4096,17705,17712,False
ep6,28,111942,111942,meta,,4096,17713,17720,False
ep6,29,111947,111947,meta,,4096,17721,17728,False
ep6,30,111952,111952,meta,,4096,17729,17736,False
ep6,31,111957,111957,meta,,4096,17737,17744,False
ep6,32,111962,111962,meta,,4096,17745,17752,False
ep6,33,111967,111967,meta,,4096,17753,17760,False
ep6,34,111972,111972,meta,,4096,17761,17768,False
ep6,35,111977,111977,meta,,4096,17769,17776,False
ep6,36,111981,111981,meta,,4096,17777,17784,False
ep6,37,111986,111986,meta,,4096,17785,17792,False
ep6,38,111991,111991,meta,,4096,17793,17800,False
ep6,39,111996,111996,meta,,4096,17801,17808,False
ep6,40,112000,112000,meta,,4096,17809,17816,False
ep6,41,112005,112005,meta,,4096,17817,17824,False
ep6,42,112010,112010,meta,,4096,17825,17832,False
ep6,43,112015,112015,meta,,4096,17833,17840,False
ep6,44,112020,112020,meta,,4096,17841,17848,False
ep6,45,112025,112025,meta,,4096,17849,17856,False
ep6,46,112030,112030,meta,,4096,17857,17864,False
ep6,47,112035,112035,meta,,4096,17865,17872,False
ep6,48,112040,112040,meta,,4096,17873,17880,False
ep6,49,112045,112045,meta,,4096,17881,17888,False
ep6,50,112050,112050,meta,,4096,17889,17896,False
ep6,51,112054,112054,meta,,4096,17897,17904,False
ep6,52,112059,112059,meta,,4096,17905,17912,False
ep6,53,112063,112063,meta,,4096,17913,17920,False
ep6,54,112068,112068,meta,,4096,17921,17928,False
ep6,55,112073,112073,meta,,4096,17929,17936,False
ep6,56,112077,112077,meta,,4096,17937,17944,False
ep6,57,112082,112082,meta,,4096,17945,17952,False
ep6,58,112087,112087,meta,,4096,17953,17960,False
ep6,59,112092,112092,meta,,4096,17961,17968,False
ep6,60,112097,112097,meta,,4096,17969,17976,False
ep6,61,112102,112102,meta,,4096,17977,17984,False
ep6,62,112106,112106,meta,,4096,17985,17992,False
ep6,63,112111,112111,meta,,4096,17993,18000,False
ep6,64,112116,112116,meta,,4096,18001,18008,False
ep6,65,112121,112121,meta,,4096,18009,18016,False
ep6,66,112125,112125,meta,,4096,18017,18024,False
ep6,67,112130,112130,meta,,4096,18025,18032,False
ep6,68,112135,112135,meta,,4096,18033,18040,False
ep6,69,112140,112140,meta,,4096,18041,18048,False
ep6,70,112144,112144,meta,,4096,18049,18056,False
ep6,71,112149,112149,meta,,4096,18057,18064,False
ep6,72,112154,112154,meta,,4096,18065,18072,False
ep6,73,112158,112158,meta,,4096,18073,18080,False
ep6,74,112163,112163,meta,,4096,18081,18088,False
ep6,75,112168,112168,meta,,4096,18089,18096,False
ep6,76,112173,112173,meta,,4096,18097,18104,False
ep6,77,112178,112178,meta,,4096,18105,18112,False
ep6,78,112183,112183,meta,,4096,18113,18120,False
ep6,79,112188,112188,meta,,4096,18121,18128,False
ep6,80,112193,112193,meta,,4096,18129,18136,False
ep6,81,112198,112198,meta,,4096,18137,18144,False
ep6,82,112203,112203,meta,,4096,18145,18152,False
ep6,83,112207,112207,meta,,4096,18153,18160,False
ep6,84,112212,112212,meta,,4096,18161,18168,False
ep6,85,112217,112217,meta,,4096,18169,18176,False
ep6,86,112222,112222,meta,,4096,18177,18184,False
ep6,87,112226,112226,meta,,4096,18185,18192,False
ep6,88,112231,112231,meta,,4096,18193,18200,False
ep6,89,112236,112236,meta,,4096,18201,18208,False
ep6,90,112241,112241,meta,,4096,18209,18216,False
ep6,91,112245,112245,meta,,4096,18217,18224,False
ep6,92,112250,112250,meta,,4096,18225,18232,False
ep6,93,112255,112255,meta,,4096,18233,18240,False
ep6,94,112260,112260,meta,,4096,18241,18248,False
ep6,95,112265,112265,meta,,4096,18249,18256,False
ep6,96,112270,112270,meta,,4096,18257,18264,False
ep6,97,112276,112276,meta,,4096,18265,18272,False
ep6,98,112281,112281,meta,,4096,18273,18280,False
ep6,99,112286,112286,meta,,4096,18281,18288,False
ep6,100,112291,112291,meta,,4096,18289,18296,False
ep6,101,112295,112295,meta,,4096,18297,18304,False
ep6,102,112300,112300,meta,,4096,18305,18312,False
ep6,103,112305,112305,meta,,4096,18313,18320,False
ep6,104,112310,112310,meta,,4096,18321,18328,False
ep6,105,112314,112314,meta,,4096,18329,18336,False
ep6,106,112319,112319,meta,,4096,18337,18344,False
ep6,107,112324,112324,meta,,4096,18345,18352,False
ep6,108,112328,112328,meta,,4096,18353,18360,False
ep6,109,112333,112333,meta,,4096,18361,18368,False
ep6,110,112338,112338,meta,,4096,18369,18376,False
ep6,111,112343,112343,meta,,4096,18377,18384,False
ep6,112,112348,112348,meta,,4096,18385,18392,False
ep6,113,112353,112353,meta,,4096,18393,18400,False
ep6,114,112357,112357,meta,,4096,18401,18408,False
ep6,115,112362,112362,meta,,4096,18409,18416,False
ep6,116,112366,112366,meta,,4096,18417,18424,False
ep6,117,112371,112371,meta,,4096,18425,18432,False
ep6,118,112376,112376,meta,,4096,18433,18440,False
ep6,119,112381,112381,meta,,4096,18441,18448,False
ep6,120,112386,112386,meta,,4096,18449,18456,False
ep6,121,112390,112390,meta,,4096,18457,18464,False
ep6,122,112395,112395,meta,,4096,18465,18472,False
ep6,123,112400,112400,meta,,4096,18473,18480,False
ep6,124,112405,112405,meta,,4096,18481,18488,False
ep6,125,112410,112410,meta,,4096,18489,18496,False
ep6,126,112415,112415,meta,,4096,18497,18504,False
ep6,127,112419,112419,meta,,4096,18505,18512,False
ep7,0,128785,128785,meta,,4096,0,7,False
ep7,1,128809,128809,meta,,4096,0,7,False
ep7,2,128815,128815,meta,,4096,32,39,False
ep7,3,128818,128818,meta,,4096,40,47,False
ep7,4,128822,128822,meta,,4096,48,55,False
ep7,5,128826,128826,meta,,4096,56,63,False
ep7,6,128830,128830,meta,,4096,64,71,False
ep7,7,128836,128836,meta,,4096,8,15,False
ep7,8,128842,128842,meta,,4096,24,31,False
ep7,9,128847,128847,forward,19968,4096,120,127,True
ep7,10,128865,128865,meta,,4096,16,23,False
ep7,11,128870,128870,forward,24064,4096,128,135,True
ep7,12,128874,128874,forward,220672,4096,512,519,True
ep7,13,128878,128878,forward,2055680,4096,4096,4103,True
ep7,14,128892,128892,meta,,4096,0,7,False
ep7,15,128990,128990,meta,,512,0,0,False
ep7,16,128992,128992,meta,,4096,1,8,False
ep7,17,128996,128996,meta,,4096,9,16,False
ep7,18,129001,129001,meta,,4096,33,40,False
ep7,19,129005,129005,meta,,4096,41,48,False
ep7,20,129009,129009,meta,,4096,49,56,False
ep7,21,129013,129013,meta,,4096,57,64,False
ep7,22,129052,129052,meta,,512,1,1,False
ep7,23,129053,129053,meta,,512,2,2,False
ep7,24,129054,129054,meta,,2560,3,7,False
ep7,25,129058,129058,meta,,4096,32,39,False
ep7,26,129061,129061,meta,,4096,40,47,False
ep7,27,129065,129065,meta,,4096,48,55,False
ep7,28,129069,129069,meta,,4096,56,63,False
ep7,29,129073,129073,meta,,4096,64,71,False
ep7,30,129079,129079,meta,,4096,8,15,False
ep7,31,129085,129085,meta,,4096,24,31,False
ep7,32,129090,129090,forward,19968,4096,120,127,True
ep7,33,129095,129095,meta,,4096,16,23,False
ep7,34,129100,129100,forward,24064,4096,128,135,True
ep7,35,129104,129104,forward,220672,4096,512,519,True
ep7,36,129123,129123,forward,2055680,4096,4096,4103,True
ep7,37,129230,129230,meta,,4096,65,72,False
ep7,38,129236,129236,meta,,4096,73,80,False
ep7,39,129365,129631,forward,0,262144,81,592,True
ep7,40,129635,129635,forward,8384512,4096,16457,16464,True
ep7,41,129658,130001,forward,262144,368640,593,1312,True
ep7,42,130005,130349,forward,786432,368640,1617,2336,True
ep7,43,130353,130513,forward,630784,155648,1313,1616,True
ep7,44,130528,134714,forward,1155072,4403200,2337,10936,True
ep7,45,134755,137172,forward,5599232,2584576,11017,16064,True
ep8,0,162527,162527,meta,,4096,0,7,False
ep8,1,162545,162545,meta,,4096,0,7,False
ep8,2,162550,162550,meta,,4096,32,39,False
ep8,3,162554,162554,meta,,4096,40,47,False
ep8,4,162558,162558,meta,,4096,48,55,False
ep8,5,162562,162562,meta,,4096,56,63,False
ep8,6,162566,162566,meta,,4096,64,71,False
ep8,7,162572,162572,meta,,4096,8,15,False
ep8,8,162577,162577,meta,,4096,24,31,False
ep8,9,162582,162582,forward,19968,4096,120,127,True
ep8,10,162600,162600,meta,,4096,16,23,False
ep8,11,162604,162604,forward,24064,4096,128,135,True
ep8,12,162609,162609,forward,220672,4096,512,519,True
ep8,13,162613,162613,forward,2055680,4096,4096,4103,True
ep8,14,162627,162627,meta,,4096,0,7,False
ep8,15,162747,162747,meta,,512,0,0,False
ep8,16,162749,162749,meta,,4096,1,8,False
ep8,17,162754,162754,meta,,4096,9,16,False
ep8,18,162758,162758,meta,,4096,33,40,False
ep8,19,162762,162762,meta,,4096,41,48,False
ep8,20,162766,162766,meta,,4096,49,56,False
ep8,21,162770,162770,meta,,4096,57,64,False
ep8,22,162814,162814,meta,,512,1,1,False
ep8,23,162816,162816,meta,,512,2,2,False
ep8,24,162817,162817,meta,,2560,3,7,False
ep8,25,162822,162822,meta,,4096,32,39,False
ep8,26,162826,162826,meta,,4096,40,47,False
ep8,27,162829,162829,meta,,4096,48,55,False
ep8,28,162833,162833,meta,,4096,56,63,False
ep8,29,162837,162837,meta,,4096,64,71,False
ep8,30,162843,162843,meta,,4096,8,15,False
ep8,31,162848,162848,meta,,4096,24,31,False
ep8,32,162853,162853,forward,19968,4096,120,127,True
ep8,33,162858,162858,meta,,4096,16,23,False
ep8,34,162863,162863,forward,24064,4096,128,135,True
ep8,35,162868,162868,forward,220672,4096,512,519,True
ep8,36,162887,162887,forward,2055680,4096,4096,4103,True
ep8,37,162970,162970,meta,,4096,65,72,False
ep8,38,162980,162980,meta,,4096,73,80,False
ep8,39,163056,163056,meta,,4096,17489,17496,False
ep8,40,163075,163075,meta,,4096,17497,17504,False
ep8,41,163080,163080,meta,,4096,17505,17512,False
ep8,42,163085,163085,meta,,4096,17513,17520,False
ep8,43,163090,163090,meta,,4096,17521,17528,False
ep8,44,163096,163096,meta,,4096,17529,17536,False
ep8,45,163101,163101,meta,,4096,17537,17544,False
ep8,46,163106,163106,meta,,4096,17545,17552,False
ep8,47,163111,163111,meta,,4096,17553,17560,False
ep8,48,163116,163116,meta,,4096,17561,17568,False
ep8,49,163121,163121,meta,,4096,17569,17576,False
ep8,50,163126,163126,meta,,4096,17577,17584,False
ep8,51,163131,163131,meta,,4096,17585,17592,False
ep8,52,163137,163137,meta,,4096,17593,17600,False
ep8,53,163142,163142,meta,,4096,17601,17608,False
ep8,54,163147,163147,meta,,4096,17609,17616,False
ep8,55,163152,163152,meta,,4096,17617,17624,False
ep8,56,163157,163157,meta,,4096,17625,17632,False
ep8,57,163162,163162,meta,,4096,17633,17640,False
ep8,58,163167,163167,meta,,4096,17641,17648,False
ep8,59,163172,163172,meta,,4096,17649,17656,False
ep8,60,163177,163177,meta,,4096,17657,17664,False
ep8,61,163182,163182,meta,,4096,17665,17672,False
ep8,62,163187,163187,meta,,4096,17673,17680,False
ep8,63,163192,163192,meta,,4096,17681,17688,False
ep8,64,163197,163197,meta,,4096,17689,17696,False
ep8,65,163202,163202,meta,,4096,17697,17704,False
ep8,66,163207,163207,meta,,4096,17705,17712,False
ep8,67,163212,163212,meta,,4096,17713,17720,False
ep8,68,163218,163218,meta,,4096,17721,17728,False
ep8,69,163223,163223,meta,,4096,17729,17736,False
ep8,70,163228,163228,meta,,4096,17737,17744,False
ep8,71,163233,163233,meta,,4096,17745,17752,False
ep8,72,163238,163238,meta,,4096,17753,17760,False
ep8,73,163243,163243,meta,,4096,17761,17768,False
ep8,74,163248,163248,meta,,4096,17769,17776,False
ep8,75,163253,163253,meta,,4096,17777,17784,False
ep8,76,163258,163258,meta,,4096,17785,17792,False
ep8,77,163263,163263,meta,,4096,17793,17800,False
ep8,78,163268,163268,meta,,4096,17801,17808,False
ep8,79,163273,163273,meta,,4096,17809,17816,False
ep8,80,163278,163278,meta,,4096,17817,17824,False
ep8,81,163282,163282,meta,,4096,17825,17832,False
ep8,82,163287,163287,meta,,4096,17833,17840,False
ep8,83,163292,163292,meta,,4096,17841,17848,False
ep8,84,163297,163297,meta,,4096,17849,17856,False
ep8,85,163302,163302,meta,,4096,17857,17864,False
ep8,86,163307,163307,meta,,4096,17865,17872,False
ep8,87,163312,163312,meta,,4096,17873,17880,False
ep8,88,163317,163317,meta,,4096,17881,17888,False
ep8,89,163322,163322,meta,,4096,17889,17896,False
ep8,90,163327,163327,meta,,4096,17897,17904,False
ep8,91,163333,163333,meta,,4096,17905,17912,False
ep8,92,163338,163338,meta,,4096,17913,17920,False
ep8,93,163343,163343,meta,,4096,17921,17928,False
ep8,94,163348,163348,meta,,4096,17929,17936,False
ep8,95,163353,163353,meta,,4096,17937,17944,False
ep8,96,163357,163357,meta,,4096,17945,17952,False
ep8,97,163362,163362,meta,,4096,17953,17960,False
ep8,98,163367,163367,meta,,4096,17961,17968,False
ep8,99,163373,163373,meta,,4096,17969,17976,False
ep8,100,163378,163378,meta,,4096,17977,17984,False
ep8,101,163384,163384,meta,,4096,17985,17992,False
ep8,102,163389,163389,meta,,4096,17993,18000,False
ep8,103,163395,163395,meta,,4096,18001,18008,False
ep8,104,163400,163400,meta,,4096,18009,18016,False
ep8,105,163405,163405,meta,,4096,18017,18024,False
ep8,106,163410,163410,meta,,4096,18025,18032,False
ep8,107,163415,163415,meta,,4096,18033,18040,False
ep8,108,163420,163420,meta,,4096,18041,18048,False
ep8,109,163425,163425,meta,,4096,18049,18056,False
ep8,110,163431,163431,meta,,4096,18057,18064,False
ep8,111,163436,163436,meta,,4096,18065,18072,False
ep8,112,163441,163441,meta,,4096,18073,18080,False
ep8,113,163446,163446,meta,,4096,18081,18088,False
ep8,114,163451,163451,meta,,4096,18089,18096,False
ep8,115,163456,163456,meta,,4096,18097,18104,False
ep8,116,163461,163461,meta,,4096,18105,18112,False
ep8,117,163466,163466,meta,,4096,18113,18120,False
ep8,118,163471,163471,meta,,4096,18121,18128,False
ep8,119,163476,163476,meta,,4096,18129,18136,False
ep8,120,163481,163481,meta,,4096,18137,18144,False
ep8,121,163486,163486,meta,,4096,18145,18152,False
ep8,122,163491,163491,meta,,4096,18153,18160,False
ep8,123,163496,163496,meta,,4096,18161,18168,False
ep8,124,163501,163501,meta,,4096,18169,18176,False
ep8,125,163506,163506,meta,,4096,18177,18184,False
ep8,126,163511,163511,meta,,4096,18185,18192,False
ep8,127,163517,163517,meta,,4096,18193,18200,False
ep8,128,163522,163522,meta,,4096,18201,18208,False
ep8,129,163527,163527,meta,,4096,18209,18216,False
ep8,130,163532,163532,meta,,4096,18217,18224,False
ep8,131,163537,163537,meta,,4096,18225,18232,False
ep8,132,163542,163542,meta,,4096,18233,18240,False
ep8,133,163548,163548,meta,,4096,18241,18248,False
ep8,134,163553,163553,meta,,4096,18249,18256,False
ep8,135,163558,163558,meta,,4096,18257,18264,False
ep8,136,163563,163563,meta,,4096,18265,18272,False
ep8,137,163568,163568,meta,,4096,18273,18280,False
ep8,138,163573,163573,meta,,4096,18281,18288,False
ep8,139,163578,163578,meta,,4096,18289,18296,False
ep8,140,163583,163583,meta,,4096,18297,18304,False
ep8,141,163588,163588,meta,,4096,18305,18312,False
ep8,142,163593,163593,meta,,4096,18313,18320,False
ep8,143,163598,163598,meta,,4096,18321,18328,False
ep8,144,163604,163604,meta,,4096,18329,18336,False
ep8,145,163609,163609,meta,,4096,18337,18344,False
ep8,146,163614,163614,meta,,4096,18345,18352,False
ep8,147,163619,163619,meta,,4096,18353,18360,False
ep8,148,163624,163624,meta,,4096,18361,18368,False
ep8,149,163629,163629,meta,,4096,18369,18376,False
ep8,150,163634,163634,meta,,4096,18377,18384,False
ep8,151,163639,163639,meta,,4096,18385,18392,False
ep8,152,163644,163644,meta,,4096,18393,18400,False
ep8,153,163649,163649,meta,,4096,18401,18408,False
ep8,154,163654,163654,meta,,4096,18409,18416,False
ep8,155,163660,163660,meta,,4096,18417,18424,False
ep8,156,163665,163665,meta,,4096,18425,18432,False
ep8,157,163670,163670,meta,,4096,18433,18440,False
ep8,158,163675,163675,meta,,4096,18441,18448,False
ep8,159,163680,163680,meta,,4096,18449,18456,False
ep8,160,163685,163685,meta,,4096,18457,18464,False
ep8,161,163690,163690,meta,,4096,18465,18472,False
ep8,162,163695,163695,meta,,4096,18473,18480,False
ep8,163,163701,163701,meta,,4096,18481,18488,False
ep8,164,163706,163706,meta,,4096,18489,18496,False
ep8,165,163711,163711,meta,,4096,18497,18504,False
ep8,166,163716,163716,meta,,4096,18505,18512,False
ep9,0,186788,186788,meta,,4096,17489,17496,False
ep9,1,186805,186805,meta,,4096,17497,17504,False
ep9,2,186816,186816,meta,,4096,17505,17512,False
ep9,3,186834,186834,meta,,4096,17513,17520,False
ep9,4,186838,186838,meta,,4096,17521,17528,False
ep9,5,186842,186842,meta,,4096,17529,17536,False
ep9,6,186845,186845,meta,,4096,17537,17544,False
ep9,7,186849,186849,meta,,4096,17545,17552,False
ep9,8,186853,186853,meta,,4096,17553,17560,False
ep9,9,186879,186879,meta,,4096,17561,17568,False
ep9,10,186883,186883,meta,,4096,17569,17576,False
ep9,11,186886,186886,meta,,4096,17577,17584,False
ep9,12,186890,186890,meta,,4096,17585,17592,False
ep9,13,186894,186894,meta,,4096,17593,17600,False
ep9,14,186898,186898,meta,,4096,17601,17608,False
ep9,15,186902,186902,meta,,4096,17609,17616,False
ep9,16,186907,186907,meta,,4096,17617,17624,False
ep9,17,186911,186911,meta,,4096,17625,17632,False
ep9,18,186916,186916,meta,,4096,17633,17640,False
ep9,19,186921,186921,meta,,4096,17641,17648,False
ep9,20,186925,186925,meta,,4096,17649,17656,False
ep9,21,186930,186930,meta,,4096,17657,17664,False
ep9,22,186935,186935,meta,,4096,17665,17672,False
ep9,23,186939,186939,meta,,4096,17673,17680,False
ep9,24,186944,186944,meta,,4096,17681,17688,False
ep9,25,186949,186949,meta,,4096,17689,17696,False
ep9,26,186954,186954,meta,,4096,17697,17704,False
ep9,27,186958,186958,meta,,4096,17705,17712,False
ep9,28,186963,186963,meta,,4096,17713,17720,False
ep9,29,186968,186968,meta,,4096,17721,17728,False
ep9,30,186974,186974,meta,,4096,17729,17736,False
ep9,31,186979,186979,meta,,4096,17737,17744,False
ep9,32,186984,186984,meta,,4096,17745,17752,False
ep9,33,186989,186989,meta,,4096,17753,17760,False
ep9,34,186994,186994,meta,,4096,17761,17768,False
ep9,35,186998,186998,meta,,4096,17769,17776,False
ep9,36,187003,187003,meta,,4096,17777,17784,False
ep9,37,187008,187008,meta,,4096,17785,17792,False
ep9,38,187013,187013,meta,,4096,17793,17800,False
ep9,39,187017,187017,meta,,4096,17801,17808,False
ep9,40,187022,187022,meta,,4096,17809,17816,False
ep9,41,187027,187027,meta,,4096,17817,17824,False
ep9,42,187032,187032,meta,,4096,17825,17832,False
ep9,43,187036,187036,meta,,4096,17833,17840,False
ep9,44,187041,187041,meta,,4096,17841,17848,False
ep9,45,187046,187046,meta,,4096,17849,17856,False
ep9,46,187051,187051,meta,,4096,17857,17864,False
ep9,47,187056,187056,meta,,4096,17865,17872,False
ep9,48,187061,187061,meta,,4096,17873,17880,False
ep9,49,187066,187066,meta,,4096,17881,17888,False
ep9,50,187071,187071,meta,,4096,17889,17896,False
ep9,51,187076,187076,meta,,4096,17897,17904,False
ep9,52,187081,187081,meta,,4096,17905,17912,False
ep9,53,187086,187086,meta,,4096,17913,17920,False
ep9,54,187090,187090,meta,,4096,17921,17928,False
ep9,55,187095,187095,meta,,4096,17929,17936,False
ep9,56,187100,187100,meta,,4096,17937,17944,False
ep9,57,187105,187105,meta,,4096,17945,17952,False
ep9,58,187110,187110,meta,,4096,17953,17960,False
ep9,59,187115,187115,meta,,4096,17961,17968,False
ep9,60,187121,187121,meta,,4096,17969,17976,False
ep9,61,187125,187125,meta,,4096,17977,17984,False
ep9,62,187130,187130,meta,,4096,17985,17992,False
ep9,63,187134,187134,meta,,4096,17993,18000,False
ep9,64,187139,187139,meta,,4096,18001,18008,False
ep9,65,187144,187144,meta,,4096,18009,18016,False
ep9,66,187149,187149,meta,,4096,18017,18024,False
ep9,67,187154,187154,meta,,4096,18025,18032,False
ep9,68,187159,187159,meta,,4096,18033,18040,False
ep9,69,187164,187164,meta,,4096,18041,18048,False
ep9,70,187168,187168,meta,,4096,18049,18056,False
ep9,71,187173,187173,meta,,4096,18057,18064,False
ep9,72,187178,187178,meta,,4096,18065,18072,False
ep9,73,187182,187182,meta,,4096,18073,18080,False
ep9,74,187187,187187,meta,,4096,18081,18088,False
ep9,75,187192,187192,meta,,4096,18089,18096,False
ep9,76,187196,187196,meta,,4096,18097,18104,False
ep9,77,187201,187201,meta,,4096,18105,18112,False
ep9,78,187206,187206,meta,,4096,18113,18120,False
ep9,79,187211,187211,meta,,4096,18121,18128,False
ep9,80,187215,187215,meta,,4096,18129,18136,False
ep9,81,187220,187220,meta,,4096,18137,18144,False
ep9,82,187225,187225,meta,,4096,18145,18152,False
ep9,83,187230,187230,meta,,4096,18153,18160,False
ep9,84,187234,187234,meta,,4096,18161,18168,False
ep9,85,187239,187239,meta,,4096,18169,18176,False
ep9,86,187244,187244,meta,,4096,18177,18184,False
ep9,87,187248,187248,meta,,4096,18185,18192,False
ep9,88,187253,187253,meta,,4096,18193,18200,False
ep9,89,187258,187258,meta,,4096,18201,18208,False
ep9,90,187263,187263,meta,,4096,18209,18216,False
ep9,91,187268,187268,meta,,4096,18217,18224,False
ep9,92,187273,187273,meta,,4096,18225,18232,False
ep9,93,187277,187277,meta,,4096,18233,18240,False
ep9,94,187282,187282,meta,,4096,18241,18248,False
ep9,95,187287,187287,meta,,4096,18249,18256,False
ep9,96,187292,187292,meta,,4096,18257,18264,False
ep9,97,187296,187296,meta,,4096,18265,18272,False
ep9,98,187301,187301,meta,,4096,18273,18280,False
ep9,99,187306,187306,meta,,4096,18281,18288,False
ep9,100,187311,187311,meta,,4096,18289,18296,False
ep9,101,187315,187315,meta,,4096,18297,18304,False
ep9,102,187320,187320,meta,,4096,18305,18312,False
ep9,103,187325,187325,meta,,4096,18313,18320,False
ep9,104,187330,187330,meta,,4096,18321,18328,False
ep9,105,187335,187335,meta,,4096,18329,18336,False
ep9,106,187340,187340,meta,,4096,18337,18344,False
ep9,107,187345,187345,meta,,4096,18345,18352,False
ep9,108,187350,187350,meta,,4096,18353,18360,False
ep9,109,187355,187355,meta,,4096,18361,18368,False
ep9,110,187360,187360,meta,,4096,18369,18376,False
ep9,111,187364,187364,meta,,4096,18377,18384,False
ep9,112,187369,187369,meta,,4096,18385,18392,False
ep9,113,187374,187374,meta,,4096,18393,18400,False
ep9,114,187378,187378,meta,,4096,18401,18408,False
ep9,115,187383,187383,meta,,4096,18409,18416,False
ep9,116,187388,187388,meta,,4096,18417,18424,False
ep9,117,187392,187392,meta,,4096,18425,18432,False
ep9,118,187397,187397,meta,,4096,18433,18440,False
ep9,119,187402,187402,meta,,4096,18441,18448,False
ep9,120,187407,187407,meta,,4096,18449,18456,False
ep9,121,187412,187412,meta,,4096,18457,18464,False
ep9,122,187416,187416,meta,,4096,18465,18472,False
ep9,123,187421,187421,meta,,4096,18473,18480,False
ep9,124,187426,187426,meta,,4096,18481,18488,False
ep9,125,187431,187431,meta,,4096,18489,18496,False
ep9,126,187435,187435,meta,,4096,18497,18504,False
ep9,127,187440,187440,meta,,4096,18505,18512,False
ep10,0,232260,232260,meta,,4096,0,7,False
ep10,1,232280,232280,meta,,4096,0,7,False
ep10,2,232284,232284,meta,,4096,32,39,False
ep10,3,232288,232288,meta,,4096,40,47,False
ep10,4,232292,232292,meta,,4096,48,55,False
ep10,5,232296,232296,meta,,4096,56,63,False
ep10,6,232300,232300,meta,,4096,64,71,False
ep10,7,232310,232310,meta,,4096,8,15,False
ep10,8,232316,232316,meta,,4096,24,31,False
ep10,9,232320,232320,forward,19968,4096,120,127,True
ep10,10,232339,232339,meta,,4096,16,23,False
ep10,11,232344,232344,forward,24064,4096,128,135,True
ep10,12,232348,232348,forward,220672,4096,512,519,True
ep10,13,232352,232352,forward,2055680,4096,4096,4103,True
ep10,14,232367,232367,meta,,4096,0,7,False
ep10,15,232483,232483,meta,,512,0,0,False
ep10,16,232485,232485,meta,,4096,1,8,False
ep10,17,232490,232490,meta,,4096,9,16,False
ep10,18,232495,232495,meta,,4096,33,40,False
ep10,19,232499,232499,meta,,4096,41,48,False
ep10,20,232503,232503,meta,,4096,49,56,False
ep10,21,232507,232507,meta,,4096,57,64,False
ep10,22,232543,232543,meta,,512,1,1,False
ep10,23,232545,232545,meta,,512,2,2,False
ep10,24,232546,232546,meta,,2560,3,7,False
ep10,25,232549,232549,meta,,4096,32,39,False
ep10,26,232553,232553,meta,,4096,40,47,False
ep10,27,232557,232557,meta,,4096,48,55,False
ep10,28,232560,232560,meta,,4096,56,63,False
ep10,29,232564,232564,meta,,4096,64,71,False
ep10,30,232571,232571,meta,,4096,8,15,False
ep10,31,232576,232576,meta,,4096,24,31,False
ep10,32,232581,232581,forward,19968,4096,120,127,True
ep10,33,232587,232587,meta,,4096,16,23,False
ep10,34,232592,232592,forward,24064,4096,128,135,True
ep10,35,232597,232597,forward,220672,4096,512,519,True
ep10,36,232624,232624,forward,2055680,4096,4096,4103,True
ep10,37,232692,232692,meta,,4096,65,72,False
ep10,38,232698,232698,meta,,4096,73,80,False
ep10,39,232819,232819,meta,,4096,17489,17496,False
ep10,40,232838,232838,meta,,4096,17497,17504,False
ep10,41,232843,232843,meta,,4096,17505,17512,False
ep10,42,232848,232848,meta,,4096,17513,17520,False
ep10,43,232852,232852,meta,,4096,17521,17528,False
ep10,44,232857,232857,meta,,4096,17529,17536,False
ep10,45,232862,232862,meta,,4096,17537,17544,False
ep10,46,232867,232867,meta,,4096,17545,17552,False
ep10,47,232872,232872,meta,,4096,17553,17560,False
ep10,48,232877,232877,meta,,4096,17561,17568,False
ep10,49,232882,232882,meta,,4096,17569,17576,False
ep10,50,232887,232887,meta,,4096,17577,17584,False
ep10,51,232892,232892,meta,,4096,17585,17592,False
ep10,52,232897,232897,meta,,4096,17593,17600,False
ep10,53,232902,232902,meta,,4096,17601,17608,False
ep10,54,232907,232907,meta,,4096,17609,17616,False
ep10,55,232912,232912,meta,,4096,17617,17624,False
ep10,56,232917,232917,meta,,4096,17625,17632,False
ep10,57,232922,232922,meta,,4096,17633,17640,False
ep10,58,232927,232927,meta,,4096,17641,17648,False
ep10,59,232932,232932,meta,,4096,17649,17656,False
ep10,60,232937,232937,meta,,4096,17657,17664,False
ep10,61,232942,232942,meta,,4096,17665,17672,False
ep10,62,232947,232947,meta,,4096,17673,17680,False
ep10,63,232952,232952,meta,,4096,17681,17688,False
ep10,64,232957,232957,meta,,4096,17689,17696,False
ep10,65,232962,232962,meta,,4096,17697,17704,False
ep10,66,232967,232967,meta,,4096,17705,17712,False
ep10,67,232972,232972,meta,,4096,17713,17720,False
ep10,68,232977,232977,meta,,4096,17721,17728,False
ep10,69,232983,232983,meta,,4096,17729,17736,False
ep10,70,232988,232988,meta,,4096,17737,17744,False
ep10,71,232993,232993,meta,,4096,17745,17752,False
ep10,72,232999,232999,meta,,4096,17753,17760,False
ep10,73,233004,233004,meta,,4096,17761,17768,False
ep10,74,233009,233009,meta,,4096,17769,17776,False
ep10,75,233014,233014,meta,,4096,17777,17784,False
ep10,76,233019,233019,meta,,4096,17785,17792,False
ep10,77,233024,233024,meta,,4096,17793,17800,False
ep10,78,233029,233029,meta,,4096,17801,17808,False
ep10,79,233034,233034,meta,,4096,17809,17816,False
ep10,80,233039,233039,meta,,4096,17817,17824,False
ep10,81,233045,233045,meta,,4096,17825,17832,False
ep10,82,233050,233050,meta,,4096,17833,17840,False
ep10,83,233055,233055,meta,,4096,17841,17848,False
ep10,84,233060,233060,meta,,4096,17849,17856,False
ep10,85,233065,233065,meta,,4096,17857,17864,False
ep10,86,233070,233070,meta,,4096,17865,17872,False
ep10,87,233076,233076,meta,,4096,17873,17880,False
ep10,88,233081,233081,meta,,4096,17881,17888,False
ep10,89,233086,233086,meta,,4096,17889,17896,False
ep10,90,233091,233091,meta,,4096,17897,17904,False
ep10,91,233096,233096,meta,,4096,17905,17912,False
ep10,92,233101,233101,meta,,4096,17913,17920,False
ep10,93,233106,233106,meta,,4096,17921,17928,False
ep10,94,233111,233111,meta,,4096,17929,17936,False
ep10,95,233116,233116,meta,,4096,17937,17944,False
ep10,96,233121,233121,meta,,4096,17945,17952,False
ep10,97,233126,233126,meta,,4096,17953,17960,False
ep10,98,233131,233131,meta,,4096,17961,17968,False
ep10,99,233137,233137,meta,,4096,17969,17976,False
ep10,100,233142,233142,meta,,4096,17977,17984,False
ep10,101,233146,233146,meta,,4096,17985,17992,False
ep10,102,233151,233151,meta,,4096,17993,18000,False
ep10,103,233159,233159,meta,,4096,18001,18008,False
ep10,104,233164,233164,meta,,4096,18009,18016,False
ep10,105,233169,233169,meta,,4096,18017,18024,False
ep10,106,233174,233174,meta,,4096,18025,18032,False
ep10,107,233179,233179,meta,,4096,18033,18040,False
ep10,108,233184,233184,meta,,4096,18041,18048,False
ep10,109,233189,233189,meta,,4096,18049,18056,False
ep10,110,233193,233193,meta,,4096,18057,18064,False
ep10,111,233198,233198,meta,,4096,18065,18072,False
ep10,112,233203,233203,meta,,4096,18073,18080,False
ep10,113,233208,233208,meta,,4096,18081,18088,False
ep10,114,233213,233213,meta,,4096,18089,18096,False
ep10,115,233218,233218,meta,,4096,18097,18104,False
ep10,116,233223,233223,meta,,4096,18105,18112,False
ep10,117,233228,233228,meta,,4096,18113,18120,False
ep10,118,233233,233233,meta,,4096,18121,18128,False
ep10,119,233238,233238,meta,,4096,18129,18136,False
ep10,120,233243,233243,meta,,4096,18137,18144,False
ep10,121,233248,233248,meta,,4096,18145,18152,False
ep10,122,233253,233253,meta,,4096,18153,18160,False
ep10,123,233258,233258,meta,,4096,18161,18168,False
ep10,124,233263,233263,meta,,4096,18169,18176,False
ep10,125,233268,233268,meta,,4096,18177,18184,False
ep10,126,233273,233273,meta,,4096,18185,18192,False
ep10,127,233278,233278,meta,,4096,18193,18200,False
ep10,128,233283,233283,meta,,4096,18201,18208,False
ep10,129,233288,233288,meta,,4096,18209,18216,False
ep10,130,233293,233293,meta,,4096,18217,18224,False
ep10,131,233298,233298,meta,,4096,18225,18232,False
ep10,132,233303,233303,meta,,4096,18233,18240,False
ep10,133,233309,233309,meta,,4096,18241,18248,False
ep10,134,233314,233314,meta,,4096,18249,18256,False
ep10,135,233319,233319,meta,,4096,18257,18264,False
ep10,136,233324,233324,meta,,4096,18265,18272,False
ep10,137,233329,233329,meta,,4096,18273,18280,False
ep10,138,233334,233334,meta,,4096,18281,18288,False
ep10,139,233339,233339,meta,,4096,18289,18296,False
ep10,140,233344,233344,meta,,4096,18297,18304,False
ep10,141,233350,233350,meta,,4096,18305,18312,False
ep10,142,233355,233355,meta,,4096,18313,18320,False
ep10,143,233359,233359,meta,,4096,18321,18328,False
ep10,144,233364,233364,meta,,4096,18329,18336,False
ep10,145,233369,233369,meta,,4096,18337,18344,False
ep10,146,233374,233374,meta,,4096,18345,18352,False
ep10,147,233379,233379,meta,,4096,18353,18360,False
ep10,148,233384,233384,meta,,4096,18361,18368,False
ep10,149,233388,233388,meta,,4096,18369,18376,False
ep10,150,233393,233393,meta,,4096,18377,18384,False
ep10,151,233398,233398,meta,,4096,18385,18392,False
ep10,152,233403,233403,meta,,4096,18393,18400,False
ep10,153,233408,233408,meta,,4096,18401,18408,False
ep10,154,233413,233413,meta,,4096,18409,18416,False
ep10,155,233418,233418,meta,,4096,18417,18424,False
ep10,156,233423,233423,meta,,4096,18425,18432,False
ep10,157,233428,233428,meta,,4096,18433,18440,False
ep10,158,233432,233432,meta,,4096,18441,18448,False
ep10,159,233437,233437,meta,,4096,18449,18456,False
ep10,160,233442,233442,meta,,4096,18457,18464,False
ep10,161,233447,233447,meta,,4096,18465,18472,False
ep10,162,233453,233453,meta,,4096,18473,18480,False
ep10,163,233458,233458,meta,,4096,18481,18488,False
ep10,164,233463,233463,meta,,4096,18489,18496,False
ep10,165,233468,233468,meta,,4096,18497,18504,False
ep10,166,233473,233473,meta,,4096,18505,18512,False
ep11,0,271698,271698,meta,,4096,0,7,False
ep11,1,271720,271720,meta,,4096,0,7,False
ep11,2,271725,271725,meta,,4096,32,39,False
ep11,3,271729,271729,meta,,4096,40,47,False
ep11,4,271733,271733,meta,,4096,48,55,False
ep11,5,271737,271737,meta,,4096,56,63,False
ep11,6,271741,271741,meta,,4096,64,71,False
ep11,7,271746,271746,meta,,4096,8,15,False
ep11,8,271752,271752,meta,,4096,24,31,False
ep11,9,271756,271756,forward,19968,4096,120,127,True
ep11,10,271775,271775,meta,,4096,16,23,False
ep11,11,271779,271779,forward,24064,4096,128,135,True
ep11,12,271783,271783,forward,220672,4096,512,519,True
ep11,13,271787,271787,forward,2055680,4096,4096,4103,True
ep11,14,271803,271803,meta,,4096,0,7,False
ep11,15,271930,271930,meta,,512,0,0,False
ep11,16,271932,271932,meta,,4096,1,8,False
ep11,17,271937,271937,meta,,4096,9,16,False
ep11,18,271942,271942,meta,,4096,33,40,False
ep11,19,271946,271946,meta,,4096,41,48,False
ep11,20,271950,271950,meta,,4096,49,56,False
ep11,21,271954,271954,meta,,4096,57,64,False
ep11,22,271991,271991,meta,,512,1,1,False
ep11,23,271991,271991,meta,,512,2,2,False
ep11,24,271993,271993,meta,,2560,3,7,False
ep11,25,272002,272002,meta,,4096,32,39,False
ep11,26,272006,272006,meta,,4096,40,47,False
ep11,27,272010,272010,meta,,4096,48,55,False
ep11,28,272013,272013,meta,,4096,56,63,False
ep11,29,272017,272017,meta,,4096,64,71,False
ep11,30,272023,272023,meta,,4096,8,15,False
ep11,31,272030,272030,meta,,4096,24,31,False
ep11,32,272036,272036,forward,19968,4096,120,127,True
ep11,33,272041,272041,meta,,4096,16,23,False
ep11,34,272046,272046,forward,24064,4096,128,135,True
ep11,35,272051,272051,forward,220672,4096,512,519,True
ep11,36,272070,272070,forward,2055680,4096,4096,4103,True
ep11,37,272158,272158,meta,,4096,65,72,False
ep11,38,272173,272173,meta,,4096,73,80,False
ep11,39,272313,272313,meta,,4096,17489,17496,False
ep11,40,272332,272332,meta,,4096,17497,17504,False
ep11,41,272337,272337,meta,,4096,17505,17512,False
ep11,42,272342,272342,meta,,4096,17513,17520,False
ep11,43,272347,272347,meta,,4096,17521,17528,False
ep11,44,272353,272353,meta,,4096,17529,17536,False
ep11,45,272358,272358,meta,,4096,17537,17544,False
ep11,46,272363,272363,meta,,4096,17545,17552,False
ep11,47,272368,272368,meta,,4096,17553,17560,False
ep11,48,272373,272373,meta,,4096,17561,17568,False
ep11,49,272378,272378,meta,,4096,17569,17576,False
ep11,50,272383,272383,meta,,4096,17577,17584,False
ep11,51,272389,272389,meta,,4096,17585,17592,False
ep11,52,272394,272394,meta,,4096,17593,17600,False
ep11,53,272399,272399,meta,,4096,17601,17608,False
ep11,54,272404,272404,meta,,4096,17609,17616,False
ep11,55,272409,272409,meta,,4096,17617,17624,False
ep11,56,272414,272414,meta,,4096,17625,17632,False
ep11,57,272418,272418,meta,,4096,17633,17640,False
ep11,58,272423,272423,meta,,4096,17641,17648,False
ep11,59,272428,272428,meta,,4096,17649,17656,False
ep11,60,272433,272433,meta,,4096,17657,17664,False
ep11,61,272438,272438,meta,,4096,17665,17672,False
ep11,62,272443,272443,meta,,4096,17673,17680,False
ep11,63,272447,272447,meta,,4096,17681,17688,False
ep11,64,272452,272452,meta,,4096,17689,17696,False
ep11,65,272457,272457,meta,,4096,17697,17704,False
ep11,66,272462,272462,meta,,4096,17705,17712,False
ep11,67,272467,272467,meta,,4096,17713,17720,False
ep11,68,272472,272472,meta,,4096,17721,17728,False
ep11,69,272477,272477,meta,,4096,17729,17736,False
ep11,70,272482,272482,meta,,4096,17737,17744,False
ep11,71,272487,272487,meta,,4096,17745,17752,False
ep11,72,272493,272493,meta,,4096,17753,17760,False
ep11,73,272498,272498,meta,,4096,17761,17768,False
ep11,74,272503,272503,meta,,4096,17769,17776,False
ep11,75,272508,272508,meta,,4096,17777,17784,False
ep11,76,272513,272513,meta,,4096,17785,17792,False
ep11,77,272518,272518,meta,,4096,17793,17800,False
ep11,78,272523,272523,meta,,4096,17801,17808,False
ep11,79,272528,272528,meta,,4096,17809,17816,False
ep11,80,272533,272533,meta,,4096,17817,17824,False
ep11,81,272538,272538,meta,,4096,17825,17832,False
ep11,82,272543,272543,meta,,4096,17833,17840,False
ep11,83,272547,272547,meta,,4096,17841,17848,False
ep11,84,272552,272552,meta,,4096,17849,17856,False
ep11,85,272557,272557,meta,,4096,17857,17864,False
ep11,86,272562,272562,meta,,4096,17865,17872,False
ep11,87,272567,272567,meta,,4096,17873,17880,False
ep11,88,272572,272572,meta,,4096,17881,17888,False
ep11,89,272577,272577,meta,,4096,17889,17896,False
ep11,90,272582,272582,meta,,4096,17897,17904,False
ep11,91,272587,272587,meta,,4096,17905,17912,False
ep11,92,272592,272592,meta,,4096,17913,17920,False
ep11,93,272596,272596,meta,,4096,17921,17928,False
ep11,94,272601,272601,meta,,4096,17929,17936,False
ep11,95,272606,272606,meta,,4096,17937,17944,False
ep11,96,272611,272611,meta,,4096,17945,17952,False
ep11,97,272616,272616,meta,,4096,17953,17960,False
ep11,98,272621,272621,meta,,4096,17961,17968,False
ep11,99,272626,272626,meta,,4096,17969,17976,False
ep11,100,272631,272631,meta,,4096,17977,17984,False
ep11,101,272635,272635,meta,,4096,17985,17992,False
ep11,102,272640,272640,meta,,4096,17993,18000,False
ep11,103,272645,272645,meta,,4096,18001,18008,False
ep11,104,272650,272650,meta,,4096,18009,18016,False
ep11,105,272655,272655,meta,,4096,18017,18024,False
ep11,106,272660,272660,meta,,4096,18025,18032,False
ep11,107,272665,272665,meta,,4096,18033,18040,False
ep11,108,272670,272670,meta,,4096,18041,18048,False
ep11,109,272675,272675,meta,,4096,18049,18056,False
ep11,110,272680,272680,meta,,4096,18057,18064,False
ep11,111,272685,272685,meta,,4096,18065,18072,False
ep11,112,272690,272690,meta,,4096,18073,18080,False
ep11,113,272695,272695,meta,,4096,18081,18088,False
ep11,114,272700,272700,meta,,4096,18089,18096,False
ep11,115,272705,272705,meta,,4096,18097,18104,False
ep11,116,272710,272710,meta,,4096,18105,18112,False
ep11,117,272715,272715,meta,,4096,18113,18120,False
ep11,118,272720,272720,meta,,4096,18121,18128,False
ep11,119,272725,272725,meta,,4096,18129,18136,False
ep11,120,272731,272731,meta,,4096,18137,18144,False
ep11,121,272736,272736,meta,,4096,18145,18152,False
ep11,122,272741,272741,meta,,4096,18153,18160,False
ep11,123,272746,272746,meta,,4096,18161,18168,False
ep11,124,272751,272751,meta,,4096,18169,18176,False
ep11,125,272755,272755,meta,,4096,18177,18184,False
ep11,126,272761,272761,meta,,4096,18185,18192,False
ep11,127,272766,272766,meta,,4096,18193,18200,False
ep11,128,272771,272771,meta,,4096,18201,18208,False
ep11,129,272776,272776,meta,,4096,18209,18216,False
ep11,130,272782,272782,meta,,4096,18217,18224,False
ep11,131,272787,272787,meta,,4096,18225,18232,False
ep11,132,272791,272791,meta,,4096,18233,18240,False
ep11,133,272797,272797,meta,,4096,18241,18248,False
ep11,134,272802,272802,meta,,4096,18249,18256,False
ep11,135,272807,272807,meta,,4096,18257,18264,False
ep11,136,272812,272812,meta,,4096,18265,18272,False
ep11,137,272817,272817,meta,,4096,18273,18280,False
ep11,138,272821,272821,meta,,4096,18281,18288,False
ep11,139,272827,272827,meta,,4096,18289,18296,False
ep11,140,272832,272832,meta,,4096,18297,18304,False
ep11,141,272837,272837,meta,,4096,18305,18312,False
ep11,142,272842,272842,meta,,4096,18313,18320,False
ep11,143,272847,272847,meta,,4096,18321,18328,False
ep11,144,272852,272852,meta,,4096,18329,18336,False
ep11,145,272857,272857,meta,,4096,18337,18344,False
ep11,146,272862,272862,meta,,4096,18345,18352,False
ep11,147,272867,272867,meta,,4096,18353,18360,False
ep11,148,272873,272873,meta,,4096,18361,18368,False
ep11,149,272878,272878,meta,,4096,18369,18376,False
ep11,150,272883,272883,meta,,4096,18377,18384,False
ep11,151,272888,272888,meta,,4096,18385,18392,False
ep11,152,272893,272893,meta,,4096,18393,18400,False
ep11,153,272898,272898,meta,,4096,18401,18408,False
ep11,154,272903,272903,meta,,4096,18409,18416,False
ep11,155,272908,272908,meta,,4096,18417,18424,False
ep11,156,272913,272913,meta,,4096,18425,18432,False
ep11,157,272918,272918,meta,,4096,18433,18440,False
ep11,158,272923,272923,meta,,4096,18441,18448,False
ep11,159,272928,272928,meta,,4096,18449,18456,False
ep11,160,272933,272933,meta,,4096,18457,18464,False
ep11,161,272938,272938,meta,,4096,18465,18472,False
ep11,162,272943,272943,meta,,4096,18473,18480,False
ep11,163,272948,272948,meta,,4096,18481,18488,False
ep11,164,272954,272954,meta,,4096,18489,18496,False
ep11,165,272959,272959,meta,,4096,18497,18504,False
ep11,166,272964,272964,meta,,4096,18505,18512,False
ep12,0,352134,352134,meta,,4096,0,7,False
ep12,1,352155,352155,meta,,4096,0,7,False
ep12,2,352160,352160,meta,,4096,32,39,False
ep12,3,352164,352164,meta,,4096,40,47,False
ep12,4,352168,352168,meta,,4096,48,55,False
ep12,5,352172,352172,meta,,4096,56,63,False
ep12,6,352176,352176,meta,,4096,64,71,False
ep12,7,352181,352181,meta,,4096,8,15,False
ep12,8,352186,352186,meta,,4096,24,31,False
ep12,9,352191,352191,forward,19968,4096,120,127,True
ep12,10,352216,352216,meta,,4096,16,23,False
ep12,11,352221,352221,forward,24064,4096,128,135,True
ep12,12,352225,352225,forward,220672,4096,512,519,True
ep12,13,352229,352229,forward,2055680,4096,4096,4103,True
ep12,14,352247,352247,meta,,4096,0,7,False
ep12,15,352356,352356,meta,,512,0,0,False
ep12,16,352357,352357,meta,,4096,1,8,False
ep12,17,352362,352362,meta,,4096,9,16,False
ep12,18,352367,352367,meta,,4096,33,40,False
ep12,19,352371,352371,meta,,4096,41,48,False
ep12,20,352375,352375,meta,,4096,49,56,False
ep12,21,352378,352378,meta,,4096,57,64,False
ep12,22,352415,352415,meta,,512,1,1,False
ep12,23,352416,352416,meta,,512,2,2,False
ep12,24,352418,352418,meta,,2560,3,7,False
ep12,25,352422,352422,meta,,4096,32,39,False
ep12,26,352426,352426,meta,,4096,40,47,False
ep12,27,352430,352430,meta,,4096,48,55,False
ep12,28,352433,352433,meta,,4096,56,63,False
ep12,29,352437,352437,meta,,4096,64,71,False
ep12,30,352443,352443,meta,,4096,8,15,False
ep12,31,352449,352449,meta,,4096,24,31,False
ep12,32,352454,352454,forward,19968,4096,120,127,True
ep12,33,352460,352460,meta,,4096,16,23,False
ep12,34,352464,352464,forward,24064,4096,128,135,True
ep12,35,352470,352470,forward,220672,4096,512,519,True
ep12,36,352491,352491,forward,2055680,4096,4096,4103,True
ep12,37,352575,352575,meta,,4096,65,72,False
ep12,38,352584,352584,meta,,4096,73,80,False
ep12,39,352675,352675,meta,,4096,17489,17496,False
ep12,40,352694,352694,meta,,4096,17497,17504,False
ep12,41,352699,352699,meta,,4096,17505,17512,False
ep12,42,352704,352704,meta,,4096,17513,17520,False
ep12,43,352709,352709,meta,,4096,17521,17528,False
ep12,44,352714,352714,meta,,4096,17529,17536,False
ep12,45,352719,352719,meta,,4096,17537,17544,False
ep12,46,352724,352724,meta,,4096,17545,17552,False
ep12,47,352729,352729,meta,,4096,17553,17560,False
ep12,48,352734,352734,meta,,4096,17561,17568,False
ep12,49,352739,352739,meta,,4096,17569,17576,False
ep12,50,352744,352744,meta,,4096,17577,17584,False
ep12,51,352749,352749,meta,,4096,17585,17592,False
ep12,52,352755,352755,meta,,4096,17593,17600,False
ep12,53,352760,352760,meta,,4096,17601,17608,False
ep12,54,352765,352765,meta,,4096,17609,17616,False
ep12,55,352770,352770,meta,,4096,17617,17624,False
ep12,56,352776,352776,meta,,4096,17625,17632,False
ep12,57,352781,352781,meta,,4096,17633,17640,False
ep12,58,352786,352786,meta,,4096,17641,17648,False
ep12,59,352791,352791,meta,,4096,17649,17656,False
ep12,60,352796,352796,meta,,4096,17657,17664,False
ep12,61,352801,352801,meta,,4096,17665,17672,False
ep12,62,352806,352806,meta,,4096,17673,17680,False
ep12,63,352811,352811,meta,,4096,17681,17688,False
ep12,64,352816,352816,meta,,4096,17689,17696,False
ep12,65,352821,352821,meta,,4096,17697,17704,False
ep12,66,352826,352826,meta,,4096,17705,17712,False
ep12,67,352831,352831,meta,,4096,17713,17720,False
ep12,68,352836,352836,meta,,4096,17721,17728,False
ep12,69,352842,352842,meta,,4096,17729,17736,False
ep12,70,352847,352847,meta,,4096,17737,17744,False
ep12,71,352852,352852,meta,,4096,17745,17752,False
ep12,72,352858,352858,meta,,4096,17753,17760,False
ep12,73,352863,352863,meta,,4096,17761,17768,False
ep12,74,352868,352868,meta,,4096,17769,17776,False
ep12,75,352873,352873,meta,,4096,17777,17784,False
ep12,76,352878,352878,meta,,4096,17785,17792,False
ep12,77,352883,352883,meta,,4096,17793,17800,False
ep12,78,352889,352889,meta,,4096,17801,17808,False
ep12,79,352894,352894,meta,,4096,17809,17816,False
ep12,80,352899,352899,meta,,4096,17817,17824,False
ep12,81,352904,352904,meta,,4096,17825,17832,False
ep12,82,352909,352909,meta,,4096,17833,17840,False
ep12,83,352914,352914,meta,,4096,17841,17848,False
ep12,84,352919,352919,meta,,4096,17849,17856,False
ep12,85,352924,352924,meta,,4096,17857,17864,False
ep12,86,352929,352929,meta,,4096,17865,17872,False
ep12,87,352935,352935,meta,,4096,17873,17880,False
ep12,88,352940,352940,meta,,4096,17881,17888,False
ep12,89,352945,352945,meta,,4096,17889,17896,False
ep12,90,352950,352950,meta,,4096,17897,17904,False
ep12,91,352955,352955,meta,,4096,17905,17912,False
ep12,92,352960,352960,meta,,4096,17913,17920,False
ep12,93,352965,352965,meta,,4096,17921,17928,False
ep12,94,352970,352970,meta,,4096,17929,17936,False
ep12,95,352975,352975,meta,,4096,17937,17944,False
ep12,96,352980,352980,meta,,4096,17945,17952,False
ep12,97,352985,352985,meta,,4096,17953,17960,False
ep12,98,352990,352990,meta,,4096,17961,17968,False
ep12,99,352996,352996,meta,,4096,17969,17976,False
ep12,100,353001,353001,meta,,4096,17977,17984,False
ep12,101,353006,353006,meta,,4096,17985,17992,False
ep12,102,353011,353011,meta,,4096,17993,18000,False
ep12,103,353016,353016,meta,,4096,18001,18008,False
ep12,104,353021,353021,meta,,4096,18009,18016,False
ep12,105,353026,353026,meta,,4096,18017,18024,False
ep12,106,353031,353031,meta,,4096,18025,18032,False
ep12,107,353036,353036,meta,,4096,18033,18040,False
ep12,108,353041,353041,meta,,4096,18041,18048,False
ep12,109,353047,353047,meta,,4096,18049,18056,False
ep12,110,353052,353052,meta,,4096,18057,18064,False
ep12,111,353057,353057,meta,,4096,18065,18072,False
ep12,112,353062,353062,meta,,4096,18073,18080,False
ep12,113,353067,353067,meta,,4096,18081,18088,False
ep12,114,353071,353071,meta,,4096,18089,18096,False
ep12,115,353076,353076,meta,,4096,18097,18104,False
ep12,116,353081,353081,meta,,4096,18105,18112,False
ep12,117,353086,353086,meta,,4096,18113,18120,False
ep12,118,353092,353092,meta,,4096,18121,18128,False
ep12,119,353097,353097,meta,,4096,18129,18136,False
ep12,120,353102,353102,meta,,4096,18137,18144,False
ep12,121,353107,353107,meta,,4096,18145,18152,False
ep12,122,353112,353112,meta,,4096,18153,18160,False
ep12,123,353117,353117,meta,,4096,18161,18168,False
ep12,124,353122,353122,meta,,4096,18169,18176,False
ep12,125,353127,353127,meta,,4096,18177,18184,False
ep12,126,353132,353132,meta,,4096,18185,18192,False
ep12,127,353137,353137,meta,,4096,18193,18200,False
ep12,128,353142,353142,meta,,4096,18201,18208,False
ep12,129,353147,353147,meta,,4096,18209,18216,False
ep12,130,353152,353152,meta,,4096,18217,18224,False
ep12,131,353157,353157,meta,,4096,18225,18232,False
ep12,132,353163,353163,meta,,4096,18233,18240,False
ep12,133,353168,353168,meta,,4096,18241,18248,False
ep12,134,353173,353173,meta,,4096,18249,18256,False
ep12,135,353178,353178,meta,,4096,18257,18264,False
ep12,136,353183,353183,meta,,4096,18265,18272,False
ep12,137,353188,353188,meta,,4096,18273,18280,False
ep12,138,353194,353194,meta,,4096,18281,18288,False
ep12,139,353199,353199,meta,,4096,18289,18296,False
ep12,140,353204,353204,meta,,4096,18297,18304,False
ep12,141,353209,353209,meta,,4096,18305,18312,False
ep12,142,353214,353214,meta,,4096,18313,18320,False
ep12,143,353219,353219,meta,,4096,18321,18328,False
ep12,144,353224,353224,meta,,4096,18329,18336,False
ep12,145,353229,353229,meta,,4096,18337,18344,False
ep12,146,353234,353234,meta,,4096,18345,18352,False
ep12,147,353239,353239,meta,,4096,18353,18360,False
ep12,148,353244,353244,meta,,4096,18361,18368,False
ep12,149,353249,353249,meta,,4096,18369,18376,False
ep12,150,353254,353254,meta,,4096,18377,18384,False
ep12,151,353259,353259,meta,,4096,18385,18392,False
ep12,152,353264,353264,meta,,4096,18393,18400,False
ep12,153,353270,353270,meta,,4096,18401,18408,False
ep12,154,353275,353275,meta,,4096,18409,18416,False
ep12,155,353280,353280,meta,,4096,18417,18424,False
ep12,156,353285,353285,meta,,4096,18425,18432,False
ep12,157,353290,353290,meta,,4096,18433,18440,False
ep12,158,353295,353295,meta,,4096,18441,18448,False
ep12,159,353300,353300,meta,,4096,18449,18456,False
ep12,160,353305,353305,meta,,4096,18457,18464,False
ep12,161,353310,353310,meta,,4096,18465,18472,False
ep12,162,353315,353315,meta,,4096,18473,18480,False
ep12,163,353321,353321,meta,,4096,18481,18488,False
ep12,164,353326,353326,meta,,4096,18489,18496,False
ep12,165,353331,353331,meta,,4096,18497,18504,False
ep12,166,353336,353336,meta,,4096,18505,18512,False
ep13,0,357576,357576,meta,,4096,16945,16952,False
ep13,1,357595,357595,meta,,4096,16953,16960,False
ep13,2,357599,357599,meta,,4096,16961,16968,False
ep13,3,357602,357602,meta,,4096,16969,16976,False
ep13,4,357607,357607,meta,,4096,16705,16712,False
ep13,5,357610,357610,meta,,4096,16713,16720,False
ep13,6,357614,357614,meta,,4096,16721,16728,False
ep13,7,357631,357631,meta,,4096,16729,16736,False
ep13,8,357634,357634,meta,,4096,16737,16744,False
ep13,9,357638,357638,meta,,4096,16745,16752,False
ep13,10,357642,357642,meta,,4096,16753,16760,False
ep13,11,357646,357646,meta,,4096,16761,16768,False
ep13,12,357650,357650,meta,,4096,16769,16776,False
ep13,13,357654,357654,meta,,4096,16777,16784,False
ep13,14,357658,357658,meta,,4096,16785,16792,False
ep13,15,357662,357662,meta,,4096,16793,16800,False
ep13,16,357666,357666,meta,,4096,16801,16808,False
ep13,17,357670,357670,meta,,4096,16809,16816,False
ep13,18,357673,357673,meta,,4096,16817,16824,False
ep13,19,357677,357677,meta,,4096,16825,16832,False
ep13,20,357681,357681,meta,,4096,16833,16840,False
ep13,21,357685,357685,meta,,4096,16841,16848,False
ep13,22,357689,357689,meta,,4096,16849,16856,False
ep13,23,357693,357693,meta,,4096,16857,16864,False
ep13,24,357696,357696,meta,,4096,16865,16872,False
ep13,25,357700,357700,meta,,4096,16873,16880,False
ep13,26,357704,357704,meta,,4096,16881,16888,False
ep13,27,357708,357708,meta,,4096,16889,16896,False
ep13,28,357712,357712,meta,,4096,16897,16904,False
ep13,29,357716,357716,meta,,4096,16905,16912,False
ep13,30,357720,357720,meta,,4096,16913,16920,False
ep13,31,357724,357724,meta,,4096,16921,16928,False
ep13,32,357728,357728,meta,,4096,16929,16936,False
ep13,33,357732,357732,meta,,4096,16937,16944,False
ep13,34,357736,357736,meta,,4096,16465,16472,False
ep13,35,357753,357753,meta,,4096,16473,16480,False
ep13,36,357765,357765,meta,,4096,16481,16488,False
ep13,37,357783,357783,meta,,4096,16489,16496,False
ep13,38,357787,357787,meta,,4096,16497,16504,False
ep13,39,357791,357791,meta,,4096,16505,16512,False
ep13,40,357795,357795,meta,,4096,16513,16520,False
ep13,41,357798,357798,meta,,4096,16521,16528,False
ep13,42,357802,357802,meta,,4096,16529,16536,False
ep13,43,357806,357806,meta,,4096,16537,16544,False
ep13,44,357809,357809,meta,,4096,16545,16552,False
ep13,45,357813,357813,meta,,4096,16553,16560,False
ep13,46,357816,357816,meta,,4096,16561,16568,False
ep13,47,357820,357820,meta,,4096,16569,16576,False
ep13,48,357824,357824,meta,,4096,16577,16584,False
ep13,49,357827,357827,meta,,4096,16585,16592,False
ep13,50,357831,357831,meta,,4096,16593,16600,False
ep13,51,357835,357835,meta,,4096,16601,16608,False
ep13,52,357839,357839,meta,,4096,16609,16616,False
ep13,53,357843,357843,meta,,4096,16617,16624,False
ep13,54,357847,357847,meta,,4096,16625,16632,False
ep13,55,357851,357851,meta,,4096,16633,16640,False
ep13,56,357855,357855,meta,,4096,16641,16648,False
ep13,57,357858,357858,meta,,4096,16649,16656,False
ep13,58,357862,357862,meta,,4096,16657,16664,False
ep13,59,357866,357866,meta,,4096,16665,16672,False
ep13,60,357870,357870,meta,,4096,16673,16680,False
ep13,61,357874,357874,meta,,4096,16681,16688,False
ep13,62,357877,357877,meta,,4096,16689,16696,False
ep13,63,357881,357881,meta,,4096,16697,16704,False
ep13,64,357886,357886,meta,,4096,16977,16984,False
ep13,65,357905,357905,meta,,4096,16985,16992,False
ep13,66,357909,357909,meta,,4096,16993,17000,False
ep13,67,357913,357913,meta,,4096,17001,17008,False
ep13,68,357916,357916,meta,,4096,17009,17016,False
ep13,69,357920,357920,meta,,4096,17017,17024,False
ep13,70,357924,357924,meta,,4096,17025,17032,False
ep13,71,357928,357928,meta,,4096,17033,17040,False
ep13,72,357931,357931,meta,,4096,17041,17048,False
ep13,73,357935,357935,meta,,4096,17049,17056,False
ep13,74,357939,357939,meta,,4096,17057,17064,False
ep13,75,357942,357942,meta,,4096,17065,17072,False
ep13,76,357946,357946,meta,,4096,17073,17080,False
ep13,77,357949,357949,meta,,4096,17081,17088,False
ep13,78,357953,357953,meta,,4096,17089,17096,False
ep13,79,357957,357957,meta,,4096,17097,17104,False
ep13,80,357961,357961,meta,,4096,17105,17112,False
ep13,81,357964,357964,meta,,4096,17113,17120,False
ep13,82,357968,357968,meta,,4096,17121,17128,False
ep13,83,357972,357972,meta,,4096,17129,17136,False
ep13,84,357975,357975,meta,,4096,17137,17144,False
ep13,85,357979,357979,meta,,4096,17145,17152,False
ep13,86,357983,357983,meta,,4096,17153,17160,False
ep13,87,357987,357987,meta,,4096,17161,17168,False
ep13,88,357991,357991,meta,,4096,17169,17176,False
ep13,89,357994,357994,meta,,4096,17177,17184,False
ep13,90,357998,357998,meta,,4096,17185,17192,False
ep13,91,358002,358002,meta,,4096,17193,17200,False
ep13,92,358006,358006,meta,,4096,17201,17208,False
ep13,93,358010,358010,meta,,4096,17209,17216,False
ep13,94,358014,358014,meta,,4096,17217,17224,False
ep13,95,358018,358018,meta,,4096,17225,17232,False
ep13,96,358022,358022,meta,,4096,17233,17240,False
ep13,97,358026,358026,meta,,4096,17241,17248,False
ep13,98,358030,358030,meta,,4096,17249,17256,False
ep13,99,358033,358033,meta,,4096,17257,17264,False
ep13,100,358037,358037,meta,,4096,17265,17272,False
ep13,101,358041,358041,meta,,4096,17273,17280,False
ep13,102,358044,358044,meta,,4096,17281,17288,False
ep13,103,358048,358048,meta,,4096,17289,17296,False
ep13,104,358051,358051,meta,,4096,17297,17304,False
ep13,105,358055,358055,meta,,4096,17305,17312,False
ep13,106,358059,358059,meta,,4096,17313,17320,False
ep13,107,358063,358063,meta,,4096,17321,17328,False
ep13,108,358067,358067,meta,,4096,17329,17336,False
ep13,109,358071,358071,meta,,4096,17337,17344,False
ep13,110,358075,358075,meta,,4096,17345,17352,False
ep13,111,358079,358079,meta,,4096,17353,17360,False
ep13,112,358083,358083,meta,,4096,17361,17368,False
ep13,113,358086,358086,meta,,4096,17369,17376,False
ep13,114,358090,358090,meta,,4096,17377,17384,False
ep13,115,358093,358093,meta,,4096,17385,17392,False
ep13,116,358097,358097,meta,,4096,17393,17400,False
ep13,117,358101,358101,meta,,4096,17401,17408,False
ep13,118,358104,358104,meta,,4096,17409,17416,False
ep13,119,358108,358108,meta,,4096,17417,17424,False
ep13,120,358111,358111,meta,,4096,17425,17432,False
ep13,121,358115,358115,meta,,4096,17433,17440,False
ep13,122,358119,358119,meta,,4096,17441,17448,False
ep13,123,358123,358123,meta,,4096,17449,17456,False
ep13,124,358127,358127,meta,,4096,17457,17464,False
ep13,125,358131,358131,meta,,4096,17465,17472,False
ep13,126,358135,358135,meta,,4096,17473,17480,False
ep13,127,358138,358138,meta,,4096,17481,17488,False
ep14,0,404465,404465,meta,,4096,0,7,False
ep14,1,404484,404484,meta,,4096,0,7,False
ep14,2,404489,404489,meta,,4096,32,39,False
ep14,3,404493,404493,meta,,4096,40,47,False
ep14,4,404496,404496,meta,,4096,48,55,False
ep14,5,404500,404500,meta,,4096,56,63,False
ep14,6,404504,404504,meta,,4096,64,71,False
ep14,7,404509,404509,meta,,4096,8,15,False
ep14,8,404515,404515,meta,,4096,24,31,False
ep14,9,404519,404519,forward,19968,4096,120,127,True
ep14,10,404545,404545,meta,,4096,16,23,False
ep14,11,404549,404549,forward,24064,4096,128,135,True
ep14,12,404553,404553,forward,220672,4096,512,519,True
ep14,13,404558,404558,forward,2055680,4096,4096,4103,True
ep14,14,404572,404572,meta,,4096,0,7,False
ep14,15,404689,404689,meta,,512,0,0,False
ep14,16,404691,404691,meta,,4096,1,8,False
ep14,17,404696,404696,meta,,4096,9,16,False
ep14,18,404701,404701,meta,,4096,33,40,False
ep14,19,404705,404705,meta,,4096,41,48,False
ep14,20,404709,404709,meta,,4096,49,56,False
ep14,21,404713,404713,meta,,4096,57,64,False
ep14,22,404761,404761,meta,,512,1,1,False
ep14,23,404762,404762,meta,,512,2,2,False
ep14,24,404764,404764,meta,,2560,3,7,False
ep14,25,404768,404768,meta,,4096,32,39,False
ep14,26,404772,404772,meta,,4096,40,47,False
ep14,27,404776,404776,meta,,4096,48,55,False
ep14,28,404779,404779,meta,,4096,56,63,False
ep14,29,404783,404783,meta,,4096,64,71,False
ep14,30,404792,404792,meta,,4096,8,15,False
ep14,31,404802,404802,meta,,4096,24,31,False
ep14,32,404807,404807,forward,19968,4096,120,127,True
ep14,33,404812,404812,meta,,4096,16,23,False
ep14,34,404816,404816,forward,24064,4096,128,135,True
ep14,35,404821,404821,forward,220672,4096,512,519,True
ep14,36,404840,404840,forward,2055680,4096,4096,4103,True
ep14,37,404926,404926,meta,,4096,65,72,False
ep14,38,404932,404932,meta,,4096,73,80,False
ep14,39,404999,404999,meta,,4096,17489,17496,False
ep14,40,405018,405018,meta,,4096,17497,17504,False
ep14,41,405023,405023,meta,,4096,17505,17512,False
ep14,42,405028,405028,meta,,4096,17513,17520,False
ep14,43,405033,405033,meta,,4096,17521,17528,False
ep14,44,405039,405039,meta,,4096,17529,17536,False
ep14,45,405044,405044,meta,,4096,17537,17544,False
ep14,46,405049,405049,meta,,4096,17545,17552,False
ep14,47,405054,405054,meta,,4096,17553,17560,False
ep14,48,405059,405059,meta,,4096,17561,17568,False
ep14,49,405064,405064,meta,,4096,17569,17576,False
ep14,50,405069,405069,meta,,4096,17577,17584,False
ep14,51,405074,405074,meta,,4096,17585,17592,False
ep14,52,405079,405079,meta,,4096,17593,17600,False
ep14,53,405084,405084,meta,,4096,17601,17608,False
ep14,54,405089,405089,meta,,4096,17609,17616,False
ep14,55,405094,405094,meta,,4096,17617,17624,False
ep14,56,405100,405100,meta,,4096,17625,17632,False
ep14,57,405105,405105,meta,,4096,17633,17640,False
ep14,58,405110,405110,meta,,4096,17641,17648,False
ep14,59,405115,405115,meta,,4096,17649,17656,False
ep14,60,405120,405120,meta,,4096,17657,17664,False
ep14,61,405126,405126,meta,,4096,17665,17672,False
ep14,62,405131,405131,meta,,4096,17673,17680,False
ep14,63,405136,405136,meta,,4096,17681,17688,False
ep14,64,405141,405141,meta,,4096,17689,17696,False
ep14,65,405146,405146,meta,,4096,17697,17704,False
ep14,66,405151,405151,meta,,4096,17705,17712,False
ep14,67,405157,405157,meta,,4096,17713,17720,False
ep14,68,405162,405162,meta,,4096,17721,17728,False
ep14,69,405168,405168,meta,,4096,17729,17736,False
ep14,70,405173,405173,meta,,4096,17737,17744,False
ep14,71,405178,405178,meta,,4096,17745,17752,False
ep14,72,405183,405183,meta,,4096,17753,17760,False
ep14,73,405187,405187,meta,,4096,17761,17768,False
ep14,74,405193,405193,meta,,4096,17769,17776,False
ep14,75,405198,405198,meta,,4096,17777,17784,False
ep14,76,405203,405203,meta,,4096,17785,17792,False
ep14,77,405208,405208,meta,,4096,17793,17800,False
ep14,78,405213,405213,meta,,4096,17801,17808,False
ep14,79,405219,405219,meta,,4096,17809,17816,False
ep14,80,405224,405224,meta,,4096,17817,17824,False
ep14,81,405229,405229,meta,,4096,17825,17832,False
ep14,82,405234,405234,meta,,4096,17833,17840,False
ep14,83,405239,405239,meta,,4096,17841,17848,False
ep14,84,405244,405244,meta,,4096,17849,17856,False
ep14,85,405249,405249,meta,,4096,17857,17864,False
ep14,86,405254,405254,meta,,4096,17865,17872,False
ep14,87,405259,405259,meta,,4096,17873,17880,False
ep14,88,405264,405264,meta,,4096,17881,17888,False
ep14,89,405269,405269,meta,,4096,17889,17896,False
ep14,90,405274,405274,meta,,4096,17897,17904,False
ep14,91,405279,405279,meta,,4096,17905,17912,False
ep14,92,405284,405284,meta,,4096,17913,17920,False
ep14,93,405290,405290,meta,,4096,17921,17928,False
ep14,94,405295,405295,meta,,4096,17929,17936,False
ep14,95,405300,405300,meta,,4096,17937,17944,False
ep14,96,405305,405305,meta,,4096,17945,17952,False
ep14,97,405310,405310,meta,,4096,17953,17960,False
ep14,98,405316,405316,meta,,4096,17961,17968,False
ep14,99,405321,405321,meta,,4096,17969,17976,False
ep14,100,405326,405326,meta,,4096,17977,17984,False
ep14,101,405332,405332,meta,,4096,17985,17992,False
ep14,102,405337,405337,meta,,4096,17993,18000,False
ep14,103,405342,405342,meta,,4096,18001,18008,False
ep14,104,405347,405347,meta,,4096,18009,18016,False
ep14,105,405352,405352,meta,,4096,18017,18024,False
ep14,106,405357,405357,meta,,4096,18025,18032,False
ep14,107,405362,405362,meta,,4096,18033,18040,False
ep14,108,405367,405367,meta,,4096,18041,18048,False
ep14,109,405373,405373,meta,,4096,18049,18056,False
ep14,110,405378,405378,meta,,4096,18057,18064,False
ep14,111,405383,405383,meta,,4096,18065,18072,False
ep14,112,405388,405388,meta,,4096,18073,18080,False
ep14,113,405393,405393,meta,,4096,18081,18088,False
ep14,114,405398,405398,meta,,4096,18089,18096,False
ep14,115,405403,405403,meta,,4096,18097,18104,False
ep14,116,405408,405408,meta,,4096,18105,18112,False
ep14,117,405413,405413,meta,,4096,18113,18120,False
ep14,118,405418,405418,meta,,4096,18121,18128,False
ep14,119,405423,405423,meta,,4096,18129,18136,False
ep14,120,405428,405428,meta,,4096,18137,18144,False
ep14,121,405434,405434,meta,,4096,18145,18152,False
ep14,122,405439,405439,meta,,4096,18153,18160,False
ep14,123,405443,405443,meta,,4096,18161,18168,False
ep14,124,405449,405449,meta,,4096,18169,18176,False
ep14,125,405454,405454,meta,,4096,18177,18184,False
ep14,126,405459,405459,meta,,4096,18185,18192,False
ep14,127,405464,405464,meta,,4096,18193,18200,False
ep14,128,405469,405469,meta,,4096,18201,18208,False
ep14,129,405474,405474,meta,,4096,18209,18216,False
ep14,130,405479,405479,meta,,4096,18217,18224,False
ep14,131,405484,405484,meta,,4096,18225,18232,False
ep14,132,405489,405489,meta,,4096,18233,18240,False
ep14,133,405495,405495,meta,,4096,18241,18248,False
ep14,134,405500,405500,meta,,4096,18249,18256,False
ep14,135,405505,405505,meta,,4096,18257,18264,False
ep14,136,405510,405510,meta,,4096,18265,18272,False
ep14,137,405515,405515,meta,,4096,18273,18280,False
ep14,138,405520,405520,meta,,4096,18281,18288,False
ep14,139,405526,405526,meta,,4096,18289,18296,False
ep14,140,405531,405531,meta,,4096,18297,18304,False
ep14,141,405536,405536,meta,,4096,18305,18312,False
ep14,142,405541,405541,meta,,4096,18313,18320,False
ep14,143,405546,405546,meta,,4096,18321,18328,False
ep14,144,405551,405551,meta,,4096,18329,18336,False
ep14,145,405556,405556,meta,,4096,18337,18344,False
ep14,146,405561,405561,meta,,4096,18345,18352,False
ep14,147,405566,405566,meta,,4096,18353,18360,False
ep14,148,405572,405572,meta,,4096,18361,18368,False
ep14,149,405577,405577,meta,,4096,18369,18376,False
ep14,150,405582,405582,meta,,4096,18377,18384,False
ep14,151,405587,405587,meta,,4096,18385,18392,False
ep14,152,405592,405592,meta,,4096,18393,18400,False
ep14,153,405597,405597,meta,,4096,18401,18408,False
ep14,154,405602,405602,meta,,4096,18409,18416,False
ep14,155,405607,405607,meta,,4096,18417,18424,False
ep14,156,405612,405612,meta,,4096,18425,18432,False
ep14,157,405617,405617,meta,,4096,18433,18440,False
ep14,158,405622,405622,meta,,4096,18441,18448,False
ep14,159,405628,405628,meta,,4096,18449,18456,False
ep14,160,405633,405633,meta,,4096,18457,18464,False
ep14,161,405638,405638,meta,,4096,18465,18472,False
ep14,162,405643,405643,meta,,4096,18473,18480,False
ep14,163,405649,405649,meta,,4096,18481,18488,False
ep14,164,405654,405654,meta,,4096,18489,18496,False
ep14,165,405659,405659,meta,,4096,18497,18504,False
ep14,166,405664,405664,meta,,4096,18505,18512,False
ep15,0,426961,426986,forward,245760,16384,561,592,True
ep15,1,426991,427120,forward,122880,122880,321,560,True
ep15,2,427124,427262,forward,0,122880,81,320,True
ep15,3,427267,427285,forward,262144,8192,593,608,True
ep15,4,427372,427613,forward,360448,270336,785,1312,True
ep15,5,427617,427617,forward,8384512,4096,16457,16464,True
ep15,6,427625,427732,forward,786432,122880,1617,1856,True
ep15,7,427736,427876,forward,630784,155648,1313,1616,True
ep15,8,427881,428309,forward,909312,368640,1857,2576,True
ep15,9,428315,428731,forward,1851392,368640,3697,4416,True
ep15,10,428736,429176,forward,1277952,368640,2577,3296,True
ep15,11,429181,429592,forward,2220032,368640,4417,5136,True
ep15,12,429597,429848,forward,1646592,204800,3297,3696,True
ep15,13,429853,436788,forward,2588672,5586944,5137,16048,True
ep16,0,476151,476151,meta,,4096,0,7,False
ep16,1,476176,476176,meta,,4096,0,7,False
ep16,2,476182,476182,meta,,4096,32,39,False
ep16,3,476186,476186,meta,,4096,40,47,False
ep16,4,476190,476190,meta,,4096,48,55,False
ep16,5,476194,476194,meta,,4096,56,63,False
ep16,6,476198,476198,meta,,4096,64,71,False
ep16,7,476203,476203,meta,,4096,8,15,False
ep16,8,476210,476210,meta,,4096,24,31,False
ep16,9,476215,476215,forward,19968,4096,120,127,True
ep16,10,476235,476235,meta,,4096,16,23,False
ep16,11,476239,476239,forward,24064,4096,128,135,True
ep16,12,476243,476243,forward,220672,4096,512,519,True
ep16,13,476248,476248,forward,2055680,4096,4096,4103,True
ep16,14,476264,476264,meta,,4096,0,7,False
ep16,15,476377,476377,meta,,512,0,0,False
ep16,16,476379,476379,meta,,4096,1,8,False
ep16,17,476384,476384,meta,,4096,9,16,False
ep16,18,476388,476388,meta,,4096,33,40,False
ep16,19,476392,476392,meta,,4096,41,48,False
ep16,20,476396,476396,meta,,4096,49,56,False
ep16,21,476400,476400,meta,,4096,57,64,False
ep16,22,476436,476436,meta,,512,1,1,False
ep16,23,476437,476437,meta,,512,2,2,False
ep16,24,476438,476438,meta,,2560,3,7,False
ep16,25,476442,476442,meta,,4096,32,39,False
ep16,26,476446,476446,meta,,4096,40,47,False
ep16,27,476450,476450,meta,,4096,48,55,False
ep16,28,476454,476454,meta,,4096,56,63,False
ep16,29,476458,476458,meta,,4096,64,71,False
ep16,30,476465,476465,meta,,4096,8,15,False
ep16,31,476471,476471,meta,,4096,24,31,False
ep16,32,476476,476476,forward,19968,4096,120,127,True
ep16,33,476481,476481,meta,,4096,16,23,False
ep16,34,476487,476487,forward,24064,4096,128,135,True
ep16,35,476491,476491,forward,220672,4096,512,519,True
ep16,36,476510,476510,forward,2055680,4096,4096,4103,True
ep16,37,476580,476580,meta,,4096,65,72,False
ep16,38,476604,476604,meta,,4096,73,80,False
ep16,39,476673,476673,meta,,4096,17489,17496,False
ep16,40,476692,476692,meta,,4096,17497,17504,False
ep16,41,476697,476697,meta,,4096,17505,17512,False
ep16,42,476702,476702,meta,,4096,17513,17520,False
ep16,43,476708,476708,meta,,4096,17521,17528,False
ep16,44,476713,476713,meta,,4096,17529,17536,False
ep16,45,476718,476718,meta,,4096,17537,17544,False
ep16,46,476723,476723,meta,,4096,17545,17552,False
ep16,47,476728,476728,meta,,4096,17553,17560,False
ep16,48,476733,476733,meta,,4096,17561,17568,False
ep16,49,476738,476738,meta,,4096,17569,17576,False
ep16,50,476743,476743,meta,,4096,17577,17584,False
ep16,51,476748,476748,meta,,4096,17585,17592,False
ep16,52,476753,476753,meta,,4096,17593,17600,False
ep16,53,476758,476758,meta,,4096,17601,17608,False
ep16,54,476763,476763,meta,,4096,17609,17616,False
ep16,55,476768,476768,meta,,4096,17617,17624,False
ep16,56,476773,476773,meta,,4096,17625,17632,False
ep16,57,476778,476778,meta,,4096,17633,17640,False
ep16,58,476783,476783,meta,,4096,17641,17648,False
ep16,59,476788,476788,meta,,4096,17649,17656,False
ep16,60,476793,476793,meta,,4096,17657,17664,False
ep16,61,476798,476798,meta,,4096,17665,17672,False
ep16,62,476804,476804,meta,,4096,17673,17680,False
ep16,63,476809,476809,meta,,4096,17681,17688,False
ep16,64,476814,476814,meta,,4096,17689,17696,False
ep16,65,476819,476819,meta,,4096,17697,17704,False
ep16,66,476824,476824,meta,,4096,17705,17712,False
ep16,67,476829,476829,meta,,4096,17713,17720,False
ep16,68,476834,476834,meta,,4096,17721,17728,False
ep16,69,476840,476840,meta,,4096,17729,17736,False
ep16,70,476845,476845,meta,,4096,17737,17744,False
ep16,71,476850,476850,meta,,4096,17745,17752,False
ep16,72,476855,476855,meta,,4096,17753,17760,False
ep16,73,476860,476860,meta,,4096,17761,17768,False
ep16,74,476865,476865,meta,,4096,17769,17776,False
ep16,75,476870,476870,meta,,4096,17777,17784,False
ep16,76,476875,476875,meta,,4096,17785,17792,False
ep16,77,476881,476881,meta,,4096,17793,17800,False
ep16,78,476886,476886,meta,,4096,17801,17808,False
ep16,79,476891,476891,meta,,4096,17809,17816,False
ep16,80,476895,476895,meta,,4096,17817,17824,False
ep16,81,476900,476900,meta,,4096,17825,17832,False
ep16,82,476906,476906,meta,,4096,17833,17840,False
ep16,83,476911,476911,meta,,4096,17841,17848,False
ep16,84,476916,476916,meta,,4096,17849,17856,False
ep16,85,476921,476921,meta,,4096,17857,17864,False
ep16,86,476926,476926,meta,,4096,17865,17872,False
ep16,87,476932,476932,meta,,4096,17873,17880,False
ep16,88,476937,476937,meta,,4096,17881,17888,False
ep16,89,476942,476942,meta,,4096,17889,17896,False
ep16,90,476947,476947,meta,,4096,17897,17904,False
ep16,91,476952,476952,meta,,4096,17905,17912,False
ep16,92,476957,476957,meta,,4096,17913,17920,False
ep16,93,476962,476962,meta,,4096,17921,17928,False
ep16,94,476967,476967,meta,,4096,17929,17936,False
ep16,95,476972,476972,meta,,4096,17937,17944,False
ep16,96,476977,476977,meta,,4096,17945,17952,False
ep16,97,476982,476982,meta,,4096,17953,17960,False
ep16,98,476987,476987,meta,,4096,17961,17968,False
ep16,99,476993,476993,meta,,4096,17969,17976,False
ep16,100,476998,476998,meta,,4096,17977,17984,False
ep16,101,477003,477003,meta,,4096,17985,17992,False
ep16,102,477008,477008,meta,,4096,17993,18000,False
ep16,103,477014,477014,meta,,4096,18001,18008,False
ep16,104,477019,477019,meta,,4096,18009,18016,False
ep16,105,477024,477024,meta,,4096,18017,18024,False
ep16,106,477029,477029,meta,,4096,18025,18032,False
ep16,107,477034,477034,meta,,4096,18033,18040,False
ep16,108,477039,477039,meta,,4096,18041,18048,False
ep16,109,477044,477044,meta,,4096,18049,18056,False
ep16,110,477049,477049,meta,,4096,18057,18064,False
ep16,111,477054,477054,meta,,4096,18065,18072,False
ep16,112,477060,477060,meta,,4096,18073,18080,False
ep16,113,477065,477065,meta,,4096,18081,18088,False
ep16,114,477070,477070,meta,,4096,18089,18096,False
ep16,115,477075,477075,meta,,4096,18097,18104,False
ep16,116,477080,477080,meta,,4096,18105,18112,False
ep16,117,477085,477085,meta,,4096,18113,18120,False
ep16,118,477090,477090,meta,,4096,18121,18128,False
ep16,119,477095,477095,meta,,4096,18129,18136,False
ep16,120,477100,477100,meta,,4096,18137,18144,False
ep16,121,477105,477105,meta,,4096,18145,18152,False
ep16,122,477110,477110,meta,,4096,18153,18160,False
ep16,123,477115,477115,meta,,4096,18161,18168,False
ep16,124,477121,477121,meta,,4096,18169,18176,False
ep16,125,477126,477126,meta,,4096,18177,18184,False
ep16,126,477131,477131,meta,,4096,18185,18192,False
ep16,127,477136,477136,meta,,4096,18193,18200,False
ep16,128,477141,477141,meta,,4096,18201,18208,False
ep16,129,477146,477146,meta,,4096,18209,18216,False
ep16,130,477151,477151,meta,,4096,18217,18224,False
ep16,131,477156,477156,meta,,4096,18225,18232,False
ep16,132,477161,477161,meta,,4096,18233,18240,False
ep16,133,477168,477168,meta,,4096,18241,18248,False
ep16,134,477173,477173,meta,,4096,18249,18256,False
ep16,135,477178,477178,meta,,4096,18257,18264,False
ep16,136,477183,477183,meta,,4096,18265,18272,False
ep16,137,477188,477188,meta,,4096,18273,18280,False
ep16,138,477193,477193,meta,,4096,18281,18288,False
ep16,139,477198,477198,meta,,4096,18289,18296,False
ep16,140,477203,477203,meta,,4096,18297,18304,False
ep16,141,477208,477208,meta,,4096,18305,18312,False
ep16,142,477213,477213,meta,,4096,18313,18320,False
ep16,143,477218,477218,meta,,4096,18321,18328,False
ep16,144,477223,477223,meta,,4096,18329,18336,False
ep16,145,477228,477228,meta,,4096,18337,18344,False
ep16,146,477234,477234,meta,,4096,18345,18352,False
ep16,147,477239,477239,meta,,4096,18353,18360,False
ep16,148,477244,477244,meta,,4096,18361,18368,False
ep16,149,477249,477249,meta,,4096,18369,18376,False
ep16,150,477254,477254,meta,,4096,18377,18384,False
ep16,151,477259,477259,meta,,4096,18385,18392,False
ep16,152,477264,477264,meta,,4096,18393,18400,False
ep16,153,477269,477269,meta,,4096,18401,18408,False
ep16,154,477274,477274,meta,,4096,18409,18416,False
ep16,155,477279,477279,meta,,4096,18417,18424,False
ep16,156,477284,477284,meta,,4096,18425,18432,False
ep16,157,477290,477290,meta,,4096,18433,18440,False
ep16,158,477295,477295,meta,,4096,18441,18448,False
ep16,159,477300,477300,meta,,4096,18449,18456,False
ep16,160,477305,477305,meta,,4096,18457,18464,False
ep16,161,477310,477310,meta,,4096,18465,18472,False
ep16,162,477315,477315,meta,,4096,18473,18480,False
ep16,163,477320,477320,meta,,4096,18481,18488,False
ep16,164,477325,477325,meta,,4096,18489,18496,False
ep16,165,477330,477330,meta,,4096,18497,18504,False
ep16,166,477336,477336,meta,,4096,18505,18512,False
ep17,0,558422,558422,meta,,4096,16945,16952,False
ep17,1,558439,558439,meta,,4096,16953,16960,False
ep17,2,558443,558443,meta,,4096,16961,16968,False
ep17,3,558447,558447,meta,,4096,16969,16976,False
ep17,4,558451,558451,meta,,4096,16705,16712,False
ep17,5,558455,558455,meta,,4096,16713,16720,False
ep17,6,558459,558459,meta,,4096,16721,16728,False
ep17,7,558476,558476,meta,,4096,16729,16736,False
ep17,8,558480,558480,meta,,4096,16737,16744,False
ep17,9,558484,558484,meta,,4096,16745,16752,False
ep17,10,558488,558488,meta,,4096,16753,16760,False
ep17,11,558492,558492,meta,,4096,16761,16768,False
ep17,12,558496,558496,meta,,4096,16769,16776,False
ep17,13,558500,558500,meta,,4096,16777,16784,False
ep17,14,558504,558504,meta,,4096,16785,16792,False
ep17,15,558508,558508,meta,,4096,16793,16800,False
ep17,16,558511,558511,meta,,4096,16801,16808,False
ep17,17,558515,558515,meta,,4096,16809,16816,False
ep17,18,558519,558519,meta,,4096,16817,16824,False
ep17,19,558523,558523,meta,,4096,16825,16832,False
ep17,20,558526,558526,meta,,4096,16833,16840,False
ep17,21,558530,558530,meta,,4096,16841,16848,False
ep17,22,558534,558534,meta,,4096,16849,16856,False
ep17,23,558537,558537,meta,,4096,16857,16864,False
ep17,24,558541,558541,meta,,4096,16865,16872,False
ep17,25,558545,558545,meta,,4096,16873,16880,False
ep17,26,558549,558549,meta,,4096,16881,16888,False
ep17,27,558552,558552,meta,,4096,16889,16896,False
ep17,28,558556,558556,meta,,4096,16897,16904,False
ep17,29,558559,558559,meta,,4096,16905,16912,False
ep17,30,558563,558563,meta,,4096,16913,16920,False
ep17,31,558567,558567,meta,,4096,16921,16928,False
ep17,32,558570,558570,meta,,4096,16929,16936,False
ep17,33,558574,558574,meta,,4096,16937,16944,False
ep17,34,558578,558578,meta,,4096,16465,16472,False
ep17,35,558596,558596,meta,,4096,16473,16480,False
ep17,36,558649,558649,meta,,4096,16481,16488,False
ep17,37,558666,558666,meta,,4096,16489,16496,False
ep17,38,558670,558670,meta,,4096,16497,16504,False
ep17,39,558674,558674,meta,,4096,16505,16512,False
ep17,40,558678,558678,meta,,4096,16513,16520,False
ep17,41,558682,558682,meta,,4096,16521,16528,False
ep17,42,558685,558685,meta,,4096,16529,16536,False
ep17,43,558689,558689,meta,,4096,16537,16544,False
ep17,44,558693,558693,meta,,4096,16545,16552,False
ep17,45,558696,558696,meta,,4096,16553,16560,False
ep17,46,558700,558700,meta,,4096,16561,16568,False
ep17,47,558704,558704,meta,,4096,16569,16576,False
ep17,48,558707,558707,meta,,4096,16577,16584,False
ep17,49,558711,558711,meta,,4096,16585,16592,False
ep17,50,558714,558714,meta,,4096,16593,16600,False
ep17,51,558718,558718,meta,,4096,16601,16608,False
ep17,52,558722,558722,meta,,4096,16609,16616,False
ep17,53,558726,558726,meta,,4096,16617,16624,False
ep17,54,558730,558730,meta,,4096,16625,16632,False
ep17,55,558734,558734,meta,,4096,16633,16640,False
ep17,56,558737,558737,meta,,4096,16641,16648,False
ep17,57,558741,558741,meta,,4096,16649,16656,False
ep17,58,558745,558745,meta,,4096,16657,16664,False
ep17,59,558748,558748,meta,,4096,16665,16672,False
ep17,60,558752,558752,meta,,4096,16673,16680,False
ep17,61,558756,558756,meta,,4096,16681,16688,False
ep17,62,558760,558760,meta,,4096,16689,16696,False
ep17,63,558763,558763,meta,,4096,16697,16704,False
ep17,64,558768,558768,meta,,4096,16977,16984,False
ep17,65,558785,558785,meta,,4096,16985,16992,False
ep17,66,558789,558789,meta,,4096,16993,17000,False
ep17,67,558792,558792,meta,,4096,17001,17008,False
ep17,68,558796,558796,meta,,4096,17009,17016,False
ep17,69,558800,558800,meta,,4096,17017,17024,False
ep17,70,558804,558804,meta,,4096,17025,17032,False
ep17,71,558808,558808,meta,,4096,17033,17040,False
ep17,72,558812,558812,meta,,4096,17041,17048,False
ep17,73,558815,558815,meta,,4096,17049,17056,False
ep17,74,558819,558819,meta,,4096,17057,17064,False
ep17,75,558823,558823,meta,,4096,17065,17072,False
ep17,76,558827,558827,meta,,4096,17073,17080,False
ep17,77,558830,558830,meta,,4096,17081,17088,False
ep17,78,558834,558834,meta,,4096,17089,17096,False
ep17,79,558838,558838,meta,,4096,17097,17104,False
ep17,80,558841,558841,meta,,4096,17105,17112,False
ep17,81,558845,558845,meta,,4096,17113,17120,False
ep17,82,558849,558849,meta,,4096,17121,17128,False
ep17,83,558853,558853,meta,,4096,17129,17136,False
ep17,84,558857,558857,meta,,4096,17137,17144,False
ep17,85,558861,558861,meta,,4096,17145,17152,False
ep17,86,558865,558865,meta,,4096,17153,17160,False
ep17,87,558868,558868,meta,,4096,17161,17168,False
ep17,88,558872,558872,meta,,4096,17169,17176,False
ep17,89,558875,558875,meta,,4096,17177,17184,False
ep17,90,558879,558879,meta,,4096,17185,17192,False
ep17,91,558883,558883,meta,,4096,17193,17200,False
ep17,92,558886,558886,meta,,4096,17201,17208,False
ep17,93,558890,558890,meta,,4096,17209,17216,False
ep17,94,558894,558894,meta,,4096,17217,17224,False
ep17,95,558897,558897,meta,,4096,17225,17232,False
ep17,96,558901,558901,meta,,4096,17233,17240,False
ep17,97,558905,558905,meta,,4096,17241,17248,False
ep17,98,558909,558909,meta,,4096,17249,17256,False
ep17,99,558913,558913,meta,,4096,17257,17264,False
ep17,100,558916,558916,meta,,4096,17265,17272,False
ep17,101,558920,558920,meta,,4096,17273,17280,False
ep17,102,558924,558924,meta,,4096,17281,17288,False
ep17,103,558927,558927,meta,,4096,17289,17296,False
ep17,104,558931,558931,meta,,4096,17297,17304,False
ep17,105,558935,558935,meta,,4096,17305,17312,False
ep17,106,558939,558939,meta,,4096,17313,17320,False
ep17,107,558942,558942,meta,,4096,17321,17328,False
ep17,108,558946,558946,meta,,4096,17329,17336,False
ep17,109,558950,558950,meta,,4096,17337,17344,False
ep17,110,558953,558953,meta,,4096,17345,17352,False
ep17,111,558957,558957,meta,,4096,17353,17360,False
ep17,112,558961,558961,meta,,4096,17361,17368,False
ep17,113,558965,558965,meta,,4096,17369,17376,False
ep17,114,558969,558969,meta,,4096,17377,17384,False
ep17,115,558972,558972,meta,,4096,17385,17392,False
ep17,116,558976,558976,meta,,4096,17393,17400,False
ep17,117,558980,558980,meta,,4096,17401,17408,False
ep17,118,558984,558984,meta,,4096,17409,17416,False
ep17,119,558987,558987,meta,,4096,17417,17424,False
ep17,120,558991,558991,meta,,4096,17425,17432,False
ep17,121,558995,558995,meta,,4096,17433,17440,False
ep17,122,558998,558998,meta,,4096,17441,17448,False
ep17,123,559002,559002,meta,,4096,17449,17456,False
ep17,124,559006,559006,meta,,4096,17457,17464,False
ep17,125,559010,559010,meta,,4096,17465,17472,False
ep17,126,559014,559014,meta,,4096,17473,17480,False
ep17,127,559017,559017,meta,,4096,17481,17488,False
